ep1
Train step Loss: [6.216368675231934, 6.210811614990234, 6.207354545593262, 6.2036309242248535, 6.19566535949707, 6.194544792175293, 6.1809797286987305, 6.175658226013184, 6.172575950622559, 6.1689019203186035, 6.154292106628418, 6.144068241119385, 6.129593849182129, 6.102863311767578, 6.110867023468018, 6.092942237854004, 6.07828950881958, 6.043115139007568, 6.0222272872924805, 6.022132396697998, 6.01673698425293, 5.976893901824951, 5.955962657928467, 5.941439151763916, 5.897214412689209, 5.875561714172363, 5.852148532867432, 5.818544387817383, 5.811118125915527, 5.791441917419434, 5.714509010314941, 5.735076427459717, 5.7397847175598145, 5.684302806854248, 5.7058024406433105, 5.661129951477051, 5.642374038696289, 5.610967636108398, 5.65235710144043, 5.629805088043213, 5.607059478759766, 5.609857082366943, 5.501282215118408, 5.5157999992370605, 5.605259418487549, 5.538088321685791, 5.516287803649902, 5.536870956420898, 5.491421222686768, 5.59877872467041, 5.44776725769043, 5.550703525543213, 5.489855766296387, 5.439270973205566, 5.477353572845459, 5.478791236877441, 5.417771339416504, 5.416650772094727, 5.494798183441162, 5.367732048034668, 5.4984259605407715, 5.466308116912842, 5.402248859405518]
val step Loss: [5.712345600128174, 5.617794036865234, 5.641665458679199, 5.694428443908691, 5.648268699645996, 5.666339874267578, 5.641910552978516, 5.647254467010498, 5.755376815795898, 5.634206295013428, 5.732391834259033, 5.647465229034424, 5.6681318283081055, 5.634039878845215, 5.654500961303711, 5.7293524742126465]
Train step Accs: [0.00159383716296985, 0.0017123287671232876, 0.001628423390081421, 0.007252215954875101, 0.005324365980103685, 0.026390465380249715, 0.04737154737154737, 0.043410852713178294, 0.04060848266082248, 0.04916087472452958, 0.059886828041496386, 0.04796573875802998, 0.03761091246192557, 0.05723815877251501, 0.025780578630764824, 0.0398406374501992, 0.02986022871664549, 0.03910191725529768, 0.03374777975133215, 0.03608586856315027, 0.024126586244712516, 0.03257942918686053, 0.027788649706457925, 0.027201346045989904, 0.02919203099059214, 0.029146537842190016, 0.03490423387096774, 0.049508043104794626, 0.03693887692562531, 0.030332544872686797, 0.0628722700198544, 0.03285787060621498, 0.02407566638005159, 0.053145647802355644, 0.04016521862982481, 0.03653460767689225, 0.0432550178932628, 0.05055469737396433, 0.028929188255613126, 0.022111582955044663, 0.03, 0.026629509211952316, 0.054917692626919354, 0.05053661187338677, 0.028140229523659802, 0.03819759160947818, 0.03635526921306949, 0.03413709021945272, 0.03654850233580654, 0.024193548387096774, 0.04461457233368532, 0.022029778182923124, 0.036851683348498636, 0.04334455996485576, 0.03683083511777302, 0.02291448255204433, 0.047187880898485114, 0.0337546468401487, 0.02507462686567164, 0.05188536953242836, 0.023507355062013267, 0.030918881361820392, 0.031071655041217502]
val step Accs: [0.007415931466564378, 0.011725067385444744, 0.0075570411277430605, 0.005523408732246186, 0.019063896923481462, 0.018710493046776234, 0.016308568470100957, 0.0015727766657134686, 0.0010464355788096795, 0.01238390092879257, 0.005626344530862155, 0.02033476276110112, 0.007147673634524612, 0.020533095268460654, 0.011216963736939152, 0.010717896865520727]
Preds: [63, 63, 63, 63, 63, 63, 63, 63, 63, 63, 63, 63, 63, 63, 63, 63, 63, 63, 63, 63, 63, 63, 63, 63, 63, 63, 63, 63, 63, 63, 63, 63, 63, 63, 63, 63, 63, 63, 63, 63, 63, 63, 63, 63, 63, 63, 63, 63, 63, 63, 63, 63, 63, 63, 63, 63, 63, 63, 63, 63, 63, 63, 63, 63, 63, 63, 63, 63, 63, 63, 63, 63, 63, 63, 63, 63, 63, 63, 63, 63, 63, 63, 63, 63, 63, 63, 63, 63, 63, 63, 63, 63, 63, 63, 63, 63, 63, 63, 63, 63, 63, 63, 63, 63, 63, 63, 63, 63, 63, 63, 63, 63, 63, 63, 63, 63, 63, 63, 63, 63, 63, 63, 63, 63, 63, 63, 63, 63, 63, 63, 63, 63, 63, 63, 63, 63, 63, 63, 63, 63, 63, 63, 63, 63, 63, 63, 63, 63, 63, 63, 63, 63, 63, 63, 63, 63, 63, 63, 63, 63, 63, 63, 63, 63, 63, 63, 63, 63, 63, 63, 63, 63, 63, 63, 63, 63, 63, 63, 63, 63, 63, 63, 63, 63, 63, 63, 63, 63, 63, 63, 63, 63, 63, 63, 63, 63, 63, 63, 63, 63, 63, 63, 63, 63, 63, 63, 63, 63, 63, 63, 63, 63, 63, 63, 63, 63, 63, 63, 63, 63, 63, 63, 63, 63, 63, 63, 63, 63, 63, 63, 63, 63, 63, 63, 63, 63, 63, 63, 63, 63, 63, 63, 63, 63, 63, 63, 63, 63, 63, 63, 63, 63, 63, 63, 63, 63, 63, 63, 63, 63, 63, 63, 63, 63, 63, 63, 63, 63, 63, 63, 63, 63, 63, 63, 63, 63, 63, 63, 63, 63, 63, 63, 63, 63, 63, 63, 63, 63, 63, 63, 63, 63, 63, 63, 63, 63, 63, 63, 63, 63, 63, 63, 63, 63, 63, 63, 63, 63, 63, 63, 63, 63, 63, 63, 63, 63, 63, 63, 63, 63, 63, 63, 63, 63, 63, 63, 63, 63, 63, 63, 63, 63, 63, 63, 63, 63, 63, 63, 63, 63, 63, 63, 63, 63, 63, 63, 63, 63, 63, 63, 63, 63, 63, 63, 63, 63, 63, 63, 63, 63, 63, 63, 63, 63, 63, 63, 63, 63, 63, 63, 63, 63, 63, 63, 63, 63, 63, 63, 63, 63, 63, 63, 63, 63, 63, 63, 63, 63, 63, 63, 63, 63, 63, 63, 63, 63, 63, 63, 63, 63, 63, 63, 63, 63, 63, 63, 63, 63, 63, 63, 63, 63, 63, 63, 63, 63, 63, 63, 63, 63, 63, 63, 63, 63, 63, 63, 63, 63, 63, 63, 63, 63, 63, 63, 63, 63, 63, 63, 63, 63, 63, 63, 63, 63, 63, 63, 63, 63, 63, 63, 63, 63, 63, 63, 63, 63, 63, 63, 63, 63, 63, 63, 63, 63, 63, 63, 63, 63, 63, 63, 63, 63, 63, 63, 63, 63, 63, 63, 63, 63, 63, 63, 63, 63, 63, 63, 63, 63, 63, 63, 63, 63, 63, 63, 63, 63, 63, 63, 63, 63, 63, 63, 63, 63, 63, 63, 63, 63, 63, 63, 63, 63, 63, 63, 63, 63, 63, 63, 63, 63, 63, 63, 63, 63, 63, 63, 63, 63, 63, 63, 63, 63, 63, 63, 63, 63, 63, 63, 63, 63, 63, 63, 63, 63, 63, 63, 63, 63, 63, 63, 63, 63, 63, 63, 63, 63, 63, 63, 63, 63, 63, 63, 63, 63, 63, 63, 63, 63, 63, 63, 63, 63, 63, 63, 63, 63, 63, 63, 63, 63, 63, 63, 63, 63, 63, 63, 63, 63, 63, 63, 63, 63, 63, 63, 63, 63, 63, 63, 63, 63]

ep2
Train step Loss: [5.441827774047852, 5.446420669555664, 5.4850850105285645, 5.35369873046875, 5.438431739807129, 5.382569313049316, 5.376135349273682, 5.423946380615234, 5.454892158508301, 5.402068614959717, 5.449194431304932, 5.454980373382568, 5.336752891540527, 5.4053053855896, 5.435708045959473, 5.382452964782715, 5.34827995300293, 5.472779750823975, 5.372890949249268, 5.419834613800049, 5.430111885070801, 5.369256019592285, 5.402185440063477, 5.316075801849365, 5.381374359130859, 5.3339715003967285, 5.284478664398193, 5.300515174865723, 5.358675956726074, 5.370491981506348, 5.3642964363098145, 5.3496856689453125, 5.374090194702148, 5.302149295806885, 5.355720520019531, 5.344308853149414, 5.398987293243408, 5.388069152832031, 5.338395118713379, 5.344427108764648, 5.334561347961426, 5.365066051483154, 5.324111461639404, 5.259506702423096, 5.286749839782715, 5.434542655944824, 5.297059535980225, 5.303888320922852, 5.318903923034668, 5.267843723297119, 5.281293869018555, 5.371971130371094, 5.363332748413086, 5.379422187805176, 5.266660213470459, 5.244713306427002, 5.298834800720215, 5.401978492736816, 5.152132511138916, 5.216563701629639, 5.323648929595947, 5.220097541809082, 5.358650207519531]
val step Loss: [5.618309497833252, 5.588903427124023, 5.610363960266113, 5.580428123474121, 5.637704372406006, 5.483335494995117, 5.615053653717041, 5.613206386566162, 5.643672943115234, 5.591392993927002, 5.588019847869873, 5.548938274383545, 5.525839805603027, 5.535857677459717, 5.52386999130249, 5.516139984130859]
Train step Accs: [0.02409097710609008, 0.02511198588299172, 0.029780085522296884, 0.055755677368833204, 0.02100442198357549, 0.054375417501670006, 0.04059664770106105, 0.021936864633493848, 0.017246253887475263, 0.033938320790910435, 0.02516175413371675, 0.021243361449547016, 0.04666436225371587, 0.028352379574714308, 0.030356878424403967, 0.03837798696596669, 0.03561076604554866, 0.010824463287028685, 0.05243140450964412, 0.030467899891186073, 0.022592933140680414, 0.032708177044261065, 0.022960980419777434, 0.038149115172613865, 0.026319454115025762, 0.043668122270742356, 0.06330516692062613, 0.04325734688272453, 0.040012217470983505, 0.04067321178120617, 0.025195365130692534, 0.03945392491467577, 0.03178969891487086, 0.050813765685178286, 0.03825301204819277, 0.0457526795712686, 0.029607250755287008, 0.031163130943672276, 0.041432077378374475, 0.03379932755264555, 0.03755163349605708, 0.034358330718544085, 0.02869384575434952, 0.04854368932038835, 0.04364534724128465, 0.013547954393024815, 0.042265193370165745, 0.03506350082827167, 0.02676205617382088, 0.051801131289074126, 0.03712837374982875, 0.025929899856938485, 0.030627456294890908, 0.022841051314142678, 0.041238471673254284, 0.0614406779661017, 0.03624312508813989, 0.022214854111405835, 0.07701880530973451, 0.04952867870266816, 0.04643499101258238, 0.04570329832864961, 0.036937742031575814]
val step Accs: [0.01547584610934336, 0.024174279690794095, 0.01699575106223444, 0.019220642443391257, 0.013229263130043656, 0.04037822642473805, 0.01547947002492457, 0.020347097546379412, 0.017593244194229415, 0.024115956516306384, 0.01930596285434995, 0.027448794761042217, 0.033903529049160115, 0.028563836853992296, 0.024308720753570344, 0.03431570448122729]
Preds: [63, 63, 63, 392, 392, 392, 392, 392, 392, 392, 392, 392, 246, 246, 246, 246, 246, 246, 246, 246, 246, 392, 392, 392, 392, 392, 392, 392, 392, 392, 392, 392, 392, 392, 392, 392, 392, 392, 392, 392, 392, 392, 392, 392, 392, 392, 392, 392, 392, 392, 392, 392, 392, 392, 392, 392, 392, 392, 392, 392, 392, 392, 392, 392, 392, 392, 392, 392, 392, 392, 392, 392, 392, 392, 392, 392, 392, 392, 392, 392, 392, 392, 392, 392, 392, 392, 392, 392, 392, 392, 392, 392, 392, 392, 392, 392, 392, 392, 392, 392, 392, 392, 392, 392, 392, 392, 392, 392, 63, 63, 63, 63, 63, 63, 63, 63, 63, 63, 392, 392, 392, 392, 392, 392, 392, 392, 63, 63, 63, 63, 63, 63, 63, 63, 63, 63, 63, 63, 63, 63, 63, 63, 63, 63, 63, 63, 63, 63, 63, 63, 63, 63, 392, 392, 392, 392, 392, 392, 392, 392, 392, 392, 392, 392, 392, 392, 392, 392, 392, 392, 392, 63, 63, 392, 392, 392, 392, 392, 392, 392, 392, 392, 392, 392, 392, 392, 392, 392, 392, 392, 392, 392, 392, 392, 392, 392, 392, 392, 392, 392, 392, 392, 392, 392, 392, 392, 392, 392, 392, 392, 392, 392, 392, 392, 392, 392, 392, 392, 392, 392, 392, 392, 392, 392, 392, 392, 392, 392, 392, 392, 392, 392, 392, 392, 392, 392, 392, 392, 63, 63, 63, 63, 63, 63, 63, 392, 392, 392, 392, 392, 392, 392, 392, 392, 392, 392, 392, 63, 63, 63, 63, 63, 63, 63, 63, 63, 63, 63, 63, 63, 63, 63, 63, 63, 63, 63, 63, 63, 63, 63, 392, 392, 392, 392, 392, 392, 392, 392, 392, 392, 392, 392, 392, 392, 392, 392, 392, 392, 392, 392, 392, 392, 392, 392, 392, 392, 392, 392, 392, 392, 392, 392, 392, 392, 392, 392, 392, 392, 392, 392, 392, 392, 392, 392, 392, 392, 392, 392, 392, 392, 392, 392, 392, 392, 392, 392, 392, 392, 392, 392, 392, 392, 392, 392, 392, 392, 392, 392, 392, 392, 392, 392, 392, 392, 392, 392, 392, 392, 392, 392, 63, 63, 63, 63, 63, 63, 63, 63, 63, 63, 63, 63, 63, 63, 63, 63, 63, 63, 63, 63, 63, 63, 63, 63, 63, 63, 63, 63, 392, 392, 392, 392, 392, 392, 392, 392, 392, 392, 392, 392, 392, 392, 392, 392, 392, 392, 392, 392, 392, 392, 392, 392, 392, 392, 392, 392, 392, 392, 392, 392, 392, 392, 392, 392, 392, 392, 392, 392, 392, 392, 392, 392, 392, 392, 392, 392, 392, 392, 392, 392, 392, 392, 392, 392, 392, 392, 392, 392, 392, 392, 392, 392, 392, 392, 392, 392, 392, 392, 392, 392, 392, 392, 392, 392, 392, 392, 392, 392, 392, 392, 392, 392, 392, 392, 392, 392, 392, 392, 392, 392, 392, 392, 63, 63, 63, 63, 63, 63, 63, 63, 63, 63, 63, 63, 63, 63, 63, 392, 392, 392, 392, 392, 392, 392, 392, 246, 246, 246, 246, 246, 246, 392, 392, 392, 392, 392, 392, 392, 392, 392, 392, 392, 392, 392, 392, 392, 392, 392, 392, 392, 392, 392, 392, 392, 392, 392, 392, 392, 392, 392, 392, 392, 392, 392, 63, 63, 63, 63, 63, 63, 63, 63, 63, 63, 63, 63, 63, 63, 63, 63, 63, 63, 63, 63, 63, 63, 63, 63, 63, 63, 63, 63, 63, 63, 63, 63, 63, 63, 63, 63, 63, 63, 63, 63, 63, 63, 63, 63, 63, 63, 63, 63, 63, 63, 63, 63, 63, 63, 63, 63]

ep3
Train step Loss: [5.330283164978027, 5.1736650466918945, 5.227893829345703, 5.198288917541504, 5.27987813949585, 5.26639986038208, 5.260374546051025, 5.290741443634033, 5.345632553100586, 5.312762260437012, 5.153576850891113, 5.27841329574585, 5.331883907318115, 5.2720046043396, 5.346414566040039, 5.2752299308776855, 5.096607685089111, 5.190560817718506, 5.3074822425842285, 5.243555068969727, 5.162833213806152, 5.1045098304748535, 5.166507720947266, 5.228452682495117, 5.297513008117676, 5.240484714508057, 5.271872043609619, 5.1575140953063965, 5.150119304656982, 5.157266616821289, 5.097825527191162, 5.222492694854736, 5.225664138793945, 5.157436370849609, 5.1883063316345215, 5.200021266937256, 5.249754428863525, 5.1381683349609375, 5.062574863433838, 5.161621570587158, 5.18375301361084, 5.125400543212891, 5.207922458648682, 5.246832370758057, 5.019419193267822, 5.111965179443359, 5.090259075164795, 5.122509002685547, 5.192243576049805, 5.147510051727295, 5.315565586090088, 5.094234943389893, 5.175200939178467, 5.027997016906738, 5.147032260894775, 5.109774112701416, 5.251784801483154, 5.0772833824157715, 5.081962585449219, 5.120462894439697, 5.170295238494873, 5.070832252502441, 5.0477705001831055]
val step Loss: [5.460135459899902, 5.378387451171875, 5.433601379394531, 5.423654556274414, 5.517231464385986, 5.47571325302124, 5.471794605255127, 5.350727081298828, 5.531463623046875, 5.489107131958008, 5.466141223907471, 5.497640132904053, 5.483121395111084, 5.370710849761963, 5.451371192932129, 5.462157726287842]
Train step Accs: [0.04109777961660461, 0.06420523958191937, 0.049853762297261364, 0.07180993059263215, 0.05728754549770533, 0.06085391787992802, 0.05819658264253087, 0.0509852987175477, 0.04224954076586124, 0.04280484370599831, 0.08166475972540045, 0.058755594052259275, 0.05319148936170213, 0.06051797040169133, 0.05250677506775068, 0.07047071702244116, 0.10405048429703552, 0.07888174301089382, 0.06289428407570254, 0.05555555555555555, 0.06644324639370537, 0.0871512669567443, 0.07282787498130701, 0.06196363636363637, 0.03885929175806957, 0.05943379637770353, 0.04763832658569501, 0.07001093920925144, 0.0572976054732041, 0.07032520325203252, 0.07828401440425865, 0.05024813895781638, 0.055834378920953574, 0.08045504385964912, 0.06851137421843821, 0.05672554347826087, 0.05723760092272203, 0.06827701759285115, 0.0822810049182507, 0.0659536541889483, 0.06365007541478129, 0.07549522094472919, 0.05706450770436145, 0.05448717948717949, 0.09886919315403422, 0.07015574575557738, 0.07756003312172233, 0.06286594761171033, 0.05604275143875034, 0.0623902983883836, 0.04415991638359028, 0.08455013210958143, 0.06961937716262975, 0.1005251312828207, 0.06748872977989923, 0.07579286866153019, 0.05339943342776204, 0.07482098494812217, 0.07822902796271637, 0.08452413049339444, 0.0590359554090124, 0.07452047693105236, 0.08468574800826202]
val step Accs: [0.04332536221690814, 0.05194805194805195, 0.051951408632721637, 0.05043050430504305, 0.032389845345783486, 0.035201242396790476, 0.03411848679514633, 0.05671191553544495, 0.03628617599529896, 0.03897451096621221, 0.04834996162701458, 0.042934455802766086, 0.033681462140992165, 0.04899551958375488, 0.04212454212454213, 0.04440069991251094]
Preds: [17, 17, 213, 246, 246, 246, 246, 246, 246, 246, 246, 246, 246, 246, 246, 246, 246, 246, 246, 246, 246, 246, 246, 246, 246, 246, 246, 246, 246, 246, 414, 414, 414, 414, 414, 414, 414, 246, 246, 246, 246, 246, 246, 246, 246, 246, 246, 246, 246, 246, 246, 246, 246, 246, 246, 246, 246, 246, 246, 246, 246, 246, 246, 246, 246, 246, 246, 246, 414, 414, 414, 246, 246, 246, 246, 246, 246, 246, 246, 246, 246, 246, 246, 246, 246, 246, 246, 246, 246, 246, 246, 246, 246, 246, 246, 246, 246, 246, 246, 246, 246, 246, 246, 246, 246, 246, 246, 246, 246, 246, 246, 246, 246, 246, 246, 246, 246, 246, 246, 246, 246, 246, 246, 246, 246, 414, 414, 414, 414, 246, 246, 246, 246, 246, 246, 246, 246, 246, 246, 246, 246, 246, 246, 246, 246, 246, 246, 246, 246, 246, 246, 414, 414, 414, 414, 414, 414, 414, 392, 392, 392, 392, 392, 392, 392, 392, 392, 392, 392, 392, 392, 392, 392, 392, 392, 392, 392, 392, 392, 392, 392, 392, 392, 392, 392, 392, 392, 392, 392, 392, 392, 392, 392, 392, 392, 392, 392, 392, 392, 392, 392, 392, 392, 392, 392, 392, 392, 392, 392, 392, 392, 392, 392, 392, 392, 392, 392, 392, 392, 392, 392, 392, 392, 392, 392, 392, 392, 392, 392, 392, 392, 392, 392, 392, 392, 392, 392, 392, 392, 392, 392, 392, 392, 392, 392, 392, 392, 392, 392, 392, 392, 392, 392, 392, 392, 392, 392, 392, 392, 392, 392, 392, 392, 392, 392, 392, 392, 392, 392, 392, 392, 392, 392, 392, 392, 392, 392, 392, 392, 392, 392, 392, 392, 392, 392, 392, 392, 392, 392, 392, 392, 392, 392, 392, 392, 392, 392, 392, 392, 392, 392, 392, 392, 392, 392, 392, 392, 392, 392, 392, 392, 392, 392, 392, 392, 392, 392, 392, 392, 392, 392, 392, 392, 392, 392, 392, 392, 392, 392, 392, 392, 392, 392, 392, 392, 392, 392, 392, 392, 392, 392, 392, 392, 392, 392, 392, 392, 392, 392, 392, 392, 392, 392, 392, 392, 392, 392, 392, 392, 392, 392, 392, 392, 392, 392, 392, 392, 392, 392, 392, 392, 392, 392, 392, 392, 392, 392, 392, 392, 392, 392, 392, 392, 392, 392, 392, 392, 392, 392, 392, 392, 392, 392, 392, 392, 392, 392, 392, 392, 392, 392, 392, 392, 392, 392, 392, 392, 392, 392, 392, 392, 392, 392, 392, 392, 392, 392, 392, 392, 392, 392, 392, 392, 392, 392, 392, 392, 392, 392, 392, 392, 392, 392, 392, 392, 392, 392, 392, 392, 392, 392, 392, 392, 392, 392, 392, 392, 392, 392, 392, 392, 392, 392, 392, 392, 392, 392, 392, 392, 392, 392, 392, 392, 392, 392, 392, 392, 392, 392, 392, 392, 392, 392, 392, 392, 392, 392, 392, 392, 392, 392, 392, 392, 392, 392, 392, 392, 392, 392, 392, 392, 392, 392, 392, 392, 392, 392, 392, 392, 392, 392, 392, 392, 392, 392, 392, 392, 392, 392, 392, 392, 392, 392, 392, 392, 392, 392, 392, 392, 392, 392, 392, 392, 392, 392, 392, 392, 392, 392, 392, 392, 392, 392, 392, 392, 392, 392, 392, 392, 392, 392, 392, 392, 392, 392, 392, 392, 392, 392, 392, 392, 392, 392, 392, 392, 392, 392, 392, 392, 392, 392, 392, 392, 392, 392, 392, 392, 392, 392, 392, 392, 392, 392, 392, 392, 392, 392, 392, 392, 392, 392, 392, 392, 392, 392, 392, 392, 392, 392, 392, 392, 392, 392, 392, 392, 392, 392, 392, 392, 392]

ep4
Train step Loss: [5.069796562194824, 5.1120405197143555, 5.062816619873047, 4.984836578369141, 5.038730621337891, 5.155557155609131, 5.016960144042969, 5.0345377922058105, 5.129731178283691, 4.980443000793457, 5.050291538238525, 4.957090377807617, 5.139009952545166, 5.008989334106445, 5.0425801277160645, 5.127858638763428, 5.122312068939209, 5.022914409637451, 5.070813179016113, 4.925410747528076, 5.144902229309082, 5.019139289855957, 5.007796287536621, 5.093737602233887, 5.0560712814331055, 4.996888637542725, 5.059638023376465, 5.000006198883057, 5.002014636993408, 4.906857967376709, 5.032140731811523, 4.89530611038208, 5.095536708831787, 5.047805309295654, 4.950672626495361, 4.991671562194824, 5.031735897064209, 4.9953227043151855, 5.069936275482178, 4.920958042144775, 5.077480792999268, 4.965670108795166, 4.9331488609313965, 4.956490516662598, 5.028083801269531, 4.889462947845459, 4.991621494293213, 4.969555854797363, 5.00633430480957, 4.907096862792969, 5.091473579406738, 4.936835765838623, 5.006763458251953, 4.989478588104248, 4.949769020080566, 5.015806198120117, 4.873809337615967, 4.9764556884765625, 4.938370227813721, 4.930297374725342, 4.907934188842773, 4.901244640350342, 4.937957763671875]
val step Loss: [5.217714786529541, 5.307132720947266, 5.3050537109375, 5.323325157165527, 5.272043704986572, 5.375341415405273, 5.190439701080322, 5.284283638000488, 5.343148231506348, 5.32149600982666, 5.2305521965026855, 5.313398361206055, 5.307485103607178, 5.328472137451172, 5.334300994873047, 5.235027313232422]
Train step Accs: [0.0788915808600848, 0.07086847166740642, 0.09506988173859622, 0.09307604994324631, 0.09608143912982847, 0.0767487963749646, 0.0927457842825326, 0.08642149929278642, 0.07011710279022698, 0.0924847664184157, 0.08339298496778812, 0.09287375188072768, 0.07416024429256944, 0.08501732101616628, 0.08051676888946888, 0.07050019692792438, 0.07822085889570553, 0.08326884383222412, 0.07157735277409581, 0.09312932175959983, 0.05811911224652722, 0.07173447537473233, 0.07858363099860227, 0.08176382660687594, 0.09137652416629939, 0.10252100840336134, 0.08165861104044772, 0.09851632047477744, 0.09566935616663923, 0.11609122584732341, 0.0836760743156999, 0.09237461617195497, 0.06678641410842587, 0.07676602694977541, 0.10229055538123627, 0.09218436873747494, 0.0774280424171015, 0.08168083097261568, 0.07529089664613278, 0.10784620193810565, 0.08070757324488667, 0.08821315670630739, 0.0945837780149413, 0.09922050469018365, 0.08377037562012757, 0.11107410491257286, 0.07493677625449222, 0.08468887167570359, 0.09215423552181033, 0.10045292785506309, 0.07603215696961439, 0.09627515770501652, 0.07050561797752809, 0.08701099819017123, 0.09310746152851417, 0.08621586475942783, 0.11201150176447523, 0.08777337443123441, 0.08573853989813243, 0.10404875925119722, 0.08520880972439523, 0.10429252782193958, 0.09616026711185309]
val step Accs: [0.06978173993237012, 0.05816016218955905, 0.057383849557522126, 0.05976456383942046, 0.05700521878763549, 0.04714538765499387, 0.07375546467352982, 0.06211613623673925, 0.052844996729888814, 0.053549190535491904, 0.06093463653023824, 0.04874232759658202, 0.06426197217776683, 0.05027773821392964, 0.04569315199236459, 0.06614867702645948]
Preds: [17, 17, 17, 17, 17, 213, 213, 246, 246, 246, 246, 246, 246, 414, 414, 414, 414, 414, 414, 414, 414, 414, 414, 414, 414, 414, 414, 414, 414, 414, 414, 414, 414, 170, 170, 392, 170, 320, 320, 284, 284, 284, 324, 324, 324, 246, 246, 246, 246, 246, 246, 246, 246, 246, 246, 246, 246, 414, 414, 414, 414, 414, 414, 414, 414, 414, 414, 414, 414, 414, 324, 324, 324, 246, 246, 246, 246, 414, 414, 414, 414, 414, 414, 414, 414, 414, 414, 414, 414, 414, 414, 414, 414, 414, 414, 414, 324, 324, 324, 324, 246, 246, 414, 414, 324, 324, 246, 246, 246, 246, 246, 246, 246, 246, 246, 246, 246, 246, 246, 246, 414, 414, 324, 324, 324, 246, 246, 246, 246, 246, 246, 246, 246, 246, 246, 246, 246, 246, 246, 246, 246, 246, 246, 246, 246, 246, 246, 246, 246, 246, 246, 246, 246, 246, 414, 414, 414, 414, 414, 414, 414, 414, 414, 414, 414, 414, 324, 324, 246, 246, 246, 246, 246, 246, 246, 246, 246, 246, 246, 246, 246, 246, 246, 246, 246, 246, 246, 246, 246, 246, 246, 246, 246, 246, 246, 246, 246, 246, 246, 246, 246, 246, 246, 246, 246, 246, 246, 246, 246, 246, 246, 246, 246, 246, 246, 246, 246, 246, 246, 246, 246, 246, 246, 246, 246, 246, 246, 246, 246, 246, 246, 246, 246, 246, 246, 246, 246, 414, 414, 414, 414, 414, 324, 324, 246, 246, 246, 246, 246, 246, 246, 246, 246, 246, 246, 246, 246, 246, 414, 414, 414, 170, 170, 392, 392, 392, 392, 392, 392, 392, 392, 392, 392, 392, 392, 392, 392, 63, 63, 63, 63, 63, 63, 63, 73, 73, 73, 320, 320, 320, 287, 287, 284, 171, 171, 213, 213, 414, 414, 414, 414, 284, 213, 213, 213, 246, 246, 246, 246, 246, 246, 246, 246, 246, 246, 246, 246, 246, 246, 246, 246, 246, 246, 414, 414, 414, 414, 414, 414, 414, 324, 324, 246, 246, 246, 246, 246, 246, 246, 246, 246, 414, 324, 324, 324, 246, 246, 246, 246, 246, 246, 246, 246, 246, 246, 246, 246, 246, 246, 246, 246, 246, 246, 246, 246, 246, 246, 246, 246, 246, 246, 246, 246, 246, 246, 246, 414, 414, 170, 170, 170, 392, 392, 392, 392, 392, 392, 392, 392, 392, 392, 392, 392, 392, 392, 392, 392, 320, 320, 320, 287, 287, 284, 284, 284, 171, 171, 171, 171, 171, 246, 246, 246, 246, 414, 414, 414, 414, 414, 414, 414, 414, 324, 324, 246, 246, 246, 414, 414, 414, 414, 414, 414, 414, 414, 414, 414, 170, 170, 392, 392, 392, 392, 320, 320, 284, 284, 284, 171, 171, 171, 171, 246, 246, 246, 246, 246, 246, 246, 414, 414, 414, 324, 324, 324, 246, 246, 246, 246, 414, 414, 414, 414, 324, 324, 324, 324, 324, 414, 414, 324, 324, 246, 246, 246, 246, 414, 414, 414, 414, 414, 414, 414, 414, 170, 170, 392, 392, 392, 392, 392, 392, 392, 392, 392, 392, 392, 392, 392, 392, 392, 392, 392, 392, 73, 73, 320, 320, 287, 287, 287, 171, 171, 171, 171, 171, 171, 171, 171, 171, 246, 246, 246, 246, 246, 246, 246, 246, 246, 246, 246, 246, 246, 246, 246, 246, 246, 246, 246, 414, 414, 324, 324, 246, 246, 246, 246, 246, 246, 246, 246, 246, 246, 246, 246, 246, 246, 246, 246, 246, 246, 246, 246, 246, 246, 246, 246, 246, 246, 246, 246, 246, 246, 246, 246, 246, 246, 246, 414, 414, 414, 414, 414, 414, 414, 414, 414, 414, 414, 414]

ep5
Train step Loss: [4.888246536254883, 4.963271617889404, 4.985553741455078, 4.840352535247803, 4.9356536865234375, 4.915227890014648, 4.973284721374512, 4.9322404861450195, 4.807234287261963, 4.910956382751465, 4.859527587890625, 4.851742267608643, 4.90913724899292, 4.828444957733154, 4.788959980010986, 4.78974723815918, 4.9365386962890625, 4.859241008758545, 4.644904136657715, 4.860878944396973, 4.7854838371276855, 4.917880058288574, 4.902017116546631, 4.795072555541992, 4.889472007751465, 4.801405906677246, 4.843965530395508, 4.8290019035339355, 4.788021564483643, 4.853557109832764, 4.809873104095459, 5.013927936553955, 4.8309502601623535, 4.802722454071045, 4.805716514587402, 4.791184902191162, 4.801421165466309, 4.77447509765625, 4.971764087677002, 4.751093864440918, 4.803212642669678, 4.79336404800415, 4.839255332946777, 4.773477077484131, 4.796881198883057, 4.7269368171691895, 4.820384502410889, 4.556774139404297, 4.652520179748535, 4.703257083892822, 4.63117790222168, 4.7790374755859375, 4.805727005004883, 4.804617404937744, 4.884062767028809, 4.846262454986572, 4.813982009887695, 4.640377044677734, 4.749698162078857, 4.740445137023926, 4.696675777435303, 4.818111419677734, 4.824611663818359]
val step Loss: [5.141517162322998, 5.185986042022705, 5.226062297821045, 5.110547065734863, 5.049145221710205, 5.081551551818848, 5.082979679107666, 5.112865924835205, 5.139620780944824, 5.1354780197143555, 5.050538539886475, 5.124561786651611, 5.160243511199951, 5.084207534790039, 5.108516216278076, 5.097776889801025]
Train step Accs: [0.10374471805332945, 0.0789140526093684, 0.079458759176623, 0.11057108140947752, 0.08527479091995221, 0.10628247520075579, 0.08567543064369901, 0.11531921471633946, 0.12349562363238512, 0.09133352786693902, 0.10791645177926766, 0.09978832778953735, 0.08243787777031565, 0.09749670619235837, 0.10730345790044968, 0.11854816450455424, 0.08455172413793104, 0.10327419587480167, 0.13295146216460657, 0.09167620137299771, 0.09959548054121914, 0.09307650862068965, 0.09009133683919181, 0.09636084059456688, 0.09063313096270599, 0.08843818984547461, 0.09036768513723459, 0.10482758620689656, 0.11206896551724138, 0.0984336830004311, 0.10203775846568774, 0.07139257517218209, 0.09711625501099186, 0.09808236403646652, 0.09740259740259741, 0.10672684915550379, 0.1122754491017964, 0.12191314220834516, 0.08776283139610813, 0.09876543209876543, 0.10877684407096172, 0.10857304004512126, 0.10742414460942544, 0.1193004372267333, 0.10887796414112204, 0.11215948866230406, 0.10454323400097704, 0.13282707167599253, 0.12954450480568325, 0.1116435074269286, 0.1076990248872071, 0.10378175519630485, 0.09405940594059406, 0.09268707482993198, 0.09311919846765876, 0.10050579213574808, 0.0989103101424979, 0.1403462050599201, 0.11367561626628984, 0.12288382953882078, 0.13240006746500252, 0.10510006455777922, 0.0969176993962504]
val step Accs: [0.07590529247910864, 0.05707931801334322, 0.06292420814479638, 0.0648619673009917, 0.07811032076231378, 0.07486918019589427, 0.07650956369546193, 0.07857324193957857, 0.05787515502273667, 0.0667216786514205, 0.07712980381617844, 0.06959174778439634, 0.062346588119784, 0.06455381919088651, 0.05599522174107809, 0.0688464195256735]
Preds: [17, 17, 17, 17, 284, 213, 246, 246, 246, 246, 246, 246, 246, 246, 246, 246, 246, 246, 246, 246, 246, 246, 324, 246, 246, 246, 246, 324, 324, 246, 246, 246, 246, 246, 246, 246, 246, 246, 246, 246, 246, 246, 246, 246, 246, 246, 246, 246, 246, 246, 246, 414, 414, 414, 170, 170, 392, 392, 392, 392, 392, 392, 392, 63, 63, 73, 73, 73, 73, 320, 320, 320, 320, 320, 320, 73, 73, 73, 320, 320, 320, 287, 287, 287, 287, 284, 284, 171, 171, 171, 171, 246, 246, 246, 246, 246, 246, 414, 414, 414, 414, 414, 414, 414, 170, 170, 414, 287, 287, 284, 324, 324, 324, 246, 246, 246, 246, 246, 246, 246, 246, 246, 246, 246, 246, 246, 246, 246, 246, 246, 246, 246, 246, 246, 246, 246, 246, 246, 246, 246, 246, 246, 246, 246, 324, 414, 414, 414, 324, 324, 324, 246, 246, 246, 246, 246, 246, 246, 246, 246, 414, 414, 324, 324, 324, 246, 246, 246, 246, 246, 246, 246, 246, 324, 324, 324, 324, 324, 246, 246, 246, 246, 246, 246, 414, 414, 414, 414, 324, 324, 414, 414, 414, 414, 414, 414, 414, 414, 414, 414, 414, 414, 414, 414, 324, 324, 324, 414, 324, 324, 414, 414, 414, 414, 414, 414, 414, 414, 414, 414, 414, 414, 414, 414, 414, 414, 414, 324, 324, 324, 246, 246, 246, 246, 246, 246, 246, 246, 246, 246, 246, 246, 246, 246, 246, 246, 246, 246, 246, 246, 246, 246, 246, 171, 171, 171, 171, 246, 246, 246, 246, 246, 246, 246, 246, 246, 246, 246, 246, 246, 246, 246, 246, 246, 246, 246, 414, 414, 414, 414, 170, 170, 170, 392, 392, 392, 392, 392, 73, 320, 320, 320, 320, 287, 320, 320, 392, 392, 392, 392, 392, 63, 63, 73, 73, 320, 320, 287, 287, 284, 171, 171, 171, 171, 171, 171, 171, 246, 246, 246, 246, 246, 246, 246, 246, 246, 246, 246, 246, 246, 246, 246, 246, 246, 246, 246, 246, 246, 414, 414, 414, 324, 324, 324, 246, 246, 246, 246, 246, 246, 324, 414, 414, 414, 324, 324, 246, 246, 246, 246, 246, 246, 246, 246, 246, 246, 246, 246, 246, 246, 414, 414, 324, 324, 246, 246, 246, 246, 246, 246, 246, 246, 246, 414, 414, 414, 324, 324, 324, 324, 324, 324, 324, 324, 414, 414, 414, 414, 414, 414, 414, 414, 414, 324, 324, 324, 246, 246, 246, 246, 246, 246, 246, 246, 246, 246, 246, 246, 246, 246, 246, 246, 246, 246, 246, 246, 246, 246, 246, 246, 246, 246, 246, 246, 246, 414, 414, 414, 414, 414, 414, 170, 170, 392, 392, 392, 392, 392, 392, 392, 63, 63, 63, 73, 73, 73, 73, 73, 73, 73, 320, 320, 287, 287, 287, 284, 284, 284, 414, 414, 284, 284, 284, 324, 171, 171, 171, 246, 246, 246, 246, 246, 246, 246, 246, 246, 246, 246, 246, 246, 246, 246, 246, 246, 246, 246, 246, 246, 246, 246, 246, 246, 246, 246, 246, 246, 246, 246, 414, 414, 414, 414, 414, 414, 414, 414, 170, 170, 392, 392, 392, 392, 392, 63, 63, 63, 73, 73, 73, 63, 63, 63, 63, 63, 63, 73, 73, 73, 73, 320, 320, 320, 287, 287, 287, 287, 171, 171, 171, 171, 246, 246, 246, 324, 324, 324, 324, 324, 324, 324, 324, 324, 324, 324, 324, 324, 324, 414, 414, 414, 414, 414, 414, 414, 414, 414, 414, 414, 284, 324, 324, 324, 324, 246, 246, 246, 246, 246, 246, 246, 246, 246, 324, 324, 246, 246, 246, 246, 246, 246]

ep6
Train step Loss: [4.715046405792236, 4.685802936553955, 4.7978739738464355, 4.6608991622924805, 4.688213348388672, 4.635937213897705, 4.679452419281006, 4.720742702484131, 4.6517205238342285, 4.7225341796875, 4.784092426300049, 4.822831630706787, 4.712930679321289, 4.769922733306885, 4.696500301361084, 4.608951091766357, 4.805838108062744, 4.6085429191589355, 4.658904075622559, 4.76538610458374, 4.766001224517822, 4.566123962402344, 4.716223239898682, 4.632116317749023, 4.389873027801514, 4.617802143096924, 4.738358974456787, 4.722231864929199, 4.6118927001953125, 4.652980327606201, 4.656782150268555, 4.693831920623779, 4.59546422958374, 4.687877655029297, 4.578770637512207, 4.646932125091553, 4.82405948638916, 4.607354164123535, 4.6253557205200195, 4.581728458404541, 4.7682390213012695, 4.581718921661377, 4.5586347579956055, 4.610757827758789, 4.6275715827941895, 4.612129211425781, 4.6368408203125, 4.512969970703125, 4.642383575439453, 4.585990905761719, 4.58240270614624, 4.546194553375244, 4.63486909866333, 4.581499099731445, 4.62255334854126, 4.482125759124756, 4.443192481994629, 4.551149368286133, 4.607237815856934, 4.556895732879639, 4.54890251159668, 4.60488748550415, 4.644990921020508]
val step Loss: [5.001354694366455, 4.907073974609375, 5.00626277923584, 4.938310146331787, 4.960860252380371, 4.870338439941406, 5.023203372955322, 4.929344654083252, 4.932821273803711, 4.9546637535095215, 4.983362674713135, 4.945059299468994, 4.944777965545654, 4.9545369148254395, 4.920255661010742, 5.0230021476745605]
Train step Accs: [0.11106011932078935, 0.11099744245524297, 0.12101438528844728, 0.12990161129331243, 0.12640268283245196, 0.1283983451536643, 0.11684284707540521, 0.11329305135951662, 0.12310163551401869, 0.10986035907666002, 0.1026045777426993, 0.10783142808394472, 0.1192017259978425, 0.112213347075496, 0.12556118754525705, 0.13237720522909, 0.10081786725385342, 0.12218393851046912, 0.11807310089270676, 0.10654962862930452, 0.1252168427692793, 0.1320211960635882, 0.11057845957174817, 0.12249143416544298, 0.1660839160839161, 0.11759857123231213, 0.10098176718092566, 0.1211840888066605, 0.11875, 0.1347360167276529, 0.1200813126179759, 0.11355147168683699, 0.1380771478667446, 0.1264334019406057, 0.1378322042730589, 0.11763858891288696, 0.09377289377289377, 0.12093162137951627, 0.12508361204013377, 0.1165771484375, 0.09301242236024845, 0.13608500204331836, 0.1322287199480182, 0.1278504104591061, 0.12288422477995938, 0.11482749539109824, 0.11624463201540056, 0.1370469798657718, 0.11714285714285715, 0.12203039693079534, 0.12084006462035542, 0.12667037861915367, 0.10245139475908707, 0.13358778625954199, 0.1319453832634852, 0.14836592369752497, 0.1722045651545796, 0.1355407705399969, 0.10974914481185861, 0.13951339698182938, 0.12066621346023114, 0.129474011826953, 0.13423878711307644]
val step Accs: [0.075893405378853, 0.07748581666169006, 0.07342793907043353, 0.08216606498194946, 0.08963944705714692, 0.09209993247805537, 0.06748133061778683, 0.09032455603184324, 0.08879763890671115, 0.0758989672763469, 0.08028480235698503, 0.06871780970452697, 0.0724819579541889, 0.0807604152622354, 0.09082768325444544, 0.06808326105810927]
Preds: [17, 17, 17, 284, 213, 171, 171, 171, 171, 171, 246, 246, 246, 246, 246, 246, 246, 355, 355, 355, 355, 374, 374, 414, 414, 414, 414, 414, 414, 182, 284, 284, 284, 324, 324, 324, 324, 324, 324, 324, 284, 355, 324, 324, 324, 213, 213, 246, 246, 246, 246, 246, 246, 246, 355, 355, 355, 355, 355, 414, 414, 182, 355, 355, 132, 414, 414, 414, 414, 414, 414, 414, 170, 170, 392, 392, 392, 392, 392, 392, 392, 392, 392, 392, 392, 392, 392, 392, 73, 73, 73, 73, 73, 73, 73, 320, 320, 320, 287, 287, 287, 284, 284, 171, 171, 171, 171, 171, 171, 324, 213, 171, 246, 246, 246, 246, 246, 246, 246, 246, 355, 414, 414, 414, 170, 170, 170, 392, 392, 392, 392, 392, 73, 73, 73, 73, 73, 73, 73, 73, 73, 73, 320, 320, 320, 320, 287, 287, 287, 284, 171, 171, 171, 171, 171, 171, 171, 246, 246, 246, 246, 246, 246, 246, 246, 246, 246, 246, 355, 355, 355, 324, 324, 324, 324, 246, 246, 246, 246, 246, 246, 246, 246, 246, 246, 246, 246, 246, 246, 246, 355, 324, 324, 246, 246, 246, 246, 246, 246, 246, 246, 246, 246, 414, 414, 414, 414, 170, 170, 170, 170, 392, 392, 320, 320, 287, 287, 284, 284, 284, 284, 284, 284, 284, 284, 324, 324, 324, 324, 171, 246, 246, 355, 355, 414, 414, 414, 414, 170, 170, 170, 287, 284, 324, 171, 171, 171, 171, 246, 246, 246, 246, 246, 246, 246, 246, 246, 246, 246, 246, 246, 246, 246, 246, 246, 246, 246, 355, 355, 355, 355, 355, 355, 355, 132, 414, 414, 414, 414, 414, 414, 414, 414, 414, 414, 414, 182, 414, 414, 414, 182, 182, 284, 284, 284, 284, 132, 132, 414, 414, 414, 414, 414, 182, 284, 324, 324, 324, 324, 324, 355, 355, 355, 355, 355, 355, 324, 324, 324, 324, 324, 246, 324, 355, 355, 324, 324, 324, 171, 171, 246, 246, 246, 246, 246, 246, 246, 246, 355, 355, 355, 355, 414, 355, 355, 355, 355, 355, 355, 414, 414, 414, 414, 414, 414, 182, 182, 250, 414, 414, 414, 414, 414, 414, 414, 182, 182, 284, 284, 324, 324, 324, 324, 324, 324, 246, 246, 246, 246, 246, 246, 246, 246, 246, 246, 246, 246, 246, 246, 246, 246, 246, 246, 246, 246, 355, 414, 414, 414, 414, 414, 170, 170, 170, 392, 392, 392, 320, 320, 320, 320, 73, 73, 73, 73, 73, 73, 73, 73, 73, 73, 73, 73, 73, 73, 73, 73, 320, 320, 287, 287, 287, 287, 284, 284, 284, 284, 284, 284, 284, 284, 324, 284, 324, 324, 324, 324, 324, 246, 246, 246, 246, 246, 246, 246, 246, 246, 246, 246, 246, 246, 246, 246, 246, 246, 246, 246, 355, 355, 355, 355, 355, 414, 414, 414, 414, 414, 414, 414, 414, 414, 414, 414, 414, 414, 414, 414, 414, 414, 414, 414, 414, 414, 414, 182, 182, 284, 182, 414, 182, 182, 284, 324, 324, 324, 324, 324, 355, 324, 324, 324, 324, 246, 246, 246, 246, 355, 355, 355, 355, 355, 132, 414, 414, 414, 414, 414, 414, 414, 414, 414, 414, 414, 170, 170, 320, 287, 284, 284, 414, 414, 414, 414, 414, 98, 98, 98, 414, 414, 414, 170, 392, 392, 392, 392, 392, 73, 73, 73, 73, 73, 73, 73, 73, 73, 73, 73, 73, 73, 73, 73, 73, 73, 73, 73, 73, 73, 320, 320, 320, 320, 287, 287, 287, 287, 284, 284, 284, 284, 414, 414, 392, 392, 392, 73, 320, 320, 320, 73, 73]

ep7
Train step Loss: [4.536581516265869, 4.4232177734375, 4.537205696105957, 4.633767604827881, 4.603957653045654, 4.5319085121154785, 4.442290782928467, 4.595250129699707, 4.621993064880371, 4.510654926300049, 4.40714168548584, 4.463956356048584, 4.48465633392334, 4.376067638397217, 4.505333423614502, 4.418698310852051, 4.575040817260742, 4.514650821685791, 4.528763294219971, 4.5903449058532715, 4.514004230499268, 4.4868245124816895, 4.587252140045166, 4.518163681030273, 4.55780029296875, 4.448915004730225, 4.4459638595581055, 4.659003257751465, 4.428249835968018, 4.50181245803833, 4.440042018890381, 4.50807523727417, 4.273963451385498, 4.6854567527771, 4.407054901123047, 4.484999179840088, 4.463609218597412, 4.462627410888672, 4.512608528137207, 4.390833377838135, 4.489648342132568, 4.44603967666626, 4.484331130981445, 4.424178123474121, 4.479189872741699, 4.443746089935303, 4.479979991912842, 4.440640926361084, 4.3545613288879395, 4.40257453918457, 4.461930751800537, 4.504796981811523, 4.3679609298706055, 4.510389804840088, 4.356688022613525, 4.461206436157227, 4.389491558074951, 4.439567565917969, 4.584325313568115, 4.411831855773926, 4.361681938171387, 4.36747932434082, 4.395820617675781]
val step Loss: [4.658499717712402, 4.787102222442627, 4.8705644607543945, 4.858562469482422, 4.788253307342529, 4.84820032119751, 4.747519016265869, 4.714062213897705, 4.800941467285156, 4.930341720581055, 4.764470100402832, 4.745241165161133, 4.7335124015808105, 4.81461763381958, 4.897892475128174, 4.769408226013184]
Train step Accs: [0.13624338624338625, 0.15610830418447985, 0.12581261950286807, 0.11364709586022352, 0.12394366197183099, 0.14087495919033627, 0.15081652257444764, 0.1246641590542719, 0.1232876712328767, 0.138570807363386, 0.17198986058301646, 0.15466879489225857, 0.13235077376565954, 0.15721406439444968, 0.13180947166712292, 0.15652300524170065, 0.13924229573084534, 0.14173111243307554, 0.13806074115352465, 0.12371134020618557, 0.14613062568605928, 0.1335223437289051, 0.13119493392070486, 0.1298457991064995, 0.13383676092544988, 0.13545653362493165, 0.1416181054343407, 0.11740890688259109, 0.16376350921805466, 0.14098539647877711, 0.13473864121919954, 0.14683379456291715, 0.17079889807162535, 0.11811811811811812, 0.15951090732249548, 0.13740241305890702, 0.14699792960662525, 0.13795708673315202, 0.1344, 0.15608740894901144, 0.14413358722718617, 0.1425363432218414, 0.140946656649136, 0.1463457177742892, 0.13171390013495277, 0.1485756026296567, 0.13080434440421848, 0.14413532783447505, 0.15646466188368188, 0.1656590084643289, 0.14958173826740395, 0.14430955993930197, 0.15388783527499322, 0.129469040012171, 0.16605680432131034, 0.14172475058083914, 0.14676239127433385, 0.1492335437330929, 0.11592200214954707, 0.148721399730821, 0.16261967531566532, 0.16283102143757883, 0.14706715783508076]
val step Accs: [0.11866485013623979, 0.10103857566765578, 0.10222222222222223, 0.09130761523046092, 0.10638624501074609, 0.09686320069706651, 0.10642986777288048, 0.1081277213352685, 0.10349215325887176, 0.08203746785845475, 0.10140158439975624, 0.11721662294629297, 0.11190852694319425, 0.10050400237177587, 0.08810515356585112, 0.09697866046904711]
Preds: [17, 17, 17, 17, 17, 284, 284, 284, 284, 284, 284, 284, 284, 284, 284, 284, 284, 324, 324, 324, 324, 246, 246, 284, 355, 355, 284, 284, 324, 324, 324, 284, 284, 284, 284, 284, 284, 324, 324, 324, 246, 246, 246, 355, 355, 374, 355, 284, 284, 324, 324, 324, 246, 246, 246, 246, 246, 246, 246, 355, 355, 284, 324, 324, 246, 246, 246, 246, 246, 246, 355, 355, 355, 355, 374, 355, 374, 374, 250, 284, 284, 324, 324, 324, 324, 324, 355, 355, 355, 355, 132, 284, 284, 324, 324, 324, 324, 324, 324, 324, 324, 324, 284, 324, 324, 324, 324, 324, 324, 324, 324, 324, 324, 324, 246, 246, 355, 355, 374, 414, 414, 414, 414, 170, 170, 170, 392, 392, 392, 392, 392, 392, 392, 392, 392, 392, 392, 73, 392, 392, 392, 392, 392, 73, 73, 73, 320, 320, 320, 320, 7, 287, 287, 287, 287, 284, 284, 284, 284, 284, 284, 284, 284, 284, 284, 284, 284, 284, 284, 284, 182, 182, 182, 182, 182, 182, 182, 284, 284, 324, 324, 324, 284, 355, 374, 284, 324, 324, 324, 324, 324, 246, 246, 246, 324, 324, 246, 355, 355, 355, 355, 284, 284, 355, 374, 132, 132, 182, 182, 182, 182, 182, 182, 284, 324, 284, 284, 284, 355, 374, 355, 284, 284, 284, 355, 355, 132, 250, 250, 250, 250, 182, 182, 414, 414, 414, 170, 170, 392, 392, 392, 392, 392, 392, 392, 392, 392, 392, 392, 392, 73, 73, 73, 73, 73, 320, 320, 320, 320, 7, 287, 287, 284, 284, 284, 284, 284, 284, 284, 284, 284, 374, 374, 182, 182, 182, 182, 182, 182, 182, 182, 182, 182, 182, 182, 182, 284, 284, 324, 324, 284, 284, 355, 374, 250, 250, 250, 182, 182, 182, 182, 414, 414, 414, 414, 414, 170, 170, 170, 320, 320, 287, 284, 284, 284, 284, 284, 284, 284, 284, 284, 284, 284, 284, 284, 284, 284, 284, 284, 284, 182, 182, 182, 250, 250, 182, 182, 182, 182, 284, 284, 324, 324, 324, 324, 324, 324, 324, 324, 246, 246, 246, 246, 246, 246, 355, 355, 374, 132, 132, 250, 250, 250, 284, 284, 284, 284, 284, 284, 374, 374, 132, 250, 182, 182, 182, 182, 182, 182, 182, 182, 182, 182, 182, 182, 182, 182, 414, 414, 414, 414, 170, 170, 392, 392, 392, 392, 392, 392, 392, 392, 392, 392, 392, 392, 392, 73, 73, 73, 320, 320, 320, 287, 287, 284, 284, 284, 182, 182, 182, 182, 182, 182, 182, 182, 182, 182, 182, 182, 182, 182, 182, 182, 284, 284, 213, 324, 324, 284, 284, 284, 324, 284, 284, 284, 355, 374, 132, 250, 182, 182, 182, 182, 414, 414, 182, 182, 182, 284, 284, 284, 284, 284, 284, 284, 284, 284, 284, 284, 284, 284, 284, 284, 284, 284, 284, 284, 284, 284, 284, 284, 284, 284, 284, 284, 284, 284, 284, 284, 284, 284, 284, 284, 284, 284, 284, 284, 284, 284, 284, 284, 284, 284, 284, 284, 284, 284, 284, 284, 284, 284, 284, 284, 284, 284, 284, 284, 284, 284, 284, 284, 284, 284, 284, 284, 284, 284, 284, 284, 284, 284, 284, 284, 284, 284, 284, 284, 284, 284, 284, 284, 284, 284, 284, 284, 284, 284, 284, 284, 284, 284, 284, 284, 284, 284, 284, 284, 284, 284, 284, 284, 284, 284, 284, 284, 284, 284, 284, 284, 284, 284, 284, 284, 284, 284, 284, 284, 284, 284, 284, 284, 284, 284, 284, 284, 284, 284, 284, 284, 284, 284, 284, 284, 284, 284, 284, 284, 284, 284, 284]

ep8
Train step Loss: [4.247185230255127, 4.308088779449463, 4.492166996002197, 4.43135404586792, 4.336832523345947, 4.468682765960693, 4.403991222381592, 4.434478282928467, 4.34572696685791, 4.304172992706299, 4.310292720794678, 4.28986930847168, 4.3258819580078125, 4.379889488220215, 4.452741622924805, 4.3071794509887695, 4.243256568908691, 4.394581317901611, 4.3877434730529785, 4.372006416320801, 4.2558369636535645, 4.362450122833252, 4.372509956359863, 4.338892459869385, 4.4815216064453125, 4.217304706573486, 4.138740539550781, 4.422042369842529, 4.240170478820801, 4.39657735824585, 4.304684638977051, 4.280241012573242, 4.413632869720459, 4.249027729034424, 4.375131607055664, 4.284210205078125, 4.36887264251709, 4.296537399291992, 4.2821736335754395, 4.296837329864502, 4.347530364990234, 4.380856990814209, 4.323361396789551, 4.464081287384033, 4.3081583976745605, 4.385097026824951, 4.183545112609863, 4.226850509643555, 4.277610778808594, 4.318856716156006, 4.345042705535889, 4.359184265136719, 4.179854869842529, 4.245456695556641, 4.208446502685547, 4.308706760406494, 4.339147567749023, 4.2344770431518555, 4.374596118927002, 4.288883209228516, 4.350834369659424, 4.316053867340088, 4.3197526931762695]
val step Loss: [4.674661159515381, 4.658348083496094, 4.663072109222412, 4.741187572479248, 4.612656593322754, 4.72172737121582, 4.7143683433532715, 4.682941436767578, 4.712351322174072, 4.673754692077637, 4.63939094543457, 4.690996170043945, 4.537941932678223, 4.709630966186523, 4.5916218757629395, 4.644989490509033]
Train step Accs: [0.17914090465343313, 0.15795470730665148, 0.14655423088107009, 0.13600737667127707, 0.15726817042606517, 0.14021334018763654, 0.15583147321428573, 0.14782721158820486, 0.16551724137931034, 0.17534904668968623, 0.16225771059368524, 0.16049219370203757, 0.15752939509845587, 0.14343914445764727, 0.14460932768019383, 0.15144408787953592, 0.17141254032823677, 0.15192361696152767, 0.16112106475556692, 0.15999491676197738, 0.16675069321905722, 0.15519931905234785, 0.16317864725508038, 0.14780819749960436, 0.14059980651402773, 0.17958783120706576, 0.19295436349079265, 0.15187789914708963, 0.1792326779919832, 0.1458272753707473, 0.15218337443783547, 0.16830449826989619, 0.14109058402860547, 0.15874822190611665, 0.15935230024213076, 0.16781310837118754, 0.14846416382252559, 0.16732711236098682, 0.1599752933909821, 0.15705849268841396, 0.13945318466473194, 0.13619948409286328, 0.15679824561403508, 0.1435433738344165, 0.15648397723869423, 0.16483851310176723, 0.1781618746883829, 0.1714495952906549, 0.16281112737920936, 0.15873996294008647, 0.15771758294598492, 0.16240945482272207, 0.18428143712574852, 0.14237715245695087, 0.16788226100547018, 0.1527439024390244, 0.15028625954198474, 0.170376055257099, 0.14610483637416738, 0.1559062649450024, 0.16595475399462112, 0.1612584417723604, 0.17512224938875307]
val step Accs: [0.10744435917114352, 0.10063391442155309, 0.12815286624203823, 0.09855321587165163, 0.11722627737226278, 0.11329386437029064, 0.10446405398390864, 0.11112648768336562, 0.11108220603537981, 0.12559989030577265, 0.10362125725035272, 0.10970149253731343, 0.12809221603419246, 0.09612568233257889, 0.12398373983739837, 0.12715129720010274]
Preds: [17, 17, 17, 284, 284, 284, 284, 284, 284, 284, 284, 250, 250, 250, 250, 250, 284, 284, 284, 284, 284, 284, 374, 284, 284, 284, 284, 284, 284, 374, 250, 250, 250, 250, 284, 250, 250, 250, 250, 250, 182, 284, 284, 284, 284, 284, 284, 284, 284, 284, 284, 355, 355, 355, 374, 374, 284, 324, 324, 213, 213, 213, 213, 213, 246, 464, 19, 355, 355, 355, 355, 284, 355, 355, 355, 374, 132, 132, 132, 284, 284, 284, 486, 324, 324, 324, 324, 35, 355, 355, 355, 374, 355, 284, 324, 486, 355, 355, 355, 355, 355, 284, 324, 324, 324, 213, 213, 246, 246, 246, 246, 19, 355, 355, 355, 355, 355, 355, 486, 324, 486, 355, 374, 374, 132, 132, 374, 374, 132, 250, 250, 284, 284, 284, 284, 284, 284, 486, 324, 213, 213, 213, 246, 246, 464, 355, 355, 355, 486, 324, 213, 246, 246, 246, 19, 19, 355, 486, 486, 324, 213, 246, 246, 246, 246, 246, 246, 19, 454, 414, 414, 414, 414, 170, 392, 392, 392, 392, 47, 73, 320, 73, 392, 392, 392, 392, 392, 392, 73, 320, 320, 320, 287, 287, 284, 284, 284, 284, 171, 171, 171, 171, 171, 246, 246, 246, 246, 246, 246, 246, 246, 246, 246, 246, 246, 246, 246, 355, 355, 374, 355, 355, 284, 284, 486, 486, 486, 355, 355, 355, 355, 355, 284, 486, 486, 486, 486, 486, 486, 355, 355, 355, 132, 132, 132, 250, 250, 182, 182, 182, 182, 182, 182, 284, 284, 284, 284, 35, 35, 35, 35, 355, 414, 414, 414, 414, 414, 170, 392, 392, 392, 392, 392, 392, 73, 73, 73, 73, 320, 320, 320, 320, 7, 287, 287, 171, 171, 171, 171, 171, 171, 464, 374, 414, 414, 250, 182, 284, 324, 324, 171, 171, 171, 464, 35, 355, 355, 355, 355, 355, 284, 324, 324, 324, 324, 324, 324, 324, 324, 324, 324, 324, 464, 19, 374, 374, 414, 132, 132, 284, 324, 324, 324, 35, 486, 324, 324, 213, 171, 246, 246, 246, 246, 246, 19, 464, 464, 324, 324, 324, 35, 35, 486, 486, 486, 486, 324, 213, 246, 246, 246, 246, 246, 246, 246, 246, 355, 414, 414, 414, 414, 414, 414, 170, 392, 392, 392, 392, 392, 73, 73, 320, 320, 320, 287, 287, 287, 287, 287, 284, 284, 284, 284, 284, 284, 284, 284, 284, 374, 284, 284, 284, 284, 355, 374, 374, 284, 324, 35, 355, 355, 355, 355, 284, 284, 284, 355, 355, 374, 355, 284, 324, 324, 324, 324, 324, 324, 324, 35, 355, 355, 355, 355, 355, 355, 355, 284, 284, 284, 355, 355, 355, 355, 355, 355, 374, 355, 355, 355, 355, 355, 355, 355, 284, 284, 284, 284, 284, 324, 324, 324, 213, 213, 213, 246, 246, 246, 355, 355, 355, 355, 355, 284, 486, 486, 486, 486, 355, 355, 355, 355, 355, 284, 284, 284, 486, 324, 324, 35, 486, 355, 486, 324, 324, 324, 213, 213, 246, 246, 246, 246, 355, 374, 414, 414, 414, 414, 414, 170, 392, 392, 392, 392, 73, 73, 73, 320, 320, 320, 320, 287, 287, 287, 287, 153, 387, 284, 284, 284, 171, 171, 171, 171, 171, 35, 355, 374, 374, 355, 284, 284, 486, 486, 486, 486, 486, 486, 486, 486, 486, 486, 486, 486, 486, 486, 486, 486, 486, 486, 486, 486, 486, 486, 486, 486, 486, 486, 486, 486, 486, 486, 486, 486, 486, 486, 486, 486, 486, 486, 486, 486, 486, 486, 486, 486, 486, 486, 486, 486, 486, 486, 486, 486, 486, 486, 486, 486, 486, 486, 486]

ep9
Train step Loss: [4.2101006507873535, 4.373391628265381, 4.213216781616211, 4.2090630531311035, 4.294109344482422, 4.150631904602051, 4.184288501739502, 4.182948589324951, 4.202383518218994, 4.273505210876465, 4.218386173248291, 4.271500110626221, 4.313970565795898, 4.225367069244385, 4.200078964233398, 4.302759170532227, 4.282180309295654, 4.2263898849487305, 4.244155406951904, 4.157741069793701, 4.208190441131592, 4.289994239807129, 4.285600662231445, 4.120654106140137, 4.22438383102417, 4.171892166137695, 4.228621482849121, 4.2062296867370605, 4.095118522644043, 4.211166858673096, 4.141170501708984, 4.1699113845825195, 4.314704895019531, 4.298262119293213, 4.310774803161621, 4.299465656280518, 4.099740505218506, 4.1139020919799805, 4.229160785675049, 4.200859069824219, 4.277152061462402, 4.228747844696045, 4.128140449523926, 4.1812825202941895, 4.139132022857666, 4.10216760635376, 4.0732598304748535, 4.160141468048096, 4.205934524536133, 4.295830726623535, 4.0833306312561035, 4.081254005432129, 4.222899436950684, 4.155028820037842, 4.260555267333984, 4.038628101348877, 4.129798412322998, 4.128303527832031, 4.1423163414001465, 4.238450050354004, 4.121554374694824, 4.183379650115967, 4.3157854080200195]
val step Loss: [4.5280280113220215, 4.472726821899414, 4.4721293449401855, 4.513197422027588, 4.506962776184082, 4.538863658905029, 4.606303691864014, 4.5203857421875, 4.501305103302002, 4.588154315948486, 4.555909156799316, 4.589588165283203, 4.605469703674316, 4.578351020812988, 4.668954849243164, 4.541930198669434]
Train step Accs: [0.18047148773494742, 0.1443335084953582, 0.16414655423088106, 0.1748192258613356, 0.16416059525654939, 0.1905396402398401, 0.19419800028165046, 0.18014316012725345, 0.17066219614417436, 0.1637065637065637, 0.17464218591875091, 0.16346153846153846, 0.16380153738644304, 0.18165784832451498, 0.16748692709935403, 0.15779002142638507, 0.16161910308677926, 0.16631830397133474, 0.1776221962919746, 0.1875745131805537, 0.19035159443990188, 0.16412762288013796, 0.16644434563509708, 0.18748317631224765, 0.1696390355257526, 0.17313251179065875, 0.18187155101561583, 0.17771883289124668, 0.18261002444987776, 0.17670554401661606, 0.18744997598847446, 0.17409826753763136, 0.1682514527205494, 0.14981549815498155, 0.17577101390848618, 0.1585477102718482, 0.18368464275937585, 0.18652471926498468, 0.1836187639612807, 0.1683692773363602, 0.1504968619246862, 0.16482758620689655, 0.18622174381054898, 0.17339765678842178, 0.1790473490218316, 0.18080326752893125, 0.1949102677258017, 0.17430441898527005, 0.17754363893693978, 0.15536768224597225, 0.19866629619338705, 0.18374193548387097, 0.1680491990846682, 0.18771379703534777, 0.17084685748008263, 0.21467539552645937, 0.19388038942976357, 0.19156327543424317, 0.18673957621326043, 0.15591483912277893, 0.17562351543942992, 0.17546698043829975, 0.16295832027577561]
val step Accs: [0.12394957983193278, 0.12743988684582744, 0.12144702842377261, 0.1246654458374419, 0.12016522718738265, 0.1327899027083881, 0.12236058473199783, 0.1290246491331525, 0.12822784810126583, 0.1016141429669485, 0.1258423875670472, 0.11888689902190384, 0.11266666666666666, 0.12295425933697021, 0.10248259158340903, 0.12784038426011454]
Preds: [17, 17, 17, 284, 284, 35, 35, 35, 284, 355, 355, 374, 284, 284, 284, 284, 284, 355, 355, 355, 374, 250, 250, 284, 324, 324, 213, 213, 213, 213, 464, 464, 355, 355, 464, 324, 213, 213, 246, 246, 246, 246, 246, 246, 246, 246, 246, 19, 355, 454, 414, 414, 414, 170, 170, 170, 170, 47, 47, 47, 47, 47, 320, 320, 287, 171, 171, 171, 171, 171, 464, 464, 374, 374, 250, 250, 250, 250, 182, 182, 284, 284, 284, 284, 284, 355, 355, 374, 250, 250, 250, 284, 284, 284, 284, 284, 486, 324, 324, 213, 213, 213, 213, 246, 464, 19, 355, 454, 414, 414, 414, 170, 170, 170, 170, 392, 47, 47, 73, 320, 320, 320, 320, 287, 287, 287, 287, 284, 284, 284, 213, 213, 213, 213, 213, 213, 246, 246, 246, 246, 246, 246, 246, 246, 19, 454, 414, 414, 414, 170, 414, 414, 287, 284, 324, 324, 324, 324, 324, 464, 464, 464, 464, 355, 355, 374, 355, 355, 355, 284, 284, 486, 284, 355, 355, 355, 355, 355, 355, 355, 132, 132, 250, 250, 250, 250, 182, 182, 182, 182, 182, 182, 182, 284, 284, 35, 284, 284, 355, 355, 355, 355, 132, 250, 250, 250, 98, 98, 414, 414, 414, 414, 170, 170, 287, 287, 324, 324, 35, 35, 35, 486, 355, 355, 374, 355, 284, 284, 284, 324, 324, 213, 213, 213, 246, 246, 464, 355, 355, 374, 355, 284, 324, 486, 486, 486, 464, 464, 464, 486, 486, 486, 324, 464, 486, 355, 454, 414, 414, 414, 132, 132, 182, 182, 182, 182, 182, 182, 182, 182, 182, 182, 98, 414, 414, 414, 414, 182, 182, 387, 284, 284, 284, 284, 182, 182, 182, 414, 414, 414, 182, 284, 284, 284, 284, 35, 35, 35, 35, 35, 486, 486, 486, 486, 486, 486, 486, 486, 486, 486, 486, 486, 486, 486, 486, 486, 486, 486, 486, 486, 486, 486, 486, 486, 486, 486, 486, 486, 486, 486, 486, 486, 486, 486, 486, 486, 486, 486, 486, 486, 486, 486, 486, 486, 486, 486, 486, 486, 486, 486, 486, 486, 486, 486, 486, 486, 486, 486, 486, 486, 486, 486, 486, 486, 486, 486, 486, 486, 486, 486, 486, 486, 486, 486, 486, 486, 486, 486, 486, 486, 486, 486, 486, 486, 486, 486, 486, 486, 486, 486, 486, 486, 486, 486, 486, 486, 486, 486, 486, 486, 486, 486, 486, 486, 486, 486, 486, 486, 486, 486, 486, 486, 486, 486, 486, 486, 486, 486, 486, 486, 486, 486, 486, 486, 486, 486, 486, 486, 486, 486, 486, 486, 486, 486, 486, 486, 486, 486, 486, 486, 486, 486, 486, 486, 486, 486, 486, 486, 486, 486, 486, 486, 486, 486, 486, 486, 486, 486, 486, 486, 486, 486, 486, 486, 486, 486, 486, 486, 486, 486, 486, 486, 486, 486, 486, 486, 486, 486, 486, 486, 486, 486, 486, 486, 486, 486, 486, 486, 486, 486, 486, 486, 486, 486, 486, 486, 486, 486, 486, 486, 486, 486, 486, 486, 486, 486, 486, 486, 486, 486, 486, 486, 486, 486, 486, 486, 486, 486, 486, 486, 486, 486, 486, 486, 486, 486, 486, 486, 486, 486, 486, 486, 486, 486, 486, 486, 486, 486, 486, 486, 486, 486, 486, 486, 486, 486, 486, 486, 486, 486, 486, 486, 486, 486, 486, 486, 486, 486, 486, 486, 486, 486, 486, 486, 486, 486, 486, 486, 486, 486, 486, 486, 486, 486, 486, 486, 486, 486, 486, 486, 486, 486, 486, 486, 486, 486, 486, 486, 486, 486, 486, 486, 486, 486, 486, 486, 486, 486, 486, 486]

ep10
Train step Loss: [4.07640266418457, 4.124490261077881, 4.209029674530029, 4.144336223602295, 4.182697296142578, 4.1037468910217285, 4.045215129852295, 4.171048641204834, 4.075327396392822, 4.126986503601074, 4.0337653160095215, 4.148774147033691, 4.075804710388184, 4.239042282104492, 4.176107406616211, 4.1589579582214355, 4.070361614227295, 4.059124946594238, 4.1710686683654785, 4.1346435546875, 4.115252494812012, 4.038832187652588, 4.06082820892334, 4.0520524978637695, 4.050743103027344, 4.152331829071045, 4.0468268394470215, 4.125463962554932, 4.111193656921387, 4.169795513153076, 4.140834331512451, 4.054123878479004, 4.091896057128906, 4.166256427764893, 4.132365703582764, 4.211756706237793, 3.8645169734954834, 3.957165479660034, 4.171170234680176, 4.113884925842285, 4.014449596405029, 4.130486011505127, 4.031193733215332, 4.01277494430542, 4.1017937660217285, 3.883212089538574, 4.043144702911377, 4.0927815437316895, 3.9648802280426025, 4.131864070892334, 3.951321601867676, 4.088970184326172, 4.081731796264648, 3.9357924461364746, 4.015557765960693, 3.9618985652923584, 4.047667980194092, 4.070620536804199, 4.065552234649658, 3.8791441917419434, 4.201320171356201, 3.9506375789642334, 4.192922592163086]
val step Loss: [4.393584251403809, 4.434208869934082, 4.522158145904541, 4.368614673614502, 4.445946216583252, 4.393776893615723, 4.3657708168029785, 4.572991371154785, 4.454172134399414, 4.416997909545898, 4.4443182945251465, 4.383469581604004, 4.51099967956543, 4.351049900054932, 4.376812934875488, 4.409553050994873]
Train step Accs: [0.18999395405078598, 0.18398108467563173, 0.16368923971749066, 0.18614150255288112, 0.1697448188354716, 0.1844428871758935, 0.19433026222537209, 0.17577125658389767, 0.19009846827133478, 0.1754796443612541, 0.18846675712347355, 0.18828320802005014, 0.19151022695432895, 0.16579090414930242, 0.17156382631407116, 0.1867845239820316, 0.2072156862745098, 0.19475058004640372, 0.18782712726185136, 0.17968538106861948, 0.18229089288367256, 0.20335597283260087, 0.18982188295165395, 0.20044631136781307, 0.18073836276083466, 0.17725891130146448, 0.19659735349716445, 0.184911448891368, 0.20073545316893793, 0.18947948223629854, 0.17614923384410394, 0.19007666714885, 0.18994413407821228, 0.18442921708703894, 0.18550585217251883, 0.17916999201915404, 0.2407170294494238, 0.20544685351665784, 0.18603531300160514, 0.18979833926453143, 0.20530665506742063, 0.17855527069823557, 0.20258272800645682, 0.19069088980241347, 0.1811123658949746, 0.23855706682436428, 0.19459676340778387, 0.18521583229899324, 0.21081362100337925, 0.19043164506214086, 0.20711297071129708, 0.20448569218870843, 0.1928285626346568, 0.21736249171636846, 0.19551188031680844, 0.22028109812163404, 0.2019500664795391, 0.18111500291885582, 0.19376328844790927, 0.23955907467784507, 0.16992689191859317, 0.21968515104240532, 0.1651799446324208]
val step Accs: [0.1456556503198294, 0.13436385255648037, 0.11097504974743609, 0.16376750106067034, 0.14039473684210527, 0.1356337093563371, 0.1308084877786731, 0.11269006678982521, 0.13113087674714105, 0.13289962825278812, 0.13080554286584437, 0.1333055323881012, 0.129366106080207, 0.12888422708797692, 0.14549005248382765, 0.1351129363449692]
Preds: [17, 17, 17, 17, 284, 284, 284, 284, 284, 413, 250, 250, 250, 250, 250, 387, 387, 182, 182, 182, 182, 182, 182, 182, 182, 182, 182, 182, 182, 182, 182, 182, 182, 182, 182, 387, 284, 284, 284, 284, 35, 35, 35, 35, 284, 284, 284, 324, 324, 324, 213, 213, 324, 464, 355, 454, 132, 132, 250, 250, 250, 182, 182, 182, 182, 182, 387, 284, 284, 284, 284, 284, 284, 355, 355, 355, 374, 413, 250, 250, 250, 250, 387, 250, 250, 250, 182, 182, 182, 182, 182, 284, 284, 284, 35, 324, 35, 35, 324, 35, 486, 355, 355, 355, 486, 486, 486, 324, 464, 464, 464, 355, 355, 355, 355, 355, 355, 355, 355, 355, 284, 284, 284, 284, 486, 486, 324, 324, 213, 213, 171, 246, 246, 464, 19, 19, 19, 355, 486, 464, 324, 324, 464, 464, 19, 355, 374, 355, 355, 355, 355, 355, 355, 355, 355, 284, 355, 355, 355, 284, 355, 355, 355, 355, 284, 486, 324, 213, 213, 213, 246, 246, 246, 246, 246, 246, 246, 246, 19, 19, 19, 246, 246, 246, 246, 246, 246, 19, 355, 355, 355, 355, 284, 486, 486, 486, 355, 355, 355, 355, 355, 486, 486, 486, 355, 355, 355, 355, 355, 355, 284, 284, 324, 324, 464, 324, 324, 324, 464, 464, 19, 19, 355, 486, 486, 486, 486, 486, 486, 486, 324, 464, 19, 486, 355, 355, 355, 355, 355, 355, 355, 355, 284, 355, 355, 355, 284, 284, 284, 284, 284, 486, 486, 486, 486, 486, 486, 486, 355, 414, 414, 414, 414, 414, 414, 170, 47, 47, 320, 320, 287, 287, 153, 414, 47, 47, 73, 73, 73, 392, 392, 392, 73, 320, 320, 287, 287, 284, 284, 284, 284, 35, 284, 374, 250, 250, 414, 182, 387, 284, 284, 284, 284, 284, 284, 374, 284, 486, 324, 324, 324, 324, 464, 19, 355, 355, 355, 355, 284, 355, 374, 374, 132, 250, 250, 284, 284, 284, 324, 324, 324, 213, 324, 464, 19, 19, 486, 355, 355, 355, 374, 355, 284, 284, 355, 355, 355, 355, 355, 355, 355, 355, 284, 284, 284, 355, 355, 486, 486, 486, 324, 324, 213, 213, 246, 246, 246, 246, 246, 246, 246, 246, 246, 246, 246, 246, 454, 414, 414, 414, 414, 414, 170, 170, 47, 47, 47, 47, 392, 392, 73, 73, 73, 73, 73, 73, 320, 320, 320, 287, 287, 284, 284, 284, 284, 284, 284, 355, 284, 284, 284, 284, 284, 355, 355, 355, 284, 355, 355, 355, 284, 284, 284, 355, 250, 250, 250, 250, 250, 250, 182, 182, 182, 182, 284, 284, 324, 250, 414, 414, 414, 414, 387, 284, 284, 284, 35, 324, 324, 324, 213, 213, 213, 213, 246, 246, 246, 246, 246, 246, 246, 246, 19, 355, 355, 355, 355, 355, 355, 355, 486, 324, 324, 324, 464, 464, 355, 374, 374, 250, 250, 355, 284, 284, 284, 355, 355, 355, 355, 250, 250, 48, 414, 414, 414, 414, 414, 170, 170, 392, 392, 392, 392, 73, 73, 320, 320, 287, 320, 47, 392, 73, 73, 73, 320, 320, 287, 287, 287, 284, 284, 284, 284, 35, 35, 284, 35, 355, 355, 374, 374, 284, 324, 324, 213, 213, 213, 246, 246, 246, 246, 246, 246, 19, 454, 454, 374, 355, 355, 355, 355, 284, 284, 486, 486, 486, 324, 324, 464, 19, 464, 486, 486, 486, 486, 486, 486, 324, 464, 464, 486, 355, 374, 132, 132, 250, 250, 284, 324, 324, 324, 324, 324, 464, 355, 374, 374, 250, 250, 250, 250, 250, 250, 98, 182, 182, 284, 284, 324, 324]

ep11
Train step Loss: [4.0047078132629395, 4.041342735290527, 3.930048942565918, 3.970381498336792, 3.9872312545776367, 4.058192253112793, 3.9386770725250244, 4.001577377319336, 3.9568159580230713, 4.031424522399902, 3.9313559532165527, 3.9279696941375732, 4.025242328643799, 3.9704208374023438, 4.0172648429870605, 3.974839448928833, 3.964209794998169, 3.923637866973877, 3.9684865474700928, 3.9974365234375, 3.9479048252105713, 3.9479334354400635, 4.076684951782227, 3.971949338912964, 3.936462163925171, 3.9375710487365723, 3.934792995452881, 3.9682531356811523, 3.931795120239258, 4.007529258728027, 3.9761013984680176, 3.9348649978637695, 3.8263473510742188, 3.963782787322998, 4.039340496063232, 3.947509288787842, 3.883305549621582, 4.0212931632995605, 3.8667678833007812, 4.055267333984375, 3.910376787185669, 4.062745571136475, 3.9627466201782227, 3.991664171218872, 3.933884382247925, 4.126148223876953, 4.049750328063965, 3.7995009422302246, 3.8042614459991455, 3.8816139698028564, 3.791665554046631, 4.122559070587158, 4.024336814880371, 4.039069652557373, 4.027215480804443, 4.025614261627197, 3.861804962158203, 3.8465335369110107, 3.9437553882598877, 3.9096953868865967, 3.8594744205474854, 3.9155452251434326, 4.043671607971191]
val step Loss: [4.349963188171387, 4.234857082366943, 4.413359642028809, 4.312402725219727, 4.280725479125977, 4.332866191864014, 4.3030829429626465, 4.30035400390625, 4.2664923667907715, 4.330999374389648, 4.351057052612305, 4.182821273803711, 4.2590012550354, 4.335599422454834, 4.418933391571045, 4.304349422454834]
Train step Accs: [0.21757905000696476, 0.19089915277398195, 0.22699086161879894, 0.2088282219464634, 0.20843537414965987, 0.20258683330911204, 0.21564994298745724, 0.21821889870836167, 0.21896972305926246, 0.19051774287376383, 0.21496924128503075, 0.2132013201320132, 0.1962736452851657, 0.21868566904196357, 0.19806829002856755, 0.21553281155930162, 0.20064724919093851, 0.22474708171206226, 0.20446497305619707, 0.21377566200535555, 0.21430425752855659, 0.19674915089762252, 0.19412813829057485, 0.19638586234387456, 0.20704721634954193, 0.21001265136454003, 0.21948687527806615, 0.2029905487374806, 0.21224238695785913, 0.2111801242236025, 0.20137430807405993, 0.2165631469979296, 0.2316831683168317, 0.21523127238747858, 0.20034767492394612, 0.20097780126849896, 0.22666666666666666, 0.2019623875715454, 0.23573721906643616, 0.19308265905124544, 0.2182258064516129, 0.1956016726033762, 0.2205497382198953, 0.20116129032258065, 0.20503597122302158, 0.18446601941747573, 0.2090365682137834, 0.24068808643730452, 0.2383975172802934, 0.2174357476635514, 0.24927395934172314, 0.1925417381806834, 0.21009009009009008, 0.1981586402266289, 0.20155142436806206, 0.1902621722846442, 0.22155030236393622, 0.22718197375926982, 0.2237354085603113, 0.22613333333333333, 0.23141537169256615, 0.2207451460556236, 0.21737671922173768]
val step Accs: [0.14998643883916463, 0.17106109324758842, 0.14844053319528924, 0.16064086204452005, 0.15795425986428752, 0.1514374409501957, 0.14464944649446496, 0.143796992481203, 0.1725085910652921, 0.1389023016256237, 0.15087093677136196, 0.17582128777923783, 0.16405193400054097, 0.14566623544631307, 0.15092592592592594, 0.15964616680707666]
Preds: [17, 17, 17, 284, 284, 35, 35, 35, 171, 171, 171, 246, 464, 464, 35, 35, 35, 35, 35, 486, 324, 171, 171, 171, 246, 246, 464, 19, 19, 454, 374, 355, 355, 284, 486, 35, 486, 355, 284, 35, 324, 324, 324, 171, 171, 246, 246, 464, 464, 464, 19, 354, 355, 355, 374, 374, 132, 250, 250, 250, 250, 182, 182, 182, 387, 284, 284, 284, 250, 250, 98, 98, 182, 182, 182, 182, 98, 182, 182, 182, 182, 182, 182, 387, 387, 387, 284, 284, 284, 284, 284, 284, 413, 413, 284, 413, 413, 250, 250, 250, 250, 250, 250, 48, 414, 414, 414, 414, 414, 170, 170, 392, 392, 392, 392, 73, 392, 392, 392, 73, 392, 392, 73, 73, 320, 320, 320, 287, 287, 284, 284, 35, 171, 171, 213, 464, 354, 355, 355, 355, 374, 374, 374, 250, 250, 387, 284, 324, 324, 171, 171, 171, 246, 464, 464, 19, 19, 355, 355, 486, 486, 486, 486, 324, 35, 35, 486, 486, 486, 35, 486, 486, 486, 486, 486, 355, 355, 355, 486, 324, 324, 35, 324, 324, 324, 35, 355, 355, 355, 486, 324, 213, 246, 246, 246, 246, 246, 246, 246, 246, 246, 454, 454, 454, 355, 284, 284, 284, 284, 284, 284, 284, 284, 486, 486, 35, 355, 263, 414, 414, 414, 414, 170, 170, 170, 47, 320, 320, 320, 47, 320, 287, 284, 153, 153, 153, 153, 73, 73, 287, 287, 171, 171, 171, 171, 171, 464, 464, 354, 284, 355, 355, 355, 284, 284, 284, 284, 355, 284, 486, 486, 486, 486, 35, 35, 35, 486, 486, 486, 19, 19, 19, 19, 19, 19, 19, 19, 19, 19, 19, 19, 19, 19, 19, 19, 19, 19, 19, 19, 19, 19, 19, 19, 19, 19, 19, 19, 19, 19, 19, 19, 19, 19, 19, 19, 19, 19, 19, 19, 19, 19, 19, 19, 19, 19, 19, 19, 19, 19, 19, 19, 19, 19, 19, 19, 19, 19, 19, 19, 19, 19, 19, 19, 19, 19, 19, 19, 19, 19, 19, 19, 19, 19, 19, 19, 19, 19, 19, 19, 19, 19, 19, 19, 19, 19, 19, 19, 19, 19, 19, 19, 19, 19, 19, 19, 19, 19, 19, 19, 19, 19, 19, 19, 19, 19, 19, 19, 19, 19, 19, 19, 19, 19, 19, 19, 19, 19, 19, 19, 19, 19, 19, 19, 19, 19, 19, 19, 19, 19, 19, 19, 19, 19, 19, 19, 19, 19, 19, 19, 19, 19, 19, 19, 19, 19, 19, 19, 19, 19, 19, 19, 19, 19, 19, 19, 19, 19, 19, 19, 19, 19, 19, 19, 19, 19, 19, 19, 19, 19, 19, 19, 19, 19, 19, 19, 19, 19, 19, 19, 19, 19, 19, 19, 19, 19, 19, 19, 19, 19, 19, 19, 19, 19, 19, 19, 19, 19, 19, 19, 19, 19, 19, 19, 19, 19, 19, 19, 19, 19, 19, 19, 19, 19, 19, 19, 19, 19, 19, 19, 19, 19, 19, 19, 19, 19, 19, 19, 19, 19, 19, 19, 19, 19, 19, 19, 19, 19, 19, 19, 19, 19, 19, 19, 19, 19, 19, 19, 19, 19, 19, 19, 19, 19, 19, 19, 19, 19, 19, 19, 19, 19, 19, 19, 19, 19, 19, 19, 19, 19, 19, 19, 19, 19, 19, 19, 19, 19, 19, 19, 19, 19, 19, 19, 19, 19, 19, 19, 19, 19, 19, 19, 19, 19, 19, 19, 19, 19, 19, 19, 19, 19, 19, 19, 19, 19, 19, 19, 19, 19, 19, 19, 19, 19, 19, 19, 19, 19, 19, 19, 19, 19, 19, 19, 19, 19, 19, 19, 19, 19, 19]

ep12
Train step Loss: [3.8281283378601074, 3.9961493015289307, 3.9707963466644287, 3.91774845123291, 3.8331220149993896, 3.9922239780426025, 4.0046257972717285, 3.9370436668395996, 3.7696897983551025, 3.837641716003418, 3.927034616470337, 3.9507787227630615, 3.930537700653076, 3.827592611312866, 3.715581178665161, 3.919086217880249, 3.850451707839966, 3.9380993843078613, 3.8611955642700195, 3.8503451347351074, 3.7649238109588623, 3.9777233600616455, 3.6641781330108643, 3.8051095008850098, 3.889073371887207, 3.8032002449035645, 4.014223098754883, 3.8760666847229004, 3.7662744522094727, 3.7888574600219727, 3.92464542388916, 3.8208322525024414, 3.913264274597168, 3.925942897796631, 3.8727927207946777, 3.8551366329193115, 3.8507800102233887, 3.7746427059173584, 4.0219926834106445, 3.8584630489349365, 3.864645481109619, 3.8812570571899414, 3.86643385887146, 3.8780550956726074, 3.743180751800537, 3.877140998840332, 3.8702969551086426, 3.8150510787963867, 3.7852091789245605, 3.810133695602417, 3.8040597438812256, 3.817671060562134, 3.789571523666382, 3.6633286476135254, 3.811903715133667, 3.834010124206543, 3.8938000202178955, 3.759925603866577, 3.805576801300049, 3.6766130924224854, 3.6982622146606445, 3.8446176052093506, 3.841209650039673]
val step Loss: [4.105641841888428, 4.193160533905029, 4.273633003234863, 4.285455703735352, 4.333550930023193, 4.080524921417236, 4.206909656524658, 4.087087154388428, 4.23720645904541, 4.228339195251465, 4.246246337890625, 4.1442790031433105, 4.212851524353027, 4.223844528198242, 4.2257232666015625, 4.116326332092285]
Train step Accs: [0.2406658369632856, 0.2005280915358662, 0.21688819390148553, 0.20934426229508196, 0.2372697724810401, 0.19825708061002179, 0.20252191296324773, 0.22303247110621904, 0.260669828097214, 0.24360243178283614, 0.21429568616501465, 0.21663442940038685, 0.21475207340744662, 0.2438982170676822, 0.2511539505837632, 0.2338826250361376, 0.21292157659488012, 0.22123377570366048, 0.2233863665761221, 0.22851791149613673, 0.23745928338762215, 0.20835184362505554, 0.262698297191093, 0.23233498109915673, 0.22766272189349113, 0.24123945489941595, 0.2081489394170609, 0.23671497584541062, 0.23359651511026408, 0.24515424515424517, 0.21809324982602643, 0.24082313681868742, 0.22042436269271867, 0.2131324004305705, 0.22482758620689655, 0.23164829255176123, 0.22395760702830847, 0.2505858230814294, 0.1887811854441443, 0.2293425814234017, 0.2332856915991742, 0.22417786012042612, 0.23369002416292717, 0.2204391891891892, 0.24995867085468673, 0.2303098773402195, 0.23019207683073228, 0.2441860465116279, 0.24540663723116365, 0.2453795848734717, 0.2419378808143855, 0.2340342679127726, 0.23573036683882928, 0.2572205672840306, 0.23509881422924903, 0.22300194931773878, 0.21650087770626097, 0.23881285560510535, 0.23938422065426557, 0.2592495062541145, 0.25531088082901554, 0.22462430793567098, 0.24663299663299662]
val step Accs: [0.18609099603771007, 0.16167256878234815, 0.15340431493415524, 0.15316346979673634, 0.15459788529317525, 0.1851695511467567, 0.16135135135135134, 0.17326393644706203, 0.16526273565984756, 0.16380534400413063, 0.16554102600948412, 0.1726873321942885, 0.16671162665227948, 0.16283141570785392, 0.16200332183467483, 0.15136019635917367]
Preds: [17, 17, 17, 284, 284, 284, 284, 35, 35, 35, 284, 284, 284, 284, 284, 284, 284, 374, 374, 374, 413, 355, 284, 35, 324, 324, 213, 171, 171, 246, 246, 246, 246, 19, 454, 454, 454, 355, 355, 355, 355, 355, 35, 324, 324, 213, 246, 246, 246, 246, 19, 19, 454, 454, 414, 414, 414, 170, 392, 392, 392, 392, 392, 392, 392, 392, 73, 320, 320, 320, 320, 287, 287, 287, 387, 387, 182, 182, 182, 182, 284, 284, 284, 250, 284, 284, 284, 284, 35, 35, 35, 35, 324, 324, 213, 213, 213, 246, 246, 246, 246, 246, 246, 246, 246, 19, 19, 19, 355, 355, 355, 355, 284, 284, 486, 324, 324, 171, 246, 19, 19, 355, 355, 35, 324, 324, 171, 171, 246, 19, 19, 355, 180, 355, 355, 486, 324, 213, 246, 246, 246, 246, 246, 246, 246, 246, 454, 454, 414, 414, 414, 414, 414, 320, 188, 35, 35, 284, 374, 355, 284, 284, 284, 284, 284, 486, 324, 324, 464, 464, 464, 374, 374, 132, 374, 374, 355, 355, 355, 284, 284, 35, 324, 324, 213, 213, 246, 246, 246, 19, 19, 355, 355, 355, 486, 35, 464, 324, 324, 464, 464, 464, 19, 354, 355, 355, 355, 355, 355, 355, 355, 355, 374, 250, 250, 250, 250, 250, 182, 182, 182, 182, 182, 182, 182, 182, 98, 98, 414, 414, 170, 170, 170, 392, 392, 63, 63, 63, 63, 63, 63, 63, 63, 63, 63, 63, 63, 63, 63, 63, 73, 73, 320, 320, 320, 7, 287, 284, 284, 284, 284, 284, 284, 284, 35, 35, 284, 355, 355, 355, 284, 284, 35, 35, 35, 35, 486, 355, 355, 355, 486, 284, 284, 284, 284, 284, 355, 355, 374, 284, 284, 486, 486, 35, 35, 324, 213, 213, 324, 464, 464, 355, 355, 355, 355, 355, 374, 374, 374, 374, 132, 355, 284, 284, 284, 284, 284, 284, 284, 355, 355, 324, 324, 324, 464, 239, 355, 355, 35, 324, 324, 464, 464, 464, 464, 19, 19, 486, 486, 454, 454, 414, 414, 414, 170, 170, 392, 392, 392, 392, 63, 63, 63, 63, 63, 63, 63, 63, 63, 63, 63, 63, 63, 63, 63, 63, 63, 73, 63, 73, 320, 320, 320, 320, 7, 287, 284, 284, 240, 171, 171, 171, 171, 171, 171, 246, 464, 464, 354, 454, 454, 374, 355, 284, 35, 284, 355, 374, 132, 250, 250, 182, 182, 182, 284, 284, 35, 35, 324, 213, 213, 464, 464, 464, 464, 19, 19, 354, 180, 35, 213, 213, 246, 246, 246, 19, 454, 454, 355, 355, 355, 355, 414, 132, 250, 387, 284, 284, 284, 284, 35, 35, 324, 324, 464, 464, 19, 355, 355, 355, 355, 355, 355, 374, 284, 486, 486, 486, 486, 486, 355, 355, 355, 374, 132, 284, 486, 486, 486, 486, 486, 486, 486, 486, 486, 486, 486, 486, 486, 486, 486, 486, 486, 486, 486, 486, 486, 486, 486, 486, 486, 486, 486, 486, 486, 486, 486, 486, 486, 486, 486, 486, 486, 486, 486, 486, 486, 486, 486, 486, 486, 486, 486, 486, 486, 486, 486, 486, 486, 486, 486, 486, 486, 486, 486, 486, 486, 486, 486, 486, 486, 486, 486, 486, 486, 486, 486, 486, 486, 486, 486, 486, 486, 486, 486, 486, 486, 486, 486, 486, 486, 486, 486, 486, 486, 486, 486, 486, 486, 486, 486, 486, 486, 486, 486, 486, 486, 486, 486, 486, 486, 486, 486, 486, 486, 486, 486, 486, 486, 486, 486, 486, 486, 486, 486, 486, 486, 486, 486, 486, 486, 486, 486, 486, 486, 486, 486, 486, 486, 486]

ep13
Train step Loss: [3.882904052734375, 3.6872658729553223, 3.874537944793701, 3.7351460456848145, 3.775132417678833, 3.9245331287384033, 3.823963165283203, 3.864447593688965, 3.8202548027038574, 3.9283359050750732, 3.861297369003296, 3.7120933532714844, 3.840456485748291, 3.7634482383728027, 3.8552894592285156, 3.76861572265625, 3.8765406608581543, 3.574038028717041, 3.8623785972595215, 3.7360620498657227, 3.7439229488372803, 3.8367486000061035, 3.701932907104492, 3.7153656482696533, 3.7208924293518066, 3.7963387966156006, 3.64250111579895, 3.693178653717041, 3.7306363582611084, 3.7136077880859375, 3.617455244064331, 3.735032081604004, 3.74113392829895, 3.6474788188934326, 3.754883289337158, 3.8160793781280518, 3.768059015274048, 3.6637158393859863, 3.7940003871917725, 3.759146213531494, 3.7082581520080566, 3.590839147567749, 3.698256731033325, 3.68949818611145, 3.6897730827331543, 3.8381283283233643, 3.659517765045166, 3.7399773597717285, 3.6218807697296143, 3.6909255981445312, 3.7663981914520264, 3.7983365058898926, 3.64542555809021, 3.755723237991333, 3.6728224754333496, 3.6239852905273438, 3.5745999813079834, 3.688109874725342, 3.642397403717041, 3.796999216079712, 3.6016337871551514, 3.743101119995117, 3.570636749267578]
val step Loss: [4.1106672286987305, 4.114025115966797, 3.9542148113250732, 4.0964035987854, 4.144376277923584, 4.095934867858887, 4.068720817565918, 4.081245422363281, 4.06837797164917, 4.137717247009277, 4.141776084899902, 4.098954200744629, 4.114030838012695, 4.137283802032471, 4.021624565124512, 4.172308444976807]
Train step Accs: [0.23565103312561494, 0.2548302872062663, 0.22486239763726676, 0.2508828930639921, 0.2343937575030012, 0.21331479765214706, 0.242152466367713, 0.229745889387145, 0.2361816782140108, 0.20529911681386437, 0.23703921280657952, 0.2457274163435301, 0.23462174763122273, 0.2466128191766545, 0.22788072156092773, 0.25180091683038636, 0.23294383716547304, 0.27804313214647564, 0.22201963534361852, 0.25794475794475796, 0.2285076781729886, 0.231888405579721, 0.24748250554702167, 0.25131086142322095, 0.25744999319635326, 0.2380293384998616, 0.2644312393887946, 0.2577777777777778, 0.23984962406015037, 0.2657289776164549, 0.2833105335157319, 0.2549240292628025, 0.25681371171677436, 0.26753402123523257, 0.2456908344733242, 0.23677335075114303, 0.2553767483832155, 0.26098065458084924, 0.24083606301669006, 0.24498849819257312, 0.25372096258172205, 0.2753494956644842, 0.2508970466464256, 0.2647111429082454, 0.25675855639898787, 0.24566929133858267, 0.25131469692776087, 0.23571537406673776, 0.2887419209379227, 0.26265161020493516, 0.24425410421127766, 0.24577751892836341, 0.2721236112884689, 0.2626845409808247, 0.2612527114967462, 0.2738899267136083, 0.2760028149190711, 0.2516326247047381, 0.26242699545749515, 0.2498515439429929, 0.28863473909935666, 0.2485268120212139, 0.27230046948356806]
val step Accs: [0.18379230862550042, 0.1694810797485517, 0.218221199404359, 0.16375, 0.17294357579877634, 0.18815862451469773, 0.1677376171352075, 0.17793394237526353, 0.18510093829968724, 0.17632586112629853, 0.18297078931013053, 0.18270207517051226, 0.18112889637742208, 0.17636363636363636, 0.19205113952195665, 0.17056334892006234]
Preds: [17, 17, 284, 284, 284, 284, 35, 35, 35, 284, 355, 374, 355, 355, 284, 284, 284, 284, 284, 486, 35, 486, 35, 395, 355, 355, 355, 355, 355, 35, 35, 324, 324, 35, 35, 264, 355, 355, 355, 284, 284, 284, 284, 355, 355, 355, 355, 355, 355, 374, 374, 250, 250, 250, 250, 250, 48, 48, 414, 414, 414, 170, 170, 47, 47, 47, 47, 47, 47, 47, 392, 73, 73, 73, 73, 73, 321, 320, 320, 320, 320, 320, 320, 320, 80, 392, 73, 392, 73, 63, 63, 63, 63, 73, 73, 73, 320, 320, 287, 287, 287, 287, 387, 387, 284, 284, 35, 213, 213, 213, 213, 213, 246, 246, 246, 246, 246, 246, 246, 246, 246, 246, 246, 19, 19, 19, 19, 464, 464, 19, 19, 19, 19, 19, 264, 180, 355, 355, 486, 486, 486, 486, 324, 171, 171, 171, 171, 171, 171, 246, 246, 246, 246, 246, 246, 246, 19, 19, 355, 355, 355, 355, 355, 355, 486, 464, 464, 464, 324, 213, 213, 324, 464, 464, 464, 19, 19, 355, 374, 355, 355, 355, 355, 284, 284, 35, 35, 464, 324, 464, 464, 464, 19, 464, 19, 354, 355, 355, 355, 355, 355, 355, 355, 374, 374, 132, 132, 132, 250, 250, 250, 182, 182, 182, 182, 182, 182, 182, 182, 182, 182, 182, 182, 182, 387, 387, 387, 387, 387, 387, 293, 413, 374, 374, 374, 413, 250, 250, 250, 182, 182, 182, 182, 182, 122, 284, 284, 284, 355, 355, 355, 284, 324, 324, 324, 324, 464, 354, 355, 374, 374, 132, 132, 250, 250, 250, 182, 182, 182, 387, 387, 387, 284, 413, 374, 374, 413, 284, 35, 324, 324, 324, 464, 464, 19, 19, 19, 395, 355, 355, 355, 374, 263, 263, 414, 414, 414, 170, 170, 170, 47, 47, 47, 47, 392, 392, 73, 392, 392, 392, 392, 392, 392, 73, 73, 73, 73, 320, 320, 188, 287, 287, 287, 153, 387, 153, 153, 182, 182, 182, 182, 182, 182, 182, 182, 182, 182, 182, 182, 182, 182, 182, 182, 182, 182, 182, 122, 122, 35, 239, 486, 486, 355, 355, 284, 284, 374, 374, 250, 250, 182, 387, 387, 387, 293, 284, 293, 35, 35, 324, 324, 324, 324, 464, 19, 180, 464, 180, 355, 355, 355, 284, 486, 486, 355, 355, 355, 355, 355, 284, 284, 284, 486, 486, 486, 486, 486, 486, 486, 486, 486, 486, 284, 35, 284, 486, 355, 486, 486, 486, 486, 486, 486, 486, 486, 355, 355, 355, 284, 284, 486, 486, 486, 486, 486, 486, 324, 324, 35, 180, 180, 180, 486, 324, 324, 324, 324, 464, 464, 374, 374, 374, 374, 132, 132, 132, 48, 414, 387, 284, 250, 250, 182, 182, 250, 250, 98, 182, 182, 182, 182, 98, 98, 414, 414, 414, 170, 170, 170, 392, 392, 392, 73, 73, 73, 392, 63, 63, 63, 63, 63, 63, 63, 63, 73, 73, 73, 73, 63, 63, 63, 63, 63, 63, 63, 63, 63, 63, 63, 73, 73, 73, 73, 73, 73, 73, 73, 320, 320, 7, 287, 287, 287, 284, 284, 284, 284, 284, 284, 284, 284, 284, 293, 413, 250, 250, 387, 284, 284, 387, 387, 387, 250, 250, 387, 387, 284, 35, 35, 284, 35, 324, 213, 464, 213, 213, 171, 171, 171, 171, 171, 246, 19, 19, 19, 354, 19, 486, 355, 486, 35, 464, 464, 19, 355, 374, 374, 374, 132, 132, 132, 182, 387, 387, 374, 387, 387, 387, 413, 413, 413, 413, 284, 284, 284, 374, 250, 250, 250, 387, 250, 250, 122, 35, 35, 35, 35, 354, 486, 486]

ep14
Train step Loss: [3.755434036254883, 3.627115249633789, 3.7123591899871826, 3.675229072570801, 3.6051440238952637, 3.6471903324127197, 3.5534801483154297, 3.689262866973877, 3.638669967651367, 3.582102060317993, 3.643395185470581, 3.643474817276001, 3.686793565750122, 3.6577186584472656, 3.444071054458618, 3.630160093307495, 3.657867908477783, 3.700662851333618, 3.6429195404052734, 3.706756353378296, 3.618000030517578, 3.690143346786499, 3.729214668273926, 3.5771713256835938, 3.537684679031372, 3.614912509918213, 3.653259515762329, 3.6971609592437744, 3.706465005874634, 3.714015007019043, 3.6473536491394043, 3.6283674240112305, 3.6085026264190674, 3.625626564025879, 3.67370867729187, 3.6289820671081543, 3.7020344734191895, 3.6725094318389893, 3.5652315616607666, 3.589143753051758, 3.6083781719207764, 3.5761349201202393, 3.5962445735931396, 3.560770034790039, 3.7197306156158447, 3.578535318374634, 3.644495964050293, 3.5972166061401367, 3.730412483215332, 3.525578260421753, 3.5743930339813232, 3.759199857711792, 3.666005849838257, 3.5946767330169678, 3.5758979320526123, 3.5982770919799805, 3.5472121238708496, 3.556363582611084, 3.650352716445923, 3.57244873046875, 3.5956554412841797, 3.5148916244506836, 3.5287904739379883]
val step Loss: [3.9696195125579834, 3.9381284713745117, 3.957160472869873, 4.0036187171936035, 3.8592305183410645, 4.065258026123047, 3.953711986541748, 3.997232675552368, 4.007953643798828, 3.972367525100708, 4.026782512664795, 3.9191033840179443, 3.988840103149414, 3.9596376419067383, 3.998013734817505, 4.046070575714111]
Train step Accs: [0.25247451617668787, 0.27802690582959644, 0.25501432664756446, 0.2673188789000529, 0.27727054300816917, 0.2753013737033922, 0.2810785389559492, 0.26834988962472406, 0.27431386347642506, 0.27333062440742245, 0.2615791795324217, 0.26518636003172086, 0.26598191016403494, 0.26752794309769196, 0.3008588298443371, 0.27166743365546864, 0.2835922827386034, 0.26002086127253765, 0.2645985401459854, 0.25832305795314425, 0.27103342297349214, 0.2595460144289988, 0.25707049387927394, 0.2878228782287823, 0.29403429219214966, 0.2847069193477303, 0.2616525423728814, 0.2727552749114431, 0.246999276934201, 0.2687090382563634, 0.26283340034847874, 0.2845494748479823, 0.2776569297700435, 0.2792115160160809, 0.2639600942219759, 0.2568362246398118, 0.25752561071710006, 0.26172185430463574, 0.2865058087578195, 0.2857142857142857, 0.28047435190292336, 0.2906481627503548, 0.2733097285449334, 0.28161342558516117, 0.26351538674799, 0.2828900583131845, 0.2666920538207667, 0.2852642632131607, 0.2647866955892986, 0.28748890860692106, 0.28932666862687445, 0.24787250502862448, 0.25476289806702823, 0.2703310430980637, 0.2717645440792188, 0.27310600216016045, 0.2745034190817323, 0.2753972758229285, 0.26993865030674846, 0.28665964806737854, 0.27396886096694895, 0.29699570815450643, 0.29325699745547074]
val step Accs: [0.2210670314637483, 0.2057602143335566, 0.20046844860843208, 0.18588640275387264, 0.21645077720207254, 0.191589431456633, 0.20199370409233997, 0.20701920796774959, 0.20481090100111235, 0.20922229869236064, 0.19521857923497268, 0.2126421923474664, 0.1941973450116327, 0.20408163265306123, 0.2032004064008128, 0.19738455251328157]
Preds: [17, 17, 17, 17, 387, 153, 153, 284, 284, 284, 284, 284, 48, 284, 387, 387, 284, 284, 284, 284, 284, 284, 284, 284, 284, 250, 48, 414, 414, 414, 414, 170, 170, 170, 47, 47, 47, 320, 320, 287, 287, 284, 35, 35, 35, 35, 35, 264, 354, 355, 355, 355, 413, 413, 35, 240, 324, 324, 171, 171, 171, 464, 19, 19, 19, 464, 464, 454, 454, 414, 132, 387, 284, 240, 324, 324, 324, 19, 374, 374, 284, 284, 284, 284, 374, 132, 132, 132, 132, 182, 182, 182, 182, 98, 98, 387, 98, 182, 98, 98, 98, 98, 182, 98, 122, 122, 284, 413, 355, 355, 250, 250, 284, 284, 284, 284, 284, 284, 284, 284, 284, 355, 355, 413, 413, 413, 284, 250, 250, 250, 250, 250, 250, 98, 98, 414, 414, 414, 414, 47, 170, 170, 170, 47, 392, 47, 47, 47, 47, 47, 47, 73, 73, 320, 320, 320, 287, 287, 287, 284, 171, 171, 35, 486, 180, 486, 180, 355, 355, 486, 486, 486, 376, 284, 284, 355, 355, 355, 374, 284, 284, 284, 180, 355, 486, 486, 324, 324, 464, 464, 19, 355, 355, 486, 486, 454, 263, 263, 414, 414, 414, 47, 47, 47, 47, 320, 320, 287, 287, 287, 153, 153, 47, 47, 47, 73, 320, 47, 47, 47, 47, 73, 73, 73, 73, 73, 320, 320, 287, 287, 188, 486, 486, 486, 35, 35, 355, 355, 355, 355, 355, 284, 284, 324, 324, 213, 213, 246, 246, 246, 246, 19, 454, 454, 414, 414, 414, 414, 47, 320, 287, 188, 486, 240, 35, 35, 35, 35, 264, 180, 180, 486, 180, 486, 486, 180, 180, 374, 374, 374, 413, 413, 387, 284, 284, 284, 284, 284, 284, 284, 35, 35, 35, 486, 355, 374, 355, 355, 486, 486, 324, 324, 464, 213, 246, 246, 464, 19, 454, 454, 414, 414, 414, 414, 47, 320, 287, 153, 153, 182, 182, 182, 182, 182, 182, 182, 182, 182, 182, 182, 387, 284, 35, 35, 35, 486, 180, 355, 355, 486, 486, 486, 355, 324, 324, 171, 171, 19, 19, 486, 464, 464, 354, 264, 180, 264, 264, 464, 464, 464, 264, 264, 264, 354, 355, 355, 180, 35, 464, 464, 464, 464, 454, 454, 414, 414, 414, 414, 170, 170, 170, 392, 47, 47, 47, 320, 47, 392, 392, 392, 73, 320, 73, 73, 73, 73, 320, 320, 287, 287, 284, 284, 240, 240, 35, 35, 35, 77, 374, 374, 355, 284, 284, 324, 324, 213, 324, 324, 464, 19, 355, 454, 454, 132, 250, 387, 387, 250, 250, 182, 182, 182, 182, 182, 122, 324, 35, 374, 250, 98, 98, 98, 98, 182, 98, 98, 98, 414, 414, 414, 170, 170, 170, 170, 47, 47, 47, 320, 320, 320, 287, 287, 153, 153, 284, 284, 284, 284, 413, 250, 250, 182, 387, 182, 387, 387, 284, 284, 250, 48, 48, 284, 284, 35, 35, 486, 486, 486, 486, 486, 486, 486, 486, 486, 486, 486, 486, 486, 486, 486, 486, 486, 486, 486, 486, 486, 486, 486, 486, 486, 486, 486, 486, 486, 486, 486, 486, 486, 486, 486, 486, 486, 486, 486, 486, 486, 486, 486, 486, 486, 486, 486, 486, 486, 486, 486, 486, 486, 486, 486, 486, 486, 486, 486, 486, 486, 486, 486, 486, 486, 486, 486, 486, 486, 486, 486, 486, 486, 486, 486, 486, 486, 486, 486, 486, 486, 486, 486, 486, 486, 486, 486, 486, 486, 486, 486, 486, 486, 486, 486, 486, 486, 486, 486, 486, 486, 486, 486, 486, 486, 486, 486, 486, 486, 486, 486, 486, 486, 486, 486]

ep15
Train step Loss: [3.603604316711426, 3.7293777465820312, 3.593461275100708, 3.4998629093170166, 3.484433174133301, 3.5541961193084717, 3.563793420791626, 3.594801425933838, 3.617945909500122, 3.4978220462799072, 3.499957799911499, 3.5050888061523438, 3.5455739498138428, 3.54408860206604, 3.610013723373413, 3.5563981533050537, 3.450441837310791, 3.6667404174804688, 3.629528760910034, 3.494652032852173, 3.4573330879211426, 3.509906768798828, 3.501512050628662, 3.5783793926239014, 3.532344102859497, 3.628922939300537, 3.550837278366089, 3.5823652744293213, 3.512770891189575, 3.601703643798828, 3.471306085586548, 3.5019168853759766, 3.454679489135742, 3.3648521900177, 3.5285422801971436, 3.5975735187530518, 3.534273624420166, 3.4458892345428467, 3.482243299484253, 3.6238064765930176, 3.416961669921875, 3.453181505203247, 3.4131760597229004, 3.640096426010132, 3.4902658462524414, 3.4245054721832275, 3.5743308067321777, 3.592557191848755, 3.461625337600708, 3.631411075592041, 3.3867599964141846, 3.4957356452941895, 3.4422435760498047, 3.26414155960083, 3.460087299346924, 3.508589506149292, 3.482069969177246, 3.548820972442627, 3.47274112701416, 3.374220848083496, 3.4243719577789307, 3.3007538318634033, 3.5931968688964844]
val step Loss: [3.8764097690582275, 3.8129847049713135, 3.9378111362457275, 3.876671552658081, 3.853238582611084, 3.7925074100494385, 3.9232089519500732, 3.843661069869995, 3.8531882762908936, 3.7755112648010254, 3.8106908798217773, 3.88220477104187, 3.840712547302246, 3.9061107635498047, 3.8427107334136963, 3.855511426925659]
Train step Accs: [0.2837450525453801, 0.2631826005319981, 0.2776657573241608, 0.28968584931887686, 0.2947945205479452, 0.287627453964389, 0.298971898560658, 0.2762849662394929, 0.27538608719420526, 0.291970802919708, 0.2957473334256822, 0.30092325447201385, 0.29221841987799435, 0.29214007782101165, 0.2735595045772752, 0.28523908523908525, 0.304670626349892, 0.2757815540277598, 0.28093337427080134, 0.2954478273721549, 0.29650141834391464, 0.285332937861486, 0.28493035035880115, 0.28153018529587565, 0.2942298521697663, 0.27154471544715447, 0.2925710791806787, 0.28549323017408124, 0.28982456140350876, 0.27294541091781643, 0.3044475011462632, 0.30483490566037735, 0.30342857142857144, 0.32327952421410366, 0.2969493422893927, 0.27771444856084354, 0.2889233152594888, 0.29840454299621416, 0.3009118541033435, 0.2778741865509761, 0.3124910981341689, 0.30823373173970786, 0.31644974125764463, 0.2636095467953875, 0.31174924924924924, 0.3118945102260495, 0.29077313769751695, 0.28090244677470605, 0.31383895592218664, 0.27342945417095776, 0.3224415325924697, 0.29689146469968386, 0.31788548752834467, 0.3435993572576326, 0.3004851425106125, 0.2952766908887647, 0.3011173184357542, 0.28774193548387095, 0.30537707135610415, 0.3174086673568999, 0.30707644628099173, 0.3389161004898088, 0.28338136407300674]
val step Accs: [0.22335657370517928, 0.23270440251572327, 0.214877277518446, 0.21548223350253806, 0.22354241503177674, 0.23344347076569458, 0.22377049180327868, 0.2331097863884749, 0.2168135593220339, 0.24632637277648878, 0.232398165632587, 0.22338850760328355, 0.2287354787020964, 0.21643231320650674, 0.22416690002800335, 0.225115161225716]
Preds: [17, 17, 284, 284, 486, 486, 284, 284, 35, 35, 284, 374, 153, 153, 153, 153, 153, 182, 122, 122, 486, 284, 486, 374, 153, 153, 387, 387, 284, 284, 284, 250, 48, 48, 414, 47, 47, 414, 47, 47, 47, 47, 47, 47, 73, 47, 47, 47, 73, 392, 73, 73, 73, 73, 73, 73, 321, 320, 320, 287, 287, 153, 287, 153, 153, 73, 73, 73, 73, 73, 244, 321, 153, 47, 47, 320, 287, 287, 287, 287, 287, 287, 284, 284, 35, 284, 284, 284, 284, 284, 284, 284, 284, 284, 486, 35, 35, 464, 213, 213, 213, 213, 246, 246, 246, 246, 246, 19, 19, 355, 355, 355, 450, 450, 450, 486, 464, 464, 239, 464, 464, 464, 374, 374, 374, 132, 132, 132, 132, 132, 132, 132, 132, 132, 132, 132, 98, 98, 98, 98, 98, 98, 98, 48, 414, 414, 414, 47, 47, 414, 170, 392, 73, 320, 188, 171, 213, 213, 213, 213, 246, 246, 246, 374, 454, 48, 132, 132, 98, 98, 182, 182, 182, 387, 284, 284, 284, 284, 284, 284, 450, 355, 355, 374, 374, 303, 122, 486, 267, 324, 324, 464, 19, 239, 354, 454, 374, 387, 284, 374, 284, 284, 35, 35, 486, 35, 464, 464, 464, 464, 19, 19, 454, 454, 414, 414, 414, 414, 47, 320, 320, 287, 188, 240, 240, 464, 374, 374, 374, 374, 374, 426, 132, 132, 132, 132, 98, 98, 98, 98, 182, 284, 284, 284, 132, 98, 98, 284, 122, 48, 387, 387, 284, 35, 240, 171, 213, 213, 324, 246, 19, 19, 454, 454, 414, 414, 414, 47, 47, 320, 47, 47, 47, 47, 244, 320, 80, 47, 73, 73, 73, 73, 73, 73, 73, 73, 320, 392, 392, 392, 320, 320, 7, 287, 284, 284, 153, 387, 153, 153, 182, 182, 387, 284, 284, 35, 171, 171, 171, 171, 464, 464, 354, 354, 354, 180, 355, 355, 180, 486, 486, 180, 486, 180, 374, 374, 355, 132, 284, 486, 355, 35, 267, 464, 213, 213, 213, 19, 19, 464, 464, 239, 354, 180, 401, 284, 355, 284, 284, 284, 35, 284, 35, 355, 355, 355, 355, 355, 284, 486, 486, 180, 374, 374, 132, 132, 132, 182, 182, 182, 182, 182, 182, 182, 182, 122, 122, 35, 35, 354, 355, 355, 284, 267, 324, 395, 355, 355, 355, 355, 284, 374, 132, 132, 132, 98, 182, 182, 182, 182, 387, 387, 387, 387, 122, 240, 284, 35, 35, 354, 354, 374, 374, 387, 387, 303, 250, 182, 387, 153, 122, 240, 486, 374, 355, 284, 486, 264, 264, 264, 374, 355, 284, 35, 35, 180, 355, 180, 180, 35, 464, 464, 19, 19, 395, 180, 180, 180, 180, 180, 486, 264, 354, 374, 355, 355, 355, 426, 374, 284, 450, 355, 374, 355, 426, 331, 180, 486, 486, 264, 395, 180, 180, 35, 324, 355, 374, 374, 374, 303, 303, 284, 486, 486, 355, 374, 153, 387, 153, 387, 284, 284, 284, 413, 284, 250, 413, 413, 250, 98, 98, 414, 414, 98, 387, 122, 35, 35, 35, 464, 354, 355, 374, 374, 122, 240, 464, 324, 464, 454, 414, 414, 414, 414, 170, 170, 170, 170, 392, 73, 320, 47, 73, 73, 73, 73, 320, 320, 320, 7, 287, 392, 73, 320, 320, 392, 73, 73, 73, 320, 320, 287, 188, 171, 486, 284, 284, 355, 284, 284, 284, 374, 132, 387, 387, 387, 182, 182, 284, 122, 35, 374, 153, 153, 153, 387, 387, 387, 387, 387, 387, 413, 413, 374, 374, 132, 98, 98, 414, 414, 414, 414, 414, 170, 170, 47, 47, 47, 47, 73]

ep16
Train step Loss: [3.35606050491333, 3.3365609645843506, 3.4172284603118896, 3.4611339569091797, 3.550077438354492, 3.5358073711395264, 3.418224334716797, 3.47363543510437, 3.5965359210968018, 3.3721280097961426, 3.3734054565429688, 3.5152363777160645, 3.545619487762451, 3.3881142139434814, 3.4158594608306885, 3.3281285762786865, 3.493873119354248, 3.3381905555725098, 3.445380926132202, 3.474524736404419, 3.4329068660736084, 3.40694522857666, 3.4573588371276855, 3.445284366607666, 3.3530635833740234, 3.4429006576538086, 3.6227922439575195, 3.3136632442474365, 3.455094814300537, 3.2992794513702393, 3.3577725887298584, 3.4228837490081787, 3.4568440914154053, 3.48901104927063, 3.339823007583618, 3.370220422744751, 3.29491925239563, 3.3597524166107178, 3.4070465564727783, 3.4045302867889404, 3.3189215660095215, 3.312424898147583, 3.3123764991760254, 3.207608222961426, 3.377249002456665, 3.3552961349487305, 3.455752372741699, 3.3683154582977295, 3.234504461288452, 3.472268581390381, 3.338792324066162, 3.3798961639404297, 3.2284042835235596, 3.3694498538970947, 3.3694543838500977, 3.3594577312469482, 3.242098331451416, 3.424156427383423, 3.3801751136779785, 3.3562917709350586, 3.2316336631774902, 3.3397600650787354, 3.2592294216156006]
val step Loss: [3.7213845252990723, 3.7168233394622803, 3.7747271060943604, 3.7468619346618652, 3.721120834350586, 3.753786325454712, 3.7375729084014893, 3.662980079650879, 3.729335308074951, 3.693183660507202, 3.6780271530151367, 3.725020408630371, 3.800802230834961, 3.6750645637512207, 3.7498779296875, 3.808281421661377]
Train step Accs: [0.3270094134685011, 0.3415488552483423, 0.3127893135828594, 0.3097858417608566, 0.29197977865828667, 0.2838913282107574, 0.3088833281201126, 0.28475095785440613, 0.27836566725455614, 0.3155010438413361, 0.3156412783330987, 0.29447767422450966, 0.2995458968537139, 0.32695795548227535, 0.31046511627906975, 0.3232848232848233, 0.3106648199445983, 0.32433869466967963, 0.3182094081942337, 0.3093173577171685, 0.29639109291016125, 0.31376843334793403, 0.3020879609062639, 0.308159029219224, 0.3277310924369748, 0.29594306049822067, 0.28459038823328203, 0.3351071692535107, 0.30851063829787234, 0.3326432022084196, 0.3265790944661822, 0.32529565350944556, 0.31152228763666945, 0.29956772334293946, 0.3266955266955267, 0.31647437617386637, 0.3309509011808577, 0.3197440857015325, 0.3210303125490812, 0.3206206767620116, 0.33095515433896333, 0.3322330654420207, 0.33008288639687955, 0.3535592329918571, 0.3192365783331045, 0.32061598224195337, 0.3124235006119951, 0.32555944998651926, 0.3384064458370636, 0.297795771479982, 0.32214472537053185, 0.3299441500787627, 0.3477807566279416, 0.32331161137440756, 0.3210390355912744, 0.3315035479983934, 0.34488549618320613, 0.314717859220477, 0.32911729463453604, 0.3205229793977813, 0.3589263420724095, 0.3334207077326343, 0.3262489649461772]
val step Accs: [0.24130934667929121, 0.25535324107793156, 0.24162679425837322, 0.2456980204424893, 0.25717784732616683, 0.25322687957418494, 0.24206166589967787, 0.259483629020626, 0.2496016994158258, 0.26097742495658643, 0.26953854361162977, 0.24936170212765957, 0.24465465854606713, 0.2595307917888563, 0.2522898706896552, 0.2470389170896785]
Preds: [17, 17, 284, 284, 240, 443, 374, 374, 284, 284, 355, 355, 284, 450, 284, 486, 35, 486, 264, 468, 355, 355, 355, 355, 35, 35, 35, 35, 324, 264, 264, 468, 180, 180, 180, 355, 355, 355, 450, 450, 374, 250, 250, 250, 250, 48, 98, 98, 48, 48, 414, 320, 414, 414, 47, 47, 47, 47, 47, 47, 2, 73, 73, 321, 320, 73, 73, 73, 73, 73, 392, 63, 63, 73, 73, 73, 73, 73, 320, 320, 320, 287, 287, 287, 387, 122, 240, 443, 213, 213, 213, 213, 246, 246, 246, 246, 246, 246, 246, 246, 246, 19, 19, 19, 464, 464, 19, 19, 464, 19, 143, 354, 180, 180, 180, 486, 171, 171, 171, 171, 171, 246, 246, 246, 246, 246, 246, 19, 19, 355, 355, 355, 401, 355, 450, 486, 219, 264, 464, 464, 213, 171, 464, 464, 19, 19, 19, 19, 354, 107, 395, 180, 264, 464, 464, 464, 354, 355, 355, 355, 355, 355, 355, 355, 355, 355, 355, 355, 374, 132, 132, 132, 132, 250, 250, 182, 182, 182, 182, 182, 182, 182, 182, 182, 387, 426, 426, 450, 374, 303, 355, 284, 284, 355, 303, 250, 303, 250, 182, 387, 426, 355, 355, 413, 413, 355, 240, 267, 464, 464, 19, 355, 374, 374, 374, 132, 132, 250, 250, 182, 387, 387, 387, 387, 387, 413, 413, 122, 267, 213, 464, 464, 464, 464, 355, 355, 355, 486, 263, 263, 263, 414, 414, 414, 414, 170, 47, 47, 47, 392, 47, 47, 47, 392, 392, 73, 73, 73, 73, 320, 83, 188, 188, 7, 153, 387, 182, 250, 182, 98, 98, 182, 182, 182, 182, 182, 182, 182, 182, 182, 182, 182, 182, 122, 122, 239, 180, 486, 355, 355, 355, 355, 303, 303, 250, 250, 387, 293, 293, 426, 284, 284, 35, 324, 324, 19, 464, 239, 180, 354, 355, 180, 486, 180, 355, 355, 355, 355, 355, 355, 355, 355, 355, 355, 355, 355, 486, 486, 284, 284, 35, 284, 355, 284, 284, 486, 486, 486, 486, 486, 486, 180, 180, 180, 486, 486, 486, 35, 35, 240, 240, 264, 180, 180, 324, 324, 324, 19, 464, 464, 374, 132, 132, 374, 319, 180, 180, 180, 374, 303, 250, 98, 98, 98, 98, 182, 98, 98, 98, 414, 414, 414, 414, 170, 170, 170, 392, 73, 244, 73, 73, 392, 63, 63, 63, 73, 73, 73, 73, 73, 73, 63, 63, 63, 63, 63, 63, 73, 73, 73, 73, 73, 73, 321, 320, 320, 287, 287, 287, 284, 284, 284, 284, 284, 284, 284, 284, 250, 250, 250, 250, 182, 387, 387, 182, 182, 182, 182, 182, 122, 122, 35, 35, 464, 464, 19, 213, 171, 171, 171, 464, 464, 19, 374, 374, 374, 468, 401, 240, 464, 464, 143, 395, 374, 374, 132, 132, 374, 374, 374, 374, 413, 413, 413, 413, 293, 284, 284, 284, 374, 250, 250, 250, 250, 122, 240, 284, 486, 354, 450, 180, 486, 324, 213, 213, 246, 246, 19, 19, 19, 454, 454, 355, 284, 284, 240, 324, 324, 464, 171, 171, 464, 19, 19, 19, 374, 374, 180, 180, 180, 486, 284, 486, 486, 284, 284, 284, 355, 355, 35, 355, 263, 263, 48, 132, 132, 98, 98, 98, 387, 284, 182, 182, 98, 98, 98, 182, 387, 182, 98, 98, 98, 98, 48, 414, 414, 170, 170, 392, 392, 73, 73, 73, 73, 73, 73, 73, 392, 63, 63, 73, 63, 63, 63, 63, 73, 73, 73, 73, 73, 73, 320, 320, 7, 7, 287, 153, 182, 182, 182, 374, 374, 132, 132, 182, 182, 182, 122, 240, 35]

ep17
Train step Loss: [3.3763880729675293, 3.229480743408203, 3.3013336658477783, 3.3498711585998535, 3.3197760581970215, 3.360379457473755, 3.2307159900665283, 3.2763071060180664, 3.284409523010254, 3.2031991481781006, 3.229149341583252, 3.395224094390869, 3.4069859981536865, 3.325901746749878, 3.280233860015869, 3.39292049407959, 3.3720529079437256, 3.3331921100616455, 3.3771488666534424, 3.2708990573883057, 3.3524930477142334, 3.1197640895843506, 3.214395046234131, 3.3859474658966064, 3.258363723754883, 3.2302958965301514, 3.2624168395996094, 3.2420706748962402, 3.333815336227417, 3.2100815773010254, 3.3817713260650635, 3.245143175125122, 3.2017056941986084, 3.2794806957244873, 3.257720470428467, 3.2911646366119385, 3.2407524585723877, 3.413109064102173, 3.2397971153259277, 3.126436948776245, 3.273308515548706, 3.325596570968628, 3.299517869949341, 3.2855894565582275, 3.1736671924591064, 3.225269317626953, 3.304931163787842, 3.1387267112731934, 3.2257943153381348, 3.131887674331665, 3.125633716583252, 3.1977217197418213, 3.254861354827881, 3.2081167697906494, 3.31467604637146, 3.2022135257720947, 3.2351479530334473, 3.226513385772705, 3.228799819946289, 3.207671880722046, 3.2573132514953613, 3.291060209274292, 3.3071000576019287]
val step Loss: [3.589799404144287, 3.4517533779144287, 3.5253214836120605, 3.63531494140625, 3.618107557296753, 3.631572961807251, 3.585508108139038, 3.5870249271392822, 3.6227312088012695, 3.65203595161438, 3.6106045246124268, 3.621598958969116, 3.6019740104675293, 3.5795698165893555, 3.632575511932373, 3.6649696826934814]
Train step Accs: [0.3258365331870543, 0.3547578197175663, 0.3408140507387789, 0.3252176479268113, 0.337551652892562, 0.3261701501324698, 0.3523516835916622, 0.34363933533097246, 0.33507148864592096, 0.3576906986473295, 0.3417906482465462, 0.31704077566741934, 0.3274063942554283, 0.3274538624857096, 0.3368019932580976, 0.31904194786290857, 0.32201875837427424, 0.32997873848334514, 0.32777703693825844, 0.3449716004009355, 0.3255250403877221, 0.3782868204549121, 0.34555770827567117, 0.3297966401414677, 0.34966592427616927, 0.34736582964057117, 0.35291499777481083, 0.35634297175330104, 0.33318385650224214, 0.34975233902036323, 0.3199292263149429, 0.34811165845648606, 0.3631413012324448, 0.3465783664459161, 0.3475507302572056, 0.33922592741395474, 0.3484066767830046, 0.32256423301958786, 0.35269061479483177, 0.3736454269614218, 0.35044642857142855, 0.32683206654237773, 0.34075365428456483, 0.3550454613206141, 0.3644984802431611, 0.35588151523782396, 0.3400883742191071, 0.37044433349975037, 0.35964021471057595, 0.37168015906831414, 0.3722105263157895, 0.3531890164172599, 0.3549814444761633, 0.3477414871438499, 0.34873646209386283, 0.35799815781393923, 0.3491414554374489, 0.3418010752688172, 0.35979993748046263, 0.3620960698689956, 0.3552913983820373, 0.3471698113207547, 0.34168012924071084]
val step Accs: [0.28237986270022886, 0.30257247856267866, 0.29207920792079206, 0.26609875830205026, 0.27876631079478054, 0.278508432616432, 0.28914317610940554, 0.285001824595548, 0.28939168134399135, 0.2706389088298636, 0.28934655479277904, 0.2903391572456321, 0.28488894594941583, 0.28870352042980346, 0.2685803609492681, 0.2519607843137255]
Preds: [17, 17, 17, 284, 284, 486, 486, 486, 284, 355, 355, 284, 486, 486, 355, 355, 293, 319, 319, 374, 250, 182, 473, 486, 264, 240, 324, 324, 324, 434, 434, 434, 434, 19, 143, 354, 354, 464, 324, 324, 324, 246, 246, 246, 246, 246, 434, 434, 434, 434, 434, 19, 19, 454, 454, 414, 414, 414, 414, 414, 47, 47, 47, 47, 47, 47, 47, 320, 321, 188, 188, 188, 240, 171, 171, 171, 171, 143, 454, 374, 387, 387, 250, 250, 250, 250, 122, 122, 395, 395, 395, 395, 355, 395, 284, 355, 413, 413, 413, 293, 122, 395, 486, 355, 355, 284, 486, 486, 240, 324, 213, 324, 434, 434, 19, 19, 19, 19, 454, 454, 414, 414, 414, 414, 414, 414, 47, 170, 47, 47, 320, 320, 47, 244, 244, 80, 287, 287, 287, 284, 284, 284, 284, 240, 324, 324, 324, 324, 434, 246, 434, 434, 434, 434, 434, 434, 434, 434, 19, 19, 454, 454, 414, 414, 414, 414, 320, 244, 287, 188, 240, 35, 464, 219, 464, 464, 464, 464, 464, 354, 468, 355, 355, 355, 355, 355, 486, 284, 284, 284, 284, 284, 284, 284, 450, 450, 303, 250, 303, 250, 250, 250, 250, 182, 182, 387, 387, 387, 387, 387, 387, 387, 387, 284, 115, 115, 395, 374, 374, 355, 374, 374, 132, 132, 132, 182, 182, 98, 98, 98, 98, 414, 387, 284, 387, 284, 284, 284, 171, 171, 143, 180, 180, 180, 374, 303, 303, 355, 284, 284, 395, 486, 324, 171, 171, 171, 171, 171, 464, 19, 143, 374, 374, 374, 374, 486, 486, 395, 180, 486, 486, 486, 486, 486, 486, 486, 35, 35, 35, 374, 374, 153, 153, 182, 182, 182, 182, 182, 182, 182, 182, 182, 182, 182, 182, 182, 182, 98, 98, 98, 48, 48, 414, 47, 287, 287, 287, 387, 284, 284, 284, 284, 250, 48, 48, 98, 414, 414, 47, 188, 188, 486, 486, 486, 486, 486, 486, 486, 486, 486, 486, 486, 486, 486, 486, 486, 486, 486, 486, 486, 486, 486, 486, 486, 486, 486, 486, 486, 486, 486, 486, 486, 486, 486, 486, 486, 486, 486, 486, 486, 486, 486, 486, 486, 486, 486, 486, 486, 486, 486, 486, 486, 486, 486, 486, 486, 486, 486, 486, 486, 486, 486, 486, 486, 486, 486, 486, 486, 486, 486, 486, 486, 486, 486, 486, 486, 486, 486, 486, 486, 486, 486, 486, 486, 486, 486, 486, 486, 486, 486, 486, 486, 486, 486, 486, 486, 486, 486, 486, 486, 486, 486, 486, 486, 486, 486, 486, 486, 486, 486, 486, 486, 486, 486, 486, 486, 486, 486, 486, 486, 486, 486, 486, 486, 486, 486, 486, 19, 19, 19, 19, 19, 19, 19, 19, 19, 19, 19, 19, 19, 19, 19, 19, 19, 19, 19, 19, 19, 19, 19, 19, 19, 19, 19, 19, 19, 19, 19, 19, 19, 19, 19, 19, 19, 19, 19, 19, 19, 19, 19, 19, 19, 19, 19, 19, 19, 19, 19, 19, 19, 19, 19, 19, 19, 19, 19, 19, 19, 19, 19, 19, 19, 19, 19, 19, 19, 19, 19, 19, 19, 19, 19, 19, 19, 19, 19, 19, 19, 19, 19, 19, 19, 19, 19, 19, 19, 19, 19, 19, 19, 19, 19, 19, 19, 19, 19, 19, 19, 19, 19, 19, 19, 19, 19, 19, 19, 19, 19, 19, 19, 19, 19, 19, 19, 19, 19, 19, 19, 19, 19, 19, 19, 19, 19, 19, 19, 19, 19, 19, 19, 19, 19, 19, 19, 19, 19, 19, 19, 19, 19, 19, 19, 19, 19, 19, 19, 19, 19, 19, 19]

ep18
Train step Loss: [3.1741695404052734, 3.0414535999298096, 3.1537816524505615, 3.33280086517334, 3.222019672393799, 3.280702590942383, 3.1741740703582764, 3.217583179473877, 3.073209047317505, 3.068559169769287, 3.20520281791687, 3.1554932594299316, 3.1368777751922607, 3.323315382003784, 3.2695984840393066, 3.0824930667877197, 3.173895835876465, 3.2390999794006348, 3.2231855392456055, 3.2101237773895264, 3.063312530517578, 3.1873080730438232, 3.179239273071289, 3.209913969039917, 3.2843263149261475, 3.122518539428711, 3.12636661529541, 3.1767168045043945, 3.306678533554077, 3.169426441192627, 3.0882959365844727, 3.0031256675720215, 3.091445207595825, 3.0120387077331543, 3.1168372631073, 3.10821533203125, 3.0876612663269043, 3.14034104347229, 3.0458171367645264, 3.162266731262207, 3.222325563430786, 3.0676727294921875, 3.1867945194244385, 3.1140589714050293, 3.067451238632202, 3.131051540374756, 3.173485279083252, 3.1910276412963867, 3.096424102783203, 3.044118642807007, 3.0122389793395996, 3.1914865970611572, 3.099501132965088, 3.105560779571533, 3.0713765621185303, 3.2005574703216553, 3.089902639389038, 3.0523529052734375, 3.0955495834350586, 3.1826601028442383, 3.000516176223755, 3.0950775146484375, 3.0672707557678223]
val step Loss: [3.5016987323760986, 3.417175054550171, 3.4531877040863037, 3.5089406967163086, 3.514371871948242, 3.4786412715911865, 3.5058956146240234, 3.586165428161621, 3.4946868419647217, 3.448462963104248, 3.459824562072754, 3.4190075397491455, 3.439110279083252, 3.4871411323547363, 3.3924968242645264, 3.2850472927093506]
Train step Accs: [0.35835280373831774, 0.39272878075753387, 0.38781431334622823, 0.3392422662495655, 0.3516673884798614, 0.34377165027019535, 0.3659753216067209, 0.3608326908249807, 0.38735733099209835, 0.3772751605995717, 0.3552217453505007, 0.3696108709079679, 0.3812878681132873, 0.338753823860892, 0.35159881673475135, 0.37570406454559296, 0.36924142708694146, 0.34134742404227214, 0.35543687880136476, 0.3603166496424923, 0.38451695457453616, 0.37094743468681146, 0.3613470873786408, 0.3611336032388664, 0.3501128031584884, 0.3772312574375248, 0.3708384710234279, 0.365036231884058, 0.3339243498817967, 0.36067313523347483, 0.384972439802727, 0.4014479905437352, 0.38168304962838645, 0.39925373134328357, 0.3723100855587244, 0.37257438551099614, 0.38210854323552323, 0.36945945945945946, 0.3924914675767918, 0.3729237101278848, 0.35909797822706063, 0.39739073711676454, 0.3635298057602143, 0.37385804638088543, 0.3950207468879668, 0.37970494967599616, 0.3783783783783784, 0.36773994761978124, 0.3975429201449047, 0.39634584951805496, 0.40800127004286396, 0.3685174746335964, 0.3862559241706161, 0.3783707468586757, 0.3924980047885076, 0.3751115075825156, 0.3922957088231129, 0.3894006140702176, 0.3828666481840865, 0.37136647650095084, 0.40901130393249485, 0.3927253558249868, 0.38774324716816727]
val step Accs: [0.3058810016080864, 0.32418149007476155, 0.31507647487254187, 0.3020358960621484, 0.3110606552059682, 0.31785039157439915, 0.3010064043915828, 0.27616926503340755, 0.3217670011148272, 0.3230076034919741, 0.32721244580464165, 0.3233738762559492, 0.31652767247915087, 0.31605922551252846, 0.32625958378970427, 0.34520489165415147]
Preds: [17, 17, 287, 284, 284, 284, 284, 284, 284, 413, 250, 426, 284, 413, 413, 284, 319, 331, 180, 413, 413, 413, 413, 284, 284, 284, 284, 450, 486, 486, 376, 395, 450, 450, 450, 443, 324, 213, 324, 324, 324, 19, 468, 374, 374, 355, 355, 172, 172, 115, 267, 324, 324, 213, 213, 246, 464, 19, 19, 454, 374, 35, 35, 35, 35, 264, 354, 354, 468, 355, 355, 355, 355, 303, 303, 413, 303, 303, 284, 486, 486, 486, 486, 486, 355, 355, 355, 355, 355, 355, 303, 115, 355, 115, 180, 355, 486, 486, 486, 107, 395, 395, 395, 443, 264, 264, 264, 264, 264, 264, 264, 464, 464, 464, 464, 454, 454, 414, 414, 414, 170, 170, 170, 170, 170, 170, 244, 244, 47, 2, 2, 2, 2, 2, 392, 73, 392, 63, 63, 73, 73, 73, 73, 321, 320, 320, 287, 287, 287, 287, 287, 287, 387, 153, 284, 284, 413, 413, 293, 284, 284, 284, 284, 284, 413, 413, 413, 413, 413, 413, 250, 250, 426, 122, 413, 387, 426, 284, 319, 319, 319, 450, 450, 450, 35, 35, 324, 464, 324, 19, 464, 434, 324, 464, 464, 464, 468, 468, 468, 355, 180, 180, 180, 319, 374, 153, 182, 182, 182, 182, 182, 182, 182, 98, 387, 182, 182, 293, 284, 284, 284, 284, 284, 284, 413, 413, 413, 250, 250, 413, 413, 250, 250, 48, 48, 414, 414, 170, 170, 170, 170, 392, 392, 244, 392, 392, 392, 392, 392, 392, 73, 73, 73, 244, 320, 320, 7, 7, 7, 287, 473, 387, 284, 284, 486, 486, 486, 376, 355, 355, 355, 355, 355, 284, 331, 486, 374, 132, 132, 182, 387, 387, 387, 387, 387, 387, 387, 319, 413, 387, 387, 387, 98, 182, 182, 182, 387, 387, 182, 98, 98, 48, 414, 414, 244, 244, 287, 287, 287, 287, 284, 284, 284, 284, 284, 284, 450, 450, 355, 355, 355, 355, 355, 355, 355, 355, 355, 355, 450, 450, 413, 413, 413, 132, 250, 250, 250, 122, 122, 129, 32, 32, 464, 464, 464, 464, 464, 464, 464, 143, 239, 354, 354, 180, 354, 84, 132, 132, 331, 413, 413, 413, 413, 413, 293, 293, 387, 387, 387, 387, 153, 182, 182, 182, 182, 182, 387, 182, 98, 98, 98, 182, 182, 182, 98, 98, 98, 98, 98, 48, 48, 414, 170, 170, 170, 170, 244, 47, 392, 392, 392, 73, 244, 392, 73, 244, 320, 7, 7, 7, 287, 287, 287, 387, 153, 153, 153, 153, 153, 153, 182, 182, 182, 182, 182, 182, 182, 182, 182, 182, 182, 182, 182, 182, 122, 122, 32, 395, 239, 239, 107, 107, 395, 395, 468, 468, 355, 355, 450, 413, 413, 132, 98, 387, 132, 122, 486, 486, 486, 486, 486, 486, 486, 486, 486, 486, 486, 486, 486, 486, 486, 486, 486, 486, 486, 486, 486, 486, 486, 486, 486, 486, 486, 486, 486, 486, 486, 486, 486, 486, 486, 486, 486, 486, 486, 486, 486, 486, 486, 486, 486, 486, 486, 486, 486, 486, 486, 486, 486, 486, 486, 486, 486, 486, 486, 486, 486, 486, 486, 486, 486, 486, 486, 486, 486, 486, 486, 486, 486, 486, 486, 486, 486, 486, 486, 486, 486, 486, 486, 486, 486, 486, 486, 486, 486, 486, 486, 486, 486, 486, 486, 486, 486, 486, 486, 486, 486, 486, 486, 486, 486, 486, 486, 486, 486, 486, 486, 486, 486, 486, 486, 486, 486, 486, 486, 486, 486, 486, 486, 486, 486, 486, 486, 486, 486, 486, 486, 486, 486, 486, 486, 486, 486, 486, 486, 486, 486, 486, 486, 486]

ep19
Train step Loss: [2.999347686767578, 2.9927978515625, 3.1543047428131104, 3.0566344261169434, 3.0088436603546143, 3.1665542125701904, 3.0854432582855225, 3.0829579830169678, 3.151780366897583, 3.063936233520508, 3.1509997844696045, 2.9713704586029053, 3.111048460006714, 2.935295581817627, 2.9870729446411133, 3.102327346801758, 2.9617161750793457, 3.1022818088531494, 2.9986236095428467, 2.9481558799743652, 3.0703375339508057, 3.061995029449463, 2.9688334465026855, 2.9613707065582275, 3.029613733291626, 2.9604973793029785, 3.1115939617156982, 3.023148536682129, 3.0022096633911133, 3.04313588142395, 2.9877264499664307, 2.9528563022613525, 3.0649478435516357, 2.955597400665283, 2.879105806350708, 3.0411927700042725, 2.933340311050415, 2.9608314037323, 3.0275073051452637, 3.059783697128296, 2.999528408050537, 2.9660727977752686, 3.0048530101776123, 3.0270092487335205, 3.0427966117858887, 3.075007915496826, 2.9872658252716064, 3.0522098541259766, 3.102226972579956, 3.090768337249756, 2.989417314529419, 2.953495740890503, 2.9960527420043945, 2.89182448387146, 3.0219056606292725, 2.9859299659729004, 2.8689701557159424, 2.920450210571289, 2.8992371559143066, 2.93609619140625, 3.014625072479248, 2.937325954437256, 2.9773619174957275]
val step Loss: [3.2567930221557617, 3.3647568225860596, 3.3850653171539307, 3.3414344787597656, 3.3739876747131348, 3.264056921005249, 3.427454948425293, 3.297116279602051, 3.3146307468414307, 3.2942492961883545, 3.212510585784912, 3.329620361328125, 3.273527145385742, 3.396867036819458, 3.3943166732788086, 3.315011501312256]
Train step Accs: [0.40852010809092354, 0.40791523839202243, 0.37766040080782975, 0.39879871490431623, 0.41306058221872544, 0.36960454897906436, 0.390073036220003, 0.39058965465239026, 0.37447698744769875, 0.3900729927007299, 0.3817962835512732, 0.4160044611738464, 0.3885959534028204, 0.42060266292922216, 0.41170444359072866, 0.37899917965545526, 0.4092756059969175, 0.38736467447723566, 0.401222885427282, 0.4106998108619292, 0.4074074074074074, 0.3886539302902144, 0.4173772419876507, 0.41386392811296535, 0.4031826503309393, 0.4139711878227779, 0.38486289871292667, 0.39864150943396226, 0.4065749235474006, 0.39345991561181437, 0.4061353295170997, 0.42278115988465237, 0.39553200630101676, 0.4168140389062713, 0.4344967726512073, 0.396700143472023, 0.42902638762511375, 0.41832460732984295, 0.40430388001304207, 0.40053981106612685, 0.4238209432454037, 0.41751033794381864, 0.4109059682267067, 0.3962294815537136, 0.39296266451786194, 0.39651748892622574, 0.41034647932300816, 0.41116416927383503, 0.3873638344226579, 0.3920943576665604, 0.41339846475924635, 0.4188918042907856, 0.4156577885391445, 0.4333547145606158, 0.40921208530805686, 0.4081545674101435, 0.43772343772343775, 0.42052469135802467, 0.42321742659991884, 0.41628646481404674, 0.4064161319890009, 0.42559890485968516, 0.40643033800494643]
val step Accs: [0.36642140468227424, 0.34146341463414637, 0.3325501036627505, 0.34065018060572383, 0.3420504813947437, 0.3526149968494014, 0.32973477275756363, 0.35665733706517394, 0.3446064873019864, 0.3445635528330781, 0.3586228881096589, 0.3529264004019091, 0.3485838779956427, 0.3288059701492537, 0.3264928031922474, 0.3493052228078582]
Preds: [17, 17, 17, 287, 284, 284, 284, 284, 284, 450, 250, 250, 250, 153, 153, 153, 153, 153, 182, 182, 182, 182, 182, 182, 182, 182, 98, 98, 98, 98, 98, 414, 197, 47, 80, 320, 287, 287, 284, 486, 486, 486, 354, 84, 319, 84, 426, 319, 240, 267, 267, 219, 374, 132, 153, 153, 182, 182, 182, 182, 387, 387, 387, 122, 35, 324, 324, 19, 139, 374, 468, 395, 395, 395, 395, 395, 395, 395, 395, 264, 264, 264, 374, 132, 264, 443, 180, 14, 197, 98, 98, 182, 122, 122, 32, 374, 132, 75, 264, 354, 468, 426, 426, 115, 426, 267, 267, 239, 324, 464, 464, 468, 355, 486, 376, 180, 77, 106, 250, 426, 182, 153, 153, 153, 153, 153, 153, 182, 182, 182, 182, 182, 98, 98, 98, 98, 387, 426, 426, 450, 355, 355, 355, 355, 413, 413, 413, 303, 413, 303, 303, 303, 303, 303, 355, 426, 426, 319, 319, 319, 106, 153, 182, 182, 182, 182, 387, 387, 182, 98, 48, 48, 48, 414, 170, 170, 170, 170, 170, 392, 392, 392, 392, 392, 392, 392, 392, 63, 63, 63, 63, 63, 63, 63, 63, 63, 63, 63, 392, 392, 392, 392, 244, 244, 320, 320, 244, 7, 7, 188, 324, 324, 324, 464, 464, 464, 19, 486, 486, 486, 486, 376, 355, 355, 486, 376, 180, 180, 374, 355, 355, 115, 324, 324, 324, 464, 464, 464, 139, 139, 355, 450, 450, 413, 413, 413, 426, 122, 267, 267, 354, 354, 468, 172, 115, 374, 374, 303, 122, 240, 264, 264, 180, 374, 355, 180, 180, 180, 355, 413, 413, 240, 264, 35, 486, 180, 354, 401, 486, 443, 219, 219, 286, 374, 374, 374, 374, 374, 122, 213, 213, 19, 132, 132, 132, 374, 303, 303, 132, 48, 98, 48, 7, 98, 287, 153, 284, 153, 153, 441, 441, 287, 287, 441, 293, 153, 182, 98, 98, 98, 48, 48, 293, 98, 188, 486, 486, 486, 486, 486, 486, 486, 486, 486, 486, 486, 486, 486, 486, 486, 486, 486, 486, 486, 486, 486, 486, 486, 486, 486, 486, 486, 486, 486, 486, 486, 486, 486, 486, 486, 486, 486, 486, 486, 486, 486, 486, 486, 486, 486, 486, 486, 486, 486, 486, 486, 486, 486, 486, 486, 486, 486, 486, 486, 486, 486, 486, 486, 486, 486, 486, 486, 486, 486, 486, 486, 486, 486, 486, 486, 486, 486, 486, 486, 486, 486, 486, 486, 486, 486, 486, 486, 486, 486, 486, 486, 486, 486, 486, 486, 486, 486, 486, 486, 486, 486, 486, 486, 486, 486, 486, 486, 486, 486, 486, 486, 486, 486, 486, 486, 486, 486, 486, 486, 486, 486, 486, 486, 486, 486, 486, 486, 486, 486, 486, 486, 486, 486, 486, 486, 486, 486, 486, 486, 486, 486, 486, 486, 486, 486, 486, 486, 486, 486, 486, 486, 486, 486, 486, 486, 486, 486, 486, 486, 486, 486, 486, 486, 486, 486, 486, 486, 486, 486, 486, 486, 486, 486, 486, 486, 486, 486, 486, 486, 486, 486, 486, 486, 486, 486, 486, 486, 486, 486, 486, 486, 486, 486, 486, 486, 486, 486, 486, 486, 486, 486, 486, 486, 486, 486, 486, 486, 486, 486, 486, 486, 486, 486, 486, 486, 486, 486, 486, 486, 486, 486, 486, 486, 486, 486, 486, 486, 486, 486, 486, 486, 486, 486, 486, 486, 486, 486, 486, 486, 486, 486, 486, 486, 486, 486, 486, 486, 486, 486, 486, 486, 486, 486, 486, 486, 486, 486, 486, 486, 486, 486, 486, 486, 486, 486, 486, 486, 486, 486, 486, 486, 486, 486, 486, 486]

ep20
Train step Loss: [2.9152066707611084, 2.8914504051208496, 2.8809993267059326, 2.926239252090454, 2.887763023376465, 2.8906102180480957, 2.8607337474823, 2.9962260723114014, 2.852120876312256, 2.9945881366729736, 2.980193614959717, 2.887058973312378, 2.9180121421813965, 2.8997442722320557, 2.9853994846343994, 2.9842910766601562, 2.9142305850982666, 2.930631399154663, 2.940091371536255, 2.7946152687072754, 2.920398473739624, 3.029240369796753, 2.874694585800171, 3.011787176132202, 3.0673415660858154, 2.7483551502227783, 2.9465126991271973, 2.8567545413970947, 2.7928507328033447, 2.823460102081299, 2.924532413482666, 2.9201810359954834, 2.894169330596924, 2.8422858715057373, 2.8709328174591064, 2.8495068550109863, 2.9383656978607178, 2.792922258377075, 2.969808340072632, 2.920520305633545, 2.809020757675171, 2.8711397647857666, 2.7811291217803955, 2.8749003410339355, 2.895171880722046, 2.8462395668029785, 2.9237992763519287, 2.960730791091919, 2.7927067279815674, 2.835674524307251, 2.784064531326294, 2.8387770652770996, 2.820748805999756, 2.817429780960083, 2.801231861114502, 2.8438339233398438, 2.8182828426361084, 2.9439733028411865, 2.809969663619995, 2.758134365081787, 2.7890539169311523, 2.7967240810394287, 2.813952684402466]
val step Loss: [3.2632415294647217, 3.2086315155029297, 3.1731228828430176, 3.3937792778015137, 3.2366130352020264, 3.176798105239868, 3.185856580734253, 3.15236759185791, 3.1722240447998047, 3.1984262466430664, 3.115990161895752, 3.2118775844573975, 3.089506149291992, 3.110400438308716, 3.1441879272460938, 3.271432876586914]
Train step Accs: [0.4354031783402001, 0.43687824015692867, 0.4377137970353478, 0.4139056224899598, 0.4371345029239766, 0.42512401126156324, 0.4338964121178277, 0.42287091590787357, 0.4370841770321088, 0.4083620560467556, 0.41824249165739713, 0.43939190098210684, 0.4369885433715221, 0.42574950966657327, 0.4120603015075377, 0.41834833902514745, 0.4276552479274206, 0.4324466684224388, 0.43919229004130333, 0.45667632341322095, 0.4159045109285382, 0.39849984040855413, 0.44093735054997607, 0.4170230966638152, 0.3989012461476618, 0.45858827040740185, 0.42412894822533376, 0.43532439387782745, 0.4558363731109953, 0.45220645563698736, 0.42311977715877436, 0.43454329068729547, 0.42454206516453236, 0.45389203242085946, 0.4338568935427574, 0.4452331245650661, 0.42649586002187156, 0.4519587628865979, 0.4188732394366197, 0.42966075319016495, 0.4521652986130767, 0.4389233954451346, 0.4613948752757509, 0.44062743064557947, 0.42896174863387976, 0.45013251499511786, 0.4369225600537544, 0.43304258594150846, 0.45111945487414823, 0.4526180533247671, 0.4567551446465851, 0.4345420125236639, 0.4487144420131291, 0.4536797934151065, 0.45118926017802424, 0.4433425696368674, 0.44776507276507277, 0.4256499682942296, 0.45288224190503845, 0.46273036741401574, 0.45704225352112676, 0.46392333709131905, 0.4526821862348178]
val step Accs: [0.36619533909400365, 0.3776299714945025, 0.38655987986484797, 0.34520123839009287, 0.36987581786620377, 0.3885350318471338, 0.3821018938383569, 0.3869087054458725, 0.3920624593363696, 0.38065465244575214, 0.39772103239978035, 0.3655744176865377, 0.40635048231511256, 0.38954903364352184, 0.3834856396866841, 0.3624625317039428]
Preds: [17, 443, 171, 171, 19, 143, 180, 14, 14, 287, 284, 486, 486, 486, 486, 486, 486, 35, 464, 264, 107, 77, 14, 14, 14, 287, 486, 486, 486, 486, 284, 486, 486, 486, 486, 35, 464, 464, 19, 19, 454, 454, 454, 414, 414, 414, 414, 170, 170, 47, 47, 187, 392, 392, 73, 73, 73, 73, 73, 2, 73, 73, 73, 73, 320, 73, 73, 244, 321, 320, 287, 287, 287, 287, 284, 284, 284, 284, 284, 284, 284, 450, 450, 450, 450, 293, 293, 250, 284, 413, 413, 413, 115, 115, 331, 180, 413, 413, 293, 106, 106, 293, 293, 426, 35, 35, 486, 376, 264, 264, 468, 468, 468, 251, 267, 267, 434, 434, 464, 464, 464, 19, 264, 374, 374, 450, 284, 319, 450, 450, 450, 450, 413, 413, 250, 250, 250, 153, 153, 387, 287, 284, 284, 284, 284, 355, 355, 355, 355, 355, 355, 355, 355, 355, 293, 250, 250, 153, 153, 153, 387, 387, 387, 122, 486, 486, 35, 376, 395, 395, 395, 395, 395, 35, 35, 324, 324, 19, 264, 468, 374, 468, 468, 172, 172, 115, 115, 267, 267, 267, 324, 213, 19, 19, 19, 454, 464, 35, 464, 19, 264, 264, 468, 468, 468, 468, 355, 355, 355, 468, 172, 172, 172, 115, 115, 180, 180, 180, 180, 450, 450, 450, 450, 355, 355, 355, 263, 263, 263, 263, 414, 414, 414, 414, 170, 170, 170, 170, 170, 244, 244, 2, 2, 2, 2, 2, 63, 63, 73, 63, 63, 63, 63, 63, 63, 63, 63, 63, 63, 73, 63, 244, 73, 320, 73, 321, 320, 320, 320, 320, 153, 153, 182, 153, 153, 182, 122, 122, 259, 354, 264, 264, 264, 180, 35, 35, 486, 486, 486, 240, 35, 180, 180, 395, 395, 395, 132, 132, 132, 182, 293, 293, 293, 284, 284, 426, 387, 473, 443, 264, 213, 213, 213, 246, 246, 246, 246, 246, 246, 246, 246, 19, 19, 19, 454, 454, 454, 414, 414, 170, 170, 170, 170, 170, 244, 244, 47, 80, 2, 2, 73, 2, 63, 73, 63, 63, 63, 63, 63, 63, 63, 63, 63, 63, 63, 73, 63, 63, 63, 73, 244, 63, 63, 73, 63, 73, 73, 244, 73, 244, 320, 7, 7, 7, 7, 7, 240, 398, 374, 374, 374, 374, 374, 132, 132, 132, 153, 153, 153, 153, 153, 387, 387, 387, 284, 284, 284, 284, 284, 450, 284, 284, 284, 284, 284, 284, 263, 355, 263, 197, 80, 244, 287, 287, 284, 284, 284, 284, 284, 284, 284, 284, 284, 284, 284, 450, 450, 450, 426, 426, 426, 426, 450, 450, 413, 413, 413, 426, 172, 115, 172, 122, 35, 35, 464, 464, 464, 464, 464, 464, 468, 468, 355, 355, 355, 413, 115, 374, 331, 331, 180, 139, 355, 355, 355, 355, 106, 106, 387, 387, 153, 153, 153, 182, 182, 182, 182, 182, 182, 182, 182, 182, 182, 182, 182, 182, 182, 250, 153, 182, 387, 387, 387, 284, 284, 426, 450, 450, 122, 464, 464, 464, 464, 464, 324, 324, 464, 464, 464, 468, 374, 374, 374, 115, 324, 464, 464, 464, 355, 355, 355, 355, 263, 263, 263, 486, 486, 486, 486, 486, 486, 486, 486, 486, 486, 486, 486, 486, 486, 486, 486, 486, 486, 486, 486, 486, 486, 486, 486, 486, 486, 486, 486, 486, 486, 486, 486, 486, 486, 486, 486, 486, 486, 486, 486, 486, 486, 486, 486, 486, 486, 486, 486, 486, 486, 486, 486, 486, 486, 486, 486, 486, 486, 486, 486, 486, 486, 486, 486, 486, 486, 486, 486, 486, 486, 486, 486, 486, 486, 486]

ep21
Train step Loss: [2.8515610694885254, 2.8571066856384277, 2.835059881210327, 2.6818201541900635, 2.8879647254943848, 2.970454454421997, 2.764531135559082, 2.740530014038086, 2.789456367492676, 2.820096254348755, 2.7209136486053467, 2.8898448944091797, 2.7776403427124023, 2.7930665016174316, 2.7662060260772705, 2.866241216659546, 2.7601876258850098, 2.674328565597534, 2.7875711917877197, 2.7741308212280273, 2.6857409477233887, 2.850837469100952, 2.726398229598999, 2.755413293838501, 2.833935499191284, 2.676288366317749, 2.7279481887817383, 2.7532572746276855, 2.833357810974121, 2.796523094177246, 2.701780080795288, 2.769637107849121, 2.6353094577789307, 2.8274428844451904, 2.7024691104888916, 2.7010812759399414, 2.7426977157592773, 2.685372829437256, 2.7722067832946777, 2.677772283554077, 2.8432908058166504, 2.790515661239624, 2.7172439098358154, 2.757441759109497, 2.790137767791748, 2.747194290161133, 2.77632212638855, 2.7156801223754883, 2.6616435050964355, 2.608074188232422, 2.7185707092285156, 2.7288763523101807, 2.574037551879883, 2.6969826221466064, 2.6877729892730713, 2.7204368114471436, 2.630004644393921, 2.813678503036499, 2.7297117710113525, 2.772688865661621, 2.6495473384857178, 2.772902488708496, 2.809056043624878]
val step Loss: [3.054427146911621, 3.0604066848754883, 3.0678112506866455, 3.045372724533081, 3.099661350250244, 3.0362021923065186, 3.0846364498138428, 3.1091251373291016, 3.048363208770752, 3.0446300506591797, 3.0080881118774414, 3.128392457962036, 2.9586570262908936, 3.1001033782958984, 2.9347128868103027, 3.027491807937622]
Train step Accs: [0.4571355889086746, 0.4427353030764545, 0.4464617015637424, 0.4805625580469683, 0.44177753394596075, 0.4235010337698139, 0.46606118546845127, 0.47335423197492166, 0.46476964769647694, 0.46168195243276855, 0.48338532483385327, 0.44659391534391535, 0.46738971127070206, 0.4529516504588413, 0.46363515489961443, 0.4416577458326961, 0.4696755994358251, 0.48018776749965486, 0.4649293400751977, 0.4630172694688824, 0.47793505412156534, 0.44518605039212417, 0.4698321487978225, 0.46933701657458565, 0.4537050007003782, 0.4836627140974967, 0.47296771684169586, 0.47071583514099785, 0.45894541518478427, 0.4582010582010582, 0.4766677620768978, 0.4561378112333526, 0.4975130890052356, 0.46166185434712864, 0.47888602996821555, 0.4762351836638892, 0.47613418058223733, 0.4782608695652174, 0.4729093944452876, 0.47624980532627315, 0.44372483808856994, 0.46713048416867814, 0.47642079806529625, 0.4610369450481217, 0.4664922519621654, 0.4705237181244859, 0.4605435256503415, 0.48051567535892176, 0.4883242766926127, 0.4949213858355364, 0.47025452315240723, 0.4751359751359751, 0.5040671739700866, 0.4769765421372719, 0.48410509507911165, 0.47164019751768316, 0.49037932930181416, 0.45657015590200445, 0.4770396790013375, 0.46344005956813106, 0.4937111081689395, 0.47520107238605896, 0.4511298665940648]
val step Accs: [0.4084748180910258, 0.40819462227912934, 0.3997947515027122, 0.4015995429877178, 0.40098383696416023, 0.4058614564831261, 0.38948256467941506, 0.39447331727722146, 0.4099047619047619, 0.4030161206448258, 0.4170318434122115, 0.39053009387078963, 0.42517967145790553, 0.4074531095755183, 0.42631993695823484, 0.4179008370895042]
Preds: [17, 17, 17, 287, 284, 284, 473, 240, 324, 324, 434, 301, 143, 239, 239, 143, 354, 354, 264, 213, 213, 213, 246, 19, 19, 19, 454, 454, 454, 303, 414, 170, 170, 170, 170, 392, 392, 392, 73, 73, 73, 73, 73, 244, 73, 244, 321, 321, 392, 392, 63, 63, 63, 63, 63, 63, 63, 63, 63, 63, 63, 63, 63, 63, 63, 63, 63, 63, 63, 63, 63, 63, 63, 63, 63, 63, 63, 63, 63, 392, 244, 320, 320, 284, 287, 287, 287, 284, 284, 284, 284, 284, 35, 240, 240, 240, 264, 264, 354, 197, 414, 414, 414, 414, 47, 392, 392, 244, 73, 73, 321, 73, 73, 73, 73, 320, 320, 7, 7, 7, 7, 387, 284, 331, 450, 450, 376, 35, 180, 401, 387, 319, 473, 319, 319, 240, 171, 171, 171, 171, 171, 246, 19, 19, 19, 19, 454, 454, 287, 35, 240, 35, 354, 374, 250, 182, 387, 387, 153, 387, 387, 284, 319, 240, 319, 251, 251, 319, 35, 486, 486, 486, 486, 468, 468, 35, 443, 240, 354, 374, 342, 35, 355, 355, 355, 115, 395, 395, 264, 219, 107, 324, 324, 324, 464, 464, 464, 464, 19, 355, 401, 180, 486, 401, 355, 355, 355, 355, 450, 355, 172, 172, 106, 319, 284, 284, 355, 355, 355, 486, 355, 355, 263, 263, 48, 414, 170, 47, 170, 392, 392, 392, 392, 392, 392, 392, 392, 392, 392, 73, 320, 320, 320, 7, 7, 387, 153, 122, 122, 32, 32, 239, 259, 75, 75, 180, 180, 180, 180, 331, 331, 240, 354, 395, 395, 395, 374, 132, 132, 132, 132, 132, 115, 264, 395, 35, 324, 324, 324, 324, 246, 246, 246, 246, 246, 19, 19, 454, 14, 14, 441, 287, 284, 284, 284, 450, 486, 35, 355, 355, 355, 355, 355, 413, 413, 355, 293, 319, 319, 35, 35, 324, 324, 324, 301, 301, 239, 32, 32, 354, 259, 354, 354, 284, 284, 284, 486, 486, 14, 486, 486, 486, 486, 486, 486, 486, 486, 486, 486, 486, 486, 486, 486, 486, 486, 486, 486, 486, 486, 486, 486, 486, 486, 486, 486, 486, 486, 486, 486, 486, 486, 486, 486, 486, 486, 486, 486, 486, 486, 486, 486, 486, 486, 486, 486, 486, 486, 486, 486, 486, 486, 486, 486, 486, 486, 486, 486, 486, 486, 486, 486, 486, 486, 486, 486, 486, 486, 486, 486, 486, 486, 486, 486, 486, 486, 486, 486, 486, 486, 486, 486, 486, 486, 486, 486, 486, 486, 486, 486, 486, 486, 486, 486, 486, 486, 486, 486, 486, 486, 486, 486, 486, 486, 486, 486, 486, 486, 486, 486, 486, 486, 486, 486, 486, 486, 486, 486, 486, 486, 486, 486, 486, 486, 486, 486, 486, 486, 486, 486, 486, 486, 486, 486, 486, 486, 486, 486, 486, 486, 486, 486, 486, 486, 486, 486, 486, 486, 486, 486, 486, 486, 486, 486, 486, 486, 486, 486, 486, 486, 486, 486, 486, 486, 486, 486, 486, 486, 486, 486, 486, 486, 486, 486, 486, 486, 486, 486, 486, 486, 486, 486, 486, 486, 486, 486, 486, 486, 486, 486, 486, 486, 486, 486, 486, 486, 486, 486, 486, 486, 486, 486, 486, 486, 486, 486, 486, 486, 486, 486, 486, 486, 486, 486, 486, 486, 486, 486, 486, 486, 486, 486, 486, 486, 486, 486, 486, 486, 486, 486, 486, 486, 486, 486, 486, 486, 486, 486, 486, 486, 486, 486, 486, 486, 486, 486, 486, 486, 486, 486, 486, 486, 486, 486, 486, 486, 486, 486, 486, 486, 486, 486, 486, 486, 486, 486, 486, 486, 486, 486, 486]

ep22
Train step Loss: [2.7258551120758057, 2.6946332454681396, 2.7634239196777344, 2.7619707584381104, 2.6250662803649902, 2.6583991050720215, 2.7265796661376953, 2.6530306339263916, 2.66339373588562, 2.748558282852173, 2.5958328247070312, 2.6611008644104004, 2.6587131023406982, 2.635061264038086, 2.5817084312438965, 2.6504101753234863, 2.7210497856140137, 2.6812474727630615, 2.6865203380584717, 2.6276867389678955, 2.7027406692504883, 2.654101848602295, 2.555128812789917, 2.6527822017669678, 2.58752179145813, 2.6964757442474365, 2.602149486541748, 2.575120687484741, 2.6450355052948, 2.7020585536956787, 2.6297454833984375, 2.713106632232666, 2.6846885681152344, 2.6302363872528076, 2.6674258708953857, 2.63252329826355, 2.5831384658813477, 2.5620357990264893, 2.584019899368286, 2.573245048522949, 2.540924310684204, 2.575274705886841, 2.539513349533081, 2.5230462551116943, 2.5607495307922363, 2.5424442291259766, 2.5430684089660645, 2.4849815368652344, 2.497685670852661, 2.629519462585449, 2.5938472747802734, 2.55172061920166, 2.503383159637451, 2.5654654502868652, 2.649594306945801, 2.4938321113586426, 2.4910778999328613, 2.607367992401123, 2.4952831268310547, 2.590646982192993, 2.6234817504882812, 2.5059778690338135, 2.462675094604492]
val step Loss: [2.9743363857269287, 2.9537322521209717, 2.881136178970337, 2.891645669937134, 2.922476053237915, 2.934600591659546, 2.8584694862365723, 2.907695770263672, 2.920987129211426, 2.8328335285186768, 3.001293659210205, 2.840937376022339, 2.8550710678100586, 2.936490535736084, 2.8827757835388184, 2.8539793491363525]
Train step Accs: [0.47382885696439725, 0.475181598062954, 0.4606623707477896, 0.46869829012686154, 0.4844089920232052, 0.4863148984198646, 0.47869420771341903, 0.4888996138996139, 0.48738675958188155, 0.47385493707019594, 0.49719022197246415, 0.4887788268069958, 0.4808743169398907, 0.4944771194950509, 0.5134582087202896, 0.49262264846919956, 0.4879120879120879, 0.4912352221769262, 0.4808008366950545, 0.4958691620300118, 0.48341692282802134, 0.4870863075924724, 0.5025415579063058, 0.4857786539003098, 0.4971003717472119, 0.47754266211604096, 0.5032981530343008, 0.5102128267390372, 0.49656565656565654, 0.4781753350547154, 0.48943377964187773, 0.47301818181818184, 0.473586078309509, 0.4965498205906707, 0.4826846460312596, 0.49259319550708125, 0.5074626865671642, 0.5076578259245424, 0.5013225671724906, 0.5029456089875325, 0.5137614678899083, 0.5083932853717026, 0.5065217391304347, 0.5193243630117378, 0.5117263843648209, 0.5162727385224601, 0.5101910828025478, 0.5296788842036977, 0.5259101344703181, 0.5013677811550152, 0.5121981891348089, 0.5153145076946063, 0.5204753492853702, 0.5081209953807182, 0.4872615712951847, 0.5292635946066084, 0.5181818181818182, 0.4917668001780151, 0.5236378760571191, 0.4978125414291396, 0.49568189996401585, 0.5221833826297392, 0.5220588235294118]
val step Accs: [0.41959254442999566, 0.4340909090909091, 0.44694797214256454, 0.4374037968188815, 0.43524526343109265, 0.43370919881305636, 0.43646408839779005, 0.44590438915292147, 0.4347353717212479, 0.4531334413830362, 0.41926605504587156, 0.45286826174690115, 0.44607207674358307, 0.4290375203915171, 0.4521452145214521, 0.4555112881806109]
Preds: [17, 17, 287, 387, 284, 319, 240, 360, 360, 360, 143, 143, 264, 486, 486, 354, 180, 443, 35, 35, 486, 486, 264, 264, 264, 32, 434, 434, 143, 219, 219, 219, 19, 19, 19, 19, 19, 19, 454, 454, 454, 47, 80, 80, 80, 80, 392, 80, 392, 73, 392, 392, 392, 63, 63, 63, 63, 63, 63, 63, 63, 63, 73, 244, 320, 320, 321, 7, 7, 7, 7, 319, 398, 324, 395, 143, 143, 75, 401, 354, 217, 106, 65, 426, 450, 450, 450, 486, 486, 395, 251, 395, 395, 374, 374, 374, 122, 264, 354, 354, 251, 251, 251, 251, 331, 106, 106, 153, 153, 153, 182, 182, 182, 182, 182, 182, 122, 122, 129, 259, 14, 387, 153, 98, 122, 122, 239, 239, 107, 395, 395, 374, 395, 395, 286, 264, 264, 401, 180, 354, 354, 374, 331, 106, 106, 284, 293, 284, 284, 284, 284, 180, 401, 208, 287, 7, 387, 473, 319, 319, 239, 239, 239, 239, 464, 464, 464, 464, 464, 464, 19, 454, 454, 454, 454, 414, 47, 392, 392, 392, 392, 392, 392, 392, 63, 63, 63, 63, 63, 63, 63, 392, 392, 244, 320, 287, 287, 7, 287, 287, 284, 284, 284, 284, 450, 284, 450, 413, 413, 250, 153, 153, 387, 387, 387, 387, 122, 464, 464, 464, 464, 246, 246, 19, 19, 19, 139, 374, 395, 395, 395, 395, 395, 395, 219, 286, 286, 464, 219, 464, 464, 464, 464, 468, 315, 354, 84, 251, 395, 395, 395, 395, 219, 286, 286, 107, 219, 464, 468, 468, 354, 354, 354, 319, 319, 319, 319, 106, 106, 284, 284, 284, 450, 450, 250, 250, 250, 98, 413, 413, 413, 303, 413, 122, 122, 413, 239, 239, 107, 395, 395, 180, 264, 264, 264, 468, 139, 139, 413, 355, 293, 250, 250, 182, 98, 98, 98, 98, 75, 293, 14, 287, 153, 481, 182, 182, 98, 98, 98, 98, 170, 170, 170, 170, 392, 63, 63, 63, 63, 63, 63, 63, 63, 63, 63, 63, 63, 63, 63, 63, 63, 63, 63, 63, 63, 63, 63, 63, 63, 63, 63, 73, 244, 320, 320, 244, 287, 287, 287, 284, 284, 284, 486, 486, 240, 354, 374, 413, 172, 251, 413, 413, 426, 319, 331, 331, 324, 324, 324, 324, 324, 246, 246, 246, 246, 246, 246, 246, 19, 139, 139, 251, 395, 395, 395, 395, 219, 286, 219, 107, 395, 374, 374, 374, 374, 132, 374, 374, 132, 182, 387, 182, 182, 122, 473, 129, 401, 401, 401, 319, 401, 264, 264, 213, 213, 324, 19, 143, 143, 14, 180, 401, 354, 217, 443, 264, 107, 395, 464, 464, 324, 324, 19, 19, 464, 464, 32, 354, 143, 354, 354, 331, 180, 35, 171, 171, 301, 143, 75, 354, 401, 240, 464, 464, 464, 443, 240, 264, 264, 143, 354, 75, 354, 264, 264, 213, 213, 246, 246, 374, 14, 303, 303, 48, 48, 170, 13, 170, 244, 392, 392, 392, 392, 392, 392, 392, 320, 287, 320, 287, 473, 188, 213, 213, 213, 246, 246, 246, 246, 19, 454, 454, 414, 197, 197, 188, 32, 32, 32, 14, 239, 107, 395, 395, 395, 264, 264, 443, 264, 264, 324, 107, 107, 264, 180, 240, 32, 354, 387, 473, 473, 239, 324, 324, 324, 19, 143, 239, 239, 239, 107, 107, 107, 395, 286, 213, 19, 19, 454, 454, 14, 145, 486, 486, 486, 239, 486, 486, 486, 486, 486, 486, 486, 486, 486, 486, 486, 486, 486, 486, 486, 486, 486, 486, 486, 486, 486, 486, 486, 486, 486, 486, 486, 486, 486, 486, 486, 486, 486, 486]

ep23
Train step Loss: [2.5143520832061768, 2.5577237606048584, 2.4890999794006348, 2.510629177093506, 2.5391061305999756, 2.5626144409179688, 2.5281436443328857, 2.424485206604004, 2.5477943420410156, 2.5565216541290283, 2.4127988815307617, 2.6160900592803955, 2.473313331604004, 2.5338404178619385, 2.539314031600952, 2.452655553817749, 2.5429208278656006, 2.5171515941619873, 2.5483264923095703, 2.3992271423339844, 2.4592361450195312, 2.5235633850097656, 2.457247734069824, 2.484951972961426, 2.545161485671997, 2.5279297828674316, 2.4890737533569336, 2.465388536453247, 2.499173641204834, 2.414438247680664, 2.560487747192383, 2.6222763061523438, 2.547170639038086, 2.4846854209899902, 2.417839765548706, 2.5320048332214355, 2.4372150897979736, 2.4308724403381348, 2.5254549980163574, 2.5561463832855225, 2.5075571537017822, 2.432868003845215, 2.3859119415283203, 2.4637744426727295, 2.36672306060791, 2.4685091972351074, 2.501491069793701, 2.4215126037597656, 2.4021356105804443, 2.4598255157470703, 2.5923831462860107, 2.438321828842163, 2.397927761077881, 2.453357458114624, 2.4084980487823486, 2.398700475692749, 2.4892022609710693, 2.366091251373291, 2.4049935340881348, 2.436169147491455, 2.438722848892212, 2.4117884635925293, 2.431795120239258]
val step Loss: [2.759230852127075, 2.7356884479522705, 2.8459253311157227, 2.728813409805298, 2.6820590496063232, 2.7043182849884033, 2.752612829208374, 2.867964267730713, 2.795959234237671, 2.6911487579345703, 2.7626214027404785, 2.797750234603882, 2.814969301223755, 2.756863832473755, 2.8123977184295654, 2.7239785194396973]
Train step Accs: [0.5153312120335551, 0.521007128772941, 0.5309322033898305, 0.5145303580695382, 0.5081345758963829, 0.5127145581691036, 0.5252433090024331, 0.5314465408805031, 0.5164958584865927, 0.5149930264993027, 0.5346175321049693, 0.49134349030470914, 0.5319094838545639, 0.5204923765561617, 0.520099765258216, 0.5348465008002328, 0.5104904450086863, 0.526232741617357, 0.512187450857053, 0.535681186283596, 0.541128927128145, 0.5137844611528822, 0.5325829383886256, 0.5271448233674874, 0.5060823196133978, 0.5197204968944099, 0.5265317286652079, 0.5261643835616439, 0.5254907498940827, 0.5414249590956418, 0.5111982082866742, 0.4935697847570055, 0.5205461638491548, 0.5303275077103833, 0.538765117759389, 0.5099636363636364, 0.5312415472004328, 0.5265063356607189, 0.518183213134878, 0.512987812384587, 0.5232679934161305, 0.5388624181060155, 0.5517678769621056, 0.5261033369214209, 0.5412925069924923, 0.5314781650365064, 0.5164654226125137, 0.5420516836335161, 0.5426520959060512, 0.523372728876345, 0.5014164305949008, 0.5346562325321409, 0.5485063135201724, 0.530816039943829, 0.5390175542115356, 0.5448894029203412, 0.5236733396885923, 0.5517402113113735, 0.5392644135188867, 0.5375210148250038, 0.542344827586207, 0.5391398724732058, 0.53255910410618]
val step Accs: [0.4589275527666857, 0.47611075338055375, 0.4532167736647999, 0.46283783783783783, 0.4708696185453207, 0.47659457979742675, 0.4558897664258108, 0.4393162393162393, 0.46381397908640615, 0.48312734342452435, 0.46378519973804844, 0.4507062146892655, 0.4483401715777695, 0.4743071995543796, 0.44828521079029415, 0.4611824111087734]
Preds: [17, 17, 188, 324, 19, 143, 354, 468, 468, 263, 287, 287, 486, 486, 486, 486, 443, 75, 75, 77, 14, 14, 14, 287, 287, 486, 486, 486, 486, 486, 460, 460, 376, 146, 464, 19, 19, 454, 454, 414, 414, 414, 414, 170, 47, 47, 187, 187, 187, 47, 73, 73, 73, 2, 73, 392, 73, 320, 287, 321, 321, 320, 287, 287, 287, 287, 284, 284, 284, 284, 284, 284, 450, 450, 426, 450, 293, 293, 293, 122, 413, 413, 413, 115, 331, 180, 77, 54, 293, 106, 106, 387, 293, 426, 450, 35, 460, 376, 468, 172, 172, 172, 398, 267, 267, 434, 464, 464, 464, 139, 315, 315, 284, 284, 450, 450, 450, 450, 450, 413, 413, 250, 250, 250, 153, 387, 387, 284, 284, 284, 284, 450, 450, 426, 426, 426, 426, 413, 413, 413, 250, 250, 153, 153, 387, 387, 284, 486, 486, 146, 240, 240, 143, 395, 374, 219, 464, 324, 324, 19, 107, 468, 374, 468, 84, 172, 115, 115, 267, 267, 267, 213, 324, 19, 19, 19, 464, 35, 464, 464, 19, 464, 468, 468, 468, 77, 468, 84, 172, 172, 172, 172, 115, 115, 115, 319, 319, 413, 450, 450, 172, 355, 355, 355, 263, 263, 263, 263, 263, 414, 414, 170, 170, 170, 170, 244, 47, 80, 2, 2, 2, 2, 2, 2, 2, 63, 63, 63, 63, 63, 63, 63, 63, 63, 244, 244, 73, 73, 73, 73, 320, 7, 7, 7, 153, 153, 153, 182, 122, 122, 259, 180, 180, 486, 486, 486, 35, 443, 486, 486, 240, 240, 143, 395, 395, 395, 132, 132, 182, 413, 413, 387, 387, 387, 65, 387, 473, 264, 213, 213, 213, 246, 246, 246, 246, 246, 246, 246, 19, 19, 19, 454, 454, 454, 414, 414, 170, 170, 170, 170, 244, 320, 320, 293, 293, 414, 441, 293, 170, 63, 63, 63, 73, 63, 63, 73, 63, 244, 63, 63, 63, 63, 63, 63, 63, 63, 63, 63, 244, 73, 73, 244, 73, 73, 320, 7, 7, 7, 473, 473, 239, 239, 374, 374, 132, 132, 153, 153, 153, 153, 153, 387, 387, 387, 284, 284, 284, 284, 284, 450, 450, 284, 284, 284, 284, 284, 315, 35, 35, 284, 319, 354, 106, 293, 293, 284, 284, 284, 284, 284, 284, 450, 450, 426, 426, 426, 426, 426, 284, 450, 450, 172, 172, 413, 413, 115, 172, 122, 35, 264, 464, 464, 464, 464, 468, 468, 468, 468, 468, 468, 115, 331, 250, 387, 413, 342, 355, 293, 293, 293, 106, 387, 387, 387, 153, 153, 182, 182, 182, 182, 182, 182, 182, 182, 182, 182, 182, 182, 153, 153, 153, 182, 387, 387, 293, 450, 450, 146, 146, 464, 464, 464, 464, 219, 464, 464, 464, 374, 374, 374, 132, 219, 324, 324, 464, 464, 355, 355, 355, 355, 263, 263, 263, 486, 486, 486, 486, 486, 486, 486, 486, 486, 486, 486, 486, 486, 486, 486, 486, 486, 486, 486, 486, 486, 486, 486, 486, 486, 486, 486, 486, 486, 486, 486, 486, 486, 486, 486, 486, 486, 486, 486, 486, 486, 486, 486, 486, 486, 486, 486, 486, 486, 486, 486, 486, 486, 486, 486, 486, 486, 486, 486, 486, 486, 486, 486, 486, 486, 486, 486, 486, 486, 486, 486, 486, 486, 486, 486, 486, 486, 486, 486, 486, 486, 486, 486, 486, 486, 486, 486, 486, 486, 486, 486, 486, 486, 486, 486, 486, 486, 486, 486, 486, 486, 486, 486, 486, 486, 486, 486, 486, 486, 486, 486, 486, 486, 486, 486, 486, 486, 486, 486, 486, 486, 486, 486, 486, 486, 486, 486]

ep24
Train step Loss: [2.4552531242370605, 2.4294328689575195, 2.4310009479522705, 2.3422110080718994, 2.232308864593506, 2.379911184310913, 2.432607650756836, 2.427612066268921, 2.421970844268799, 2.2931935787200928, 2.401045083999634, 2.329883575439453, 2.4034464359283447, 2.3166990280151367, 2.4658219814300537, 2.4304583072662354, 2.3053863048553467, 2.4368786811828613, 2.422564744949341, 2.415789842605591, 2.435580253601074, 2.3767569065093994, 2.328197956085205, 2.3773391246795654, 2.3073949813842773, 2.459446668624878, 2.390404462814331, 2.352323055267334, 2.329803943634033, 2.410478115081787, 2.276491641998291, 2.3413050174713135, 2.373952627182007, 2.219855308532715, 2.3672986030578613, 2.3459908962249756, 2.3075950145721436, 2.3138558864593506, 2.3173558712005615, 2.2856030464172363, 2.358503818511963, 2.3076424598693848, 2.4980826377868652, 2.288728952407837, 2.38529109954834, 2.276160717010498, 2.229787826538086, 2.3155906200408936, 2.1459553241729736, 2.315735101699829, 2.2995097637176514, 2.2711737155914307, 2.24924898147583, 2.3724372386932373, 2.371551752090454, 2.2319247722625732, 2.349862813949585, 2.33732533454895, 2.2738990783691406, 2.2918202877044678, 2.347334384918213, 2.272920608520508, 2.396057367324829]
val step Loss: [2.6144540309906006, 2.6106364727020264, 2.577070474624634, 2.581021785736084, 2.6265480518341064, 2.546260356903076, 2.6688880920410156, 2.6051509380340576, 2.6988537311553955, 2.67623233795166, 2.5742363929748535, 2.55112886428833, 2.5679848194122314, 2.6739017963409424, 2.591419219970703, 2.6788675785064697]
Train step Accs: [0.5358405202884208, 0.5339984650805832, 0.5340125861552293, 0.5620092066070945, 0.5754744958481613, 0.55188884064264, 0.5304026294165982, 0.543918918918919, 0.5471956224350205, 0.5774979009235937, 0.5369530416221985, 0.5578806767586821, 0.5428059166293142, 0.5578129260976274, 0.5291458852867831, 0.5351737668161435, 0.5671500630517023, 0.533013698630137, 0.5420431919130035, 0.5369490630773291, 0.530285898885479, 0.5533357117374242, 0.5534660260809884, 0.5462561881188119, 0.5566528760176165, 0.5336192584394023, 0.5495022867904223, 0.5566279595837732, 0.5585272664119486, 0.5451440451440451, 0.5641095890410959, 0.5446279933410167, 0.5441215675819782, 0.5814942834352566, 0.558804074613044, 0.5517641934078699, 0.5578118524658102, 0.5586077727485562, 0.5608844596698848, 0.5640756302521008, 0.5546088303640588, 0.5659358118843343, 0.5169122572002679, 0.562859739472887, 0.5413965822038892, 0.5721001292748854, 0.5721768012263669, 0.5611853419764519, 0.585373364126251, 0.5561959654178674, 0.5674005407493241, 0.5604872753588228, 0.5669191919191919, 0.5545375218150087, 0.5480356046654389, 0.5714462605250124, 0.5531914893617021, 0.5501927935115011, 0.5678455685500916, 0.5665216039788623, 0.5525458597634151, 0.5652511651993786, 0.5364653243847874]
val step Accs: [0.49486177449703284, 0.5000649772579597, 0.5007138777841234, 0.5157750342935528, 0.49833418759610454, 0.5137013768212806, 0.4894795127353267, 0.5018425901553041, 0.4757253243913107, 0.4773451572675627, 0.5089482378854625, 0.5080287505734822, 0.5121388851213888, 0.49301013210209055, 0.49892690316879185, 0.4875435306723815]
Preds: [17, 17, 287, 287, 284, 284, 284, 450, 450, 450, 284, 284, 180, 331, 77, 331, 180, 371, 264, 264, 264, 77, 354, 106, 293, 106, 284, 486, 460, 486, 468, 468, 251, 84, 387, 319, 319, 398, 398, 324, 324, 19, 139, 374, 374, 54, 172, 172, 172, 115, 115, 267, 267, 267, 324, 324, 19, 19, 14, 14, 287, 240, 240, 171, 301, 443, 354, 180, 264, 355, 54, 84, 172, 303, 355, 355, 303, 303, 106, 486, 486, 486, 486, 486, 486, 355, 413, 413, 413, 413, 132, 122, 32, 32, 32, 239, 14, 239, 107, 107, 107, 395, 395, 286, 286, 264, 264, 264, 264, 264, 264, 264, 264, 464, 19, 19, 143, 14, 14, 170, 170, 170, 47, 47, 170, 170, 47, 170, 170, 187, 187, 187, 244, 2, 2, 2, 2, 244, 392, 392, 73, 392, 244, 73, 73, 73, 244, 287, 287, 73, 7, 293, 153, 153, 473, 473, 106, 208, 441, 441, 441, 287, 426, 319, 413, 413, 413, 115, 115, 250, 250, 98, 197, 473, 284, 7, 7, 387, 473, 473, 129, 348, 413, 413, 199, 219, 464, 464, 324, 468, 468, 468, 468, 115, 267, 395, 395, 468, 172, 172, 331, 331, 319, 153, 153, 153, 153, 182, 182, 182, 182, 153, 122, 122, 239, 43, 43, 441, 441, 441, 293, 426, 319, 413, 413, 413, 250, 250, 250, 250, 98, 98, 98, 98, 414, 414, 170, 170, 170, 170, 170, 244, 2, 2, 244, 2, 2, 2, 2, 2, 244, 321, 73, 73, 73, 73, 244, 320, 7, 7, 473, 276, 284, 284, 284, 284, 240, 450, 35, 106, 342, 342, 342, 413, 172, 172, 106, 153, 153, 153, 153, 387, 65, 413, 342, 342, 115, 115, 180, 77, 54, 217, 100, 98, 98, 182, 182, 182, 98, 98, 98, 197, 80, 80, 80, 80, 80, 80, 320, 287, 287, 284, 284, 284, 450, 450, 450, 450, 450, 355, 355, 355, 355, 355, 355, 355, 468, 172, 172, 251, 413, 413, 413, 250, 250, 250, 250, 250, 426, 65, 319, 473, 239, 239, 464, 464, 464, 434, 239, 32, 32, 239, 143, 354, 180, 106, 153, 153, 387, 387, 413, 342, 342, 115, 355, 355, 293, 387, 387, 387, 387, 153, 182, 182, 182, 182, 182, 132, 387, 293, 54, 132, 132, 132, 98, 98, 98, 98, 98, 13, 187, 187, 170, 170, 170, 170, 47, 187, 187, 187, 187, 187, 2, 392, 392, 73, 73, 73, 244, 83, 83, 139, 139, 413, 413, 115, 106, 106, 153, 153, 153, 182, 182, 182, 182, 182, 182, 182, 182, 182, 182, 182, 387, 122, 122, 239, 75, 75, 14, 75, 264, 310, 139, 139, 115, 106, 106, 106, 153, 182, 98, 98, 98, 98, 98, 145, 486, 486, 486, 486, 486, 486, 486, 486, 486, 486, 486, 486, 486, 486, 486, 486, 486, 486, 486, 486, 486, 486, 486, 486, 486, 486, 486, 486, 486, 486, 486, 486, 486, 486, 486, 486, 486, 486, 486, 486, 486, 486, 486, 486, 486, 486, 486, 486, 486, 486, 486, 486, 486, 486, 486, 486, 486, 486, 486, 486, 486, 486, 486, 486, 486, 486, 486, 486, 486, 486, 486, 486, 486, 486, 486, 486, 486, 486, 486, 486, 486, 486, 486, 486, 486, 486, 486, 486, 486, 486, 486, 486, 486, 486, 486, 486, 486, 486, 486, 486, 486, 486, 486, 486, 486, 486, 486, 486, 486, 486, 486, 486, 486, 486, 486, 486, 486, 486, 486, 486, 486, 486, 486, 486, 486, 486, 486, 486, 486, 486, 486, 486, 486, 486, 486, 486, 486, 486, 486, 486, 486, 486, 486, 486]

ep25
Train step Loss: [2.2709364891052246, 2.1796765327453613, 2.174180746078491, 2.2287189960479736, 2.439957618713379, 2.1857430934906006, 2.2573304176330566, 2.2662529945373535, 2.22733998298645, 2.2613134384155273, 2.1583337783813477, 2.2016875743865967, 2.221639394760132, 2.2488138675689697, 2.288328170776367, 2.2453579902648926, 2.223867177963257, 2.1262047290802, 2.2591798305511475, 2.2031099796295166, 2.1281890869140625, 2.277463674545288, 2.190328598022461, 2.2300264835357666, 2.2336456775665283, 2.1717801094055176, 2.2483508586883545, 2.2523083686828613, 2.2549402713775635, 2.261979818344116, 2.203571319580078, 2.304084300994873, 2.2107203006744385, 2.134138822555542, 2.2420144081115723, 2.2687337398529053, 2.1867892742156982, 2.227735757827759, 2.318639039993286, 2.1973602771759033, 2.2198143005371094, 2.180298089981079, 2.165241003036499, 2.156491756439209, 2.239828109741211, 2.185955047607422, 2.1131601333618164, 2.307533025741577, 2.229351282119751, 2.121335506439209, 2.175943613052368, 2.1939289569854736, 2.2367565631866455, 2.1844429969787598, 2.2301933765411377, 2.1302616596221924, 2.1442067623138428, 2.192631959915161, 2.1420159339904785, 2.1603076457977295, 2.1759777069091797, 2.123652696609497, 2.2099838256835938]
val step Loss: [2.460146903991699, 2.525362730026245, 2.527329206466675, 2.4223215579986572, 2.5257089138031006, 2.4204328060150146, 2.4104857444763184, 2.397989511489868, 2.4854037761688232, 2.5057663917541504, 2.4560165405273438, 2.5652213096618652, 2.5260283946990967, 2.4732601642608643, 2.508253812789917, 2.393035411834717]
Train step Accs: [0.568771988607807, 0.5921173235563703, 0.5967540574282147, 0.5734102458453509, 0.545145447676615, 0.5920603301081389, 0.5802742762155423, 0.5732817762255208, 0.5839472663823188, 0.5687542087542088, 0.5942124735729387, 0.5859773371104816, 0.5828302164629657, 0.565684899485741, 0.5569263778999598, 0.5753813409010288, 0.5805902383654937, 0.6019907888872381, 0.5800514277980783, 0.584317430325933, 0.6019350380096752, 0.5673852471036809, 0.5998292301124235, 0.5805605412122049, 0.5666922486569456, 0.590018656716418, 0.5800216483686408, 0.5707214639268037, 0.5775130305286672, 0.5763210909654425, 0.5945285037444598, 0.5627382728327532, 0.5854337835955995, 0.5988516246900691, 0.5749023013460703, 0.5661558109833972, 0.5868094701240135, 0.5883416177135111, 0.5590388287714831, 0.5926813040585496, 0.5856683509416628, 0.5985342019543974, 0.6029246344206974, 0.6018219218336762, 0.5633410672853828, 0.5841558774516088, 0.6016513264753655, 0.5614666666666667, 0.575863213811421, 0.6184811177202932, 0.5973731149667586, 0.5804992461048752, 0.594378074490513, 0.6022953507436468, 0.584801566114967, 0.6097796143250689, 0.5977988297575927, 0.5903905516038116, 0.6026467003308376, 0.6085646312450436, 0.5850916371476975, 0.608483128350678, 0.6056375838926175]
val step Accs: [0.5350747273461693, 0.5337706873415834, 0.5206435079726651, 0.5423773634801005, 0.5286779835390947, 0.5410491042660137, 0.5562441061565405, 0.5462475946119307, 0.5338426484385471, 0.5309876543209876, 0.5346344145134689, 0.5172306252923748, 0.5312679288582903, 0.5311698306824012, 0.5242037322856742, 0.556238085151451]
Preds: [17, 17, 17, 387, 251, 251, 331, 443, 443, 264, 330, 330, 330, 240, 143, 434, 434, 324, 324, 324, 324, 324, 301, 301, 374, 303, 303, 65, 319, 319, 319, 319, 106, 284, 284, 284, 284, 450, 426, 426, 250, 98, 98, 98, 98, 13, 13, 13, 13, 170, 170, 392, 392, 392, 63, 63, 63, 63, 63, 63, 63, 63, 63, 63, 63, 63, 63, 63, 73, 244, 289, 289, 47, 320, 7, 7, 486, 486, 460, 460, 376, 342, 35, 77, 468, 115, 264, 239, 107, 139, 54, 54, 251, 338, 338, 338, 219, 286, 286, 464, 213, 324, 246, 246, 246, 246, 19, 354, 374, 251, 251, 251, 286, 286, 286, 107, 374, 374, 374, 132, 132, 387, 132, 132, 132, 122, 32, 75, 401, 401, 401, 208, 284, 354, 354, 219, 286, 324, 324, 301, 301, 239, 354, 354, 217, 473, 398, 360, 324, 324, 252, 252, 143, 143, 107, 310, 107, 107, 107, 395, 464, 464, 19, 19, 454, 454, 454, 414, 414, 414, 47, 47, 47, 47, 47, 170, 47, 170, 392, 392, 392, 392, 392, 392, 392, 392, 392, 392, 392, 73, 73, 289, 244, 320, 287, 287, 145, 486, 460, 460, 315, 376, 35, 401, 144, 441, 473, 473, 129, 324, 324, 324, 143, 143, 143, 401, 401, 208, 401, 354, 251, 251, 395, 395, 374, 374, 132, 132, 132, 122, 54, 354, 115, 330, 398, 324, 301, 301, 143, 129, 259, 106, 106, 106, 65, 426, 450, 172, 85, 146, 464, 464, 324, 324, 19, 374, 374, 251, 251, 338, 219, 286, 286, 107, 374, 374, 374, 132, 374, 182, 182, 182, 182, 182, 182, 153, 122, 122, 197, 259, 240, 240, 324, 301, 301, 239, 354, 276, 182, 153, 153, 387, 387, 319, 413, 172, 251, 251, 251, 331, 486, 486, 486, 460, 264, 468, 468, 468, 468, 468, 180, 486, 486, 315, 315, 376, 342, 342, 355, 172, 172, 172, 172, 342, 115, 267, 267, 464, 213, 213, 246, 246, 19, 14, 35, 240, 35, 171, 171, 171, 143, 77, 263, 376, 342, 132, 355, 172, 172, 172, 303, 106, 287, 287, 287, 284, 284, 284, 450, 450, 355, 355, 342, 263, 263, 263, 263, 13, 13, 145, 330, 330, 330, 330, 486, 486, 486, 486, 486, 486, 486, 486, 486, 486, 486, 486, 486, 486, 486, 486, 486, 486, 486, 486, 486, 486, 486, 486, 486, 486, 486, 486, 486, 486, 486, 486, 486, 486, 486, 486, 486, 486, 486, 486, 486, 486, 486, 486, 486, 486, 486, 486, 486, 486, 486, 486, 486, 486, 486, 486, 486, 486, 486, 486, 486, 486, 486, 486, 486, 486, 486, 486, 486, 486, 486, 486, 486, 486, 486, 486, 486, 486, 486, 486, 486, 486, 486, 486, 486, 486, 486, 486, 486, 486, 486, 486, 486, 486, 486, 486, 486, 486, 486, 486, 486, 486, 486, 486, 486, 486, 486, 486, 486, 486, 486, 486, 486, 486, 486, 486, 486, 486, 486, 486, 486, 486, 486, 486, 486, 486, 486, 486, 486, 486, 486, 486, 486, 486, 486, 486, 486, 486, 486, 486, 486, 486, 486, 486, 486, 486, 486, 486, 486, 486, 486, 486, 486, 486, 486, 486, 486, 486, 486, 486, 486, 486, 486, 486, 486, 486, 486, 486, 486, 486, 486, 486, 486, 486, 486, 486, 486, 486, 486, 486, 486, 486, 486, 486, 486, 486, 486, 486, 486, 486, 486, 486, 486, 486, 486, 486, 486, 486, 486, 486, 486, 486, 486, 486, 486, 486, 486, 486, 486, 486, 486, 486, 486, 486, 486, 486, 486, 486, 486, 486, 486, 486, 486, 486, 486, 486]

ep26
Train step Loss: [2.1570918560028076, 2.2219977378845215, 2.0356173515319824, 2.126596212387085, 2.1557393074035645, 1.9888463020324707, 2.110684871673584, 2.1145620346069336, 2.153982639312744, 2.1735076904296875, 2.0814359188079834, 2.1278233528137207, 2.1457765102386475, 2.1828503608703613, 2.1828055381774902, 2.1402244567871094, 2.233983039855957, 2.126492977142334, 2.1747705936431885, 2.2476837635040283, 1.9160370826721191, 2.2056057453155518, 2.184372663497925, 2.210885524749756, 2.190100908279419, 2.088158369064331, 2.1818668842315674, 2.1597671508789062, 2.1277687549591064, 2.1284923553466797, 2.2654600143432617, 2.1608998775482178, 2.0986037254333496, 2.026813507080078, 2.1152255535125732, 2.1722006797790527, 2.154695749282837, 2.1694960594177246, 2.1127054691314697, 2.125596761703491, 2.2786147594451904, 2.1391348838806152, 2.028015375137329, 2.5257210731506348, 2.2773947715759277, 2.246516704559326, 2.400888681411743, 2.205754280090332, 2.0956361293792725, 2.0650594234466553, 2.1355018615722656, 2.4365031719207764, 2.338735818862915, 2.0921552181243896, 2.29240083694458, 2.201460838317871, 2.407667875289917, 2.508930206298828, 2.545929431915283, 2.505431652069092, 2.5492300987243652, 2.602949380874634, 2.717648506164551]
val step Loss: [2.3114013671875, 2.3539135456085205, 2.4588866233825684, 2.3018176555633545, 2.4919803142547607, 2.399660110473633, 2.466080665588379, 2.375544786453247, 2.326361894607544, 2.3380374908447266, 2.4086244106292725, 2.3457131385803223, 2.3760344982147217, 2.4248874187469482, 2.4567978382110596, 2.4442946910858154]
Train step Accs: [0.6008690254500311, 0.5850445563734986, 0.6308805790108565, 0.5999128666860296, 0.5950006648052121, 0.6301601971657425, 0.6082446082446082, 0.6064619414932324, 0.6005974607916356, 0.6052978194058247, 0.6173999011369253, 0.6005483207676491, 0.5991691235593675, 0.5880190605854323, 0.5958348040945993, 0.6010502412716435, 0.5808238636363636, 0.5985602094240837, 0.6010955372966006, 0.5822841060583617, 0.6552245576893997, 0.5824990248342218, 0.6058959156785244, 0.5895800106326422, 0.5907696801518914, 0.6165714285714285, 0.6003973321980984, 0.593520782396088, 0.6083487676307167, 0.6156796563362995, 0.5795470730665148, 0.605568445475638, 0.6222278868213102, 0.637599093997735, 0.6051495758297366, 0.5836304975377823, 0.6016492229622582, 0.5950797872340425, 0.6169410150891632, 0.6122266845158412, 0.575298377363551, 0.600707281787494, 0.6271935885035236, 0.5366294844739222, 0.5712809917355371, 0.5839780384327427, 0.5608624045515795, 0.5949926362297496, 0.6235962657285888, 0.6211574362165526, 0.6029108883701771, 0.5569374899047004, 0.565291198746409, 0.6237771739130434, 0.5790601342665334, 0.5854070012652889, 0.5560332048621405, 0.5465686274509803, 0.537031741492708, 0.5490420360308836, 0.5253496503496503, 0.5351457951824201, 0.5217259191735035]
val step Accs: [0.5743631881676253, 0.5585168018539977, 0.5469842091638623, 0.5822989746357259, 0.5455217444868794, 0.5502138327680283, 0.5429432446007032, 0.558035067381539, 0.5753151129414701, 0.5707762557077626, 0.5531355613969208, 0.5657404755084503, 0.555163418750959, 0.5644080416976918, 0.5443183267440378, 0.5386686245717083]
Preds: [17, 17, 7, 319, 473, 360, 360, 395, 330, 14, 371, 180, 180, 354, 395, 395, 403, 413, 413, 413, 413, 172, 172, 146, 464, 443, 443, 374, 129, 75, 144, 217, 346, 473, 473, 129, 213, 324, 171, 246, 246, 246, 246, 246, 246, 19, 19, 19, 454, 454, 14, 414, 414, 80, 83, 287, 287, 284, 460, 486, 486, 35, 35, 35, 259, 106, 441, 276, 153, 153, 153, 182, 153, 153, 346, 346, 346, 346, 387, 153, 153, 153, 387, 387, 122, 146, 464, 324, 324, 324, 464, 464, 19, 19, 3, 129, 401, 7, 7, 276, 276, 276, 387, 387, 109, 109, 213, 213, 324, 246, 246, 301, 301, 239, 239, 239, 259, 354, 354, 355, 271, 315, 240, 180, 35, 77, 342, 54, 54, 54, 115, 342, 115, 239, 374, 132, 132, 153, 182, 182, 182, 497, 153, 43, 43, 276, 276, 346, 346, 65, 428, 85, 486, 330, 468, 251, 251, 303, 303, 303, 303, 303, 115, 267, 324, 324, 464, 19, 19, 395, 129, 401, 208, 401, 264, 468, 139, 115, 395, 106, 106, 153, 153, 153, 182, 182, 182, 182, 182, 182, 182, 182, 182, 182, 182, 122, 122, 32, 14, 259, 14, 75, 264, 139, 139, 115, 106, 106, 106, 387, 387, 98, 98, 48, 263, 13, 414, 414, 170, 170, 170, 244, 47, 28, 244, 7, 287, 287, 287, 426, 426, 276, 197, 197, 73, 321, 320, 287, 284, 284, 14, 287, 188, 240, 395, 303, 468, 342, 139, 172, 172, 172, 172, 115, 267, 267, 464, 219, 374, 374, 374, 374, 374, 132, 250, 250, 497, 346, 122, 122, 129, 129, 139, 342, 342, 342, 115, 115, 115, 106, 284, 284, 284, 284, 284, 284, 284, 376, 376, 376, 376, 460, 85, 85, 85, 146, 146, 468, 468, 468, 468, 468, 172, 319, 284, 284, 486, 460, 240, 240, 77, 35, 35, 401, 75, 77, 84, 172, 172, 172, 115, 115, 267, 267, 464, 324, 301, 301, 143, 143, 75, 75, 401, 401, 401, 401, 144, 217, 473, 473, 213, 213, 213, 213, 213, 246, 246, 246, 246, 19, 19, 19, 454, 454, 414, 414, 414, 244, 414, 244, 47, 47, 47, 80, 73, 244, 321, 321, 80, 321, 321, 320, 153, 387, 387, 153, 387, 54, 54, 338, 338, 338, 338, 219, 286, 286, 324, 35, 324, 324, 246, 246, 246, 246, 246, 246, 246, 252, 354, 374, 374, 251, 338, 338, 338, 395, 395, 286, 286, 286, 213, 324, 324, 324, 19, 19, 19, 19, 454, 14, 145, 239, 239, 239, 239, 486, 486, 486, 486, 486, 486, 486, 486, 486, 486, 486, 486, 486, 486, 486, 486, 486, 486, 486, 486, 486, 486, 486, 486, 486, 486, 486, 486, 486, 486, 486, 486, 486, 486, 486, 486, 486, 486, 486, 486, 486, 486, 486, 486, 486, 486, 486, 486, 486, 486, 486, 486, 486, 486, 486, 486, 486, 486, 486, 486, 486, 486, 486, 486, 486, 486, 486, 486, 486, 486, 486, 486, 486, 486, 486, 486, 486, 486, 486, 486, 486, 486, 486, 486, 486, 486, 486, 486, 486, 486, 486, 486, 486, 486, 486, 486, 486, 486, 486, 486, 486, 486, 486, 486, 486, 486, 486, 486, 486, 486, 486, 486, 486, 486, 486, 486, 486, 486, 486, 486, 486, 486, 486, 486, 486, 486, 486, 486, 486, 486, 486, 486, 486, 486, 486, 486, 486, 486, 486, 486, 486, 486, 486, 486, 486, 486, 486, 486, 486, 486, 486, 486, 486, 486, 486, 486, 486, 486, 486, 486, 486, 486, 486, 486, 486, 486, 486, 486, 486, 486, 486, 486, 486, 486, 486]

ep27
Train step Loss: [2.5179073810577393, 2.6008596420288086, 2.4829208850860596, 2.735816240310669, 2.3948099613189697, 2.1338982582092285, 2.7231593132019043, 2.306062936782837, 2.37746262550354, 2.614903450012207, 2.6016643047332764, 2.9993937015533447, 2.841093063354492, 2.751188039779663, 2.98332142829895, 2.7180631160736084, 2.8863260746002197, 2.5622546672821045, 2.8057291507720947, 2.5360965728759766, 3.035135269165039, 2.764866352081299, 2.537426471710205, 2.6677706241607666, 2.7528493404388428, 2.6361594200134277, 2.792097330093384, 3.0188353061676025, 3.2198541164398193, 2.9031949043273926, 2.392584800720215, 2.9322876930236816, 2.3560547828674316, 2.604438066482544, 2.5621306896209717, 2.8614611625671387, 2.439056396484375, 2.77299427986145, 2.893630027770996, 2.6813127994537354, 3.3800699710845947, 2.8598074913024902, 2.5174036026000977, 2.483877420425415, 2.5660886764526367, 2.5259809494018555, 1.994105577468872, 2.3365981578826904, 2.375222682952881, 2.222118854522705, 2.294292688369751, 2.2623512744903564, 2.4944894313812256, 2.484870195388794, 2.5742385387420654, 2.652783155441284, 2.8722121715545654, 2.6990809440612793, 3.0625007152557373, 2.4305343627929688, 2.525724411010742, 2.6933887004852295, 2.631211280822754]
val step Loss: [2.2996506690979004, 2.3095343112945557, 2.2800991535186768, 2.51466965675354, 2.526507616043091, 2.4154257774353027, 2.2406187057495117, 2.393566131591797, 2.5586540699005127, 2.3858349323272705, 2.4949569702148438, 2.351438283920288, 2.3032398223876953, 2.41849684715271, 2.39418888092041, 2.4393863677978516]
Train step Accs: [0.5352749893962958, 0.5241993393652161, 0.5335857523488992, 0.49910922296834315, 0.5659766230108435, 0.6133675359840388, 0.5146372507424692, 0.5822801474460242, 0.567286743757332, 0.528066215199398, 0.5210473980775605, 0.4687043189368771, 0.48161310259579726, 0.5124661246612466, 0.4709416220451874, 0.5109333999750094, 0.4800600928708003, 0.5462641509433962, 0.49851492887290916, 0.5506993006993007, 0.46379468377635197, 0.49849634827438066, 0.5422111866178777, 0.5167498218104063, 0.5165125495376486, 0.5239279055313859, 0.4937635123898221, 0.4504017051975734, 0.41966022565166644, 0.47273430449916204, 0.5629021218343601, 0.4811302863644984, 0.5847412413302507, 0.5166208791208792, 0.534944823962165, 0.4670619235836627, 0.5621046965415153, 0.5083333333333333, 0.48007757404795487, 0.512112259970458, 0.4102778941488619, 0.47525908626477886, 0.538843231508761, 0.5392749244712991, 0.5402439024390244, 0.5308815272318922, 0.6384759525296689, 0.5677545495563242, 0.5698704839809134, 0.5879129734085415, 0.5881437684767388, 0.5919324577861164, 0.5341579174457068, 0.5310968137254902, 0.5287251781112627, 0.5255871830766837, 0.4909066046766033, 0.5027753432661408, 0.4367241657262615, 0.5603473653223432, 0.5567140600315956, 0.5011135857461024, 0.5154639175257731]
val step Accs: [0.5864187805262329, 0.5857266116109947, 0.5993651669886834, 0.5476446837146702, 0.5391718366758044, 0.5621514437972487, 0.5939196525515744, 0.555439467154238, 0.5324007993148729, 0.5644956918398378, 0.5383691445348993, 0.5793216630196937, 0.5790264047052934, 0.5595976298746038, 0.5614255765199161, 0.5598718462154586]
Preds: [17, 17, 387, 217, 217, 217, 217, 473, 473, 65, 264, 264, 264, 264, 264, 264, 264, 264, 264, 264, 468, 468, 468, 468, 35, 35, 464, 324, 264, 19, 454, 197, 197, 197, 75, 354, 387, 319, 319, 319, 371, 310, 395, 374, 374, 219, 464, 464, 324, 360, 360, 360, 434, 434, 434, 143, 143, 360, 434, 324, 434, 434, 339, 339, 374, 374, 250, 250, 250, 250, 387, 153, 153, 182, 182, 182, 182, 182, 182, 497, 497, 122, 43, 473, 208, 208, 441, 481, 481, 481, 481, 426, 426, 293, 293, 413, 172, 450, 450, 413, 413, 413, 406, 413, 54, 132, 84, 84, 84, 374, 182, 182, 182, 182, 182, 98, 98, 98, 48, 48, 48, 48, 414, 414, 170, 170, 170, 170, 170, 170, 187, 187, 187, 320, 320, 7, 287, 287, 287, 293, 197, 197, 73, 392, 73, 244, 75, 7, 66, 172, 172, 172, 172, 172, 115, 267, 267, 267, 464, 374, 374, 374, 374, 374, 139, 293, 293, 497, 88, 342, 342, 342, 180, 180, 180, 77, 54, 54, 217, 35, 324, 324, 324, 464, 464, 464, 464, 180, 486, 486, 486, 486, 315, 315, 315, 315, 450, 450, 282, 468, 303, 303, 293, 342, 172, 115, 371, 371, 371, 324, 464, 464, 464, 464, 464, 315, 315, 315, 315, 315, 450, 450, 450, 450, 450, 315, 282, 282, 146, 376, 413, 84, 355, 413, 413, 406, 406, 374, 374, 84, 172, 172, 180, 106, 100, 182, 98, 250, 98, 98, 98, 13, 13, 414, 414, 414, 414, 414, 414, 414, 170, 187, 187, 187, 187, 187, 187, 187, 2, 244, 321, 321, 320, 320, 320, 83, 7, 413, 374, 219, 219, 468, 374, 107, 395, 310, 310, 107, 107, 395, 395, 395, 286, 464, 139, 139, 139, 139, 106, 331, 319, 251, 251, 251, 413, 413, 413, 240, 240, 354, 54, 107, 107, 107, 286, 286, 239, 107, 143, 143, 75, 144, 144, 27, 27, 27, 27, 293, 284, 284, 426, 426, 426, 284, 460, 460, 486, 35, 35, 35, 35, 106, 106, 100, 100, 426, 426, 250, 250, 98, 98, 98, 48, 263, 13, 13, 13, 414, 170, 170, 47, 47, 47, 244, 2, 2, 244, 2, 244, 320, 2, 63, 73, 73, 63, 73, 73, 73, 244, 321, 321, 287, 287, 287, 287, 486, 486, 460, 460, 460, 77, 342, 342, 342, 342, 342, 115, 115, 293, 172, 172, 331, 115, 464, 464, 443, 443, 106, 468, 468, 342, 172, 172, 172, 115, 115, 115, 413, 342, 486, 460, 240, 240, 35, 310, 310, 107, 395, 395, 395, 143, 239, 251, 395, 251, 43, 43, 43, 497, 497, 497, 497, 473, 14, 14, 441, 100, 153, 153, 387, 387, 387, 387, 387, 348, 413, 172, 172, 172, 172, 337, 267, 267, 464, 19, 19, 19, 19, 454, 454, 414, 414, 414, 414, 414, 47, 80, 47, 47, 170, 47, 392, 392, 392, 392, 392, 73, 244, 320, 320, 7, 7, 7, 7, 7, 7, 217, 473, 65, 319, 264, 264, 264, 264, 264, 264, 264, 264, 264, 264, 468, 468, 468, 468, 468, 468, 337, 337, 464, 464, 434, 19, 19, 19, 19, 454, 14, 145, 330, 239, 239, 239, 330, 330, 330, 330, 330, 330, 330, 330, 330, 330, 330, 330, 330, 330, 330, 330, 330, 330, 330, 330, 330, 330, 330, 330, 330, 330, 330, 330, 330, 330, 330, 330, 330, 330, 330, 330, 330, 330, 330, 330, 330, 330, 330, 330, 330, 330, 330, 330, 330, 330, 330, 330, 330, 330, 330, 330, 330, 330, 330, 330, 330, 330, 330, 330, 330, 330, 330, 330]

ep28
Train step Loss: [2.5155365467071533, 2.887359857559204, 2.813286542892456, 2.2729244232177734, 2.2429323196411133, 2.3471481800079346, 2.419966459274292, 1.9477611780166626, 2.3344945907592773, 2.3339486122131348, 2.512989044189453, 2.0856547355651855, 2.6050868034362793, 2.3369174003601074, 2.770956039428711, 2.6861205101013184, 2.4881412982940674, 2.7931597232818604, 2.8586137294769287, 2.4272491931915283, 2.318660020828247, 2.2888777256011963, 2.3391010761260986, 2.7332513332366943, 2.5323684215545654, 2.401677370071411, 2.3182902336120605, 2.414586305618286, 2.2971267700195312, 2.492077589035034, 2.361996650695801, 2.375631332397461, 2.5690183639526367, 2.3774914741516113, 2.434741497039795, 2.833016872406006, 2.6221156120300293, 2.4356729984283447, 3.036897659301758, 2.304490327835083, 2.3753910064697266, 2.2784085273742676, 2.6614646911621094, 2.6701066493988037, 2.818983554840088, 2.7932965755462646, 2.6256167888641357, 2.9505269527435303, 2.979081153869629, 2.6814119815826416, 2.4885270595550537, 2.882643461227417, 3.1221506595611572, 2.7731242179870605, 2.667999029159546, 2.6488308906555176, 2.4408035278320312, 2.3273098468780518, 2.1517364978790283, 2.0699570178985596, 2.393014430999756, 2.2803585529327393, 2.3444206714630127]
val step Loss: [2.5393621921539307, 2.278712511062622, 2.340161085128784, 2.2023138999938965, 2.3498709201812744, 2.3301010131835938, 2.186593532562256, 2.3847289085388184, 2.2155609130859375, 2.268277406692505, 2.2238922119140625, 2.314957618713379, 2.224501609802246, 2.2964465618133545, 2.1184706687927246, 2.3258001804351807]
Train step Accs: [0.5473684210526316, 0.48239127710239377, 0.48400059532668555, 0.5848107965070124, 0.5891253741270369, 0.5667389284608237, 0.5532964568694873, 0.6406351263771873, 0.5752827360675842, 0.5696627498855487, 0.5477893368010404, 0.6252945797329144, 0.5229072398190046, 0.5633107727016357, 0.4972988757482844, 0.5142606406318561, 0.542437252311757, 0.48787837282564034, 0.500966255388732, 0.5629731589814178, 0.571137026239067, 0.5855696202531645, 0.5773280459455764, 0.512445295404814, 0.5361648444070648, 0.5726049958825145, 0.5791464073473798, 0.5681515465443244, 0.5801778542742398, 0.5515920200819131, 0.5731539519951078, 0.5658077029648102, 0.5386558159113232, 0.5608402100525132, 0.5515867368720649, 0.4920469361147327, 0.5186682841353282, 0.5720358281463489, 0.4420569329660239, 0.5867016352977477, 0.571071953010279, 0.5879680616740088, 0.5136513651365137, 0.5156141568355309, 0.4913714804722979, 0.4858878622959119, 0.5203401133711237, 0.4755507791509941, 0.47468247248094836, 0.5069715560513106, 0.5548084440969507, 0.49034749034749037, 0.43647942521227956, 0.49265113699389906, 0.5092273068267067, 0.5206733608978146, 0.5614063252528496, 0.5812124678295681, 0.6138562766094697, 0.6328416033378036, 0.5625873681535137, 0.5858369098712446, 0.605748865355522]
val step Accs: [0.540256175663312, 0.5864699262223334, 0.5877884477569156, 0.5996996996996997, 0.573694646397885, 0.5852117731514717, 0.6108087091757387, 0.5684180138568129, 0.6056211498973306, 0.5996070133010882, 0.6054607508532424, 0.5794525878842911, 0.5969950804414307, 0.5768568970461715, 0.62351559441472, 0.5761700095510984]
Preds: [17, 251, 251, 251, 251, 251, 331, 319, 486, 284, 284, 284, 284, 284, 284, 481, 284, 284, 315, 284, 284, 284, 284, 284, 284, 450, 450, 450, 450, 450, 85, 146, 146, 146, 146, 146, 264, 468, 468, 139, 468, 337, 464, 464, 324, 324, 464, 464, 464, 464, 120, 468, 282, 282, 282, 282, 139, 115, 387, 387, 132, 413, 303, 303, 303, 303, 122, 219, 324, 324, 464, 464, 468, 468, 139, 54, 54, 264, 406, 172, 172, 115, 115, 115, 115, 486, 460, 376, 486, 180, 401, 401, 401, 321, 217, 387, 65, 331, 54, 54, 54, 54, 54, 54, 54, 172, 172, 172, 387, 153, 153, 153, 182, 182, 70, 293, 284, 426, 426, 426, 426, 426, 450, 413, 413, 303, 303, 48, 48, 43, 387, 387, 387, 132, 324, 132, 132, 122, 32, 32, 75, 310, 107, 395, 107, 107, 395, 395, 251, 106, 106, 153, 153, 153, 182, 182, 182, 182, 497, 65, 284, 14, 14, 244, 287, 106, 188, 450, 413, 10, 403, 239, 239, 401, 239, 354, 354, 371, 286, 286, 264, 271, 330, 330, 139, 303, 303, 303, 303, 54, 54, 43, 276, 276, 217, 217, 473, 398, 213, 213, 213, 19, 143, 143, 75, 310, 107, 107, 395, 286, 213, 213, 213, 19, 19, 454, 454, 454, 170, 170, 170, 392, 244, 47, 47, 320, 320, 320, 320, 441, 346, 346, 346, 153, 153, 197, 197, 392, 392, 320, 47, 287, 287, 293, 284, 284, 293, 287, 287, 486, 460, 460, 376, 35, 77, 84, 172, 172, 115, 219, 107, 264, 395, 139, 139, 139, 413, 106, 106, 43, 43, 473, 208, 208, 208, 441, 441, 153, 153, 153, 387, 387, 387, 387, 413, 172, 172, 355, 303, 303, 303, 98, 98, 98, 48, 48, 48, 48, 170, 47, 47, 47, 287, 287, 287, 111, 473, 486, 376, 14, 115, 342, 342, 172, 172, 115, 172, 387, 387, 479, 319, 319, 319, 331, 443, 443, 240, 143, 143, 371, 77, 468, 282, 146, 146, 85, 85, 85, 146, 146, 146, 219, 143, 143, 324, 443, 301, 251, 251, 251, 354, 401, 401, 486, 376, 376, 376, 376, 376, 376, 376, 460, 460, 460, 282, 282, 355, 115, 239, 75, 354, 84, 251, 106, 106, 387, 109, 315, 129, 371, 77, 342, 115, 115, 115, 293, 342, 315, 315, 486, 35, 144, 7, 7, 473, 264, 107, 464, 464, 443, 443, 43, 217, 217, 354, 319, 106, 106, 284, 284, 284, 284, 426, 450, 450, 450, 413, 250, 43, 276, 276, 276, 346, 346, 426, 426, 426, 426, 284, 315, 486, 197, 401, 321, 401, 287, 287, 111, 111, 129, 129, 403, 371, 371, 354, 395, 146, 35, 443, 443, 443, 240, 264, 143, 75, 371, 371, 107, 324, 324, 324, 246, 246, 246, 246, 246, 246, 301, 354, 129, 401, 401, 354, 287, 287, 319, 486, 315, 315, 35, 75, 77, 342, 342, 303, 355, 282, 115, 251, 251, 331, 331, 331, 374, 132, 153, 153, 182, 182, 497, 43, 43, 43, 276, 276, 346, 346, 346, 284, 376, 376, 460, 263, 263, 263, 13, 13, 392, 392, 392, 392, 392, 392, 392, 63, 63, 392, 244, 73, 244, 63, 63, 392, 63, 63, 63, 63, 63, 392, 244, 289, 320, 320, 320, 441, 153, 153, 387, 387, 387, 413, 122, 413, 303, 54, 122, 32, 32, 354, 106, 65, 319, 319, 426, 98, 98, 98, 48, 48, 13, 13, 170, 170, 244, 392, 63, 63, 63, 63, 63, 63, 63, 63, 63, 63, 63, 73, 392, 244, 289, 320, 320, 287, 287, 153, 182, 182, 182, 182, 98]

ep29
Train step Loss: [2.5852861404418945, 2.45991587638855, 2.267369270324707, 2.71459698677063, 2.4378368854522705, 2.602081298828125, 2.225243330001831, 2.596238851547241, 2.453869342803955, 2.3957204818725586, 2.3035426139831543, 2.6498465538024902, 2.4993178844451904, 2.6149888038635254, 3.4707388877868652, 3.470167398452759, 2.5899510383605957, 2.8530502319335938, 2.69330096244812, 2.9924705028533936, 2.3516881465911865, 2.6726438999176025, 2.562753200531006, 2.0942375659942627, 2.06597900390625, 2.6444365978240967, 2.2656004428863525, 2.694814682006836, 1.9219013452529907, 2.0500004291534424, 2.6649200916290283, 2.5969223976135254, 2.4509918689727783, 2.359875202178955, 2.5459229946136475, 2.7097296714782715, 2.6813294887542725, 2.293292760848999, 3.130141258239746, 2.727583885192871, 2.701324462890625, 2.4628512859344482, 2.4380393028259277, 2.556898832321167, 2.227699041366577, 2.8722620010375977, 2.7988476753234863, 2.599612236022949, 2.0242483615875244, 2.162062406539917, 2.38974928855896, 2.50109601020813, 2.4194140434265137, 2.6691296100616455, 2.237926959991455, 2.5976109504699707, 2.1846649646759033, 2.7020583152770996, 2.678957223892212, 2.4372506141662598, 2.3271799087524414, 2.442409038543701, 2.473728656768799]
val step Loss: [2.412381410598755, 2.4101736545562744, 2.1884515285491943, 2.472691535949707, 2.633361577987671, 2.5450439453125, 2.473388671875, 2.5820794105529785, 2.449376106262207, 2.3593101501464844, 2.582695245742798, 2.282353639602661, 2.2725753784179688, 2.746183395385742, 2.4618589878082275, 2.4478681087493896]
Train step Accs: [0.5288095550597192, 0.5550595238095238, 0.5936955063715628, 0.5057240984544934, 0.5651433437411297, 0.5294811320754716, 0.596983087002895, 0.5202271114265437, 0.5482322828347465, 0.5785939968404423, 0.583435475398354, 0.5341272146383967, 0.5536558748635868, 0.5262262107380473, 0.38449490994518404, 0.3968475380108802, 0.5371116225546605, 0.48280328104763276, 0.5267084958453451, 0.4478136387298282, 0.5733151183970856, 0.521606169392368, 0.5478967833156593, 0.6285996612083569, 0.6338124572210815, 0.5308697611536728, 0.5982170785111042, 0.5103929384965832, 0.6595458984375, 0.6351075522059978, 0.5177434030937216, 0.5304595120490945, 0.5555555555555556, 0.5793983910458202, 0.5420005936479667, 0.5179277436946148, 0.5104381443298969, 0.5944026140076716, 0.44563197026022305, 0.49823032943098283, 0.5103437548607871, 0.552581541611818, 0.5493837041780054, 0.542749310494992, 0.6006614897900489, 0.48283468909416793, 0.4898577051165607, 0.5389835620570049, 0.6517830386574768, 0.614009533898305, 0.5677380594773205, 0.5421719213150095, 0.5590711569799022, 0.5143288084464555, 0.5974937343358396, 0.5253634395298484, 0.6048125867653864, 0.5041366426474513, 0.5329341317365269, 0.560691961040849, 0.5829207920792079, 0.5608894124576645, 0.5519612837493633]
val step Accs: [0.5746071478236685, 0.573672595092821, 0.6223192500321048, 0.5644389777231106, 0.5376261853777914, 0.5600534402137608, 0.5668743660339082, 0.5526494104892262, 0.5635272259539803, 0.5865647187329328, 0.5396216068001097, 0.5994807324405576, 0.5995656305144563, 0.506251776072748, 0.5613005745018946, 0.5670289855072463]
Preds: [17, 17, 217, 217, 217, 217, 217, 473, 473, 65, 264, 264, 264, 264, 264, 264, 264, 264, 264, 264, 468, 468, 468, 468, 337, 464, 464, 324, 264, 19, 454, 197, 197, 197, 75, 354, 387, 109, 319, 319, 199, 264, 395, 374, 374, 337, 464, 464, 324, 360, 360, 360, 434, 434, 434, 143, 143, 434, 434, 324, 434, 434, 339, 339, 374, 374, 250, 250, 250, 250, 387, 153, 153, 138, 424, 424, 424, 182, 497, 497, 497, 122, 43, 75, 208, 208, 441, 481, 481, 481, 481, 426, 426, 293, 293, 348, 172, 172, 450, 413, 348, 406, 406, 406, 54, 132, 84, 84, 84, 374, 182, 182, 182, 182, 182, 98, 98, 98, 48, 48, 48, 48, 414, 414, 170, 170, 170, 170, 170, 170, 187, 187, 187, 320, 320, 320, 287, 287, 293, 293, 197, 197, 392, 392, 392, 244, 75, 7, 66, 172, 172, 172, 172, 172, 115, 267, 267, 267, 267, 374, 374, 374, 374, 374, 139, 293, 293, 497, 88, 342, 342, 342, 180, 180, 180, 77, 54, 54, 54, 35, 324, 324, 324, 464, 464, 464, 464, 180, 486, 486, 486, 486, 315, 315, 315, 315, 450, 450, 282, 172, 250, 250, 293, 342, 54, 115, 371, 371, 371, 324, 464, 464, 464, 464, 464, 315, 315, 315, 315, 315, 450, 450, 450, 450, 450, 315, 282, 282, 85, 169, 413, 84, 355, 413, 406, 406, 406, 406, 406, 54, 172, 172, 284, 106, 100, 497, 98, 250, 98, 98, 98, 13, 13, 414, 414, 414, 414, 414, 414, 414, 170, 187, 187, 187, 187, 187, 187, 392, 2, 244, 321, 321, 320, 320, 320, 83, 309, 348, 374, 219, 464, 468, 374, 199, 395, 310, 310, 107, 107, 395, 395, 395, 286, 464, 139, 139, 139, 139, 106, 331, 331, 251, 251, 251, 413, 413, 413, 240, 240, 354, 54, 107, 107, 107, 286, 286, 239, 107, 143, 143, 180, 144, 144, 27, 27, 27, 27, 27, 284, 284, 426, 426, 426, 206, 460, 460, 486, 35, 35, 35, 35, 106, 106, 100, 100, 426, 426, 250, 250, 98, 98, 98, 414, 263, 13, 13, 13, 414, 170, 170, 47, 47, 28, 244, 2, 2, 244, 2, 244, 320, 2, 63, 73, 73, 63, 73, 73, 73, 244, 321, 321, 287, 287, 287, 287, 486, 486, 460, 460, 460, 77, 342, 342, 342, 342, 342, 115, 115, 293, 251, 172, 331, 199, 464, 464, 443, 443, 106, 271, 468, 342, 172, 172, 172, 115, 115, 115, 355, 342, 486, 460, 240, 240, 35, 310, 310, 107, 395, 395, 395, 143, 239, 251, 395, 251, 43, 43, 497, 497, 497, 497, 497, 109, 208, 208, 441, 100, 153, 153, 387, 387, 387, 387, 387, 348, 413, 172, 172, 172, 172, 337, 267, 41, 464, 19, 19, 19, 19, 454, 454, 414, 414, 414, 414, 414, 47, 80, 47, 47, 170, 47, 392, 392, 392, 392, 392, 73, 244, 320, 320, 7, 7, 7, 7, 7, 217, 217, 473, 65, 319, 264, 264, 264, 264, 264, 264, 264, 264, 264, 264, 468, 468, 468, 468, 468, 468, 337, 337, 464, 434, 434, 19, 19, 19, 19, 454, 14, 145, 330, 330, 239, 239, 330, 330, 330, 330, 330, 330, 330, 330, 330, 330, 330, 330, 330, 330, 330, 330, 330, 330, 330, 330, 330, 330, 330, 330, 330, 330, 330, 330, 330, 330, 330, 330, 330, 330, 330, 330, 330, 330, 330, 330, 330, 330, 330, 330, 330, 330, 330, 330, 330, 330, 330, 330, 330, 330, 330, 330, 330, 330, 330, 330, 330, 330, 330, 330, 330, 330, 330, 330]

ep30
Train step Loss: [3.0958712100982666, 2.944465160369873, 2.713862180709839, 2.459757089614868, 2.6200108528137207, 2.6859700679779053, 2.553060531616211, 2.4581143856048584, 2.7549221515655518, 2.7983763217926025, 2.7296104431152344, 2.677722454071045, 2.3749942779541016, 2.752678155899048, 2.3606209754943848, 2.6792659759521484, 2.4444026947021484, 3.0925254821777344, 2.525757074356079, 3.070219039916992, 2.927428960800171, 2.8152177333831787, 2.9383468627929688, 2.7133522033691406, 3.0228593349456787, 2.5007402896881104, 2.6990654468536377, 2.690730571746826, 2.662180185317993, 2.500430107116699, 2.61161470413208, 2.5361337661743164, 2.380756139755249, 2.227971315383911, 2.536943197250366, 2.650921583175659, 2.854924201965332, 2.629611015319824, 2.680720567703247, 2.361175060272217, 2.252842664718628, 2.8915531635284424, 2.398535966873169, 2.1583337783813477, 2.220583438873291, 2.1827921867370605, 2.610490083694458, 2.427305221557617, 2.5893146991729736, 3.060331106185913, 2.598315477371216, 2.556706190109253, 2.650278329849243, 2.8333797454833984, 2.547060489654541, 2.17094087600708, 2.573690176010132, 3.1600918769836426, 2.5458436012268066, 2.9066972732543945, 2.9365932941436768, 2.7006165981292725, 2.94761061668396]
val step Loss: [2.1493122577667236, 2.1704623699188232, 2.2953574657440186, 2.3471524715423584, 2.3539392948150635, 2.223620653152466, 2.232430934906006, 2.2240796089172363, 2.2332022190093994, 2.160346508026123, 2.265190839767456, 2.3969051837921143, 2.31843900680542, 2.2991998195648193, 2.285813808441162, 2.447711944580078]
Train step Accs: [0.4393056095349138, 0.4762343647136274, 0.521989121989122, 0.5568895714086277, 0.5387776065742167, 0.5222387454373395, 0.5428999002327901, 0.5565954957589938, 0.49579100145137883, 0.5019945747566619, 0.5106531123798914, 0.5217391304347826, 0.5735386549340038, 0.49935379644588046, 0.5695707216020256, 0.5328080229226361, 0.557309716339366, 0.4608307778087538, 0.5503940273745334, 0.4752258417738845, 0.4817938420348059, 0.5146943265755147, 0.4786821705426357, 0.5113281779948446, 0.4706616729088639, 0.5586264656616415, 0.5173971983732489, 0.5200805910006716, 0.5237297599106644, 0.5440818314661471, 0.5232891436761018, 0.5341179976162098, 0.5595034246575342, 0.6022485566697052, 0.5452227388630568, 0.5252150697122515, 0.4778841769265846, 0.5296697272851857, 0.5155601659751037, 0.5668097665682855, 0.5988631749898498, 0.47627289773546805, 0.575445040972026, 0.6210906804966211, 0.6058074236405971, 0.6160383824537354, 0.5288627225732337, 0.5664822134387352, 0.5395051875498803, 0.4591075115134191, 0.5300185136207353, 0.5437800687285224, 0.5257668711656441, 0.48770491803278687, 0.5374362349843673, 0.6118383608423449, 0.5293770646531383, 0.43577480185843126, 0.5524852569502948, 0.47678724010253487, 0.45847589424572316, 0.5104087524692296, 0.4772027110289587]
val step Accs: [0.6170477523720641, 0.6293570337453132, 0.5975897301545716, 0.5834626124728514, 0.583032955715757, 0.6085703053335081, 0.610454608647296, 0.6134952766531714, 0.6084029086991651, 0.6243757592117695, 0.605923939541687, 0.5812452543659833, 0.5927582832378023, 0.6068814055636896, 0.6026522001205545, 0.567702426854162]
Preds: [17, 17, 7, 217, 217, 217, 217, 217, 473, 473, 331, 443, 443, 443, 443, 330, 330, 330, 468, 395, 395, 395, 310, 374, 395, 395, 107, 395, 395, 106, 106, 153, 153, 481, 387, 387, 284, 315, 315, 35, 35, 35, 401, 7, 217, 217, 473, 319, 319, 348, 348, 406, 406, 199, 395, 337, 464, 434, 434, 434, 434, 434, 434, 339, 339, 395, 434, 464, 464, 464, 468, 395, 395, 251, 251, 199, 199, 84, 84, 84, 153, 43, 182, 182, 182, 182, 182, 497, 497, 497, 497, 497, 497, 43, 43, 75, 208, 208, 441, 441, 346, 346, 346, 284, 315, 315, 315, 85, 85, 85, 146, 468, 468, 468, 406, 406, 172, 172, 172, 172, 250, 250, 182, 182, 182, 98, 98, 48, 48, 48, 13, 13, 170, 28, 321, 187, 187, 392, 187, 2, 244, 244, 20, 20, 20, 20, 2, 2, 321, 320, 320, 320, 7, 7, 331, 331, 398, 434, 434, 434, 360, 360, 434, 252, 143, 395, 107, 251, 251, 395, 395, 395, 464, 213, 213, 360, 360, 360, 434, 434, 434, 434, 434, 434, 354, 259, 331, 180, 443, 486, 376, 376, 376, 376, 376, 282, 282, 460, 263, 263, 263, 414, 414, 414, 320, 187, 187, 80, 244, 320, 320, 153, 73, 73, 73, 73, 73, 2, 2, 2, 2, 2, 73, 244, 321, 320, 320, 320, 320, 7, 473, 473, 473, 290, 434, 434, 171, 171, 171, 434, 434, 252, 143, 143, 107, 107, 107, 107, 107, 107, 286, 286, 213, 213, 213, 213, 246, 246, 246, 246, 19, 19, 19, 454, 197, 197, 197, 414, 414, 414, 80, 47, 289, 66, 66, 172, 172, 115, 115, 115, 273, 486, 486, 486, 460, 460, 240, 240, 35, 354, 251, 251, 324, 464, 324, 324, 219, 464, 464, 464, 464, 139, 330, 330, 354, 251, 374, 250, 250, 426, 473, 398, 324, 324, 324, 324, 468, 315, 371, 371, 139, 115, 342, 342, 115, 115, 115, 115, 319, 315, 315, 376, 376, 460, 460, 460, 376, 376, 35, 35, 106, 287, 287, 111, 111, 111, 129, 129, 180, 77, 342, 172, 172, 172, 172, 115, 267, 267, 434, 219, 239, 139, 139, 139, 43, 497, 497, 497, 98, 14, 284, 106, 287, 287, 287, 319, 319, 212, 413, 413, 413, 115, 199, 219, 264, 264, 324, 464, 464, 374, 374, 374, 374, 251, 251, 199, 331, 43, 497, 153, 497, 497, 43, 43, 43, 276, 276, 153, 100, 153, 153, 182, 182, 182, 182, 98, 98, 98, 13, 13, 414, 414, 187, 47, 47, 47, 47, 47, 47, 47, 47, 47, 80, 80, 73, 73, 244, 321, 321, 320, 287, 287, 481, 293, 387, 293, 497, 497, 122, 122, 239, 239, 354, 354, 100, 100, 100, 387, 346, 426, 426, 426, 98, 98, 98, 98, 414, 66, 13, 83, 330, 239, 239, 239, 330, 330, 330, 330, 330, 330, 330, 330, 330, 330, 330, 330, 330, 330, 330, 330, 330, 330, 330, 330, 330, 330, 330, 330, 330, 330, 330, 330, 330, 330, 330, 330, 330, 330, 330, 330, 330, 330, 330, 330, 330, 330, 330, 330, 330, 330, 330, 330, 330, 330, 330, 330, 330, 330, 330, 330, 330, 330, 330, 330, 330, 330, 330, 330, 330, 330, 330, 330, 330, 330, 330, 330, 330, 330, 330, 330, 330, 330, 330, 330, 330, 330, 330, 330, 330, 330, 330, 330, 330, 330, 330, 330, 330, 330, 330, 330, 330, 330, 330, 330, 330, 330, 330, 330, 330, 330, 330, 330, 330, 330, 330, 330, 330, 330, 330, 330, 330, 330, 330, 330, 330, 330, 330, 330, 330, 330]

