ep287
Train step Loss: [0.062019359320402145, 0.13832394778728485, 0.37789681553840637, 0.3685876727104187, 0.3355746865272522, 0.1889914870262146, 0.3054514229297638, 0.2970154285430908, 0.10998815298080444, 0.36983516812324524, 0.059199195355176926, 0.25720229744911194, 0.010093688033521175, 0.41474223136901855, 0.2810460031032562, 0.43789413571357727, 0.09819220006465912, 0.2630220651626587, 0.3383301794528961, 0.21297912299633026, 0.1798810064792633, 0.2504618465900421, 0.033855337649583817, 0.2039259523153305, 0.49728742241859436, 0.17315144836902618, 0.3108154535293579, 0.3177010118961334, 0.010638098232448101, 0.05965135246515274, 0.21726739406585693, 0.2357315719127655, 0.07719407230615616, 0.33143967390060425, 0.4715423285961151, 0.09799637645483017, 0.14772453904151917, 0.24920661747455597, 0.08945926278829575, 0.009737051092088223, 0.06567639112472534, 0.013010836206376553, 0.20002223551273346, 0.33436664938926697, 0.2063017636537552, 0.06644490361213684, 0.1150074377655983, 0.03460010513663292, 0.3499664068222046, 0.5175982117652893, 0.156949982047081, 0.13124440610408783, 0.2755031883716583, 0.15059730410575867, 0.08011489361524582, 0.2703542113304138, 0.21177613735198975, 0.16042375564575195, 0.5279004573822021, 0.08390292525291443, 0.19485871493816376, 0.01024447288364172, 0.19379685819149017]
val step Loss: [0.542389452457428, 0.9568718671798706, 0.8091462850570679, 0.5435388684272766, 0.35439634323120117, 0.5692973136901855, 0.3531966805458069, 0.4245818853378296, 0.47376805543899536, 0.8588031530380249, 0.35788071155548096, 0.7846952676773071, 0.5525351762771606, 0.7495527863502502, 0.2850230634212494, 0.6349074244499207]
Train step Accs: [0.9855401190813723, 0.9669135024420986, 0.9181244622885002, 0.901241018941868, 0.9342086484943628, 0.9528234453180844, 0.9236947791164659, 0.929713524317122, 0.9726027397260274, 0.9110597747617672, 0.9861377377967852, 0.9311711711711712, 0.9998474214220323, 0.8925852366765972, 0.9273643640675956, 0.8923470154863931, 0.9762235817575083, 0.932596103212217, 0.9123371871798625, 0.9429094794687833, 0.9536031589338598, 0.9417556742323098, 0.9930453390397218, 0.9510774606872452, 0.8712656949054698, 0.9571936542669585, 0.9215969911760451, 0.9187352245862884, 1.0, 0.9852387843704775, 0.9438470728793309, 0.9409044935702933, 0.9812526629740094, 0.9151979196763941, 0.8853470437017995, 0.9778123233465235, 0.9618238230136247, 0.9375090200606148, 0.9786707031787533, 1.0, 0.9847983142685129, 0.9994129732902847, 0.9502826737612238, 0.9155784998481628, 0.9458655562165378, 0.9847698744769875, 0.972102460055795, 0.9929824561403509, 0.9053145998778253, 0.8644688644688645, 0.9624789207419899, 0.9682982500634035, 0.9274034395263603, 0.9620578778135048, 0.9809451219512195, 0.9299039780521262, 0.9470297770462367, 0.9638512934726743, 0.8673524634542501, 0.9772305616461461, 0.950994431185362, 0.9998440180939011, 0.9509969584319027]
val step Accs: [0.8738479262672811, 0.7685550604710376, 0.8113289132314788, 0.878311809346292, 0.9172712380060847, 0.8741658722592945, 0.9156697681287845, 0.900714650331802, 0.8918770581778266, 0.7917986331055176, 0.9164629176854115, 0.8191434468524251, 0.8717698002514318, 0.8406935789758873, 0.9352321981424149, 0.8563005022930771]
Preds: [17, 296, 481, 481, 293, 98, 98, 129, 129, 129, 401, 401, 401, 401, 354, 441, 441, 441, 346, 426, 426, 426, 206, 263, 98, 13, 13, 170, 414, 414, 414, 80, 80, 80, 80, 80, 80, 7, 7, 7, 32, 473, 109, 286, 286, 286, 286, 286, 264, 468, 406, 406, 406, 406, 406, 337, 337, 337, 324, 171, 171, 324, 246, 246, 3, 3, 14, 197, 197, 197, 197, 7, 7, 473, 398, 213, 360, 360, 339, 217, 70, 250, 250, 70, 138, 138, 153, 182, 182, 182, 182, 182, 497, 98, 13, 117, 8, 197, 280, 100, 497, 375, 497, 497, 8, 32, 32, 259, 208, 441, 441, 153, 346, 284, 206, 426, 206, 206, 263, 406, 285, 382, 382, 313, 313, 94, 199, 134, 375, 375, 375, 182, 182, 98, 98, 13, 170, 170, 170, 414, 414, 414, 170, 47, 47, 47, 47, 47, 47, 47, 47, 80, 80, 80, 73, 320, 7, 7, 309, 398, 398, 301, 301, 143, 129, 259, 208, 465, 27, 180, 486, 486, 315, 315, 450, 450, 388, 388, 94, 64, 64, 212, 76, 465, 354, 420, 324, 324, 464, 464, 443, 443, 120, 460, 169, 169, 263, 414, 170, 414, 414, 170, 47, 47, 47, 392, 28, 28, 2, 28, 2, 2, 2, 2, 2, 2, 2, 2, 2, 2, 2, 316, 73, 73, 73, 73, 289, 320, 83, 287, 460, 460, 460, 35, 35, 35, 35, 66, 232, 172, 172, 172, 115, 267, 267, 213, 213, 213, 213, 246, 246, 246, 19, 454, 454, 197, 197, 197, 197, 197, 7, 479, 331, 331, 443, 240, 240, 388, 240, 314, 32, 32, 401, 239, 107, 395, 395, 374, 374, 106, 88, 88, 88, 426, 426, 265, 85, 85, 85, 85, 240, 24, 239, 129, 449, 478, 342, 172, 115, 267, 267, 267, 213, 213, 213, 324, 246, 3, 3, 197, 197, 259, 209, 209, 209, 209, 188, 153, 153, 182, 182, 182, 182, 182, 182, 182, 182, 182, 182, 426, 426, 413, 413, 122, 24, 239, 32, 32, 401, 401, 384, 371, 213, 371, 171, 171, 171, 314, 116, 314, 239, 384, 384, 180, 264, 286, 171, 171, 403, 171, 171, 171, 434, 434, 37, 303, 303, 41, 19, 19, 19, 454, 454, 229, 229, 414, 442, 442, 442, 392, 392, 392, 28, 28, 2, 2, 2, 2, 2, 2, 2, 73, 20, 73, 73, 73, 20, 320, 83, 284, 460, 460, 460, 169, 35, 314, 36, 449, 342, 224, 224, 224, 224, 324, 213, 213, 324, 324, 3, 301, 3, 14, 14, 14, 226, 209, 188, 145, 153, 424, 182, 497, 497, 122, 236, 129, 129, 32, 441, 441, 100, 387, 182, 497, 98, 98, 13, 48, 170, 414, 414, 226, 80, 80, 80, 80, 80, 80, 209, 153, 287, 481, 481, 35, 35, 349, 234, 402, 155, 155, 441, 153, 437, 153, 481, 481, 481, 206, 98, 13, 414, 17, 219, 403, 403, 403, 403, 403, 403, 403, 403, 403, 403, 403, 403, 403, 403, 403, 403, 403, 403, 403, 403, 403, 403, 403, 403, 403, 403, 403, 403, 403, 403, 403, 403, 403, 403, 403, 403, 403, 403, 403, 403, 403, 403, 403, 403, 403, 403, 403, 403, 403, 403, 403, 403, 403, 403, 403, 403, 403, 403, 403, 403, 403, 403, 403, 403, 403, 403, 403, 403, 403, 403, 403, 403, 403, 403, 403, 403, 403, 403, 403, 403, 403, 403, 403, 403, 403, 403, 403, 403, 403, 403, 403, 403, 403, 403, 403, 403, 403, 403, 403, 403, 403, 403, 403, 403, 403, 403, 403, 403, 403, 403, 403, 403, 403, 403, 403, 403, 403]

ep288
Train step Loss: [0.2294100672006607, 0.16512857377529144, 0.18832439184188843, 0.2728167474269867, 0.12230367958545685, 0.26822495460510254, 0.20556697249412537, 0.40030983090400696, 0.20866601169109344, 0.12720143795013428, 0.5249871611595154, 0.16253337264060974, 0.0782109722495079, 0.020655140280723572, 0.010489867068827152, 0.10512622445821762, 0.17211218178272247, 0.22667421400547028, 0.31165793538093567, 0.38969582319259644, 0.40995335578918457, 0.269207239151001, 0.21524207293987274, 0.186530202627182, 0.061137642711400986, 0.13174255192279816, 0.28719550371170044, 0.20803973078727722, 0.4676830470561981, 0.130726620554924, 0.3096639811992645, 0.2449711412191391, 0.010482761077582836, 0.08471355587244034, 0.14001935720443726, 0.20400892198085785, 0.3213930130004883, 0.11710704863071442, 0.21270613372325897, 0.14869318902492523, 0.2208978235721588, 0.3856479823589325, 0.22551706433296204, 0.502781331539154, 0.3433033227920532, 0.3778439164161682, 0.2185050994157791, 0.04716000705957413, 0.17953146994113922, 0.257798433303833, 0.008618115447461605, 0.017787080258131027, 0.37857064604759216, 0.2531711459159851, 0.020978890359401703, 0.008898114785552025, 0.14171987771987915, 0.22842007875442505, 0.05608191713690758, 0.2814622223377228, 0.3137405812740326, 0.010300759226083755, 0.7989140152931213]
val step Loss: [0.12750950455665588, 0.8907011151313782, 0.35896915197372437, 0.9809985756874084, 0.5983614921569824, 0.7086897492408752, 0.4073115885257721, 0.514929473400116, 0.5762033462524414, 0.7333440184593201, 0.4338825047016144, 0.3426783084869385, 0.44712430238723755, 0.7842633724212646, 0.6454595327377319, 0.4743051528930664]
Train step Accs: [0.9382978723404255, 0.9590174701169053, 0.950945094509451, 0.9252100840336135, 0.968730358265242, 0.9302100608070757, 0.9471147224900152, 0.8936313450922311, 0.9494122308809932, 0.9702534527242374, 0.8651403043417563, 0.9599198396793587, 0.9826939368268184, 0.9974751225308184, 0.999858276643991, 0.972568578553616, 0.9579127193663612, 0.9435920577617328, 0.9244083840432725, 0.9014516129032258, 0.8957633892885691, 0.9312511218811703, 0.9478365747022464, 0.9534847542003734, 0.9852852852852853, 0.9678776827044466, 0.9262723521320495, 0.947103274559194, 0.8955487706893781, 0.9678714859437751, 0.9178101570236242, 0.9385396109388215, 1.0, 0.9796747967479674, 0.9668587896253602, 0.9494640122511485, 0.9154095587198646, 0.9715272978576365, 0.9468533369579992, 0.964548595463422, 0.9414911400869275, 0.9024049217002237, 0.9405490196078431, 0.8693066207544217, 0.9226340410219503, 0.9042417622428546, 0.9435044450817321, 0.9899916597164303, 0.9549563121422115, 0.9527752223244403, 1.0, 0.9978431674626406, 0.9034403006649321, 0.9334734945186965, 0.9966343564889607, 1.0, 0.9662766689607708, 0.9406670942912123, 0.987673343605547, 0.9261083743842364, 0.9227688787185355, 0.9998456075343524, 0.7956549118387909]
val step Accs: [0.9725393843040901, 0.7874917709019091, 0.9178201952498907, 0.7699205739174994, 0.8559299191374663, 0.8291340863017665, 0.9136601144563324, 0.8880837359098228, 0.8641607740975065, 0.8175429463820927, 0.898500893962316, 0.918866957190464, 0.8945686900958466, 0.8303571428571429, 0.8566866777366202, 0.8931222167243938]
Preds: [17, 17, 287, 287, 284, 315, 450, 450, 450, 450, 43, 43, 43, 364, 276, 276, 276, 153, 153, 182, 182, 182, 182, 182, 182, 182, 387, 98, 98, 98, 98, 197, 197, 197, 197, 82, 226, 83, 83, 83, 55, 55, 322, 322, 67, 10, 10, 309, 398, 398, 398, 301, 378, 43, 153, 153, 153, 153, 153, 387, 387, 387, 109, 146, 146, 324, 324, 422, 186, 99, 99, 338, 338, 338, 338, 338, 400, 400, 400, 278, 171, 171, 171, 378, 173, 8, 8, 100, 100, 100, 100, 497, 379, 122, 471, 243, 76, 129, 36, 478, 232, 172, 172, 115, 115, 267, 267, 324, 324, 464, 464, 464, 315, 319, 319, 319, 450, 450, 413, 250, 364, 276, 276, 276, 153, 153, 182, 182, 182, 182, 182, 182, 182, 182, 182, 413, 426, 413, 413, 303, 303, 195, 199, 199, 413, 413, 413, 413, 348, 303, 10, 10, 10, 10, 309, 309, 479, 479, 331, 331, 106, 153, 153, 481, 481, 387, 387, 387, 355, 375, 452, 263, 263, 13, 13, 170, 170, 170, 170, 20, 170, 249, 20, 28, 2, 20, 249, 249, 20, 421, 20, 2, 2, 20, 20, 20, 20, 20, 163, 316, 73, 73, 73, 289, 20, 20, 320, 7, 7, 30, 324, 324, 3, 464, 464, 464, 486, 486, 486, 460, 460, 215, 215, 349, 205, 205, 205, 261, 261, 261, 25, 420, 420, 324, 324, 324, 464, 464, 331, 139, 426, 426, 319, 348, 348, 94, 219, 219, 398, 464, 464, 340, 116, 94, 199, 302, 302, 497, 122, 122, 129, 129, 36, 342, 172, 115, 273, 273, 151, 486, 460, 240, 215, 35, 35, 259, 354, 29, 420, 286, 286, 286, 278, 374, 374, 324, 219, 219, 219, 246, 246, 477, 477, 132, 132, 375, 375, 375, 98, 98, 98, 143, 129, 401, 401, 401, 75, 20, 441, 441, 441, 153, 153, 153, 153, 153, 182, 98, 98, 98, 13, 17, 414, 17, 17, 219, 403, 403, 403, 403, 403, 403, 403, 403, 403, 403, 403, 403, 403, 403, 403, 403, 403, 403, 403, 403, 403, 403, 403, 403, 403, 403, 403, 403, 403, 403, 403, 403, 403, 403, 403, 403, 403, 403, 403, 403, 403, 403, 403, 403, 403, 403, 403, 403, 403, 403, 403, 403, 403, 403, 403, 403, 403, 403, 403, 403, 403, 403, 403, 403, 403, 403, 403, 403, 403, 403, 403, 403, 403, 403, 403, 403, 403, 403, 403, 403, 403, 403, 403, 403, 403, 403, 403, 403, 403, 403, 403, 403, 403, 403, 403, 403, 403, 403, 403, 403, 403, 403, 403, 403, 403, 403, 403, 403, 403, 403, 403, 403, 403, 403, 403, 403, 403, 403, 403, 403, 403, 403, 403, 403, 403, 403, 403, 403, 403, 403, 403, 403, 403, 403, 403, 403, 403, 403, 403, 403, 403, 403, 403, 403, 403, 403, 403, 403, 403, 403, 403, 403, 403, 403, 403, 403, 403, 403, 403, 403, 403, 403, 403, 403, 403, 403, 403, 403, 403, 403, 403, 403, 403, 403, 403, 403, 403, 403, 403, 403, 403, 403, 403, 403, 403, 403, 403, 403, 403, 403, 403, 403, 403, 403, 403, 403, 403, 403, 403, 403, 403, 403, 403, 403, 403, 403, 403, 403, 403, 403, 403, 403, 403, 403, 403, 403, 403, 403, 403, 403, 403, 403, 403, 403, 403, 403, 403, 403, 403, 403, 403, 403, 403, 403, 403, 403, 403, 403, 403, 403, 403, 403, 403, 403, 403, 403, 403, 403, 403, 403, 403, 403, 403, 403, 403, 403, 403, 403, 403, 403, 403, 403, 403, 403, 403, 403, 403, 403, 403, 403, 403, 403, 403, 403]

ep289
Train step Loss: [0.4610850214958191, 0.3334335684776306, 0.12559545040130615, 0.11943015456199646, 0.13837528228759766, 0.2687041461467743, 0.0769178569316864, 0.49849453568458557, 0.14105652272701263, 0.44693905115127563, 0.4195844531059265, 0.38244566321372986, 0.11725204437971115, 0.012048651464283466, 0.3482176959514618, 0.29536986351013184, 0.28435876965522766, 0.3038460314273834, 0.22590455412864685, 0.008884042501449585, 0.13560199737548828, 0.23634016513824463, 0.14150722324848175, 0.2240743339061737, 0.0698363333940506, 0.2256472259759903, 0.6305248737335205, 0.20525243878364563, 0.3186091482639313, 0.04188656434416771, 0.22583134472370148, 0.27767014503479004, 0.012060393579304218, 0.3552270829677582, 0.04646045342087746, 0.11236652731895447, 0.22419631481170654, 0.4161522388458252, 0.1936502754688263, 0.008867145515978336, 0.13195165991783142, 0.2760177552700043, 0.18405771255493164, 0.23382306098937988, 0.11567699164152145, 0.11791016906499863, 0.0749598816037178, 0.19315655529499054, 0.4204429090023041, 0.047944094985723495, 0.14897002279758453, 0.1528811752796173, 0.16759268939495087, 0.3691854774951935, 0.1733427792787552, 0.029563935473561287, 0.010660585016012192, 0.2018449753522873, 0.17479351162910461, 0.13612598180770874, 0.02695072442293167, 0.41741183400154114, 0.49758046865463257]
val step Loss: [0.3503895699977875, 0.5848408341407776, 0.20748476684093475, 0.7440327405929565, 0.9392642378807068, 0.6204963326454163, 0.025526603683829308, 0.40830373764038086, 0.45047882199287415, 0.6230123043060303, 0.44298768043518066, 0.8721424341201782, 1.0583471059799194, 0.1540725827217102, 0.593569278717041, 1.0601173639297485]
Train step Accs: [0.880403675252297, 0.9157940663176265, 0.9694625407166124, 0.9701831390948994, 0.9652339738888074, 0.9281783159053385, 0.9816446402349486, 0.8761258140501593, 0.9640897755610972, 0.9048424289008455, 0.8936529890886737, 0.8967940272288099, 0.9705882352941176, 0.9990387256248283, 0.9122994652406418, 0.920863309352518, 0.9240685149214197, 0.9220625082421205, 0.9430147058823529, 0.9998456313677061, 0.9673556664290806, 0.9372241294752329, 0.9642178594046865, 0.9489259426167943, 0.983851149727927, 0.9427857424700776, 0.8355987981113178, 0.9483165977554636, 0.92337752965806, 0.9924050632911392, 0.9448106501227866, 0.9449363586054234, 0.9995453167626553, 0.9084526818309464, 0.9906208128628852, 0.973147893142385, 0.94148455842514, 0.8909979867702043, 0.95186656076251, 1.0, 0.9661942530230139, 0.9336814621409921, 0.9549479571228834, 0.94293619228774, 0.9713463120372909, 0.9725927011578485, 0.9818265824734329, 0.9486962649753348, 0.8910941475826972, 0.9902000816659862, 0.961633428300095, 0.9634093219108465, 0.9581613775437597, 0.9027622767857143, 0.9531758381666431, 0.9946037099494098, 0.9998370539351474, 0.9483304042179261, 0.9575226977950714, 0.9662854596762216, 0.9956310679611651, 0.8907001603420631, 0.8672540381791483]
val step Accs: [0.9252981795354677, 0.8648791441024963, 0.9525796134056459, 0.8410972445323118, 0.7836391437308868, 0.8511440457618304, 0.9974699557242251, 0.9028068080023888, 0.890722207195023, 0.8617414248021108, 0.8932493776541222, 0.7890694995520287, 0.759872963269815, 0.966465770360068, 0.8511576626240352, 0.742498880429915]
Preds: [17, 17, 284, 486, 460, 460, 169, 215, 35, 35, 458, 208, 441, 441, 100, 153, 387, 497, 122, 129, 129, 129, 458, 208, 441, 441, 346, 481, 481, 405, 206, 98, 98, 263, 263, 13, 414, 414, 414, 170, 170, 170, 170, 28, 28, 28, 28, 28, 28, 28, 20, 28, 2, 28, 2, 40, 2, 2, 2, 2, 2, 435, 435, 2, 2, 366, 366, 366, 163, 366, 20, 316, 316, 316, 73, 20, 73, 73, 289, 320, 83, 287, 111, 111, 111, 240, 186, 99, 54, 54, 338, 338, 338, 338, 400, 400, 400, 444, 213, 213, 213, 246, 246, 246, 246, 246, 246, 422, 186, 99, 338, 338, 338, 338, 338, 400, 400, 400, 485, 485, 286, 374, 374, 374, 132, 132, 132, 132, 132, 132, 132, 132, 132, 132, 132, 132, 132, 132, 413, 381, 381, 117, 117, 117, 197, 197, 197, 197, 197, 401, 401, 401, 320, 354, 420, 213, 213, 213, 213, 246, 246, 246, 301, 378, 132, 43, 43, 43, 43, 276, 276, 174, 174, 174, 480, 480, 480, 480, 85, 282, 282, 282, 388, 303, 303, 309, 309, 479, 398, 324, 278, 301, 143, 143, 129, 196, 7, 7, 70, 65, 65, 265, 428, 428, 428, 146, 146, 207, 207, 3, 358, 358, 143, 129, 414, 197, 197, 483, 197, 197, 7, 79, 456, 374, 374, 374, 374, 374, 132, 132, 43, 132, 132, 132, 132, 132, 132, 132, 132, 399, 8, 53, 345, 65, 134, 223, 130, 129, 129, 196, 196, 196, 473, 473, 429, 213, 41, 324, 246, 246, 19, 19, 454, 454, 454, 78, 78, 78, 170, 170, 170, 47, 47, 47, 47, 20, 2, 2, 2, 2, 2, 2, 316, 316, 73, 73, 73, 73, 20, 320, 83, 287, 287, 284, 319, 319, 203, 53, 250, 250, 276, 276, 174, 109, 109, 409, 146, 324, 324, 324, 464, 301, 26, 251, 251, 251, 241, 241, 331, 443, 443, 319, 330, 388, 348, 33, 466, 466, 199, 81, 81, 290, 290, 290, 171, 434, 246, 434, 301, 301, 8, 129, 239, 32, 354, 354, 106, 284, 405, 206, 240, 215, 35, 36, 77, 342, 9, 142, 219, 485, 152, 374, 374, 153, 153, 153, 153, 182, 182, 43, 276, 276, 346, 346, 346, 319, 428, 85, 330, 388, 388, 94, 199, 398, 324, 340, 116, 116, 466, 466, 331, 250, 153, 153, 43, 43, 182, 182, 153, 182, 387, 387, 387, 387, 240, 240, 385, 35, 35, 483, 226, 226, 14, 155, 25, 106, 100, 387, 387, 122, 122, 122, 36, 269, 9, 397, 494, 494, 416, 8, 280, 114, 180, 443, 240, 240, 94, 199, 464, 464, 464, 464, 120, 330, 253, 368, 216, 280, 280, 283, 494, 313, 99, 99, 436, 395, 395, 395, 106, 125, 125, 125, 348, 348, 64, 394, 76, 239, 384, 107, 395, 485, 286, 286, 139, 139, 496, 496, 496, 274, 274, 43, 8, 129, 458, 208, 441, 437, 346, 426, 426, 426, 348, 348, 303, 303, 303, 303, 303, 48, 48, 401, 401, 7, 7, 219, 398, 286, 286, 286, 374, 468, 468, 337, 337, 41, 41, 19, 19, 454, 454, 229, 78, 78, 170, 170, 170, 170, 47, 47, 47, 47, 47, 2, 2, 2, 2, 2, 2, 20, 2, 2, 163, 316, 316, 73, 73, 73, 20, 289, 320, 188, 188, 324, 324, 301, 339, 33, 466, 250, 331, 65, 65, 153, 387, 293, 497, 122, 43, 129, 458, 208, 208, 106, 106, 284, 284, 319, 319, 319, 203, 381, 381, 303, 303, 117, 48, 48, 48, 48, 414, 414, 414, 47, 20, 80, 47, 80, 80, 80]

ep290
Train step Loss: [0.18532457947731018, 0.02476656436920166, 0.2285904437303543, 0.24599996209144592, 0.23165865242481232, 0.012570720165967941, 0.16506680846214294, 0.013239949941635132, 0.21451330184936523, 0.18445748090744019, 0.05876878648996353, 0.18337170779705048, 0.2366327941417694, 0.1931714117527008, 0.3108593821525574, 0.15922214090824127, 0.11173993349075317, 0.18842148780822754, 0.2527017295360565, 0.2000967562198639, 0.17123475670814514, 0.13134276866912842, 0.4032036364078522, 0.3277769684791565, 0.20823141932487488, 0.4126276969909668, 0.3586674630641937, 0.10495306551456451, 0.21736587584018707, 0.5584704875946045, 0.20635443925857544, 0.3228458762168884, 0.17433039844036102, 0.20459973812103271, 0.06594357639551163, 0.22119738161563873, 0.22237610816955566, 0.27747759222984314, 0.2052951455116272, 0.05461130291223526, 0.377493292093277, 0.009614858776330948, 0.28738686442375183, 0.26285520195961, 0.07088664919137955, 0.1464836448431015, 0.15775294601917267, 0.2086360603570938, 0.4583721458911896, 0.21394644677639008, 0.10125230252742767, 0.053599197417497635, 0.20305660367012024, 0.3443004786968231, 0.14858628809452057, 0.13876855373382568, 0.17946355044841766, 0.267034649848938, 0.26177769899368286, 0.12715354561805725, 0.07310232520103455, 0.4103351831436157, 0.0913083478808403]
val step Loss: [0.7107054591178894, 0.7875502705574036, 0.7119771242141724, 0.4278818666934967, 0.34212854504585266, 0.6139559745788574, 0.6854113936424255, 0.6773993372917175, 0.9809713363647461, 0.6355332732200623, 0.4475681185722351, 0.7033889293670654, 0.2142433226108551, 0.3845207989215851, 0.33473917841911316, 0.5041841864585876]
Train step Accs: [0.9527737129173872, 0.9958716457121412, 0.9387345679012346, 0.9388530821351843, 0.9384172267178713, 0.9991406825435797, 0.9587858949561078, 0.9989690721649485, 0.9441835260115607, 0.9567961165048544, 0.9857604227833235, 0.954465612755033, 0.9374917925147734, 0.9524168046980876, 0.9184702045656685, 0.9604872251931076, 0.9719965177016832, 0.9493291464459035, 0.93445752465797, 0.949084412684234, 0.9562525238928523, 0.9658354922279793, 0.8990500496242734, 0.9163209841224431, 0.9486084756483238, 0.8938003892132332, 0.9075490059780342, 0.9733018525245187, 0.944695599758891, 0.8568122649696268, 0.945536384096024, 0.9236869474778991, 0.9579765302886141, 0.9500205395043133, 0.9858197932053175, 0.9439612148866391, 0.9415479709755442, 0.9295468653010552, 0.9478430783105366, 0.9877893202114088, 0.9024491490244915, 0.9998480935743582, 0.9278428984624753, 0.9400138217000691, 0.983087286799484, 0.9645968745678329, 0.9618015963511972, 0.9468818782098313, 0.8979625641875103, 0.9454880912445488, 0.9767404555662496, 0.9883181309009441, 0.948299695880564, 0.9097957357984195, 0.9621559633027523, 0.9645255474452554, 0.9571523841280427, 0.9365303244005642, 0.9457715540911587, 0.9681082762912259, 0.9833940276766205, 0.8891902363425029, 0.9779864033667853]
val step Accs: [0.8305205949656751, 0.8167001003009027, 0.8354111012169784, 0.8970684039087948, 0.9173047473200613, 0.8512592592592593, 0.8398401065956029, 0.8416677163370702, 0.788293897882939, 0.8506657070888809, 0.8990228013029316, 0.8367948151421417, 0.9505253940455342, 0.9073389651531151, 0.9262772888330095, 0.8729528535980149]
Preds: [17, 17, 287, 287, 284, 284, 480, 480, 85, 85, 240, 240, 240, 314, 325, 34, 300, 242, 242, 196, 217, 217, 473, 473, 398, 398, 398, 171, 171, 171, 171, 246, 246, 246, 246, 246, 246, 246, 246, 318, 49, 49, 269, 323, 323, 219, 213, 213, 213, 213, 246, 360, 360, 360, 246, 246, 19, 19, 19, 19, 454, 454, 454, 454, 414, 414, 414, 170, 82, 47, 47, 47, 80, 80, 80, 75, 373, 66, 66, 323, 323, 323, 273, 273, 106, 106, 153, 497, 497, 274, 122, 35, 458, 445, 445, 445, 351, 351, 351, 403, 403, 403, 290, 290, 290, 290, 434, 434, 434, 434, 434, 434, 434, 434, 434, 434, 434, 246, 19, 248, 259, 465, 445, 445, 445, 445, 351, 171, 171, 171, 171, 171, 252, 143, 445, 445, 464, 464, 443, 403, 171, 171, 240, 252, 143, 143, 458, 183, 74, 25, 420, 420, 213, 213, 213, 213, 246, 246, 246, 246, 246, 246, 246, 246, 246, 246, 197, 7, 198, 22, 258, 258, 38, 31, 31, 162, 232, 232, 232, 172, 172, 115, 115, 267, 267, 267, 286, 286, 286, 286, 286, 468, 468, 42, 42, 42, 147, 42, 42, 42, 345, 88, 288, 288, 360, 360, 360, 434, 434, 434, 318, 368, 49, 453, 453, 219, 219, 219, 324, 324, 464, 464, 464, 464, 464, 180, 315, 315, 315, 315, 282, 282, 450, 450, 413, 413, 175, 43, 276, 276, 153, 153, 153, 182, 182, 182, 182, 182, 182, 182, 375, 375, 98, 98, 98, 98, 13, 229, 229, 414, 312, 312, 312, 187, 23, 23, 23, 23, 12, 12, 260, 260, 391, 391, 73, 244, 73, 244, 321, 321, 321, 287, 287, 353, 353, 306, 372, 467, 467, 499, 499, 486, 460, 460, 460, 150, 150, 150, 342, 342, 224, 168, 494, 494, 494, 494, 38, 478, 342, 342, 172, 115, 273, 273, 273, 319, 319, 319, 319, 388, 348, 348, 348, 250, 250, 398, 398, 398, 398, 464, 464, 464, 464, 443, 443, 139, 282, 282, 282, 282, 388, 203, 399, 70, 65, 431, 65, 443, 443, 443, 443, 146, 438, 438, 219, 219, 324, 324, 324, 324, 301, 301, 132, 58, 337, 337, 464, 464, 464, 264, 120, 120, 376, 376, 460, 460, 263, 263, 263, 263, 263, 13, 78, 170, 170, 170, 170, 244, 28, 28, 2, 2, 244, 341, 341, 12, 12, 12, 63, 63, 63, 163, 163, 163, 244, 316, 244, 73, 73, 321, 320, 7, 7, 7, 309, 479, 479, 331, 398, 290, 290, 360, 360, 360, 360, 434, 434, 434, 434, 434, 434, 3, 335, 14, 287, 145, 111, 111, 111, 450, 450, 450, 43, 182, 497, 43, 43, 345, 109, 109, 109, 290, 290, 324, 324, 324, 324, 301, 301, 143, 259, 192, 192, 79, 420, 420, 213, 213, 213, 246, 246, 246, 246, 19, 19, 454, 454, 197, 401, 401, 321, 320, 209, 156, 498, 498, 498, 498, 468, 468, 468, 468, 288, 120, 120, 120, 282, 282, 37, 37, 271, 243, 243, 310, 310, 310, 338, 338, 338, 338, 338, 338, 338, 447, 447, 193, 17, 188, 403, 403, 403, 403, 403, 403, 403, 403, 403, 403, 403, 403, 403, 403, 403, 403, 403, 403, 403, 403, 403, 403, 403, 403, 403, 403, 403, 403, 403, 403, 403, 403, 403, 403, 403, 403, 403, 403, 403, 403, 403, 403, 403, 403, 403, 403, 403, 403, 403, 403, 403, 403, 403, 403, 403, 403, 403, 403, 403, 403, 403, 403, 403, 403, 403, 403, 403, 403, 403, 403, 403, 403, 403, 403, 403, 403, 403, 403, 403, 403, 403, 403]

ep291
Train step Loss: [0.133066326379776, 0.24730895459651947, 0.28066933155059814, 0.21801798045635223, 0.010156146250665188, 0.1510879248380661, 0.10580289363861084, 0.4449770152568817, 0.06008142977952957, 0.1192566528916359, 0.11874988675117493, 0.2964417636394501, 0.09820684045553207, 0.23037032783031464, 0.11374452710151672, 0.4364734888076782, 0.36732035875320435, 0.04843442887067795, 0.24096551537513733, 0.09502314031124115, 0.16916778683662415, 0.46208450198173523, 0.4160707890987396, 0.25126585364341736, 0.29945647716522217, 0.15307602286338806, 0.1363019496202469, 0.565316915512085, 0.14047707617282867, 0.011046826839447021, 0.20806576311588287, 0.2165338695049286, 0.2114948183298111, 0.24952226877212524, 0.20364004373550415, 0.07431858032941818, 0.26728999614715576, 0.2528454661369324, 0.593655526638031, 0.4328266978263855, 0.24619877338409424, 0.16235776245594025, 0.1264580637216568, 0.01068138051778078, 0.46638673543930054, 0.07844492048025131, 0.3046891987323761, 0.2989515960216522, 0.15563881397247314, 0.45080238580703735, 0.049017712473869324, 0.35199543833732605, 0.0698714479804039, 0.05709923803806305, 0.07916805893182755, 0.22899198532104492, 0.1725812554359436, 0.22115850448608398, 0.22434289753437042, 0.2121555060148239, 0.047512561082839966, 0.1334824413061142, 0.23498618602752686]
val step Loss: [0.5568568706512451, 0.19283922016620636, 0.3641214966773987, 1.0307613611221313, 0.5155923366546631, 0.4163147509098053, 0.6910791993141174, 0.7827270030975342, 0.45681238174438477, 1.0887972116470337, 0.4254063665866852, 0.458985835313797, 0.4253911077976227, 0.7144027352333069, 0.4581398069858551, 0.6827496886253357]
Train step Accs: [0.9666871354006755, 0.9366149696561025, 0.9275476452984722, 0.9428185502026114, 0.9998418472244188, 0.9619047619047619, 0.9767827529021559, 0.8813255709807434, 0.9862127659574468, 0.9706194154172346, 0.9693206720233747, 0.9238141650422352, 0.9742124768375541, 0.9425424628450106, 0.9721675994554531, 0.8892185954500494, 0.9066599394550958, 0.9903691813804173, 0.9387697516930023, 0.9767073363967675, 0.9560770156438027, 0.8981967911401392, 0.8975387907972178, 0.9343119810201661, 0.9258124667021843, 0.9609534951740275, 0.9644077448747153, 0.8581412639405205, 0.9660594941685231, 0.9996622192197264, 0.9456491520711704, 0.9488324175824175, 0.94927333705981, 0.9383950283707106, 0.9463735648277793, 0.9804810996563574, 0.9385686185504615, 0.9390225450143743, 0.8414131812420785, 0.8901498617779717, 0.9385885885885886, 0.9587221255733038, 0.9712107269620087, 0.9997366688610928, 0.8946696909554862, 0.9807058823529412, 0.9231508165225745, 0.9219954035419765, 0.959210700569461, 0.8777730070130242, 0.9887251954299459, 0.9063029481531684, 0.9840836743974534, 0.9860282346092272, 0.9794377510040161, 0.9408411646895701, 0.957252778569393, 0.9429778247096093, 0.946431056073466, 0.9452134634999272, 0.991106319902978, 0.9655802619555285, 0.93536910761933]
val step Accs: [0.8663036078965283, 0.9594524793388429, 0.9127312560856865, 0.7516778523489933, 0.8814597109968161, 0.9016217870257038, 0.8462471365045142, 0.8212717745361847, 0.892091064613765, 0.7450464396284829, 0.9053222786841402, 0.8892571945155944, 0.9053129931614939, 0.8321668333095272, 0.8934721665999199, 0.8427783902976846]
Preds: [17, 287, 111, 111, 111, 111, 293, 43, 43, 43, 364, 276, 276, 153, 153, 387, 387, 387, 42, 406, 495, 406, 406, 380, 499, 499, 284, 284, 426, 426, 426, 426, 426, 426, 426, 426, 426, 413, 348, 348, 195, 10, 10, 309, 479, 331, 331, 307, 307, 426, 426, 61, 167, 167, 35, 35, 36, 77, 478, 342, 68, 68, 115, 115, 267, 267, 448, 464, 464, 464, 464, 180, 486, 284, 265, 85, 85, 85, 240, 285, 285, 285, 34, 134, 134, 132, 132, 251, 251, 251, 241, 431, 486, 486, 460, 240, 167, 35, 77, 342, 342, 224, 224, 494, 422, 99, 99, 99, 338, 338, 338, 338, 400, 400, 400, 324, 324, 246, 246, 246, 246, 422, 99, 99, 338, 338, 338, 338, 338, 400, 400, 400, 374, 374, 374, 374, 374, 374, 132, 132, 132, 100, 497, 497, 129, 129, 129, 401, 401, 259, 259, 74, 213, 213, 213, 213, 301, 129, 259, 259, 259, 354, 354, 354, 74, 213, 213, 213, 3, 301, 251, 43, 8, 4, 280, 280, 286, 286, 213, 213, 213, 246, 246, 246, 454, 454, 229, 170, 414, 414, 47, 47, 47, 392, 187, 392, 126, 408, 408, 244, 244, 17, 408, 408, 244, 244, 20, 20, 20, 244, 73, 244, 244, 320, 66, 66, 68, 115, 115, 115, 267, 213, 213, 213, 213, 213, 246, 246, 246, 246, 246, 246, 246, 246, 246, 246, 8, 8, 354, 354, 354, 354, 180, 180, 84, 284, 460, 376, 460, 240, 314, 35, 35, 449, 68, 224, 172, 115, 267, 324, 219, 152, 374, 132, 132, 496, 153, 153, 182, 182, 182, 182, 43, 8, 276, 276, 276, 346, 182, 346, 284, 206, 376, 206, 206, 206, 460, 263, 414, 414, 414, 170, 414, 47, 47, 47, 47, 47, 47, 392, 47, 2, 2, 2, 392, 392, 392, 73, 73, 73, 209, 7, 7, 213, 473, 213, 443, 171, 360, 116, 10, 398, 398, 195, 331, 84, 495, 88, 337, 324, 324, 41, 324, 3, 246, 246, 99, 99, 338, 338, 338, 338, 338, 400, 400, 324, 324, 464, 464, 355, 120, 314, 314, 239, 384, 133, 32, 371, 100, 100, 387, 250, 250, 250, 394, 76, 239, 239, 384, 384, 213, 213, 213, 180, 403, 171, 171, 416, 32, 208, 445, 192, 464, 240, 171, 171, 239, 239, 354, 354, 354, 180, 180, 420, 213, 213, 246, 246, 246, 246, 246, 246, 454, 454, 229, 170, 170, 414, 414, 126, 126, 408, 408, 391, 391, 391, 244, 244, 244, 73, 7, 73, 320, 7, 7, 251, 276, 182, 284, 284, 387, 387, 240, 236, 35, 35, 354, 164, 209, 209, 209, 188, 188, 139, 387, 387, 387, 416, 236, 239, 35, 68, 68, 224, 494, 494, 106, 387, 43, 8, 8, 239, 208, 27, 106, 284, 240, 203, 94, 94, 398, 324, 324, 171, 207, 207, 31, 368, 368, 453, 395, 106, 494, 236, 236, 99, 338, 436, 436, 60, 60, 397, 387, 426, 426, 413, 413, 299, 219, 99, 338, 338, 338, 400, 400, 400, 400, 400, 324, 213, 3, 3, 464, 3, 143, 99, 338, 338, 338, 338, 338, 400, 395, 374, 106, 151, 178, 236, 94, 398, 241, 241, 431, 431, 460, 460, 146, 146, 146, 219, 219, 219, 219, 219, 324, 324, 324, 246, 246, 246, 246, 246, 19, 454, 229, 170, 414, 414, 414, 414, 47, 247, 47, 421, 421, 421, 380, 421, 387, 387, 387, 387, 244, 244, 320, 345, 219, 219, 42, 42, 42, 147, 147, 337, 337, 324, 19, 19, 454, 454, 17, 229, 17, 219, 403, 403, 403, 403, 403, 403]

ep292
Train step Loss: [0.22455529868602753, 0.07458383589982986, 0.25408807396888733, 0.36348581314086914, 0.21789729595184326, 0.07581634819507599, 0.02341887727379799, 0.312709242105484, 0.12224064767360687, 0.09813598543405533, 0.14216959476470947, 0.18695320188999176, 0.2493092119693756, 0.1257973462343216, 0.3500119149684906, 0.060242410749197006, 0.23135124146938324, 0.23649291694164276, 0.15533386170864105, 0.4882693886756897, 0.04491868615150452, 0.06323107331991196, 0.2882631719112396, 0.09331369400024414, 0.16193389892578125, 0.5459913611412048, 0.3697478473186493, 0.39241689443588257, 0.07239760458469391, 0.16230304539203644, 0.09707112610340118, 0.2567625641822815, 0.3342597484588623, 0.4013685882091522, 0.018797529861330986, 0.09667563438415527, 0.3034191131591797, 0.200834721326828, 0.11170654743909836, 0.3717655837535858, 0.13075470924377441, 0.010824154131114483, 0.14500604569911957, 0.10673190653324127, 0.05492077022790909, 0.10137180984020233, 0.21800442039966583, 0.12630949914455414, 0.6469223499298096, 0.2718069851398468, 0.18094897270202637, 0.3699057400226593, 0.2741016149520874, 0.21916154026985168, 0.4494934678077698, 0.1649874746799469, 0.24195773899555206, 0.008512201718986034, 0.18816843628883362, 0.14196914434432983, 0.2247667759656906, 0.29222771525382996, 0.4396008253097534]
val step Loss: [0.41566139459609985, 0.5052497982978821, 0.5905167460441589, 0.5220457315444946, 0.7293816804885864, 0.2205444723367691, 0.5382533669471741, 0.5319329500198364, 0.6855637431144714, 0.9133469462394714, 0.5138092041015625, 0.4448918402194977, 0.7380642890930176, 0.9343472123146057, 0.3919127285480499, 0.3028205335140228]
Train step Accs: [0.941322570630239, 0.9812490772183671, 0.9311730048205678, 0.9051810865191147, 0.9407066468119669, 0.9824845055241175, 0.9960704409838451, 0.9179902755267423, 0.9712682760965657, 0.9759755164498852, 0.9644222287562482, 0.9529839883551674, 0.9364648772130212, 0.9699876237623762, 0.9135279347143754, 0.9862484548825711, 0.9423428124184712, 0.9418257756563246, 0.9574313526078745, 0.876214405360134, 0.9904991491775383, 0.9842931937172775, 0.9242583948200572, 0.9762221237631074, 0.9594215108115698, 0.8631490787269682, 0.9108635097493036, 0.8990168539325842, 0.982532751091703, 0.957835877285779, 0.9770010591617492, 0.9364866675599625, 0.9148907103825137, 0.8995067817509248, 0.9974050805790767, 0.9776448811049409, 0.9195740507215917, 0.9463636363636364, 0.9704111474281782, 0.9000274649821478, 0.967741935483871, 0.9998457504241863, 0.9627083942673297, 0.9744344592500774, 0.9882760898282695, 0.9757644762524398, 0.9471820141669233, 0.9705521472392638, 0.8352923217829339, 0.9530920060331824, 0.9534389805587322, 0.9020469844758895, 0.9310195227765726, 0.9446382526922493, 0.9007942238267148, 0.9568378712871287, 0.9401045345387766, 0.9998518299007261, 0.9537282640730916, 0.9645621181262729, 0.945925925925926, 0.9267546683837733, 0.881245944192083]
val step Accs: [0.9135973414566602, 0.8822380354402121, 0.8633635551015196, 0.8816724738675958, 0.8297344616282463, 0.9481279782164738, 0.8697969177588939, 0.8713490014943622, 0.8355416991426344, 0.7854781437492347, 0.875948406676783, 0.900946454038636, 0.8302266326941129, 0.7882779943540799, 0.9106412966878084, 0.9288776796973518]
Preds: [17, 287, 319, 319, 61, 240, 215, 35, 35, 75, 77, 227, 238, 272, 397, 441, 441, 350, 350, 348, 348, 250, 250, 199, 250, 250, 250, 132, 88, 88, 81, 431, 284, 284, 315, 284, 284, 206, 206, 169, 215, 35, 259, 354, 114, 114, 114, 470, 264, 403, 403, 264, 264, 264, 264, 264, 264, 264, 264, 264, 264, 264, 468, 468, 468, 406, 467, 337, 337, 264, 264, 171, 330, 330, 116, 10, 479, 479, 331, 65, 307, 426, 426, 426, 413, 348, 94, 94, 199, 331, 145, 486, 460, 169, 169, 150, 150, 342, 342, 224, 224, 494, 324, 422, 99, 99, 99, 338, 338, 338, 338, 400, 400, 213, 213, 213, 246, 246, 246, 246, 246, 246, 99, 99, 99, 338, 338, 338, 400, 400, 400, 324, 360, 374, 374, 374, 42, 42, 42, 147, 456, 288, 337, 420, 324, 324, 324, 246, 301, 301, 301, 143, 259, 196, 196, 473, 398, 360, 360, 360, 434, 434, 434, 434, 318, 77, 77, 342, 342, 342, 115, 168, 267, 267, 339, 339, 33, 398, 398, 398, 398, 398, 464, 468, 245, 245, 42, 43, 43, 441, 153, 153, 153, 387, 387, 122, 122, 122, 81, 398, 398, 398, 398, 464, 464, 464, 315, 315, 282, 282, 282, 282, 282, 263, 263, 263, 229, 259, 247, 312, 312, 126, 23, 23, 23, 23, 23, 23, 23, 23, 260, 101, 101, 101, 101, 149, 149, 321, 320, 320, 7, 276, 276, 153, 346, 346, 346, 346, 206, 206, 206, 206, 167, 35, 192, 445, 445, 351, 139, 139, 139, 139, 293, 293, 122, 186, 162, 54, 224, 224, 273, 494, 497, 175, 175, 81, 81, 443, 443, 443, 330, 388, 94, 199, 199, 331, 290, 290, 290, 434, 368, 368, 453, 453, 168, 168, 278, 278, 99, 99, 338, 436, 436, 395, 395, 106, 139, 139, 293, 293, 413, 122, 77, 77, 478, 342, 68, 342, 115, 273, 267, 267, 267, 444, 213, 246, 246, 246, 246, 19, 454, 454, 454, 414, 170, 237, 237, 249, 249, 47, 20, 249, 47, 20, 47, 80, 73, 289, 321, 320, 287, 287, 287, 268, 268, 206, 206, 206, 169, 215, 35, 35, 259, 259, 441, 148, 148, 153, 153, 153, 387, 372, 372, 372, 467, 467, 467, 467, 245, 245, 245, 43, 43, 276, 473, 65, 65, 46, 46, 438, 146, 438, 219, 219, 464, 464, 286, 468, 468, 337, 337, 337, 464, 464, 464, 180, 315, 486, 315, 460, 460, 460, 169, 349, 349, 349, 234, 234, 261, 25, 25, 499, 499, 265, 265, 376, 376, 85, 460, 263, 263, 263, 263, 414, 414, 414, 414, 312, 312, 312, 15, 15, 292, 292, 23, 12, 12, 260, 163, 391, 244, 391, 244, 244, 73, 244, 320, 320, 287, 287, 287, 287, 287, 265, 265, 265, 85, 85, 85, 85, 85, 146, 207, 207, 207, 19, 19, 193, 288, 403, 403, 403, 403, 403, 403, 403, 403, 403, 403, 403, 403, 403, 403, 403, 403, 403, 403, 403, 403, 403, 403, 403, 403, 403, 403, 403, 403, 403, 403, 403, 403, 403, 403, 403, 403, 403, 403, 403, 403, 403, 403, 403, 403, 403, 403, 403, 403, 403, 403, 403, 403, 403, 403, 403, 403, 403, 403, 403, 403, 403, 403, 403, 403, 403, 403, 403, 403, 403, 403, 403, 403, 403, 403, 403, 403, 403, 403, 403, 403, 403, 403, 403, 403, 403, 403, 403, 403, 403, 403, 403, 403, 403, 403, 403, 403, 403, 403, 403, 403, 403, 403, 403, 403, 403, 403, 403, 403, 403, 403, 403, 403, 403, 403, 403, 403, 403, 403, 403, 403, 403]

ep293
Train step Loss: [0.009877723641693592, 0.15540802478790283, 0.05710894986987114, 0.2886894643306732, 0.13106514513492584, 0.3817744255065918, 0.33045274019241333, 0.2265213280916214, 0.009198748506605625, 0.34620586037635803, 0.2371922880411148, 0.00935550220310688, 0.008304943330585957, 0.37254399061203003, 0.3732230067253113, 0.05209812521934509, 0.36381131410598755, 0.11974672973155975, 0.25234466791152954, 0.40112078189849854, 0.4021638035774231, 0.5367392897605896, 0.1886940896511078, 0.3022877275943756, 0.3782249689102173, 0.05724275857210159, 0.14140087366104126, 0.08314763009548187, 0.21220920979976654, 0.3326709270477295, 0.16277265548706055, 0.3887675106525421, 0.16203521192073822, 0.1526467353105545, 0.07395271211862564, 0.24106955528259277, 0.07355865091085434, 0.32169589400291443, 0.20160523056983948, 0.09458597749471664, 0.134144589304924, 0.11387071013450623, 0.21946068108081818, 0.116493821144104, 0.07153595983982086, 0.18676994740962982, 0.29731741547584534, 0.29535210132598877, 0.41876816749572754, 0.3700263500213623, 0.08713964372873306, 0.28440138697624207, 0.2359687238931656, 0.15105515718460083, 0.20794151723384857, 0.06685938686132431, 0.27063995599746704, 0.02386501431465149, 0.3196134865283966, 0.28507572412490845, 0.26610928773880005, 0.008242163807153702, 0.009449092671275139]
val step Loss: [0.6341508626937866, 0.7347924113273621, 0.6324402689933777, 0.13838021457195282, 0.705004870891571, 0.36600202322006226, 0.4368233382701874, 0.17544299364089966, 0.8108893036842346, 0.3089440166950226, 0.40823549032211304, 0.8065133094787598, 0.9536570310592651, 0.6676315069198608, 0.7794697880744934, 0.6547014117240906]
Train step Accs: [0.9998524203069658, 0.9649926144756278, 0.9862561847168774, 0.9247197010144154, 0.9674371274894606, 0.9051332955190017, 0.9168619881428375, 0.9452449567723343, 1.0, 0.9089772095608671, 0.9382984901277585, 1.0, 1.0, 0.902367617107943, 0.9058855438025495, 0.988984088127295, 0.9077718718574918, 0.9708261120739456, 0.9344697498952075, 0.9103237095363079, 0.8930466350181514, 0.8635944700460829, 0.9529134785167745, 0.9264661197204497, 0.9259383378016086, 0.9883435582822085, 0.9639932222536006, 0.9788204626914304, 0.9433117851815017, 0.9139224411951685, 0.9585697094722365, 0.898173450309219, 0.9584952588217006, 0.9610161367630612, 0.9826757897801718, 0.9384388807069219, 0.9831836967364971, 0.9176542084472805, 0.9498417721518987, 0.9795376444860981, 0.9667285931430502, 0.9728132387706856, 0.9432001171131605, 0.9699772339214571, 0.982406015037594, 0.9496413409456887, 0.9261120141864932, 0.9230769230769231, 0.8952050034746352, 0.9050270921131849, 0.9799280177187154, 0.9242444775714866, 0.9395546129374337, 0.961113442439502, 0.9457454545454546, 0.9847278635255889, 0.9289513159689077, 0.9957665557907469, 0.9202852614896989, 0.9241685779816514, 0.9304881991593922, 1.0, 1.0]
val step Accs: [0.8554441260744986, 0.8202306774492907, 0.8613662095861114, 0.9690069576217584, 0.8383767954260215, 0.910524884416644, 0.8970487302676733, 0.9604018052118213, 0.8132341425215348, 0.9272795779954786, 0.9052981827489122, 0.808451871288496, 0.7772816808929744, 0.8385141436120609, 0.8243875584916047, 0.8473193473193473]
Preds: [17, 17, 251, 251, 251, 251, 241, 431, 486, 486, 460, 169, 169, 35, 77, 342, 342, 224, 168, 494, 494, 422, 99, 99, 338, 338, 338, 338, 338, 400, 400, 400, 30, 324, 324, 464, 464, 464, 464, 355, 111, 111, 111, 438, 438, 219, 219, 219, 219, 464, 464, 464, 464, 222, 255, 43, 43, 43, 43, 276, 276, 345, 109, 109, 109, 41, 324, 246, 246, 246, 246, 3, 3, 197, 197, 197, 82, 197, 7, 7, 217, 473, 473, 398, 398, 360, 464, 464, 464, 464, 315, 315, 315, 319, 426, 426, 450, 450, 450, 450, 43, 43, 250, 276, 276, 276, 276, 346, 346, 346, 426, 426, 426, 426, 426, 284, 284, 284, 265, 265, 85, 85, 299, 299, 406, 406, 406, 406, 406, 42, 217, 473, 473, 489, 275, 275, 275, 275, 37, 37, 24, 8, 239, 354, 354, 106, 100, 255, 169, 349, 349, 349, 234, 234, 261, 261, 25, 148, 148, 148, 148, 148, 153, 153, 182, 182, 387, 372, 406, 406, 406, 406, 406, 406, 406, 134, 134, 302, 98, 98, 98, 98, 98, 13, 78, 82, 170, 170, 170, 82, 170, 28, 28, 28, 187, 187, 187, 12, 12, 23, 23, 23, 260, 260, 391, 249, 244, 244, 73, 249, 73, 73, 73, 73, 244, 320, 354, 420, 213, 213, 213, 213, 213, 252, 422, 143, 36, 36, 259, 310, 310, 310, 323, 323, 323, 395, 395, 374, 374, 374, 132, 132, 182, 182, 182, 98, 98, 98, 13, 13, 414, 170, 82, 170, 170, 170, 244, 2, 2, 2, 2, 2, 2, 102, 244, 244, 163, 316, 73, 73, 244, 289, 244, 287, 287, 287, 111, 111, 111, 240, 251, 251, 251, 81, 106, 302, 88, 274, 274, 122, 314, 32, 239, 401, 82, 384, 371, 180, 443, 151, 460, 240, 178, 35, 35, 401, 401, 270, 66, 172, 172, 273, 273, 273, 499, 284, 486, 460, 460, 169, 271, 271, 150, 150, 342, 232, 232, 232, 68, 68, 172, 115, 267, 267, 267, 267, 324, 324, 3, 3, 14, 440, 188, 188, 188, 120, 120, 271, 271, 143, 82, 270, 270, 433, 433, 172, 172, 97, 336, 483, 106, 287, 284, 284, 284, 306, 306, 306, 468, 59, 313, 59, 303, 303, 48, 263, 17, 83, 403, 403, 403, 403, 403, 403, 403, 403, 403, 403, 403, 403, 403, 403, 403, 403, 403, 403, 403, 403, 403, 403, 403, 403, 403, 403, 403, 403, 403, 403, 403, 403, 403, 403, 403, 403, 403, 403, 403, 403, 403, 403, 403, 403, 403, 403, 403, 403, 403, 403, 403, 403, 403, 403, 403, 403, 403, 403, 403, 403, 403, 403, 403, 403, 403, 403, 403, 403, 403, 403, 403, 403, 403, 403, 403, 403, 403, 403, 403, 403, 403, 403, 403, 403, 403, 403, 403, 403, 403, 403, 403, 403, 403, 403, 403, 403, 403, 403, 403, 403, 403, 403, 403, 403, 403, 403, 403, 403, 403, 403, 403, 403, 403, 403, 403, 403, 403, 403, 403, 403, 403, 403, 403, 403, 403, 403, 403, 403, 403, 403, 403, 403, 403, 403, 403, 403, 403, 403, 403, 403, 403, 403, 403, 403, 403, 403, 403, 403, 403, 403, 403, 403, 403, 403, 403, 403, 403, 403, 403, 403, 403, 403, 403, 403, 403, 403, 403, 403, 403, 403, 403, 403, 403, 403, 403, 403, 403, 403, 403, 403, 403, 403, 403, 403, 403, 403, 403, 403, 403, 403, 403, 403, 403, 403, 403, 403, 403, 403, 403, 403, 403, 403, 403, 403, 403, 403, 403, 403, 403, 403, 403, 403, 403, 403, 403, 403, 403, 403, 403, 403, 403, 403]

ep294
Train step Loss: [0.4426739513874054, 0.35157373547554016, 0.08094300329685211, 0.0561087541282177, 0.19401150941848755, 0.3203352689743042, 0.1660270392894745, 0.08719375729560852, 0.1195385679602623, 0.42718032002449036, 0.34692662954330444, 0.10127915441989899, 0.18011973798274994, 0.17352287471294403, 0.3131471872329712, 0.3802742063999176, 0.1640414297580719, 0.043574921786785126, 0.0852949321269989, 0.0919513925909996, 0.10720796138048172, 0.2603295147418976, 0.17363858222961426, 0.08698857575654984, 0.2731490433216095, 0.32542693614959717, 0.12263312935829163, 0.253605455160141, 0.17218703031539917, 0.18488134443759918, 0.17506730556488037, 0.3789995014667511, 0.21418988704681396, 0.10633412003517151, 0.4457489550113678, 0.24786104261875153, 0.24755150079727173, 0.0673057809472084, 0.1109115481376648, 0.27938345074653625, 0.009994173422455788, 0.11014042794704437, 0.009586571715772152, 0.31689679622650146, 0.5587245225906372, 0.2679539620876312, 0.32579582929611206, 0.41268593072891235, 0.1675669252872467, 0.3007640242576599, 0.10826059430837631, 0.19200967252254486, 0.03241446614265442, 0.11025587469339371, 0.3894861340522766, 0.21132370829582214, 0.06908966600894928, 0.3319576382637024, 0.25472110509872437, 0.0087919682264328, 0.39927607774734497, 0.012176459655165672, 0.4979701042175293]
val step Loss: [0.9691823124885559, 0.34158676862716675, 0.4609401524066925, 0.7067708969116211, 0.17649070918560028, 0.42490091919898987, 0.8459203839302063, 0.6565814018249512, 0.42746829986572266, 0.5290062427520752, 0.8619855046272278, 0.3456316888332367, 0.3602762818336487, 0.7334070205688477, 0.43113261461257935, 0.9016512036323547]
Train step Accs: [0.9066171003717473, 0.9113691066119213, 0.9799011006540118, 0.988671157379057, 0.9493811709080795, 0.916323377960865, 0.9582817017761256, 0.9777110338286437, 0.9698878475956368, 0.8862467866323908, 0.9111501036847982, 0.9748298242836789, 0.9537286612758311, 0.9582983487265603, 0.9211735595616826, 0.9019457637505746, 0.9603064066852368, 0.9906672238473325, 0.9793050193050193, 0.9761313465783664, 0.9729843225083986, 0.9396766169154229, 0.9555862068965517, 0.9794310722100656, 0.9248663487935269, 0.9130828429153464, 0.972428248951951, 0.9333333333333333, 0.957185581614985, 0.9525050680567623, 0.9566601000151538, 0.9025010030761, 0.9503512880562061, 0.9738947368421053, 0.8866838357824572, 0.9369225868110863, 0.9363169479090242, 0.9835768963117606, 0.9718351615772309, 0.9255118338899375, 1.0, 0.9723893259293537, 0.9998319045217684, 0.9169522805167414, 0.8669957686882934, 0.934061004784689, 0.9174054373522459, 0.8960982658959538, 0.9577876845918083, 0.9216262173442572, 0.9724360948567908, 0.9532113994045087, 0.9932569116655429, 0.9745448686966328, 0.904875, 0.94586444572085, 0.9845589359425164, 0.9130491803278689, 0.931745182012848, 0.9998367346938776, 0.8985507246376812, 0.9990144546649146, 0.8853113358169239]
val step Accs: [0.76819650937298, 0.924728021170244, 0.8892747985551542, 0.8382918149466192, 0.9608046722907203, 0.8973538819424252, 0.8097886540600667, 0.854390275442907, 0.8972741039878849, 0.87554704595186, 0.7962452409084941, 0.9222826845263011, 0.9100015176809835, 0.8270036101083033, 0.9011401557285873, 0.8002570222140628]
Preds: [17, 17, 196, 309, 479, 479, 398, 398, 360, 360, 360, 252, 252, 35, 259, 164, 127, 420, 41, 324, 213, 213, 360, 246, 246, 19, 19, 19, 454, 454, 454, 454, 78, 78, 82, 170, 170, 170, 170, 237, 237, 237, 237, 237, 237, 28, 237, 341, 341, 341, 12, 12, 12, 12, 12, 341, 244, 341, 341, 341, 63, 244, 163, 163, 63, 63, 63, 392, 63, 63, 63, 63, 63, 392, 244, 163, 73, 73, 289, 289, 321, 321, 320, 287, 287, 287, 284, 284, 284, 284, 284, 486, 443, 330, 330, 330, 388, 388, 379, 243, 243, 197, 414, 414, 414, 197, 197, 197, 197, 197, 7, 7, 7, 7, 309, 479, 331, 331, 331, 315, 315, 315, 315, 460, 450, 167, 167, 457, 457, 196, 473, 398, 398, 324, 324, 171, 171, 171, 171, 171, 171, 171, 171, 434, 434, 3, 3, 197, 259, 188, 188, 340, 121, 322, 399, 399, 250, 345, 65, 65, 174, 319, 319, 388, 94, 199, 331, 145, 145, 145, 264, 264, 264, 468, 468, 443, 443, 443, 169, 150, 150, 342, 342, 342, 342, 342, 115, 267, 267, 267, 267, 267, 324, 324, 464, 464, 464, 356, 50, 271, 271, 31, 31, 342, 232, 232, 86, 86, 68, 336, 273, 27, 437, 499, 499, 499, 306, 306, 85, 146, 146, 59, 59, 59, 452, 452, 263, 414, 414, 414, 414, 414, 47, 47, 47, 47, 80, 244, 321, 320, 320, 345, 100, 100, 100, 497, 132, 122, 122, 122, 216, 310, 384, 371, 180, 180, 443, 443, 486, 486, 443, 240, 240, 240, 285, 34, 134, 134, 88, 88, 134, 313, 285, 285, 34, 41, 324, 324, 324, 324, 246, 246, 246, 246, 324, 3, 3, 464, 14, 440, 145, 145, 145, 265, 265, 306, 85, 85, 85, 85, 299, 468, 468, 406, 406, 406, 467, 467, 337, 337, 337, 324, 324, 324, 324, 19, 301, 173, 259, 354, 354, 106, 355, 376, 376, 376, 376, 376, 193, 403, 403, 403, 403, 403, 403, 403, 403, 403, 403, 403, 403, 403, 403, 403, 403, 403, 403, 403, 403, 403, 403, 403, 403, 403, 403, 403, 403, 403, 403, 403, 403, 403, 403, 403, 403, 403, 403, 403, 403, 403, 403, 403, 403, 403, 403, 403, 403, 403, 403, 403, 403, 403, 403, 403, 403, 403, 403, 403, 403, 403, 403, 403, 403, 403, 403, 403, 403, 403, 403, 403, 403, 403, 403, 403, 403, 403, 403, 403, 403, 403, 403, 403, 403, 403, 403, 403, 403, 403, 403, 403, 403, 403, 403, 403, 403, 403, 403, 403, 403, 403, 403, 403, 403, 403, 403, 403, 403, 403, 403, 403, 403, 403, 403, 403, 403, 403, 403, 403, 403, 403, 403, 403, 403, 403, 403, 403, 403, 403, 403, 403, 403, 403, 403, 403, 403, 403, 403, 403, 403, 403, 403, 403, 403, 403, 403, 403, 403, 403, 403, 403, 403, 403, 403, 403, 403, 403, 403, 403, 403, 403, 403, 403, 403, 403, 403, 403, 403, 403, 403, 403, 403, 403, 403, 403, 403, 403, 403, 403, 403, 403, 403, 403, 403, 403, 403, 403, 403, 403, 403, 403, 403, 403, 403, 403, 403, 403, 403, 403, 403, 403, 403, 403, 403, 403, 403, 403, 403, 403, 403, 403, 403, 403, 403, 403, 403, 403, 403, 403, 403, 403, 403, 403, 403, 403, 403, 403, 403, 403, 403, 403, 403, 403, 403, 403, 403, 403, 403, 403, 403, 403, 403, 403, 403, 403, 403, 403, 403, 403, 403, 403, 403, 403, 403, 403, 403, 403, 403, 403, 403, 403, 403, 403, 403, 403, 403, 403, 403, 403, 403, 403]

ep295
Train step Loss: [0.1832704395055771, 0.18221744894981384, 0.41142451763153076, 0.3448760211467743, 0.3074266016483307, 0.16832971572875977, 0.19565117359161377, 0.30163365602493286, 0.06797406822443008, 0.18037326633930206, 0.216602623462677, 0.010767496190965176, 0.1419496387243271, 0.09980117529630661, 0.5618576407432556, 0.3128354251384735, 0.2235613763332367, 0.32438284158706665, 0.11045075207948685, 0.2511145770549774, 0.31908708810806274, 0.2435350865125656, 0.28344225883483887, 0.3367670476436615, 0.11395855247974396, 0.11365865170955658, 0.2594209611415863, 0.24059811234474182, 0.010672114789485931, 0.34687650203704834, 0.32439255714416504, 0.4204573929309845, 0.0668678730726242, 0.421916127204895, 0.29046282172203064, 0.36007416248321533, 0.041694678366184235, 0.03381546586751938, 0.05381043627858162, 0.42707327008247375, 0.012208661995828152, 0.44530558586120605, 0.15864592790603638, 0.31063660979270935, 0.23414331674575806, 0.2544574737548828, 0.5878118872642517, 0.1764041781425476, 0.2554241120815277, 0.08506099134683609, 0.26860836148262024, 0.11541138589382172, 0.09435064345598221, 0.15845073759555817, 0.18287962675094604, 0.03568015992641449, 0.00901111401617527, 0.2227347195148468, 0.2413819134235382, 0.12121184170246124, 0.13130265474319458, 0.061867181211709976, 0.2201097011566162]
val step Loss: [0.8269674777984619, 1.1490055322647095, 0.3905165195465088, 0.39261800050735474, 0.5501163601875305, 0.5497536063194275, 0.4515475332736969, 0.929755687713623, 0.45141586661338806, 0.534812331199646, 0.33744412660598755, 0.1871173083782196, 0.7632036805152893, 0.5414586067199707, 0.42975127696990967, 0.7464717626571655]
Train step Accs: [0.9548182139075185, 0.9558251672110748, 0.8930948419301165, 0.9087751095000756, 0.919760304004677, 0.9539777587681779, 0.9526125625347415, 0.9253928623880159, 0.9841333871184618, 0.9581045033736074, 0.9431151241534989, 0.9998359310910583, 0.9641524736415248, 0.9759087066779375, 0.8594313753788425, 0.9204765450483992, 0.9426694535682293, 0.9138365712590835, 0.9728406758250434, 0.9343479943247776, 0.9152895431190112, 0.939935064935065, 0.9276788088274395, 0.9155569990256577, 0.9708409635159881, 0.9712014399280036, 0.9297878697340902, 0.9389219728202779, 0.9998510574918081, 0.908199233716475, 0.9140438063684888, 0.8897470039946738, 0.9848600703471478, 0.889010989010989, 0.927466433158202, 0.915213469633193, 0.9916869164854841, 0.9925482174167154, 0.9897473997028232, 0.90781763612977, 0.998933577087142, 0.8862293144208038, 0.9587104970620931, 0.9234828496042217, 0.9444680549652925, 0.9328377016129032, 0.8661779502659193, 0.9528098951331003, 0.9358231707317073, 0.9779474130619169, 0.9362075956210298, 0.972225827384815, 0.9771513353115727, 0.9616666666666667, 0.9541313226515865, 0.994599328565173, 1.0, 0.9407946810194713, 0.9355932203389831, 0.9695574695574696, 0.9653744201457919, 0.9866403522088963, 0.9424548515457606]
val step Accs: [0.8053120502420515, 0.7452417876779924, 0.9085349279695569, 0.9077777777777778, 0.8667383127350886, 0.8645755538959422, 0.900538438528268, 0.7870951544062265, 0.8985464689472912, 0.8750309023485785, 0.9244000554861979, 0.9534648457258472, 0.8324577594774953, 0.8732483272314102, 0.9025974025974026, 0.8160804020100503]
Preds: [17, 17, 7, 212, 384, 445, 180, 180, 443, 330, 330, 457, 457, 35, 127, 114, 114, 361, 443, 443, 330, 330, 330, 240, 35, 239, 29, 420, 420, 398, 360, 360, 360, 360, 360, 434, 318, 186, 186, 186, 162, 162, 482, 482, 482, 482, 115, 273, 273, 273, 273, 151, 432, 330, 330, 146, 299, 219, 219, 219, 324, 324, 477, 477, 477, 374, 132, 43, 43, 43, 364, 364, 276, 364, 276, 345, 345, 345, 132, 219, 477, 477, 152, 374, 301, 422, 143, 349, 205, 259, 25, 287, 287, 284, 284, 284, 284, 206, 206, 206, 413, 203, 8, 364, 276, 276, 346, 346, 499, 306, 306, 468, 468, 406, 406, 467, 467, 376, 376, 376, 376, 460, 460, 460, 263, 263, 263, 13, 414, 170, 82, 170, 170, 170, 28, 341, 341, 341, 20, 341, 341, 341, 341, 163, 341, 391, 391, 391, 289, 321, 321, 412, 287, 287, 287, 460, 253, 169, 150, 150, 150, 323, 224, 224, 494, 494, 494, 494, 186, 99, 99, 99, 338, 338, 338, 338, 400, 400, 400, 444, 213, 171, 246, 246, 246, 246, 246, 246, 99, 99, 99, 338, 338, 338, 400, 400, 400, 400, 290, 360, 434, 339, 434, 250, 250, 250, 497, 497, 497, 122, 259, 280, 192, 420, 420, 420, 213, 301, 301, 143, 458, 192, 354, 420, 420, 213, 213, 213, 246, 246, 374, 374, 301, 173, 280, 280, 41, 41, 41, 246, 246, 246, 19, 19, 19, 454, 454, 454, 414, 82, 320, 320, 7, 7, 309, 309, 398, 398, 398, 398, 360, 360, 360, 286, 286, 464, 464, 464, 464, 330, 330, 330, 203, 203, 399, 250, 250, 250, 250, 276, 276, 346, 174, 426, 426, 350, 413, 274, 219, 219, 464, 464, 340, 116, 116, 116, 43, 43, 276, 276, 276, 138, 153, 387, 387, 497, 175, 175, 175, 464, 464, 331, 180, 376, 376, 376, 376, 376, 460, 452, 263, 263, 13, 78, 78, 170, 170, 170, 467, 28, 2, 392, 244, 392, 392, 392, 392, 392, 244, 392, 73, 244, 73, 321, 320, 320, 7, 7, 241, 241, 431, 106, 153, 153, 182, 182, 182, 182, 182, 182, 497, 497, 122, 122, 122, 129, 197, 259, 259, 411, 437, 437, 437, 284, 481, 481, 405, 206, 206, 206, 167, 35, 35, 35, 77, 478, 66, 172, 172, 172, 115, 273, 267, 267, 485, 286, 374, 374, 374, 374, 132, 33, 368, 49, 49, 453, 323, 219, 107, 395, 395, 395, 286, 464, 264, 264, 264, 120, 120, 120, 240, 240, 385, 457, 457, 364, 364, 43, 248, 394, 394, 212, 212, 161, 161, 487, 487, 374, 374, 374, 116, 33, 132, 132, 98, 193, 17, 83, 403, 403, 403, 403, 403, 403, 403, 403, 403, 403, 403, 403, 403, 403, 403, 403, 403, 403, 403, 403, 403, 403, 403, 403, 403, 403, 403, 403, 403, 403, 403, 403, 403, 403, 403, 403, 403, 403, 403, 403, 403, 403, 403, 403, 403, 403, 403, 403, 403, 403, 403, 403, 403, 403, 403, 403, 403, 403, 403, 403, 403, 403, 403, 403, 403, 403, 403, 403, 403, 403, 403, 403, 403, 403, 403, 403, 403, 403, 403, 403, 403, 403, 403, 403, 403, 403, 403, 403, 403, 403, 403, 403, 403, 403, 403, 403, 403, 403, 403, 403, 403, 403, 403, 403, 403, 403, 403, 403, 403, 403, 403, 403, 403, 403, 403, 403, 403, 403, 403, 403, 403, 403, 403, 403, 403, 403, 403, 403, 403, 403, 403, 403, 403, 403, 403, 403, 403, 403, 403, 403, 403, 403, 403, 403, 403, 403, 403, 403, 403, 403, 403, 403]

ep296
Train step Loss: [0.23160947859287262, 0.31536346673965454, 0.41695600748062134, 0.19905032217502594, 0.23598410189151764, 0.049274373799562454, 0.2867005467414856, 0.1896863728761673, 0.3563840687274933, 0.253099650144577, 0.38521164655685425, 0.2053428590297699, 0.1647782027721405, 0.5226054191589355, 0.3502095937728882, 0.3916420638561249, 0.2597186863422394, 0.37615230679512024, 0.22720004618167877, 0.09123232215642929, 0.010159255005419254, 0.008612633682787418, 0.18537664413452148, 0.12429635226726532, 0.26066601276397705, 0.09349435567855835, 0.026098303496837616, 0.008735262788832188, 0.010827600955963135, 0.1322970986366272, 0.4523083567619324, 0.17010177671909332, 0.24964171648025513, 0.08222509920597076, 0.14862868189811707, 0.12091130018234253, 0.1663321703672409, 0.1103745549917221, 0.5430849194526672, 0.011489889584481716, 0.008085698820650578, 0.031845591962337494, 0.32651323080062866, 0.12668663263320923, 0.37074440717697144, 0.14675045013427734, 0.19011104106903076, 0.4692152142524719, 0.17635522782802582, 0.20253323018550873, 0.33127376437187195, 0.1704082041978836, 0.20763789117336273, 0.5913059711456299, 0.14177361130714417, 0.3876846432685852, 0.1936246007680893, 0.3308856785297394, 0.15997529029846191, 0.010418543592095375, 0.20653028786182404, 0.16379448771476746, 0.07519450038671494]
val step Loss: [0.3599867522716522, 0.36607691645622253, 0.9993070363998413, 0.6006547212600708, 0.8235072493553162, 0.36424827575683594, 0.8221084475517273, 0.2688765525817871, 0.3890211582183838, 0.567693829536438, 0.7382414937019348, 0.643984317779541, 0.8500536680221558, 0.36865872144699097, 0.47662925720214844, 0.31564316153526306]
Train step Accs: [0.9396722237920316, 0.9143529411764706, 0.8955502264854783, 0.9499250374812593, 0.9396033269353806, 0.9892677625322647, 0.9297397240790783, 0.9529187444998534, 0.9301066709122752, 0.938642482641349, 0.8991491142418747, 0.950565812983919, 0.9575838599902771, 0.8657633527650859, 0.9246467817896389, 0.8960244648318043, 0.934608750196017, 0.9062583937684663, 0.9412018401380103, 0.9788514973757333, 1.0, 1.0, 0.9527048402404302, 0.9668903803131991, 0.9333333333333333, 0.9767047207651959, 0.9963963963963964, 1.0, 0.9997370496976071, 0.9686244204018547, 0.8789101917255298, 0.955174981384959, 0.9388589177701487, 0.9812545061283345, 0.9615445232466509, 0.9687630154102457, 0.9582801191996594, 0.9720998531571219, 0.8564398438825725, 0.9991273996509599, 1.0, 0.9931167400881057, 0.9166937845753336, 0.9659360189573459, 0.9100840336134454, 0.9618218352310783, 0.9531938325991189, 0.8803507728894173, 0.9537205081669692, 0.9466040780401936, 0.9175877990765356, 0.9613315888937346, 0.9500959692898272, 0.8495306859205776, 0.9657914478619655, 0.9025025314624621, 0.9529013390795752, 0.9161882893226176, 0.9583201768234922, 0.99970836978711, 0.9476043276661514, 0.9600959068333619, 0.9818134580410496]
val step Accs: [0.9173586397785686, 0.9140805646829743, 0.774482437776227, 0.857542768273717, 0.8091984231274638, 0.9182380216383308, 0.8049573344169036, 0.9350235522305348, 0.9068265682656826, 0.8643076473168592, 0.8366288038143318, 0.8434252459470695, 0.8107859860910641, 0.9111817026683608, 0.8987550622468876, 0.9284838577850429]
Preds: [17, 17, 30, 324, 422, 143, 164, 164, 164, 14, 287, 287, 145, 111, 111, 111, 330, 438, 438, 335, 14, 14, 14, 411, 287, 145, 145, 486, 486, 428, 85, 85, 299, 207, 207, 19, 19, 454, 454, 454, 56, 56, 56, 170, 312, 312, 187, 187, 187, 1, 1, 1, 1, 408, 408, 391, 391, 228, 228, 321, 321, 320, 287, 287, 287, 287, 284, 284, 284, 284, 284, 284, 426, 426, 426, 450, 293, 293, 293, 122, 349, 349, 349, 234, 234, 234, 261, 25, 25, 106, 346, 346, 426, 480, 480, 85, 85, 299, 388, 388, 116, 10, 398, 398, 398, 398, 464, 464, 464, 139, 315, 315, 315, 315, 426, 450, 450, 450, 450, 413, 413, 250, 250, 43, 276, 346, 346, 284, 284, 284, 284, 426, 426, 426, 426, 426, 426, 413, 413, 413, 43, 43, 276, 276, 346, 346, 499, 428, 428, 146, 240, 240, 285, 285, 406, 337, 337, 324, 324, 422, 368, 31, 162, 232, 232, 172, 115, 115, 267, 267, 267, 267, 324, 3, 3, 3, 188, 188, 464, 464, 120, 120, 271, 271, 31, 162, 232, 232, 232, 232, 172, 172, 115, 273, 273, 273, 273, 151, 84, 84, 84, 355, 355, 355, 452, 452, 452, 263, 263, 414, 414, 170, 170, 170, 170, 28, 28, 244, 2, 2, 2, 2, 2, 2, 2, 63, 63, 63, 63, 63, 63, 63, 63, 63, 244, 321, 249, 249, 249, 249, 320, 7, 7, 345, 153, 497, 497, 497, 122, 122, 216, 58, 58, 110, 110, 110, 443, 443, 486, 460, 240, 240, 285, 285, 285, 300, 134, 134, 88, 88, 88, 42, 42, 42, 147, 380, 288, 288, 213, 213, 213, 246, 246, 246, 246, 246, 246, 246, 19, 19, 19, 454, 454, 454, 454, 414, 170, 170, 170, 170, 28, 40, 40, 40, 40, 2, 40, 40, 63, 63, 63, 63, 2, 63, 63, 2, 63, 244, 63, 63, 63, 63, 63, 63, 63, 63, 63, 63, 244, 73, 73, 321, 102, 102, 320, 7, 7, 7, 152, 152, 152, 152, 374, 374, 378, 378, 43, 43, 43, 276, 276, 346, 346, 346, 284, 284, 284, 284, 284, 405, 405, 206, 206, 206, 206, 206, 167, 35, 35, 259, 259, 74, 437, 437, 437, 284, 284, 284, 284, 284, 284, 426, 426, 426, 426, 426, 426, 426, 206, 282, 282, 388, 388, 348, 94, 199, 467, 337, 337, 264, 207, 207, 464, 464, 468, 468, 467, 467, 467, 467, 245, 245, 497, 349, 349, 349, 155, 155, 155, 155, 441, 148, 148, 148, 153, 153, 182, 182, 182, 182, 182, 182, 182, 182, 182, 497, 497, 497, 43, 43, 276, 70, 70, 65, 46, 46, 46, 428, 146, 146, 146, 146, 219, 219, 464, 464, 286, 374, 374, 374, 132, 337, 324, 324, 464, 464, 355, 355, 355, 355, 263, 263, 17, 83, 403, 403, 403, 403, 403, 403, 403, 403, 403, 403, 403, 403, 403, 403, 403, 403, 403, 403, 403, 403, 403, 403, 403, 403, 403, 403, 403, 403, 403, 403, 403, 403, 403, 403, 403, 403, 403, 403, 403, 403, 403, 403, 403, 403, 403, 403, 403, 403, 403, 403, 403, 403, 403, 403, 403, 403, 403, 403, 403, 403, 403, 403, 403, 403, 403, 403, 403, 403, 403, 403, 403, 403, 403, 403, 403, 403, 403, 403, 403, 403, 403, 403, 403, 403, 403, 403, 403, 403, 403, 403, 403, 403, 403, 403, 403, 403, 403, 403, 403, 403, 403, 403, 403, 403, 403, 403, 403, 403, 403, 403, 403, 403, 403, 403, 403, 403, 403, 403, 403, 403, 403, 403, 403, 403, 403, 403]

ep297
Train step Loss: [0.009539312683045864, 0.02087152563035488, 0.0197372455149889, 0.43296217918395996, 0.14765474200248718, 0.29560142755508423, 0.439703106880188, 0.4076104462146759, 0.29026031494140625, 0.20522122085094452, 0.16544730961322784, 0.2050231248140335, 0.3476220667362213, 0.3822726607322693, 0.27385884523391724, 0.08938053995370865, 0.325674831867218, 0.05337502807378769, 0.3074612021446228, 0.27728691697120667, 0.25448423624038696, 0.5892159342765808, 0.16433793306350708, 0.14739906787872314, 0.4188137948513031, 0.24374274909496307, 0.015003410167992115, 0.011158984154462814, 0.414954274892807, 0.29081273078918457, 0.4059983491897583, 0.38036373257637024, 0.4362207353115082, 0.21062856912612915, 0.05146756395697594, 0.0684472993016243, 0.009642381221055984, 0.242757648229599, 0.15746928751468658, 0.12561547756195068, 0.1808897703886032, 0.17933957278728485, 0.05445415526628494, 0.12972842156887054, 0.24830307066440582, 0.11697213351726532, 0.5767658352851868, 0.008467650040984154, 0.12638844549655914, 0.18552906811237335, 0.0825423076748848, 0.28444424271583557, 0.009572084061801434, 0.2102731615304947, 0.11787471175193787, 0.0453721284866333, 0.22568447887897491, 0.09762417525053024, 0.4069298207759857, 0.2155246138572693, 0.1776985079050064, 0.04509641230106354, 0.34478238224983215]
val step Loss: [0.4126027822494507, 0.26583993434906006, 0.5045655369758606, 0.9263100624084473, 1.0072853565216064, 0.43841496109962463, 0.5837624073028564, 0.7606847882270813, 0.5272052884101868, 0.694151759147644, 0.7848196029663086, 0.7461368441581726, 0.11777281761169434, 0.7493646144866943, 0.20851926505565643, 0.2142505943775177]
Train step Accs: [1.0, 0.9965319662243667, 0.9973962100390569, 0.8873626373626373, 0.9604511045882899, 0.9222827645540579, 0.8818934541477894, 0.8931385188368428, 0.9280201840308697, 0.9462515489467163, 0.9577665500712528, 0.9494148735371838, 0.9116843184147592, 0.900863962512813, 0.9279801324503312, 0.9784824462061155, 0.9128809660724554, 0.9879887554306159, 0.9180038793863516, 0.9302981466559227, 0.9374535730203536, 0.8522478070175439, 0.9568393992693817, 0.9624456859093731, 0.893941638275811, 0.9411568594765795, 0.9977909940526763, 0.999851411589896, 0.8853255587949466, 0.9534950895436164, 0.8931274598849531, 0.9178193653376729, 0.8929977743537065, 0.9461934745277619, 0.9892455858747994, 0.9831627155172413, 0.9997303855486654, 0.9373003194888179, 0.958960545080019, 0.9685767097966729, 0.9585101367279585, 0.9518221976808393, 0.9879500992344769, 0.9677248677248678, 0.9403962390866353, 0.9708516991326603, 0.8504978662873399, 1.0, 0.970535068691251, 0.9545118889381184, 0.9795721409039729, 0.9240506329113924, 0.9998420969524712, 0.9437952965537643, 0.969557964970809, 0.9911901081916538, 0.9425180048012803, 0.9777314754525329, 0.8947119179163378, 0.9449695121951219, 0.9523460410557185, 0.9889319313779745, 0.9165199013737232]
val step Accs: [0.9028593811202507, 0.9381140929755096, 0.8792759217356582, 0.7859082679541339, 0.7585964912280702, 0.8975503955090585, 0.8667917448405253, 0.8333113020489095, 0.8825021132713441, 0.8334410965989913, 0.810568295114656, 0.8231487243310517, 0.9719653603405255, 0.8356647609779833, 0.9540831588393658, 0.9490760636012032]
Preds: [17, 17, 217, 217, 217, 473, 473, 65, 264, 264, 264, 264, 264, 264, 468, 468, 468, 467, 337, 337, 337, 337, 301, 301, 457, 129, 401, 401, 7, 7, 7, 473, 109, 240, 240, 468, 406, 337, 337, 324, 171, 171, 434, 434, 339, 339, 33, 199, 398, 398, 324, 301, 301, 251, 8, 354, 43, 276, 276, 276, 276, 153, 182, 182, 182, 182, 481, 293, 98, 122, 259, 259, 208, 75, 441, 441, 437, 437, 481, 405, 405, 405, 426, 206, 396, 396, 285, 315, 426, 426, 480, 480, 480, 315, 282, 282, 303, 98, 17, 17, 48, 170, 170, 170, 170, 392, 392, 392, 392, 392, 63, 63, 63, 63, 63, 63, 63, 63, 63, 63, 63, 63, 63, 63, 63, 63, 73, 392, 244, 320, 66, 66, 7, 309, 398, 331, 290, 290, 360, 360, 434, 434, 434, 434, 434, 434, 434, 3, 3, 457, 188, 188, 324, 143, 143, 349, 234, 155, 261, 25, 25, 284, 284, 486, 460, 169, 150, 150, 342, 342, 68, 68, 115, 267, 273, 470, 470, 290, 171, 360, 360, 339, 200, 200, 200, 398, 398, 374, 374, 301, 464, 286, 286, 468, 303, 199, 41, 41, 19, 324, 286, 286, 286, 468, 406, 59, 337, 19, 19, 19, 19, 19, 454, 454, 229, 229, 170, 170, 170, 392, 392, 392, 392, 392, 392, 63, 63, 63, 63, 63, 63, 63, 63, 63, 63, 63, 63, 63, 63, 63, 63, 392, 73, 320, 66, 320, 83, 188, 188, 171, 171, 171, 171, 464, 464, 464, 464, 139, 139, 139, 171, 171, 314, 37, 314, 32, 239, 384, 371, 371, 106, 153, 153, 88, 274, 497, 8, 259, 259, 208, 208, 441, 441, 148, 153, 182, 182, 182, 182, 182, 182, 182, 98, 98, 98, 98, 98, 98, 17, 414, 414, 392, 392, 392, 392, 392, 392, 63, 63, 63, 63, 63, 392, 392, 392, 73, 320, 320, 320, 7, 7, 374, 374, 374, 374, 132, 132, 132, 132, 132, 132, 285, 324, 41, 213, 213, 213, 213, 213, 246, 246, 246, 246, 19, 454, 170, 414, 197, 197, 197, 249, 249, 80, 392, 244, 80, 320, 7, 127, 188, 188, 171, 278, 120, 37, 37, 37, 314, 239, 129, 75, 75, 75, 75, 75, 354, 213, 219, 420, 443, 171, 171, 171, 171, 252, 286, 286, 286, 286, 406, 406, 337, 337, 467, 337, 324, 19, 324, 3, 3, 14, 14, 14, 209, 287, 145, 460, 460, 460, 35, 35, 35, 414, 66, 224, 68, 68, 68, 115, 267, 196, 196, 213, 213, 213, 213, 246, 19, 454, 454, 170, 170, 170, 170, 392, 392, 392, 392, 392, 392, 392, 63, 63, 63, 63, 63, 63, 63, 63, 63, 63, 63, 392, 73, 320, 320, 320, 287, 188, 188, 171, 171, 171, 264, 264, 406, 406, 406, 337, 337, 324, 324, 324, 464, 43, 10, 241, 241, 241, 431, 431, 486, 376, 376, 376, 460, 460, 460, 460, 263, 263, 35, 35, 225, 352, 352, 352, 80, 80, 80, 209, 188, 460, 460, 297, 182, 98, 497, 98, 17, 259, 259, 411, 411, 188, 284, 182, 182, 481, 426, 413, 413, 413, 413, 206, 98, 13, 414, 170, 312, 17, 264, 264, 264, 264, 278, 278, 278, 278, 278, 278, 278, 301, 301, 301, 301, 301, 301, 301, 301, 301, 301, 301, 301, 301, 301, 301, 301, 301, 301, 301, 301, 301, 301, 301, 301, 301, 301, 301, 301, 301, 301, 301, 301, 301, 301, 301, 403, 403, 403, 403, 403, 403, 403, 403, 403, 403, 403, 403, 403, 403, 403, 403, 403, 403, 403, 403, 403, 403, 403]

ep298
Train step Loss: [0.17705443501472473, 0.45610684156417847, 0.27406951785087585, 0.34193363785743713, 0.3268984854221344, 0.4605693221092224, 0.3907773196697235, 0.21582196652889252, 0.32052648067474365, 0.4088471829891205, 0.2001206874847412, 0.3577381670475006, 0.13259586691856384, 0.20737892389297485, 0.17667418718338013, 0.4471847712993622, 0.27434879541397095, 0.012600318528711796, 0.2620154023170471, 0.09807373583316803, 0.23253695666790009, 0.07717946171760559, 0.28405284881591797, 0.06198808178305626, 0.20768414437770844, 0.20188799500465393, 0.11596016585826874, 0.4558240473270416, 0.19992995262145996, 0.24346236884593964, 0.12383458018302917, 0.29871898889541626, 0.12884750962257385, 0.17255695164203644, 0.008887439034879208, 0.45927152037620544, 0.158905029296875, 0.05679008364677429, 0.2913793623447418, 0.42864876985549927, 0.09474318474531174, 0.04434709995985031, 0.15768228471279144, 0.00920084211975336, 0.07460649311542511, 0.20102380216121674, 0.25045377016067505, 0.03437881916761398, 0.1680297553539276, 0.09753209352493286, 0.09177691489458084, 0.16834938526153564, 0.5014621019363403, 0.007876130752265453, 0.047201573848724365, 0.4656611979007721, 0.4196021854877472, 0.12238997220993042, 0.2514165937900543, 0.10711658000946045, 0.10993695259094238, 0.09671474248170853, 0.34890273213386536]
val step Loss: [0.4608425199985504, 0.5673975348472595, 1.069310188293457, 0.5985112190246582, 0.4860989451408386, 0.5039312243461609, 0.20811404287815094, 0.5714421272277832, 1.0438801050186157, 0.1964736431837082, 0.8868442177772522, 0.7900925278663635, 0.18141061067581177, 0.3316980004310608, 0.8189442157745361, 0.332119882106781]
Train step Accs: [0.9562324412243087, 0.8829123328380386, 0.9317673378076062, 0.9080205014544951, 0.9119635508524397, 0.8949332567819721, 0.9028540801286346, 0.949487099782406, 0.9127864005912787, 0.8964871868701411, 0.9484139698814482, 0.9072633895818049, 0.9657384832542025, 0.9421487603305785, 0.953172423760659, 0.8845524017467249, 0.9298350824587707, 0.9987616951018162, 0.9300721229225463, 0.9757836674290327, 0.939095928226363, 0.9831321316355217, 0.9241497082681087, 0.9845251669653038, 0.9463013698630137, 0.9462677453823843, 0.9725056199204565, 0.8805050816137974, 0.9508503891611415, 0.9395415472779369, 0.968670504752979, 0.9275672371638142, 0.9670619235836627, 0.9574344867525698, 1.0, 0.8853817949944205, 0.9563726162710934, 0.9864945087563075, 0.9247554552294959, 0.8882201203783319, 0.9764072847682119, 0.9897146168332609, 0.9656683710737765, 1.0, 0.9833989870568374, 0.9517741935483871, 0.9343374513454054, 0.9928777344412413, 0.9574609064404983, 0.9771526677231906, 0.9788001804239964, 0.9557273366127899, 0.8658292891807022, 1.0, 0.9897631779984721, 0.9020752269779507, 0.8981443857510497, 0.9687647893989588, 0.9365684575389948, 0.9728804273387207, 0.9721336243075374, 0.9757785467128027, 0.90826916638768]
val step Accs: [0.892205157925239, 0.8744841326312793, 0.7465626161278335, 0.8620553359683795, 0.8874040375319875, 0.886742524477375, 0.954169318905156, 0.872815928484356, 0.7579834045763139, 0.9559093692590325, 0.7995150780421276, 0.8098636421562381, 0.9591342922435812, 0.9176928062216462, 0.8093959731543624, 0.920538905691504]
Preds: [17, 17, 17, 7, 217, 217, 217, 217, 473, 473, 65, 443, 443, 443, 330, 330, 240, 314, 35, 76, 310, 310, 107, 107, 395, 395, 395, 106, 153, 153, 481, 387, 387, 206, 167, 167, 35, 35, 320, 7, 354, 473, 473, 65, 288, 382, 313, 313, 285, 285, 34, 337, 337, 171, 171, 434, 434, 3, 3, 464, 464, 464, 464, 464, 340, 116, 116, 466, 199, 199, 106, 153, 153, 424, 182, 182, 182, 182, 182, 497, 497, 497, 497, 122, 43, 259, 208, 441, 441, 441, 346, 346, 346, 265, 265, 265, 85, 85, 146, 468, 468, 468, 406, 406, 406, 406, 467, 467, 134, 375, 98, 98, 98, 98, 98, 48, 13, 13, 414, 414, 170, 187, 187, 187, 187, 82, 2, 2, 2, 260, 391, 244, 244, 321, 320, 7, 7, 7, 309, 309, 398, 398, 290, 360, 360, 360, 252, 252, 143, 465, 192, 445, 445, 395, 395, 444, 444, 213, 213, 360, 324, 434, 434, 434, 434, 464, 464, 331, 331, 443, 443, 376, 376, 376, 376, 460, 460, 263, 263, 263, 263, 414, 414, 414, 312, 312, 312, 312, 23, 23, 23, 23, 23, 23, 23, 260, 391, 391, 391, 391, 289, 20, 321, 320, 320, 7, 7, 309, 473, 473, 288, 290, 290, 360, 171, 434, 434, 252, 143, 310, 310, 310, 107, 107, 107, 400, 400, 213, 213, 213, 213, 246, 246, 246, 19, 19, 454, 454, 414, 414, 414, 414, 225, 225, 225, 66, 66, 66, 66, 115, 115, 273, 273, 273, 151, 460, 460, 240, 285, 53, 280, 34, 324, 324, 324, 324, 286, 171, 171, 464, 464, 464, 139, 139, 116, 116, 116, 399, 195, 195, 359, 324, 324, 324, 324, 257, 257, 368, 31, 453, 342, 342, 115, 273, 273, 273, 265, 284, 376, 460, 460, 460, 460, 178, 35, 35, 440, 287, 287, 111, 111, 460, 169, 169, 150, 162, 342, 172, 172, 115, 267, 267, 444, 286, 286, 374, 139, 132, 132, 497, 375, 98, 98, 98, 440, 287, 287, 125, 125, 125, 348, 348, 348, 212, 77, 310, 219, 107, 395, 395, 374, 374, 374, 116, 94, 199, 331, 134, 134, 153, 182, 182, 43, 43, 43, 364, 276, 100, 100, 100, 100, 182, 375, 98, 98, 98, 13, 13, 13, 414, 414, 237, 249, 249, 47, 47, 47, 47, 80, 80, 80, 73, 73, 321, 320, 320, 287, 100, 100, 481, 182, 182, 375, 497, 122, 122, 8, 458, 100, 100, 100, 346, 346, 346, 426, 206, 98, 98, 263, 263, 263, 17, 83, 83, 403, 403, 403, 403, 403, 403, 403, 403, 403, 403, 403, 403, 403, 403, 403, 403, 403, 403, 403, 403, 403, 403, 403, 403, 403, 403, 403, 403, 403, 403, 403, 403, 403, 403, 403, 403, 403, 403, 403, 403, 403, 403, 403, 403, 403, 403, 403, 403, 403, 403, 403, 403, 403, 403, 403, 403, 403, 403, 403, 403, 403, 403, 403, 403, 403, 403, 403, 403, 403, 403, 403, 403, 403, 403, 403, 403, 403, 403, 403, 403, 403, 403, 403, 403, 403, 403, 403, 403, 403, 403, 403, 403, 403, 403, 403, 403, 403, 403, 403, 403, 403, 403, 403, 403, 403, 403, 403, 403, 403, 403, 403, 403, 403, 403, 403, 403, 403, 403, 403, 403, 403, 403, 403, 403, 403, 403, 403, 403, 403, 403, 403, 403, 403, 403, 403, 403, 403, 403, 403, 403, 403, 403, 403, 403, 403, 403, 403, 403, 403, 403, 403, 403, 403, 403, 403, 403, 403, 403, 403, 403, 403, 403, 403, 403, 403, 403, 403, 403, 403, 403, 403, 403, 403, 403, 403, 403]

ep299
Train step Loss: [0.2428555190563202, 0.2636057138442993, 0.21451149880886078, 0.16222520172595978, 0.17370158433914185, 0.2124452441930771, 0.008172199130058289, 0.09007831662893295, 0.02093237265944481, 0.2614479064941406, 0.3518889844417572, 0.0096568139269948, 0.22243593633174896, 0.14229841530323029, 0.16118262708187103, 0.010117500089108944, 0.11318878084421158, 0.11851365119218826, 0.2414361983537674, 0.3290526568889618, 0.05776326730847359, 0.252850741147995, 0.4755042493343353, 0.31958675384521484, 0.11289337277412415, 0.22364483773708344, 0.16830162703990936, 0.08243429660797119, 0.23858265578746796, 0.04984688386321068, 0.44861921668052673, 0.18256331980228424, 0.011007576249539852, 0.08669961988925934, 0.023222478106617928, 0.3703616261482239, 0.15017525851726532, 0.5259813070297241, 0.13626089692115784, 0.17646478116512299, 0.06268507242202759, 0.29112666845321655, 0.1662173867225647, 0.0729224756360054, 0.10853364318609238, 0.13697126507759094, 0.11255000531673431, 0.7639225125312805, 0.27107083797454834, 0.3897196054458618, 0.25907477736473083, 0.1574862003326416, 0.33972543478012085, 0.10806654393672943, 0.36040881276130676, 0.2112046778202057, 0.27601927518844604, 0.22322873771190643, 0.11778813600540161, 0.6322669386863708, 0.09787221997976303, 0.37652990221977234, 0.37395644187927246]
val step Loss: [0.3007039725780487, 0.8386893272399902, 0.4560210108757019, 0.38414251804351807, 0.4055350720882416, 1.0640714168548584, 0.4479832649230957, 0.403647243976593, 0.8560045957565308, 0.6795774102210999, 0.4982505440711975, 0.89291912317276, 0.26601165533065796, 1.060489296913147, 0.12611371278762817, 0.42967432737350464]
Train step Accs: [0.9362192970552313, 0.9339168490153172, 0.9461237055695494, 0.9595076125688371, 0.9569444444444445, 0.9449795680093404, 1.0, 0.9786079677569369, 0.9972791064012602, 0.9316698099521253, 0.9080279480963924, 0.9996768982229403, 0.9443933823529411, 0.9626990144048522, 0.9584450402144772, 0.9996942830938551, 0.9738461538461538, 0.9688468691878487, 0.9580391091797936, 0.9141043723554302, 0.9849315068493151, 0.9320712694877505, 0.8729591043383611, 0.9169608812314645, 0.9724798540367949, 0.9415475189234651, 0.95686838321788, 0.9822286962855062, 0.9382751247327156, 0.9896182718415588, 0.881806282722513, 0.9548014226437463, 0.9987224528904504, 0.978008954437714, 0.9957650273224044, 0.9037441261179324, 0.9619202844865906, 0.8634778970854832, 0.9644122383252818, 0.9596108490566038, 0.9865145228215768, 0.9238109006794853, 0.958252427184466, 0.9845360824742269, 0.9723509191451203, 0.9654507710557533, 0.9755108934301638, 0.7941421432537479, 0.9314152410575428, 0.897238080543126, 0.9299392807099486, 0.9596970516635109, 0.9094870935300033, 0.973603734105907, 0.9198704977741805, 0.9513888888888888, 0.9319289005924951, 0.9441189081034729, 0.9681549047847655, 0.8421334046250502, 0.9742539496781744, 0.8994725411107664, 0.9038652130822596]
val step Accs: [0.932837528604119, 0.7998889814043852, 0.8975583140090029, 0.9106305761379102, 0.9031815346225827, 0.7454022988505747, 0.888591459528362, 0.9068025172310459, 0.7913581745357446, 0.8507258965132151, 0.8892909797614261, 0.7959461503554681, 0.9451677132792158, 0.7506611258027956, 0.9725228975853455, 0.8979539641943735]
Preds: [17, 287, 486, 486, 460, 460, 215, 215, 35, 35, 259, 259, 208, 441, 100, 100, 153, 43, 98, 259, 208, 441, 437, 346, 481, 481, 481, 387, 387, 169, 263, 263, 263, 439, 439, 414, 414, 249, 249, 249, 237, 187, 187, 12, 341, 249, 82, 249, 249, 249, 249, 75, 201, 201, 201, 201, 201, 201, 201, 201, 201, 40, 40, 408, 391, 391, 228, 289, 321, 321, 72, 110, 110, 110, 486, 460, 460, 169, 150, 150, 338, 338, 338, 338, 338, 400, 400, 400, 213, 213, 213, 360, 360, 434, 434, 246, 246, 422, 99, 338, 338, 338, 338, 338, 400, 400, 400, 213, 213, 152, 374, 374, 374, 132, 132, 132, 132, 132, 132, 100, 100, 182, 182, 182, 497, 497, 497, 98, 197, 197, 197, 197, 197, 197, 249, 259, 183, 451, 451, 30, 213, 213, 213, 213, 246, 246, 246, 246, 301, 301, 43, 43, 43, 276, 276, 346, 174, 319, 480, 480, 480, 480, 282, 282, 282, 282, 388, 388, 94, 398, 398, 324, 324, 324, 301, 301, 301, 8, 8, 241, 431, 431, 265, 428, 428, 428, 428, 403, 207, 207, 207, 3, 3, 3, 3, 197, 197, 440, 79, 79, 380, 456, 288, 288, 374, 313, 374, 374, 374, 132, 132, 132, 132, 132, 132, 132, 132, 132, 374, 132, 132, 153, 134, 43, 43, 43, 196, 196, 473, 473, 109, 213, 213, 213, 246, 246, 246, 246, 19, 19, 454, 454, 454, 229, 414, 414, 126, 126, 126, 126, 292, 23, 23, 23, 23, 23, 149, 149, 149, 321, 321, 412, 287, 287, 287, 111, 319, 319, 319, 348, 413, 43, 43, 345, 345, 109, 109, 403, 171, 171, 171, 324, 464, 464, 324, 301, 464, 331, 180, 443, 486, 319, 282, 282, 388, 388, 94, 199, 199, 331, 403, 290, 290, 171, 171, 171, 246, 3, 301, 301, 143, 280, 29, 437, 106, 284, 405, 206, 206, 271, 368, 77, 269, 323, 224, 168, 494, 374, 374, 374, 374, 139, 88, 497, 497, 43, 88, 109, 346, 346, 428, 428, 428, 85, 85, 146, 146, 146, 219, 219, 219, 219, 152, 152, 382, 382, 245, 245, 43, 43, 43, 276, 276, 276, 346, 293, 293, 293, 293, 240, 216, 58, 192, 183, 183, 351, 139, 139, 139, 139, 293, 293, 122, 49, 269, 9, 168, 168, 494, 494, 241, 114, 331, 443, 443, 330, 330, 299, 299, 464, 464, 464, 464, 340, 330, 216, 216, 22, 22, 278, 99, 99, 99, 436, 60, 395, 395, 499, 319, 413, 413, 379, 471, 49, 49, 107, 107, 395, 400, 485, 464, 464, 378, 139, 139, 255, 348, 348, 43, 58, 441, 437, 437, 481, 426, 306, 372, 372, 396, 467, 467, 303, 303, 243, 243, 32, 259, 354, 473, 109, 286, 286, 286, 286, 468, 468, 468, 337, 337, 337, 41, 324, 19, 19, 454, 454, 454, 414, 414, 170, 170, 170, 47, 47, 244, 2, 2, 2, 2, 2, 244, 435, 435, 435, 435, 435, 320, 320, 320, 451, 451, 30, 30, 324, 464, 434, 301, 378, 378, 88, 88, 100, 100, 293, 497, 497, 497, 43, 98, 208, 106, 106, 306, 372, 372, 396, 396, 396, 406, 132, 375, 375, 98, 98, 98, 98, 414, 414, 414, 414, 414, 47, 47, 244, 80, 80, 321, 321, 320, 441, 441, 346, 346, 346, 346, 265, 85, 85, 282, 271, 271, 77, 77, 323, 323, 224, 273, 106, 106, 153, 182, 182, 182, 375, 375, 98, 98, 13, 13, 417, 414, 414, 249, 170, 249, 249, 28, 28, 28, 2, 244, 2, 244, 63, 63, 63, 63, 63, 63, 244]

ep300
Train step Loss: [0.43995803594589233, 0.5791236162185669, 0.008710694499313831, 0.24614714086055756, 0.2187821865081787, 0.06935229152441025, 0.1515035182237625, 0.2859621047973633, 0.47500211000442505, 0.036005545407533646, 0.17852343618869781, 0.046253204345703125, 0.09812397509813309, 0.2085121124982834, 0.032441552728414536, 0.2927128076553345, 0.07230633497238159, 0.21880775690078735, 0.24270915985107422, 0.17836007475852966, 0.20286639034748077, 0.23999086022377014, 0.2534435987472534, 0.15211158990859985, 0.3920917510986328, 0.30220577120780945, 0.12176591157913208, 0.3287399709224701, 0.1888529360294342, 0.39777082204818726, 0.15844431519508362, 0.1547534167766571, 0.2326308637857437, 0.11393437534570694, 0.18874047696590424, 0.25800275802612305, 0.010099641047418118, 0.25023844838142395, 0.13853852450847626, 0.282396525144577, 0.22685636579990387, 0.14755310118198395, 0.13097789883613586, 0.1558849960565567, 0.14089100062847137, 0.20214731991291046, 0.32067763805389404, 0.36581140756607056, 0.20895716547966003, 0.08221693336963654, 0.1546245962381363, 0.14737392961978912, 0.3114203214645386, 0.205601766705513, 0.16017413139343262, 0.15435883402824402, 0.23554284870624542, 0.17588822543621063, 0.15151645243167877, 0.2469913512468338, 0.15503548085689545, 0.3196280002593994, 0.011847174726426601]
val step Loss: [0.554487407207489, 0.847267210483551, 0.4959300756454468, 0.3963135778903961, 0.5522366762161255, 0.8055627942085266, 0.42649707198143005, 1.127224087715149, 0.5862851738929749, 0.47178715467453003, 0.5706504583358765, 0.2174626886844635, 0.5438557267189026, 0.7785767912864685, 0.37875157594680786, 0.2329210638999939]
Train step Accs: [0.8852553899580379, 0.862818904224174, 1.0, 0.9368718592964824, 0.9439492370448709, 0.9822300596852958, 0.9610220874837592, 0.9231501632208923, 0.8815943728018757, 0.992675270317405, 0.9530546623794213, 0.9903410805916089, 0.9744835965978129, 0.9448375451263538, 0.9941309255079007, 0.9254397834912044, 0.9831479057591623, 0.9423076923076923, 0.9356759976176295, 0.9560473336406946, 0.9484120586812832, 0.9364760432766616, 0.9370184254606365, 0.9616881173301407, 0.8945691527878349, 0.9288527172486217, 0.9700809036788277, 0.9384413883431565, 0.9508288062404234, 0.8947592067988669, 0.9579155672823219, 0.9598831847525361, 0.9404237167638276, 0.9747225647348952, 0.9533371857844554, 0.9309128901658613, 0.9998465551634188, 0.9327170783452038, 0.9633211070356785, 0.9256421811626859, 0.9450276243093922, 0.9646789646789646, 0.9674634794156707, 0.9599274156963556, 0.9649368863955119, 0.9472736204355657, 0.9246920492721165, 0.9042338709677419, 0.9447627442338768, 0.9801214798453893, 0.9644782308223911, 0.9639257294429708, 0.9171190255527605, 0.9477293508076806, 0.9578947368421052, 0.9618055555555556, 0.9357236554438129, 0.958212519188129, 0.9594288945433984, 0.937434279705573, 0.9597814539383821, 0.9167175106772423, 0.9994782154969998]
val step Accs: [0.8798820928518791, 0.7940453074433657, 0.8790685706934259, 0.9018641195501463, 0.8719640971488912, 0.8103248259860789, 0.8993324432576769, 0.7311608961303462, 0.8666869116307319, 0.8991984454700024, 0.8699130914608911, 0.9546122209165687, 0.8749671657473076, 0.8139420716740304, 0.9130687599941852, 0.9495365602471678]
Preds: [17, 17, 296, 109, 278, 278, 330, 385, 35, 35, 77, 54, 54, 323, 224, 273, 273, 494, 498, 498, 406, 406, 406, 406, 406, 467, 337, 337, 337, 328, 116, 200, 33, 10, 10, 309, 479, 331, 331, 106, 284, 284, 426, 426, 426, 426, 375, 98, 98, 98, 98, 13, 13, 82, 82, 170, 170, 392, 392, 392, 63, 63, 63, 63, 63, 63, 63, 63, 63, 63, 63, 63, 63, 63, 63, 63, 63, 63, 63, 63, 63, 63, 63, 63, 63, 392, 244, 289, 289, 321, 7, 7, 7, 32, 32, 354, 354, 420, 420, 213, 213, 213, 246, 246, 246, 246, 246, 246, 246, 246, 246, 3, 3, 3, 188, 188, 177, 177, 236, 143, 129, 401, 401, 354, 354, 109, 278, 278, 278, 171, 171, 171, 171, 171, 171, 246, 246, 246, 246, 246, 246, 324, 143, 99, 338, 338, 338, 338, 338, 338, 400, 400, 324, 213, 360, 360, 434, 339, 339, 76, 259, 259, 321, 354, 74, 106, 106, 106, 213, 286, 286, 464, 464, 139, 139, 486, 315, 450, 450, 450, 450, 450, 450, 450, 450, 450, 43, 276, 276, 276, 276, 276, 182, 182, 182, 182, 182, 182, 182, 182, 182, 182, 182, 182, 182, 303, 17, 17, 17, 17, 17, 98, 98, 98, 98, 98, 496, 98, 98, 13, 414, 197, 197, 80, 7, 7, 7, 219, 398, 398, 331, 398, 213, 139, 387, 387, 387, 182, 182, 182, 182, 182, 182, 182, 98, 98, 387, 413, 413, 10, 10, 309, 473, 473, 213, 213, 464, 139, 443, 315, 460, 460, 35, 35, 35, 414, 170, 170, 392, 392, 392, 392, 392, 392, 392, 392, 63, 63, 63, 63, 63, 63, 63, 63, 63, 73, 73, 73, 244, 66, 66, 66, 66, 323, 323, 323, 106, 387, 153, 182, 132, 132, 182, 182, 182, 182, 182, 182, 182, 182, 122, 122, 129, 259, 259, 259, 208, 106, 107, 323, 323, 323, 273, 106, 387, 387, 387, 387, 122, 348, 348, 199, 398, 398, 199, 277, 277, 385, 143, 259, 321, 321, 354, 213, 213, 109, 109, 284, 284, 240, 240, 285, 376, 376, 263, 35, 35, 35, 14, 287, 284, 284, 284, 460, 35, 35, 239, 32, 354, 384, 420, 284, 460, 460, 240, 35, 314, 36, 449, 449, 324, 106, 464, 486, 460, 460, 35, 35, 239, 36, 384, 371, 324, 324, 374, 286, 464, 374, 132, 303, 48, 381, 17, 170, 170, 170, 20, 20, 354, 66, 441, 441, 100, 98, 98, 98, 98, 17, 17, 170, 170, 392, 392, 392, 392, 392, 392, 63, 63, 63, 63, 63, 63, 63, 63, 63, 63, 63, 63, 63, 63, 63, 63, 63, 63, 63, 63, 63, 63, 63, 63, 63, 63, 63, 63, 63, 63, 73, 244, 209, 320, 320, 287, 284, 460, 460, 460, 460, 460, 284, 43, 43, 43, 276, 276, 276, 276, 276, 182, 182, 182, 182, 98, 32, 32, 32, 197, 259, 354, 354, 32, 32, 354, 443, 171, 171, 143, 171, 252, 143, 239, 36, 458, 458, 384, 213, 213, 213, 213, 213, 219, 213, 477, 374, 132, 132, 132, 132, 132, 122, 162, 162, 68, 323, 482, 482, 482, 482, 482, 323, 18, 106, 106, 153, 153, 497, 122, 129, 259, 259, 354, 354, 354, 74, 106, 213, 213, 213, 213, 171, 171, 171, 19, 454, 229, 129, 170, 401, 321, 20, 20, 345, 217, 217, 398, 331, 116, 116, 116, 401, 219, 259, 20, 20, 219, 219, 473, 473, 65, 284, 284, 284, 206, 206, 206, 240, 35, 35, 14, 14, 188, 188, 188, 188, 387, 182, 98, 98, 17, 129]

ep301
Train step Loss: [0.09103453159332275, 0.277925044298172, 0.10755836963653564, 0.2002401053905487, 0.2492719143629074, 0.3133351802825928, 0.2508700489997864, 0.08470108360052109, 0.10937930643558502, 0.14031444489955902, 0.33364975452423096, 0.13524770736694336, 0.15775030851364136, 0.01890067383646965, 0.22323307394981384, 0.12868790328502655, 0.08461377024650574, 0.14199072122573853, 0.4312460422515869, 0.05402151867747307, 0.07813908159732819, 0.2104758471250534, 0.40156519412994385, 0.16042570769786835, 0.24080057442188263, 0.30291762948036194, 0.33434435725212097, 0.2535741627216339, 0.5341212153434753, 0.11538990586996078, 0.13076895475387573, 0.10900560021400452, 0.062348444014787674, 0.3069388270378113, 0.5735220313072205, 0.1275862753391266, 0.14777010679244995, 0.33311888575553894, 0.10357336699962616, 0.273910790681839, 0.17854981124401093, 0.48614344000816345, 0.11366870254278183, 0.29599809646606445, 0.1405210942029953, 0.08432111144065857, 0.13218599557876587, 0.11986216902732849, 0.398755818605423, 0.4433939456939697, 0.009966811165213585, 0.21489277482032776, 0.12000197917222977, 0.5815324783325195, 0.3433774709701538, 0.09491503983736038, 0.11787979304790497, 0.31742557883262634, 0.18351082503795624, 0.19665944576263428, 0.09025926142930984, 0.008127415552735329, 0.02274491637945175]
val step Loss: [0.7300167679786682, 0.9028941988945007, 0.13186097145080566, 0.7033087611198425, 0.4549529552459717, 0.8590603470802307, 0.47628962993621826, 0.3363121747970581, 1.1094218492507935, 0.12277653813362122, 0.5657936334609985, 0.6493335366249084, 0.6042231321334839, 0.19231924414634705, 0.8466705679893494, 0.12440348416566849]
Train step Accs: [0.9775051124744376, 0.9283663508469711, 0.9709837225760792, 0.9492856021353431, 0.934115212142118, 0.9185933822511422, 0.934418746195983, 0.9804070473876063, 0.97188995215311, 0.9656641604010026, 0.9063191153238547, 0.9656555930027283, 0.9610591900311527, 0.9971860189573459, 0.9428448646325741, 0.9695269860521528, 0.9799906206034078, 0.9640828600066823, 0.9102191196432035, 0.9876097057305111, 0.9819074333800841, 0.9487841945288754, 0.8954873080539016, 0.9616749467707594, 0.9360715468698244, 0.9281362503461645, 0.9103265114825808, 0.9337598294015726, 0.8638086905803442, 0.9692910400606597, 0.9676705048715678, 0.9720596061734965, 0.9854606672788491, 0.9203282159872949, 0.8713922536264394, 0.9658944658944659, 0.9652855543113102, 0.9164006687946497, 0.9739514348785872, 0.9283321194464675, 0.9548022598870056, 0.8715964886177652, 0.9709386806161, 0.9253179532682638, 0.9630345182895415, 0.9798173246906305, 0.9697011621472054, 0.9709264126149802, 0.8936457863902659, 0.8841917237272998, 1.0, 0.9464750171115675, 0.9680601221230625, 0.8590433956287615, 0.9092708677004289, 0.9774694326143701, 0.9709627329192546, 0.9200137315482321, 0.9513513513513514, 0.9500208246563931, 0.9774011299435028, 1.0, 0.9962358845671268]
val step Accs: [0.8366137064263695, 0.7858200118413262, 0.9706101190476191, 0.8376199082441262, 0.887114880878134, 0.8011914657799944, 0.8888304170503881, 0.9228742865505635, 0.7445141065830722, 0.9752851711026616, 0.8748016731573633, 0.8437892095357591, 0.8617606602475929, 0.9540118768125949, 0.7923666173901357, 0.9709727454021715]
Preds: [17, 17, 296, 109, 278, 278, 330, 385, 35, 35, 77, 54, 54, 323, 224, 273, 273, 494, 498, 498, 406, 406, 406, 406, 406, 467, 337, 337, 337, 328, 116, 200, 33, 10, 10, 309, 479, 331, 331, 106, 284, 284, 426, 426, 426, 426, 375, 98, 98, 98, 98, 13, 13, 82, 82, 170, 170, 392, 392, 392, 63, 63, 63, 63, 63, 63, 63, 63, 63, 63, 63, 63, 63, 63, 63, 63, 63, 63, 63, 63, 63, 63, 63, 63, 63, 392, 244, 289, 289, 321, 7, 7, 7, 32, 32, 354, 354, 420, 420, 213, 213, 213, 246, 246, 246, 246, 246, 246, 246, 246, 246, 3, 3, 3, 188, 188, 177, 177, 236, 143, 129, 401, 401, 354, 354, 109, 109, 278, 278, 171, 171, 171, 171, 171, 171, 246, 246, 246, 246, 246, 246, 324, 422, 99, 338, 338, 338, 338, 338, 400, 400, 400, 324, 213, 360, 360, 434, 339, 339, 76, 259, 259, 259, 354, 74, 106, 106, 106, 213, 286, 286, 464, 464, 355, 120, 486, 315, 450, 450, 450, 450, 450, 450, 450, 450, 450, 43, 276, 276, 276, 276, 276, 276, 182, 182, 182, 182, 182, 182, 182, 182, 182, 182, 182, 182, 303, 17, 17, 17, 17, 17, 98, 98, 98, 98, 98, 496, 98, 13, 414, 414, 197, 197, 80, 7, 7, 7, 219, 398, 398, 331, 398, 374, 464, 387, 387, 387, 182, 182, 182, 182, 182, 182, 182, 98, 98, 387, 413, 413, 10, 10, 309, 473, 473, 213, 213, 464, 139, 443, 315, 460, 460, 35, 35, 35, 414, 170, 170, 392, 392, 392, 392, 392, 392, 392, 392, 63, 63, 63, 63, 63, 63, 63, 63, 63, 73, 73, 73, 244, 66, 66, 66, 66, 323, 323, 323, 106, 387, 387, 153, 132, 132, 182, 182, 182, 182, 182, 182, 182, 182, 122, 122, 129, 259, 259, 259, 208, 106, 107, 323, 323, 323, 273, 106, 153, 387, 387, 387, 387, 348, 348, 199, 398, 398, 199, 277, 277, 385, 129, 259, 321, 321, 354, 213, 213, 109, 109, 284, 284, 240, 240, 285, 376, 376, 263, 35, 35, 35, 14, 287, 284, 284, 284, 460, 35, 35, 32, 32, 354, 384, 420, 284, 460, 460, 240, 35, 24, 35, 449, 449, 324, 106, 464, 486, 460, 460, 35, 35, 239, 36, 384, 371, 324, 324, 374, 286, 464, 374, 132, 303, 48, 381, 17, 170, 170, 170, 20, 20, 354, 66, 441, 441, 100, 98, 98, 98, 98, 17, 17, 170, 170, 392, 392, 392, 392, 392, 392, 63, 63, 63, 63, 63, 63, 63, 63, 63, 63, 63, 63, 63, 63, 63, 63, 63, 63, 63, 63, 63, 63, 63, 63, 63, 63, 63, 63, 63, 63, 73, 73, 209, 320, 7, 287, 284, 460, 460, 460, 460, 460, 284, 43, 43, 43, 276, 276, 276, 276, 276, 182, 182, 182, 182, 43, 32, 32, 32, 197, 259, 354, 354, 32, 32, 354, 443, 171, 171, 143, 171, 252, 143, 239, 36, 129, 458, 384, 213, 213, 213, 213, 213, 219, 213, 374, 374, 132, 132, 132, 132, 132, 122, 162, 478, 68, 323, 482, 482, 482, 482, 482, 323, 483, 106, 106, 153, 153, 497, 122, 129, 259, 259, 354, 354, 354, 74, 106, 213, 213, 213, 213, 171, 171, 171, 19, 454, 229, 129, 170, 401, 75, 244, 20, 345, 217, 70, 398, 331, 116, 116, 116, 401, 219, 259, 20, 20, 219, 219, 473, 65, 65, 65, 284, 284, 206, 206, 206, 240, 263, 35, 14, 287, 209, 188, 188, 188, 387, 182, 98, 98, 13, 129]

ep302
Train step Loss: [0.05480256304144859, 0.13888214528560638, 0.30035731196403503, 0.009156158193945885, 0.13926135003566742, 0.4070674479007721, 0.07337872684001923, 0.25119879841804504, 0.3333658277988434, 0.15948660671710968, 0.08128202706575394, 0.23635724186897278, 0.020495887845754623, 0.13564185798168182, 0.15886282920837402, 0.33712294697761536, 0.07184545695781708, 0.2042561024427414, 0.03109395131468773, 0.21767576038837433, 0.13623842597007751, 0.2214381843805313, 0.3307064175605774, 0.15494181215763092, 0.5928080081939697, 0.4443618953227997, 0.4315405786037445, 0.01906611956655979, 0.21218405663967133, 0.1918182373046875, 0.25114011764526367, 0.26304227113723755, 0.28284844756126404, 0.2470434010028839, 0.20752716064453125, 0.030011793598532677, 0.008096917532384396, 0.07770547270774841, 0.14259923994541168, 0.1253087818622589, 0.37657156586647034, 0.2524336576461792, 0.1497259885072708, 0.3880143165588379, 0.04666018858551979, 0.04063562676310539, 0.16073636710643768, 0.527002215385437, 0.12547148764133453, 0.0763426274061203, 0.23385962843894958, 0.3974381983280182, 0.2959834337234497, 0.16368333995342255, 0.1586824208498001, 0.04963688552379608, 0.366324245929718, 0.3977019488811493, 0.15697383880615234, 0.1052406057715416, 0.2216152846813202, 0.2900237739086151, 0.008349421434104443]
val step Loss: [0.3339329659938812, 0.418926477432251, 0.7582827806472778, 0.7254942655563354, 0.5576367378234863, 0.9774082899093628, 0.36845606565475464, 0.6352426409721375, 0.7335945963859558, 0.33853238821029663, 0.5920944213867188, 0.5498118996620178, 0.10593561083078384, 0.8758851885795593, 0.5328426361083984, 0.6814185380935669]
Train step Accs: [0.9887070376432079, 0.9637327981651376, 0.9207817589576547, 1.0, 0.9610352264557872, 0.8966586775694346, 0.9847621979375096, 0.9330201545688741, 0.9163096258211939, 0.9608001073969661, 0.9798700269456332, 0.9392475479432001, 0.9966427590416603, 0.9677371394588166, 0.9617531188443861, 0.9116125323368784, 0.9829204693611473, 0.9493957703927492, 0.9943295530353569, 0.9434720229555237, 0.9674631418403661, 0.9445438282647585, 0.9098699311400154, 0.9585563331961027, 0.8495863284958632, 0.9022484452240472, 0.8874722016308376, 0.9966584338224611, 0.9463690389911581, 0.949802036199095, 0.9362631714212285, 0.931493182573994, 0.9273317341611401, 0.9342105263157895, 0.9457364341085271, 0.9944759858830751, 1.0, 0.9808599167822469, 0.9616798642533937, 0.9674218620803704, 0.9020647321428571, 0.9394904458598726, 0.9631992877281496, 0.8983198146002318, 0.9906364499932149, 0.991639344262295, 0.9611760883690709, 0.8632003336577228, 0.965754406075369, 0.9857482185273159, 0.936223635754938, 0.8945324634979808, 0.9229283990345937, 0.9570216776625825, 0.960581233575514, 0.9884419093365355, 0.9252986541660366, 0.9025522041763341, 0.9614573076382051, 0.9749471286806572, 0.9432238953344854, 0.923371104815864, 1.0]
val step Accs: [0.9175684702738811, 0.8968386023294509, 0.8242477653279617, 0.8256712508185986, 0.8666022899710305, 0.7697384806973848, 0.9226071950086288, 0.8506240249609984, 0.8335507010107597, 0.9203024098283195, 0.8551742069682787, 0.873877443211833, 0.9777390871782117, 0.7914904523901064, 0.8849665246500305, 0.8397679535907181]
Preds: [17, 17, 309, 309, 479, 479, 398, 290, 360, 360, 360, 434, 434, 434, 434, 434, 434, 3, 3, 3, 3, 197, 226, 226, 440, 287, 287, 284, 460, 460, 178, 215, 129, 129, 401, 259, 441, 441, 441, 441, 148, 153, 153, 497, 129, 259, 259, 441, 441, 441, 441, 100, 153, 182, 497, 8, 259, 259, 259, 208, 441, 441, 437, 125, 426, 426, 413, 348, 94, 466, 466, 331, 331, 284, 284, 426, 426, 426, 426, 426, 98, 263, 414, 414, 170, 170, 170, 170, 170, 392, 392, 312, 47, 187, 187, 187, 2, 435, 2, 244, 244, 2, 2, 163, 163, 73, 73, 63, 73, 73, 73, 73, 244, 320, 287, 284, 284, 284, 284, 319, 319, 413, 413, 250, 250, 250, 138, 138, 138, 138, 138, 138, 138, 182, 182, 182, 182, 182, 182, 182, 182, 182, 182, 182, 182, 182, 372, 406, 467, 467, 467, 467, 467, 331, 134, 153, 182, 182, 182, 182, 182, 182, 182, 98, 98, 98, 17, 414, 414, 170, 414, 170, 170, 417, 417, 170, 170, 47, 47, 435, 435, 73, 73, 73, 73, 320, 287, 83, 55, 55, 443, 438, 438, 416, 32, 32, 32, 32, 354, 354, 264, 286, 286, 264, 264, 264, 468, 406, 406, 337, 337, 134, 88, 88, 426, 426, 319, 319, 282, 388, 388, 379, 77, 68, 342, 224, 68, 115, 115, 267, 267, 267, 213, 213, 324, 3, 3, 464, 464, 464, 171, 171, 171, 171, 171, 246, 246, 143, 24, 314, 32, 32, 32, 384, 354, 420, 324, 464, 464, 277, 385, 143, 259, 77, 66, 224, 115, 267, 470, 106, 355, 284, 460, 460, 169, 169, 35, 414, 414, 414, 170, 312, 414, 312, 187, 187, 187, 187, 23, 408, 1, 1, 23, 23, 408, 408, 391, 73, 244, 73, 73, 320, 412, 287, 284, 284, 111, 240, 35, 35, 77, 66, 342, 224, 224, 267, 267, 213, 213, 324, 3, 464, 464, 139, 139, 315, 284, 284, 376, 376, 376, 376, 460, 460, 240, 240, 35, 35, 75, 354, 449, 397, 397, 441, 387, 387, 313, 167, 35, 35, 35, 77, 224, 224, 273, 470, 106, 106, 319, 319, 319, 388, 388, 388, 94, 64, 10, 10, 473, 473, 398, 213, 213, 324, 434, 434, 246, 246, 434, 434, 434, 3, 197, 440, 440, 145, 460, 169, 35, 35, 354, 354, 354, 109, 284, 443, 240, 240, 314, 239, 239, 310, 449, 395, 180, 486, 460, 460, 169, 35, 239, 32, 239, 371, 371, 219, 257, 257, 31, 31, 54, 54, 232, 232, 172, 172, 115, 273, 267, 213, 213, 213, 213, 246, 246, 3, 3, 14, 411, 188, 188, 171, 171, 171, 264, 120, 178, 178, 458, 96, 96, 342, 224, 86, 160, 483, 336, 208, 188, 287, 460, 284, 284, 306, 306, 85, 406, 406, 59, 59, 59, 59, 59, 452, 263, 229, 312, 414, 414, 312, 187, 23, 23, 187, 187, 1, 1, 12, 1, 1, 1, 1, 1, 1, 260, 391, 391, 244, 244, 73, 244, 287, 287, 284, 284, 111, 460, 35, 35, 35, 77, 66, 224, 224, 267, 470, 267, 464, 464, 139, 120, 460, 460, 169, 35, 8, 354, 354, 109, 284, 46, 146, 240, 240, 35, 449, 449, 371, 180, 486, 443, 240, 240, 240, 314, 32, 239, 371, 371, 324, 301, 213, 213, 213, 246, 246, 246, 246, 301, 8, 32, 354, 354, 354, 180, 114, 355, 355, 355, 355, 263, 263, 263, 414, 170, 414, 414, 170, 392, 392, 28, 28, 28, 2, 392, 187, 187, 12, 163, 163, 163, 392, 73, 73, 73, 73, 244, 320, 320, 7]

ep303
Train step Loss: [0.4309932291507721, 0.17494705319404602, 0.2036619931459427, 0.360708087682724, 0.2768569886684418, 0.24847932159900665, 0.124049112200737, 0.046780575066804886, 0.22000399231910706, 0.017619207501411438, 0.008770386688411236, 0.3439081907272339, 0.37665554881095886, 0.12538351118564606, 0.3044632375240326, 0.23684191703796387, 0.2112520933151245, 0.06877247989177704, 0.21356482803821564, 0.1764363944530487, 0.2706673741340637, 0.15472906827926636, 0.46115919947624207, 0.009267935529351234, 0.16195516288280487, 0.1347217857837677, 0.09136062115430832, 0.23377782106399536, 0.4199707508087158, 0.0697619765996933, 0.21252135932445526, 0.21279080212116241, 0.2981876730918884, 0.008683930151164532, 0.24879062175750732, 0.11764227598905563, 0.2404536008834839, 0.16012223064899445, 0.21283133327960968, 0.023471133783459663, 0.00878524873405695, 0.3612556457519531, 0.11803334951400757, 0.32831981778144836, 0.38174644112586975, 0.46384528279304504, 0.29231706261634827, 0.3984419107437134, 0.12296870350837708, 0.1849077194929123, 0.29102593660354614, 0.06980771571397781, 0.09190742671489716, 0.1325402706861496, 0.08511228114366531, 0.1500530242919922, 0.20880569517612457, 0.011810285039246082, 0.28683391213417053, 0.44396212697029114, 0.054578959941864014, 0.12456712126731873, 0.22388450801372528]
val step Loss: [0.8925631642341614, 0.3540372848510742, 0.5123679637908936, 0.9542493224143982, 0.04049279913306236, 0.12955893576145172, 0.32565075159072876, 0.8342587351799011, 1.119439959526062, 0.5725513100624084, 0.5484557747840881, 0.3688809275627136, 0.3062809109687805, 0.39402836561203003, 0.8311168551445007, 0.9087268114089966]
Train step Accs: [0.882049629390912, 0.9559053069719042, 0.9515243902439025, 0.9085211162513058, 0.931749573434834, 0.9453574940300604, 0.966717791411043, 0.9893802734943264, 0.9433050293925539, 0.9976619447118691, 1.0, 0.9128316188413643, 0.9019607843137255, 0.9699087278950371, 0.9221328819297503, 0.9397905759162304, 0.946058091286307, 0.9820627802690582, 0.9466706839409461, 0.9584533737680061, 0.9312300087234662, 0.958649115809068, 0.878080045577553, 0.9998427672955975, 0.9572807266534203, 0.9643720780267613, 0.978307666832257, 0.9408330703692016, 0.8873218304576144, 0.9827969746403677, 0.9428943183461038, 0.9451798561151079, 0.9239145046377201, 0.9998619356620185, 0.9355302921283638, 0.9718388400947999, 0.9376790830945558, 0.9569628035659391, 0.9469573706475757, 0.9954682779456193, 1.0, 0.9280923412884106, 0.9708302169035153, 0.9105760963026656, 0.9077770130763937, 0.8794596466920679, 0.9232243054605173, 0.9013594688586785, 0.96875, 0.9547270306258322, 0.9296165100877869, 0.9820221012699983, 0.977465613110916, 0.966934763181412, 0.9782888388549372, 0.9609828540569731, 0.9454847478103292, 0.998639661426844, 0.9230644111906311, 0.8803022269353128, 0.9880538333585362, 0.9698133918770582, 0.9395348837209302]
val step Accs: [0.7996532937097574, 0.9176272139443351, 0.8826322930800543, 0.7749180526890859, 0.9932136932589353, 0.9709662785422652, 0.9245208716198478, 0.8016222161121803, 0.732189075057894, 0.8703352308665402, 0.8700288184438041, 0.9135820675416605, 0.9267519804996953, 0.9083639223911903, 0.8094379320709347, 0.7981021603068847]
Preds: [17, 17, 17, 145, 284, 284, 284, 450, 450, 450, 43, 43, 43, 43, 276, 276, 153, 153, 138, 182, 182, 182, 182, 182, 182, 182, 98, 98, 98, 98, 98, 197, 226, 226, 226, 209, 287, 287, 110, 145, 111, 111, 322, 322, 67, 10, 10, 479, 398, 398, 398, 301, 399, 43, 43, 250, 138, 138, 138, 153, 387, 387, 109, 146, 146, 324, 324, 422, 99, 99, 338, 338, 338, 338, 338, 338, 395, 395, 395, 278, 278, 278, 374, 378, 416, 8, 259, 208, 100, 100, 100, 375, 122, 122, 122, 233, 82, 75, 75, 66, 68, 68, 68, 224, 25, 267, 444, 448, 324, 464, 464, 58, 315, 486, 319, 319, 72, 72, 203, 7, 364, 276, 276, 276, 276, 153, 153, 182, 182, 182, 182, 375, 98, 98, 98, 98, 426, 426, 282, 282, 59, 282, 282, 282, 413, 413, 413, 303, 413, 303, 303, 303, 303, 303, 309, 309, 479, 479, 331, 331, 106, 481, 481, 481, 481, 182, 387, 293, 375, 98, 263, 263, 263, 78, 170, 170, 170, 170, 170, 392, 392, 392, 392, 392, 392, 392, 392, 63, 63, 63, 63, 63, 63, 63, 63, 63, 63, 63, 392, 392, 392, 392, 244, 244, 289, 289, 321, 7, 7, 420, 324, 324, 324, 464, 464, 464, 110, 486, 486, 460, 460, 169, 349, 349, 234, 234, 234, 234, 261, 25, 25, 485, 324, 324, 324, 464, 464, 464, 139, 139, 426, 426, 426, 413, 348, 10, 10, 473, 398, 398, 340, 340, 116, 94, 199, 302, 88, 274, 122, 122, 129, 129, 75, 342, 68, 115, 273, 273, 151, 151, 151, 240, 215, 35, 129, 259, 354, 354, 420, 286, 286, 286, 286, 374, 374, 374, 374, 374, 246, 246, 246, 477, 132, 132, 132, 375, 375, 375, 98, 98, 98, 13, 401, 82, 401, 321, 75, 208, 208, 441, 437, 437, 437, 481, 481, 375, 375, 98, 98, 98, 263, 13, 193, 17, 83, 403, 403, 403, 403, 403, 403, 403, 403, 403, 403, 403, 403, 403, 403, 403, 403, 403, 403, 403, 403, 403, 403, 403, 403, 403, 403, 403, 403, 403, 403, 403, 403, 403, 403, 403, 403, 403, 403, 403, 403, 403, 403, 403, 403, 403, 403, 403, 403, 403, 403, 403, 403, 403, 403, 403, 403, 403, 403, 403, 403, 403, 403, 403, 403, 403, 403, 403, 403, 403, 403, 403, 403, 403, 403, 403, 403, 403, 403, 403, 403, 403, 403, 403, 403, 403, 403, 403, 403, 403, 403, 403, 403, 403, 403, 403, 403, 403, 403, 403, 403, 403, 403, 403, 403, 403, 403, 403, 403, 403, 403, 403, 403, 403, 403, 403, 403, 403, 403, 403, 403, 403, 403, 403, 403, 403, 403, 403, 403, 403, 403, 403, 403, 403, 403, 403, 403, 403, 403, 403, 403, 403, 403, 403, 403, 403, 403, 403, 403, 403, 403, 403, 403, 403, 403, 403, 403, 403, 403, 403, 403, 403, 403, 403, 403, 403, 403, 403, 403, 403, 403, 403, 403, 403, 403, 403, 403, 403, 403, 403, 403, 403, 403, 403, 403, 403, 403, 403, 403, 403, 403, 403, 403, 403, 403, 403, 403, 403, 403, 403, 403, 403, 403, 403, 403, 403, 403, 403, 403, 403, 403, 403, 403, 403, 403, 403, 403, 403, 403, 403, 403, 403, 403, 403, 403, 403, 403, 403, 403, 403, 403, 403, 403, 403, 403, 403, 403, 403, 403, 403, 403, 403, 403, 403, 403, 403, 403, 403, 403, 403, 403, 403, 403, 403, 403, 403, 403, 403, 403, 403, 403, 403, 403, 403, 403, 403, 403, 403, 403, 403, 403, 403, 403, 403, 403, 403]

ep304
Train step Loss: [0.24648509919643402, 0.11812487989664078, 0.008238843642175198, 0.16756606101989746, 0.11361334472894669, 0.13695035874843597, 0.21731850504875183, 0.22138869762420654, 0.24300476908683777, 0.068605937063694, 0.19344517588615417, 0.19917306303977966, 0.4035049378871918, 0.19225890934467316, 0.056573767215013504, 0.1978795975446701, 0.01184752769768238, 0.2678064703941345, 0.08402552455663681, 0.08178262412548065, 0.18581552803516388, 0.2084217518568039, 0.2609434425830841, 0.2534981667995453, 0.2711643874645233, 0.009146288968622684, 0.1610790491104126, 0.062406014651060104, 0.1530786156654358, 0.04827306792140007, 0.22282329201698303, 0.24525612592697144, 0.27397963404655457, 0.2674691677093506, 0.32133030891418457, 0.365605890750885, 0.13428916037082672, 0.5129184126853943, 0.278307169675827, 0.22139567136764526, 0.20586702227592468, 0.00841351319104433, 0.2710859179496765, 0.12768448889255524, 0.07919337600469589, 0.11486564576625824, 0.19745083153247833, 0.23746535181999207, 0.3053528666496277, 0.11637206375598907, 0.31263595819473267, 0.3240799903869629, 0.2561893165111542, 0.011184317991137505, 0.3551611602306366, 0.5219705700874329, 0.05526074767112732, 0.15105992555618286, 0.48542603850364685, 0.008997595869004726, 0.5012189745903015, 0.39980974793434143, 0.08863246440887451]
val step Loss: [0.6565983891487122, 0.90403151512146, 0.1637226939201355, 0.5244421362876892, 0.4585016369819641, 0.3399091064929962, 0.6352410912513733, 0.8198881149291992, 0.7634204030036926, 0.36701270937919617, 0.5204081535339355, 0.36320939660072327, 0.5009079575538635, 0.5445928573608398, 0.6913988590240479, 0.5357898473739624]
Train step Accs: [0.9349216501439079, 0.9687950072011522, 1.0, 0.9577484961329132, 0.9710165825522711, 0.9649253731343284, 0.9432334953740004, 0.9379189275454836, 0.9330638641875505, 0.9832361516034985, 0.9517002081887578, 0.9478114478114478, 0.895824720959074, 0.9495368450158993, 0.9857474312230693, 0.9526724395341893, 0.9990573660113116, 0.9300225733634312, 0.9802139821193023, 0.9789006107717935, 0.9521147754797838, 0.9488405797101449, 0.9315387171817879, 0.9329848545771344, 0.9250582271544047, 0.9998353096179183, 0.9589797136038186, 0.9853788837340082, 0.9623170351915291, 0.9894366197183099, 0.9447694191266495, 0.9367121507472385, 0.928136419001218, 0.9291229153798641, 0.9160949113779302, 0.9036243822075782, 0.9680082559339526, 0.8844563042028019, 0.9307843433580172, 0.9427131072410633, 0.9474354079165076, 1.0, 0.9294714197910264, 0.9704996034892942, 0.9808959156785244, 0.9719993945815044, 0.9491426058918364, 0.9396002317497103, 0.9212962962962963, 0.9723804100227791, 0.9398932112890923, 0.9205514496873224, 0.9372216035634744, 0.9995268885033907, 0.9070065736732403, 0.8683333333333333, 0.987297746862241, 0.9605986560781918, 0.8726084183673469, 0.9997348535065623, 0.8767752115908765, 0.8903839032218245, 0.9770433905146317]
val step Accs: [0.8452440239043825, 0.7799736495388669, 0.9628549501151189, 0.8698785533164287, 0.89014334644171, 0.9221811985231468, 0.8508548099004848, 0.8153825822650984, 0.8215344938749194, 0.9142218129193527, 0.8819795123358822, 0.9112133605998637, 0.882904290429043, 0.8783165599268069, 0.8455205811138015, 0.8739439751000445]
Preds: [17, 309, 479, 479, 199, 278, 278, 17, 465, 465, 77, 269, 54, 9, 224, 224, 273, 494, 494, 222, 468, 406, 406, 406, 406, 467, 337, 337, 337, 340, 116, 33, 10, 10, 10, 309, 479, 331, 331, 84, 426, 426, 426, 426, 426, 375, 375, 98, 98, 98, 263, 263, 13, 13, 13, 414, 102, 82, 305, 312, 305, 187, 187, 187, 187, 187, 341, 341, 341, 341, 341, 2, 341, 163, 163, 2, 244, 366, 366, 366, 366, 366, 244, 63, 244, 73, 73, 73, 73, 320, 7, 7, 7, 32, 32, 354, 354, 420, 420, 213, 213, 213, 213, 246, 246, 246, 246, 246, 246, 246, 3, 3, 3, 188, 188, 188, 177, 255, 236, 416, 129, 129, 259, 354, 354, 425, 109, 278, 403, 403, 171, 171, 171, 171, 246, 246, 246, 246, 246, 246, 246, 422, 99, 99, 338, 338, 338, 338, 338, 400, 400, 400, 444, 324, 464, 171, 252, 314, 314, 239, 239, 239, 36, 108, 107, 395, 395, 286, 286, 286, 464, 464, 264, 264, 264, 315, 315, 315, 315, 282, 282, 282, 450, 413, 203, 250, 250, 250, 276, 276, 138, 138, 138, 138, 182, 182, 182, 182, 182, 182, 182, 182, 182, 372, 59, 59, 59, 406, 406, 406, 467, 467, 134, 302, 302, 302, 375, 375, 375, 98, 122, 385, 197, 197, 196, 309, 309, 479, 479, 398, 398, 84, 84, 88, 88, 88, 43, 43, 43, 43, 182, 182, 182, 387, 387, 242, 242, 116, 33, 10, 10, 309, 398, 398, 398, 464, 464, 120, 355, 460, 460, 178, 263, 263, 263, 414, 414, 414, 414, 187, 187, 187, 187, 78, 170, 2, 2, 392, 392, 2, 2, 392, 392, 73, 244, 73, 73, 73, 373, 373, 323, 323, 323, 397, 106, 106, 153, 153, 153, 182, 182, 182, 182, 182, 182, 182, 182, 182, 387, 122, 122, 122, 129, 129, 129, 401, 401, 310, 270, 323, 323, 273, 273, 106, 106, 387, 387, 387, 348, 348, 94, 199, 398, 199, 324, 277, 385, 233, 457, 197, 414, 244, 7, 420, 420, 284, 240, 62, 240, 285, 285, 355, 355, 355, 263, 35, 285, 440, 287, 284, 460, 169, 35, 35, 32, 401, 32, 384, 354, 106, 460, 460, 460, 240, 314, 24, 449, 310, 395, 180, 180, 460, 460, 240, 240, 240, 314, 239, 384, 371, 371, 324, 485, 286, 286, 374, 132, 88, 132, 98, 98, 98, 98, 129, 259, 259, 354, 208, 208, 153, 100, 100, 182, 98, 98, 98, 17, 414, 170, 170, 170, 170, 392, 392, 392, 392, 392, 28, 392, 2, 2, 2, 2, 2, 2, 63, 63, 305, 305, 2, 2, 2, 163, 63, 163, 73, 73, 73, 73, 163, 163, 316, 73, 73, 73, 73, 73, 320, 287, 287, 284, 284, 284, 284, 284, 284, 284, 450, 293, 293, 43, 276, 276, 276, 276, 174, 387, 350, 348, 33, 248, 239, 212, 239, 384, 384, 384, 384, 354, 264, 476, 171, 171, 171, 252, 143, 99, 129, 458, 458, 354, 27, 445, 213, 213, 213, 219, 219, 477, 374, 374, 132, 132, 132, 132, 274, 122, 162, 162, 232, 323, 482, 482, 482, 482, 323, 18, 106, 106, 106, 153, 497, 274, 129, 129, 259, 259, 259, 354, 75, 445, 213, 213, 213, 213, 171, 171, 19, 454, 99, 129, 458, 197, 197, 401, 414, 188, 196, 309, 331, 398, 116, 278, 35, 457, 259, 259, 354, 354, 7, 354, 420, 420, 284, 284, 460, 460, 450, 450, 450, 206, 263, 35, 14, 35, 354, 411, 100, 182, 182, 182, 98, 98, 129, 259, 259, 259, 354, 414, 20]

ep305
Train step Loss: [0.011651165783405304, 0.1860070377588272, 0.15245167911052704, 0.29839402437210083, 0.14024046063423157, 0.16322343051433563, 0.22806915640830994, 0.20260664820671082, 0.17461378872394562, 0.4587458670139313, 0.026145076379179955, 0.25997719168663025, 0.12024260312318802, 0.15567243099212646, 0.22277571260929108, 0.48696646094322205, 0.17589843273162842, 0.084908127784729, 0.4327307939529419, 0.11984846740961075, 0.15063950419425964, 0.011462630704045296, 0.2022431641817093, 0.1182427704334259, 0.3068532347679138, 0.4110509157180786, 0.3095996677875519, 0.31427687406539917, 0.1774454563856125, 0.41546857357025146, 0.008948204107582569, 0.28876134753227234, 0.10218681395053864, 0.2647703289985657, 0.16807198524475098, 0.16237318515777588, 0.4079817533493042, 0.3270706534385681, 0.10733248293399811, 0.0972287729382515, 0.28481462597846985, 0.3359452784061432, 0.1806650310754776, 0.11021863669157028, 0.18311505019664764, 0.2435605823993683, 0.2891382873058319, 0.2783310115337372, 0.30669713020324707, 0.19172589480876923, 0.03693326190114021, 0.17482122778892517, 0.22106580436229706, 0.20180147886276245, 0.10756657272577286, 0.1938696950674057, 0.23354338109493256, 0.06344041973352432, 0.03219541534781456, 0.337756872177124, 0.2511824667453766, 0.1778881847858429, 0.16945837438106537]
val step Loss: [0.31671223044395447, 0.4036368429660797, 0.16703347861766815, 0.8778707385063171, 0.7014833092689514, 0.618662416934967, 0.5375077128410339, 0.6387400031089783, 0.19506795704364777, 0.48549163341522217, 0.7276819944381714, 0.8582852482795715, 0.33913829922676086, 0.6624444127082825, 0.6103410720825195, 1.1847586631774902]
Train step Accs: [0.9990226193800614, 0.9503134796238244, 0.9612403100775194, 0.9202706678434833, 0.9631308552432759, 0.9575596816976127, 0.9422921711057304, 0.9467905405405406, 0.9540889526542324, 0.881567856139365, 0.9955822583495317, 0.9325, 0.9706927175843695, 0.9585860079869841, 0.9415812815415201, 0.871500893388922, 0.955227522264243, 0.9786887672043807, 0.8835294117647059, 0.9685856004809861, 0.9607497798465215, 0.9998415213946117, 0.9467446964155084, 0.9702694786174575, 0.9172307692307692, 0.8986464711569448, 0.9206060606060606, 0.9191138588356518, 0.9525452976704055, 0.8874616029042167, 1.0, 0.9316624895572264, 0.9735079624944188, 0.9302661109329914, 0.954975236380009, 0.9634415915660602, 0.8900315370903606, 0.9324929507380992, 0.9726871067077253, 0.9762376237623762, 0.9343703703703704, 0.936279218699968, 0.9519306540583137, 0.9708700155359917, 0.9526907155529273, 0.9426448736998514, 0.9245160240767855, 0.9338589575120455, 0.9212565734846389, 0.9530892448512586, 0.9928520371694067, 0.9568927468000589, 0.940925700365408, 0.950026723677178, 0.9745893584163976, 0.9465627609240189, 0.9351839727641744, 0.9847723704866562, 0.9936733376371852, 0.9127984576597954, 0.940078431372549, 0.9543758967001434, 0.9559438838296825]
val step Accs: [0.9272962856320184, 0.9060536836093661, 0.9608938547486033, 0.7959902794653706, 0.8362279511533243, 0.8631473605203903, 0.8708917276447973, 0.8456433929601846, 0.9570543702684102, 0.8869127019416037, 0.8322942643391521, 0.7949553634688962, 0.9197080291970803, 0.8437733965560269, 0.8560154854079809, 0.7268754552075747]
Preds: [17, 17, 309, 479, 473, 398, 360, 340, 330, 17, 36, 259, 36, 108, 168, 168, 494, 382, 382, 406, 406, 467, 467, 337, 337, 301, 301, 203, 129, 129, 196, 196, 70, 473, 473, 429, 213, 324, 171, 246, 246, 246, 246, 246, 246, 19, 19, 19, 454, 225, 226, 414, 414, 82, 83, 287, 287, 284, 460, 215, 215, 35, 35, 35, 259, 441, 441, 276, 153, 153, 153, 497, 399, 399, 70, 70, 70, 70, 70, 138, 138, 138, 387, 387, 146, 146, 207, 324, 324, 324, 464, 464, 3, 457, 457, 129, 401, 401, 7, 354, 364, 276, 276, 109, 109, 109, 278, 213, 213, 324, 246, 246, 301, 8, 8, 354, 354, 354, 420, 84, 151, 62, 240, 240, 35, 35, 77, 68, 54, 54, 323, 224, 336, 196, 239, 374, 43, 153, 153, 182, 182, 497, 497, 8, 276, 276, 276, 276, 346, 284, 319, 428, 146, 388, 388, 388, 94, 94, 303, 303, 303, 303, 303, 199, 398, 324, 324, 464, 19, 99, 129, 401, 401, 75, 354, 75, 107, 66, 323, 374, 374, 106, 387, 153, 182, 182, 182, 182, 182, 182, 182, 182, 182, 182, 182, 182, 98, 122, 129, 129, 401, 401, 321, 354, 384, 107, 323, 323, 106, 496, 387, 375, 387, 122, 98, 13, 170, 414, 170, 47, 47, 392, 392, 392, 312, 187, 305, 305, 63, 63, 63, 63, 63, 63, 73, 408, 408, 73, 228, 228, 20, 244, 320, 66, 7, 213, 324, 177, 258, 31, 342, 68, 232, 172, 172, 115, 267, 213, 213, 213, 286, 374, 374, 374, 374, 406, 250, 43, 375, 375, 43, 122, 239, 259, 449, 68, 68, 224, 224, 267, 106, 106, 153, 284, 206, 206, 206, 206, 206, 206, 206, 206, 206, 206, 85, 85, 85, 85, 85, 85, 468, 468, 468, 467, 467, 467, 284, 284, 206, 460, 169, 35, 314, 35, 35, 164, 75, 384, 68, 68, 115, 115, 267, 267, 106, 213, 213, 213, 301, 143, 43, 129, 259, 259, 259, 354, 354, 354, 20, 20, 196, 196, 213, 171, 213, 213, 213, 246, 246, 246, 246, 246, 246, 454, 454, 454, 229, 170, 414, 47, 47, 47, 47, 47, 47, 47, 47, 80, 73, 7, 7, 7, 441, 153, 153, 387, 153, 345, 387, 132, 99, 338, 338, 338, 338, 338, 400, 400, 324, 324, 422, 422, 301, 3, 246, 246, 246, 246, 246, 246, 246, 143, 99, 338, 338, 338, 338, 338, 338, 6, 272, 324, 324, 213, 213, 3, 3, 3, 19, 454, 17, 17, 229, 17, 219, 403, 403, 403, 403, 301, 301, 301, 301, 301, 301, 301, 301, 301, 301, 301, 301, 301, 403, 403, 403, 403, 403, 403, 403, 403, 403, 403, 403, 403, 403, 403, 403, 403, 403, 403, 403, 403, 403, 403, 403, 403, 403, 403, 403, 403, 403, 403, 403, 403, 403, 403, 403, 403, 403, 403, 403, 403, 403, 403, 403, 403, 403, 403, 403, 403, 403, 403, 403, 403, 403, 403, 403, 403, 403, 403, 403, 403, 403, 403, 403, 403, 403, 403, 403, 403, 403, 403, 403, 403, 403, 403, 403, 403, 403, 403, 403, 403, 403, 403, 403, 403, 403, 403, 403, 403, 403, 403, 403, 403, 403, 403, 403, 403, 403, 403, 403, 403, 403, 403, 403, 403, 403, 403, 403, 403, 403, 403, 403, 403, 403, 403, 403, 403, 403, 403, 403, 403, 403, 403, 403, 403, 403, 403, 403, 403, 403, 403, 403, 403, 403, 403, 403, 403, 403, 403, 403, 403, 403, 403, 403, 403, 403, 403, 403, 403, 403, 403, 403, 403, 403, 403, 403, 403, 403, 403]

ep306
Train step Loss: [0.21051408350467682, 0.3841213285923004, 0.32391253113746643, 0.009437606669962406, 0.0437672883272171, 0.36942410469055176, 0.4502735137939453, 0.5364604592323303, 0.0695485919713974, 0.20809604227542877, 0.25623759627342224, 0.04161270335316658, 0.18131403625011444, 0.13896304368972778, 0.023297177627682686, 0.7293077707290649, 0.28417572379112244, 0.3667692542076111, 0.21092362701892853, 0.16227403283119202, 0.4958893060684204, 0.21681131422519684, 0.35926273465156555, 0.23884353041648865, 0.18521076440811157, 0.011473174206912518, 0.3166050314903259, 0.33147016167640686, 0.1739102005958557, 0.27704524993896484, 0.05642228201031685, 0.09152919054031372, 0.10828537493944168, 0.02140696905553341, 0.15732266008853912, 0.029951682314276695, 0.17665396630764008, 0.4786410629749298, 0.10812193900346756, 0.15731710195541382, 0.09552200138568878, 0.0695234164595604, 0.017282620072364807, 0.23746642470359802, 0.0679093599319458, 0.27789098024368286, 0.14770646393299103, 0.1999928504228592, 0.19050490856170654, 0.12239576876163483, 0.4592210352420807, 0.3872930109500885, 0.24444535374641418, 0.1398383378982544, 0.10137591511011124, 0.31020715832710266, 0.007543943356722593, 0.18818645179271698, 0.04860284924507141, 0.2702840268611908, 0.10217461735010147, 0.2166089117527008, 0.20435389876365662]
val step Loss: [0.5895713567733765, 0.5929204821586609, 0.32222941517829895, 0.6856726408004761, 0.8743966817855835, 0.7428984045982361, 0.43025073409080505, 0.4239712059497833, 0.35065120458602905, 0.42467522621154785, 1.139043927192688, 0.4935383200645447, 0.42628127336502075, 0.5052396655082703, 0.5519968271255493, 0.510715901851654]
Train step Accs: [0.9452394859813084, 0.8944213923467036, 0.9161899313501144, 0.9998457028236384, 0.9907808353121944, 0.9040207522697795, 0.8754282155091871, 0.8730509176210846, 0.982903463522476, 0.9491427748163089, 0.9345794392523364, 0.990290005178664, 0.9529262086513995, 0.9633896165377939, 0.995405179615706, 0.8146018970968669, 0.9268059320682507, 0.9080300936588361, 0.9438912596807334, 0.9612864800476474, 0.8736607142857142, 0.9450365408038977, 0.9113654511578387, 0.9400929306339196, 0.9522859772936484, 0.9990416866315285, 0.9211829436038514, 0.9137532981530343, 0.9556464296948726, 0.9260381933919369, 0.9869970934679516, 0.9774509803921568, 0.9719330013580806, 0.9966536530953709, 0.9618688183237897, 0.994191112401975, 0.9531554072838476, 0.9014622798271851, 0.9711343196982883, 0.9610408703322553, 0.9754062994390911, 0.9855308079986994, 0.9974226804123711, 0.939792899408284, 0.9830484531713519, 0.9280440133198204, 0.9608062709966405, 0.9534065934065934, 0.9478353985008414, 0.971458614991738, 0.882737169517885, 0.9003677699765965, 0.930544797314743, 0.9626995142262318, 0.9768222018908204, 0.9168297455968689, 1.0, 0.9484588175846387, 0.9901743264659271, 0.9279674796747968, 0.9743293914046727, 0.9468174204355109, 0.9455479452054795]
val step Accs: [0.8698481561822126, 0.8714285714285714, 0.9256556160316675, 0.8435689455388181, 0.7951946550173455, 0.8244421646576046, 0.8957610499321165, 0.8989851678376268, 0.9175099269886, 0.9041244083840433, 0.7208503895417933, 0.8847106159083875, 0.9052690582959642, 0.8840216387386198, 0.8753349495980605, 0.879324055666004]
Preds: [17, 479, 398, 360, 360, 171, 360, 360, 171, 434, 252, 252, 252, 252, 143, 393, 205, 441, 441, 148, 148, 346, 346, 306, 306, 306, 203, 203, 467, 65, 65, 84, 319, 319, 319, 175, 175, 251, 251, 251, 81, 81, 219, 219, 398, 398, 360, 464, 464, 464, 464, 264, 264, 468, 468, 58, 58, 156, 84, 84, 84, 426, 426, 450, 413, 98, 98, 263, 263, 13, 417, 417, 414, 414, 170, 170, 170, 170, 28, 82, 2, 2, 2, 2, 2, 2, 2, 2, 163, 316, 316, 73, 73, 289, 380, 320, 320, 320, 373, 4, 4, 219, 4, 219, 219, 219, 453, 280, 444, 444, 360, 213, 360, 213, 213, 246, 246, 246, 19, 19, 454, 454, 454, 414, 414, 414, 414, 414, 249, 249, 249, 47, 249, 249, 2, 244, 461, 316, 316, 244, 73, 73, 244, 244, 320, 320, 320, 7, 479, 398, 360, 360, 360, 171, 171, 252, 378, 173, 280, 34, 324, 324, 324, 324, 422, 143, 77, 478, 342, 342, 232, 172, 172, 115, 115, 267, 444, 171, 171, 252, 252, 301, 173, 4, 4, 4, 4, 4, 280, 280, 25, 444, 213, 213, 213, 213, 213, 246, 246, 246, 246, 19, 454, 454, 454, 454, 197, 197, 197, 197, 80, 80, 7, 7, 478, 310, 9, 9, 172, 395, 395, 470, 470, 403, 403, 403, 403, 403, 171, 207, 358, 358, 358, 225, 225, 225, 414, 197, 197, 451, 451, 451, 30, 213, 360, 360, 360, 457, 457, 457, 196, 196, 398, 398, 360, 360, 360, 360, 464, 464, 315, 315, 315, 315, 315, 315, 315, 450, 450, 450, 450, 175, 175, 43, 43, 43, 276, 276, 153, 153, 424, 497, 497, 497, 497, 175, 413, 250, 250, 413, 426, 426, 319, 319, 413, 413, 413, 381, 250, 42, 250, 88, 241, 431, 431, 426, 426, 426, 426, 426, 480, 480, 480, 480, 426, 426, 85, 85, 299, 299, 299, 299, 116, 399, 217, 473, 398, 324, 324, 324, 324, 464, 464, 464, 264, 264, 222, 222, 245, 173, 349, 349, 349, 234, 155, 155, 25, 148, 148, 153, 153, 153, 153, 387, 387, 387, 285, 134, 134, 134, 88, 88, 88, 88, 387, 497, 175, 175, 431, 431, 265, 265, 428, 85, 85, 146, 146, 146, 464, 464, 464, 464, 171, 171, 171, 325, 325, 464, 464, 464, 120, 443, 120, 120, 263, 263, 263, 263, 229, 229, 229, 312, 312, 312, 312, 292, 292, 292, 292, 23, 23, 23, 23, 23, 23, 23, 23, 260, 260, 260, 391, 391, 391, 73, 73, 244, 73, 320, 321, 320, 320, 287, 284, 284, 284, 284, 284, 284, 284, 284, 284, 284, 480, 85, 480, 85, 85, 85, 85, 85, 85, 146, 146, 207, 207, 207, 324, 464, 464, 464, 464, 464, 486, 315, 315, 315, 315, 282, 450, 450, 175, 43, 43, 276, 153, 153, 153, 297, 297, 182, 182, 182, 182, 182, 182, 372, 372, 372, 372, 372, 59, 59, 59, 467, 467, 467, 467, 134, 134, 175, 431, 431, 431, 431, 431, 480, 480, 480, 85, 85, 85, 85, 85, 299, 468, 468, 59, 467, 467, 275, 275, 275, 303, 303, 303, 303, 98, 98, 98, 233, 233, 414, 170, 209, 188, 188, 188, 19, 19, 303, 303, 282, 282, 282, 37, 303, 303, 102, 48, 48, 170, 170, 170, 249, 249, 249, 249, 249, 249, 249, 249, 98, 249, 249, 249, 249, 249, 249, 249, 249, 249, 249, 249, 249, 249, 249, 249, 441, 441, 346, 346, 284, 206, 206, 206, 167, 167, 167, 233, 170, 170, 170, 352, 352, 40, 40, 305, 237, 237, 102]

ep307
Train step Loss: [0.20131677389144897, 0.28931140899658203, 0.4687259793281555, 0.1808868646621704, 0.3147335648536682, 0.020407311618328094, 0.14130324125289917, 0.022471141070127487, 0.25323164463043213, 0.15009060502052307, 0.3771224915981293, 0.34007421135902405, 0.12584584951400757, 0.2053203135728836, 0.286668062210083, 0.35595306754112244, 0.15274463593959808, 0.2234916239976883, 0.14630477130413055, 0.12113470584154129, 0.13806964457035065, 0.10812993347644806, 0.19598111510276794, 0.13002519309520721, 0.18923059105873108, 0.48646464943885803, 0.39671599864959717, 0.07277116924524307, 0.12629112601280212, 0.010802915319800377, 0.08369983732700348, 0.3200196325778961, 0.19642598927021027, 0.06453975290060043, 0.18454262614250183, 0.033052705228328705, 0.23044055700302124, 0.10220371931791306, 0.23207716643810272, 0.2569940984249115, 0.011127982288599014, 0.38308462500572205, 0.14813034236431122, 0.11758095771074295, 0.16655617952346802, 0.21039770543575287, 0.21057677268981934, 0.03252860903739929, 0.486825168132782, 0.2100105583667755, 0.008717073127627373, 0.5119920969009399, 0.07219003885984421, 0.20697282254695892, 0.11535200476646423, 0.13240967690944672, 0.24974773824214935, 0.06953829526901245, 0.2857487201690674, 0.1547502726316452, 0.4849448800086975, 0.2135895937681198, 0.009973336942493916]
val step Loss: [0.6478318572044373, 0.5665251016616821, 0.8839550018310547, 0.4886492192745209, 0.3541266918182373, 0.5638436079025269, 0.6926673054695129, 0.5309116840362549, 0.38511356711387634, 0.6872097849845886, 0.45838770270347595, 0.651981770992279, 0.3806779980659485, 0.8053366541862488, 0.5396553874015808, 0.470023512840271]
Train step Accs: [0.9483041984162558, 0.923939766441303, 0.875035501278046, 0.9558908879860708, 0.9165239726027398, 0.9966268446943078, 0.9628521958130017, 0.9963631640472789, 0.9351475764960736, 0.9600064246707356, 0.9076745527986151, 0.9111111111111111, 0.9669448010269577, 0.9463188089058872, 0.9246015246015246, 0.9163198573127229, 0.9631765749778172, 0.9429883014956316, 0.9672614429790535, 0.9701155531943153, 0.9652688860435339, 0.9730969122592479, 0.9487179487179487, 0.9676773895644143, 0.9514908767245216, 0.8736339849161151, 0.9183029955568296, 0.9822718319107026, 0.9673524910729467, 0.9997206313730967, 0.9781420765027322, 0.9202809482001756, 0.9488997193915226, 0.9833725226738327, 0.9521114497170222, 0.9921574657850223, 0.9391355483681271, 0.9746478873239437, 0.9449263932702419, 0.9367410336063259, 0.999580008399832, 0.9149744338933529, 0.960956832554303, 0.9701469919684801, 0.9587258092139065, 0.9436347220430801, 0.9443866171003718, 0.9942263279445728, 0.8683163941670349, 0.9454493661871528, 0.9998476770753999, 0.86198738170347, 0.9828646748681898, 0.9464064436183395, 0.971103202846975, 0.9676853341131745, 0.9376160990712075, 0.9832063223257127, 0.9265052135889674, 0.960120499211017, 0.8689275893675527, 0.9449828537349039, 0.9996879875195008]
val step Accs: [0.844626492640933, 0.865894708496028, 0.7841747432373789, 0.8976551724137931, 0.9187623622492229, 0.8695860827834433, 0.833459845149537, 0.8849475222532217, 0.907041910331384, 0.8392967686022038, 0.8908659549228944, 0.8488400193330111, 0.918616629874908, 0.8131064337960889, 0.8708812260536398, 0.8811475409836066]
Preds: [17, 188, 213, 213, 213, 246, 246, 246, 19, 3, 197, 197, 321, 7, 7, 320, 354, 109, 109, 109, 109, 403, 171, 171, 360, 246, 246, 434, 434, 246, 246, 3, 212, 384, 114, 180, 180, 486, 486, 376, 376, 376, 376, 460, 460, 460, 167, 35, 35, 259, 287, 287, 287, 287, 284, 284, 284, 284, 426, 426, 450, 450, 203, 175, 88, 88, 182, 100, 497, 293, 293, 235, 235, 293, 293, 293, 413, 250, 250, 250, 345, 345, 174, 174, 387, 319, 240, 240, 216, 183, 183, 183, 183, 351, 171, 171, 171, 171, 143, 143, 478, 96, 68, 68, 172, 115, 267, 267, 267, 464, 464, 464, 464, 180, 180, 486, 486, 460, 460, 460, 169, 169, 402, 402, 183, 183, 257, 257, 257, 31, 31, 162, 342, 68, 115, 115, 273, 273, 470, 278, 278, 264, 264, 468, 468, 468, 468, 467, 337, 337, 337, 337, 324, 301, 301, 301, 250, 43, 345, 345, 431, 431, 431, 284, 486, 376, 376, 376, 376, 460, 460, 240, 240, 240, 24, 77, 77, 310, 107, 107, 395, 41, 41, 213, 360, 360, 275, 303, 303, 19, 19, 19, 19, 19, 19, 454, 454, 229, 229, 229, 82, 82, 312, 312, 187, 12, 12, 12, 12, 408, 408, 408, 408, 391, 244, 244, 321, 321, 287, 287, 287, 287, 111, 111, 111, 460, 460, 240, 150, 77, 77, 342, 342, 172, 172, 115, 267, 267, 464, 464, 464, 464, 315, 315, 282, 282, 282, 450, 450, 203, 53, 70, 276, 65, 174, 174, 387, 319, 146, 299, 434, 434, 434, 434, 246, 246, 246, 318, 318, 49, 269, 9, 54, 9, 400, 213, 213, 477, 477, 301, 301, 349, 349, 349, 234, 234, 234, 155, 155, 25, 25, 148, 148, 148, 153, 153, 153, 182, 182, 182, 182, 182, 182, 497, 497, 497, 98, 122, 197, 259, 183, 183, 451, 451, 30, 30, 324, 324, 324, 219, 219, 219, 219, 464, 464, 464, 464, 139, 139, 302, 497, 497, 497, 98, 129, 259, 259, 441, 441, 441, 153, 153, 153, 153, 153, 182, 182, 182, 182, 182, 182, 182, 182, 375, 375, 98, 98, 98, 13, 17, 83, 403, 403, 403, 403, 403, 403, 403, 403, 403, 403, 403, 403, 403, 403, 403, 403, 403, 403, 403, 403, 403, 403, 403, 403, 403, 403, 403, 403, 403, 403, 403, 403, 403, 403, 403, 403, 403, 403, 403, 403, 403, 403, 403, 403, 403, 403, 403, 403, 403, 403, 403, 403, 403, 403, 403, 403, 403, 403, 403, 403, 403, 403, 403, 403, 403, 403, 403, 403, 403, 403, 403, 403, 403, 403, 403, 403, 403, 403, 403, 403, 403, 403, 403, 403, 403, 403, 403, 403, 403, 403, 403, 403, 403, 403, 403, 403, 403, 403, 403, 403, 403, 403, 403, 403, 403, 403, 403, 403, 403, 403, 403, 403, 403, 403, 403, 403, 403, 403, 403, 403, 403, 403, 403, 403, 403, 403, 403, 403, 403, 403, 403, 403, 403, 403, 403, 403, 403, 403, 403, 403, 403, 403, 403, 403, 403, 403, 403, 403, 403, 403, 403, 403, 403, 403, 403, 403, 403, 403, 403, 403, 403, 403, 403, 403, 403, 403, 403, 403, 403, 403, 403, 403, 403, 403, 403, 403, 403, 403, 403, 403, 403, 403, 403, 403, 403, 403, 403, 403, 403, 403, 403, 403, 403, 403, 403, 403, 403, 403, 403, 403, 403, 403, 403, 403, 403, 403, 403, 403, 403, 403, 403, 403, 403, 403, 403, 403, 403, 403, 403, 403, 403, 403, 403, 403, 403, 403, 403, 403, 403, 403, 403, 403, 403, 403, 403, 403, 403, 403, 403]

ep308
Train step Loss: [0.20541459321975708, 0.1371249407529831, 0.5091317296028137, 0.17265097796916962, 0.0702902302145958, 0.008525674231350422, 0.49271440505981445, 0.05812183767557144, 0.16714143753051758, 0.06889519840478897, 0.1558409035205841, 0.2560770511627197, 0.3859550356864929, 0.048012059181928635, 0.08936429023742676, 0.09807365387678146, 0.1442752182483673, 0.6417304873466492, 0.18700909614562988, 0.008449893444776535, 0.1274283528327942, 0.6358541250228882, 0.02039523981511593, 0.01339196227490902, 0.013842412270605564, 0.21829713881015778, 0.031276170164346695, 0.07314644008874893, 0.22671762108802795, 0.166169211268425, 0.007792625110596418, 0.009187182411551476, 0.20291279256343842, 0.18602748215198517, 0.233941450715065, 0.25927937030792236, 0.10556425154209137, 0.3959527611732483, 0.5172543525695801, 0.1854608654975891, 0.061762623488903046, 0.009197662584483624, 0.35417816042900085, 0.36497363448143005, 0.1486511528491974, 0.10735869407653809, 0.10140161216259003, 0.1457625776529312, 0.14757949113845825, 0.3486652374267578, 0.1902555525302887, 0.2075742483139038, 0.22177660465240479, 0.18398113548755646, 0.41883739829063416, 0.23733170330524445, 0.010845385491847992, 0.13217414915561676, 0.4172520041465759, 0.3343091607093811, 0.18700122833251953, 0.43560680747032166, 0.1786043494939804]
val step Loss: [0.8005002737045288, 0.672095537185669, 0.177283376455307, 0.5890545845031738, 0.6279228925704956, 0.6865073442459106, 0.8592748641967773, 0.3979814648628235, 1.0418816804885864, 0.4320671260356903, 0.49515199661254883, 0.8069524765014648, 0.13198113441467285, 0.4383230209350586, 0.6978061199188232, 0.013499477878212929]
Train step Accs: [0.946860599078341, 0.9646319814283764, 0.8621844050774167, 0.9568126520681265, 0.9826598544666357, 1.0, 0.870231058570661, 0.98568929877564, 0.9574678536102869, 0.9812761316124341, 0.9581858697076944, 0.9316520991546067, 0.9011889035667107, 0.9887212073073868, 0.9774564676616916, 0.9736304865600545, 0.9657992565055762, 0.8328335832083958, 0.9549104385423101, 0.9998745137407454, 0.9659896079357582, 0.8497880072683223, 0.9970428015564202, 0.9985859728506787, 0.9990395170142701, 0.9405327004219409, 0.9942339373970346, 0.9817501169864296, 0.9454490199057894, 0.9578721295225509, 1.0, 1.0, 0.9496164836817567, 0.9509895072386771, 0.9382015386555682, 0.9320267537719708, 0.9731416957026713, 0.8935909647571099, 0.870427501101807, 0.9552238805970149, 0.9866474669459353, 0.999673309376021, 0.9085397316821465, 0.9069836552748886, 0.9606481481481481, 0.9725649586296995, 0.9729378090033828, 0.9631613112625771, 0.9616222101252041, 0.904706734250543, 0.952013147082991, 0.9435105255187036, 0.9411187438665358, 0.9526733562977385, 0.886589120766336, 0.9402349486049927, 0.9991471942691454, 0.9706113468489707, 0.8943724219210372, 0.9116208466857818, 0.9519329707481993, 0.9054152678441103, 0.9531428571428572]
val step Accs: [0.8114073155610664, 0.8436623310380005, 0.96, 0.8729714605484051, 0.8520308017514722, 0.8414032279578498, 0.7977572043291172, 0.9030604318782042, 0.7597420048374093, 0.8991216030743893, 0.8774581939799331, 0.8119789662690778, 0.970873786407767, 0.8989074634724233, 0.8312812880530375, 0.9984868136619109]
Preds: [17, 17, 7, 217, 217, 217, 309, 473, 331, 331, 443, 443, 443, 330, 330, 330, 240, 64, 76, 77, 310, 107, 107, 107, 395, 395, 106, 106, 106, 405, 405, 206, 206, 167, 167, 167, 35, 197, 321, 320, 7, 217, 473, 65, 288, 222, 313, 285, 285, 34, 337, 337, 290, 360, 360, 434, 434, 339, 200, 398, 398, 324, 464, 464, 464, 464, 116, 116, 199, 134, 84, 134, 88, 88, 182, 182, 297, 297, 182, 293, 497, 497, 497, 497, 122, 122, 458, 208, 208, 287, 106, 284, 284, 284, 265, 428, 85, 85, 146, 146, 146, 468, 468, 468, 468, 467, 467, 467, 381, 375, 375, 375, 98, 98, 98, 48, 48, 417, 414, 82, 170, 170, 170, 187, 187, 187, 187, 187, 20, 260, 260, 391, 20, 82, 320, 320, 7, 7, 309, 479, 331, 398, 360, 290, 360, 434, 434, 434, 76, 465, 310, 107, 107, 395, 395, 213, 171, 171, 171, 360, 434, 434, 434, 434, 434, 219, 464, 464, 180, 443, 443, 443, 443, 376, 376, 460, 460, 178, 263, 263, 414, 414, 414, 414, 247, 312, 126, 126, 126, 292, 292, 292, 23, 408, 408, 408, 391, 391, 391, 73, 244, 244, 321, 320, 7, 7, 217, 473, 473, 65, 290, 290, 171, 171, 171, 171, 434, 252, 143, 36, 310, 310, 107, 107, 107, 400, 400, 213, 213, 213, 213, 246, 246, 246, 19, 19, 454, 197, 197, 197, 197, 197, 414, 80, 75, 66, 66, 68, 68, 115, 115, 273, 273, 486, 486, 432, 330, 388, 67, 67, 183, 183, 451, 30, 30, 324, 213, 171, 464, 464, 464, 464, 139, 240, 252, 301, 216, 8, 29, 420, 420, 324, 324, 324, 464, 318, 318, 368, 77, 342, 342, 342, 115, 273, 273, 273, 486, 376, 376, 376, 460, 460, 460, 167, 167, 35, 440, 83, 145, 145, 486, 460, 460, 169, 150, 342, 342, 342, 342, 115, 267, 267, 278, 278, 278, 139, 139, 132, 132, 132, 98, 98, 98, 197, 440, 440, 287, 287, 125, 125, 319, 388, 348, 216, 219, 219, 219, 219, 464, 464, 222, 222, 313, 285, 285, 285, 331, 106, 153, 153, 497, 497, 43, 43, 43, 364, 100, 100, 100, 100, 100, 182, 182, 375, 98, 98, 98, 13, 414, 414, 414, 414, 102, 102, 47, 47, 47, 47, 47, 80, 80, 73, 244, 244, 321, 320, 287, 287, 100, 424, 424, 182, 375, 375, 122, 122, 8, 280, 29, 100, 100, 100, 100, 426, 426, 98, 263, 263, 263, 263, 17, 17, 83, 83, 403, 403, 403, 403, 403, 403, 403, 403, 403, 403, 403, 403, 403, 403, 403, 403, 403, 403, 403, 403, 403, 403, 403, 403, 403, 403, 403, 403, 403, 403, 403, 403, 403, 403, 403, 403, 403, 403, 403, 403, 403, 403, 403, 403, 403, 403, 403, 403, 403, 403, 403, 403, 403, 403, 403, 403, 403, 403, 403, 403, 403, 403, 403, 403, 403, 403, 403, 403, 403, 403, 403, 403, 403, 403, 403, 403, 403, 403, 403, 403, 403, 403, 403, 403, 403, 403, 403, 403, 403, 403, 403, 403, 403, 403, 403, 403, 403, 403, 403, 403, 403, 403, 403, 403, 403, 403, 403, 403, 403, 403, 403, 403, 403, 403, 403, 403, 403, 403, 403, 403, 403, 403, 403, 403, 403, 403, 403, 403, 403, 403, 403, 403, 403, 403, 403, 403, 403, 403, 403, 403, 403, 403, 403, 403, 403, 403, 403, 403, 403, 403, 403, 403, 403, 403, 403, 403, 403, 403, 403, 403, 403, 403, 403, 403, 403, 403, 403, 403, 403, 403, 403, 403, 403, 403, 403, 403]

ep309
Train step Loss: [0.0861651599407196, 0.23339875042438507, 0.2356424778699875, 0.007649892475455999, 0.14333924651145935, 0.295007586479187, 0.41757476329803467, 0.10371711850166321, 0.18990564346313477, 0.302407830953598, 0.18932102620601654, 0.009172908030450344, 0.1592703014612198, 0.19027310609817505, 0.30055615305900574, 0.01720869541168213, 0.06756286323070526, 0.007901576347649097, 0.14433534443378448, 0.12784817814826965, 0.03964327275753021, 0.1673102229833603, 0.17114165425300598, 0.1042310819029808, 0.17948950827121735, 0.045692507177591324, 0.40990662574768066, 0.19122861325740814, 0.23070406913757324, 0.10063845664262772, 0.3125104308128357, 0.2757702171802521, 0.37137940526008606, 0.3104017674922943, 0.4722527265548706, 0.19675256311893463, 0.1023591086268425, 0.41045427322387695, 0.1947072446346283, 0.3144456148147583, 0.1648150086402893, 0.17794857919216156, 0.14797034859657288, 0.12165006250143051, 0.12038762867450714, 0.17808331549167633, 0.21251918375492096, 0.22853456437587738, 0.2414468675851822, 0.359399676322937, 0.23334722220897675, 0.605689287185669, 0.1953897774219513, 0.1985122561454773, 0.008277151733636856, 0.3360152840614319, 0.04909203574061394, 0.19040769338607788, 0.1730756163597107, 0.13613468408584595, 0.5110704898834229, 0.3984055519104004, 0.007344997022300959]
val step Loss: [0.7513112425804138, 0.6784871220588684, 0.6610890030860901, 0.36618533730506897, 0.5535979270935059, 0.3467651903629303, 0.5065799355506897, 0.3361046016216278, 0.4510551989078522, 0.8288580179214478, 0.592157781124115, 0.5525920391082764, 0.741313636302948, 0.4812297224998474, 0.9760851263999939, 0.5617745518684387]
Train step Accs: [0.9786758127050402, 0.9399886234357224, 0.938267765510807, 1.0, 0.9640638323790961, 0.9293216009083167, 0.8977741137675186, 0.9747078597726909, 0.9489418380938286, 0.9202586206896551, 0.9546189065445732, 0.9998333055509252, 0.9608305804624823, 0.9486928104575163, 0.9216101694915254, 0.9975859130928714, 0.9859177468394943, 1.0, 0.9637541345093715, 0.9679352226720648, 0.9909194097616345, 0.9569836293974225, 0.9541033018221674, 0.9730128893662728, 0.9552051353614289, 0.99005439005439, 0.8948771662540469, 0.9480574324324325, 0.9405848677084945, 0.9735824742268041, 0.9207204651822437, 0.9318772750910036, 0.907964334290464, 0.9218831507563902, 0.8759534323564834, 0.9514905627094725, 0.9761904761904762, 0.890187265917603, 0.9492451011885641, 0.9166037165735005, 0.9590381658045575, 0.9529976717112922, 0.9601753744976251, 0.9691650129751183, 0.9684519442406456, 0.9539937059793197, 0.9471908464133784, 0.9417872876022656, 0.9383719147631457, 0.903125, 0.9376432828977533, 0.8448254128324719, 0.9495967741935484, 0.9500144466917076, 1.0, 0.9128001178376786, 0.9879899696449782, 0.9470363849765259, 0.9559902200488998, 0.9652290702880167, 0.8844205193160228, 0.8948985042735043, 1.0]
val step Accs: [0.8252695604091789, 0.842219943604204, 0.8478784231116461, 0.916487358795051, 0.8648192432128288, 0.9174913556694885, 0.8892561983471075, 0.9219957835558679, 0.8949234259784459, 0.7988761108207004, 0.8594746238204539, 0.882219554488462, 0.8219492440604752, 0.8861937852366593, 0.7759451175010947, 0.8726820443238353]
Preds: [17, 287, 284, 111, 460, 240, 215, 35, 35, 35, 77, 323, 323, 142, 397, 397, 397, 153, 153, 350, 413, 348, 195, 250, 250, 10, 309, 250, 250, 250, 250, 132, 43, 345, 88, 109, 109, 315, 315, 315, 113, 460, 167, 215, 35, 197, 197, 414, 7, 7, 473, 109, 109, 264, 264, 264, 264, 264, 264, 264, 264, 264, 264, 264, 264, 264, 264, 264, 468, 468, 406, 406, 406, 467, 467, 337, 288, 264, 120, 330, 330, 116, 10, 10, 10, 309, 479, 331, 307, 307, 307, 426, 319, 348, 251, 251, 251, 241, 241, 431, 486, 486, 460, 240, 150, 77, 342, 342, 342, 115, 224, 494, 494, 324, 422, 99, 99, 338, 338, 338, 338, 338, 400, 400, 400, 213, 213, 324, 246, 246, 246, 246, 246, 246, 246, 99, 99, 338, 338, 338, 338, 400, 400, 400, 400, 324, 324, 301, 301, 301, 42, 42, 42, 147, 147, 147, 337, 337, 41, 324, 464, 464, 464, 301, 236, 129, 129, 259, 196, 196, 309, 473, 473, 398, 398, 360, 434, 434, 434, 339, 243, 76, 465, 77, 342, 342, 342, 115, 224, 267, 267, 301, 339, 33, 217, 217, 473, 398, 398, 398, 374, 139, 378, 43, 43, 43, 43, 70, 70, 70, 138, 138, 153, 387, 387, 413, 348, 10, 10, 10, 398, 398, 398, 398, 464, 464, 464, 355, 355, 355, 355, 355, 355, 355, 263, 263, 13, 229, 229, 82, 247, 312, 312, 126, 292, 23, 23, 23, 23, 23, 23, 23, 23, 23, 101, 101, 101, 101, 149, 391, 228, 82, 289, 320, 320, 7, 276, 276, 153, 153, 346, 387, 387, 387, 387, 240, 240, 35, 35, 127, 183, 183, 183, 183, 139, 139, 139, 139, 293, 293, 122, 122, 35, 36, 108, 108, 119, 437, 106, 302, 497, 122, 416, 458, 27, 27, 180, 443, 446, 388, 94, 94, 199, 331, 290, 290, 290, 434, 434, 379, 368, 453, 453, 453, 168, 494, 278, 278, 99, 99, 338, 338, 436, 60, 395, 106, 106, 426, 426, 426, 413, 379, 379, 76, 76, 77, 478, 342, 68, 172, 115, 115, 267, 267, 267, 213, 213, 246, 246, 246, 19, 19, 454, 454, 454, 417, 417, 414, 414, 170, 305, 170, 170, 47, 20, 47, 47, 2, 2, 47, 421, 47, 80, 73, 73, 289, 20, 209, 287, 287, 284, 284, 206, 169, 215, 215, 35, 35, 401, 414, 208, 208, 441, 148, 148, 153, 153, 153, 387, 372, 372, 406, 406, 406, 467, 499, 426, 426, 426, 413, 399, 399, 70, 70, 65, 46, 46, 46, 438, 438, 175, 251, 81, 166, 324, 286, 286, 468, 285, 285, 337, 337, 464, 464, 464, 180, 486, 486, 486, 113, 460, 460, 450, 169, 349, 349, 349, 234, 234, 234, 234, 261, 25, 25, 106, 284, 284, 376, 376, 460, 460, 263, 263, 263, 414, 414, 414, 414, 414, 414, 82, 312, 312, 15, 15, 15, 15, 15, 15, 15, 15, 15, 260, 163, 163, 163, 391, 391, 244, 73, 244, 73, 73, 73, 73, 244, 287, 287, 287, 287, 284, 265, 265, 85, 85, 85, 85, 85, 207, 207, 207, 19, 19, 19, 454, 17, 83, 470, 403, 403, 403, 403, 403, 403, 403, 403, 403, 403, 403, 403, 403, 403, 403, 403, 403, 403, 403, 403, 403, 403, 403, 403, 403, 403, 403, 403, 403, 403, 403, 403, 403, 403, 403, 403, 403, 403, 403, 403, 403, 403, 403, 403, 403, 403, 403, 403, 403, 403, 403, 403, 403, 403, 403, 403, 403, 403, 403, 403, 403, 403, 403, 403, 403, 403, 403, 403, 403, 403, 403, 403]

ep310
Train step Loss: [0.1523769050836563, 0.09269864857196808, 0.24108710885047913, 0.11736970394849777, 0.18061211705207825, 0.10168393701314926, 0.4187987446784973, 0.15930260717868805, 0.3234749734401703, 0.10623020678758621, 0.008790813386440277, 0.254199743270874, 0.4155944287776947, 0.11752518266439438, 0.1566668599843979, 0.2634737193584442, 0.4385230243206024, 0.00762946205213666, 0.008806634694337845, 0.1303812712430954, 0.013234577141702175, 0.35108134150505066, 0.3175617456436157, 0.33784759044647217, 0.251814603805542, 0.28187406063079834, 0.3337354063987732, 0.5020310878753662, 0.21666225790977478, 0.10888273268938065, 0.046577390283346176, 0.0815477967262268, 0.14709366858005524, 0.23162686824798584, 0.0785689651966095, 0.0634365901350975, 0.5364683270454407, 0.10570074617862701, 0.15124806761741638, 0.21119950711727142, 0.011477134190499783, 0.007985102944076061, 0.12058524787425995, 0.21943561732769012, 0.3050093352794647, 0.30712416768074036, 0.18736319243907928, 0.16468073427677155, 0.15562163293361664, 0.2233421951532364, 0.1952979862689972, 0.2950648367404938, 0.2129889577627182, 0.3391992747783661, 0.09559532254934311, 0.13176105916500092, 0.3389565944671631, 0.0073203640058636665, 0.16496947407722473, 0.028493912890553474, 0.22422978281974792, 0.07744308561086655, 0.12118371576070786]
val step Loss: [0.6771300435066223, 0.4432724416255951, 0.6971958875656128, 1.1881651878356934, 0.9125868678092957, 0.4900529682636261, 0.06424220651388168, 0.5953028202056885, 0.3706974685192108, 0.582443118095398, 0.729663610458374, 0.17564153671264648, 0.33373406529426575, 0.5574875473976135, 0.7343268394470215, 0.7223367094993591]
Train step Accs: [0.9640477297381063, 0.9768913747424198, 0.9356251013458732, 0.9726822363765039, 0.9517510897339546, 0.9749718785151856, 0.9049496276828735, 0.9599829108516093, 0.9106735159817352, 0.9728513152342102, 0.9998595308329822, 0.9321924443009364, 0.8894284128745837, 0.9701841165155263, 0.9579874640013553, 0.9379634911580148, 0.8841183228029867, 1.0, 1.0, 0.9665495646861157, 0.9989887315804681, 0.9090184831102613, 0.9161536206391088, 0.9095470183486238, 0.9346938775510204, 0.9255936675461741, 0.9119729642742195, 0.8732259825327511, 0.9481566820276498, 0.9718892694063926, 0.989800796812749, 0.9787899388171312, 0.9634556574923547, 0.9567390062821245, 0.9819694868238558, 0.9847707333222976, 0.8618887015177066, 0.9721127614428615, 0.9613473219215903, 0.9501532720245235, 0.9990989638083796, 0.9998604326587579, 0.9681350954478708, 0.9437778539595475, 0.9209876543209876, 0.9178388746803069, 0.9545518109355335, 0.9566219916414469, 0.9583673469387755, 0.9411241287260863, 0.9467094703049759, 0.9182427401340283, 0.9435171385991058, 0.9094759962347034, 0.9757079400333148, 0.9690553745928339, 0.910814606741573, 1.0, 0.9577464788732394, 0.9942277418226343, 0.9414057250369574, 0.9805018379415055, 0.9705967976710335]
val step Accs: [0.8361219702892885, 0.8939325842696629, 0.8430372954118595, 0.7163078737835447, 0.7825031928480204, 0.8839700567888488, 0.9855825431874269, 0.858842400748563, 0.9198252782866, 0.8783401058982884, 0.8276086390840489, 0.9617282464797208, 0.92018779342723, 0.8664503919978372, 0.8302219608996031, 0.821640903686088]
Preds: [17, 17, 287, 287, 284, 284, 111, 85, 85, 330, 388, 67, 67, 212, 34, 242, 359, 250, 250, 217, 217, 217, 473, 473, 398, 290, 171, 171, 246, 246, 246, 246, 246, 318, 471, 471, 49, 49, 269, 323, 9, 395, 219, 219, 213, 246, 246, 246, 246, 19, 19, 19, 454, 229, 229, 417, 170, 392, 392, 392, 392, 392, 392, 392, 392, 392, 244, 435, 289, 201, 289, 66, 66, 323, 323, 397, 106, 302, 274, 274, 122, 129, 129, 321, 75, 144, 445, 445, 351, 351, 403, 403, 290, 290, 290, 171, 434, 434, 434, 434, 434, 434, 246, 246, 19, 19, 143, 129, 401, 401, 75, 75, 445, 213, 213, 180, 171, 171, 171, 416, 458, 458, 445, 445, 464, 464, 171, 171, 171, 301, 129, 259, 259, 75, 74, 213, 213, 213, 213, 213, 213, 246, 246, 246, 246, 246, 19, 117, 48, 197, 197, 197, 197, 197, 7, 188, 422, 31, 54, 232, 68, 68, 115, 115, 115, 115, 267, 267, 213, 286, 286, 286, 374, 374, 132, 42, 42, 42, 42, 42, 147, 147, 337, 324, 213, 213, 324, 246, 246, 143, 422, 99, 323, 323, 323, 219, 219, 219, 324, 464, 464, 139, 139, 486, 315, 450, 450, 450, 450, 450, 450, 450, 413, 303, 43, 276, 276, 276, 153, 182, 182, 182, 182, 182, 98, 98, 98, 13, 414, 414, 414, 392, 392, 392, 392, 392, 63, 63, 63, 63, 63, 63, 63, 63, 63, 63, 63, 63, 63, 63, 392, 73, 320, 320, 7, 7, 287, 284, 240, 240, 313, 499, 376, 460, 460, 460, 460, 150, 150, 342, 342, 224, 494, 494, 494, 236, 259, 449, 342, 68, 115, 267, 470, 106, 319, 319, 319, 388, 94, 94, 64, 64, 64, 64, 473, 473, 324, 324, 324, 464, 464, 464, 139, 319, 319, 282, 203, 53, 53, 53, 70, 65, 65, 46, 46, 46, 438, 438, 81, 81, 81, 324, 324, 324, 301, 251, 94, 10, 331, 398, 213, 464, 180, 180, 180, 460, 376, 376, 460, 169, 263, 414, 170, 170, 170, 170, 392, 392, 392, 392, 392, 63, 63, 63, 63, 63, 63, 63, 63, 63, 63, 63, 63, 63, 63, 63, 63, 63, 73, 73, 73, 320, 66, 7, 7, 309, 331, 473, 331, 290, 171, 171, 171, 171, 434, 434, 434, 3, 3, 14, 14, 411, 287, 284, 284, 111, 450, 43, 43, 276, 276, 182, 182, 43, 109, 109, 109, 207, 207, 324, 324, 324, 301, 8, 32, 354, 384, 384, 180, 180, 324, 213, 213, 246, 246, 19, 454, 229, 401, 244, 244, 244, 20, 80, 80, 7, 7, 420, 499, 499, 499, 499, 240, 288, 288, 120, 120, 120, 282, 282, 37, 37, 37, 243, 243, 170, 310, 107, 395, 395, 395, 338, 338, 447, 447, 17, 17, 403, 403, 403, 403, 403, 403, 403, 403, 403, 403, 403, 403, 403, 403, 403, 403, 403, 403, 403, 403, 403, 403, 403, 403, 403, 403, 403, 403, 403, 403, 403, 403, 403, 403, 403, 403, 403, 403, 403, 403, 403, 403, 403, 403, 403, 403, 403, 403, 403, 403, 403, 403, 403, 403, 403, 403, 403, 403, 403, 403, 403, 403, 403, 403, 403, 403, 403, 403, 403, 403, 403, 403, 403, 403, 403, 403, 403, 403, 403, 403, 403, 403, 403, 403, 403, 403, 403, 403, 403, 403, 403, 403, 403, 403, 403, 403, 403, 403, 403, 403, 403, 403, 403, 403, 403, 403, 403, 403, 403, 403, 403, 403, 403, 403, 403, 403, 403, 403, 403, 403, 403, 403, 403, 403, 403, 403, 403, 403, 403, 403, 403, 403, 403]

ep311
Train step Loss: [0.3132144808769226, 0.23164531588554382, 0.13323841989040375, 0.160114586353302, 0.01935797929763794, 0.38098055124282837, 0.08689627051353455, 0.2001151293516159, 0.00949182827025652, 0.2825540006160736, 0.11309703439474106, 0.26384711265563965, 0.3491097688674927, 0.20527802407741547, 0.18188421428203583, 0.219863161444664, 0.007798779755830765, 0.33828216791152954, 0.05739293247461319, 0.1801174134016037, 0.44920098781585693, 0.5488202571868896, 0.18062880635261536, 0.009477972984313965, 0.14488020539283752, 0.28774744272232056, 0.44755515456199646, 0.322975754737854, 0.3091869056224823, 0.27294421195983887, 0.09201093763113022, 0.0456119030714035, 0.0652552992105484, 0.008698578923940659, 0.4049495756626129, 0.22974500060081482, 0.130975604057312, 0.007960686460137367, 0.010777552612125874, 0.43104317784309387, 0.028332065790891647, 0.020524142310023308, 0.2919737696647644, 0.14403623342514038, 0.21436314284801483, 0.14326325058937073, 0.20732302963733673, 0.07883609086275101, 0.21784573793411255, 0.2471558153629303, 0.12369879335165024, 0.46703019738197327, 0.40522944927215576, 0.38681477308273315, 0.1952093094587326, 0.14479124546051025, 0.20737193524837494, 0.007763757836073637, 0.336595356464386, 0.023766716942191124, 0.013391868211328983, 0.10137934237718582, 0.007531213108450174]
val step Loss: [0.7719783186912537, 0.6516368985176086, 0.4045480489730835, 0.31126126646995544, 0.4879067838191986, 0.38846278190612793, 0.5746511816978455, 0.4674932360649109, 0.39306721091270447, 1.0014322996139526, 0.43922048807144165, 0.6119356155395508, 0.5444664359092712, 0.3725282549858093, 1.322413682937622, 0.4933205246925354]
Train step Accs: [0.9175713711298753, 0.9400107845780534, 0.9673987645847633, 0.9596848325673014, 0.9967827668205343, 0.9011534764498558, 0.9830689444783405, 0.9471725125268432, 0.9996397694524496, 0.9236476460272495, 0.9694896702695307, 0.9299787384833451, 0.9094191995185074, 0.9471578596432739, 0.9556752278376139, 0.9423076923076923, 1.0, 0.9127261669454159, 0.9886104783599089, 0.9520103761348897, 0.8940735183795949, 0.8648571834588603, 0.9531576746131326, 0.999729510413849, 0.9612503229139757, 0.9268762978344705, 0.8969465648854962, 0.9176208178438662, 0.9161879510973634, 0.9311123658949746, 0.9775232641374374, 0.9906572164948454, 0.9849439237978184, 0.9996804090763822, 0.8956876456876457, 0.940800237988993, 0.9669891861126921, 0.9998508575689784, 0.9996627318718381, 0.8882265275707899, 0.994619316653215, 0.9964022894521668, 0.9199374511336982, 0.9619522844222673, 0.9453286177424108, 0.9619137977771753, 0.9447990339830947, 0.9820348630380648, 0.9432286711068824, 0.9369467028003613, 0.9690750242684787, 0.8839491916859122, 0.8931341568514795, 0.8924374041900869, 0.9519162777542073, 0.9645925925925926, 0.9448514719595045, 1.0, 0.912333208629505, 0.9958768958916213, 0.9978461538461538, 0.9731690853864327, 1.0]
val step Accs: [0.8274175341778502, 0.8429587482219061, 0.9058777326875246, 0.9287235553031379, 0.8839617631439193, 0.9131471867545952, 0.8613402807931684, 0.8912921348314606, 0.907540273453364, 0.7683224233089462, 0.8990056818181819, 0.8590469005406765, 0.8758432797093928, 0.9085938595261461, 0.7025593422622994, 0.8851381966470322]
Preds: [17, 17, 287, 284, 284, 319, 319, 428, 85, 240, 388, 348, 325, 34, 34, 300, 300, 374, 374, 132, 88, 109, 109, 109, 171, 171, 171, 171, 171, 246, 246, 246, 246, 246, 246, 318, 368, 49, 269, 9, 9, 9, 219, 219, 213, 213, 213, 360, 360, 360, 19, 19, 19, 19, 19, 19, 454, 417, 414, 414, 414, 82, 170, 47, 80, 80, 82, 75, 373, 66, 66, 66, 66, 224, 273, 273, 494, 139, 293, 274, 274, 35, 458, 445, 445, 351, 351, 351, 351, 403, 290, 290, 290, 360, 434, 434, 434, 434, 434, 434, 434, 434, 434, 434, 434, 434, 19, 197, 259, 75, 445, 445, 445, 351, 443, 443, 240, 240, 67, 143, 183, 445, 110, 403, 403, 443, 171, 171, 438, 252, 143, 458, 280, 192, 25, 420, 420, 213, 213, 213, 246, 246, 246, 246, 246, 246, 246, 197, 197, 249, 75, 75, 471, 471, 38, 31, 162, 162, 232, 232, 232, 232, 172, 115, 115, 267, 267, 267, 286, 286, 286, 464, 374, 374, 132, 42, 42, 42, 42, 345, 109, 109, 288, 288, 360, 360, 360, 434, 434, 465, 465, 465, 449, 453, 371, 324, 324, 324, 464, 464, 464, 464, 464, 120, 486, 315, 315, 315, 282, 282, 282, 203, 203, 203, 70, 65, 138, 138, 138, 138, 138, 138, 182, 182, 375, 375, 98, 98, 98, 98, 13, 229, 414, 414, 312, 312, 312, 292, 292, 292, 23, 12, 12, 408, 391, 392, 392, 73, 73, 244, 244, 321, 320, 287, 287, 353, 353, 353, 467, 467, 467, 499, 486, 486, 460, 460, 169, 150, 150, 342, 168, 168, 494, 494, 38, 38, 77, 342, 342, 115, 273, 273, 486, 486, 319, 319, 330, 388, 388, 35, 35, 250, 473, 398, 398, 398, 398, 464, 464, 464, 443, 443, 330, 282, 282, 282, 388, 203, 175, 473, 65, 65, 443, 443, 432, 330, 330, 438, 94, 324, 464, 324, 324, 324, 301, 301, 406, 337, 337, 464, 464, 464, 464, 443, 120, 376, 460, 460, 263, 263, 263, 263, 13, 78, 78, 170, 170, 170, 170, 28, 244, 28, 244, 2, 2, 392, 63, 63, 63, 63, 63, 63, 244, 63, 63, 73, 73, 244, 244, 320, 7, 7, 7, 309, 479, 331, 398, 360, 360, 360, 360, 360, 360, 360, 360, 360, 360, 3, 3, 14, 14, 145, 145, 111, 315, 315, 450, 450, 293, 43, 43, 43, 43, 345, 109, 109, 109, 171, 171, 171, 324, 324, 301, 416, 239, 259, 192, 420, 420, 420, 213, 213, 213, 246, 246, 246, 19, 454, 143, 129, 401, 401, 401, 321, 354, 354, 380, 499, 499, 499, 499, 288, 288, 120, 120, 120, 120, 120, 282, 282, 37, 271, 233, 243, 310, 107, 107, 338, 338, 338, 400, 400, 447, 447, 439, 17, 301, 278, 278, 278, 278, 278, 278, 278, 403, 403, 403, 403, 403, 403, 403, 403, 403, 403, 403, 403, 403, 403, 403, 403, 403, 403, 403, 403, 403, 403, 403, 403, 403, 403, 403, 403, 403, 403, 403, 403, 403, 403, 403, 403, 403, 403, 403, 403, 403, 403, 403, 403, 403, 403, 403, 403, 403, 403, 403, 403, 403, 403, 403, 403, 403, 403, 403, 403, 403, 403, 403, 403, 403, 403, 403, 403, 403, 403, 403, 403, 403, 403, 403, 403, 403, 403, 403, 403, 403, 403, 403, 403, 403, 403, 403, 403, 403, 403, 403, 403, 403, 403, 403, 403, 403, 403, 403, 403, 403, 403, 403, 403, 403, 403, 403, 403, 403, 403, 403, 403, 403, 403, 403, 403, 403, 403, 403, 403, 403, 403, 403, 403, 403, 403]

ep312
Train step Loss: [0.1906847506761551, 0.03088478371500969, 0.33240917325019836, 0.509795606136322, 0.10631556808948517, 0.07855292409658432, 0.1395554542541504, 0.007044211961328983, 0.11543066799640656, 0.48344695568084717, 0.1965903341770172, 0.018500208854675293, 0.15606622397899628, 0.16472044587135315, 0.17441526055335999, 0.15483388304710388, 0.14305831491947174, 0.1938798427581787, 0.33643364906311035, 0.15660378336906433, 0.24213609099388123, 0.3383340537548065, 0.03192758560180664, 0.15772025287151337, 0.3305343985557556, 0.43562573194503784, 0.39046284556388855, 0.08764130622148514, 0.16711530089378357, 0.11979074776172638, 0.6201152205467224, 0.24324631690979004, 0.1315544694662094, 0.22515808045864105, 0.27986934781074524, 0.10830025374889374, 0.4547230303287506, 0.062190942466259, 0.007730055134743452, 0.21073034405708313, 0.047127239406108856, 0.054456766694784164, 0.39200863242149353, 0.1649819016456604, 0.3540329933166504, 0.23128847777843475, 0.1403099000453949, 0.39250385761260986, 0.20214325189590454, 0.007711231242865324, 0.2847602963447571, 0.04941171407699585, 0.4102684259414673, 0.1083422377705574, 0.14377662539482117, 0.18402385711669922, 0.007841941900551319, 0.1073286235332489, 0.3024180233478546, 0.2277011275291443, 0.4558538496494293, 0.27214565873146057, 0.11039401590824127]
val step Loss: [0.4636639654636383, 0.761073887348175, 0.5184856057167053, 0.6332866549491882, 0.6393229365348816, 0.6905466318130493, 0.7715058326721191, 0.7404062151908875, 0.7809402942657471, 0.23972953855991364, 0.5802409052848816, 0.5506805777549744, 0.6637950539588928, 0.3297106921672821, 0.4867743253707886, 0.7874076962471008]
Train step Accs: [0.9486432623026215, 0.9939739930225182, 0.9129464285714286, 0.8605671843349089, 0.9739518038724057, 0.9799064611120735, 0.9637613245860669, 1.0, 0.9701659221442246, 0.8808864265927978, 0.9504787552363854, 0.9972733469665985, 0.9599273945825189, 0.9555493818585915, 0.9572769295419526, 0.9594129099895162, 0.9628835367865392, 0.9500303766707169, 0.9128440366972477, 0.9588509316770186, 0.9346094552929085, 0.9073821433985145, 0.9931056597723265, 0.9584400797039567, 0.9191044776119403, 0.8802021403091558, 0.8936989678015714, 0.9764568375354817, 0.9582978723404255, 0.9717992103778906, 0.8533265487851418, 0.9380819366852886, 0.966525295365041, 0.9399624765478424, 0.9277090019868561, 0.9727835051546392, 0.882870497662909, 0.9836504161712247, 1.0, 0.9449603933351544, 0.988539119804401, 0.9871373836891079, 0.9003317467185923, 0.9573482428115015, 0.9065557015622718, 0.9415441797600946, 0.9623978201634877, 0.8983791402396053, 0.9503593514959051, 1.0, 0.9297448911446508, 0.9889895222873379, 0.9080157687253614, 0.973393665158371, 0.962708066581306, 0.9541899441340782, 1.0, 0.9723561100085059, 0.9205931263858093, 0.9412377268670039, 0.8801463860933212, 0.932013292716699, 0.971532235556796]
val step Accs: [0.8953754887420791, 0.8248564944600187, 0.8781386462882096, 0.8456238088256853, 0.8471381240717468, 0.8436804008908686, 0.8271535316509234, 0.8317161075686166, 0.8207775653282345, 0.9443366661692285, 0.866226040978189, 0.8778054862842892, 0.8482352941176471, 0.9237918215613383, 0.8819274153997058, 0.8128044537230341]
Preds: [17, 287, 100, 100, 293, 98, 98, 35, 129, 259, 208, 259, 259, 209, 287, 287, 284, 426, 426, 426, 293, 293, 293, 98, 35, 35, 225, 225, 225, 225, 225, 7, 7, 7, 345, 109, 109, 109, 286, 286, 286, 286, 286, 468, 468, 468, 468, 468, 406, 337, 337, 337, 171, 171, 171, 171, 324, 324, 3, 3, 3, 252, 196, 196, 479, 479, 398, 398, 360, 360, 434, 339, 53, 53, 250, 250, 132, 132, 132, 88, 153, 153, 132, 43, 43, 43, 364, 364, 100, 100, 100, 497, 497, 497, 43, 43, 441, 441, 106, 346, 346, 346, 284, 284, 387, 206, 206, 396, 396, 468, 468, 468, 406, 406, 467, 467, 134, 302, 100, 375, 98, 98, 98, 98, 48, 48, 48, 13, 414, 414, 47, 47, 47, 47, 80, 244, 244, 320, 320, 320, 7, 7, 398, 213, 324, 324, 324, 3, 3, 58, 58, 110, 145, 145, 145, 486, 315, 315, 315, 282, 282, 388, 348, 64, 212, 219, 219, 219, 464, 464, 464, 464, 464, 120, 120, 355, 460, 263, 263, 263, 229, 229, 229, 247, 312, 312, 312, 292, 292, 292, 292, 292, 23, 23, 23, 23, 23, 23, 149, 391, 228, 244, 321, 321, 83, 287, 110, 486, 486, 460, 460, 460, 169, 150, 150, 342, 232, 342, 172, 115, 267, 267, 267, 213, 171, 171, 246, 246, 3, 3, 3, 197, 197, 259, 196, 309, 479, 331, 290, 290, 290, 290, 330, 330, 330, 76, 76, 310, 107, 107, 395, 395, 134, 134, 88, 88, 106, 284, 284, 265, 206, 85, 460, 460, 169, 271, 77, 342, 342, 172, 172, 115, 267, 267, 267, 267, 213, 246, 246, 3, 3, 197, 197, 197, 259, 354, 100, 100, 100, 100, 182, 182, 182, 182, 182, 182, 182, 387, 387, 293, 293, 497, 122, 122, 35, 465, 75, 445, 445, 351, 351, 171, 171, 171, 171, 252, 252, 416, 200, 398, 398, 464, 464, 171, 171, 171, 290, 120, 207, 207, 388, 325, 325, 199, 41, 41, 41, 19, 19, 19, 454, 454, 414, 414, 414, 414, 170, 187, 187, 187, 187, 408, 408, 408, 408, 244, 244, 321, 412, 287, 287, 287, 486, 486, 460, 460, 240, 240, 150, 77, 77, 342, 342, 115, 267, 267, 267, 213, 324, 324, 301, 301, 14, 14, 14, 411, 441, 100, 100, 424, 424, 424, 182, 43, 43, 364, 182, 182, 100, 100, 100, 497, 497, 497, 497, 98, 98, 197, 197, 197, 197, 170, 82, 259, 320, 287, 100, 481, 481, 182, 375, 375, 98, 98, 129, 259, 441, 441, 346, 346, 405, 405, 405, 206, 169, 98, 17, 83, 403, 403, 403, 403, 403, 403, 403, 403, 403, 403, 403, 403, 403, 403, 403, 403, 403, 403, 403, 403, 403, 403, 403, 403, 403, 403, 403, 403, 403, 403, 403, 403, 403, 403, 403, 403, 403, 403, 403, 403, 403, 403, 403, 403, 403, 403, 403, 403, 403, 403, 403, 403, 403, 403, 403, 403, 403, 403, 403, 403, 403, 403, 403, 403, 403, 403, 403, 403, 403, 403, 403, 403, 403, 403, 403, 403, 403, 403, 403, 403, 403, 403, 403, 403, 403, 403, 403, 403, 403, 403, 403, 403, 403, 403, 403, 403, 403, 403, 403, 403, 403, 403, 403, 403, 403, 403, 403, 403, 403, 403, 403, 403, 403, 403, 403, 403, 403, 403, 403, 403, 403, 403, 403, 403, 403, 403, 403, 403, 403, 403, 403, 403, 403, 403, 403, 403, 403, 403, 403, 403, 403, 403, 403, 403, 403, 403, 403, 403, 403, 403, 403, 403, 403, 403, 403, 403, 403, 403, 403, 403, 403, 403]

