ep313
Train step Loss: [0.3510691225528717, 0.20329944789409637, 0.008765372447669506, 0.01735598035156727, 0.27543574571609497, 0.18618524074554443, 0.17531666159629822, 0.3993633985519409, 0.12908656895160675, 0.2004975527524948, 0.1805138885974884, 0.007746510207653046, 0.5828375220298767, 0.08700641989707947, 0.16407637298107147, 0.27065494656562805, 0.20996062457561493, 0.3057764768600464, 0.37342512607574463, 0.445062518119812, 0.34400054812431335, 0.17961448431015015, 0.007844187319278717, 0.23376841843128204, 0.00855907704681158, 0.16264161467552185, 0.13646560907363892, 0.049642134457826614, 0.027377912774682045, 0.12626974284648895, 0.3587362766265869, 0.14386993646621704, 0.25111037492752075, 0.7045773863792419, 0.3064558207988739, 0.11492446064949036, 0.3375547230243683, 0.27295559644699097, 0.06560208648443222, 0.2380201816558838, 0.3721252381801605, 0.2930794656276703, 0.12450044602155685, 0.007451958023011684, 0.08605964481830597, 0.04356421157717705, 0.1147405207157135, 0.007759061176329851, 0.3373880684375763, 0.04188128188252449, 0.2135295867919922, 0.008047696202993393, 0.2511483430862427, 0.16672629117965698, 0.11960547417402267, 0.5027099847793579, 0.2680550515651703, 0.41926130652427673, 0.1342759132385254, 0.008025621995329857, 0.27254718542099, 0.08438767492771149, 0.009230484254658222]
val step Loss: [0.4784756302833557, 0.6195984482765198, 0.4476240575313568, 0.3956088125705719, 1.015401005744934, 0.5289115309715271, 0.2955494821071625, 0.46648478507995605, 0.4717056155204773, 0.9525377154350281, 1.298164963722229, 0.4040021598339081, 0.42178529500961304, 0.7668442726135254, 0.4181983470916748, 0.5149427056312561]
Train step Accs: [0.9081807780320366, 0.949537919906117, 0.9998683344305465, 0.9975100290496611, 0.9280287884846061, 0.9498275321417372, 0.9567292395800191, 0.9172785853439233, 0.9671201814058957, 0.9481510725095408, 0.953904473085671, 0.9998396150761828, 0.8459746688018634, 0.9779641506331196, 0.9546230440967283, 0.9359986561397615, 0.9421238047307499, 0.9225054624908958, 0.9014593467685893, 0.8848689253411007, 0.9074481458202388, 0.9519071310116086, 0.999854163628409, 0.940234375, 0.999859432105707, 0.9568091670339357, 0.9634532374100719, 0.9875115025634285, 0.9943312187879606, 0.9680949731033204, 0.9088187261839956, 0.9649831649831649, 0.9327227310574521, 0.8178433338106831, 0.9170653907496013, 0.9719994371746166, 0.9119876473891072, 0.927389963554808, 0.9846215565659268, 0.9366367649152784, 0.9019013966010433, 0.9207891197130473, 0.967317546046254, 1.0, 0.9783618936973569, 0.9896439211235636, 0.9729591836734693, 1.0, 0.9088378566457899, 0.991166077738516, 0.9438691280204112, 0.9998247765901525, 0.9360999425617461, 0.9583588487446417, 0.9730975029726516, 0.8797433797433798, 0.9287821323219553, 0.8880831851142427, 0.9659477866061293, 0.9998359310910583, 0.9307895836234508, 0.9793524167057719, 0.999738356881214]
val step Accs: [0.892797960484385, 0.8589260174229619, 0.8995628163828808, 0.9030160486995019, 0.7662797800855223, 0.867852798053528, 0.9328013439731205, 0.8892722194841466, 0.8882689987937273, 0.7699939867708959, 0.7160692212608158, 0.9053763440860215, 0.901468097120271, 0.8223833902161547, 0.9052631578947369, 0.8785218456512862]
Preds: [17, 100, 100, 100, 293, 497, 98, 98, 35, 129, 208, 208, 208, 441, 441, 287, 346, 346, 481, 426, 426, 426, 426, 426, 169, 167, 263, 225, 225, 225, 225, 225, 225, 225, 7, 7, 7, 345, 109, 109, 109, 374, 286, 286, 286, 286, 286, 286, 264, 468, 468, 468, 406, 467, 337, 337, 337, 337, 171, 324, 324, 324, 324, 3, 3, 3, 3, 3, 3, 188, 188, 188, 398, 398, 398, 360, 360, 434, 339, 203, 465, 465, 250, 250, 132, 132, 43, 43, 182, 182, 182, 497, 497, 43, 43, 364, 276, 100, 100, 100, 497, 497, 497, 497, 43, 98, 441, 441, 441, 346, 346, 346, 284, 426, 426, 306, 387, 85, 396, 396, 396, 382, 382, 382, 406, 406, 467, 467, 467, 134, 375, 375, 375, 375, 303, 303, 48, 48, 48, 13, 13, 414, 237, 47, 47, 47, 47, 80, 80, 80, 82, 320, 320, 7, 7, 7, 420, 213, 324, 324, 324, 3, 3, 3, 58, 58, 110, 110, 145, 486, 486, 315, 315, 315, 450, 450, 450, 450, 413, 35, 173, 219, 219, 219, 219, 219, 464, 464, 464, 443, 443, 355, 355, 355, 355, 452, 263, 263, 263, 229, 229, 229, 312, 312, 312, 312, 23, 23, 23, 23, 23, 23, 23, 23, 23, 23, 23, 260, 391, 391, 244, 244, 321, 320, 287, 287, 287, 287, 486, 486, 486, 460, 460, 169, 150, 150, 342, 232, 232, 172, 115, 115, 267, 267, 267, 267, 267, 246, 246, 246, 246, 246, 19, 3, 454, 197, 197, 197, 188, 188, 188, 145, 145, 365, 365, 330, 330, 330, 330, 339, 76, 310, 107, 107, 395, 395, 395, 494, 134, 175, 175, 88, 426, 426, 426, 284, 426, 486, 460, 460, 169, 169, 77, 478, 342, 172, 172, 115, 115, 267, 267, 267, 267, 213, 246, 246, 246, 301, 301, 301, 197, 197, 259, 354, 100, 100, 100, 100, 182, 182, 182, 182, 182, 182, 182, 182, 182, 182, 293, 293, 497, 497, 122, 122, 122, 465, 465, 183, 183, 183, 351, 171, 171, 171, 171, 171, 171, 252, 252, 216, 239, 219, 286, 286, 286, 286, 286, 286, 286, 264, 264, 264, 468, 468, 325, 337, 41, 41, 41, 41, 19, 19, 19, 19, 454, 454, 454, 414, 414, 442, 102, 170, 244, 187, 187, 292, 408, 408, 244, 408, 408, 244, 244, 412, 287, 287, 287, 287, 284, 486, 460, 460, 460, 460, 169, 150, 150, 150, 342, 172, 172, 115, 267, 267, 444, 444, 324, 324, 301, 301, 301, 173, 8, 259, 354, 100, 100, 100, 424, 424, 424, 497, 497, 122, 8, 259, 354, 100, 100, 100, 100, 182, 182, 375, 348, 348, 122, 117, 197, 197, 197, 226, 414, 82, 320, 209, 287, 287, 481, 481, 481, 481, 375, 98, 98, 98, 129, 259, 209, 411, 287, 437, 481, 481, 426, 426, 426, 98, 98, 98, 17, 83, 403, 403, 403, 403, 403, 403, 403, 403, 403, 403, 403, 403, 403, 403, 403, 403, 403, 403, 403, 403, 403, 403, 403, 403, 403, 403, 403, 403, 403, 403, 403, 403, 403, 403, 403, 403, 403, 403, 403, 403, 403, 403, 403, 403, 403, 403, 403, 403, 403, 403, 403, 403, 403, 403, 403, 403, 403, 403, 403, 403, 403, 403, 403, 403, 403, 403, 403, 403, 403, 403, 403, 403, 403, 403, 403, 403, 403, 403, 403, 403, 403, 403, 403, 403, 403, 403, 403, 403, 403, 403, 403, 403, 403, 403, 403, 403, 403, 403, 403, 403, 403, 403, 403, 403, 403, 403, 403, 403, 403, 403, 403, 403, 403, 403, 403, 403, 403, 403]

ep314
Train step Loss: [0.19089645147323608, 0.006983283907175064, 0.11885707080364227, 0.21805764734745026, 0.03424045816063881, 0.01092473790049553, 0.23148125410079956, 0.24140070378780365, 0.42193228006362915, 0.10088173300027847, 0.16622290015220642, 0.3035576045513153, 0.24044859409332275, 0.2140437811613083, 0.5469198822975159, 0.13367204368114471, 0.17471173405647278, 0.3909870982170105, 0.2016223520040512, 0.45973554253578186, 0.04021298885345459, 0.14345256984233856, 0.38694992661476135, 0.12228696793317795, 0.12330185621976852, 0.3841386139392853, 0.05160734802484512, 0.1525200456380844, 0.3743956685066223, 0.14048059284687042, 0.20092813670635223, 0.014535591006278992, 0.05737784132361412, 0.28268879652023315, 0.18317855894565582, 0.008376320824027061, 0.21890287101268768, 0.18510915338993073, 0.11842989176511765, 0.26125621795654297, 0.30687955021858215, 0.3770394027233124, 0.2711647152900696, 0.16739173233509064, 0.2522939145565033, 0.2755696475505829, 0.3607019782066345, 0.6410664916038513, 0.2508254945278168, 0.18404576182365417, 0.35164302587509155, 0.4272356927394867, 0.11749672889709473, 0.23165978491306305, 0.08021864295005798, 0.23774293065071106, 0.0488850437104702, 0.29284143447875977, 0.05456918478012085, 0.1908738613128662, 0.007879943586885929, 0.22733740508556366, 0.006795796565711498]
val step Loss: [0.9657237529754639, 0.927047073841095, 0.32597678899765015, 0.3945228159427643, 0.9104901552200317, 0.2877404987812042, 0.4712066650390625, 0.5165897607803345, 0.48012739419937134, 0.6704770922660828, 0.6211392879486084, 0.6264539361000061, 0.41987448930740356, 0.9390063881874084, 0.4283146858215332, 0.6156286001205444]
Train step Accs: [0.9510855349202197, 1.0, 0.970526630760024, 0.9417020653288414, 0.9933933933933934, 0.9993278666487431, 0.9352604236046357, 0.9403275048570635, 0.9020143884892087, 0.9757914338919925, 0.9543642002658396, 0.921760771504122, 0.9367369589345172, 0.9407514450867052, 0.8571833380561066, 0.9667009514013886, 0.9544619422572178, 0.8991940991667805, 0.9477633902295468, 0.8707097149505526, 0.9917226300171794, 0.9618446747784287, 0.8991172761664565, 0.9689519306540583, 0.9670917965674697, 0.9, 0.9874760571681155, 0.9627127803296406, 0.9007525202328553, 0.9634067774771292, 0.950188679245283, 0.9980063133410866, 0.9876144318793754, 0.9299859660065491, 0.9521678321678322, 0.9998461064943059, 0.9430566330488751, 0.9518290980173136, 0.9691936399772856, 0.9306899781454886, 0.9215686274509803, 0.8983779287397754, 0.9253711017295383, 0.9599884858952217, 0.9320937752627324, 0.9289009066327342, 0.9091666666666667, 0.8394648829431438, 0.9325657894736842, 0.9546467218332273, 0.936077057793345, 0.8914014517029593, 0.9670648464163822, 0.9400267290344136, 0.9803129732458354, 0.9397807478600391, 0.9880808690404346, 0.9231932264892652, 0.987147723753484, 0.9482219061166429, 0.9998450813323005, 0.9428474805546162, 1.0]
val step Accs: [0.7760706508589402, 0.7884615384615384, 0.9237224636595235, 0.9166666666666666, 0.7895847994370162, 0.932972972972973, 0.8909577704758428, 0.8803706823925863, 0.8882837407013815, 0.8423483832513783, 0.8563071297989031, 0.8505833084056237, 0.9047619047619048, 0.7816808059384942, 0.8966096945923228, 0.8603480813587754]
Preds: [17, 17, 309, 309, 479, 479, 398, 290, 360, 360, 360, 434, 434, 434, 434, 434, 434, 3, 3, 3, 3, 197, 226, 226, 440, 287, 287, 284, 460, 460, 178, 215, 129, 129, 401, 401, 208, 441, 441, 441, 148, 153, 182, 497, 129, 259, 259, 441, 441, 441, 153, 100, 153, 182, 497, 43, 129, 259, 259, 208, 441, 441, 437, 125, 426, 426, 413, 348, 94, 466, 466, 331, 331, 284, 284, 426, 426, 426, 426, 426, 98, 263, 263, 414, 170, 170, 170, 170, 170, 392, 392, 47, 392, 187, 187, 187, 2, 435, 2, 341, 341, 2, 2, 163, 163, 392, 73, 63, 73, 73, 73, 73, 73, 320, 287, 284, 284, 284, 284, 319, 319, 413, 413, 250, 250, 250, 138, 138, 138, 138, 138, 138, 138, 182, 182, 182, 182, 182, 182, 182, 182, 182, 182, 182, 182, 182, 372, 406, 406, 467, 467, 467, 467, 331, 134, 153, 182, 182, 182, 182, 182, 182, 182, 98, 98, 98, 98, 414, 414, 170, 170, 170, 170, 417, 417, 170, 170, 47, 47, 435, 435, 80, 73, 73, 73, 320, 287, 83, 55, 55, 443, 438, 438, 416, 32, 32, 32, 32, 354, 354, 473, 286, 286, 264, 264, 264, 468, 406, 337, 337, 337, 134, 88, 88, 426, 426, 319, 319, 282, 388, 388, 379, 77, 68, 342, 342, 68, 68, 115, 267, 267, 267, 213, 213, 324, 3, 3, 464, 464, 464, 171, 171, 171, 171, 3, 246, 246, 143, 24, 314, 32, 32, 32, 384, 354, 420, 324, 464, 464, 277, 385, 143, 259, 77, 66, 342, 115, 267, 273, 106, 355, 284, 460, 460, 169, 169, 35, 35, 414, 414, 170, 312, 312, 414, 187, 187, 187, 187, 23, 408, 1, 1, 23, 23, 408, 408, 391, 391, 244, 73, 73, 320, 412, 287, 284, 284, 111, 240, 35, 35, 77, 66, 342, 342, 172, 267, 267, 213, 213, 324, 3, 464, 464, 464, 139, 315, 284, 284, 376, 376, 376, 376, 460, 460, 240, 240, 35, 35, 75, 354, 449, 397, 397, 441, 387, 387, 313, 167, 35, 35, 35, 77, 342, 224, 273, 470, 106, 106, 319, 319, 319, 388, 388, 388, 94, 64, 10, 10, 473, 473, 398, 213, 213, 324, 434, 434, 246, 246, 434, 434, 434, 3, 197, 440, 440, 145, 460, 169, 35, 35, 354, 354, 354, 109, 284, 443, 240, 240, 35, 239, 239, 310, 449, 395, 106, 486, 460, 460, 169, 35, 314, 32, 239, 371, 371, 219, 257, 257, 31, 31, 54, 68, 232, 172, 172, 172, 115, 273, 267, 213, 213, 213, 213, 246, 246, 3, 3, 14, 411, 188, 188, 188, 171, 171, 264, 120, 178, 178, 458, 96, 96, 342, 342, 86, 160, 483, 336, 82, 188, 287, 460, 284, 284, 306, 306, 85, 406, 406, 59, 59, 59, 59, 59, 452, 263, 229, 312, 414, 414, 312, 187, 187, 23, 187, 187, 1, 1, 12, 1, 1, 1, 1, 1, 1, 260, 391, 391, 391, 244, 73, 320, 287, 287, 284, 284, 111, 460, 35, 35, 35, 77, 66, 224, 224, 267, 273, 267, 464, 464, 139, 120, 460, 460, 169, 35, 8, 354, 354, 109, 284, 46, 146, 240, 240, 35, 449, 449, 371, 180, 486, 443, 240, 240, 240, 314, 32, 239, 371, 371, 324, 301, 213, 213, 213, 246, 246, 246, 246, 301, 8, 32, 354, 354, 354, 180, 114, 355, 355, 355, 355, 355, 263, 263, 414, 170, 414, 414, 170, 392, 392, 28, 28, 28, 2, 2, 187, 187, 12, 163, 163, 163, 392, 73, 73, 73, 73, 73, 320, 7, 7]

ep315
Train step Loss: [0.12557770311832428, 0.11584322154521942, 0.07520699501037598, 0.2844870090484619, 0.18226562440395355, 0.18726611137390137, 0.7501224875450134, 0.07388454675674438, 0.20664270222187042, 0.16238084435462952, 0.15697582066059113, 0.27277177572250366, 0.22890080511569977, 0.10414004325866699, 0.10347443073987961, 0.13657677173614502, 0.03215038776397705, 0.16560348868370056, 0.26020556688308716, 0.0436270609498024, 0.36733245849609375, 0.2795468866825104, 0.148501455783844, 0.26627224683761597, 0.25227341055870056, 0.22829584777355194, 0.5421420335769653, 0.4359097480773926, 0.23512576520442963, 0.04071979597210884, 0.2314273566007614, 0.06785890460014343, 0.21041548252105713, 0.333063006401062, 0.2915630638599396, 0.007981772534549236, 0.23260992765426636, 0.009303044527769089, 0.05329263210296631, 0.21781232953071594, 0.3493027687072754, 0.13586266338825226, 0.04415231570601463, 0.3560728430747986, 0.20589271187782288, 0.20969370007514954, 0.021919090300798416, 0.03630952164530754, 0.11510460078716278, 0.2346956878900528, 0.24527108669281006, 0.19012479484081268, 0.546833336353302, 0.16463008522987366, 0.009732565842568874, 0.43632614612579346, 0.30345144867897034, 0.4890275001525879, 0.14728675782680511, 0.547641932964325, 0.01983255334198475, 0.3547780513763428, 0.007361311465501785]
val step Loss: [0.6268879175186157, 0.42309385538101196, 1.0270060300827026, 0.7567256689071655, 0.835763156414032, 0.6295583248138428, 0.7219604849815369, 0.42184439301490784, 0.6552219986915588, 0.47041913866996765, 0.544218122959137, 0.5963922739028931, 0.36584606766700745, 0.18074411153793335, 0.8031613230705261, 0.6472100019454956]
Train step Accs: [0.967662373252946, 0.9704820830110853, 0.9807133016990662, 0.9257960064759849, 0.955366027007818, 0.9491966999565784, 0.8085483870967742, 0.9818697777077093, 0.9435975609756098, 0.9569093610698366, 0.9580062794348508, 0.9288501951365956, 0.9390849322420501, 0.974910394265233, 0.9731675392670157, 0.9650864830237027, 0.992911744266852, 0.9574001566170712, 0.9295931341385887, 0.991231980977857, 0.9176768349540428, 0.9269621557944339, 0.9626713327500729, 0.9343390804597701, 0.9352317141261864, 0.9391982781813291, 0.863522798251093, 0.88734860644973, 0.9369671558350804, 0.9918735224586288, 0.9389110225763613, 0.9820218096080165, 0.9479582437826221, 0.9128601546029516, 0.9247997086671522, 0.9998616299986163, 0.9363391464624983, 0.9994501718213058, 0.9887657507211174, 0.9437865601369667, 0.9065271372827244, 0.963316659087464, 0.9887080217040621, 0.9043794514320351, 0.9470622454915648, 0.943236903831118, 0.9963543073183905, 0.9915730337078652, 0.9708998256671584, 0.9395411605937922, 0.9567727400732188, 0.9505529225908372, 0.8538561244329229, 0.959095134800124, 0.9997098926602843, 0.8874400479616307, 0.9191889934829833, 0.8722591362126246, 0.9582507783753185, 0.8617363344051447, 0.9967935871743487, 0.9100893249377654, 1.0]
val step Accs: [0.8508881661245934, 0.895477254798843, 0.7620707461915828, 0.8296553434168114, 0.80526706231454, 0.8573442345644207, 0.8382245583296831, 0.8976711362032463, 0.8429561200923787, 0.8885496183206106, 0.8754050073637702, 0.8600210494662457, 0.9155394778232149, 0.9632848988064349, 0.8207401153792035, 0.8433868289983398]
Preds: [17, 309, 479, 479, 398, 324, 360, 252, 143, 35, 259, 196, 196, 70, 65, 46, 46, 46, 169, 150, 342, 342, 342, 273, 273, 486, 486, 460, 460, 178, 178, 183, 183, 451, 213, 213, 213, 213, 246, 19, 19, 454, 454, 454, 229, 414, 414, 414, 312, 187, 187, 187, 187, 187, 187, 187, 187, 260, 260, 391, 391, 391, 228, 289, 321, 320, 287, 287, 287, 287, 284, 284, 284, 111, 111, 111, 438, 438, 388, 348, 199, 331, 134, 378, 43, 88, 88, 346, 346, 284, 284, 206, 206, 206, 167, 167, 35, 259, 198, 354, 114, 114, 361, 264, 264, 264, 264, 264, 264, 264, 264, 264, 264, 264, 264, 264, 468, 468, 468, 406, 467, 337, 337, 337, 290, 360, 330, 330, 203, 203, 280, 29, 106, 284, 426, 426, 426, 426, 348, 348, 94, 94, 331, 331, 284, 284, 319, 460, 169, 150, 150, 342, 342, 224, 257, 257, 257, 257, 31, 31, 31, 269, 323, 323, 323, 272, 273, 273, 106, 106, 106, 106, 355, 355, 169, 169, 150, 150, 150, 39, 86, 238, 221, 397, 397, 494, 494, 494, 349, 349, 234, 261, 25, 25, 470, 470, 278, 171, 264, 325, 464, 34, 403, 403, 403, 171, 171, 171, 171, 246, 358, 301, 339, 196, 196, 196, 473, 473, 429, 429, 429, 434, 19, 19, 19, 19, 19, 454, 454, 454, 229, 229, 414, 126, 126, 126, 292, 292, 292, 292, 408, 408, 408, 408, 408, 408, 408, 228, 66, 66, 66, 68, 68, 115, 115, 267, 267, 267, 464, 464, 464, 443, 443, 111, 330, 240, 438, 219, 219, 324, 152, 324, 301, 422, 349, 349, 261, 25, 420, 420, 324, 422, 99, 99, 338, 338, 338, 338, 338, 400, 400, 400, 213, 213, 213, 246, 246, 246, 246, 3, 3, 14, 440, 145, 145, 486, 460, 460, 169, 215, 35, 441, 345, 100, 387, 387, 122, 99, 99, 107, 395, 395, 180, 139, 139, 496, 274, 122, 8, 8, 217, 473, 473, 109, 213, 324, 324, 324, 434, 252, 339, 325, 199, 398, 324, 246, 246, 246, 246, 464, 464, 464, 464, 282, 282, 282, 263, 263, 263, 13, 13, 414, 414, 414, 414, 312, 187, 187, 23, 23, 23, 23, 23, 149, 149, 149, 320, 320, 7, 251, 251, 479, 331, 470, 403, 403, 403, 290, 290, 290, 290, 434, 434, 434, 434, 434, 434, 434, 434, 434, 339, 10, 309, 479, 331, 331, 331, 331, 284, 426, 426, 426, 426, 426, 426, 375, 282, 355, 355, 452, 263, 13, 13, 414, 414, 414, 82, 170, 170, 187, 187, 187, 2, 2, 244, 244, 73, 73, 73, 73, 244, 321, 320, 287, 287, 287, 268, 268, 268, 206, 169, 150, 150, 54, 54, 54, 54, 482, 482, 142, 273, 273, 106, 106, 153, 424, 153, 182, 182, 182, 182, 182, 387, 387, 293, 293, 293, 122, 122, 77, 77, 108, 449, 449, 371, 444, 278, 301, 301, 378, 8, 345, 345, 100, 100, 497, 43, 43, 364, 364, 276, 276, 138, 174, 174, 387, 387, 387, 413, 216, 216, 398, 398, 464, 340, 340, 301, 116, 399, 53, 473, 65, 319, 319, 151, 169, 150, 99, 99, 436, 400, 400, 400, 422, 99, 99, 338, 338, 338, 400, 400, 400, 213, 324, 324, 246, 422, 99, 99, 99, 338, 338, 338, 400, 400, 400, 400, 286, 286, 301, 378, 42, 42, 147, 147, 467, 288, 288, 337, 277, 328, 328, 116, 303, 303, 398, 398, 398, 464, 464, 459, 471, 471, 77, 453, 342, 342, 168, 448, 448, 448, 464, 464, 464, 443, 443, 443, 240, 240, 146]

ep316
Train step Loss: [0.11719349771738052, 0.032634980976581573, 0.24733927845954895, 0.3293578028678894, 0.24154044687747955, 0.1155165582895279, 0.1261536180973053, 0.2219126671552658, 0.23748436570167542, 0.33706265687942505, 0.27995574474334717, 0.1337350457906723, 0.4370916485786438, 0.1798340082168579, 0.08436182141304016, 0.10489306598901749, 0.43471986055374146, 0.05083680525422096, 0.2247382253408432, 0.13302339613437653, 0.37979865074157715, 0.42179349064826965, 0.1998974084854126, 0.17417675256729126, 0.14256072044372559, 0.008440748788416386, 0.1967751681804657, 0.25601625442504883, 0.16648425161838531, 0.1985929161310196, 0.1141357421875, 0.12478341162204742, 0.2720888555049896, 0.15834267437458038, 0.23885385692119598, 0.23099182546138763, 0.3769419193267822, 0.2750896215438843, 0.23061503469944, 0.07763656973838806, 0.26468750834465027, 0.2419351488351822, 0.11148045212030411, 0.24327412247657776, 0.13210389018058777, 0.011758971959352493, 0.14675502479076385, 0.3378770351409912, 0.07195808738470078, 0.34068745374679565, 0.19472511112689972, 0.4306130111217499, 0.3260660469532013, 0.4983829855918884, 0.1258670836687088, 0.04117180034518242, 0.04569309949874878, 0.29028743505477905, 0.13502593338489532, 0.08144152909517288, 0.16949979960918427, 0.4200192391872406, 0.023883579298853874]
val step Loss: [0.23462793231010437, 0.7542431354522705, 0.32916054129600525, 1.4937962293624878, 0.4597746431827545, 0.3790997564792633, 0.4038604497909546, 0.9484267234802246, 0.588965654373169, 0.48660609126091003, 0.9838250279426575, 0.46913424134254456, 0.591745913028717, 0.48262327909469604, 0.337667852640152, 0.767028272151947]
Train step Accs: [0.9707970529135967, 0.9917447213843468, 0.9366342469790746, 0.9156313204276221, 0.9366559933175553, 0.9679364612443007, 0.96875, 0.9446732564524987, 0.9403080872913993, 0.9326392175421991, 0.9239852398523986, 0.9640070921985816, 0.8807262569832403, 0.9551483659236976, 0.9793560314281312, 0.9739812775330396, 0.8821368004522329, 0.9880578252671276, 0.9411666666666667, 0.9621016365202412, 0.901043264805155, 0.8899208806329549, 0.9512987012987013, 0.9543918918918919, 0.963560141889713, 0.9998670743054633, 0.9495195560969008, 0.9368809803592413, 0.9565155199542269, 0.9498437756947871, 0.9743347291638524, 0.9667914699658148, 0.930386570152472, 0.9591867930296546, 0.9368008135987215, 0.941904047976012, 0.9049761417859578, 0.9248425472358293, 0.9369648656628284, 0.9800981461286805, 0.9302325581395349, 0.9371049304677623, 0.9703544219940378, 0.936996336996337, 0.9661676646706587, 0.9986593177416953, 0.9613797656378941, 0.916494353427708, 0.9824728260869565, 0.9076183244748165, 0.951721689740859, 0.8850386674598454, 0.9129514885899954, 0.8808072009291521, 0.9713563605728728, 0.9902925895542795, 0.9889448642597257, 0.9252324544643994, 0.9653575989782887, 0.9805851422407982, 0.9572691552062869, 0.8863072705913067, 0.9953954496208017]
val step Accs: [0.9434118133002891, 0.8203627852545348, 0.9258324128136343, 0.6618694784838985, 0.9085160202360877, 0.9109255393180237, 0.9047687240441071, 0.7710410849621061, 0.8615842119491754, 0.8890315951708194, 0.7707988278761626, 0.8923244816296835, 0.8613452059150898, 0.8782830556806244, 0.9185577698421841, 0.814532406369141]
Preds: [17, 17, 7, 309, 309, 309, 94, 479, 398, 360, 360, 360, 252, 339, 465, 465, 183, 444, 444, 213, 213, 324, 324, 324, 246, 19, 19, 19, 454, 454, 454, 454, 78, 78, 170, 170, 170, 170, 170, 312, 187, 187, 187, 187, 187, 341, 237, 341, 341, 260, 260, 260, 260, 341, 341, 341, 341, 341, 2, 2, 2, 2, 2, 2, 163, 163, 163, 244, 163, 316, 63, 316, 244, 316, 316, 73, 73, 73, 289, 289, 321, 412, 287, 287, 287, 287, 284, 284, 284, 486, 486, 85, 85, 146, 240, 240, 240, 388, 24, 35, 414, 414, 414, 414, 414, 197, 197, 197, 102, 102, 102, 102, 7, 7, 127, 331, 331, 331, 315, 315, 315, 315, 113, 450, 450, 450, 167, 35, 8, 354, 420, 420, 420, 324, 213, 171, 171, 246, 246, 246, 246, 246, 246, 246, 3, 3, 3, 3, 188, 250, 250, 250, 250, 250, 250, 43, 43, 276, 346, 174, 174, 319, 319, 240, 285, 285, 34, 145, 145, 486, 486, 486, 486, 460, 460, 460, 460, 169, 150, 150, 162, 342, 342, 68, 68, 115, 115, 267, 267, 267, 267, 267, 324, 3, 464, 464, 464, 356, 50, 50, 368, 281, 31, 162, 232, 232, 232, 172, 115, 115, 273, 273, 499, 265, 265, 428, 85, 85, 85, 85, 59, 59, 59, 59, 452, 452, 263, 414, 414, 414, 414, 414, 47, 47, 47, 47, 244, 321, 320, 320, 345, 100, 100, 497, 497, 497, 497, 122, 122, 122, 239, 310, 107, 395, 395, 180, 151, 151, 319, 319, 330, 240, 348, 348, 374, 374, 132, 132, 132, 88, 132, 132, 313, 285, 34, 41, 324, 324, 324, 324, 246, 246, 246, 246, 3, 3, 3, 464, 14, 440, 287, 284, 265, 265, 265, 85, 85, 85, 85, 468, 396, 313, 406, 406, 406, 406, 147, 467, 337, 213, 213, 324, 324, 324, 301, 301, 301, 8, 259, 354, 65, 106, 284, 284, 265, 265, 265, 85, 193, 403, 403, 403, 403, 403, 403, 403, 403, 403, 403, 403, 403, 403, 403, 403, 403, 403, 403, 403, 403, 403, 403, 403, 403, 403, 403, 403, 403, 403, 403, 403, 403, 403, 403, 403, 403, 403, 403, 403, 403, 403, 403, 403, 403, 403, 403, 403, 403, 403, 403, 403, 403, 403, 403, 403, 403, 403, 403, 403, 403, 403, 403, 403, 403, 403, 403, 403, 403, 403, 403, 403, 403, 403, 403, 403, 403, 403, 403, 403, 403, 403, 403, 403, 403, 403, 403, 403, 403, 403, 403, 403, 403, 403, 403, 403, 403, 403, 403, 403, 403, 403, 403, 403, 403, 403, 403, 403, 403, 403, 403, 403, 403, 403, 403, 403, 403, 403, 403, 403, 403, 403, 403, 403, 403, 403, 403, 403, 403, 403, 403, 403, 403, 403, 403, 403, 403, 403, 403, 403, 403, 403, 403, 403, 403, 403, 403, 403, 403, 403, 403, 403, 403, 403, 403, 403, 403, 403, 403, 403, 403, 403, 403, 403, 403, 403, 403, 403, 403, 403, 403, 403, 403, 403, 403, 403, 403, 403, 403, 403, 403, 403, 403, 403, 403, 403, 403, 403, 403, 403, 403, 403, 403, 403, 403, 403, 403, 403, 403, 403, 403, 403, 403, 403, 403, 403, 403, 403, 403, 403, 403, 403, 403, 403, 403, 403, 403, 403, 403, 403, 403, 403, 403, 403, 403, 403, 403, 403, 403, 403, 403, 403, 403, 403, 403, 403, 403, 403, 403, 403, 403, 403, 403, 403, 403, 403, 403, 403, 403, 403, 403, 403, 403, 403, 403, 403, 403, 403, 403, 403, 403, 403, 403, 403, 403, 403, 403, 403, 403, 403, 403, 403]

ep317
Train step Loss: [0.07306519150733948, 0.2763683497905731, 0.3900125026702881, 0.16421565413475037, 0.09573695063591003, 0.008319727145135403, 0.14684240520000458, 0.11750683188438416, 0.44078528881073, 0.14855609834194183, 0.21699783205986023, 0.55500328540802, 0.3127657473087311, 0.21990814805030823, 0.3067202866077423, 0.35195550322532654, 0.22383645176887512, 0.2827836275100708, 0.31685465574264526, 0.288039892911911, 0.10331041365861893, 0.18733416497707367, 0.32620522379875183, 0.007213860750198364, 0.20955008268356323, 0.5813625454902649, 0.36369210481643677, 0.23925812542438507, 0.008640606887638569, 0.17203587293624878, 0.1115303635597229, 0.16933564841747284, 0.21252867579460144, 0.006551021244376898, 0.00706349965184927, 0.29758501052856445, 0.309146523475647, 0.2811603546142578, 0.3239951431751251, 0.18330822885036469, 0.3879922926425934, 0.25300806760787964, 0.22268933057785034, 0.1340620368719101, 0.37096160650253296, 0.3051162660121918, 0.2506004571914673, 0.276300847530365, 0.26169759035110474, 0.1772163361310959, 0.23940135538578033, 0.008935851976275444, 0.026280920952558517, 0.007020438089966774, 0.14618128538131714, 0.12436623126268387, 0.29561927914619446, 0.20080159604549408, 0.35011208057403564, 0.12965883314609528, 0.09193263202905655, 0.22526635229587555, 0.22748911380767822]
val step Loss: [0.5427022576332092, 0.49627646803855896, 0.8075466156005859, 0.6376864314079285, 0.12776020169258118, 1.243122935295105, 0.8678250312805176, 0.8133714199066162, 0.6039671301841736, 0.8247073888778687, 0.3900561034679413, 0.5927120447158813, 0.8944177031517029, 0.3509827256202698, 0.040042612701654434, 0.5378470420837402]
Train step Accs: [0.9831133815808145, 0.9259427532939573, 0.8980429724921308, 0.9582903463522476, 0.9738539898132428, 0.9998455359901143, 0.9630401556203974, 0.9714471122647631, 0.8913043478260869, 0.9641249092229485, 0.9424666242848061, 0.8557566220823498, 0.9172285181466073, 0.9436002337814143, 0.9217455621301776, 0.9319267515923567, 0.9395046691027202, 0.9317498496692724, 0.935436417129781, 0.9224240816867789, 0.973469690232696, 0.9473684210526315, 0.9159625829812915, 1.0, 0.9455087939698492, 0.8454979536152797, 0.9001464128843338, 0.9404693760732684, 0.9998578939889158, 0.9562702778953308, 0.972322988042456, 0.9567443502824858, 0.9480396787907416, 1.0, 1.0, 0.9192277383766746, 0.9181883537023724, 0.9276187829952764, 0.9182301876225147, 0.9510222764723832, 0.8983763409683967, 0.9329458463283243, 0.9412303465119829, 0.964207905384376, 0.9007188390071884, 0.9209767935689368, 0.934708962118879, 0.9298446443172527, 0.9305175147758397, 0.954653937947494, 0.9335908483137721, 0.9996972907522325, 0.9952380952380953, 1.0, 0.9671748599875545, 0.9681151241534989, 0.9243759177679882, 0.9486981975042367, 0.9091058784785114, 0.9692044482463644, 0.9761787415804173, 0.9397443700547778, 0.9376770538243626]
val step Accs: [0.8716350947158524, 0.8873613121080559, 0.8018725460585926, 0.8541601745091929, 0.9728473936401917, 0.715482233502538, 0.7864091981132075, 0.8189632716853347, 0.8708017334777898, 0.8148099434433776, 0.9086067933218193, 0.8652863673030384, 0.7921666886456548, 0.9198236671717868, 0.9920391061452514, 0.8691449814126394]
Preds: [17, 437, 284, 284, 284, 284, 426, 426, 426, 426, 450, 450, 413, 413, 250, 250, 250, 276, 276, 276, 174, 109, 109, 403, 171, 171, 324, 324, 318, 318, 31, 54, 96, 270, 232, 172, 115, 273, 273, 486, 486, 460, 460, 215, 458, 75, 208, 208, 441, 345, 345, 141, 141, 186, 323, 323, 323, 323, 142, 397, 397, 494, 494, 333, 255, 385, 385, 457, 401, 32, 239, 188, 183, 183, 110, 110, 110, 145, 486, 460, 460, 169, 169, 150, 54, 54, 482, 482, 482, 482, 115, 273, 267, 267, 267, 171, 171, 171, 246, 246, 246, 246, 324, 301, 236, 129, 401, 401, 354, 354, 109, 284, 284, 486, 460, 460, 460, 468, 406, 406, 467, 499, 486, 486, 460, 460, 169, 35, 35, 354, 100, 441, 414, 197, 197, 82, 80, 80, 249, 7, 7, 7, 109, 109, 109, 171, 171, 171, 171, 301, 116, 301, 250, 250, 364, 364, 276, 276, 346, 284, 284, 315, 450, 450, 450, 450, 413, 43, 364, 276, 276, 276, 276, 276, 138, 182, 98, 98, 98, 13, 13, 13, 13, 414, 170, 305, 305, 102, 102, 102, 102, 102, 102, 102, 80, 80, 80, 80, 80, 442, 479, 287, 287, 284, 284, 284, 284, 450, 450, 426, 206, 167, 263, 170, 170, 170, 170, 392, 392, 392, 392, 63, 63, 63, 63, 63, 63, 63, 63, 63, 63, 63, 63, 63, 63, 63, 63, 63, 63, 63, 63, 63, 63, 63, 63, 63, 63, 63, 63, 63, 63, 63, 63, 63, 63, 63, 63, 392, 73, 320, 320, 7, 7, 309, 398, 331, 331, 290, 360, 360, 246, 246, 246, 252, 143, 36, 458, 75, 213, 30, 324, 301, 301, 259, 259, 354, 354, 109, 109, 284, 284, 284, 319, 319, 203, 53, 53, 65, 375, 98, 98, 197, 401, 401, 354, 7, 217, 473, 278, 476, 324, 464, 464, 301, 285, 251, 241, 241, 4, 364, 276, 276, 276, 153, 182, 182, 387, 387, 387, 122, 236, 236, 239, 239, 401, 384, 384, 107, 395, 395, 395, 213, 374, 106, 387, 387, 387, 387, 293, 43, 497, 98, 122, 233, 170, 170, 392, 392, 392, 312, 187, 187, 408, 23, 23, 149, 228, 228, 320, 320, 153, 153, 153, 153, 182, 132, 132, 132, 132, 245, 8, 129, 208, 74, 441, 441, 153, 153, 387, 240, 349, 99, 342, 68, 54, 482, 68, 224, 6, 272, 494, 236, 251, 251, 324, 422, 464, 464, 464, 180, 120, 120, 120, 120, 282, 282, 285, 35, 170, 66, 68, 68, 433, 160, 160, 336, 196, 196, 10, 195, 195, 246, 246, 19, 48, 197, 197, 197, 392, 209, 287, 83, 83, 89, 255, 19, 314, 36, 239, 401, 384, 384, 354, 420, 443, 278, 171, 171, 171, 171, 464, 464, 139, 387, 387, 43, 43, 43, 43, 122, 129, 239, 239, 310, 384, 107, 395, 395, 374, 106, 387, 153, 182, 182, 182, 182, 182, 182, 182, 42, 42, 42, 42, 42, 147, 380, 456, 324, 324, 324, 17, 301, 301, 301, 278, 278, 278, 278, 278, 278, 278, 278, 278, 278, 278, 278, 278, 278, 278, 278, 278, 278, 278, 278, 278, 278, 278, 278, 278, 278, 278, 278, 403, 403, 403, 403, 403, 403, 403, 403, 403, 403, 403, 403, 403, 403, 403, 403, 403, 403, 403, 403, 403, 403, 403, 403, 403, 403, 403, 403, 403, 403, 403, 403, 403, 403, 403, 403, 403, 403, 403, 403, 403, 403, 403, 403, 403, 403, 403, 403, 403, 403, 403, 403, 403, 403, 403, 403, 403, 403, 403, 403, 403, 403, 403, 403, 403, 403, 403, 403]

ep318
Train step Loss: [0.08373702317476273, 0.19153143465518951, 0.11132373660802841, 0.2348017692565918, 0.1725757122039795, 0.320570170879364, 0.2802104353904724, 0.26256054639816284, 0.3842787444591522, 0.44801387190818787, 0.25893285870552063, 0.4106740951538086, 0.44425898790359497, 0.2495991289615631, 0.34822723269462585, 0.26434361934661865, 0.19006642699241638, 0.27370816469192505, 0.11495526880025864, 0.007144397124648094, 0.24282880127429962, 0.12388237565755844, 0.08476246148347855, 0.253371924161911, 0.039455678313970566, 0.16051766276359558, 0.01877245493233204, 0.1845184564590454, 0.007976050488650799, 0.10530931502580643, 0.2726747393608093, 0.16961267590522766, 0.06049422174692154, 0.4383353590965271, 0.14830446243286133, 0.1114298403263092, 0.007447456941008568, 0.2986229956150055, 0.5543954968452454, 0.2880772054195404, 0.5062788724899292, 0.30796584486961365, 0.318665087223053, 0.14421318471431732, 0.24717669188976288, 0.06684913486242294, 0.45788896083831787, 0.25567829608917236, 0.04486120119690895, 0.4793134033679962, 0.2946349084377289, 0.15757030248641968, 0.010906390845775604, 0.008887571282684803, 0.10098659992218018, 0.1476745903491974, 0.19015595316886902, 0.3197590112686157, 0.09209277480840683, 0.16640359163284302, 0.008806736208498478, 0.10447251796722412, 0.010897056199610233]
val step Loss: [1.225110411643982, 0.4524771273136139, 0.5732927322387695, 0.8290907144546509, 0.4468945264816284, 0.44596120715141296, 0.3761293292045593, 0.8863779306411743, 0.4987868666648865, 0.505691647529602, 0.6714664101600647, 0.5475577116012573, 0.7494582533836365, 0.2321518212556839, 0.5559882521629333, 0.6442785859107971]
Train step Accs: [0.9785118665811418, 0.9521085539443928, 0.9739720337809774, 0.9390147523709168, 0.9583449041932797, 0.9148411431887422, 0.930565127498277, 0.9321167883211678, 0.8975945983963989, 0.8822326125073057, 0.9291911558914078, 0.8885079986940908, 0.893425888117599, 0.9313296903460838, 0.9063164287883388, 0.9316320100819155, 0.9493990206262056, 0.9305773342836778, 0.9732908939939109, 0.9998366546880104, 0.9456706281833617, 0.9658967601922183, 0.9801707917209437, 0.9345910004638937, 0.9925176666204795, 0.9561417199937569, 0.9966216216216216, 0.9501533742331288, 0.9998460117031106, 0.9727915194346289, 0.9283188248095756, 0.9533511310945623, 0.9836117740652347, 0.8816559172041398, 0.9621822690638562, 0.9713266973703759, 1.0, 0.9208865198485061, 0.8548621190130624, 0.9250671567934399, 0.8600422146452347, 0.9197943444730077, 0.9202229576728793, 0.9628082996215581, 0.9342973466236136, 0.9862587927367904, 0.8802254579614842, 0.9305800842276865, 0.9902125279642058, 0.8702028081123245, 0.9230982402660385, 0.9592683875989103, 0.9996510816468946, 0.9994065281899109, 0.9742282249173098, 0.9622232543737421, 0.9500159184972938, 0.9146122448979592, 0.9751820478525783, 0.957973443341498, 0.9998179169701383, 0.973220385298538, 0.9995901639344262]
val step Accs: [0.7273360256231722, 0.8886902101028162, 0.8630325240494732, 0.8080600266247125, 0.8979650743252995, 0.8934058463630183, 0.9167295597484276, 0.7932417649203841, 0.8927885933644091, 0.8837536807066957, 0.8477099236641221, 0.8645905741693313, 0.8205163229067067, 0.9458464773922187, 0.8751488095238096, 0.8351648351648352]
Preds: [17, 17, 5, 251, 251, 251, 241, 331, 431, 486, 486, 460, 460, 169, 35, 36, 449, 371, 371, 494, 494, 99, 99, 99, 338, 338, 338, 338, 60, 400, 400, 360, 200, 434, 464, 464, 464, 331, 355, 355, 282, 282, 282, 282, 330, 240, 216, 219, 324, 464, 464, 464, 464, 464, 255, 43, 43, 43, 43, 345, 345, 345, 109, 109, 109, 41, 324, 246, 246, 246, 246, 246, 3, 3, 197, 197, 259, 259, 7, 473, 473, 398, 398, 286, 464, 464, 464, 464, 180, 315, 315, 284, 319, 319, 319, 319, 450, 450, 450, 413, 43, 43, 364, 276, 276, 276, 276, 346, 346, 346, 346, 284, 284, 284, 265, 265, 265, 265, 265, 85, 85, 85, 85, 85, 299, 388, 313, 406, 406, 303, 217, 359, 359, 473, 278, 275, 275, 207, 207, 19, 358, 465, 465, 75, 134, 134, 302, 153, 497, 169, 349, 349, 349, 155, 441, 441, 441, 441, 148, 148, 148, 153, 182, 182, 182, 182, 387, 372, 372, 182, 387, 406, 406, 134, 134, 182, 100, 100, 375, 375, 98, 98, 98, 98, 98, 13, 229, 170, 170, 170, 170, 28, 28, 28, 28, 187, 187, 82, 1, 12, 12, 260, 260, 391, 391, 391, 73, 73, 73, 73, 244, 321, 320, 320, 451, 420, 213, 213, 213, 213, 213, 213, 246, 246, 246, 422, 76, 36, 310, 310, 310, 323, 323, 395, 395, 395, 374, 374, 374, 374, 132, 182, 182, 182, 182, 375, 98, 98, 98, 48, 48, 414, 170, 170, 170, 82, 28, 2, 244, 2, 2, 2, 244, 244, 316, 73, 73, 73, 244, 321, 287, 287, 287, 287, 287, 111, 111, 111, 111, 438, 348, 348, 348, 466, 250, 65, 302, 497, 497, 122, 122, 239, 75, 384, 384, 371, 180, 180, 443, 443, 443, 460, 169, 167, 35, 35, 77, 77, 342, 115, 115, 273, 273, 106, 284, 284, 486, 460, 460, 169, 169, 150, 150, 39, 232, 232, 232, 172, 172, 115, 115, 267, 267, 267, 267, 267, 324, 3, 3, 3, 3, 188, 188, 464, 464, 464, 120, 271, 271, 31, 31, 162, 232, 232, 172, 172, 115, 115, 273, 273, 106, 499, 265, 265, 265, 265, 85, 85, 85, 59, 59, 59, 59, 452, 452, 48, 17, 83, 470, 403, 403, 403, 403, 403, 403, 403, 403, 403, 403, 403, 403, 403, 403, 403, 403, 403, 403, 403, 403, 403, 403, 403, 403, 403, 403, 403, 403, 403, 403, 403, 403, 403, 403, 403, 403, 403, 403, 403, 403, 403, 403, 403, 403, 403, 403, 403, 403, 403, 403, 403, 403, 403, 403, 403, 403, 403, 403, 403, 403, 403, 403, 403, 403, 403, 403, 403, 403, 403, 403, 403, 403, 403, 403, 403, 403, 403, 403, 403, 403, 403, 403, 403, 403, 403, 403, 403, 403, 403, 403, 403, 403, 403, 403, 403, 403, 403, 403, 403, 403, 403, 403, 403, 403, 403, 403, 403, 403, 403, 403, 403, 403, 403, 403, 403, 403, 403, 403, 403, 403, 403, 403, 403, 403, 403, 403, 403, 403, 403, 403, 403, 403, 403, 403, 403, 403, 403, 403, 403, 403, 403, 403, 403, 403, 403, 403, 403, 403, 403, 403, 403, 403, 403, 403, 403, 403, 403, 403, 403, 403, 403, 403, 403, 403, 403, 403, 403, 403, 403, 403, 403, 403, 403, 403, 403, 403, 403, 403, 403, 403, 403, 403, 403, 403, 403, 403, 403, 403, 403, 403, 403, 403, 403, 403, 403, 403, 403, 403, 403, 403, 403, 403, 403, 403, 403, 403, 403, 403, 403, 403, 403, 403, 403, 403, 403, 403, 403, 403, 403, 403, 403]

ep319
Train step Loss: [0.012684893794357777, 0.25482168793678284, 0.11857882887125015, 0.5449996590614319, 0.17045412957668304, 0.38319265842437744, 0.021765820682048798, 0.3332737982273102, 0.15678627789020538, 0.1619047224521637, 0.17330028116703033, 0.24887627363204956, 0.09368874132633209, 0.2143365740776062, 0.05482538789510727, 0.11134283244609833, 0.3605005443096161, 0.23246371746063232, 0.09031419456005096, 0.3311816453933716, 0.07664142549037933, 0.17078253626823425, 0.22532008588314056, 0.10093516111373901, 0.1699480414390564, 0.47051697969436646, 0.2193143367767334, 0.084587961435318, 0.3295665681362152, 0.22712838649749756, 0.17606495320796967, 0.10968365520238876, 0.4775986969470978, 0.07392332702875137, 0.2197851687669754, 0.14344920217990875, 0.16981321573257446, 0.4653291702270508, 0.25669431686401367, 0.21554310619831085, 0.03984005004167557, 0.16872328519821167, 0.029280055314302444, 0.5759899616241455, 0.18470615148544312, 0.11074623465538025, 0.0954713374376297, 0.7125858664512634, 0.31082883477211, 0.16741684079170227, 0.0884726271033287, 0.0066367387771606445, 0.09910187870264053, 0.32608625292778015, 0.08444245159626007, 0.1427222490310669, 0.24717339873313904, 0.15836811065673828, 0.24693545699119568, 0.1666802167892456, 0.12103880941867828, 0.380491703748703, 0.7466146945953369]
val step Loss: [0.7292316555976868, 0.9969253540039062, 0.6259751915931702, 0.6843184232711792, 0.6911656260490417, 0.2062382996082306, 0.6648315191268921, 0.40202900767326355, 0.6945881843566895, 0.52225661277771, 0.6288955807685852, 0.6321856379508972, 0.879424512386322, 0.8617047071456909, 0.09322519600391388, 0.6536791324615479]
Train step Accs: [0.9988091693956535, 0.9345265412268625, 0.9701029473981103, 0.8557498839188981, 0.9546581134276133, 0.8987801336044148, 0.9959546925566343, 0.910945413618458, 0.9579060982191041, 0.9593144560357675, 0.951847541460576, 0.9363100945076017, 0.9780186231109754, 0.9426503340757239, 0.9868324798829554, 0.9734537124376769, 0.9027677148239386, 0.9385856927916838, 0.9766224703419399, 0.9281244986362908, 0.9820835139430718, 0.9594995060915377, 0.9396931490202035, 0.9748270278227588, 0.9537598544572469, 0.8748410792484814, 0.9422575976845152, 0.9786580684784277, 0.9155778894472362, 0.9385826771653544, 0.9524866785079928, 0.9722537725133863, 0.8776665215498476, 0.9821021231795052, 0.9394534199003473, 0.9622033401699385, 0.9595714285714285, 0.8811926605504588, 0.932216656230432, 0.9432613977418893, 0.9921810699588477, 0.9574917093759421, 0.9945115257958288, 0.8712147580925862, 0.951720915745211, 0.9706831977269792, 0.9769839028523016, 0.8051093773902401, 0.9208170117515388, 0.956506045840101, 0.9788290642969159, 1.0, 0.9743959033445351, 0.9174770394381415, 0.9806956232318189, 0.9612857142857143, 0.9420249653259362, 0.9564739805025402, 0.9343278463648834, 0.9554851365625472, 0.9695879659908437, 0.9031131359149582, 0.8638728323699422]
val step Accs: [0.8238295318127251, 0.7775525715733469, 0.8487949373906019, 0.8340656500387698, 0.8351407000686342, 0.9533002129169624, 0.8543302020332003, 0.9065340909090909, 0.848540868876271, 0.8717618434235008, 0.8487273681448438, 0.8470175438596491, 0.7967902089827964, 0.7987655908447988, 0.9791166925356286, 0.8496744920102585]
Preds: [17, 17, 145, 145, 486, 460, 460, 169, 169, 349, 205, 205, 234, 234, 155, 25, 25, 148, 148, 387, 348, 348, 348, 398, 398, 398, 324, 360, 434, 434, 339, 200, 248, 473, 398, 398, 360, 360, 360, 360, 360, 360, 434, 434, 434, 246, 19, 19, 19, 454, 454, 454, 414, 414, 414, 414, 249, 80, 80, 80, 80, 321, 320, 188, 188, 188, 171, 171, 434, 434, 339, 339, 250, 345, 43, 153, 43, 43, 43, 285, 285, 285, 285, 285, 84, 139, 139, 496, 496, 293, 274, 122, 8, 75, 354, 354, 420, 420, 360, 360, 360, 360, 434, 434, 19, 19, 19, 454, 454, 48, 414, 414, 414, 414, 102, 414, 82, 82, 47, 69, 184, 184, 321, 320, 7, 7, 7, 309, 473, 473, 398, 398, 360, 360, 360, 360, 434, 434, 434, 246, 246, 246, 246, 19, 19, 454, 454, 197, 197, 197, 7, 7, 7, 219, 219, 219, 219, 219, 219, 485, 286, 286, 286, 378, 468, 406, 467, 380, 499, 180, 486, 315, 315, 315, 315, 282, 282, 388, 348, 348, 250, 250, 250, 250, 138, 138, 153, 497, 497, 349, 349, 349, 349, 234, 234, 234, 261, 261, 25, 25, 148, 148, 153, 153, 182, 98, 98, 98, 98, 98, 197, 197, 197, 440, 188, 188, 356, 356, 257, 368, 368, 31, 342, 342, 342, 168, 168, 273, 444, 444, 444, 171, 324, 324, 324, 252, 422, 77, 478, 342, 172, 115, 115, 273, 273, 486, 486, 460, 460, 460, 178, 35, 35, 35, 411, 100, 100, 100, 182, 182, 182, 182, 182, 182, 182, 182, 182, 375, 375, 375, 98, 98, 98, 13, 226, 259, 321, 209, 287, 287, 426, 426, 426, 426, 98, 98, 98, 98, 13, 17, 83, 83, 403, 403, 403, 403, 403, 403, 403, 403, 403, 403, 403, 403, 403, 403, 403, 403, 403, 403, 403, 403, 403, 403, 403, 403, 403, 403, 403, 403, 403, 403, 403, 403, 403, 403, 403, 403, 403, 403, 403, 403, 403, 403, 403, 403, 403, 403, 403, 403, 403, 403, 403, 403, 403, 403, 403, 403, 403, 403, 403, 403, 403, 403, 403, 403, 403, 403, 403, 403, 403, 403, 403, 403, 403, 403, 403, 403, 403, 403, 403, 403, 403, 403, 403, 403, 403, 403, 403, 403, 403, 403, 403, 403, 403, 403, 403, 403, 403, 403, 403, 403, 403, 403, 403, 403, 403, 403, 403, 403, 403, 403, 403, 403, 403, 403, 403, 403, 403, 403, 403, 403, 403, 403, 403, 403, 403, 403, 403, 403, 403, 403, 403, 403, 403, 403, 403, 403, 403, 403, 403, 403, 403, 403, 403, 403, 403, 403, 403, 403, 403, 403, 403, 403, 403, 403, 403, 403, 403, 403, 403, 403, 403, 403, 403, 403, 403, 403, 403, 403, 403, 403, 403, 403, 403, 403, 403, 403, 403, 403, 403, 403, 403, 403, 403, 403, 403, 403, 403, 403, 403, 403, 403, 403, 403, 403, 403, 403, 403, 403, 403, 403, 403, 403, 403, 403, 403, 403, 403, 403, 403, 403, 403, 403, 403, 403, 403, 403, 403, 403, 403, 403, 403, 403, 403, 403, 403, 403, 403, 403, 403, 403, 403, 403, 403, 403, 403, 403, 403, 403, 403, 403, 403, 403, 403, 403, 403, 403, 403, 403, 403, 403, 403, 403, 403, 403, 403, 403, 403, 403, 403, 403, 403, 403, 403, 403, 403, 403, 403, 403, 403, 403, 403, 403, 403, 403, 403, 403, 403, 403, 403, 403, 403, 403, 403, 403, 403, 403, 403, 403, 403, 403, 403, 403, 403, 403, 403, 403, 403, 403, 403, 403, 403, 403, 403, 403, 403, 403, 403, 403]

ep320
Train step Loss: [0.13114720582962036, 0.13152731955051422, 0.14847184717655182, 0.26253554224967957, 0.16337311267852783, 0.10567273199558258, 0.19380462169647217, 0.0772438645362854, 0.048227038234472275, 0.2405381202697754, 0.16668519377708435, 0.18197502195835114, 0.006857527885586023, 0.4051251709461212, 0.3080607056617737, 0.04744354635477066, 0.006606647744774818, 0.14939531683921814, 0.07117980718612671, 0.02120872586965561, 0.01693294383585453, 0.020567208528518677, 0.6431694030761719, 0.4565836787223816, 0.07051277160644531, 0.07114973664283752, 0.035050246864557266, 0.1040484607219696, 0.37909504771232605, 0.006988965440541506, 0.25579729676246643, 0.4243176281452179, 0.008231211453676224, 0.16383488476276398, 0.31574195623397827, 0.24790750443935394, 0.22223423421382904, 0.24618205428123474, 0.2722408175468445, 0.007658235728740692, 0.37612369656562805, 0.2070550173521042, 0.3216661512851715, 0.09850800037384033, 0.1704990118741989, 0.44907963275909424, 0.23960041999816895, 0.3338550627231598, 0.1711546927690506, 0.2539949119091034, 0.39819100499153137, 0.20599707961082458, 0.25632691383361816, 0.25255313515663147, 0.13643471896648407, 0.1312040239572525, 0.24034281075000763, 0.19930116832256317, 0.12323980033397675, 0.0870312824845314, 0.3976602852344513, 0.2824690043926239, 0.31581178307533264]
val step Loss: [0.4480741322040558, 0.0977804958820343, 0.6480482816696167, 0.6688724160194397, 1.3598294258117676, 0.43817266821861267, 0.49857664108276367, 0.6151248812675476, 0.7336069941520691, 0.5653281211853027, 0.4830290973186493, 0.5605161786079407, 0.5275701880455017, 0.5273257493972778, 0.44884297251701355, 0.7492576837539673]
Train step Accs: [0.9660829783877584, 0.9697772238666459, 0.9643075045759609, 0.9309913912801999, 0.9580164765525983, 0.9725239616613418, 0.9470029757687403, 0.981457800511509, 0.9883687943262411, 0.9438397223536835, 0.9593249675465166, 0.9530278024628666, 1.0, 0.8970225366014147, 0.9172475159424588, 0.9879598662207358, 1.0, 0.960930767020971, 0.9814258399344441, 0.9967888175292784, 0.9976023017902813, 0.9964876335430997, 0.8439874832364774, 0.9045994065281899, 0.9817460317460317, 0.9834377797672337, 0.9920063948840927, 0.972686124551272, 0.8976267378177222, 0.9998652654271086, 0.9309789176849738, 0.8900888346977879, 0.999664147774979, 0.9581075142815292, 0.9214322961932905, 0.9341917024320457, 0.940102151369757, 0.937714642522635, 0.9288507821901324, 0.9998727573482631, 0.9037919549064822, 0.9453295321147074, 0.9142772247808647, 0.9761871410561703, 0.9536257383435969, 0.877498388136686, 0.9334234538695505, 0.9107896323086196, 0.9565101742252959, 0.9316011895445296, 0.8927232979387882, 0.9429576579972359, 0.9321656936335836, 0.9314063202036843, 0.9645894541518478, 0.9660300335325849, 0.9373731908562153, 0.9479286065171115, 0.9681964011717116, 0.9786604361370717, 0.8979406420351302, 0.9244858129409999, 0.9201488265598168]
val step Accs: [0.8973680730062161, 0.9784869639549794, 0.847167325428195, 0.8323258491652274, 0.6892177589852009, 0.9080837094788674, 0.8827930174563591, 0.8478601252609603, 0.8351755981530712, 0.8781366976292805, 0.8914930555555556, 0.8677961579509071, 0.8793055938275007, 0.8820427839710756, 0.8971406391512485, 0.8218761868590961]
Preds: [17, 17, 32, 32, 75, 108, 108, 119, 119, 351, 84, 171, 171, 178, 143, 458, 445, 445, 445, 451, 30, 30, 324, 301, 301, 464, 199, 331, 331, 319, 319, 315, 315, 319, 319, 319, 203, 203, 64, 76, 76, 465, 164, 27, 351, 351, 351, 486, 486, 486, 376, 376, 460, 460, 282, 282, 263, 263, 263, 263, 414, 414, 414, 414, 414, 47, 47, 82, 80, 75, 66, 66, 66, 66, 115, 115, 273, 273, 106, 293, 293, 274, 58, 144, 27, 437, 486, 486, 460, 460, 150, 150, 150, 232, 232, 172, 172, 115, 115, 267, 267, 267, 267, 267, 213, 246, 246, 246, 246, 246, 246, 464, 464, 464, 275, 116, 43, 250, 43, 276, 70, 70, 65, 65, 426, 426, 426, 426, 426, 426, 282, 282, 282, 282, 98, 215, 8, 259, 354, 65, 180, 180, 315, 113, 113, 206, 167, 215, 215, 364, 364, 276, 100, 100, 182, 182, 375, 98, 98, 98, 98, 13, 414, 414, 414, 170, 82, 170, 244, 28, 2, 244, 2, 63, 244, 2, 63, 244, 163, 244, 73, 289, 435, 66, 66, 66, 68, 172, 172, 115, 115, 267, 267, 267, 267, 360, 434, 434, 434, 434, 339, 398, 398, 398, 464, 464, 464, 464, 330, 330, 378, 43, 43, 43, 276, 276, 153, 153, 153, 387, 387, 387, 387, 387, 387, 58, 360, 324, 324, 464, 464, 464, 315, 315, 282, 282, 282, 282, 413, 43, 43, 364, 276, 276, 100, 346, 139, 293, 293, 122, 122, 402, 183, 183, 183, 110, 110, 464, 139, 139, 139, 139, 375, 185, 49, 49, 269, 323, 224, 397, 106, 88, 387, 88, 216, 216, 114, 89, 89, 446, 446, 199, 199, 120, 330, 330, 330, 379, 77, 368, 453, 168, 168, 490, 422, 99, 99, 99, 338, 338, 338, 60, 60, 395, 298, 139, 139, 139, 175, 251, 10, 10, 217, 473, 473, 398, 398, 360, 360, 434, 301, 301, 143, 259, 345, 345, 81, 278, 374, 374, 378, 43, 8, 345, 276, 346, 174, 174, 426, 426, 426, 319, 348, 348, 175, 43, 43, 345, 81, 81, 403, 171, 360, 360, 434, 339, 200, 248, 76, 465, 465, 183, 451, 451, 30, 324, 324, 301, 143, 129, 259, 74, 74, 351, 351, 351, 264, 264, 120, 120, 120, 120, 120, 37, 271, 271, 99, 99, 99, 436, 338, 338, 447, 427, 427, 427, 56, 56, 312, 312, 126, 126, 292, 1, 1, 1, 1, 1, 1, 1, 408, 408, 408, 149, 228, 244, 321, 321, 412, 287, 287, 111, 111, 460, 460, 169, 150, 77, 342, 232, 172, 172, 115, 115, 267, 267, 267, 267, 267, 246, 246, 246, 246, 246, 246, 246, 117, 32, 197, 32, 32, 219, 219, 219, 219, 219, 152, 485, 374, 374, 374, 374, 374, 374, 374, 374, 132, 132, 98, 98, 98, 197, 197, 197, 197, 197, 80, 75, 75, 155, 155, 155, 25, 25, 106, 106, 387, 293, 58, 58, 27, 27, 437, 437, 486, 151, 460, 169, 150, 150, 342, 232, 172, 172, 115, 267, 267, 267, 267, 213, 246, 246, 3, 3, 3, 3, 188, 30, 324, 422, 422, 349, 349, 402, 25, 106, 106, 284, 206, 319, 348, 348, 203, 399, 250, 276, 276, 138, 346, 346, 372, 372, 406, 467, 467, 467, 443, 443, 443, 463, 203, 43, 175, 81, 81, 431, 443, 403, 403, 325, 325, 171, 464, 464, 324, 301, 301, 173, 406, 473, 464, 464, 464, 120, 120, 120, 355, 355, 282, 263, 263, 263, 414, 414, 414, 414, 170, 170, 187, 187, 187, 187, 187, 244, 391, 73, 244, 244, 320, 320]

ep321
Train step Loss: [0.20118948817253113, 0.16549372673034668, 0.31319692730903625, 0.18304477632045746, 0.13777002692222595, 0.0584806390106678, 0.12428580224514008, 0.18361884355545044, 0.07633647322654724, 0.3093809187412262, 0.4039084017276764, 0.19333134591579437, 0.08830396831035614, 0.00814650859683752, 0.2390088140964508, 0.24990558624267578, 0.0844019204378128, 0.263989120721817, 0.14128607511520386, 0.13562831282615662, 0.14754539728164673, 0.13199791312217712, 0.23997734487056732, 0.23556794226169586, 0.1289377063512802, 0.2505461871623993, 0.1804361492395401, 0.09423564374446869, 0.14814159274101257, 0.05797029286623001, 0.008651520125567913, 0.7092728018760681, 0.292131245136261, 0.256682425737381, 0.04797286167740822, 0.11888474225997925, 0.10885738581418991, 0.17740629613399506, 0.1544366031885147, 0.5362527370452881, 0.15376928448677063, 0.1479051411151886, 0.22340774536132812, 0.14422522485256195, 0.15400849282741547, 0.11854328215122223, 0.16695047914981842, 0.40608251094818115, 0.39668604731559753, 0.6412523984909058, 0.05790470167994499, 0.3671051859855652, 0.1425403505563736, 0.08662599325180054, 0.16651934385299683, 0.3498273193836212, 0.01798497512936592, 0.2040398269891739, 0.4667423367500305, 0.11582819372415543, 0.39706820249557495, 0.007568877190351486, 0.11578813195228577]
val step Loss: [0.46648311614990234, 0.2905167043209076, 0.5670673251152039, 0.28920918703079224, 1.2465153932571411, 0.7593382000923157, 0.44629138708114624, 0.30789029598236084, 0.42617106437683105, 0.36049628257751465, 0.8825540542602539, 0.7684123516082764, 0.8401896357536316, 0.694523811340332, 0.6982204914093018, 0.8222715854644775]
Train step Accs: [0.9499118165784832, 0.9564200058496637, 0.9142408924525013, 0.9508526923593393, 0.9664023071377073, 0.9859790491539081, 0.967642300338285, 0.949883788495061, 0.9810233342704526, 0.9197060047150187, 0.893671650808035, 0.9512476561373143, 0.9778222701370707, 0.9996883278790712, 0.9404876483798524, 0.93453985367732, 0.9818479392947478, 0.9276502044668135, 0.963224111710217, 0.9627408447109863, 0.963285910968334, 0.9651045421773612, 0.9399110856159473, 0.9405554653240215, 0.9688324538258575, 0.9291395516992046, 0.952793546459516, 0.9770898915704792, 0.9628950984883188, 0.9860618014464169, 0.9998431864513094, 0.8108837061716643, 0.9241690329046267, 0.931113662456946, 0.9879518072289156, 0.967409948542024, 0.9750871948181365, 0.9539194014623363, 0.9623630300142926, 0.8628318584070797, 0.9602739726027397, 0.962010170505534, 0.9398670582779409, 0.963932107496464, 0.9596697794018135, 0.9672002510985562, 0.9576450656501483, 0.9131602506714414, 0.8946946626061869, 0.8247777459133926, 0.9848139711465452, 0.9029487546521615, 0.9612501767783906, 0.9781942913144677, 0.9622318726148177, 0.9039480019258546, 0.9973593873778717, 0.9430688243322285, 0.8746484531940538, 0.9714242286061712, 0.8982259570494865, 0.9998677073686996, 0.9724696356275304]
val step Accs: [0.8888274336283186, 0.9293665518155314, 0.8779386372692256, 0.9278640059127864, 0.7067236803302861, 0.826016664593956, 0.8965338851526126, 0.9274213836477987, 0.8945369558866492, 0.9145476772616137, 0.802204764318297, 0.8247560486565967, 0.800952380952381, 0.8406406949911769, 0.8366193299324417, 0.8042304230423042]
Preds: [17, 309, 479, 479, 398, 278, 17, 17, 465, 77, 77, 54, 142, 108, 119, 351, 351, 494, 498, 468, 468, 468, 468, 467, 337, 337, 337, 337, 434, 339, 339, 94, 479, 331, 331, 84, 84, 84, 426, 426, 16, 375, 375, 375, 98, 98, 98, 98, 13, 13, 414, 259, 170, 187, 187, 442, 442, 187, 341, 2, 2, 244, 341, 341, 341, 2, 163, 2, 163, 244, 63, 63, 63, 244, 73, 73, 73, 73, 320, 320, 320, 7, 7, 7, 7, 219, 420, 420, 213, 213, 213, 213, 213, 213, 246, 246, 246, 246, 246, 246, 246, 3, 3, 3, 464, 188, 177, 177, 301, 216, 259, 354, 109, 109, 109, 403, 171, 171, 171, 171, 171, 246, 246, 246, 246, 246, 324, 422, 186, 99, 338, 338, 338, 338, 338, 400, 400, 400, 30, 464, 171, 171, 252, 252, 143, 36, 310, 310, 54, 107, 395, 395, 485, 286, 286, 464, 365, 365, 315, 315, 315, 315, 282, 282, 282, 282, 282, 413, 413, 43, 43, 43, 276, 138, 138, 138, 182, 182, 182, 182, 182, 182, 182, 426, 282, 282, 282, 282, 303, 303, 94, 199, 331, 84, 302, 302, 496, 375, 375, 130, 130, 130, 402, 196, 196, 309, 398, 398, 464, 464, 264, 468, 406, 406, 88, 43, 43, 43, 276, 276, 174, 174, 387, 413, 348, 348, 33, 398, 398, 398, 398, 464, 464, 443, 355, 355, 282, 460, 263, 263, 263, 263, 414, 414, 414, 187, 187, 187, 187, 187, 47, 47, 244, 392, 392, 73, 73, 73, 244, 75, 75, 310, 310, 323, 377, 397, 106, 106, 374, 153, 153, 424, 182, 182, 182, 182, 182, 182, 182, 497, 497, 497, 497, 122, 122, 129, 36, 310, 323, 108, 119, 437, 106, 106, 481, 481, 139, 293, 81, 81, 299, 299, 146, 324, 324, 422, 301, 143, 259, 354, 345, 109, 109, 109, 355, 355, 355, 355, 355, 355, 355, 355, 355, 355, 287, 287, 460, 460, 169, 215, 35, 259, 354, 431, 265, 111, 428, 428, 438, 438, 368, 31, 449, 449, 351, 486, 486, 443, 443, 240, 240, 449, 449, 449, 324, 324, 324, 477, 464, 464, 132, 132, 132, 381, 465, 465, 465, 259, 441, 441, 100, 100, 100, 100, 100, 375, 98, 98, 98, 48, 13, 13, 414, 170, 170, 170, 170, 28, 28, 28, 28, 63, 63, 63, 63, 244, 2, 2, 2, 2, 2, 63, 63, 63, 63, 63, 63, 244, 73, 73, 73, 73, 244, 321, 412, 287, 287, 287, 287, 284, 284, 284, 284, 450, 450, 450, 450, 16, 43, 43, 276, 276, 174, 387, 497, 497, 43, 43, 43, 8, 239, 219, 219, 464, 464, 476, 171, 171, 171, 171, 252, 252, 143, 99, 99, 338, 338, 445, 219, 219, 30, 477, 477, 374, 374, 132, 132, 186, 186, 186, 162, 482, 482, 482, 482, 482, 115, 273, 273, 106, 106, 424, 497, 497, 122, 122, 259, 310, 445, 445, 445, 351, 213, 213, 213, 324, 324, 19, 19, 19, 454, 197, 259, 7, 7, 188, 398, 398, 464, 171, 171, 252, 457, 457, 8, 364, 345, 109, 109, 109, 284, 284, 376, 376, 206, 206, 206, 167, 167, 35, 411, 100, 100, 100, 375, 98, 98, 98, 233, 259, 259, 441, 441, 100, 100, 100, 481, 387, 375, 98, 98, 98, 98, 13, 414, 414, 170, 170, 170, 170, 28, 2, 2, 2, 244, 2, 244, 63, 63, 63, 244, 63, 63, 392, 63, 73, 244, 73, 73, 73, 321, 320, 320, 7, 7, 487, 374, 374, 374, 374, 374, 374, 132, 132, 274, 274, 88, 288, 337, 337]

ep322
Train step Loss: [0.12325611710548401, 0.3353738486766815, 0.3500567078590393, 0.007209856528788805, 0.14025484025478363, 0.20728570222854614, 0.0697687566280365, 0.025670303031802177, 0.006841355003416538, 0.1740005910396576, 0.13216762244701385, 0.05118747428059578, 0.02419963665306568, 0.2388032078742981, 0.16157767176628113, 0.05387212708592415, 0.07655487954616547, 0.17331789433956146, 0.323601096868515, 0.007624948862940073, 0.43021446466445923, 0.41524308919906616, 0.1906653195619583, 0.4189549386501312, 0.15570785105228424, 0.11689689755439758, 0.27156126499176025, 0.3135433495044708, 0.2067924588918686, 0.08422975987195969, 0.2191365510225296, 0.21846839785575867, 0.09521634131669998, 0.10467074811458588, 0.2518041431903839, 0.06132392957806587, 0.5106272101402283, 0.16755379736423492, 0.1946152001619339, 0.007168097421526909, 0.357889324426651, 0.10843401402235031, 0.10953360795974731, 0.1318785846233368, 0.18808457255363464, 0.17770755290985107, 0.3404887020587921, 0.16653990745544434, 0.2358299046754837, 0.17655539512634277, 0.3099607825279236, 0.10897530615329742, 0.1997043788433075, 0.24168400466442108, 0.44991886615753174, 0.32997336983680725, 0.13312457501888275, 0.06598992645740509, 0.0729341134428978, 0.42710772156715393, 0.1567630171775818, 0.6290342211723328, 0.007059578783810139]
val step Loss: [0.6664614677429199, 0.6994601488113403, 0.3490227162837982, 0.7958369851112366, 1.2328839302062988, 0.3344641625881195, 0.39207667112350464, 0.8566552400588989, 0.8935067653656006, 0.26875340938568115, 1.238255500793457, 0.34735825657844543, 0.430519163608551, 0.35202786326408386, 0.37308254837989807, 0.24401482939720154]
Train step Accs: [0.9670881690628789, 0.9110781271083525, 0.909155733029093, 1.0, 0.9638518074096295, 0.9454433686798832, 0.9834654968786908, 0.9955137481910274, 1.0, 0.9529818036923894, 0.9642612624948651, 0.9866522366522367, 0.9960659706460887, 0.9361397479954181, 0.9596290234588107, 0.9868478103772221, 0.9820110701107011, 0.9554317548746518, 0.9111422564821303, 0.999832299178266, 0.8822040208488459, 0.9019556372227326, 0.9506479905746825, 0.89605957182749, 0.958788549301618, 0.971354956047287, 0.9290109560258142, 0.9185232336091661, 0.9471836604435935, 0.9831237590999338, 0.947958647275276, 0.9414454277286136, 0.977640819836606, 0.9724295506473725, 0.9324479422856206, 0.9856216521003665, 0.8556052558009505, 0.9549144679617281, 0.9489747257987602, 0.9998637973304276, 0.9061162079510703, 0.9770833333333333, 0.971655328798186, 0.964663327768503, 0.9477503628447025, 0.951561132185585, 0.9103953594871012, 0.958562091503268, 0.9422644999339411, 0.9580769781084562, 0.9173714127270206, 0.9714202391367746, 0.947119924457035, 0.9356307879155913, 0.8753552578156719, 0.9144907619483891, 0.9633207547169811, 0.983475866067546, 0.9819101640349532, 0.8883155792276964, 0.9635566053652775, 0.8494640857462806, 1.0]
val step Accs: [0.8392125984251968, 0.8347571679344646, 0.918160667852744, 0.807596685082873, 0.7188455911690385, 0.920599666851749, 0.910530590146183, 0.8117868338557994, 0.7926261319534282, 0.934958197534363, 0.7192224622030238, 0.9241540256709452, 0.899323720811535, 0.9114239624578384, 0.9149587436784669, 0.9414071008494881]
Preds: [17, 17, 17, 284, 486, 486, 460, 460, 169, 150, 349, 234, 234, 234, 261, 25, 25, 332, 332, 399, 399, 53, 473, 473, 473, 398, 360, 360, 360, 360, 434, 434, 434, 339, 339, 216, 81, 398, 398, 324, 360, 360, 360, 360, 360, 360, 434, 434, 434, 434, 434, 19, 19, 454, 454, 454, 417, 414, 414, 414, 249, 249, 249, 82, 80, 80, 80, 320, 321, 188, 188, 188, 290, 171, 171, 171, 434, 339, 399, 53, 345, 345, 100, 497, 497, 497, 122, 285, 285, 285, 285, 285, 241, 431, 431, 139, 139, 139, 293, 175, 122, 216, 458, 192, 192, 180, 470, 403, 290, 290, 171, 434, 434, 434, 19, 19, 19, 19, 454, 454, 414, 414, 414, 414, 414, 414, 102, 414, 47, 47, 20, 380, 73, 244, 244, 321, 7, 7, 7, 309, 309, 309, 309, 398, 398, 360, 360, 360, 360, 360, 434, 434, 434, 434, 434, 434, 434, 434, 19, 19, 454, 454, 197, 197, 197, 197, 7, 321, 7, 219, 219, 219, 219, 451, 30, 30, 286, 286, 286, 468, 468, 468, 468, 467, 380, 180, 486, 315, 315, 315, 315, 315, 315, 315, 450, 450, 203, 203, 53, 250, 250, 250, 138, 138, 138, 345, 345, 387, 186, 186, 186, 349, 349, 234, 234, 234, 234, 261, 25, 25, 374, 374, 153, 153, 153, 182, 182, 98, 98, 98, 98, 197, 259, 259, 183, 183, 183, 257, 171, 171, 257, 422, 31, 31, 342, 342, 342, 342, 115, 273, 26, 359, 171, 171, 171, 171, 171, 171, 252, 422, 143, 478, 342, 342, 342, 115, 115, 273, 273, 486, 486, 486, 460, 460, 460, 169, 35, 35, 35, 441, 441, 100, 100, 424, 424, 182, 182, 182, 182, 182, 182, 182, 182, 182, 182, 375, 375, 98, 98, 98, 13, 13, 226, 321, 75, 437, 437, 437, 405, 405, 405, 206, 98, 98, 98, 98, 13, 13, 17, 83, 83, 403, 403, 403, 403, 403, 403, 403, 403, 403, 403, 403, 403, 403, 403, 403, 403, 403, 403, 403, 403, 403, 403, 403, 403, 403, 403, 403, 403, 403, 403, 403, 403, 403, 403, 403, 403, 403, 403, 403, 403, 403, 403, 403, 403, 403, 403, 403, 403, 403, 403, 403, 403, 403, 403, 403, 403, 403, 403, 403, 403, 403, 403, 403, 403, 403, 403, 403, 403, 403, 403, 403, 403, 403, 403, 403, 403, 403, 403, 403, 403, 403, 403, 403, 403, 403, 403, 403, 403, 403, 403, 403, 403, 403, 403, 403, 403, 403, 403, 403, 403, 403, 403, 403, 403, 403, 403, 403, 403, 403, 403, 403, 403, 403, 403, 403, 403, 403, 403, 403, 403, 403, 403, 403, 403, 403, 403, 403, 403, 403, 403, 403, 403, 403, 403, 403, 403, 403, 403, 403, 403, 403, 403, 403, 403, 403, 403, 403, 403, 403, 403, 403, 403, 403, 403, 403, 403, 403, 403, 403, 403, 403, 403, 403, 403, 403, 403, 403, 403, 403, 403, 403, 403, 403, 403, 403, 403, 403, 403, 403, 403, 403, 403, 403, 403, 403, 403, 403, 403, 403, 403, 403, 403, 403, 403, 403, 403, 403, 403, 403, 403, 403, 403, 403, 403, 403, 403, 403, 403, 403, 403, 403, 403, 403, 403, 403, 403, 403, 403, 403, 403, 403, 403, 403, 403, 403, 403, 403, 403, 403, 403, 403, 403, 403, 403, 403, 403, 403, 403, 403, 403, 403, 403, 403, 403, 403, 403, 403, 403, 403, 403, 403, 403, 403, 403, 403, 403, 403, 403, 403, 403, 403, 403, 403, 403, 403, 403, 403, 403, 403, 403, 403, 403, 403, 403, 403, 403, 403, 403, 403]

ep323
Train step Loss: [0.1871071457862854, 0.4022284746170044, 0.04979248344898224, 0.20377162098884583, 0.017288491129875183, 0.4011279046535492, 0.5959337949752808, 0.1197347342967987, 0.10835693031549454, 0.043525829911231995, 0.33268284797668457, 0.12681196630001068, 0.08810727298259735, 0.23171517252922058, 0.2869897186756134, 0.13259603083133698, 0.007446769624948502, 0.07023628056049347, 0.1441344916820526, 0.0714428573846817, 0.26894038915634155, 0.19254714250564575, 0.06908180564641953, 0.17035512626171112, 0.24681182205677032, 0.10280134528875351, 0.1312730610370636, 0.348254919052124, 0.20206966996192932, 0.19094672799110413, 0.2438330054283142, 0.3104061782360077, 0.3319380581378937, 0.1769159734249115, 0.32240575551986694, 0.006309693679213524, 0.0065285093151032925, 0.21269617974758148, 0.04842688515782356, 0.36734849214553833, 0.10352345556020737, 0.3041348457336426, 0.11732163280248642, 0.09390273690223694, 0.45615366101264954, 0.09923636168241501, 0.37511852383613586, 0.018145030364394188, 0.0077974265441298485, 0.15732289850711823, 0.1267872452735901, 0.04687969759106636, 0.17211847007274628, 0.007126682437956333, 0.34537559747695923, 0.20988810062408447, 0.10134091973304749, 0.0832991898059845, 0.05474409461021423, 0.11323888599872589, 0.09958244860172272, 0.3531092405319214, 0.008222402073442936]
val step Loss: [0.3636336028575897, 0.7621404528617859, 0.46054384112358093, 0.4293738007545471, 0.8358760476112366, 1.1609158515930176, 0.9336256384849548, 0.23939569294452667, 0.556338369846344, 0.4227960407733917, 0.6272150278091431, 0.737234354019165, 0.14995083212852478, 0.7091044783592224, 0.8491250276565552, 0.4633640646934509]
Train step Accs: [0.9500664974005562, 0.9077040427154843, 0.9897184435305283, 0.9429535593765065, 0.9974758723088345, 0.8931567328918323, 0.8705357142857143, 0.9717387558159573, 0.9754314126937701, 0.9903986034332266, 0.9090139652983495, 0.9663394109396914, 0.9759733680706325, 0.9408817635270541, 0.9264705882352942, 0.9639286679275871, 0.999869007073618, 0.983661825726141, 0.9623828647925033, 0.9832902670111973, 0.9261435832274459, 0.9484917472965282, 0.9839474086531111, 0.9540605888209358, 0.9372508489591023, 0.9725741541213295, 0.9633598340822676, 0.9114661341321352, 0.9493690366266544, 0.9508284339925174, 0.9378238341968912, 0.915118978525827, 0.9174328465837389, 0.9537171423963877, 0.9139111434814275, 1.0, 1.0, 0.9424136204306459, 0.9883997204751922, 0.9076078670529044, 0.9710991787744788, 0.916891689168917, 0.9693348010693505, 0.9773139745916516, 0.8792106158557332, 0.973847893695222, 0.899479825671306, 0.9973274642351831, 0.9998529411764706, 0.9586788884038994, 0.9656072470443728, 0.9887439945092656, 0.9571651090342679, 1.0, 0.9064872785400293, 0.9442011583557, 0.97411933860532, 0.978240302743614, 0.9873255482768442, 0.9689774696707105, 0.9739884393063584, 0.9072742955721679, 0.9994340690435767]
val step Accs: [0.9097523615011488, 0.8371777476255088, 0.8898317701354771, 0.9023351648351648, 0.813849980363922, 0.7372531682876511, 0.7811878374538221, 0.9430927835051547, 0.8627917348000594, 0.8984870037501617, 0.8469461948618516, 0.8242424242424242, 0.9659704980283336, 0.8333751253761283, 0.8057689885375992, 0.9041804635761589]
Preds: [17, 17, 287, 287, 284, 265, 480, 85, 85, 146, 330, 388, 348, 64, 212, 199, 242, 374, 374, 10, 10, 473, 398, 398, 398, 213, 171, 246, 246, 246, 246, 246, 246, 246, 246, 318, 49, 49, 269, 323, 323, 219, 219, 213, 213, 360, 434, 246, 434, 434, 434, 19, 19, 19, 19, 454, 454, 454, 414, 414, 414, 414, 170, 47, 80, 80, 321, 75, 75, 66, 323, 323, 323, 323, 273, 273, 106, 153, 497, 274, 274, 122, 458, 192, 192, 445, 445, 351, 351, 403, 403, 290, 290, 290, 290, 360, 434, 434, 434, 434, 434, 434, 246, 434, 246, 246, 19, 248, 76, 465, 445, 445, 445, 351, 351, 171, 171, 171, 252, 183, 183, 183, 110, 110, 403, 403, 171, 171, 171, 252, 314, 76, 183, 183, 183, 183, 420, 213, 213, 213, 213, 213, 246, 246, 246, 246, 246, 246, 197, 197, 196, 75, 471, 258, 38, 38, 31, 31, 162, 232, 232, 172, 172, 115, 115, 267, 267, 267, 444, 286, 301, 301, 301, 132, 42, 42, 42, 147, 147, 147, 70, 88, 288, 374, 319, 348, 53, 53, 471, 368, 49, 49, 453, 219, 219, 219, 324, 324, 464, 464, 464, 464, 180, 315, 315, 315, 315, 315, 450, 450, 450, 413, 413, 175, 182, 182, 182, 182, 182, 182, 182, 182, 182, 182, 375, 375, 98, 98, 98, 98, 13, 229, 229, 414, 312, 312, 312, 23, 23, 23, 23, 23, 260, 260, 391, 244, 244, 73, 244, 321, 321, 320, 287, 287, 287, 353, 372, 372, 372, 467, 467, 499, 486, 486, 460, 460, 150, 150, 453, 54, 168, 168, 494, 494, 494, 38, 478, 342, 342, 172, 115, 273, 273, 273, 319, 319, 319, 348, 348, 348, 64, 64, 398, 398, 398, 324, 464, 464, 464, 464, 315, 315, 315, 315, 282, 282, 175, 175, 216, 241, 81, 431, 431, 443, 428, 443, 146, 438, 438, 325, 34, 324, 324, 301, 301, 301, 173, 337, 337, 464, 464, 464, 464, 464, 486, 376, 460, 460, 460, 263, 263, 263, 263, 13, 78, 78, 170, 170, 170, 244, 28, 244, 2, 2, 2, 2, 2, 2, 2, 2, 244, 63, 163, 316, 73, 73, 73, 244, 321, 320, 7, 7, 7, 479, 479, 290, 290, 290, 290, 290, 290, 434, 434, 434, 434, 434, 339, 339, 199, 199, 331, 110, 486, 486, 460, 460, 215, 35, 43, 182, 182, 182, 182, 88, 88, 88, 183, 324, 324, 324, 324, 324, 301, 301, 212, 280, 280, 420, 420, 420, 213, 213, 246, 246, 246, 19, 19, 454, 454, 129, 401, 401, 354, 354, 354, 100, 288, 499, 498, 498, 406, 406, 406, 467, 120, 120, 120, 120, 282, 37, 37, 24, 24, 24, 310, 310, 107, 338, 338, 338, 400, 400, 447, 447, 148, 17, 219, 278, 278, 278, 278, 278, 278, 403, 403, 403, 403, 403, 403, 403, 403, 403, 403, 403, 403, 403, 403, 403, 403, 403, 403, 403, 403, 403, 403, 403, 403, 403, 403, 403, 403, 403, 403, 403, 403, 403, 403, 403, 403, 403, 403, 403, 403, 403, 403, 403, 403, 403, 403, 403, 403, 403, 403, 403, 403, 403, 403, 403, 403, 403, 403, 403, 403, 403, 403, 403, 403, 403, 403, 403, 403, 403, 403, 403, 403, 403, 403, 403, 403, 403, 403, 403, 403, 403, 403, 403, 403, 403, 403, 403, 403, 403, 403, 403, 403, 403, 403, 403, 403, 403, 403, 403, 403, 403, 403, 403, 403, 403, 403, 403, 403, 403, 403, 403, 403, 403, 403, 403, 403, 403, 403, 403, 403, 403, 403, 403, 403, 403, 403, 403]

ep324
Train step Loss: [0.19893033802509308, 0.302074134349823, 0.3555765748023987, 0.22121326625347137, 0.419452428817749, 0.30923011898994446, 0.08944346010684967, 0.27665311098098755, 0.12919580936431885, 0.23916473984718323, 0.41486939787864685, 0.18574772775173187, 0.24457846581935883, 0.19644059240818024, 0.16879771649837494, 0.1728367805480957, 0.5829201936721802, 0.11712945252656937, 0.043658360838890076, 0.1257961243391037, 0.07975353300571442, 0.13156722486019135, 0.14067654311656952, 0.17208808660507202, 0.19640102982521057, 0.013340584002435207, 0.28261467814445496, 0.1940287947654724, 0.3289079964160919, 0.06599119305610657, 0.1816616654396057, 0.3837128281593323, 0.34458500146865845, 0.4916413426399231, 0.11643052101135254, 0.19763460755348206, 0.1542373150587082, 0.3821047246456146, 0.19339266419410706, 0.4259529411792755, 0.17039330303668976, 0.2215963751077652, 0.0881289392709732, 0.0917256698012352, 0.09756755083799362, 0.025313816964626312, 0.019954144954681396, 0.40038666129112244, 0.60001140832901, 0.37682220339775085, 0.3405522406101227, 0.22425685822963715, 0.007169470656663179, 0.07637748122215271, 0.19999799132347107, 0.18432243168354034, 0.032787222415208817, 0.0815606564283371, 0.06978176534175873, 0.2467775195837021, 0.2639545798301697, 0.07205163687467575, 1.0215697288513184]
val step Loss: [0.4464010000228882, 0.4574829041957855, 1.0351719856262207, 0.6113883852958679, 0.9629743695259094, 0.11402426660060883, 0.3020673096179962, 0.86638343334198, 0.4699729084968567, 0.8614540100097656, 0.40432846546173096, 0.4242748022079468, 0.7547343969345093, 0.9332700371742249, 0.7079705595970154, 0.28073516488075256]
Train step Accs: [0.9497919556171983, 0.9210954848260547, 0.9022024121657053, 0.9425408539799683, 0.8895412342981978, 0.9171648163962425, 0.9767538975501113, 0.9253976268619035, 0.9686318972033258, 0.9382568196939455, 0.8901285129219036, 0.9515870471304906, 0.9367594023699124, 0.9486963835155593, 0.9546351084812623, 0.953133589884552, 0.8488600332175751, 0.9687541906933083, 0.9901253323205469, 0.967045958327176, 0.9794530056920727, 0.9657264179557173, 0.9637235796732124, 0.955206682990062, 0.9519038076152304, 0.9985390796201608, 0.9290894439967768, 0.9494259555297195, 0.9144811858608894, 0.984375, 0.9535547873139937, 0.8930010993037742, 0.913885078494132, 0.8915152343216286, 0.9674623688611829, 0.9487062404870624, 0.9620320855614973, 0.9013094857872884, 0.9483791882320893, 0.8930654569021387, 0.9555101399151077, 0.9451340996168582, 0.9804854050508364, 0.9769163763066202, 0.9738582677165354, 0.994982173511158, 0.996378998189499, 0.8859399684044234, 0.8565073898694218, 0.8945550027639579, 0.9086294416243654, 0.9405661775603972, 1.0, 0.9804211911813097, 0.9476828912853396, 0.9508064516129032, 0.9944693572496263, 0.9820867379006913, 0.9838163895836398, 0.935757378118376, 0.9330637289081021, 0.9818568159529258, 0.7277760689018763]
val step Accs: [0.8968159598361739, 0.8909883720930233, 0.7543414881480542, 0.8582166543846721, 0.7676413255360623, 0.9741403026134801, 0.9317998385794996, 0.7947494033412887, 0.8926724137931035, 0.8013645526438208, 0.9043033403551008, 0.8959838881649094, 0.8219235615287694, 0.7959303693248647, 0.8282828282828283, 0.9388338833883388]
Preds: [17, 17, 17, 232, 482, 482, 482, 172, 172, 115, 115, 273, 273, 273, 486, 486, 376, 460, 460, 460, 169, 178, 35, 183, 183, 183, 183, 183, 451, 30, 30, 213, 213, 213, 213, 213, 213, 213, 213, 318, 368, 368, 368, 453, 453, 238, 6, 6, 272, 114, 114, 191, 277, 177, 301, 385, 457, 8, 345, 345, 473, 109, 109, 360, 360, 171, 171, 171, 246, 246, 246, 246, 246, 3, 19, 3, 454, 454, 197, 226, 259, 320, 72, 72, 72, 437, 437, 437, 284, 284, 284, 284, 306, 265, 306, 85, 85, 468, 468, 468, 468, 468, 468, 468, 468, 468, 468, 396, 396, 452, 452, 263, 263, 225, 225, 225, 225, 225, 225, 7, 7, 75, 75, 310, 310, 107, 107, 395, 395, 470, 443, 443, 443, 443, 443, 271, 271, 271, 271, 150, 150, 39, 39, 86, 86, 68, 68, 68, 68, 68, 68, 68, 66, 68, 68, 68, 68, 115, 115, 115, 267, 267, 267, 444, 252, 252, 143, 458, 192, 192, 27, 27, 196, 196, 399, 70, 70, 65, 65, 284, 284, 426, 426, 426, 426, 426, 282, 282, 167, 167, 35, 35, 35, 225, 441, 100, 100, 100, 497, 497, 98, 98, 98, 129, 129, 259, 441, 441, 437, 437, 437, 426, 426, 426, 426, 426, 426, 426, 413, 413, 452, 452, 452, 48, 48, 417, 417, 417, 417, 414, 414, 170, 414, 312, 187, 187, 341, 341, 249, 2, 249, 341, 341, 244, 163, 163, 163, 391, 391, 244, 244, 73, 73, 244, 321, 320, 287, 287, 100, 481, 481, 481, 293, 293, 293, 98, 35, 35, 14, 411, 441, 437, 437, 437, 481, 481, 481, 426, 182, 182, 182, 375, 375, 98, 98, 98, 98, 197, 197, 197, 414, 197, 7, 7, 7, 7, 7, 4, 4, 4, 4, 4, 280, 280, 485, 213, 213, 213, 213, 246, 246, 246, 246, 252, 252, 143, 129, 414, 259, 75, 74, 420, 420, 213, 213, 213, 213, 213, 246, 246, 246, 246, 434, 19, 19, 303, 303, 414, 414, 414, 414, 249, 197, 80, 249, 80, 7, 7, 7, 7, 7, 65, 287, 287, 284, 284, 284, 284, 284, 284, 284, 284, 376, 376, 376, 460, 460, 460, 460, 460, 167, 167, 35, 14, 188, 188, 188, 324, 464, 464, 464, 464, 339, 116, 116, 250, 250, 250, 250, 345, 276, 276, 153, 182, 375, 375, 413, 122, 49, 49, 269, 269, 9, 9, 142, 142, 219, 485, 485, 374, 374, 374, 374, 139, 139, 139, 139, 497, 497, 497, 122, 122, 186, 310, 310, 107, 107, 107, 395, 395, 351, 443, 443, 271, 271, 150, 150, 342, 86, 68, 68, 115, 115, 267, 267, 267, 267, 213, 324, 324, 3, 3, 3, 183, 188, 188, 188, 264, 443, 120, 120, 271, 271, 150, 31, 162, 86, 86, 86, 238, 238, 336, 336, 437, 437, 437, 499, 499, 306, 468, 468, 468, 467, 467, 396, 245, 245, 35, 35, 35, 259, 259, 74, 441, 100, 302, 497, 38, 38, 31, 162, 54, 54, 224, 224, 494, 494, 50, 271, 31, 478, 478, 342, 342, 172, 115, 115, 267, 267, 267, 213, 246, 374, 374, 132, 132, 374, 352, 352, 352, 352, 352, 305, 439, 13, 78, 78, 82, 170, 28, 187, 187, 12, 12, 12, 12, 12, 12, 63, 163, 63, 63, 63, 392, 316, 73, 73, 244, 73, 244, 321, 320, 7, 7, 7, 398, 398, 398, 464, 464, 464, 464, 330, 330, 330, 199, 199, 335, 14, 84, 84, 350, 350, 153, 153, 153, 182, 182, 182, 182, 182, 98, 98, 98, 98, 98, 98, 48, 48, 414]

ep325
Train step Loss: [0.09343678504228592, 0.03223906084895134, 0.04418966919183731, 0.18445083498954773, 0.09367332607507706, 0.6251015067100525, 0.007624465972185135, 0.31077590584754944, 0.1717565655708313, 0.432638555765152, 0.00723945302888751, 0.0633174479007721, 0.19064980745315552, 0.2634674906730652, 0.35002005100250244, 0.07489249110221863, 0.26659443974494934, 0.19870300590991974, 0.11423204094171524, 0.4226688742637634, 0.07637634873390198, 0.2635275423526764, 0.15462255477905273, 0.3521665036678314, 0.11220795661211014, 0.28295737504959106, 0.16618916392326355, 0.26138633489608765, 0.01822514645755291, 0.1695699691772461, 0.11078288406133652, 0.20768515765666962, 0.08286882936954498, 0.4540424048900604, 0.21702849864959717, 0.06707994639873505, 0.2363976240158081, 0.09530740976333618, 0.13310375809669495, 0.12757450342178345, 0.6105521321296692, 0.24529165029525757, 0.4384511709213257, 0.4172411859035492, 0.2949334681034088, 0.16313154995441437, 0.1447407603263855, 0.1573183238506317, 0.39587506651878357, 0.36554405093193054, 0.4296889007091522, 0.24409931898117065, 0.12149827182292938, 0.10719671845436096, 0.3954962491989136, 0.006540986709296703, 0.0785103589296341, 0.1352800577878952, 0.069717638194561, 0.15409396588802338, 0.06712640821933746, 0.007710966281592846, 0.006194168236106634]
val step Loss: [0.7554530501365662, 0.565828800201416, 0.4606257975101471, 0.6793397068977356, 0.43131157755851746, 0.7544561624526978, 0.5798261165618896, 1.0129669904708862, 0.339251309633255, 0.6235354542732239, 0.7642621994018555, 0.4950544536113739, 0.5471188426017761, 0.7468603253364563, 0.446345716714859, 0.39905664324760437]
Train step Accs: [0.9752700767929194, 0.9941768964431854, 0.9899183869419107, 0.9524205853793869, 0.9757329218684248, 0.8488745980707395, 0.9996756932057727, 0.91697799916978, 0.9530737412637285, 0.9039391845196959, 1.0, 0.9840815027061446, 0.9516509433962265, 0.9300635785649409, 0.9159278024065864, 0.9809406279994515, 0.9292430278884463, 0.9478485838779956, 0.9720005410523468, 0.8896368190356919, 0.9816046412905052, 0.931781045751634, 0.9592010199745007, 0.9041870023118418, 0.969939879759519, 0.9251049538203191, 0.9555645053027252, 0.9316308606945007, 0.9972282106559901, 0.9609345794392523, 0.9704703962012168, 0.9446633825944171, 0.9804756312389901, 0.8813813813813813, 0.9465984945320267, 0.9837962962962963, 0.9354451283591052, 0.9747119977521775, 0.965300628178283, 0.9667632520879496, 0.8287965616045845, 0.9387854251012145, 0.8837622005323869, 0.8937631394533987, 0.9252890601838126, 0.9568535825545171, 0.9622343480758185, 0.9573665893271461, 0.8957267321255704, 0.9043441347106269, 0.8939215107701387, 0.9349885189437428, 0.9681855840927921, 0.9747978436657682, 0.8980050576004496, 1.0, 0.9832757429163788, 0.9635922330097088, 0.9827488151658768, 0.9581470946769606, 0.9821482602118004, 1.0, 1.0]
val step Accs: [0.8237330379396289, 0.8624578688099559, 0.8857409713574097, 0.849001257158821, 0.9047431349362764, 0.8191531460229521, 0.8687354312354313, 0.7619546705096293, 0.9264631685166499, 0.8501455511960512, 0.8265023539185821, 0.8867794744806713, 0.8725836037815718, 0.830570208490329, 0.9022633744855967, 0.9051918735891648]
Preds: [17, 17, 7, 309, 479, 331, 432, 443, 443, 330, 330, 330, 348, 348, 360, 360, 398, 434, 324, 324, 324, 324, 324, 301, 301, 10, 10, 309, 479, 331, 331, 84, 84, 284, 284, 426, 426, 426, 426, 450, 375, 375, 98, 263, 263, 263, 13, 13, 414, 414, 414, 170, 82, 170, 82, 312, 187, 187, 12, 12, 12, 12, 12, 12, 408, 408, 391, 73, 82, 321, 320, 320, 479, 331, 331, 486, 486, 486, 460, 460, 240, 368, 368, 342, 342, 168, 494, 494, 422, 422, 99, 99, 338, 338, 338, 338, 400, 400, 400, 30, 171, 171, 324, 246, 246, 422, 99, 99, 338, 338, 338, 338, 400, 400, 400, 286, 286, 374, 374, 378, 378, 88, 88, 497, 497, 122, 122, 35, 259, 259, 259, 259, 75, 354, 420, 420, 213, 213, 213, 434, 434, 339, 399, 217, 473, 473, 398, 360, 360, 360, 434, 434, 339, 310, 310, 310, 107, 107, 395, 395, 41, 41, 41, 19, 19, 19, 454, 454, 454, 13, 414, 414, 414, 237, 237, 237, 237, 170, 170, 47, 47, 47, 47, 163, 391, 391, 73, 73, 244, 321, 321, 321, 83, 83, 486, 486, 486, 486, 460, 460, 167, 167, 35, 35, 196, 473, 473, 429, 360, 360, 360, 434, 434, 143, 129, 259, 75, 445, 445, 445, 445, 219, 485, 485, 374, 374, 374, 132, 132, 132, 122, 216, 81, 166, 324, 324, 324, 324, 301, 378, 259, 280, 473, 65, 480, 480, 428, 85, 85, 146, 146, 146, 271, 368, 186, 99, 338, 338, 338, 338, 400, 400, 400, 485, 301, 301, 374, 132, 132, 132, 100, 100, 497, 497, 497, 497, 122, 335, 335, 188, 188, 324, 324, 324, 301, 339, 250, 250, 345, 345, 345, 372, 319, 355, 251, 251, 251, 251, 241, 431, 431, 443, 264, 264, 264, 264, 264, 468, 468, 467, 467, 486, 460, 169, 150, 150, 150, 342, 342, 342, 68, 68, 115, 26, 267, 444, 444, 324, 324, 324, 3, 3, 3, 3, 188, 188, 171, 171, 120, 120, 271, 271, 271, 31, 39, 342, 342, 68, 68, 115, 273, 273, 265, 265, 265, 265, 85, 85, 85, 299, 299, 299, 59, 59, 59, 452, 452, 263, 17, 83, 470, 403, 403, 403, 403, 403, 403, 403, 403, 403, 403, 403, 403, 403, 403, 403, 403, 403, 403, 403, 403, 403, 403, 403, 403, 403, 403, 403, 403, 403, 403, 403, 403, 403, 403, 403, 403, 403, 403, 403, 403, 403, 403, 403, 403, 403, 403, 403, 403, 403, 403, 403, 403, 403, 403, 403, 403, 403, 403, 403, 403, 403, 403, 403, 403, 403, 403, 403, 403, 403, 403, 403, 403, 403, 403, 403, 403, 403, 403, 403, 403, 403, 403, 403, 403, 403, 403, 403, 403, 403, 403, 403, 403, 403, 403, 403, 403, 403, 403, 403, 403, 403, 403, 403, 403, 403, 403, 403, 403, 403, 403, 403, 403, 403, 403, 403, 403, 403, 403, 403, 403, 403, 403, 403, 403, 403, 403, 403, 403, 403, 403, 403, 403, 403, 403, 403, 403, 403, 403, 403, 403, 403, 403, 403, 403, 403, 403, 403, 403, 403, 403, 403, 403, 403, 403, 403, 403, 403, 403, 403, 403, 403, 403, 403, 403, 403, 403, 403, 403, 403, 403, 403, 403, 403, 403, 403, 403, 403, 403, 403, 403, 403, 403, 403, 403, 403, 403, 403, 403, 403, 403, 403, 403, 403, 403, 403, 403, 403, 403, 403, 403, 403, 403, 403, 403, 403, 403, 403, 403, 403, 403, 403, 403, 403, 403, 403, 403, 403, 403, 403, 403, 403, 403, 403, 403, 403, 403, 403, 403, 403]

ep326
Train step Loss: [0.24184627830982208, 0.25688889622688293, 0.14840663969516754, 0.20246119797229767, 0.2670865058898926, 0.3213326930999756, 0.4240913391113281, 0.3154192268848419, 0.205814391374588, 0.24977870285511017, 0.25042033195495605, 0.19220693409442902, 0.18892346322536469, 0.1513449251651764, 0.3242412805557251, 0.20700079202651978, 0.12827341258525848, 0.16039368510246277, 0.28083425760269165, 0.03429961949586868, 0.03713460639119148, 0.1725098192691803, 0.17720812559127808, 0.5261425971984863, 0.02197822369635105, 0.15174980461597443, 0.15284600853919983, 0.40190786123275757, 0.1185508519411087, 0.051812127232551575, 0.008482374250888824, 0.11471307277679443, 0.4554401636123657, 0.2969202995300293, 0.12369000166654587, 0.17781338095664978, 0.08939728140830994, 0.19533193111419678, 0.05582116171717644, 0.06825722008943558, 0.1769077628850937, 0.17313355207443237, 0.08429917693138123, 0.2571680247783661, 0.2294212430715561, 0.29401829838752747, 0.1847609132528305, 0.4358226954936981, 0.0530875138938427, 0.39691418409347534, 0.3830080032348633, 0.0071601951494812965, 0.7109075784683228, 0.5714495182037354, 0.4601593017578125, 0.26435354351997375, 0.10703835636377335, 0.12349282950162888, 0.13251730799674988, 0.006940379273146391, 0.16201075911521912, 0.1524948924779892, 0.006380768958479166]
val step Loss: [0.468807578086853, 0.8412183523178101, 0.1632983386516571, 0.5711323618888855, 0.6722472310066223, 0.589899480342865, 0.4702543318271637, 0.32010483741760254, 0.8844110369682312, 0.6360068917274475, 0.2784099876880646, 0.864204466342926, 1.1562745571136475, 0.679010272026062, 0.49229440093040466, 0.2584758996963501]
Train step Accs: [0.9375933114362496, 0.9318840579710145, 0.9608597585246119, 0.9485133020344287, 0.9335642706915749, 0.9154887665525964, 0.902948402948403, 0.9160530191458026, 0.944835045970795, 0.9373345101500441, 0.9331837846498958, 0.9496884735202492, 0.9492415402567095, 0.9607843137254902, 0.9114271029638513, 0.9460587574249478, 0.9689966178128523, 0.9576928309073596, 0.9294396211523284, 0.9925650557620818, 0.9922790569419551, 0.954977890928581, 0.9536606624055781, 0.8578129580768104, 0.995972289350733, 0.9601260619347767, 0.9606195851929641, 0.8987823439878234, 0.9678884203697697, 0.9871156661786237, 0.9997001499250375, 0.9718987341772152, 0.8796369376479873, 0.9247927656367747, 0.9674216027874565, 0.9513799513799513, 0.9766449020592667, 0.9498657117278424, 0.9877590990696915, 0.9836485141475899, 0.9539047082041161, 0.9579175704989153, 0.9798698350234599, 0.9337187415972036, 0.9401241868716735, 0.9223811873047196, 0.9486365603808974, 0.8847019122609674, 0.9875311720698254, 0.8989817792068596, 0.9033839342188489, 1.0, 0.8038496791934006, 0.8601334951456311, 0.8769373837569746, 0.9336734693877551, 0.9741352923171105, 0.9666566083283041, 0.9665226781857451, 1.0, 0.9573451910408433, 0.9585326953748007, 1.0]
val step Accs: [0.8838610254973381, 0.7985641891891891, 0.962543893874366, 0.8665597199941666, 0.8502321035914977, 0.8573492709838434, 0.8945242902957596, 0.9246119733924612, 0.8053470919324578, 0.843952483801296, 0.934204855624192, 0.8012523822488429, 0.7306122448979592, 0.8427514999302358, 0.890692124105012, 0.9387712308660097]
Preds: [17, 17, 287, 287, 284, 284, 111, 85, 85, 330, 388, 67, 67, 212, 34, 242, 359, 250, 250, 217, 217, 217, 473, 473, 398, 290, 171, 171, 246, 246, 246, 246, 246, 318, 471, 471, 49, 49, 269, 323, 9, 395, 219, 219, 213, 246, 246, 246, 246, 19, 19, 19, 454, 229, 229, 417, 170, 392, 392, 392, 392, 392, 392, 392, 392, 392, 244, 435, 289, 201, 289, 66, 66, 323, 323, 397, 106, 302, 274, 274, 122, 129, 129, 321, 75, 144, 445, 445, 351, 351, 403, 403, 290, 290, 290, 171, 434, 434, 434, 434, 434, 434, 246, 246, 19, 19, 143, 129, 401, 401, 75, 75, 445, 445, 445, 180, 171, 171, 171, 416, 458, 458, 445, 445, 464, 464, 171, 171, 171, 301, 129, 259, 259, 75, 74, 213, 213, 213, 213, 213, 213, 246, 246, 246, 246, 246, 19, 48, 48, 197, 197, 197, 197, 197, 7, 188, 422, 31, 54, 232, 68, 68, 68, 115, 115, 115, 267, 267, 213, 286, 286, 286, 374, 374, 132, 42, 42, 42, 42, 42, 147, 147, 337, 324, 213, 213, 324, 246, 246, 143, 99, 99, 323, 323, 323, 219, 219, 219, 324, 464, 464, 139, 139, 315, 315, 450, 450, 450, 450, 450, 450, 450, 413, 303, 43, 43, 276, 276, 153, 182, 182, 182, 182, 182, 98, 98, 98, 414, 414, 414, 414, 170, 170, 392, 392, 392, 63, 63, 63, 63, 63, 63, 63, 63, 63, 63, 63, 63, 63, 63, 392, 73, 320, 320, 7, 7, 287, 284, 240, 240, 467, 499, 376, 460, 460, 460, 460, 150, 150, 342, 342, 224, 494, 494, 494, 236, 259, 449, 342, 68, 68, 267, 470, 470, 319, 319, 319, 388, 388, 94, 64, 64, 64, 64, 473, 278, 324, 324, 324, 464, 464, 464, 139, 319, 319, 282, 388, 203, 53, 53, 70, 65, 65, 46, 46, 46, 438, 438, 251, 81, 81, 324, 324, 324, 301, 251, 94, 10, 331, 398, 213, 464, 180, 443, 443, 486, 376, 376, 460, 460, 263, 35, 170, 170, 170, 170, 392, 392, 392, 392, 392, 63, 63, 63, 63, 63, 63, 63, 63, 63, 63, 63, 63, 63, 63, 63, 63, 63, 73, 73, 73, 320, 66, 320, 7, 309, 331, 473, 331, 290, 171, 171, 171, 252, 434, 434, 434, 3, 3, 14, 14, 411, 287, 284, 284, 111, 450, 43, 43, 276, 276, 182, 182, 43, 109, 109, 109, 207, 207, 324, 324, 3, 301, 8, 32, 354, 384, 75, 180, 180, 324, 213, 213, 246, 246, 19, 454, 229, 401, 244, 244, 244, 244, 80, 80, 7, 7, 420, 288, 288, 499, 499, 288, 288, 288, 120, 120, 120, 282, 282, 37, 37, 37, 233, 243, 170, 310, 107, 395, 395, 395, 338, 338, 447, 447, 17, 17, 264, 264, 264, 403, 403, 403, 403, 403, 403, 403, 403, 403, 403, 403, 403, 403, 403, 403, 403, 403, 403, 403, 403, 403, 403, 403, 403, 403, 403, 403, 403, 403, 403, 403, 403, 403, 403, 403, 403, 403, 403, 403, 403, 403, 403, 403, 403, 403, 403, 403, 403, 403, 403, 403, 403, 403, 403, 403, 403, 403, 403, 403, 403, 403, 403, 403, 403, 403, 403, 403, 403, 403, 403, 403, 403, 403, 403, 403, 403, 403, 403, 403, 403, 403, 403, 403, 403, 403, 403, 403, 403, 403, 403, 403, 403, 403, 403, 403, 403, 403, 403, 403, 403, 403, 403, 403, 403, 403, 403, 403, 403, 403, 403, 403, 403, 403, 403, 403, 403, 403, 403, 403, 403, 403, 403, 403, 403, 403, 403, 403, 403, 403, 403]

ep327
Train step Loss: [0.007281543221324682, 0.01080862432718277, 0.010932397097349167, 0.044397398829460144, 0.13840441405773163, 0.23744197189807892, 0.21264056861400604, 0.22850605845451355, 0.02338389679789543, 0.25079843401908875, 0.32855790853500366, 0.13761889934539795, 0.0512787401676178, 0.1903437227010727, 0.0408322773873806, 0.3039665222167969, 0.3106628656387329, 0.4125967025756836, 0.290604829788208, 0.16382549703121185, 0.1534944325685501, 0.2133510410785675, 0.23043563961982727, 0.30345240235328674, 0.007079874165356159, 0.33365264534950256, 0.30486831068992615, 0.09182121604681015, 0.26590806245803833, 0.23212552070617676, 0.24373839795589447, 0.06034129858016968, 0.3178655505180359, 0.10749882459640503, 0.08618530631065369, 0.18648594617843628, 0.1541803926229477, 0.12099233269691467, 0.11565506458282471, 0.3808693289756775, 0.057022493332624435, 0.4382435977458954, 0.18686068058013916, 0.05064115673303604, 0.17305433750152588, 0.2561582028865814, 0.25783470273017883, 0.3110978603363037, 0.21829375624656677, 0.21128548681735992, 0.36848050355911255, 0.06696714460849762, 0.2231718748807907, 0.07143496721982956, 0.10351088643074036, 0.11705322563648224, 0.2697400152683258, 0.2676524221897125, 0.1729966253042221, 0.036231521517038345, 0.2488858550786972, 0.009608207270503044, 0.01259345468133688]
val step Loss: [0.4388565421104431, 0.48725423216819763, 0.7567846775054932, 0.8127656579017639, 0.7034586071968079, 0.6581916809082031, 0.25965017080307007, 0.7813202738761902, 0.855507493019104, 0.6021581888198853, 0.46387314796447754, 0.2487390637397766, 0.5305730700492859, 0.4427788257598877, 0.6495882868766785, 0.9631229043006897]
Train step Accs: [0.9998559285405562, 0.9993686868686869, 0.9989065916900969, 0.9906032956557266, 0.9618308766485648, 0.9356206630686199, 0.9453441295546559, 0.9402749249486491, 0.9960468058191019, 0.9330917201003625, 0.910631970260223, 0.9639462965756525, 0.9867137571476623, 0.9483149463503098, 0.9908682634730539, 0.9238351254480287, 0.9168571428571428, 0.8857974765448076, 0.9299973024008632, 0.9553375311172939, 0.9606156631960163, 0.943351691581432, 0.9377604890247291, 0.9180946848678478, 0.9998546088979354, 0.9105041406363504, 0.9214142570855998, 0.9768532083211251, 0.9277220077220077, 0.9415484532558537, 0.9357351509250244, 0.9836807238649217, 0.9158147925435959, 0.9727668845315904, 0.9776457714553697, 0.9533161622665808, 0.9573760101410236, 0.9691428571428572, 0.9735131621709457, 0.899631298648095, 0.9852607709750567, 0.9061910747957259, 0.952417148069322, 0.9887426063728296, 0.9529014627873332, 0.9306122448979591, 0.9337984054669703, 0.918344827586207, 0.9434716668964567, 0.9411764705882353, 0.9138129496402878, 0.982731137088204, 0.9407209236834695, 0.9813630798530812, 0.9727043673012318, 0.9710053577056413, 0.9311869559209617, 0.9319899244332494, 0.9529871257051931, 0.9916261480280929, 0.9354793166737259, 0.9995140126356715, 0.9980678995307756]
val step Accs: [0.9005517426995021, 0.8934243339020869, 0.8250683326825459, 0.8104208416833667, 0.8348509417487838, 0.8454930119246057, 0.9469294920394238, 0.8156483056391469, 0.8065383526747807, 0.8525977816695856, 0.8884917798427449, 0.9438526131094122, 0.8771655779608066, 0.8938672640716886, 0.8466946059213194, 0.7732317736670293]
Preds: [17, 17, 309, 309, 309, 479, 331, 360, 360, 360, 360, 143, 465, 96, 465, 75, 192, 445, 445, 351, 470, 278, 443, 432, 330, 330, 388, 388, 94, 94, 199, 434, 434, 275, 275, 275, 19, 19, 19, 19, 19, 303, 48, 303, 48, 48, 48, 102, 102, 102, 102, 237, 249, 249, 102, 47, 47, 2, 244, 73, 73, 244, 321, 320, 320, 320, 7, 7, 479, 398, 398, 398, 324, 324, 324, 301, 378, 378, 345, 345, 346, 346, 346, 346, 284, 265, 206, 85, 146, 240, 285, 34, 34, 324, 324, 324, 301, 374, 236, 116, 10, 309, 479, 331, 331, 153, 153, 153, 424, 424, 182, 182, 182, 182, 182, 182, 182, 98, 98, 197, 345, 100, 100, 375, 497, 122, 122, 49, 453, 168, 168, 168, 494, 356, 257, 236, 236, 77, 77, 323, 224, 273, 273, 106, 106, 481, 481, 387, 293, 293, 215, 35, 8, 7, 345, 109, 109, 109, 109, 403, 403, 403, 403, 171, 171, 171, 171, 207, 207, 207, 207, 19, 454, 454, 454, 229, 229, 229, 170, 312, 312, 187, 292, 292, 1, 1, 23, 23, 408, 408, 149, 244, 321, 321, 287, 287, 287, 287, 287, 284, 284, 450, 450, 450, 450, 413, 413, 250, 250, 276, 65, 174, 174, 174, 426, 387, 146, 146, 146, 146, 324, 324, 324, 422, 422, 186, 186, 99, 338, 338, 338, 338, 338, 400, 400, 400, 400, 213, 213, 286, 171, 171, 318, 318, 99, 99, 99, 338, 338, 338, 338, 338, 400, 400, 400, 485, 286, 286, 330, 330, 116, 116, 10, 479, 479, 331, 331, 106, 284, 284, 426, 426, 426, 426, 426, 413, 413, 282, 282, 282, 271, 281, 281, 49, 453, 9, 9, 168, 371, 470, 286, 286, 464, 464, 139, 139, 139, 139, 139, 139, 293, 293, 375, 375, 98, 98, 98, 259, 441, 441, 100, 100, 100, 100, 182, 182, 375, 98, 98, 98, 98, 263, 13, 13, 13, 170, 170, 244, 170, 312, 187, 341, 341, 341, 12, 12, 12, 12, 260, 260, 260, 163, 163, 244, 316, 316, 316, 244, 73, 73, 244, 321, 412, 287, 287, 287, 287, 284, 284, 284, 284, 111, 111, 111, 438, 438, 388, 388, 348, 466, 359, 359, 359, 81, 444, 444, 213, 213, 213, 213, 246, 246, 246, 246, 246, 246, 246, 318, 186, 99, 338, 338, 338, 338, 338, 400, 400, 400, 485, 286, 286, 286, 468, 468, 406, 406, 406, 88, 387, 387, 387, 387, 245, 122, 35, 8, 259, 259, 354, 420, 420, 213, 213, 213, 213, 246, 246, 252, 143, 239, 198, 127, 127, 114, 114, 41, 41, 41, 324, 246, 246, 246, 246, 19, 19, 239, 239, 75, 445, 445, 351, 93, 171, 171, 171, 171, 171, 252, 416, 445, 445, 464, 464, 443, 443, 330, 330, 203, 314, 173, 280, 280, 29, 487, 337, 213, 213, 213, 213, 360, 275, 275, 275, 19, 19, 19, 454, 454, 414, 414, 170, 80, 80, 80, 80, 321, 320, 320, 354, 420, 420, 213, 213, 213, 246, 246, 246, 246, 246, 246, 246, 246, 246, 197, 32, 32, 239, 310, 310, 310, 395, 395, 395, 180, 180, 443, 365, 365, 365, 365, 330, 330, 330, 388, 203, 64, 212, 473, 473, 398, 288, 288, 213, 324, 318, 318, 368, 310, 310, 107, 107, 107, 395, 400, 41, 41, 19, 19, 19, 454, 17, 188, 470, 470, 470, 470, 470, 470, 470, 470, 470, 470, 470, 470, 470, 470, 470, 470, 470, 470, 470, 403, 403, 403, 403, 403, 403, 403, 403, 403, 403, 403, 403, 403, 403, 403, 403, 403, 403, 403]

ep328
Train step Loss: [0.463855504989624, 0.04130404815077782, 0.05027158558368683, 0.1310354769229889, 0.4365825653076172, 0.07311230897903442, 0.19871999323368073, 0.006711350753903389, 0.095053531229496, 0.3749370872974396, 0.10900437086820602, 0.2809688448905945, 0.6207621097564697, 0.2521468698978424, 0.09889223426580429, 0.15254534780979156, 0.372854620218277, 0.03859642520546913, 0.38028889894485474, 0.050177209079265594, 0.07564620673656464, 0.13501223921775818, 0.02497713640332222, 0.07214883714914322, 0.08065341413021088, 0.1674976795911789, 0.520885169506073, 0.006396947894245386, 0.2929488718509674, 0.2830711603164673, 0.17740340530872345, 0.07463899254798889, 0.350434273481369, 0.29549431800842285, 0.12201573699712753, 0.1332874596118927, 0.38675299286842346, 0.12116710096597672, 0.15548457205295563, 0.10743814706802368, 0.14198412001132965, 0.0065329172648489475, 0.19163767993450165, 0.10319840162992477, 0.17895860970020294, 0.33367499709129333, 0.22048316895961761, 0.33360257744789124, 0.2570236623287201, 0.050229914486408234, 0.25046053528785706, 0.18641740083694458, 0.2144583761692047, 0.18891972303390503, 0.1516670435667038, 0.2318044751882553, 0.6354483962059021, 0.12436001747846603, 0.20035164058208466, 0.06564343720674515, 0.10347915440797806, 0.4752284288406372, 0.01118985190987587]
val step Loss: [0.7972694635391235, 0.3504907488822937, 0.24201054871082306, 1.2399730682373047, 0.35467690229415894, 0.453975647687912, 0.44706058502197266, 0.6946654915809631, 0.6621922254562378, 0.5785648822784424, 0.5252923965454102, 0.901556134223938, 0.5347627401351929, 0.5225907564163208, 0.7509894967079163, 0.6974209547042847]
Train step Accs: [0.8786190187764991, 0.9906036446469249, 0.9883227176220807, 0.9653238896266785, 0.8825831702544031, 0.9812365010799136, 0.9446176688938381, 1.0, 0.9734848484848485, 0.897247980855519, 0.9695111847555924, 0.9247328014451303, 0.8420893262679788, 0.9334074794939524, 0.973564525298465, 0.9596440079791315, 0.9010791366906474, 0.9912048024570711, 0.899503879913497, 0.9881351200446677, 0.9807420494699647, 0.9635909334285204, 0.9950948332243297, 0.9810964083175804, 0.9787974683544304, 0.9552310654685494, 0.8868194842406877, 1.0, 0.9189138925051143, 0.9192865779927448, 0.9534062237174096, 0.9828042328042328, 0.9112294718153573, 0.9222067255540058, 0.9700801974090068, 0.9636236933797909, 0.8969100355482637, 0.9709791158123136, 0.9592690103763357, 0.9730983302411874, 0.961486384835264, 1.0, 0.953055443140429, 0.9750394491464639, 0.949468085106383, 0.9115498212342609, 0.9405940594059405, 0.9078947368421053, 0.9323560848984578, 0.9883896260554885, 0.9362122495060683, 0.9500514933058702, 0.9417233245455807, 0.9515074174509491, 0.9606312868539716, 0.94378024480501, 0.8316503173687247, 0.9692355988070946, 0.9459200438116101, 0.9853865263773199, 0.974189583653403, 0.8772672309552599, 0.9993423216047352]
val step Accs: [0.8090605047126787, 0.9230976430976431, 0.9460383529061989, 0.7114421632448673, 0.9147617736160837, 0.8916349809885932, 0.8904195366311835, 0.8481959695909256, 0.8515586343394359, 0.8634110963374834, 0.8731136061813353, 0.7847832247095494, 0.8720676486633934, 0.8863369437557093, 0.8318676404829334, 0.8312710911136107]
Preds: [17, 17, 7, 251, 251, 241, 241, 431, 486, 486, 460, 460, 169, 35, 77, 342, 342, 224, 168, 494, 356, 422, 99, 99, 338, 338, 338, 338, 338, 400, 400, 400, 30, 324, 324, 464, 464, 464, 464, 282, 111, 111, 111, 438, 438, 219, 219, 219, 219, 219, 464, 464, 464, 222, 134, 43, 43, 43, 364, 276, 276, 345, 109, 109, 213, 324, 246, 246, 246, 246, 246, 19, 3, 197, 197, 226, 226, 197, 7, 7, 217, 473, 473, 398, 398, 286, 286, 464, 464, 464, 139, 139, 319, 319, 319, 426, 450, 450, 413, 43, 250, 250, 276, 276, 276, 276, 276, 346, 346, 346, 426, 426, 426, 426, 426, 287, 287, 480, 480, 480, 85, 85, 299, 388, 388, 299, 303, 303, 381, 381, 303, 250, 250, 473, 275, 275, 275, 434, 434, 339, 8, 8, 239, 354, 29, 29, 100, 255, 130, 349, 349, 205, 234, 205, 261, 20, 25, 148, 148, 148, 148, 148, 153, 182, 182, 182, 182, 182, 16, 16, 16, 16, 16, 16, 16, 16, 16, 274, 98, 98, 98, 98, 13, 13, 78, 170, 20, 170, 170, 421, 28, 28, 28, 28, 2, 2, 2, 2, 20, 2, 2, 2, 2, 2, 316, 316, 316, 73, 20, 20, 73, 73, 289, 289, 320, 320, 354, 420, 213, 213, 213, 213, 213, 252, 143, 143, 129, 401, 401, 401, 310, 107, 107, 107, 107, 107, 395, 397, 374, 132, 132, 132, 132, 182, 182, 98, 98, 98, 98, 414, 170, 170, 170, 170, 392, 28, 28, 249, 2, 47, 2, 2, 2, 2, 2, 73, 316, 73, 73, 73, 73, 320, 320, 209, 209, 287, 284, 460, 111, 240, 322, 348, 251, 241, 331, 331, 302, 293, 274, 274, 239, 239, 239, 239, 384, 384, 371, 371, 180, 486, 443, 460, 178, 35, 35, 96, 96, 401, 66, 68, 224, 115, 267, 106, 106, 284, 284, 206, 460, 169, 35, 35, 35, 342, 342, 86, 232, 232, 172, 115, 115, 115, 267, 267, 213, 213, 213, 324, 3, 3, 14, 14, 145, 188, 171, 171, 171, 39, 31, 36, 129, 36, 270, 342, 232, 232, 172, 115, 483, 336, 209, 287, 287, 284, 284, 284, 306, 306, 406, 406, 59, 388, 303, 303, 48, 170, 170, 17, 219, 278, 278, 278, 278, 278, 278, 278, 278, 278, 278, 278, 278, 278, 278, 278, 278, 278, 278, 278, 278, 278, 278, 278, 278, 278, 278, 278, 278, 278, 278, 278, 278, 278, 278, 278, 403, 403, 403, 403, 403, 403, 403, 403, 403, 403, 403, 403, 403, 403, 403, 403, 403, 403, 403, 403, 403, 403, 403, 403, 403, 403, 403, 403, 403, 403, 403, 403, 403, 403, 403, 403, 403, 403, 403, 403, 403, 403, 403, 403, 403, 403, 403, 403, 403, 403, 403, 403, 403, 403, 403, 403, 403, 403, 403, 403, 403, 403, 403, 403, 403, 403, 403, 403, 403, 403, 403, 403, 403, 403, 403, 403, 403, 403, 403, 403, 403, 403, 403, 403, 403, 403, 403, 403, 403, 403, 403, 403, 403, 403, 403, 403, 403, 403, 403, 403, 403, 403, 403, 403, 403, 403, 403, 403, 403, 403, 403, 403, 403, 403, 403, 403, 403, 403, 403, 403, 403, 403, 403, 403, 403, 403, 403, 403, 403, 403, 403, 403, 403, 403, 403, 403, 403, 403, 403, 403, 403, 403, 403, 403, 403, 403, 403, 403, 403, 403, 403, 403, 403, 403, 403, 403, 403, 403, 403, 403, 403, 403, 403, 403, 403, 403, 403, 403, 403, 403, 403, 403, 403, 403, 403, 403, 403, 403, 403, 403, 403, 403, 403, 403, 403, 403]

ep329
Train step Loss: [0.1637246310710907, 0.14663368463516235, 0.17154794931411743, 0.3167223334312439, 0.007790054194629192, 0.14391258358955383, 0.35252469778060913, 0.04932473227381706, 0.33044275641441345, 0.11569272726774216, 0.07970871776342392, 0.17189444601535797, 0.30155450105667114, 0.2861557900905609, 0.16383767127990723, 0.18789562582969666, 0.00567888468503952, 0.24394918978214264, 0.3311443030834198, 0.2465856373310089, 0.1448371261358261, 0.24177967011928558, 0.10073931515216827, 0.4186039865016937, 0.6351175904273987, 0.29122790694236755, 0.0075993165373802185, 0.28623926639556885, 0.2627224624156952, 0.05716543272137642, 0.09096075594425201, 0.18149670958518982, 0.008977251127362251, 0.27430087327957153, 0.2714468240737915, 0.2554348111152649, 0.3283745348453522, 0.2780970335006714, 0.3905614912509918, 0.2729454040527344, 0.351815402507782, 0.24770842492580414, 0.07151010632514954, 0.5237943530082703, 0.07206245511770248, 0.22245705127716064, 0.1827680766582489, 0.1065249964594841, 0.17409005761146545, 0.1867475062608719, 0.18559777736663818, 0.2784436345100403, 0.2926996052265167, 0.07205403596162796, 0.12622690200805664, 0.07021737098693848, 0.15782026946544647, 0.6482025384902954, 0.19481408596038818, 0.008000555448234081, 0.14804290235042572, 0.41807663440704346, 0.32982417941093445]
val step Loss: [0.4959089159965515, 0.2637925148010254, 0.5428184270858765, 0.880675196647644, 0.8879411220550537, 0.5239425301551819, 0.898868978023529, 0.5921688675880432, 0.4704611301422119, 0.7060800790786743, 0.5129859447479248, 0.492644727230072, 0.42789310216903687, 0.632632315158844, 0.6156331896781921, 1.1506255865097046]
Train step Accs: [0.958980624890906, 0.9607315761161915, 0.9556814879395524, 0.9127800220345208, 0.99984532095901, 0.9639217846323327, 0.9095575221238938, 0.986826186315365, 0.9152249134948097, 0.9723502304147466, 0.9800393164978074, 0.9555522740696988, 0.91904, 0.9263476506197752, 0.9582084844661726, 0.9516669093026642, 1.0, 0.9322731011790513, 0.9084895259095921, 0.9336441336441337, 0.9610888957243925, 0.9377789446048832, 0.9735676088617266, 0.8882750153468385, 0.8302185163887291, 0.9204831404126824, 1.0, 0.9237459232800124, 0.9305106203404135, 0.988296488946684, 0.9769961412882161, 0.9544895448954489, 0.9995573915609324, 0.9291304966557564, 0.9297228762905271, 0.9320289855072463, 0.9086364898639266, 0.9262719353616967, 0.9238723212947699, 0.9269827333918642, 0.9053693266093148, 0.9324906636024131, 0.9817035670356704, 0.8744865358283889, 0.9821114369501466, 0.9438018778065043, 0.9548073230060171, 0.9720923436586791, 0.9510699001426534, 0.9544602968727482, 0.948874917273329, 0.9339127828562865, 0.9218674015237478, 0.9823884818100013, 0.9703693100486688, 0.9835390946502057, 0.954954954954955, 0.827455749223078, 0.9490644490644491, 0.9998402045381911, 0.962333616539224, 0.8871633900545184, 0.9090409453146469]
val step Accs: [0.8839499226332818, 0.9390822784810127, 0.8711519710266054, 0.7796352583586627, 0.7958705520574022, 0.8803383250138658, 0.7839380867800051, 0.854101171763361, 0.8859383599339571, 0.8502082435731725, 0.8771796815769523, 0.8880149812734083, 0.8966925813677692, 0.8669886437801854, 0.8604140957082134, 0.7297766211234006]
Preds: [17, 425, 251, 241, 479, 331, 331, 331, 284, 284, 284, 284, 284, 284, 315, 315, 315, 315, 315, 315, 315, 315, 315, 284, 319, 319, 319, 319, 319, 480, 480, 480, 480, 480, 85, 85, 85, 146, 146, 146, 146, 468, 468, 468, 468, 337, 337, 337, 337, 324, 324, 464, 464, 464, 464, 464, 365, 315, 282, 282, 282, 282, 282, 413, 413, 203, 43, 250, 345, 345, 250, 250, 250, 250, 183, 183, 30, 30, 257, 257, 31, 31, 162, 232, 232, 232, 232, 232, 172, 172, 115, 273, 273, 273, 486, 486, 315, 460, 169, 215, 35, 35, 320, 100, 100, 100, 497, 497, 497, 186, 186, 186, 323, 323, 323, 323, 142, 397, 397, 494, 153, 153, 88, 88, 88, 431, 431, 431, 284, 284, 284, 284, 206, 206, 206, 450, 450, 450, 413, 413, 216, 216, 303, 364, 364, 345, 345, 345, 345, 387, 132, 132, 132, 394, 76, 310, 99, 99, 99, 338, 338, 338, 395, 395, 395, 487, 106, 106, 153, 153, 153, 182, 182, 182, 182, 387, 387, 387, 14, 35, 35, 440, 440, 440, 89, 89, 89, 330, 330, 240, 416, 416, 416, 239, 219, 398, 464, 286, 286, 171, 264, 264, 468, 468, 339, 339, 250, 250, 495, 495, 132, 132, 134, 399, 399, 217, 473, 420, 420, 213, 213, 213, 213, 252, 422, 310, 310, 310, 107, 107, 107, 400, 400, 213, 213, 213, 213, 246, 19, 19, 19, 454, 454, 229, 414, 414, 414, 312, 312, 312, 126, 292, 292, 292, 292, 21, 21, 21, 21, 21, 21, 21, 21, 21, 21, 408, 101, 149, 149, 228, 321, 321, 412, 287, 287, 111, 111, 460, 460, 460, 150, 150, 77, 342, 172, 172, 115, 485, 485, 152, 152, 374, 139, 139, 139, 139, 139, 496, 293, 293, 122, 122, 458, 208, 208, 441, 441, 153, 153, 153, 153, 387, 387, 372, 372, 372, 396, 396, 313, 406, 250, 250, 250, 250, 250, 375, 375, 98, 98, 98, 98, 13, 414, 259, 259, 287, 287, 287, 111, 111, 460, 460, 178, 178, 169, 77, 77, 66, 68, 224, 224, 494, 494, 116, 116, 309, 479, 398, 398, 464, 443, 443, 330, 240, 31, 77, 342, 342, 115, 273, 273, 273, 428, 428, 428, 146, 146, 146, 146, 252, 324, 324, 324, 301, 301, 116, 94, 241, 241, 431, 431, 431, 486, 486, 486, 376, 376, 376, 376, 376, 376, 480, 85, 85, 85, 85, 282, 240, 240, 76, 285, 285, 285, 285, 134, 139, 139, 293, 293, 293, 150, 478, 478, 342, 342, 115, 273, 273, 273, 319, 319, 319, 319, 167, 35, 53, 219, 219, 398, 464, 464, 464, 464, 330, 116, 116, 314, 250, 133, 345, 88, 106, 106, 284, 284, 284, 426, 426, 426, 450, 450, 450, 413, 413, 43, 43, 43, 70, 65, 65, 284, 426, 426, 426, 426, 426, 450, 450, 167, 215, 8, 280, 287, 287, 111, 111, 443, 443, 146, 240, 240, 150, 449, 449, 119, 119, 351, 443, 443, 443, 443, 240, 240, 240, 325, 183, 34, 41, 41, 324, 324, 324, 246, 246, 246, 246, 246, 246, 246, 301, 301, 8, 259, 354, 287, 287, 284, 284, 376, 460, 460, 169, 150, 150, 150, 54, 232, 172, 482, 224, 142, 485, 485, 485, 374, 374, 374, 498, 498, 134, 153, 153, 182, 182, 182, 182, 43, 43, 276, 276, 346, 346, 346, 284, 284, 376, 376, 376, 460, 263, 263, 263, 263, 229, 229, 321, 312, 312, 312, 187, 12, 12, 12, 12, 12, 12, 12, 12, 12, 12, 12, 163, 163, 391, 391, 244, 73, 73, 289, 321]

ep330
Train step Loss: [0.16954873502254486, 0.36794719099998474, 0.28149887919425964, 0.38966190814971924, 0.11619841307401657, 0.19015565514564514, 0.1619555652141571, 0.0846007689833641, 0.0534006804227829, 0.12087318301200867, 0.10508841276168823, 0.1126251071691513, 0.1251784861087799, 0.10128084570169449, 0.40218812227249146, 0.23713357746601105, 0.058411478996276855, 0.32887083292007446, 0.13278993964195251, 0.3243078291416168, 0.16080141067504883, 0.19299092888832092, 0.2601403295993805, 0.006602077279239893, 0.06377135217189789, 0.25094354152679443, 0.336492657661438, 0.006355161778628826, 0.006561170797795057, 0.09207906574010849, 0.2790667414665222, 0.330744206905365, 0.24052172899246216, 0.12196915596723557, 0.25582218170166016, 0.22762711346149445, 0.22359313070774078, 0.1638944298028946, 0.09107816964387894, 0.3401572108268738, 0.27896109223365784, 0.03744496777653694, 0.25314706563949585, 0.21381613612174988, 0.23571445047855377, 0.0759134292602539, 0.1993372142314911, 0.22256936132907867, 0.30173277854919434, 0.43625420331954956, 0.4268198311328888, 0.07411930710077286, 0.1702805757522583, 0.12030768394470215, 0.12554988265037537, 0.06777290254831314, 0.3334299623966217, 0.19209036231040955, 0.11833667010068893, 0.008552517741918564, 0.06409400701522827, 0.17976483702659607, 0.14873456954956055]
val step Loss: [0.5822237133979797, 0.7454596757888794, 0.5561780333518982, 0.7735391855239868, 0.2306472212076187, 0.4227958619594574, 0.6148706078529358, 0.4967278242111206, 0.7446963787078857, 0.4504038691520691, 0.24457325041294098, 0.5837732553482056, 0.9423198699951172, 0.8825443983078003, 0.6135802865028381, 1.1089674234390259]
Train step Accs: [0.9577464788732394, 0.905246782633291, 0.9246395806028833, 0.8970468707667298, 0.9719994166545136, 0.9498991779122072, 0.9602631225667875, 0.9792006525285482, 0.9880510253512029, 0.9673539518900344, 0.9738690184550057, 0.9710691823899371, 0.967626435924213, 0.9739575921445852, 0.9097379978797516, 0.9404082858000601, 0.9859711250340507, 0.9106407995296885, 0.9639256458727158, 0.9154388212684177, 0.9588450049784268, 0.9488081281750684, 0.934125432395849, 1.0, 0.98443796026122, 0.9335615372646647, 0.9117515970880998, 1.0, 1.0, 0.9750308261405672, 0.923984468339307, 0.9122831367106177, 0.9365140438630243, 0.9691567628749292, 0.9314637482900137, 0.9360022958817621, 0.9400913860213234, 0.9543189368770764, 0.9755828390122776, 0.910650464617584, 0.9219006007646096, 0.9933447423464536, 0.9359257622624835, 0.9434229137199435, 0.9398134216069817, 0.9815773447015834, 0.9502392344497608, 0.9427737226277372, 0.9199391943248036, 0.8899411313027898, 0.8888713246917483, 0.9807381465517241, 0.954970667512288, 0.9698429970464791, 0.9654195856312416, 0.9817957420549214, 0.9074297795228028, 0.9476241900647948, 0.9702503681885125, 0.9998233215547703, 0.9845914127423823, 0.9525564994390127, 0.9637800460981232]
val step Accs: [0.855667372881356, 0.8136749756301351, 0.8639398998330551, 0.8205801286258039, 0.9475037207414423, 0.8980181126132039, 0.8583290751149719, 0.883075953356445, 0.828205791106515, 0.8930834569232844, 0.9475119291070211, 0.8668190911689054, 0.7916666666666666, 0.7963767030992663, 0.8591982292179046, 0.7396853665776195]
Preds: [17, 17, 287, 319, 319, 319, 319, 450, 450, 413, 43, 43, 364, 276, 276, 276, 153, 153, 153, 182, 182, 182, 182, 497, 497, 497, 98, 98, 98, 98, 259, 58, 72, 72, 110, 110, 110, 486, 460, 240, 240, 240, 325, 34, 398, 324, 121, 301, 378, 250, 250, 250, 65, 109, 387, 387, 403, 146, 171, 171, 252, 99, 99, 99, 338, 338, 338, 338, 338, 60, 400, 298, 290, 171, 171, 360, 339, 339, 200, 250, 242, 242, 116, 116, 33, 471, 471, 77, 478, 342, 232, 172, 172, 115, 267, 267, 267, 286, 286, 464, 464, 139, 139, 355, 355, 319, 282, 450, 413, 216, 43, 43, 276, 276, 153, 153, 297, 297, 182, 182, 182, 387, 372, 372, 372, 334, 59, 59, 59, 59, 406, 467, 467, 467, 467, 275, 275, 251, 236, 236, 212, 479, 331, 331, 106, 106, 481, 481, 481, 481, 426, 426, 426, 426, 282, 282, 452, 263, 263, 13, 414, 414, 414, 82, 170, 312, 312, 187, 187, 187, 12, 12, 12, 12, 12, 12, 408, 391, 391, 391, 244, 73, 289, 244, 321, 320, 320, 7, 30, 448, 324, 324, 324, 464, 464, 464, 486, 486, 486, 460, 460, 169, 169, 349, 234, 234, 261, 25, 25, 485, 286, 286, 464, 464, 464, 464, 264, 468, 468, 450, 406, 413, 313, 94, 183, 451, 324, 324, 324, 464, 378, 378, 88, 274, 274, 122, 478, 478, 342, 342, 172, 115, 273, 273, 151, 151, 151, 240, 240, 35, 35, 219, 485, 286, 286, 286, 286, 278, 374, 252, 219, 219, 219, 477, 477, 374, 132, 132, 132, 132, 375, 375, 375, 98, 98, 129, 259, 208, 208, 208, 441, 441, 437, 441, 441, 153, 138, 426, 426, 426, 282, 263, 263, 193, 17, 188, 403, 403, 403, 403, 403, 403, 403, 403, 403, 403, 403, 403, 403, 403, 403, 403, 403, 403, 403, 403, 403, 403, 403, 403, 403, 403, 403, 403, 403, 403, 403, 403, 403, 403, 403, 403, 403, 403, 403, 403, 403, 403, 403, 403, 403, 403, 403, 403, 403, 403, 403, 403, 403, 403, 403, 403, 403, 403, 403, 403, 403, 403, 403, 403, 403, 403, 403, 403, 403, 403, 403, 403, 403, 403, 403, 403, 403, 403, 403, 403, 403, 403, 403, 403, 403, 403, 403, 403, 403, 403, 403, 403, 403, 403, 403, 403, 403, 403, 403, 403, 403, 403, 403, 403, 403, 403, 403, 403, 403, 403, 403, 403, 403, 403, 403, 403, 403, 403, 403, 403, 403, 403, 403, 403, 403, 403, 403, 403, 403, 403, 403, 403, 403, 403, 403, 403, 403, 403, 403, 403, 403, 403, 403, 403, 403, 403, 403, 403, 403, 403, 403, 403, 403, 403, 403, 403, 403, 403, 403, 403, 403, 403, 403, 403, 403, 403, 403, 403, 403, 403, 403, 403, 403, 403, 403, 403, 403, 403, 403, 403, 403, 403, 403, 403, 403, 403, 403, 403, 403, 403, 403, 403, 403, 403, 403, 403, 403, 403, 403, 403, 403, 403, 403, 403, 403, 403, 403, 403, 403, 403, 403, 403, 403, 403, 403, 403, 403, 403, 403, 403, 403, 403, 403, 403, 403, 403, 403, 403, 403, 403, 403, 403, 403, 403, 403, 403, 403, 403, 403, 403, 403, 403, 403, 403, 403, 403, 403, 403, 403, 403, 403, 403, 403, 403, 403, 403, 403, 403, 403, 403, 403, 403, 403, 403, 403, 403, 403, 403, 403, 403, 403, 403, 403, 403, 403, 403, 403, 403, 403, 403, 403, 403, 403, 403, 403, 403, 403, 403, 403, 403, 403, 403, 403, 403, 403, 403, 403, 403, 403, 403, 403, 403, 403, 403]

ep331
Train step Loss: [0.25695541501045227, 0.2785290777683258, 0.3857741951942444, 0.15901808440685272, 0.43161261081695557, 0.28376564383506775, 0.18273913860321045, 0.2658540606498718, 0.18247298896312714, 0.3673478066921234, 0.14541718363761902, 0.18030638992786407, 0.2449588179588318, 0.10769597440958023, 0.2095635086297989, 0.20615263283252716, 0.1654312163591385, 0.0439588725566864, 0.22135207056999207, 0.18737509846687317, 0.33500388264656067, 0.06669967621564865, 0.23995965719223022, 0.0393124520778656, 0.0065985373221337795, 0.07708582282066345, 0.04492301121354103, 0.1816233992576599, 0.16656029224395752, 0.2597408592700958, 0.09112230688333511, 0.1822299212217331, 0.24459922313690186, 0.10387169569730759, 0.2203117161989212, 0.33382725715637207, 0.23224753141403198, 0.25079014897346497, 0.21688026189804077, 0.16984988749027252, 0.10683887451887131, 0.24958905577659607, 0.1614973396062851, 0.16928890347480774, 0.18950681388378143, 0.22700339555740356, 0.32839900255203247, 0.19247452914714813, 0.17515558004379272, 0.1114637553691864, 0.23845134675502777, 0.2871204912662506, 0.389148086309433, 0.2421804964542389, 0.2067606896162033, 0.17868556082248688, 0.2027188539505005, 0.2956211566925049, 0.0069468067958951, 0.7277435660362244, 0.21603086590766907, 0.22066345810890198, 0.08388237655162811]
val step Loss: [0.5858868956565857, 0.9112177491188049, 0.460462749004364, 0.22652703523635864, 0.4338841736316681, 0.8746158480644226, 0.7483734488487244, 0.5902261137962341, 0.714852511882782, 0.6917415857315063, 0.33705660700798035, 0.7865757346153259, 0.46641868352890015, 0.5324745178222656, 0.3369867205619812, 1.1478008031845093]
Train step Accs: [0.9346423177262118, 0.9263959390862944, 0.8943062827225131, 0.957262446761639, 0.8905685179099573, 0.9247022121384004, 0.9506035798529208, 0.9283987915407855, 0.9566112865577372, 0.9049744897959183, 0.9603380128117759, 0.9497139816416124, 0.9376616976715535, 0.9715313624276553, 0.9482009925558312, 0.9485370051635111, 0.9558702227110256, 0.989712606139778, 0.942310731784416, 0.9545992309967465, 0.9101309898855912, 0.9832025117739404, 0.9373339584310049, 0.9905696938380054, 0.9998599047352199, 0.9826858108108109, 0.988709397255515, 0.9516746411483253, 0.9551508562109269, 0.9343159243832105, 0.9764007063734147, 0.9522379912663755, 0.9343124165554072, 0.9738428003590204, 0.942225201072386, 0.9313474814625415, 0.9389627410597267, 0.9330886033705991, 0.9438435323751667, 0.9554023635340462, 0.9720646006110869, 0.9295857121944079, 0.9586101175268268, 0.9559679194841957, 0.9464556322613235, 0.9381007304882737, 0.9117886178861788, 0.9472554431156087, 0.9540952680396164, 0.9692975405883298, 0.937429696287964, 0.9293983135629555, 0.8907024191197902, 0.9356205576817933, 0.946011396011396, 0.9514681892332789, 0.9499909730998375, 0.9208751685898396, 1.0, 0.8051647373107748, 0.9427814156532585, 0.9408874329958309, 0.9775016789791806]
val step Accs: [0.8615846174826128, 0.7844532279314888, 0.8904208998548622, 0.9460731576116191, 0.9119245067200458, 0.8003807850029291, 0.8196048242237619, 0.8588932274134913, 0.8380671338989303, 0.8418457648546144, 0.9201236794640557, 0.8252427184466019, 0.8859299344915978, 0.8682490051165435, 0.9197414489631026, 0.7309644670050761]
Preds: [17, 451, 360, 360, 360, 301, 143, 17, 321, 321, 320, 7, 196, 70, 473, 109, 429, 360, 360, 434, 434, 434, 19, 19, 454, 454, 454, 408, 149, 82, 82, 66, 66, 66, 68, 68, 68, 115, 115, 267, 267, 470, 139, 139, 139, 443, 443, 443, 443, 85, 146, 240, 240, 240, 216, 34, 166, 324, 324, 324, 301, 349, 349, 261, 25, 25, 183, 30, 186, 186, 99, 338, 338, 338, 338, 338, 400, 400, 267, 267, 290, 360, 246, 246, 434, 3, 3, 3, 14, 226, 321, 209, 145, 145, 145, 460, 460, 178, 215, 259, 29, 100, 100, 497, 497, 122, 368, 49, 453, 224, 168, 106, 106, 496, 496, 274, 274, 8, 82, 364, 345, 345, 81, 81, 81, 474, 324, 324, 324, 246, 434, 339, 339, 339, 217, 398, 398, 398, 398, 434, 434, 434, 199, 199, 331, 275, 282, 282, 452, 263, 263, 193, 17, 188, 470, 403, 403, 403, 470, 470, 470, 470, 470, 470, 470, 470, 470, 470, 470, 470, 470, 470, 470, 470, 470, 470, 470, 470, 470, 470, 470, 470, 470, 470, 470, 470, 470, 470, 470, 470, 470, 470, 470, 470, 470, 470, 470, 470, 470, 470, 470, 470, 470, 470, 470, 470, 470, 470, 470, 470, 470, 470, 470, 470, 470, 470, 470, 470, 470, 470, 403, 403, 403, 403, 403, 403, 403, 403, 403, 403, 403, 403, 403, 403, 403, 403, 403, 403, 403, 403, 403, 403, 403, 403, 403, 403, 403, 403, 403, 403, 403, 403, 403, 403, 403, 403, 403, 403, 403, 403, 403, 403, 403, 403, 403, 403, 403, 403, 403, 403, 403, 403, 403, 403, 403, 403, 403, 403, 403, 403, 403, 403, 403, 403, 403, 403, 403, 403, 403, 403, 403, 403, 403, 403, 403, 403, 403, 403, 403, 403, 403, 403, 403, 403, 403, 403, 403, 403, 403, 403, 403, 403, 403, 403, 403, 403, 403, 403, 403, 403, 403, 403, 403, 403, 403, 403, 403, 403, 403, 403, 403, 403, 403, 403, 403, 403, 403, 403, 403, 403, 403, 403, 403, 403, 403, 403, 403, 403, 403, 403, 403, 403, 403, 403, 403, 403, 403, 403, 403, 403, 403, 403, 403, 403, 403, 403, 403, 403, 403, 403, 403, 403, 403, 403, 403, 403, 403, 403, 403, 403, 403, 403, 403, 403, 403, 403, 403, 403, 403, 403, 403, 403, 403, 403, 403, 403, 403, 403, 403, 403, 403, 403, 403, 403, 403, 403, 403, 403, 403, 403, 403, 403, 403, 403, 403, 403, 403, 403, 403, 403, 403, 403, 403, 403, 403, 403, 403, 403, 403, 403, 403, 403, 403, 403, 403, 403, 403, 403, 403, 403, 403, 403, 403, 403, 403, 403, 403, 403, 403, 403, 403, 403, 403, 403, 403, 403, 403, 403, 403, 403, 403, 403, 403, 403, 403, 403, 403, 403, 403, 403, 403, 403, 403, 403, 403, 403, 403, 403, 403, 403, 403, 403, 403, 403, 403, 403, 403, 403, 403, 403, 403, 403, 403, 403, 403, 403, 403, 403, 403, 403, 403, 403, 403, 403, 403, 403, 403, 403, 403, 403, 403, 403, 403, 403, 403, 403, 403, 403, 403, 403, 403, 403, 403, 403, 403, 403, 403, 403, 403, 403, 403, 403, 403, 403, 403, 403, 403, 403, 403, 403, 403, 403, 403, 403, 403, 403, 403, 403, 403, 403, 403, 403, 403, 403, 403, 403, 403, 403, 403, 403, 403, 403, 403, 403, 403, 403, 403, 403, 403, 403, 403, 403, 403, 403, 403, 403, 403, 403, 403, 403, 403, 403, 403, 403, 403, 403, 403, 403, 403, 403, 403, 403, 403, 403, 403, 403, 403, 403, 403, 403]

ep332
Train step Loss: [0.22410616278648376, 0.3013378083705902, 0.07256744056940079, 0.007093939930200577, 0.06767729669809341, 0.29716822504997253, 0.340514212846756, 0.04363000765442848, 0.06238008663058281, 0.007754577789455652, 0.3266947269439697, 0.14972823858261108, 0.29840606451034546, 0.2706946134567261, 0.17353712022304535, 0.1132398322224617, 0.06542693078517914, 0.2695136070251465, 0.24266265332698822, 0.0710291713476181, 0.23800137639045715, 0.13522449135780334, 0.28136759996414185, 0.18273520469665527, 0.23548974096775055, 0.2959290146827698, 0.037501297891139984, 0.27399173378944397, 0.38710302114486694, 0.16828443109989166, 0.19850926101207733, 0.336623877286911, 0.2008933573961258, 0.1910117268562317, 0.16516751050949097, 0.48319485783576965, 0.11412487179040909, 0.1778419017791748, 0.07646464556455612, 0.7119691371917725, 0.029985493049025536, 0.2748658359050751, 0.49658867716789246, 0.13537390530109406, 0.2555080056190491, 0.17659957706928253, 0.11655516177415848, 0.32051295042037964, 0.3793604373931885, 0.007211129646748304, 0.19131137430667877, 0.1691766083240509, 0.008675452321767807, 0.21478337049484253, 0.15323713421821594, 0.04074232652783394, 0.07700739055871964, 0.13809746503829956, 0.5256677865982056, 0.272639662027359, 0.2109549194574356, 0.15058216452598572, 0.20362040400505066]
val step Loss: [0.7458176612854004, 0.6365211606025696, 0.44984304904937744, 0.5900630950927734, 0.9209779500961304, 0.5768026113510132, 0.7259232401847839, 0.9480763673782349, 0.1395052969455719, 0.9610333442687988, 0.6915550231933594, 0.3146609663963318, 0.11926180869340897, 0.5065837502479553, 0.6701868772506714, 0.5842480063438416]
Train step Accs: [0.9385656292286875, 0.9227886056971514, 0.9821645021645021, 1.0, 0.9841979725700656, 0.9229166666666667, 0.9132013800617396, 0.9910242872228089, 0.9861431870669746, 0.999838657631494, 0.9114925373134328, 0.9589429680501642, 0.9221197482067047, 0.927521467035366, 0.9539853377008267, 0.9716698447289567, 0.9831187410586553, 0.9280529117599613, 0.9345419319125381, 0.984641006661732, 0.938166012338755, 0.9624773960216998, 0.9394824707846411, 0.9500515691763666, 0.9391724137931035, 0.9236425339366516, 0.9911000875401226, 0.9280429421151893, 0.8952240999265246, 0.9534585138822019, 0.9591215769281651, 0.910411252102125, 0.9452715743038324, 0.9500346020761246, 0.9556353194544149, 0.8703786191536749, 0.9696015120491416, 0.953780852067285, 0.9808550453433137, 0.8261531435530522, 0.9938115330520394, 0.9271824575920563, 0.8624437199192672, 0.9688838138738224, 0.932478759874795, 0.9543887147335424, 0.9716335180958592, 0.9157460598026219, 0.9043803418803419, 0.9998527029017529, 0.9487388120423108, 0.9541491280817799, 0.9996498599439776, 0.9462115334884924, 0.9587522176227085, 0.9909571508069004, 0.9807606263982103, 0.9664173839424298, 0.85446293494705, 0.9303770653862449, 0.9438924605493864, 0.960751725901304, 0.9481105470953187]
val step Accs: [0.8242971887550201, 0.8487040385774564, 0.892398934882595, 0.8664309031556039, 0.7893120393120393, 0.8598942085989421, 0.8305728612672846, 0.7646979321529936, 0.9684793411898339, 0.787831066571224, 0.8334589299171062, 0.9238466536712151, 0.9721556088462563, 0.8796662895927602, 0.8521053991216739, 0.8557867097556049]
Preds: [17, 17, 297, 297, 297, 297, 293, 98, 98, 129, 129, 401, 401, 14, 441, 441, 437, 297, 297, 297, 297, 297, 182, 182, 98, 98, 17, 17, 170, 170, 170, 170, 392, 392, 392, 63, 63, 63, 63, 63, 63, 63, 63, 392, 392, 435, 435, 435, 73, 66, 68, 68, 68, 68, 68, 68, 68, 115, 267, 267, 267, 213, 213, 213, 246, 246, 246, 3, 14, 14, 14, 188, 188, 171, 464, 264, 443, 120, 240, 178, 458, 96, 96, 96, 86, 68, 483, 226, 411, 287, 284, 284, 111, 111, 264, 468, 406, 467, 467, 467, 467, 245, 130, 8, 354, 354, 354, 420, 213, 422, 422, 143, 129, 259, 259, 354, 354, 164, 164, 219, 180, 486, 376, 460, 376, 460, 460, 263, 35, 414, 170, 392, 392, 392, 321, 187, 187, 187, 187, 391, 260, 392, 392, 392, 392, 392, 73, 320, 7, 287, 7, 66, 7, 7, 287, 284, 284, 284, 284, 284, 265, 265, 85, 85, 85, 85, 146, 299, 299, 219, 219, 219, 219, 219, 464, 464, 139, 139, 355, 355, 169, 169, 35, 35, 14, 259, 188, 188, 171, 443, 443, 240, 240, 120, 35, 35, 458, 75, 75, 75, 54, 482, 482, 219, 447, 447, 397, 196, 380, 495, 380, 288, 288, 324, 324, 43, 239, 259, 259, 354, 354, 354, 106, 100, 497, 375, 98, 98, 368, 269, 224, 494, 324, 494, 416, 129, 458, 75, 68, 66, 433, 68, 444, 106, 41, 303, 48, 48, 48, 48, 170, 170, 170, 170, 170, 170, 237, 170, 392, 392, 392, 392, 63, 63, 63, 63, 63, 63, 63, 63, 73, 73, 305, 435, 320, 66, 66, 115, 115, 115, 115, 115, 444, 213, 213, 213, 213, 246, 246, 3, 14, 14, 14, 145, 145, 188, 171, 443, 240, 240, 178, 458, 458, 323, 342, 224, 336, 336, 209, 209, 287, 284, 460, 284, 460, 406, 406, 406, 406, 467, 467, 467, 467, 245, 217, 473, 473, 473, 278, 213, 324, 251, 259, 384, 354, 445, 213, 324, 99, 99, 401, 170, 66, 66, 68, 68, 224, 196, 303, 303, 303, 303, 303, 303, 48, 48, 414, 392, 47, 392, 392, 392, 392, 392, 392, 392, 392, 63, 63, 63, 63, 63, 63, 73, 73, 73, 73, 73, 320, 66, 7, 287, 284, 284, 284, 284, 265, 85, 85, 111, 85, 146, 146, 438, 299, 299, 219, 219, 219, 219, 464, 464, 139, 443, 355, 169, 169, 169, 35, 14, 287, 188, 145, 171, 460, 240, 240, 240, 178, 35, 458, 75, 75, 54, 54, 482, 219, 447, 447, 26, 374, 495, 337, 324, 288, 324, 434, 171, 171, 143, 143, 239, 33, 33, 10, 398, 398, 398, 199, 324, 171, 324, 416, 458, 354, 445, 213, 324, 236, 239, 239, 259, 384, 224, 68, 164, 444, 324, 41, 19, 477, 19, 48, 17, 17, 17, 219, 264, 264, 403, 301, 301, 301, 301, 301, 301, 403, 403, 403, 403, 403, 403, 403, 403, 403, 403, 403, 403, 403, 403, 403, 403, 403, 403, 403, 403, 403, 403, 403, 403, 403, 403, 403, 403, 403, 403, 403, 403, 403, 403, 403, 403, 403, 403, 403, 403, 403, 403, 403, 403, 403, 403, 403, 403, 403, 403, 403, 403, 403, 403, 403, 403, 403, 403, 403, 403, 403, 403, 403, 403, 403, 403, 403, 403, 403, 403, 403, 403, 403, 403, 403, 403, 403, 403, 403, 403, 403, 403, 403, 403, 403, 403, 403, 403, 403, 403, 403, 403, 403, 403, 403, 403, 403, 403, 403, 403, 403, 403, 403, 403, 403, 403, 403, 403, 403, 403, 403, 403, 403, 403]

ep333
Train step Loss: [0.029845554381608963, 0.07843299210071564, 0.08679532259702682, 0.296809583902359, 0.20249882340431213, 0.21904835104942322, 0.2846496105194092, 0.06887210160493851, 0.1452779620885849, 0.036822374910116196, 0.3603924810886383, 0.18109211325645447, 0.05153339356184006, 0.22409789264202118, 0.16764113306999207, 0.31561172008514404, 0.0931595116853714, 0.11218897253274918, 0.18547296524047852, 0.11674689501523972, 0.2346193939447403, 0.32955843210220337, 0.09716730564832687, 0.12769202888011932, 0.29579198360443115, 0.09016601741313934, 0.2865218222141266, 0.008470520377159119, 0.1030203253030777, 0.4107418358325958, 0.11571655422449112, 0.15094782412052155, 0.28369763493537903, 0.17073747515678406, 0.12477771937847137, 0.11560648679733276, 0.2040012627840042, 0.13915027678012848, 0.074363112449646, 0.17608845233917236, 0.007606080733239651, 0.2465459406375885, 0.13447032868862152, 0.13400053977966309, 0.08976083248853683, 0.15689507126808167, 0.1519770622253418, 0.10144592821598053, 0.27580225467681885, 0.3102138340473175, 0.008289981633424759, 0.18045809864997864, 0.20195353031158447, 0.5690380334854126, 0.1017497330904007, 0.29926085472106934, 0.1287248581647873, 0.19164825975894928, 0.27282872796058655, 0.6412461996078491, 0.3909374475479126, 0.21221590042114258, 0.242987260222435]
val step Loss: [0.3697381019592285, 0.8073851466178894, 0.49654924869537354, 0.5541685819625854, 0.7900359034538269, 0.442964106798172, 0.4228438436985016, 0.5805143117904663, 0.36072906851768494, 1.0417579412460327, 0.7012730836868286, 0.5015679597854614, 0.8470145463943481, 0.43917104601860046, 0.6849734783172607, 0.4846440255641937]
Train step Accs: [0.9936144936144936, 0.9802786038503678, 0.9779424145479036, 0.920662100456621, 0.9539785701738978, 0.9422939580059991, 0.9199892962269199, 0.9819294666278053, 0.9605015673981191, 0.9898812142542894, 0.9040701855314253, 0.9537286612758311, 0.9876671619613671, 0.9600544150383379, 0.9579385587137526, 0.9175227035879112, 0.9740619055853363, 0.9682375280510962, 0.9517526322804212, 0.9706505788358063, 0.937510224112547, 0.915488895298529, 0.9751461988304093, 0.964680281218614, 0.9242703533026113, 0.9793932455638237, 0.9205974842767296, 0.9998373190174069, 0.9722523639745776, 0.8938634399308557, 0.9709079773388455, 0.9555688982287601, 0.9229081792541522, 0.9525880207602749, 0.9676715318510435, 0.9698007471980075, 0.9494590188231806, 0.9628404975594395, 0.9802112780836185, 0.9526003949967083, 1.0, 0.9367354991450743, 0.9691098006178039, 0.9664672325031306, 0.975395206527282, 0.9589471941731501, 0.9601433049708912, 0.9759095378564405, 0.9272009797251327, 0.9250591638180384, 1.0, 0.9560967793622817, 0.9454745227303942, 0.8471068137180843, 0.9750752760120441, 0.9243325964971943, 0.9675160184771271, 0.9490532010820559, 0.9291122925729015, 0.8224374495560937, 0.9013926009284006, 0.9456633970056789, 0.936247723132969]
val step Accs: [0.9185095425628598, 0.8101907429638522, 0.8903050264929113, 0.8725631296611278, 0.8019238585557512, 0.897607897734464, 0.9007263922518159, 0.863794786003067, 0.9149621517152521, 0.7445638895675544, 0.8304740119456093, 0.8811620875509399, 0.8085840463704113, 0.897177670023623, 0.8518157445771387, 0.8825868009541479]
Preds: [17, 17, 188, 188, 443, 443, 171, 240, 236, 143, 129, 239, 259, 75, 108, 377, 106, 106, 132, 132, 132, 274, 35, 401, 82, 82, 401, 66, 68, 68, 172, 115, 273, 273, 273, 319, 319, 319, 240, 240, 173, 280, 219, 219, 324, 324, 324, 3, 58, 58, 72, 110, 110, 486, 486, 428, 146, 146, 146, 438, 438, 173, 205, 261, 25, 106, 106, 284, 284, 284, 376, 460, 460, 169, 35, 35, 126, 126, 101, 101, 101, 149, 228, 82, 75, 164, 115, 273, 273, 151, 151, 460, 169, 215, 173, 280, 280, 485, 286, 286, 286, 468, 468, 468, 132, 132, 186, 186, 186, 186, 162, 162, 232, 172, 172, 273, 273, 106, 293, 293, 293, 186, 162, 342, 342, 224, 168, 267, 267, 444, 324, 318, 368, 31, 31, 162, 342, 86, 68, 160, 97, 97, 494, 336, 196, 336, 259, 320, 473, 331, 264, 264, 264, 264, 264, 468, 468, 468, 337, 337, 337, 337, 34, 191, 324, 324, 464, 303, 303, 250, 250, 250, 250, 250, 241, 100, 100, 153, 182, 182, 98, 182, 182, 375, 375, 375, 98, 98, 193, 17, 83, 403, 403, 403, 403, 403, 403, 403, 403, 403, 403, 403, 403, 403, 403, 403, 403, 403, 403, 403, 403, 403, 403, 403, 403, 403, 403, 403, 403, 403, 403, 403, 403, 403, 403, 403, 403, 403, 403, 403, 403, 403, 403, 403, 403, 403, 403, 403, 403, 403, 403, 403, 403, 403, 403, 403, 403, 403, 403, 403, 403, 403, 403, 403, 403, 403, 403, 403, 403, 403, 403, 403, 403, 403, 403, 403, 403, 403, 403, 403, 403, 403, 403, 403, 403, 403, 403, 403, 403, 403, 403, 403, 403, 403, 403, 403, 403, 403, 403, 403, 403, 403, 403, 403, 403, 403, 403, 403, 403, 403, 403, 403, 403, 403, 403, 403, 403, 403, 403, 403, 403, 403, 403, 403, 403, 403, 403, 403, 403, 403, 403, 403, 403, 403, 403, 403, 403, 403, 403, 403, 403, 403, 403, 403, 403, 403, 403, 403, 403, 403, 403, 403, 403, 403, 403, 403, 403, 403, 403, 403, 403, 403, 403, 403, 403, 403, 403, 403, 403, 403, 403, 403, 403, 403, 403, 403, 403, 403, 403, 403, 403, 403, 403, 403, 403, 403, 403, 403, 403, 403, 403, 403, 403, 403, 403, 403, 403, 403, 403, 403, 403, 403, 403, 403, 403, 403, 403, 403, 403, 403, 403, 403, 403, 403, 403, 403, 403, 403, 403, 403, 403, 403, 403, 403, 403, 403, 403, 403, 403, 403, 403, 403, 403, 403, 403, 403, 403, 403, 403, 403, 403, 403, 403, 403, 403, 403, 403, 403, 403, 403, 403, 403, 403, 403, 403, 403, 403, 403, 403, 403, 403, 403, 403, 403, 403, 403, 403, 403, 403, 403, 403, 403, 403, 403, 403, 403, 403, 403, 403, 403, 403, 403, 403, 403, 403, 403, 403, 403, 403, 403, 403, 403, 403, 403, 403, 403, 403, 403, 403, 403, 403, 403, 403, 403, 403, 403, 403, 403, 403, 403, 403, 403, 403, 403, 403, 403, 403, 403, 403, 403, 403, 403, 403, 403, 403, 403, 403, 403, 403, 403, 403, 403, 403, 403, 403, 403, 403, 403, 403, 403, 403, 403, 403, 403, 403, 403, 403, 403, 403, 403, 403, 403, 403, 403, 403, 403, 403, 403, 403, 403, 403, 403, 403, 403, 403, 403, 403, 403, 403, 403, 403, 403, 403, 403, 403, 403, 403, 403, 403, 403, 403, 403, 403, 403, 403, 403, 403, 403, 403, 403, 403, 403, 403, 403, 403, 403, 403, 403, 403, 403, 403, 403, 403, 403, 403, 403, 403, 403, 403, 403]

ep334
Train step Loss: [0.454578161239624, 0.34183433651924133, 0.021392636001110077, 0.16511128842830658, 0.17739415168762207, 0.17787151038646698, 0.14888176321983337, 0.2570466101169586, 0.35143107175827026, 0.009530628100037575, 0.2340030074119568, 0.17762382328510284, 0.31738007068634033, 0.07769016921520233, 0.13215261697769165, 0.21493762731552124, 0.2153325229883194, 0.22562524676322937, 0.12425418198108673, 0.06527607142925262, 0.17125873267650604, 0.2254854440689087, 0.48615655303001404, 0.21776199340820312, 0.16721101105213165, 0.3416126072406769, 0.25307130813598633, 0.3817046582698822, 0.2396630197763443, 0.20238837599754333, 0.5951492786407471, 0.12724877893924713, 0.46510955691337585, 0.23034673929214478, 0.10405199229717255, 0.18265947699546814, 0.008842281065881252, 0.24959437549114227, 0.21441446244716644, 0.29001086950302124, 0.24832743406295776, 0.00740191200748086, 0.14170001447200775, 0.3268376290798187, 0.09595319628715515, 0.08124558627605438, 0.5199041962623596, 0.1420704871416092, 0.10494908690452576, 0.13626648485660553, 0.16519825160503387, 0.03169713914394379, 0.05062425509095192, 0.2792508006095886, 0.10898379981517792, 0.006288160569965839, 0.006608699914067984, 0.07999837398529053, 0.10326167941093445, 0.062186386436223984, 0.13695642352104187, 0.2215624451637268, 0.08204551786184311]
val step Loss: [0.4007231593132019, 0.7971835136413574, 0.39631104469299316, 0.5203196406364441, 0.5972053408622742, 0.8472960591316223, 0.9363054633140564, 0.7726895213127136, 0.6563055515289307, 0.4188036322593689, 0.26471787691116333, 0.47435426712036133, 0.6097666621208191, 0.5285511612892151, 0.6522054672241211, 0.5126633644104004]
Train step Accs: [0.88584686774942, 0.9182879377431906, 0.9956926497151591, 0.9555011520737328, 0.9551965864065833, 0.9509394572025052, 0.9615265760197775, 0.9365169335411648, 0.9068181818181819, 0.9995462794918331, 0.9367396593673966, 0.9586307592472421, 0.9185582822085889, 0.9794502268481452, 0.9669020911231131, 0.944153082919915, 0.9479674796747968, 0.9380440348182284, 0.9666160849772383, 0.9853623188405797, 0.9555755858872006, 0.9386315228966986, 0.8719584569732938, 0.9402045633359559, 0.9597863184448732, 0.9117206235011991, 0.9326252377932783, 0.8965462104253278, 0.939606322696093, 0.9462332928311057, 0.8340302348021872, 0.9670542635658915, 0.8741579089194287, 0.9410548086866598, 0.9770196217076189, 0.951048951048951, 0.9998377150275884, 0.9312709296762877, 0.9398751357220413, 0.9204489189635253, 0.931580519868539, 1.0, 0.9657135113158964, 0.9092493102947582, 0.9765500794912559, 0.9810791871058164, 0.8682267725309932, 0.9650560828300259, 0.9745145631067961, 0.9654584221748401, 0.9546969509937044, 0.9931880108991825, 0.9884465478841871, 0.9277943976067446, 0.9734921816827997, 1.0, 1.0, 0.9822689706987228, 0.9756776828815448, 0.9838774687625957, 0.9629396984924623, 0.9400602409638554, 0.9753448781919577]
val step Accs: [0.9069352371239163, 0.8057295136575616, 0.9090341122079221, 0.879519814868383, 0.8652547981469225, 0.8007011866235167, 0.7867898266481083, 0.8272333726879182, 0.8409090909090909, 0.9007727975270479, 0.9371881796085455, 0.8878196315644762, 0.8558367563270174, 0.8831168831168831, 0.8398934237616568, 0.8892900120336944]
Preds: [17, 17, 17, 482, 482, 482, 482, 482, 172, 172, 115, 115, 273, 273, 486, 486, 460, 460, 460, 167, 167, 183, 183, 183, 183, 183, 451, 30, 30, 30, 213, 213, 360, 464, 464, 278, 368, 368, 31, 453, 453, 453, 198, 168, 168, 191, 191, 191, 301, 301, 314, 196, 196, 473, 473, 473, 429, 360, 213, 324, 246, 246, 246, 246, 246, 3, 3, 3, 454, 454, 226, 226, 259, 72, 72, 437, 437, 437, 284, 284, 284, 284, 265, 265, 85, 85, 85, 85, 85, 468, 468, 468, 468, 468, 59, 59, 59, 452, 452, 452, 263, 225, 225, 225, 225, 225, 225, 7, 75, 75, 310, 310, 107, 107, 395, 395, 395, 443, 443, 443, 443, 240, 271, 271, 271, 150, 39, 39, 39, 86, 390, 390, 160, 160, 160, 160, 66, 66, 68, 68, 68, 115, 115, 115, 267, 267, 267, 267, 252, 252, 143, 458, 192, 27, 242, 399, 399, 70, 70, 65, 65, 284, 284, 284, 426, 426, 426, 206, 282, 169, 35, 35, 35, 35, 441, 441, 100, 100, 153, 375, 98, 98, 76, 76, 259, 259, 441, 441, 437, 437, 426, 426, 426, 426, 426, 413, 413, 413, 303, 303, 303, 303, 48, 48, 48, 417, 417, 417, 237, 237, 237, 237, 249, 249, 249, 249, 249, 2, 2, 249, 249, 163, 163, 73, 73, 73, 244, 244, 321, 320, 287, 287, 297, 297, 297, 297, 481, 387, 497, 43, 98, 458, 458, 208, 441, 100, 100, 100, 100, 375, 375, 375, 375, 375, 98, 98, 98, 98, 197, 197, 197, 414, 197, 7, 7, 7, 7, 4, 4, 4, 4, 4, 280, 485, 374, 374, 213, 213, 213, 246, 246, 246, 252, 143, 129, 401, 401, 354, 445, 445, 324, 213, 213, 213, 213, 213, 246, 246, 246, 246, 434, 305, 454, 414, 414, 414, 414, 414, 414, 197, 80, 414, 7, 7, 7, 7, 287, 287, 287, 284, 284, 284, 284, 284, 284, 284, 284, 284, 284, 206, 206, 206, 206, 167, 35, 35, 35, 440, 188, 188, 171, 324, 464, 301, 378, 94, 33, 195, 250, 250, 276, 346, 346, 346, 138, 174, 387, 387, 169, 99, 49, 269, 269, 323, 323, 168, 219, 485, 485, 374, 374, 374, 374, 374, 132, 132, 132, 497, 122, 122, 129, 310, 310, 395, 395, 395, 213, 213, 374, 443, 271, 31, 342, 342, 232, 86, 86, 6, 224, 324, 213, 213, 213, 213, 213, 3, 3, 14, 14, 183, 188, 188, 464, 464, 443, 443, 271, 150, 342, 342, 54, 86, 86, 6, 6, 273, 106, 437, 284, 486, 460, 460, 468, 468, 406, 467, 337, 245, 245, 215, 35, 259, 259, 354, 441, 100, 100, 497, 497, 38, 31, 68, 54, 224, 494, 494, 494, 50, 293, 368, 342, 342, 342, 68, 273, 267, 267, 267, 213, 213, 213, 246, 374, 303, 303, 303, 352, 352, 352, 305, 305, 439, 78, 78, 170, 170, 392, 187, 187, 12, 12, 12, 12, 12, 12, 12, 408, 408, 392, 73, 244, 73, 320, 7, 7, 7, 7, 7, 473, 398, 398, 464, 464, 464, 464, 139, 374, 116, 199, 374, 374, 84, 84, 495, 495, 495, 16, 182, 182, 182, 43, 250, 250, 98, 98, 17, 17, 17, 48, 414, 414, 170, 102, 102, 102, 102, 102, 102, 102, 321, 7, 7, 188, 188, 171, 171, 171, 171, 171, 171, 252, 143, 143, 143, 239, 196, 196, 196, 473, 398, 213, 360, 360, 434, 246, 422, 246, 246, 301, 8, 217, 217, 473, 65, 65, 284, 319, 46, 46, 240, 24, 24, 325, 34, 324, 324, 242, 313, 313, 199]

ep335
Train step Loss: [0.19447635114192963, 0.26849257946014404, 0.09803639352321625, 0.340383917093277, 0.46236759424209595, 0.07240017503499985, 0.2211320400238037, 0.3717205822467804, 0.09365261346101761, 0.31604406237602234, 0.017626427114009857, 0.08988481014966965, 0.21133363246917725, 0.181375652551651, 0.08619219809770584, 0.16093488037586212, 0.11767777055501938, 0.0594031848013401, 0.46308040618896484, 0.37311968207359314, 0.21656247973442078, 0.20015878975391388, 0.24425700306892395, 0.05278385803103447, 0.042824629694223404, 0.35344094038009644, 0.27095910906791687, 0.10705900192260742, 0.09984809905290604, 0.5323466062545776, 0.12776654958724976, 0.27650219202041626, 0.3835618793964386, 0.21805424988269806, 0.5766149163246155, 0.26448479294776917, 0.006441382225602865, 0.23451313376426697, 0.4071486294269562, 0.30954715609550476, 0.0876733586192131, 0.1811261773109436, 0.30464649200439453, 0.16092461347579956, 0.12695366144180298, 0.00868346355855465, 0.45969149470329285, 0.15127122402191162, 0.015656745061278343, 0.06864561885595322, 0.17728038132190704, 0.008731077425181866, 0.23140598833560944, 0.058267444372177124, 0.31554901599884033, 0.11739231646060944, 0.08159997314214706, 0.10982665419578552, 0.04690955951809883, 0.06449106335639954, 0.006710753310471773, 0.44934505224227905, 0.005877347197383642]
val step Loss: [0.46839380264282227, 0.5357826352119446, 0.7314674258232117, 0.34694182872772217, 1.1990540027618408, 1.002964973449707, 0.6156247854232788, 0.40606310963630676, 0.18998266756534576, 0.7363874912261963, 0.3339880704879761, 0.645412802696228, 0.36751803755760193, 0.5263723134994507, 0.7777280807495117, 0.26232513785362244]
Train step Accs: [0.9456054087277197, 0.9276344241026381, 0.9717214126944924, 0.9090026355943959, 0.8756983240223464, 0.9829545454545454, 0.942564420987271, 0.898840885142255, 0.9751354354771496, 0.9180249280920422, 0.9963293130571579, 0.9761578514661551, 0.9403218914684518, 0.9520137103684662, 0.9779757085020243, 0.9547567400061977, 0.9717261904761905, 0.9870367945528349, 0.8746478873239436, 0.9017486662714879, 0.9435685870045676, 0.9468828258863846, 0.9368971061093248, 0.9875292283710054, 0.9895169287434481, 0.9106801821654179, 0.9306257901390644, 0.9722359940505702, 0.975432884416161, 0.8671665016268213, 0.9693845177664975, 0.9263070539419087, 0.9008940748598272, 0.9437928408225438, 0.8438916958155201, 0.929427430093209, 1.0, 0.937620490223079, 0.8983601713694785, 0.9181589695256048, 0.9786301369863014, 0.9519637462235649, 0.92373129950132, 0.9575786463298379, 0.9678692988427502, 0.9995674116798846, 0.8731934731934732, 0.9593421653723161, 0.997539975399754, 0.9822151532677849, 0.9524781341107872, 0.9998462248193142, 0.9369779802581625, 0.9865478686233403, 0.9233656553018454, 0.9690893901420217, 0.9788368336025848, 0.9728720267348142, 0.9900480439258751, 0.9841046560697707, 1.0, 0.8909917660071279, 1.0]
val step Accs: [0.8985333333333333, 0.8741504854368932, 0.8227394807520143, 0.915736040609137, 0.7152291639149386, 0.7662004662004662, 0.858879834432803, 0.9074382281398028, 0.954995499549955, 0.8299511183528366, 0.9158697158697159, 0.8619878183831672, 0.911008883248731, 0.8752844141069397, 0.8102035749751738, 0.935614702154626]
Preds: [17, 17, 309, 309, 479, 479, 398, 360, 360, 360, 360, 360, 360, 434, 434, 434, 434, 434, 434, 434, 434, 3, 3, 197, 259, 259, 287, 287, 145, 486, 486, 460, 460, 169, 169, 35, 35, 35, 259, 441, 441, 441, 100, 424, 424, 424, 424, 497, 182, 182, 441, 441, 441, 441, 424, 424, 424, 424, 182, 182, 182, 43, 98, 14, 441, 441, 437, 125, 125, 125, 125, 413, 348, 348, 466, 466, 466, 479, 65, 65, 65, 426, 426, 426, 426, 426, 426, 426, 98, 98, 98, 263, 263, 13, 13, 414, 414, 170, 102, 170, 170, 170, 28, 28, 2, 2, 2, 2, 2, 341, 341, 341, 244, 2, 163, 316, 244, 73, 73, 73, 244, 321, 320, 321, 287, 287, 287, 287, 284, 284, 319, 319, 319, 413, 413, 348, 43, 43, 276, 276, 138, 138, 138, 138, 297, 297, 182, 297, 182, 182, 182, 182, 182, 182, 182, 182, 182, 182, 182, 182, 372, 372, 372, 406, 406, 406, 406, 406, 406, 467, 134, 153, 153, 153, 153, 182, 182, 182, 182, 182, 182, 375, 98, 98, 98, 98, 13, 13, 417, 417, 237, 237, 237, 102, 47, 47, 47, 82, 435, 435, 80, 289, 321, 320, 320, 83, 83, 55, 55, 120, 120, 120, 240, 240, 252, 314, 314, 196, 309, 309, 479, 398, 398, 464, 171, 171, 464, 301, 301, 399, 250, 250, 380, 134, 175, 106, 284, 284, 426, 319, 319, 319, 330, 330, 271, 150, 77, 77, 342, 342, 342, 68, 68, 26, 26, 267, 267, 267, 213, 360, 360, 360, 246, 246, 246, 246, 246, 246, 246, 246, 246, 246, 246, 19, 19, 454, 197, 197, 239, 7, 188, 188, 448, 448, 464, 464, 464, 252, 252, 143, 143, 77, 478, 342, 172, 115, 115, 273, 273, 499, 486, 486, 376, 376, 460, 460, 169, 263, 263, 263, 263, 414, 414, 414, 414, 414, 312, 312, 187, 187, 187, 292, 292, 292, 23, 23, 408, 408, 391, 391, 244, 321, 321, 412, 287, 287, 287, 287, 111, 111, 460, 460, 169, 77, 77, 77, 342, 342, 342, 115, 267, 267, 267, 30, 324, 324, 464, 464, 464, 58, 58, 58, 265, 110, 486, 486, 486, 486, 486, 443, 240, 240, 385, 35, 36, 310, 310, 161, 395, 395, 106, 106, 139, 293, 293, 293, 122, 35, 77, 77, 342, 172, 115, 115, 273, 273, 273, 443, 432, 330, 330, 330, 330, 330, 388, 388, 116, 10, 10, 473, 398, 398, 398, 360, 434, 434, 434, 434, 434, 246, 434, 434, 464, 199, 331, 331, 486, 486, 460, 460, 460, 263, 35, 259, 127, 83, 287, 145, 111, 443, 443, 240, 240, 368, 449, 449, 449, 351, 351, 486, 486, 428, 330, 240, 240, 64, 76, 183, 183, 485, 257, 257, 257, 368, 31, 31, 162, 232, 232, 232, 172, 172, 115, 267, 267, 267, 267, 267, 267, 213, 246, 246, 246, 3, 3, 3, 14, 188, 188, 171, 171, 171, 171, 171, 171, 178, 143, 31, 96, 96, 232, 232, 86, 105, 105, 336, 27, 27, 437, 499, 499, 499, 306, 306, 306, 85, 85, 85, 334, 334, 334, 59, 59, 59, 452, 452, 263, 263, 414, 414, 414, 414, 312, 312, 187, 187, 187, 187, 187, 187, 1, 1, 1, 1, 1, 1, 1, 408, 408, 391, 149, 228, 321, 321, 321, 287, 287, 287, 287, 111, 111, 460, 460, 169, 150, 77, 77, 342, 342, 115, 115, 267, 267, 464, 464, 464, 464, 120, 282, 282, 282, 203, 173, 173, 280, 65, 109, 428, 443, 443, 438, 240, 240, 36, 449, 449, 351, 351, 443, 443]

ep336
Train step Loss: [0.2102876603603363, 0.00576471071690321, 0.2900674045085907, 0.18498659133911133, 0.005951723083853722, 0.11234612762928009, 0.3092024326324463, 0.36720386147499084, 0.4170490503311157, 0.007084157783538103, 0.007147819269448519, 0.39693090319633484, 0.15218311548233032, 0.1279798001050949, 0.031391698867082596, 0.006343657150864601, 0.32452142238616943, 0.32225584983825684, 0.2845577597618103, 0.3349524438381195, 0.13421466946601868, 0.45585164427757263, 0.12031818926334381, 0.1603965163230896, 0.38274461030960083, 0.09189392626285553, 0.18836194276809692, 0.15919385850429535, 0.06665506213903427, 0.19944410026073456, 0.2620016634464264, 0.22816240787506104, 0.23870711028575897, 0.101469986140728, 0.11035668849945068, 0.2037818878889084, 0.10877042263746262, 0.4422036111354828, 0.09108853340148926, 0.262457937002182, 0.006764054298400879, 0.09325993806123734, 0.3031359612941742, 0.22260262072086334, 0.23941422998905182, 0.13778656721115112, 0.11012852191925049, 0.09331890940666199, 0.00733132055029273, 0.03558356314897537, 0.11111626029014587, 0.140740305185318, 0.006173121277242899, 0.23509062826633453, 0.3813638985157013, 0.19145004451274872, 0.1677110642194748, 0.4563899636268616, 0.20823214948177338, 0.11402703821659088, 0.43461012840270996, 0.2788074016571045, 0.4453267455101013]
val step Loss: [0.7916120290756226, 0.781974732875824, 0.7361084818840027, 0.782197892665863, 0.9412623047828674, 1.0346827507019043, 0.32104626297950745, 0.22245489060878754, 0.3320953845977783, 0.7701361179351807, 0.3201255202293396, 0.4100034534931183, 0.41216984391212463, 0.33353525400161743, 0.46605101227760315, 0.9393002986907959]
Train step Accs: [0.9443381180223286, 1.0, 0.9209689629068887, 0.9495920745920746, 1.0, 0.968966556191624, 0.9178082191780822, 0.9055967633175994, 0.8957353656559105, 0.9998589363803075, 0.9998517640083012, 0.8938569206842923, 0.9610974016548121, 0.9674195223260644, 0.9926329748047739, 1.0, 0.9120793112444561, 0.9174616341766901, 0.9206075790792358, 0.9152568440479852, 0.9646946564885496, 0.8774538964901845, 0.9703000612369871, 0.9607922941256275, 0.8974800438253248, 0.9766134880348079, 0.9490228013029316, 0.9568261376896149, 0.9822084157017792, 0.9471372804163956, 0.9293760831889082, 0.9456035767511177, 0.9347884306373861, 0.9771044930280599, 0.9712635379061372, 0.9454354669464848, 0.9710340687378058, 0.8814904492870594, 0.9761686526122824, 0.9290743155149935, 1.0, 0.976546762589928, 0.9205521472392638, 0.9393650361084617, 0.9333430999121007, 0.9619466343238327, 0.9705709240729841, 0.9760026850142641, 0.9998339146321209, 0.9915254237288136, 0.9702453987730061, 0.9633293760717584, 1.0, 0.9360510346973705, 0.9022466894807321, 0.9507031126560278, 0.9552380952380952, 0.8773065717060538, 0.9446188980873537, 0.9704778156996587, 0.8855469789725845, 0.9392661324335724, 0.8855180309101317]
val step Accs: [0.8209718670076727, 0.8143911439114391, 0.8213063124743256, 0.8114580576872188, 0.7851431519215889, 0.7564272782136391, 0.9282937943975338, 0.9486673247778875, 0.9198336440556432, 0.8172084623323014, 0.9310539700480361, 0.9052878641446914, 0.9018895348837209, 0.9222327597886465, 0.8849711757608258, 0.7825611888111889]
Preds: [17, 100, 100, 100, 293, 497, 98, 98, 35, 129, 208, 208, 208, 441, 441, 287, 346, 346, 481, 426, 426, 426, 426, 426, 169, 167, 263, 225, 225, 225, 225, 225, 225, 225, 7, 7, 7, 345, 109, 109, 109, 374, 286, 286, 286, 286, 286, 286, 264, 468, 468, 468, 406, 467, 337, 337, 337, 337, 171, 324, 324, 324, 324, 3, 3, 3, 3, 3, 3, 188, 188, 188, 398, 398, 398, 360, 360, 434, 339, 203, 465, 465, 250, 250, 132, 132, 43, 43, 182, 182, 182, 497, 497, 43, 43, 364, 276, 100, 100, 100, 497, 497, 497, 497, 43, 98, 441, 441, 441, 346, 346, 346, 284, 426, 426, 306, 387, 85, 396, 396, 396, 382, 382, 382, 406, 406, 467, 467, 467, 134, 375, 375, 375, 375, 303, 303, 48, 48, 48, 13, 13, 414, 237, 47, 47, 47, 47, 80, 80, 80, 82, 320, 320, 7, 7, 7, 420, 213, 324, 324, 324, 3, 3, 3, 58, 58, 110, 110, 145, 486, 486, 315, 315, 315, 450, 450, 450, 450, 413, 35, 173, 219, 219, 219, 219, 219, 464, 464, 464, 443, 443, 355, 355, 355, 355, 452, 263, 263, 263, 229, 229, 229, 312, 312, 312, 312, 23, 23, 23, 23, 23, 23, 23, 23, 23, 23, 23, 260, 391, 391, 244, 244, 321, 320, 287, 287, 287, 287, 486, 486, 486, 460, 460, 169, 150, 150, 342, 232, 232, 172, 115, 115, 267, 267, 267, 267, 267, 246, 246, 246, 246, 246, 19, 3, 454, 197, 197, 197, 188, 188, 188, 145, 145, 365, 365, 330, 330, 330, 330, 339, 76, 310, 107, 107, 395, 395, 395, 494, 134, 175, 175, 88, 426, 426, 426, 284, 426, 486, 460, 460, 169, 169, 77, 478, 342, 172, 172, 115, 115, 267, 267, 267, 267, 213, 246, 246, 246, 301, 301, 301, 197, 197, 259, 354, 100, 100, 100, 100, 182, 182, 182, 182, 182, 182, 182, 182, 182, 182, 293, 293, 497, 497, 122, 122, 122, 465, 465, 183, 183, 183, 351, 171, 171, 171, 171, 171, 171, 252, 252, 216, 239, 219, 286, 286, 286, 286, 286, 286, 286, 264, 264, 264, 468, 468, 325, 337, 41, 41, 41, 41, 19, 19, 19, 19, 454, 454, 454, 414, 414, 442, 102, 170, 244, 187, 187, 292, 408, 408, 244, 408, 408, 244, 244, 412, 287, 287, 287, 287, 284, 486, 460, 460, 460, 460, 169, 150, 150, 150, 342, 172, 172, 115, 267, 267, 444, 444, 324, 324, 301, 301, 301, 173, 8, 259, 354, 100, 100, 100, 424, 424, 424, 497, 497, 122, 8, 259, 354, 100, 100, 100, 100, 182, 182, 375, 348, 348, 122, 117, 197, 197, 197, 226, 414, 82, 320, 209, 287, 287, 481, 481, 481, 481, 375, 98, 98, 98, 129, 259, 209, 411, 287, 437, 481, 481, 426, 426, 426, 98, 98, 98, 17, 83, 83, 403, 403, 403, 403, 403, 403, 403, 403, 403, 403, 403, 403, 403, 403, 403, 403, 403, 403, 403, 403, 403, 403, 403, 403, 403, 403, 403, 403, 403, 403, 403, 403, 403, 403, 403, 403, 403, 403, 403, 403, 403, 403, 403, 403, 403, 403, 403, 403, 403, 403, 403, 403, 403, 403, 403, 403, 403, 403, 403, 403, 403, 403, 403, 403, 403, 403, 403, 403, 403, 403, 403, 403, 403, 403, 403, 403, 403, 403, 403, 403, 403, 403, 403, 403, 403, 403, 403, 403, 403, 403, 403, 403, 403, 403, 403, 403, 403, 403, 403, 403, 403, 403, 403, 403, 403, 403, 403, 403, 403, 403, 403, 403, 403, 403, 403, 403, 403]

ep337
Train step Loss: [0.25437191128730774, 0.11013213545084, 0.18404248356819153, 0.23534345626831055, 0.16124485433101654, 0.13795195519924164, 0.21833066642284393, 0.0070992871187627316, 0.08669077605009079, 0.1342332661151886, 0.11847520619630814, 0.48761454224586487, 0.44518184661865234, 0.24447694420814514, 0.14653083682060242, 0.18964074552059174, 0.014561211690306664, 0.018104666844010353, 0.3561965227127075, 0.43454399704933167, 0.20606078207492828, 0.01969948783516884, 0.4037846624851227, 0.1318637579679489, 0.2587636709213257, 0.2073555588722229, 0.41026824712753296, 0.07903143018484116, 0.14016443490982056, 0.35203078389167786, 0.42458459734916687, 0.01347534079104662, 0.2625783681869507, 0.19368082284927368, 0.1838490217924118, 0.1584971696138382, 0.08984918892383575, 0.1586146205663681, 0.2703329920768738, 0.10621728748083115, 0.36460816860198975, 0.30519235134124756, 0.029900429770350456, 0.08791901171207428, 0.02784528210759163, 0.0290134996175766, 0.22700177133083344, 0.08223173022270203, 0.1620456427335739, 0.09097336232662201, 0.21003268659114838, 0.21284516155719757, 0.16605527698993683, 0.12106865644454956, 0.32776862382888794, 0.13030938804149628, 0.11806602776050568, 0.12446630746126175, 0.3157563805580139, 0.1333717703819275, 0.4869421720504761, 0.006538531742990017, 0.006315313745290041]
val step Loss: [0.5306926965713501, 0.7814763784408569, 0.3281369209289551, 0.7359440326690674, 0.427988737821579, 0.4001098573207855, 0.3549337685108185, 0.8945415019989014, 0.7176483869552612, 0.30973440408706665, 0.8766164779663086, 0.7578195333480835, 0.7052773833274841, 0.715844452381134, 0.6939921379089355, 0.27399957180023193]
Train step Accs: [0.9308016877637131, 0.9718695903058281, 0.9506678809957498, 0.9417168674698795, 0.9577076310144039, 0.9656673715636274, 0.9421052631578948, 1.0, 0.9773378483980203, 0.9645930314571872, 0.9701338825952626, 0.8653303637713438, 0.8835606604450825, 0.9318817125202296, 0.9620773682607371, 0.9513858656218256, 0.9976841130152848, 0.9963811821471653, 0.9046337817638266, 0.8868629502316545, 0.9448462929475587, 0.9971788602595448, 0.8872720897615708, 0.9657694962042788, 0.9330095700614198, 0.9469364652610726, 0.8980891719745223, 0.9797899215529849, 0.9632741985683162, 0.905143447919359, 0.8845953002610966, 0.9975223675154852, 0.9353068592057762, 0.952901934623082, 0.9493314567206192, 0.9597740735638518, 0.9790774299835255, 0.9579947665610797, 0.9318384318384318, 0.9719502074688797, 0.9073598307390056, 0.9159623664487323, 0.9939255884586181, 0.977367870225013, 0.995009149891865, 0.9938475390156063, 0.9393667861409797, 0.9808926487747958, 0.9560317239460137, 0.9767351182739797, 0.9426420505466929, 0.941586889501866, 0.9566863546872634, 0.9664488786862088, 0.911315908747545, 0.9642655367231638, 0.9712077587513259, 0.9692785104732351, 0.9301630028413339, 0.9671989641778161, 0.8704081632653061, 0.9998582967266544, 1.0]
val step Accs: [0.8825871847471944, 0.8120411160058737, 0.9245543733591267, 0.8338592399506105, 0.8950698655417875, 0.9059493156254235, 0.9202628042407048, 0.7808398950131233, 0.8309060445933755, 0.9346850108616944, 0.7839988631519114, 0.8169174358325958, 0.8288053591365836, 0.839863928436437, 0.8301759133964818, 0.9490354846391998]
Preds: [17, 479, 398, 398, 360, 360, 360, 252, 457, 457, 35, 196, 473, 65, 46, 61, 486, 460, 460, 178, 35, 77, 342, 342, 115, 273, 486, 486, 486, 460, 460, 178, 178, 35, 192, 192, 445, 445, 213, 213, 213, 213, 434, 434, 19, 19, 454, 454, 229, 414, 414, 414, 414, 312, 187, 187, 187, 187, 187, 187, 187, 187, 12, 260, 260, 391, 391, 391, 73, 73, 289, 321, 321, 287, 287, 437, 287, 284, 284, 111, 111, 111, 111, 438, 438, 438, 285, 285, 34, 300, 300, 378, 378, 88, 88, 109, 109, 284, 284, 284, 376, 206, 206, 167, 167, 35, 35, 259, 354, 473, 65, 65, 443, 264, 264, 264, 264, 264, 264, 264, 264, 264, 264, 264, 264, 264, 264, 264, 468, 468, 468, 406, 467, 467, 337, 403, 290, 290, 290, 330, 330, 203, 94, 70, 70, 65, 65, 426, 426, 426, 426, 319, 438, 348, 175, 251, 241, 431, 486, 486, 486, 460, 460, 169, 150, 342, 342, 342, 224, 224, 257, 257, 50, 257, 31, 31, 31, 162, 482, 482, 482, 323, 115, 273, 273, 106, 106, 106, 387, 355, 355, 355, 271, 271, 150, 150, 39, 342, 342, 86, 142, 397, 397, 397, 494, 494, 38, 349, 205, 205, 261, 115, 470, 470, 470, 403, 403, 171, 171, 252, 325, 34, 34, 403, 403, 171, 171, 171, 171, 171, 171, 358, 358, 143, 196, 196, 196, 473, 473, 473, 429, 429, 360, 434, 434, 434, 19, 19, 19, 19, 454, 454, 454, 229, 414, 414, 414, 126, 126, 292, 292, 292, 292, 21, 21, 408, 408, 408, 408, 408, 408, 391, 73, 373, 66, 66, 66, 68, 68, 115, 115, 267, 267, 464, 464, 464, 443, 443, 443, 120, 120, 240, 240, 207, 324, 324, 324, 324, 324, 324, 301, 349, 349, 261, 261, 25, 420, 324, 324, 324, 422, 99, 99, 338, 338, 338, 338, 338, 400, 400, 444, 213, 213, 213, 246, 246, 246, 246, 434, 434, 3, 94, 199, 331, 145, 486, 486, 460, 460, 167, 215, 35, 441, 345, 100, 387, 387, 387, 122, 99, 99, 107, 395, 395, 134, 139, 139, 496, 274, 122, 122, 8, 8, 196, 473, 473, 398, 398, 360, 360, 171, 171, 434, 339, 339, 339, 33, 398, 398, 219, 219, 246, 246, 246, 398, 464, 464, 464, 120, 282, 282, 282, 263, 263, 48, 48, 414, 414, 414, 414, 414, 312, 312, 187, 292, 292, 292, 292, 23, 408, 408, 408, 408, 149, 320, 320, 320, 7, 251, 241, 241, 470, 403, 403, 290, 290, 290, 290, 290, 290, 360, 434, 434, 434, 434, 434, 434, 434, 434, 339, 339, 10, 309, 309, 479, 331, 331, 331, 331, 426, 426, 426, 426, 426, 426, 426, 282, 282, 282, 98, 98, 263, 48, 13, 13, 414, 414, 414, 414, 170, 187, 187, 82, 187, 187, 2, 2, 2, 2, 2, 244, 73, 73, 73, 244, 321, 320, 287, 287, 287, 287, 284, 284, 284, 206, 169, 150, 150, 150, 54, 54, 232, 232, 232, 172, 115, 273, 273, 106, 106, 106, 153, 153, 153, 182, 182, 182, 182, 387, 387, 387, 387, 293, 293, 293, 122, 122, 36, 36, 108, 449, 449, 119, 444, 444, 278, 301, 301, 378, 8, 345, 345, 100, 100, 153, 43, 43, 43, 259, 276, 276, 276, 174, 174, 174, 387, 387, 387, 413, 413, 348, 94, 199, 199, 398, 176, 135, 328, 301, 339, 8, 259, 29, 65, 319, 319, 460, 169, 169, 150, 99, 99, 436, 400, 400, 400, 324, 422, 99, 99, 338, 338, 338, 400, 400, 400, 213, 324, 324, 246]

ep338
Train step Loss: [0.2837529480457306, 0.31433960795402527, 0.4008856415748596, 0.1182161346077919, 0.2837705612182617, 0.26824021339416504, 0.3651439845561981, 0.1891985386610031, 0.20545858144760132, 0.24652805924415588, 0.006624930072575808, 0.12565505504608154, 0.24684859812259674, 0.33021843433380127, 0.005794157274067402, 0.0684593915939331, 0.1910899430513382, 0.07932248711585999, 0.13876722753047943, 0.35850438475608826, 0.1520860344171524, 0.10582251846790314, 0.3538186848163605, 0.10610897839069366, 0.4087444543838501, 0.10531215369701385, 0.29884007573127747, 0.34767207503318787, 0.23766139149665833, 0.2191322147846222, 0.1877644956111908, 0.06316380202770233, 0.09713953733444214, 0.35668841004371643, 0.14486294984817505, 0.3871394097805023, 0.20080630481243134, 0.1669664978981018, 0.27012667059898376, 0.04624471440911293, 0.007868802174925804, 0.11733249574899673, 0.2876759469509125, 0.21219347417354584, 0.08496598899364471, 0.11631003022193909, 0.18339860439300537, 0.3649345934391022, 0.03758140653371811, 0.07603795826435089, 0.11951494961977005, 0.28553375601768494, 0.10999418050050735, 0.42583903670310974, 0.2171245515346527, 0.23072640597820282, 0.061039071530103683, 0.30201390385627747, 0.22734835743904114, 0.006646415218710899, 0.20657172799110413, 0.21717104315757751, 0.02637222409248352]
val step Loss: [0.6090060472488403, 0.693642258644104, 0.43914636969566345, 0.2791326940059662, 0.0309433676302433, 0.31908997893333435, 0.8655857443809509, 1.0121732950210571, 0.32394760847091675, 0.7783902883529663, 0.9655407667160034, 0.6983966827392578, 0.47832340002059937, 0.7076860666275024, 0.48890936374664307, 0.5439896583557129]
Train step Accs: [0.92618719889883, 0.9281926980760491, 0.8936475083585417, 0.9720134335518951, 0.9269413629160064, 0.9305740987983978, 0.9013961605584643, 0.9522169608265174, 0.9435181012468079, 0.9314402660526989, 1.0, 0.9644711226476315, 0.9363171708799558, 0.9133507451221385, 1.0, 0.9839594187003016, 0.9497593261131168, 0.9791298763846524, 0.9639062727405036, 0.9050505050505051, 0.959965684872748, 0.9749316317228806, 0.9085623678646935, 0.972818939061815, 0.885998169695385, 0.9713707345286293, 0.9218216881768284, 0.9081672528331379, 0.9406537129085706, 0.9397324327834784, 0.9537752675386445, 0.9837751702158481, 0.9736917768832662, 0.9027217085558016, 0.9649705014749262, 0.8935857918684867, 0.9489683414710978, 0.9561690621887007, 0.9308855291576674, 0.988243938280676, 0.999687792694349, 0.9737984728252732, 0.9196314670446492, 0.9444057405601226, 0.9777097158414156, 0.9683890577507599, 0.9547005895128762, 0.8974812196199735, 0.9922928709055877, 0.9813694267515923, 0.9669251463839215, 0.9239036973344797, 0.9729056824838899, 0.9032355154251317, 0.9421758569299553, 0.9371931850996246, 0.9854003380974335, 0.9242138820460802, 0.9404508719693747, 0.9998282377189969, 0.9425857669407428, 0.9428692940175787, 0.9945826151194287]
val step Accs: [0.8526456798392499, 0.8424571140262361, 0.8939301042305334, 0.9323405632890903, 0.9948096885813149, 0.9210144927536232, 0.7937864604531272, 0.7563431333064841, 0.9261624936126724, 0.8182586644125106, 0.7751161959242046, 0.8403550443805475, 0.8967032967032967, 0.8393584521384929, 0.8765655261459006, 0.8743552713018362]
Preds: [17, 17, 287, 287, 284, 284, 480, 480, 85, 85, 240, 240, 240, 314, 325, 34, 300, 242, 242, 196, 217, 217, 473, 473, 398, 398, 398, 171, 171, 171, 171, 246, 246, 246, 246, 246, 246, 246, 246, 318, 49, 49, 269, 323, 323, 219, 213, 213, 213, 213, 246, 360, 360, 360, 246, 246, 19, 19, 19, 19, 454, 454, 454, 454, 414, 414, 414, 170, 82, 47, 47, 47, 80, 80, 80, 75, 373, 66, 66, 323, 323, 323, 273, 273, 106, 106, 153, 497, 497, 274, 122, 35, 458, 445, 445, 445, 351, 351, 351, 403, 403, 403, 290, 290, 290, 290, 434, 434, 434, 434, 434, 434, 434, 434, 434, 434, 434, 246, 19, 248, 259, 465, 445, 445, 445, 445, 351, 171, 171, 171, 171, 171, 252, 143, 445, 445, 464, 464, 443, 403, 171, 171, 240, 252, 143, 143, 458, 183, 74, 25, 420, 420, 213, 213, 213, 213, 246, 246, 246, 246, 246, 246, 246, 246, 246, 246, 197, 7, 198, 22, 258, 258, 38, 31, 31, 162, 232, 232, 232, 172, 172, 115, 115, 267, 267, 267, 286, 286, 286, 286, 286, 468, 468, 42, 42, 42, 147, 42, 42, 42, 345, 88, 288, 288, 360, 360, 360, 434, 434, 434, 318, 368, 49, 453, 453, 219, 219, 219, 324, 324, 464, 464, 464, 464, 464, 180, 315, 315, 315, 315, 282, 282, 450, 450, 413, 413, 175, 43, 276, 276, 153, 153, 153, 182, 182, 182, 182, 182, 182, 182, 375, 375, 98, 98, 98, 98, 13, 229, 229, 414, 312, 312, 312, 187, 23, 23, 23, 23, 12, 12, 260, 260, 391, 391, 73, 244, 73, 244, 321, 321, 321, 287, 287, 353, 353, 306, 372, 467, 467, 499, 499, 486, 460, 460, 460, 150, 150, 150, 342, 342, 224, 168, 494, 494, 494, 494, 38, 478, 342, 342, 172, 115, 273, 273, 273, 319, 319, 319, 319, 388, 348, 348, 348, 250, 250, 398, 398, 398, 398, 464, 464, 464, 464, 443, 443, 139, 282, 282, 282, 282, 388, 203, 399, 70, 65, 431, 65, 443, 443, 443, 443, 146, 438, 438, 219, 219, 324, 324, 324, 324, 301, 301, 132, 58, 337, 337, 464, 464, 464, 264, 120, 120, 376, 376, 460, 460, 263, 263, 263, 263, 263, 13, 78, 170, 170, 170, 170, 244, 28, 28, 2, 2, 244, 341, 341, 12, 12, 12, 63, 63, 63, 163, 163, 163, 244, 316, 244, 73, 73, 321, 320, 7, 7, 7, 309, 479, 479, 331, 398, 290, 290, 360, 360, 360, 360, 434, 434, 434, 434, 434, 434, 3, 335, 14, 287, 145, 111, 111, 111, 450, 450, 450, 43, 182, 497, 43, 43, 345, 109, 109, 109, 290, 290, 324, 324, 324, 324, 301, 301, 143, 259, 192, 192, 79, 420, 420, 213, 213, 213, 246, 246, 246, 246, 19, 19, 454, 454, 197, 401, 401, 401, 321, 7, 188, 219, 498, 498, 498, 498, 406, 406, 406, 467, 288, 120, 120, 120, 282, 282, 37, 37, 271, 243, 243, 310, 107, 107, 338, 338, 338, 338, 400, 400, 400, 447, 447, 193, 17, 219, 403, 403, 403, 403, 403, 403, 403, 403, 403, 403, 403, 403, 403, 403, 403, 403, 403, 403, 403, 403, 403, 403, 403, 403, 403, 403, 403, 403, 403, 403, 403, 403, 403, 403, 403, 403, 403, 403, 403, 403, 403, 403, 403, 403, 403, 403, 403, 403, 403, 403, 403, 403, 403, 403, 403, 403, 403, 403, 403, 403, 403, 403, 403, 403, 403, 403, 278, 278, 278, 278, 278, 278, 278, 278, 278, 278, 278, 278, 278, 278, 278]

ep339
Train step Loss: [0.024666106328368187, 0.3053673803806305, 0.08524243533611298, 0.4110352098941803, 0.009217383340001106, 0.2660651206970215, 0.18908296525478363, 0.10275924205780029, 0.3807435631752014, 0.1749526709318161, 0.09511947631835938, 0.052583277225494385, 0.4297255873680115, 0.17542681097984314, 0.3476581275463104, 0.17450176179409027, 0.15586084127426147, 0.24912530183792114, 0.028995418921113014, 0.3102938234806061, 0.1663159281015396, 0.00894218496978283, 0.31431910395622253, 0.46823734045028687, 0.10072768479585648, 0.1857212334871292, 0.10365530103445053, 0.15144507586956024, 0.08420407772064209, 0.035314179956912994, 0.27820760011672974, 0.14433705806732178, 0.01609962061047554, 0.4314029812812805, 0.10400648415088654, 0.10016171634197235, 0.3362942039966583, 0.008110754191875458, 0.22032101452350616, 0.1687355786561966, 0.006612927652895451, 0.18966227769851685, 0.3222774267196655, 0.3938848078250885, 0.17182569205760956, 0.2117013782262802, 0.054727502167224884, 0.006154721602797508, 0.3842046558856964, 0.27952075004577637, 0.19292889535427094, 0.19680093228816986, 0.15364912152290344, 0.30112195014953613, 0.061192553490400314, 0.07822098582983017, 0.06527985632419586, 0.15448716282844543, 0.2444598525762558, 0.11882556229829788, 0.0467553585767746, 0.1672634333372116, 0.6416546106338501]
val step Loss: [0.40508121252059937, 0.7794074416160583, 0.6744261384010315, 0.35151833295822144, 0.9243165254592896, 0.9740599989891052, 0.5347791314125061, 0.5569267272949219, 0.3636288642883301, 0.4497976005077362, 0.6817156076431274, 0.6507867574691772, 0.47186729311943054, 0.6650418043136597, 0.4699721336364746, 0.6414601802825928]
Train step Accs: [0.9955046403712297, 0.9162915025323579, 0.9789138349514563, 0.8905809362662155, 0.999034749034749, 0.9516656751933373, 0.9529658962340392, 0.973160573808422, 0.8998994686198478, 0.9552127022168964, 0.972863568215892, 0.9871831387069211, 0.8897776355783075, 0.9524207011686143, 0.9095127610208816, 0.9548432055749129, 0.960751796572692, 0.9313628899835796, 0.9947468262075003, 0.9185820023373588, 0.9568770648582855, 0.999309201436861, 0.9143251957623215, 0.865945945945946, 0.9733373277411623, 0.9483240223463687, 0.9750563486100676, 0.9601010101010101, 0.9799481417458945, 0.9924000607995136, 0.9305488101019913, 0.9626480412997267, 0.997689275519913, 0.8822245055227331, 0.9728506787330317, 0.9746251441753172, 0.9097774780849629, 0.9996666111018503, 0.9433135425501837, 0.9537530615185131, 0.9998349834983499, 0.9518499081605878, 0.915314778984968, 0.8972496107939802, 0.9564273306311523, 0.9451867597935014, 0.984688489968321, 1.0, 0.899268187688334, 0.9261734287987271, 0.9455313820629206, 0.9469086938719804, 0.9567370721048798, 0.9203077369719843, 0.9851323223312518, 0.9806162302907565, 0.9836930455635492, 0.9598294802426627, 0.9332612807349365, 0.9698268166398857, 0.9881249083712066, 0.952755905511811, 0.8426996504436677]
val step Accs: [0.9045850409836066, 0.8119779353821907, 0.8355106888361045, 0.9159128551407822, 0.7828975877509751, 0.7804161879228904, 0.8771074815595363, 0.8694432137055088, 0.9142583207779756, 0.8871595330739299, 0.8381559588033349, 0.8638126705933056, 0.8833721230928369, 0.8394985296393747, 0.8891891891891892, 0.842781998831093]
Preds: [17, 196, 217, 217, 217, 473, 473, 65, 264, 264, 264, 264, 264, 468, 468, 468, 468, 337, 337, 337, 337, 301, 301, 143, 197, 259, 354, 354, 473, 288, 288, 288, 288, 288, 290, 171, 171, 171, 434, 434, 339, 200, 398, 398, 398, 324, 324, 301, 301, 378, 378, 88, 88, 88, 88, 100, 297, 297, 297, 297, 293, 293, 497, 35, 458, 75, 208, 27, 437, 437, 284, 284, 426, 306, 306, 306, 396, 396, 396, 59, 59, 495, 59, 59, 59, 59, 59, 303, 303, 98, 98, 48, 263, 263, 263, 13, 13, 442, 442, 170, 170, 170, 28, 2, 244, 2, 2, 63, 63, 244, 63, 73, 244, 73, 321, 320, 320, 320, 7, 7, 398, 288, 360, 360, 360, 360, 434, 434, 434, 434, 434, 434, 434, 434, 246, 212, 152, 152, 422, 422, 349, 349, 205, 25, 25, 499, 486, 460, 460, 169, 150, 162, 232, 232, 342, 342, 115, 115, 470, 470, 290, 171, 171, 434, 434, 339, 64, 398, 398, 398, 324, 324, 464, 286, 301, 325, 325, 398, 324, 324, 286, 360, 120, 120, 286, 325, 34, 41, 41, 41, 41, 41, 19, 19, 19, 19, 454, 454, 454, 414, 414, 414, 170, 249, 187, 187, 187, 187, 187, 2, 12, 408, 408, 244, 73, 73, 73, 73, 321, 320, 320, 451, 451, 110, 290, 403, 403, 171, 171, 171, 171, 207, 171, 171, 171, 171, 171, 171, 252, 252, 325, 325, 131, 34, 300, 374, 374, 132, 132, 497, 497, 14, 14, 411, 411, 100, 100, 153, 424, 182, 182, 182, 182, 182, 375, 375, 375, 375, 98, 98, 98, 98, 414, 414, 414, 414, 414, 47, 170, 47, 47, 244, 244, 73, 73, 320, 320, 7, 7, 7, 374, 374, 374, 374, 132, 132, 132, 132, 467, 337, 337, 337, 213, 213, 213, 213, 213, 246, 246, 246, 246, 246, 19, 19, 197, 197, 197, 197, 197, 197, 414, 259, 209, 188, 188, 188, 403, 120, 120, 120, 120, 37, 37, 37, 314, 314, 32, 32, 239, 354, 354, 79, 79, 109, 109, 288, 171, 171, 171, 171, 464, 464, 464, 468, 468, 467, 337, 337, 337, 324, 324, 3, 3, 3, 58, 72, 110, 110, 486, 460, 460, 460, 271, 77, 77, 342, 232, 232, 172, 115, 115, 273, 267, 444, 444, 213, 213, 246, 19, 19, 19, 454, 229, 229, 414, 414, 312, 126, 126, 292, 292, 408, 408, 408, 408, 408, 408, 408, 73, 321, 320, 412, 188, 188, 188, 290, 290, 171, 171, 330, 330, 468, 468, 406, 467, 467, 467, 337, 337, 330, 330, 116, 94, 241, 241, 431, 486, 376, 376, 376, 376, 376, 460, 460, 167, 167, 167, 35, 225, 225, 414, 259, 320, 441, 441, 100, 100, 424, 182, 497, 98, 98, 98, 458, 208, 441, 437, 437, 481, 426, 426, 426, 426, 426, 426, 413, 413, 263, 263, 193, 17, 188, 403, 403, 403, 403, 403, 403, 403, 403, 403, 403, 403, 403, 403, 403, 403, 403, 403, 403, 403, 403, 403, 403, 403, 403, 403, 403, 403, 403, 403, 403, 403, 403, 403, 403, 403, 403, 403, 403, 403, 403, 403, 403, 403, 403, 403, 403, 403, 403, 403, 403, 403, 403, 403, 403, 403, 403, 403, 403, 403, 403, 403, 403, 403, 403, 403, 403, 403, 403, 403, 403, 403, 403, 403, 403, 403, 403, 403, 403, 403, 403, 403, 403, 403, 403, 403, 403, 403, 403, 403, 403, 403, 403, 403, 403, 403, 403, 403, 403, 403, 403, 403, 403, 403, 403, 403, 403, 403, 403, 403, 403, 403, 403, 403, 403, 403, 403, 403, 403]

ep340
Train step Loss: [0.43811652064323425, 0.2857103943824768, 0.27142271399497986, 0.14039765298366547, 0.07774420082569122, 0.35905125737190247, 0.48457279801368713, 0.10042507201433182, 0.2587136924266815, 0.349772572517395, 0.05901407077908516, 0.19714903831481934, 0.11431124061346054, 0.44005224108695984, 0.28622812032699585, 0.10566065460443497, 0.22048677504062653, 0.27846524119377136, 0.09226170927286148, 0.08831735700368881, 0.17238834500312805, 0.19289860129356384, 0.22477518022060394, 0.4026097059249878, 0.22454263269901276, 0.12236988544464111, 0.2963677644729614, 0.08136504143476486, 0.08913840353488922, 0.1956513673067093, 0.14527300000190735, 0.05604676157236099, 0.03277220204472542, 0.11884970217943192, 0.35001519322395325, 0.09398982673883438, 0.2597513496875763, 0.032459624111652374, 0.30913692712783813, 0.10577965527772903, 0.2595843970775604, 0.25596484541893005, 0.265989750623703, 0.43821981549263, 0.10281963646411896, 0.1192311942577362, 0.16200946271419525, 0.25175580382347107, 0.159151092171669, 0.44664016366004944, 0.007502895314246416, 0.1796998232603073, 0.20901882648468018, 0.11476070433855057, 0.11609973013401031, 0.07354173809289932, 0.14674495160579681, 0.12199173122644424, 0.3383740782737732, 0.022837862372398376, 0.06134367361664772, 0.24416664242744446, 0.007957667112350464]
val step Loss: [0.8123956322669983, 0.2805088758468628, 0.5103140473365784, 0.3116382360458374, 0.7334011793136597, 0.44860777258872986, 0.7759196758270264, 0.5032391548156738, 0.7671493887901306, 0.5980863571166992, 0.319295734167099, 0.9416255354881287, 0.36979416012763977, 0.8613163232803345, 0.3829788267612457, 0.9341571927070618]
Train step Accs: [0.8814645308924485, 0.9209136109384711, 0.9278703847951394, 0.9637450199203187, 0.980670741780935, 0.9041598694942904, 0.873978494623656, 0.9758454106280193, 0.9324169530355098, 0.9065204847085978, 0.9822288656369373, 0.9437266235974159, 0.9716735568825601, 0.8798966267682263, 0.9258233751092976, 0.9721905305191101, 0.9436427160868904, 0.9251887439945092, 0.9776264591439688, 0.9796554552912223, 0.954779622209502, 0.9476227795193313, 0.9396220617606391, 0.894969687039161, 0.9419722901385493, 0.9657853810264385, 0.9160892994611239, 0.9771378047240116, 0.978681879597658, 0.9453842435959401, 0.9627726073065703, 0.9867819013726487, 0.9929649714201964, 0.9666372462488967, 0.9204875217643644, 0.9754262018123177, 0.9327554872081644, 0.9938019898874572, 0.9121633515226193, 0.971853257432005, 0.9314553990610329, 0.933852140077821, 0.9283913262733232, 0.8871369294605809, 0.9741225461035098, 0.9695438404807429, 0.9595860029571217, 0.9363777089783282, 0.9599883177570093, 0.8970455425106438, 1.0, 0.9559961315280464, 0.9415143603133159, 0.9730311471258547, 0.9694689008804317, 0.9803664921465969, 0.9618018566428246, 0.9668195718654434, 0.911140150277687, 0.9959183673469387, 0.984140350877193, 0.933857236411264, 0.999732905982906]
val step Accs: [0.8120011402508552, 0.93780442113151, 0.874269385634498, 0.928448390088777, 0.8209998680912808, 0.9018942606728866, 0.8208808217250598, 0.8862091084028223, 0.814198722709045, 0.8567639257294429, 0.9239416058394161, 0.7701026803573809, 0.9099925980754996, 0.8060205183585313, 0.9101279910962715, 0.7729651687421043]
Preds: [17, 17, 296, 109, 278, 278, 296, 17, 385, 35, 77, 54, 86, 449, 224, 224, 273, 494, 494, 494, 498, 406, 406, 406, 467, 467, 337, 337, 135, 434, 339, 33, 10, 10, 10, 309, 479, 331, 331, 84, 84, 284, 426, 16, 16, 375, 98, 98, 98, 98, 48, 13, 13, 13, 170, 170, 170, 170, 28, 28, 28, 28, 28, 28, 28, 28, 2, 2, 2, 2, 2, 2, 1, 2, 2, 2, 1, 2, 163, 163, 316, 20, 316, 316, 73, 73, 73, 73, 289, 320, 7, 7, 7, 32, 32, 239, 354, 420, 213, 213, 213, 213, 213, 213, 213, 246, 252, 246, 246, 246, 246, 3, 335, 335, 188, 188, 188, 177, 236, 416, 129, 129, 129, 354, 354, 109, 109, 278, 278, 278, 171, 171, 171, 171, 246, 246, 246, 246, 246, 246, 324, 422, 186, 99, 338, 338, 338, 338, 338, 400, 400, 444, 444, 171, 171, 171, 252, 252, 314, 32, 32, 239, 36, 108, 108, 119, 351, 286, 286, 464, 464, 464, 264, 264, 264, 315, 315, 315, 315, 282, 282, 450, 413, 413, 250, 250, 250, 250, 250, 276, 138, 138, 138, 138, 182, 182, 182, 182, 182, 182, 182, 182, 250, 250, 250, 250, 10, 466, 10, 10, 466, 132, 134, 134, 496, 496, 274, 375, 274, 122, 236, 129, 129, 401, 259, 26, 7, 241, 431, 431, 464, 153, 387, 182, 182, 182, 182, 182, 182, 182, 182, 182, 182, 182, 182, 387, 10, 10, 10, 10, 10, 398, 398, 398, 374, 464, 464, 180, 120, 355, 263, 414, 414, 414, 170, 414, 392, 392, 392, 392, 392, 47, 47, 47, 2, 2, 2, 2, 2, 2, 2, 2, 2, 2, 316, 73, 73, 73, 73, 73, 73, 320, 155, 7, 25, 7, 153, 153, 182, 182, 182, 182, 182, 182, 182, 182, 182, 182, 182, 497, 497, 122, 129, 259, 259, 259, 259, 354, 74, 213, 323, 25, 106, 431, 284, 387, 387, 387, 122, 236, 285, 34, 34, 324, 324, 277, 236, 35, 35, 401, 20, 20, 20, 345, 213, 65, 65, 284, 284, 240, 493, 265, 355, 355, 355, 263, 263, 167, 287, 287, 284, 284, 460, 35, 130, 402, 32, 196, 196, 420, 420, 264, 376, 240, 240, 240, 24, 239, 239, 449, 449, 464, 264, 460, 460, 240, 240, 24, 239, 371, 371, 371, 324, 301, 286, 286, 464, 374, 275, 303, 53, 381, 32, 259, 259, 401, 259, 259, 208, 441, 153, 153, 153, 100, 98, 98, 17, 17, 17, 17, 170, 392, 392, 392, 47, 392, 28, 28, 28, 28, 28, 28, 28, 28, 2, 2, 2, 2, 20, 20, 2, 20, 2, 2, 2, 2, 2, 2, 163, 163, 316, 73, 73, 73, 73, 73, 73, 320, 73, 320, 320, 320, 287, 284, 284, 460, 206, 206, 206, 43, 43, 43, 175, 182, 346, 346, 182, 182, 182, 182, 43, 8, 32, 32, 32, 32, 32, 32, 32, 32, 180, 443, 171, 171, 171, 252, 3, 239, 239, 129, 458, 106, 20, 106, 213, 213, 213, 213, 219, 286, 374, 132, 132, 132, 132, 132, 132, 243, 197, 99, 162, 68, 482, 482, 482, 482, 115, 115, 115, 106, 106, 153, 153, 497, 122, 129, 259, 259, 259, 354, 354, 354, 106, 213, 213, 213, 213, 213, 213, 3, 454, 454, 17, 129, 401, 259, 20, 20, 20, 20, 345, 213, 278, 464, 278, 236, 203, 35, 32, 219, 197, 32, 217, 65, 65, 65, 319, 284, 206, 206, 206, 206, 240, 263, 35, 35, 14, 35, 209, 287, 387, 182, 98, 98, 98, 17, 129, 259, 259, 20]

ep341
Train step Loss: [0.15707926452159882, 0.3359836935997009, 0.05136242136359215, 0.12496938556432724, 0.2505444884300232, 0.07914907485246658, 0.27162232995033264, 0.05871624872088432, 0.006589363794773817, 0.19574837386608124, 0.3901342451572418, 0.34199726581573486, 0.007244878448545933, 0.1265372484922409, 0.11592363566160202, 0.08331257104873657, 0.06830267608165741, 0.2804115414619446, 0.17614491283893585, 0.26061302423477173, 0.28971531987190247, 0.32622280716896057, 0.06881570816040039, 0.16681340336799622, 0.1972695291042328, 0.48903748393058777, 0.23485058546066284, 0.09017337113618851, 0.2643745541572571, 0.006399556063115597, 0.21004442870616913, 0.1786404550075531, 0.41691479086875916, 0.4923500418663025, 0.27035003900527954, 0.1608194261789322, 0.09829892963171005, 0.10790248960256577, 0.2592482566833496, 0.19514614343643188, 0.08052799105644226, 0.0435011200606823, 0.16212989389896393, 0.11038589477539062, 0.27189674973487854, 0.7384772896766663, 0.5667856335639954, 0.006297338753938675, 0.09029858559370041, 0.006215670146048069, 0.10323973745107651, 0.1372286081314087, 0.30090153217315674, 0.7365047335624695, 0.12479111552238464, 0.0663326308131218, 0.18946708738803864, 0.21666428446769714, 0.20996834337711334, 0.12582160532474518, 0.24072767794132233, 0.06480437517166138, 0.127000629901886]
val step Loss: [0.5652897357940674, 0.4945715665817261, 0.5302047729492188, 0.7589592337608337, 0.569515585899353, 0.6256697177886963, 0.41198042035102844, 0.37917861342430115, 0.09115444868803024, 0.6332256197929382, 0.5857079029083252, 1.0176583528518677, 0.7548441886901855, 0.5046260952949524, 0.49791571497917175, 1.0652376413345337]
Train step Accs: [0.9577707555300201, 0.9107257546563905, 0.9866339334424441, 0.9639236732259988, 0.9366308470290771, 0.9793772193389784, 0.9297169153535072, 0.9876942008921704, 1.0, 0.948166385901257, 0.8977924311926605, 0.9089203479447382, 0.9998398462524023, 0.9652815746309459, 0.9698573739156007, 0.978558394160584, 0.9851719289275214, 0.923461373696987, 0.9525500781360989, 0.928663515255694, 0.9194004524886877, 0.9138824370198321, 0.9833379616773119, 0.9554415338914394, 0.9494646680942184, 0.8684725357411588, 0.9402208201892744, 0.9781812856933665, 0.932009167303285, 1.0, 0.9419074711783201, 0.9521364940359354, 0.8837754653378279, 0.8689263650025046, 0.9303482587064676, 0.9555817031916458, 0.9758022093634929, 0.9712199312714777, 0.9318450620934359, 0.9501711156741958, 0.9810489202291759, 0.9900282532823667, 0.9546705520479197, 0.971715569653714, 0.9322287111231835, 0.8061561561561561, 0.8422240128928283, 0.9998513011152417, 0.9754224270353302, 1.0, 0.9744354495100128, 0.963435867672664, 0.9172392254840724, 0.8304876383007785, 0.9687000958160332, 0.9858216604031431, 0.9486482162853943, 0.9426781519185591, 0.9422764227642276, 0.9682397003745319, 0.9359735062784601, 0.9845916795069337, 0.9674668351231839]
val step Accs: [0.8589317659085101, 0.8829268292682927, 0.8778495672315006, 0.8196419167983149, 0.8625069793411502, 0.8485822042184663, 0.9060627177700349, 0.9119454836985569, 0.9795206310679612, 0.8591189900617782, 0.8710354189806244, 0.7584277330421728, 0.8199798437893676, 0.883855421686747, 0.8883897234311385, 0.7558284762697752]
Preds: [17, 451, 398, 360, 360, 171, 171, 171, 171, 171, 171, 252, 252, 252, 252, 252, 143, 35, 205, 441, 441, 441, 346, 346, 346, 387, 306, 206, 206, 206, 285, 285, 467, 84, 84, 84, 496, 496, 274, 274, 274, 132, 132, 10, 10, 10, 10, 219, 398, 398, 398, 398, 286, 286, 286, 286, 286, 264, 264, 264, 468, 468, 468, 468, 467, 467, 499, 450, 426, 426, 426, 98, 98, 98, 263, 263, 263, 13, 13, 13, 102, 102, 170, 170, 170, 82, 28, 28, 2, 2, 2, 2, 2, 2, 2, 2, 2, 163, 163, 163, 391, 73, 289, 73, 289, 73, 320, 320, 373, 7, 7, 4, 4, 4, 219, 219, 219, 219, 219, 485, 213, 213, 213, 171, 171, 213, 213, 246, 246, 246, 246, 19, 19, 19, 454, 454, 454, 414, 414, 414, 249, 249, 249, 249, 249, 249, 249, 249, 249, 249, 249, 244, 2, 244, 316, 244, 73, 73, 244, 244, 320, 320, 320, 7, 7, 451, 360, 360, 360, 360, 360, 434, 434, 339, 212, 465, 192, 34, 420, 324, 360, 339, 339, 33, 77, 77, 478, 232, 232, 232, 172, 172, 115, 115, 267, 267, 267, 444, 171, 252, 252, 252, 314, 4, 4, 4, 4, 4, 4, 4, 280, 485, 444, 213, 213, 213, 213, 246, 246, 246, 246, 246, 246, 19, 454, 454, 454, 454, 454, 454, 197, 197, 80, 80, 80, 102, 102, 7, 478, 478, 107, 107, 54, 172, 395, 395, 470, 470, 403, 403, 403, 403, 171, 171, 207, 207, 207, 358, 454, 454, 197, 197, 197, 414, 197, 197, 7, 451, 451, 30, 30, 213, 213, 213, 252, 457, 457, 196, 196, 196, 473, 398, 324, 324, 324, 324, 464, 464, 464, 180, 315, 315, 315, 315, 315, 315, 315, 315, 450, 450, 450, 450, 293, 43, 43, 276, 276, 276, 138, 138, 138, 182, 182, 182, 182, 182, 182, 182, 182, 250, 250, 413, 426, 426, 426, 426, 426, 413, 413, 381, 250, 381, 203, 88, 88, 65, 426, 426, 426, 426, 426, 426, 426, 480, 480, 426, 480, 480, 480, 480, 85, 85, 282, 85, 388, 388, 195, 195, 195, 195, 195, 473, 398, 398, 324, 324, 324, 301, 301, 325, 285, 285, 34, 222, 222, 255, 245, 173, 349, 349, 349, 393, 234, 261, 25, 25, 148, 153, 153, 424, 424, 424, 182, 182, 387, 387, 497, 122, 43, 43, 88, 100, 100, 497, 43, 43, 43, 88, 346, 431, 265, 486, 486, 428, 428, 85, 85, 146, 146, 146, 464, 464, 464, 464, 464, 171, 240, 325, 325, 34, 464, 464, 464, 464, 443, 355, 460, 460, 263, 263, 263, 263, 229, 229, 229, 229, 170, 312, 312, 312, 292, 23, 23, 23, 23, 23, 23, 23, 23, 23, 23, 23, 260, 23, 260, 260, 260, 260, 391, 244, 73, 73, 73, 73, 321, 321, 320, 320, 287, 287, 437, 284, 284, 284, 284, 284, 284, 284, 284, 284, 284, 284, 284, 284, 284, 284, 480, 111, 85, 85, 85, 240, 285, 285, 34, 146, 207, 324, 324, 464, 464, 464, 464, 145, 315, 315, 315, 315, 315, 450, 450, 450, 175, 43, 43, 182, 182, 182, 182, 182, 182, 182, 182, 182, 182, 182, 182, 182, 182, 387, 413, 413, 413, 42, 406, 406, 406, 406, 406, 406, 406, 42, 88, 241, 241, 431, 426, 426, 480, 480, 480, 480, 480, 480, 480, 85, 85, 282, 282, 282, 282, 388, 388, 94, 94, 199, 398, 84, 84, 275, 275, 303, 375, 375, 98, 98, 98, 13, 233, 233, 414, 414, 188, 188, 451, 451, 485, 485, 303, 303]

ep342
Train step Loss: [0.1798062026500702, 0.06410440802574158, 0.18527302145957947, 0.4266746938228607, 0.006354585289955139, 0.05682370811700821, 0.07306446880102158, 0.20018139481544495, 0.1930028796195984, 0.06925459951162338, 0.17688685655593872, 0.16360369324684143, 0.15625490248203278, 0.1438659131526947, 0.14586487412452698, 0.08370846509933472, 0.3625563979148865, 0.4005752503871918, 0.35367774963378906, 0.06237493455410004, 0.2366524189710617, 0.3678373694419861, 0.005697580054402351, 0.30601200461387634, 0.006835102569311857, 0.04146955534815788, 0.4995590150356293, 0.28587785363197327, 0.11049185693264008, 0.11436580121517181, 0.005444916896522045, 0.24394899606704712, 0.44368329644203186, 0.006804803851991892, 0.23004686832427979, 0.33120372891426086, 0.19866247475147247, 0.144902303814888, 0.36268770694732666, 0.12674327194690704, 0.19215762615203857, 0.10870840400457382, 0.31813207268714905, 0.20086944103240967, 0.18792907893657684, 0.04973122477531433, 0.06698975712060928, 0.43330612778663635, 0.26977914571762085, 0.30072280764579773, 0.09060247987508774, 0.20755533874034882, 0.35220301151275635, 0.24100390076637268, 0.11727637052536011, 0.268054723739624, 0.29117876291275024, 0.21301761269569397, 0.09457717090845108, 0.252883642911911, 0.2999126613140106, 0.17094719409942627, 0.3382677733898163]
val step Loss: [0.6311576962471008, 0.7244073152542114, 0.6099517345428467, 0.31969335675239563, 0.9594531059265137, 0.5277482867240906, 0.9548629522323608, 0.34687963128089905, 0.6748312711715698, 0.7130143046379089, 0.7780985236167908, 0.20882900059223175, 0.48118966817855835, 0.6342665553092957, 0.8691567182540894, 0.11326279491186142]
Train step Accs: [0.9523170913425719, 0.9840808591282375, 0.9489997182304875, 0.8815956770502225, 0.9998501199040767, 0.9878357030015797, 0.9821875460032387, 0.9463297951861265, 0.9454907161803714, 0.9840144564915208, 0.9563809848355768, 0.9551517172390797, 0.9576401509856004, 0.9621451104100947, 0.9622093023255814, 0.979045579687978, 0.9016510105323086, 0.8982770503101309, 0.904485810192249, 0.9833246482542991, 0.9434762842854978, 0.8999668214996682, 1.0, 0.9348254504504504, 0.9998331664998331, 0.9896953405017921, 0.8626626898047722, 0.9276974416017798, 0.9714160711681493, 0.9698022044390759, 1.0, 0.9367896621516425, 0.8866995073891626, 0.9998291182501708, 0.9385238682402678, 0.9064293070472267, 0.9482645710543549, 0.9605876536233932, 0.9019433318498739, 0.9670379978635739, 0.9518318493650562, 0.9734274133013061, 0.9279292343387471, 0.9476431751880854, 0.9504102747056725, 0.9875290023201856, 0.9814231738035264, 0.8817056396148556, 0.9347796610169492, 0.9191795707688128, 0.9776448362720404, 0.9460680927990358, 0.9031464456817299, 0.9376080883331116, 0.9680957128614157, 0.9255285073670724, 0.9230057089955254, 0.9405453732677693, 0.9764003411998863, 0.9321665988332655, 0.9198837691988377, 0.9547137567644546, 0.9072966507177034]
val step Accs: [0.8560147407212424, 0.8253035143769968, 0.8549010422766132, 0.9246660239636414, 0.7741252821670429, 0.8812658227848101, 0.7691837358605931, 0.9167919114633146, 0.8375175424918135, 0.8339278071051506, 0.8098643649815043, 0.9542864714456075, 0.8895474137931034, 0.8503766117707137, 0.790008713331397, 0.9740484429065744]
Preds: [17, 17, 287, 287, 284, 284, 319, 450, 450, 450, 169, 169, 76, 76, 349, 234, 234, 234, 234, 234, 234, 261, 25, 106, 25, 106, 284, 428, 428, 330, 388, 388, 10, 10, 10, 309, 479, 398, 398, 324, 324, 422, 186, 162, 162, 232, 232, 172, 172, 115, 273, 267, 267, 267, 324, 324, 3, 3, 14, 14, 411, 188, 188, 171, 443, 443, 271, 178, 143, 96, 54, 232, 232, 86, 238, 6, 336, 336, 440, 145, 145, 145, 486, 486, 460, 468, 406, 406, 406, 42, 132, 32, 32, 32, 32, 239, 82, 310, 107, 107, 107, 395, 395, 286, 286, 264, 264, 264, 120, 120, 120, 120, 120, 207, 178, 178, 143, 233, 233, 170, 170, 170, 312, 312, 170, 170, 82, 170, 170, 187, 187, 187, 244, 2, 2, 2, 2, 244, 392, 316, 316, 392, 244, 73, 73, 73, 244, 287, 287, 100, 293, 293, 43, 43, 8, 129, 144, 208, 27, 346, 106, 174, 426, 319, 348, 348, 348, 199, 199, 250, 250, 98, 197, 129, 401, 259, 7, 7, 217, 473, 109, 171, 236, 236, 406, 285, 337, 324, 324, 324, 116, 94, 94, 199, 331, 324, 116, 116, 116, 199, 199, 331, 331, 84, 138, 138, 138, 138, 138, 182, 497, 497, 8, 8, 32, 144, 208, 441, 106, 153, 346, 426, 426, 319, 348, 94, 199, 250, 250, 303, 375, 98, 98, 98, 13, 414, 414, 47, 47, 392, 392, 392, 28, 2, 2, 392, 2, 2, 2, 2, 2, 392, 392, 73, 73, 244, 244, 320, 7, 7, 70, 65, 481, 284, 206, 206, 169, 240, 35, 35, 384, 66, 66, 323, 224, 397, 397, 106, 153, 153, 182, 182, 387, 150, 349, 234, 234, 234, 234, 261, 261, 25, 25, 100, 375, 375, 375, 497, 497, 98, 98, 13, 197, 226, 209, 209, 209, 209, 442, 287, 287, 284, 284, 284, 450, 480, 480, 480, 480, 480, 480, 480, 480, 480, 282, 282, 282, 388, 94, 94, 94, 195, 195, 195, 250, 250, 250, 250, 250, 109, 278, 171, 171, 171, 171, 207, 207, 207, 143, 239, 32, 32, 384, 384, 180, 180, 106, 153, 387, 387, 349, 349, 234, 234, 234, 261, 25, 148, 148, 148, 148, 153, 153, 182, 182, 182, 182, 406, 132, 42, 42, 380, 132, 132, 132, 98, 17, 17, 17, 170, 170, 170, 170, 170, 392, 392, 392, 312, 187, 187, 187, 187, 391, 391, 392, 392, 73, 244, 244, 320, 107, 107, 323, 323, 323, 323, 273, 106, 387, 387, 182, 182, 182, 182, 182, 182, 182, 182, 182, 182, 182, 182, 182, 345, 122, 129, 239, 259, 259, 208, 75, 107, 107, 323, 323, 106, 106, 387, 387, 387, 375, 98, 98, 17, 17, 17, 219, 278, 278, 278, 278, 278, 278, 278, 278, 278, 278, 278, 278, 403, 403, 278, 278, 278, 278, 278, 278, 278, 278, 278, 278, 278, 278, 278, 278, 278, 278, 278, 278, 278, 278, 278, 278, 278, 278, 278, 278, 278, 278, 278, 278, 278, 278, 278, 278, 278, 278, 278, 278, 278, 278, 278, 278, 278, 278, 278, 278, 278, 278, 278, 278, 278, 278, 278, 278, 278, 278, 278, 278, 278, 278, 278, 278, 278, 278, 278, 278, 278, 278, 278, 278, 278, 278, 278, 278, 278, 278, 278, 278, 278, 278, 278, 278, 278, 278, 278, 278, 278, 278, 278, 278, 278, 278, 278, 278, 278, 278, 278, 278, 278, 278, 278, 278, 278, 278, 278, 278, 278, 278, 278, 278, 278, 278, 278, 278, 278, 278, 278, 278, 278, 278, 278, 278, 278, 278, 278, 278, 278, 278, 278]

ep343
Train step Loss: [0.20313403010368347, 0.35566025972366333, 0.12117525935173035, 0.11765997111797333, 0.19538408517837524, 0.2236633598804474, 0.2736414074897766, 0.3872978687286377, 0.2079681009054184, 0.03145211189985275, 0.11582735180854797, 0.07347497344017029, 0.05077999830245972, 0.07735008746385574, 0.3281559944152832, 0.042594023048877716, 0.08637594431638718, 0.13415688276290894, 0.14541156589984894, 0.24200163781642914, 0.21112781763076782, 0.1454663872718811, 0.16464507579803467, 0.5483595728874207, 0.435377836227417, 0.19846302270889282, 0.32244449853897095, 0.45940783619880676, 0.24316106736660004, 0.12305904924869537, 0.24838881194591522, 0.016584010794758797, 0.2986259460449219, 0.2964365482330322, 0.30029574036598206, 0.12879696488380432, 0.31606027483940125, 0.05879378691315651, 0.008075217716395855, 0.2575625479221344, 0.44702383875846863, 0.23174327611923218, 0.09479575604200363, 0.03846907243132591, 0.29082000255584717, 0.0069054486230015755, 0.450263649225235, 0.16394978761672974, 0.33055198192596436, 0.038606204092502594, 0.24240891635417938, 0.2781631350517273, 0.008995861746370792, 0.1022324487566948, 0.22358787059783936, 0.18402326107025146, 0.050404466688632965, 0.06022670120000839, 0.1271926462650299, 0.21940894424915314, 0.2636792063713074, 0.3012600839138031, 0.009154153987765312]
val step Loss: [0.700070321559906, 0.46360132098197937, 0.8081367015838623, 0.7312317490577698, 0.3260709345340729, 0.25677603483200073, 0.5379470586776733, 0.45367753505706787, 0.5547435283660889, 0.9657421708106995, 0.5499432682991028, 0.9561654925346375, 0.5363645553588867, 0.5399602651596069, 0.665985107421875, 0.36103877425193787]
Train step Accs: [0.946867681498829, 0.9072369352782892, 0.9667096774193549, 0.9681090193874684, 0.9469872933460856, 0.9399203187250996, 0.9251270778953153, 0.9001128668171557, 0.9488414083659344, 0.9930215293244247, 0.9680139575457982, 0.9808306709265175, 0.9881493506493506, 0.9810756972111554, 0.9151234567901234, 0.989860774818402, 0.9763018397256003, 0.9660011574074074, 0.9601383874849578, 0.9448401061304287, 0.9461776278808319, 0.959073774905762, 0.9594090434263542, 0.8495852246047895, 0.884342186534898, 0.9477917741690697, 0.9148524431543299, 0.8701182103845578, 0.9423273470579646, 0.9678362573099415, 0.9332121762835075, 0.9975259007267666, 0.9199091597274792, 0.9204647006255585, 0.9172185430463576, 0.9651056014692379, 0.9148076059290313, 0.9856404365307294, 0.9997018929795797, 0.9343635025754231, 0.8797934151065203, 0.944340572414785, 0.9759481961147086, 0.9909776294648375, 0.9210636808957313, 1.0, 0.8740991322253272, 0.9566443949517446, 0.9232570956186277, 0.9920897454336258, 0.9339692949768967, 0.9242085065558043, 0.9993880985161389, 0.9735930735930736, 0.9422086284610431, 0.9498836094755579, 0.9879122776722501, 0.9863697705802968, 0.9677510608203678, 0.9390613718411552, 0.9489551216169921, 0.9127932713590085, 0.9996669996669997]
val step Accs: [0.8357945425361155, 0.8900713997036239, 0.8014655053228259, 0.8399175957343674, 0.925979872881356, 0.9463948150148528, 0.8734437171094853, 0.8917924647976658, 0.8639308855291576, 0.7665450755601876, 0.866140679326023, 0.7645506136993533, 0.869288777169895, 0.8673435419440746, 0.8551950511299078, 0.9124287824435535]
Preds: [17, 17, 145, 145, 486, 486, 460, 460, 169, 169, 150, 349, 234, 234, 234, 234, 155, 25, 332, 332, 332, 399, 399, 53, 53, 53, 473, 473, 398, 398, 360, 360, 360, 434, 434, 434, 339, 339, 248, 248, 473, 398, 398, 398, 360, 360, 360, 171, 171, 360, 171, 171, 434, 246, 246, 246, 246, 246, 19, 19, 454, 454, 454, 454, 414, 414, 414, 249, 249, 249, 249, 80, 80, 80, 289, 321, 320, 188, 188, 188, 290, 290, 171, 171, 434, 434, 339, 250, 43, 345, 100, 100, 153, 497, 43, 43, 122, 285, 285, 285, 425, 251, 84, 84, 139, 139, 496, 496, 293, 274, 274, 122, 122, 8, 75, 192, 354, 420, 420, 278, 360, 171, 171, 171, 434, 434, 434, 19, 19, 19, 454, 454, 454, 48, 414, 414, 414, 414, 414, 102, 102, 102, 170, 82, 47, 47, 73, 244, 289, 321, 321, 320, 7, 7, 7, 309, 309, 309, 398, 398, 398, 213, 360, 360, 360, 360, 434, 434, 434, 434, 434, 434, 434, 434, 434, 434, 19, 19, 454, 454, 197, 197, 197, 7, 7, 7, 7, 7, 219, 219, 219, 219, 219, 485, 485, 286, 286, 286, 286, 468, 468, 468, 406, 406, 467, 467, 467, 499, 486, 315, 315, 315, 315, 315, 315, 450, 450, 450, 348, 35, 250, 250, 250, 138, 138, 138, 153, 153, 497, 497, 122, 122, 186, 186, 349, 349, 234, 234, 234, 234, 234, 261, 261, 25, 148, 374, 153, 153, 153, 153, 182, 182, 98, 98, 98, 98, 98, 197, 197, 239, 75, 127, 183, 183, 257, 257, 257, 257, 31, 31, 162, 162, 232, 232, 172, 172, 115, 273, 273, 444, 444, 444, 171, 166, 166, 324, 324, 422, 422, 77, 77, 478, 342, 232, 172, 115, 115, 273, 273, 273, 486, 486, 460, 460, 460, 169, 215, 35, 35, 35, 259, 441, 100, 100, 100, 424, 182, 182, 182, 182, 182, 182, 182, 182, 182, 182, 182, 375, 375, 375, 98, 98, 98, 98, 13, 13, 13, 321, 209, 437, 437, 437, 481, 405, 426, 426, 426, 98, 98, 98, 98, 263, 13, 13, 17, 83, 83, 403, 403, 403, 403, 403, 403, 403, 403, 403, 403, 403, 403, 403, 403, 403, 403, 403, 403, 403, 403, 403, 403, 403, 403, 403, 403, 403, 403, 403, 403, 403, 403, 403, 403, 403, 403, 403, 403, 403, 403, 403, 403, 403, 403, 403, 403, 403, 403, 403, 403, 403, 403, 403, 403, 403, 403, 403, 403, 403, 403, 403, 403, 403, 403, 403, 403, 403, 403, 403, 403, 403, 403, 403, 403, 403, 403, 403, 403, 403, 403, 403, 403, 403, 403, 403, 403, 403, 403, 403, 403, 403, 403, 403, 403, 403, 403, 403, 403, 403, 403, 403, 403, 403, 403, 403, 403, 403, 403, 403, 403, 403, 403, 403, 403, 403, 403, 403, 403, 403, 403, 403, 403, 403, 403, 403, 403, 403, 403, 403, 403, 403, 403, 403, 403, 403, 403, 403, 403, 403, 403, 403, 403, 403, 403, 403, 403, 403, 403, 403, 403, 403, 403, 403, 403, 403, 403, 403, 403, 403, 403, 403, 403, 403, 403, 403, 403, 403, 403, 403, 403, 403, 403, 403, 403, 403, 403, 403, 403, 403, 403, 403, 403, 403, 403, 403, 403, 403, 403, 403, 403, 403, 403, 403, 403, 403, 403, 403, 403, 403, 403, 403, 403, 403, 403, 403, 403, 403, 403, 403, 403, 403, 403, 403, 403, 403, 403, 403, 403, 403, 403, 403, 403, 403, 403, 403, 403, 403, 403, 403, 403, 403, 403, 403, 403, 403, 403, 403, 403, 403, 403, 403, 403, 403]

ep344
Train step Loss: [0.3095952570438385, 0.17430223524570465, 0.4024007320404053, 0.32046598196029663, 0.25672075152397156, 0.06897543370723724, 0.12372928857803345, 0.18657875061035156, 0.05090389773249626, 0.00595182366669178, 0.007116806227713823, 0.055952753871679306, 0.006643821019679308, 0.24566854536533356, 0.006485915742814541, 0.3212682902812958, 0.03891544044017792, 0.2034684419631958, 0.05801130831241608, 0.2100934088230133, 0.30688929557800293, 0.1212565079331398, 0.2001488208770752, 0.4480011761188507, 0.1753385215997696, 0.4642958641052246, 0.4082241356372833, 0.2785824239253998, 0.29880133271217346, 0.17305108904838562, 0.22702158987522125, 0.10928446799516678, 0.24079924821853638, 0.013467219658195972, 0.07419262081384659, 0.1552208811044693, 0.09206079691648483, 0.1375487893819809, 0.006060848943889141, 0.014469370245933533, 0.20100665092468262, 0.29688483476638794, 0.015063772909343243, 0.09234551340341568, 0.15186969935894012, 0.2741287350654602, 0.32453107833862305, 0.0057027279399335384, 0.06807325780391693, 0.31640589237213135, 0.07927969843149185, 0.1328265517950058, 0.058352258056402206, 0.14828401803970337, 0.017281197011470795, 0.25120675563812256, 0.14102482795715332, 0.47931328415870667, 0.5563647150993347, 0.23445233702659607, 0.21857665479183197, 0.24624083936214447, 0.21136119961738586]
val step Loss: [1.1581690311431885, 0.45534297823905945, 0.10031966120004654, 0.6219792366027832, 0.43280285596847534, 0.770452082157135, 0.09490328282117844, 0.8896713852882385, 0.834985077381134, 0.9414779543876648, 0.93668532371521, 0.3365974426269531, 0.7525734901428223, 0.39328622817993164, 0.17179282009601593, 0.47799476981163025]
Train step Accs: [0.918780193236715, 0.9536486486486486, 0.8878143133462283, 0.9171690694626474, 0.9293139293139293, 0.9824784513211813, 0.9686673717609731, 0.9500643868936901, 0.9865357643758765, 1.0, 0.9998435054773083, 0.9866096866096866, 1.0, 0.9338948037501986, 1.0, 0.915643136725604, 0.9903684451918667, 0.9454578291493588, 0.9857094249744811, 0.9431695672262437, 0.921826406559231, 0.9677239066648037, 0.9452187111908376, 0.8819613573632084, 0.9537234799943044, 0.8792399718508093, 0.8896699266503667, 0.9372270742358079, 0.9192429022082019, 0.9565014031805426, 0.9415163719138505, 0.9719675137542573, 0.9363237583132871, 0.9975858369098712, 0.9814228110599078, 0.9572571844307021, 0.9783562887846223, 0.963302752293578, 0.9998484159466424, 0.9976015801354402, 0.9474476529355412, 0.9250992742708476, 0.9978381299824348, 0.9754355898314767, 0.9622417125018582, 0.9268771717782143, 0.9160590130574868, 1.0, 0.984452296819788, 0.9181818181818182, 0.9794886609851221, 0.9642071292357342, 0.9865098039215686, 0.9645708582834331, 0.9968527640941434, 0.933829848181037, 0.9641408404997566, 0.8678127708754695, 0.8537628278221209, 0.9336896609320193, 0.9386521607736477, 0.9333333333333333, 0.9411607381652848]
val step Accs: [0.7361963190184049, 0.8939324468898059, 0.9744341994970662, 0.8511773940345368, 0.9012651623842441, 0.8200305033045246, 0.9806250883891953, 0.7849916762709694, 0.8033561218147918, 0.7808634183287049, 0.7782949534541891, 0.9150668993600931, 0.8295529041562869, 0.9028032486245743, 0.9633164330450343, 0.8791418861512319]
Preds: [17, 17, 17, 284, 486, 486, 460, 460, 169, 150, 349, 234, 234, 234, 261, 25, 25, 332, 332, 399, 399, 53, 473, 473, 473, 398, 360, 360, 360, 360, 434, 434, 434, 339, 339, 216, 81, 398, 398, 324, 360, 360, 360, 360, 360, 360, 434, 434, 434, 434, 434, 19, 19, 454, 454, 454, 417, 414, 414, 414, 249, 249, 249, 82, 80, 80, 80, 320, 321, 188, 188, 188, 290, 171, 171, 171, 434, 339, 399, 53, 345, 345, 100, 497, 497, 497, 122, 285, 285, 285, 285, 285, 241, 431, 431, 139, 139, 139, 293, 175, 122, 216, 458, 192, 192, 180, 470, 403, 290, 290, 171, 434, 434, 434, 19, 19, 19, 19, 454, 454, 414, 414, 414, 414, 414, 414, 102, 414, 47, 47, 20, 380, 73, 244, 244, 321, 7, 7, 7, 309, 309, 309, 309, 398, 398, 360, 360, 360, 360, 360, 434, 434, 434, 434, 434, 434, 434, 434, 19, 19, 454, 454, 197, 197, 197, 197, 7, 321, 7, 219, 219, 219, 219, 451, 30, 30, 286, 286, 286, 468, 468, 468, 468, 467, 380, 180, 486, 315, 315, 315, 315, 315, 315, 315, 450, 450, 203, 203, 53, 250, 250, 250, 138, 138, 138, 345, 345, 387, 186, 186, 186, 349, 349, 234, 234, 234, 234, 261, 25, 25, 374, 374, 153, 153, 153, 182, 182, 98, 98, 98, 98, 197, 259, 259, 183, 183, 183, 257, 171, 171, 257, 422, 31, 31, 342, 342, 342, 342, 115, 273, 26, 359, 171, 171, 171, 171, 171, 171, 252, 422, 143, 478, 342, 342, 342, 115, 115, 273, 273, 486, 486, 486, 460, 460, 460, 169, 35, 35, 35, 441, 441, 100, 100, 424, 424, 182, 182, 182, 182, 182, 182, 182, 182, 182, 182, 375, 375, 98, 98, 98, 13, 13, 226, 321, 75, 437, 437, 437, 405, 405, 405, 206, 98, 98, 98, 98, 13, 13, 17, 83, 470, 403, 403, 403, 403, 403, 403, 403, 403, 403, 403, 403, 403, 403, 403, 403, 403, 403, 403, 403, 403, 403, 403, 403, 403, 403, 403, 403, 403, 403, 403, 403, 403, 403, 403, 403, 403, 403, 403, 403, 403, 403, 403, 403, 403, 403, 403, 403, 403, 403, 403, 403, 403, 403, 403, 403, 403, 403, 403, 403, 403, 403, 403, 403, 403, 403, 403, 403, 403, 403, 403, 403, 403, 403, 403, 403, 403, 403, 403, 403, 403, 403, 403, 403, 403, 403, 403, 403, 403, 403, 403, 403, 403, 403, 403, 403, 403, 403, 403, 403, 403, 403, 403, 403, 403, 403, 403, 403, 403, 403, 403, 403, 403, 403, 403, 403, 403, 403, 403, 403, 403, 403, 403, 403, 403, 403, 403, 403, 403, 403, 403, 403, 403, 403, 403, 403, 403, 403, 403, 403, 403, 403, 403, 403, 403, 403, 403, 403, 403, 403, 403, 403, 403, 403, 403, 403, 403, 403, 403, 403, 403, 403, 403, 403, 403, 403, 403, 403, 403, 403, 403, 403, 403, 403, 403, 403, 403, 403, 403, 403, 403, 403, 403, 403, 403, 403, 403, 403, 403, 403, 403, 403, 403, 403, 403, 403, 403, 403, 403, 403, 403, 403, 403, 403, 403, 403, 403, 403, 403, 403, 403, 403, 403, 403, 403, 403, 403, 403, 403, 403, 403, 403, 403, 403, 403, 403, 403, 403, 403, 403, 403, 403, 403, 403, 403, 403, 403, 403, 403, 403, 403, 403, 403, 403, 403, 403, 403, 403, 403, 403, 403, 403, 403, 403, 403, 403, 403, 403, 403, 403, 403, 403, 403, 403, 403, 403, 403, 403, 403, 403, 403, 403, 403, 403, 403, 403, 403, 403, 403, 403]

ep345
Train step Loss: [0.46390461921691895, 0.05315960943698883, 0.17428290843963623, 0.5046554803848267, 0.16873204708099365, 0.05898033082485199, 0.009461230598390102, 0.21037137508392334, 0.07058016210794449, 0.1944229155778885, 0.06438510119915009, 0.142681285738945, 0.33506906032562256, 0.125969797372818, 0.006745006889104843, 0.16930417716503143, 0.008075844496488571, 0.1586030274629593, 0.10156954824924469, 0.25633519887924194, 0.0056664105504751205, 0.006583945360034704, 0.018568919971585274, 0.13995996117591858, 0.17632471024990082, 0.16919484734535217, 0.2384433150291443, 0.16951853036880493, 0.367583304643631, 0.27280393242836, 0.25484657287597656, 0.5882154107093811, 0.07727357000112534, 0.18944154679775238, 0.007967689074575901, 0.2195497304201126, 0.2335118055343628, 0.03907891735434532, 0.16507168114185333, 0.23313218355178833, 0.38100147247314453, 0.5069599747657776, 0.0624651201069355, 0.2759404480457306, 0.1941872388124466, 0.030164459720253944, 0.23485401272773743, 0.16906221210956573, 0.03880567476153374, 0.1789485365152359, 0.222042515873909, 0.006093148607760668, 0.18461403250694275, 0.03484560549259186, 0.1234087198972702, 0.02118522860109806, 0.10375076532363892, 0.22656118869781494, 0.04655787721276283, 0.034324415028095245, 0.24678044021129608, 0.18916907906532288, 0.006570502649992704]
val step Loss: [0.5085204243659973, 0.22208133339881897, 0.18869607150554657, 0.13293755054473877, 0.4521733522415161, 0.9224616289138794, 0.3279869854450226, 1.2742619514465332, 0.6659772396087646, 0.3536732792854309, 1.386565923690796, 0.6771605610847473, 0.6397932171821594, 0.23940201103687286, 0.5039488077163696, 0.6817960143089294]
Train step Accs: [0.8769324965559467, 0.9868535105460849, 0.9560309751935949, 0.8614517732847199, 0.9524034672970844, 0.9858637263217416, 0.9990197680117627, 0.9440237076061904, 0.9813698630136987, 0.9483683162249119, 0.9842662211083264, 0.9621532243248209, 0.9121658483360611, 0.9677172582619339, 1.0, 0.9553269080489711, 0.9996991123815255, 0.9614892937040588, 0.9718228867165037, 0.9303568848432308, 1.0, 1.0, 0.9969181294385636, 0.9612752948027369, 0.9532403609515997, 0.9523935817530832, 0.9337281895309749, 0.9590979782270607, 0.8983578219533276, 0.9307704578082628, 0.9292190699034806, 0.8413998510796724, 0.9797454495689065, 0.9471573822139482, 0.9992232406400497, 0.9392151833803539, 0.939659977703456, 0.9891831923450284, 0.9600502863528426, 0.941530283955798, 0.896056338028169, 0.8690999706830841, 0.9842799188640974, 0.9303730554296934, 0.9485072582854013, 0.9947240838442892, 0.935613144536468, 0.9554388799138396, 0.9916317991631799, 0.9537774053903086, 0.941613229834627, 1.0, 0.9514323106005526, 0.9918870192307693, 0.9715433545363241, 0.9956659924877204, 0.9714446476297651, 0.9555351119288562, 0.9883680555555555, 0.9937752355316285, 0.9338471419396275, 0.9527731092436975, 1.0]
val step Accs: [0.8755823513291313, 0.9498288122201738, 0.9585259542993, 0.9698381877022654, 0.8916412769903298, 0.7762406396750857, 0.9247686940694676, 0.7156951836946644, 0.836781964175417, 0.9128321943811694, 0.6743856332703214, 0.8339565157180446, 0.854726919878015, 0.946018172100481, 0.8832343063807802, 0.8342762847713343]
Preds: [17, 196, 217, 217, 217, 217, 479, 473, 65, 264, 264, 264, 264, 264, 264, 264, 264, 468, 468, 468, 468, 337, 337, 337, 41, 19, 19, 454, 454, 197, 259, 320, 70, 473, 109, 109, 288, 288, 313, 285, 285, 285, 337, 337, 360, 360, 360, 434, 339, 339, 94, 398, 398, 324, 324, 324, 301, 301, 301, 248, 250, 43, 43, 345, 345, 100, 100, 424, 424, 497, 497, 497, 497, 43, 458, 208, 208, 208, 106, 106, 481, 481, 426, 426, 426, 306, 396, 396, 396, 396, 313, 406, 495, 147, 467, 84, 84, 84, 496, 375, 375, 375, 375, 303, 303, 117, 48, 48, 48, 48, 414, 414, 417, 170, 170, 170, 187, 187, 187, 187, 12, 12, 12, 12, 12, 408, 408, 408, 408, 391, 244, 75, 478, 66, 66, 232, 172, 172, 172, 115, 267, 267, 267, 444, 464, 139, 139, 139, 293, 497, 497, 349, 349, 349, 349, 234, 234, 234, 261, 25, 25, 444, 213, 324, 324, 464, 464, 464, 464, 486, 486, 315, 315, 376, 315, 282, 282, 282, 282, 282, 388, 388, 466, 466, 398, 448, 324, 324, 464, 464, 58, 58, 58, 110, 110, 315, 315, 315, 315, 480, 480, 480, 480, 480, 282, 85, 299, 299, 468, 59, 59, 406, 406, 406, 467, 467, 467, 499, 84, 496, 375, 375, 375, 98, 98, 263, 263, 13, 414, 414, 414, 414, 170, 82, 187, 187, 187, 187, 187, 187, 391, 73, 244, 244, 321, 320, 320, 320, 7, 34, 34, 337, 324, 313, 422, 143, 310, 310, 107, 107, 395, 395, 152, 222, 139, 139, 139, 496, 216, 14, 440, 139, 139, 139, 139, 139, 240, 240, 186, 310, 107, 107, 400, 400, 400, 422, 422, 143, 144, 144, 144, 27, 27, 437, 437, 486, 486, 486, 486, 486, 460, 460, 167, 35, 35, 35, 35, 441, 100, 100, 100, 375, 375, 375, 98, 98, 98, 98, 13, 13, 13, 414, 13, 170, 170, 170, 170, 2, 244, 2, 2, 244, 2, 1, 1, 408, 408, 408, 73, 73, 244, 321, 321, 412, 287, 287, 486, 486, 460, 460, 460, 169, 150, 342, 342, 342, 342, 168, 196, 196, 94, 479, 331, 331, 443, 443, 443, 169, 31, 342, 342, 342, 115, 115, 273, 486, 486, 486, 460, 240, 169, 150, 310, 342, 342, 168, 168, 494, 494, 494, 139, 139, 302, 139, 497, 497, 497, 8, 458, 208, 208, 441, 106, 106, 481, 387, 387, 387, 372, 396, 396, 467, 467, 337, 41, 41, 41, 41, 19, 19, 19, 454, 454, 454, 414, 414, 414, 414, 170, 82, 47, 47, 47, 47, 392, 392, 244, 73, 73, 320, 320, 7, 7, 7, 217, 217, 473, 473, 65, 264, 264, 264, 264, 264, 264, 264, 264, 264, 264, 468, 468, 468, 468, 468, 337, 337, 41, 41, 41, 19, 19, 19, 19, 17, 403, 403, 403, 403, 403, 403, 403, 403, 403, 403, 403, 403, 403, 403, 403, 403, 403, 403, 403, 403, 403, 403, 403, 403, 403, 403, 403, 403, 403, 403, 403, 403, 403, 403, 403, 403, 403, 403, 403, 403, 403, 403, 403, 403, 403, 403, 403, 403, 403, 403, 403, 403, 403, 403, 403, 403, 403, 403, 403, 403, 403, 403, 403, 403, 403, 403, 403, 403, 403, 403, 403, 403, 403, 403, 403, 403, 403, 403, 403, 403, 403, 403, 403, 403, 403, 403, 403, 403, 403, 403, 403, 403, 403, 403, 403, 403, 403, 403, 403, 403, 403, 403, 403, 403, 403, 403, 403, 403, 403, 403, 403, 403, 403, 403, 403, 403, 403, 403, 403, 403, 403, 403, 403, 403, 403, 403]

ep346
Train step Loss: [0.31773772835731506, 0.2577415406703949, 0.13571135699748993, 0.14498208463191986, 0.13197194039821625, 0.17446286976337433, 0.03826405480504036, 0.2978658974170685, 0.21340890228748322, 0.11237847805023193, 0.19797144830226898, 0.15825361013412476, 0.16393136978149414, 0.10089170932769775, 0.1028667688369751, 0.015386280603706837, 0.06998599320650101, 0.13878031075000763, 0.006350476294755936, 0.19606736302375793, 0.057792145758867264, 0.28270256519317627, 0.1903614103794098, 0.008370734751224518, 0.005642953794449568, 0.006816780660301447, 0.0055234660394489765, 0.005686595570296049, 0.1475500762462616, 0.005410750862210989, 0.006499039940536022, 0.11688898503780365, 0.0046258289366960526, 0.19549211859703064, 0.10626163333654404, 0.2830617129802704, 0.0893353745341301, 0.17307262122631073, 0.15091365575790405, 0.22666200995445251, 0.3629821836948395, 0.40201228857040405, 0.00534348888322711, 0.20009788870811462, 0.05450158193707466, 0.4156200885772705, 0.26853588223457336, 0.1597907394170761, 0.4110208749771118, 0.12730590999126434, 0.2514638304710388, 0.5001351237297058, 0.13183824717998505, 0.2903250753879547, 0.13654308021068573, 0.08595825731754303, 0.11577914655208588, 0.3305330276489258, 0.16877594590187073, 0.19135682284832, 0.28590112924575806, 0.31034424901008606, 0.11775704473257065]
val step Loss: [0.5656626224517822, 0.34627804160118103, 0.14868007600307465, 0.8105320334434509, 0.8336911201477051, 0.7298102974891663, 0.5396096110343933, 0.4984837770462036, 1.2921608686447144, 0.41326844692230225, 0.9172367453575134, 0.954372763633728, 0.6035061478614807, 0.5064274668693542, 0.24532219767570496, 0.8051323890686035]
Train step Accs: [0.917882225823879, 0.929055963821368, 0.9627995882958389, 0.9646892655367232, 0.9654800431499461, 0.9538248616004026, 0.9904982023626091, 0.9205982115325316, 0.9418952294293513, 0.9660017346053773, 0.9468447594384626, 0.956583427922815, 0.9574701605158458, 0.971833020366893, 0.97339593114241, 0.9975750227341619, 0.9844726377580004, 0.9607762744294109, 1.0, 0.951001213592233, 0.9856960770429117, 0.9225342739251964, 0.949330047743724, 0.9998449612403101, 1.0, 0.9996969237763298, 1.0, 1.0, 0.9576660632223924, 1.0, 0.9998606854276957, 0.9670539551169823, 1.0, 0.9510816919599613, 0.9714285714285714, 0.9232502011263073, 0.9794848064167824, 0.954965962646186, 0.9601017539161869, 0.9369000564652739, 0.9018684923691342, 0.9091822094691535, 1.0, 0.9482328787212201, 0.9859671503747409, 0.8874390593633495, 0.926450967311541, 0.9571846604035115, 0.892537751062894, 0.9698602458326318, 0.9321846348403414, 0.8706624605678234, 0.9666067300282558, 0.916628701594533, 0.9648749334752528, 0.9773112530968836, 0.9707324790381269, 0.9231708972444685, 0.953421052631579, 0.9503374286208687, 0.9243097429387496, 0.9170884971199162, 0.9700499168053245]
val step Accs: [0.8719436386241194, 0.9166666666666666, 0.9650649815190175, 0.798945568538045, 0.7987099914810758, 0.8251022793687902, 0.8716225875625446, 0.887748473431207, 0.704095720202485, 0.8997738196211479, 0.7794137511819532, 0.7735061195104391, 0.8559223863307269, 0.874117360603847, 0.9485313231089161, 0.8148487626031164]
Preds: [17, 17, 287, 284, 284, 315, 319, 450, 450, 450, 169, 76, 76, 349, 234, 234, 234, 234, 261, 25, 437, 499, 499, 499, 265, 428, 85, 85, 299, 299, 388, 67, 466, 359, 324, 324, 38, 38, 31, 31, 232, 232, 172, 172, 115, 115, 267, 267, 267, 267, 213, 213, 3, 3, 3, 464, 464, 464, 443, 271, 271, 271, 31, 162, 232, 232, 172, 172, 115, 273, 273, 273, 110, 486, 486, 486, 85, 330, 388, 388, 388, 379, 394, 394, 76, 465, 310, 310, 107, 107, 395, 395, 395, 395, 470, 403, 403, 403, 403, 403, 403, 403, 207, 207, 207, 19, 454, 454, 454, 229, 170, 170, 170, 170, 170, 170, 28, 2, 244, 2, 2, 2, 2, 2, 244, 392, 244, 244, 73, 321, 321, 320, 287, 287, 287, 481, 293, 293, 497, 497, 58, 58, 437, 437, 437, 426, 426, 426, 319, 319, 348, 348, 348, 348, 195, 250, 250, 32, 7, 7, 354, 473, 109, 288, 288, 288, 285, 337, 337, 337, 324, 324, 324, 324, 324, 464, 464, 324, 324, 301, 301, 116, 94, 331, 331, 138, 424, 424, 424, 497, 497, 497, 497, 98, 58, 208, 208, 441, 437, 426, 426, 426, 426, 426, 348, 348, 348, 381, 303, 452, 452, 452, 48, 13, 414, 414, 170, 170, 170, 2, 392, 244, 392, 392, 2, 392, 392, 73, 392, 244, 321, 320, 320, 7, 7, 70, 70, 346, 346, 46, 46, 206, 240, 169, 77, 269, 323, 323, 323, 168, 273, 106, 153, 153, 153, 497, 349, 349, 349, 349, 234, 155, 261, 25, 25, 148, 100, 100, 182, 182, 497, 497, 98, 98, 197, 197, 321, 321, 209, 287, 287, 287, 284, 284, 284, 284, 480, 480, 480, 480, 480, 480, 480, 282, 282, 282, 282, 282, 388, 388, 116, 195, 466, 250, 250, 276, 109, 109, 403, 403, 403, 207, 207, 207, 207, 464, 252, 325, 325, 285, 288, 288, 264, 330, 116, 76, 76, 465, 393, 155, 261, 261, 441, 148, 148, 153, 153, 153, 182, 182, 387, 182, 182, 182, 182, 182, 182, 100, 375, 375, 98, 98, 98, 98, 13, 13, 170, 170, 170, 170, 170, 187, 187, 187, 163, 163, 244, 73, 73, 75, 75, 75, 75, 320, 320, 320, 106, 106, 106, 153, 153, 424, 182, 182, 182, 182, 182, 182, 182, 182, 182, 182, 182, 274, 122, 122, 122, 36, 36, 310, 310, 107, 395, 395, 84, 84, 84, 496, 274, 98, 98, 98, 193, 17, 188, 403, 403, 403, 403, 403, 403, 403, 403, 403, 403, 403, 403, 403, 403, 403, 403, 403, 403, 403, 403, 403, 403, 403, 403, 403, 403, 403, 403, 403, 403, 403, 403, 403, 403, 403, 403, 403, 403, 403, 403, 403, 403, 403, 403, 403, 403, 403, 403, 403, 403, 403, 403, 403, 403, 403, 403, 403, 403, 403, 403, 403, 403, 403, 403, 403, 403, 403, 403, 403, 403, 403, 403, 403, 403, 403, 403, 403, 403, 403, 403, 403, 403, 403, 403, 403, 403, 403, 403, 403, 403, 403, 403, 403, 403, 403, 403, 403, 403, 403, 403, 403, 403, 403, 403, 403, 403, 403, 403, 403, 403, 403, 403, 403, 403, 403, 403, 403, 403, 403, 403, 403, 403, 403, 403, 403, 403, 403, 403, 403, 403, 403, 403, 403, 403, 403, 403, 403, 403, 403, 403, 403, 403, 403, 403, 403, 403, 403, 403, 403, 403, 403, 403, 403, 403, 403, 403, 403, 403, 403, 403, 403, 403, 403, 403, 403, 403, 403, 403, 403, 403, 403, 403, 403, 403, 403, 403, 403, 403, 403, 403, 403, 403, 403, 403, 403]

ep347
Train step Loss: [0.2938559353351593, 0.17665435373783112, 0.20471669733524323, 0.3486687242984772, 0.7097691893577576, 0.30805426836013794, 0.0394308865070343, 0.31492897868156433, 0.23632971942424774, 0.49306705594062805, 0.21629798412322998, 0.12157578766345978, 0.29532667994499207, 0.19295373558998108, 0.23630227148532867, 0.22473102807998657, 0.09581273794174194, 0.07329151034355164, 0.005456854589283466, 0.15554317831993103, 0.24386239051818848, 0.24125640094280243, 0.008075755089521408, 0.04968097060918808, 0.1716250479221344, 0.19484852254390717, 0.44134607911109924, 0.2101960927248001, 0.1180030032992363, 0.1301906555891037, 0.10230322182178497, 0.6573596596717834, 0.18666596710681915, 0.27898934483528137, 0.1738540381193161, 0.31353628635406494, 0.1429479718208313, 0.12604106962680817, 0.3826504349708557, 0.005419223103672266, 0.13659681379795074, 0.16310496628284454, 0.17916348576545715, 0.11597741395235062, 0.49748143553733826, 0.006439202930778265, 0.11548455059528351, 0.10288835316896439, 0.16966289281845093, 0.20584693551063538, 0.018451517447829247, 0.07816730439662933, 0.2300959676504135, 0.10727604478597641, 0.04411439597606659, 0.28388872742652893, 0.0773848369717598, 0.15503942966461182, 0.007762758526951075, 0.13856716454029083, 0.16475921869277954, 0.22085872292518616, 0.20103031396865845]
val step Loss: [0.31189367175102234, 0.41530662775039673, 0.5605290532112122, 0.7572017908096313, 0.23419100046157837, 0.7295021414756775, 0.37747669219970703, 0.5131567120552063, 1.0544928312301636, 0.7901383638381958, 0.9096288084983826, 0.6099810004234314, 0.296038419008255, 0.393972247838974, 0.8427417278289795, 0.7451733350753784]
Train step Accs: [0.9256410256410257, 0.9564311751432043, 0.9445695478953751, 0.9030399077942659, 0.818536878473787, 0.9161904761904762, 0.990521327014218, 0.914962962962963, 0.9375417948375017, 0.8678241388966677, 0.941920731707317, 0.9711000151308822, 0.9236299728391116, 0.9486166007905138, 0.9359634918298249, 0.9385496183206107, 0.974961079398028, 0.9824873443699549, 1.0, 0.9583409464644619, 0.9299272382157545, 0.9292231130771358, 0.9991848933568809, 0.9855391819308635, 0.9543098745226405, 0.947316384180791, 0.8835706944648363, 0.9463350785340314, 0.9671162297317776, 0.9673202614379085, 0.9742471726393241, 0.8231015420424789, 0.9510259098397484, 0.9240048250904704, 0.9519809603807924, 0.9203940362087327, 0.9626986264476165, 0.9661637615350813, 0.9028398443131036, 1.0, 0.963180284582661, 0.9575309944605644, 0.9532898820608318, 0.9711185016628742, 0.8639573425565643, 1.0, 0.9665213600697472, 0.9722108145106092, 0.9570892723180795, 0.9451483312731768, 0.9970309890517721, 0.9803499713138267, 0.9425287356321839, 0.9699791298763847, 0.9893470790378007, 0.9245230078563412, 0.9832599118942731, 0.9593194122196442, 0.9998488055639553, 0.967311411992263, 0.9561926236108874, 0.9392501912777352, 0.9459715639810427]
val step Accs: [0.930064308681672, 0.9029910005293806, 0.8626656274356976, 0.826566811194324, 0.9418093650553114, 0.826190775417871, 0.9165881878111126, 0.8847714362997025, 0.7425981017141238, 0.8108031272210376, 0.7993555946104276, 0.8567597220529075, 0.9249261348374966, 0.9087515553712152, 0.7976019184652278, 0.8244178728760226]
Preds: [17, 309, 331, 398, 360, 360, 360, 360, 360, 434, 171, 3, 3, 3, 335, 14, 14, 14, 14, 411, 287, 346, 346, 387, 387, 285, 406, 406, 406, 406, 467, 84, 84, 496, 496, 274, 203, 399, 399, 217, 217, 217, 217, 473, 398, 398, 286, 286, 286, 286, 286, 286, 264, 468, 468, 468, 406, 467, 467, 499, 302, 426, 426, 98, 98, 98, 263, 263, 263, 13, 13, 414, 414, 414, 170, 170, 170, 170, 187, 187, 187, 28, 2, 2, 2, 2, 2, 163, 163, 163, 391, 391, 289, 73, 73, 244, 289, 320, 7, 4, 4, 4, 4, 4, 4, 4, 4, 280, 280, 444, 213, 213, 213, 213, 246, 246, 246, 19, 454, 454, 454, 414, 414, 414, 414, 414, 414, 170, 249, 249, 249, 249, 249, 249, 249, 392, 244, 2, 316, 244, 316, 73, 244, 73, 73, 73, 320, 7, 7, 309, 479, 398, 398, 360, 301, 399, 76, 76, 465, 354, 420, 420, 324, 422, 236, 36, 36, 239, 77, 478, 232, 172, 172, 115, 115, 267, 267, 444, 278, 301, 301, 173, 173, 4, 4, 4, 4, 4, 4, 280, 280, 444, 213, 213, 213, 213, 246, 246, 246, 19, 19, 454, 454, 454, 454, 454, 414, 414, 414, 197, 80, 82, 435, 435, 7, 32, 239, 310, 107, 107, 395, 470, 470, 403, 403, 403, 171, 171, 171, 207, 358, 454, 454, 414, 414, 414, 414, 414, 414, 414, 414, 445, 451, 30, 213, 422, 301, 143, 129, 129, 129, 7, 473, 473, 65, 398, 398, 360, 464, 464, 464, 180, 315, 315, 315, 315, 315, 315, 450, 450, 450, 413, 203, 250, 250, 250, 276, 138, 138, 138, 138, 138, 182, 182, 182, 182, 182, 182, 182, 182, 182, 387, 387, 413, 413, 406, 245, 250, 250, 380, 380, 106, 426, 426, 426, 426, 426, 426, 284, 284, 284, 284, 284, 480, 480, 480, 85, 85, 396, 313, 196, 196, 195, 217, 473, 473, 473, 290, 324, 324, 301, 252, 24, 465, 131, 34, 106, 255, 255, 130, 349, 349, 349, 234, 234, 155, 25, 148, 148, 148, 153, 153, 424, 182, 182, 182, 497, 122, 122, 122, 285, 134, 302, 302, 497, 43, 43, 8, 8, 354, 346, 46, 428, 428, 146, 146, 175, 241, 81, 166, 278, 278, 278, 37, 325, 325, 34, 337, 464, 464, 464, 355, 355, 263, 263, 263, 229, 229, 229, 229, 229, 312, 312, 312, 312, 23, 23, 23, 23, 23, 23, 23, 23, 23, 23, 23, 23, 23, 260, 260, 391, 391, 391, 391, 244, 73, 244, 73, 320, 320, 320, 7, 241, 431, 431, 284, 284, 284, 284, 284, 284, 284, 284, 480, 480, 480, 480, 85, 85, 85, 299, 240, 285, 285, 199, 337, 324, 324, 464, 464, 464, 464, 180, 315, 315, 315, 315, 450, 450, 43, 43, 43, 250, 276, 138, 138, 138, 138, 138, 182, 182, 182, 182, 182, 182, 182, 182, 182, 372, 372, 406, 406, 406, 406, 406, 495, 134, 88, 88, 88, 426, 426, 426, 480, 480, 480, 480, 480, 85, 85, 85, 285, 285, 334, 313, 313, 313, 94, 94, 250, 250, 250, 375, 375, 375, 375, 98, 98, 98, 197, 197, 226, 82, 82, 188, 188, 188, 340, 37, 24, 239, 239, 131, 131, 494, 134, 98, 98, 349, 349, 205, 234, 261, 261, 261, 244, 148, 148, 148, 153, 182, 182, 182, 182, 182, 122, 122, 251, 251, 251, 354, 249, 153, 153, 153, 153, 182, 182, 182, 182, 346, 387, 387, 206, 206, 167, 385, 233, 233, 164, 170, 192, 352, 155, 155, 25, 106, 139, 139, 375]

ep348
Train step Loss: [0.043344832956790924, 0.19498352706432343, 0.3390316963195801, 0.25620177388191223, 0.24133853614330292, 0.1892738938331604, 0.008826951496303082, 0.0055259400978684425, 0.12614527344703674, 0.2366296797990799, 0.23184804618358612, 0.005442573223263025, 0.3086377680301666, 0.005622036289423704, 0.09369725733995438, 0.2704097330570221, 0.24288274347782135, 0.38174164295196533, 0.09952382743358612, 0.28391388058662415, 0.08627650141716003, 0.32435232400894165, 0.08010922372341156, 0.2175111025571823, 0.022325919941067696, 0.25362083315849304, 0.19467924535274506, 0.09173013269901276, 0.20409391820430756, 0.2662137746810913, 0.11486601084470749, 0.28441983461380005, 0.15835091471672058, 0.07546096295118332, 0.005579844582825899, 0.09891737252473831, 0.05387086048722267, 0.09228894114494324, 0.1949758380651474, 0.12249727547168732, 0.16508609056472778, 0.25446057319641113, 0.005554523319005966, 0.08553583920001984, 0.13267554342746735, 0.1711232215166092, 0.28511670231819153, 0.13662926852703094, 0.28137195110321045, 0.0908493623137474, 0.16409143805503845, 0.1966521441936493, 0.3945273458957672, 0.005698187742382288, 0.023003505542874336, 0.38402995467185974, 0.1790161430835724, 0.13703957200050354, 0.5106819272041321, 0.005996769294142723, 0.4024483263492584, 0.3689773678779602, 0.00594374118372798]
val step Loss: [0.24816621840000153, 0.32791873812675476, 0.5732769966125488, 0.7666826248168945, 0.6368709802627563, 0.2798468768596649, 0.51560378074646, 0.6538760662078857, 0.7818901538848877, 0.817714512348175, 0.6285858750343323, 0.845590353012085, 0.4307542145252228, 0.540258526802063, 0.4818926453590393, 0.602885365486145]
Train step Accs: [0.9898411789955645, 0.9456683536766894, 0.9100920199125057, 0.932979221996563, 0.9366715758468336, 0.9496248660235799, 0.9990884229717412, 1.0, 0.9662738724095896, 0.935129740518962, 0.9353953984458327, 1.0, 0.9177278580626699, 0.9998629198080877, 0.9750434370557574, 0.930501350945662, 0.9333133971291866, 0.8966552315608919, 0.9724734565473849, 0.9271000965561635, 0.9765602109581014, 0.910581222056632, 0.9797870698966209, 0.9429680501642281, 0.9956095419288746, 0.9385150812064965, 0.9483286908077995, 0.9764420331239292, 0.946377031748443, 0.925025929767373, 0.9695652173913043, 0.9244264507422402, 0.958980044345898, 0.97916059457884, 1.0, 0.9721357850070721, 0.9850583657587548, 0.9750911300121506, 0.9460923394377095, 0.9650782728367452, 0.9592947886958776, 0.9287262872628727, 1.0, 0.97975768321513, 0.9669107293720078, 0.9542418644308654, 0.9226966909240698, 0.961421038023869, 0.9227573472841976, 0.9759792548109731, 0.95609375, 0.9485871812543074, 0.8911523259349347, 1.0, 0.9962126729788784, 0.9008528784648188, 0.9526924247033769, 0.9625767747464647, 0.87001287001287, 1.0, 0.8916008614501076, 0.903639570306237, 1.0]
val step Accs: [0.9451211167373751, 0.9221305745840906, 0.8734664764621969, 0.8259498011246743, 0.8432304038004751, 0.9338661853809462, 0.8788411916490734, 0.8468629961587708, 0.820843373493976, 0.8070467471216535, 0.8433507549361208, 0.8063003663003663, 0.9030736240171551, 0.8712332589285714, 0.8821338101624199, 0.8588944305901912]
Preds: [17, 451, 360, 360, 360, 301, 339, 143, 129, 82, 82, 320, 7, 70, 473, 109, 65, 290, 290, 290, 290, 434, 434, 434, 434, 19, 19, 19, 454, 454, 454, 454, 454, 414, 80, 80, 82, 82, 66, 66, 66, 66, 68, 68, 172, 115, 115, 267, 267, 267, 267, 464, 139, 139, 139, 139, 443, 486, 486, 111, 111, 111, 111, 438, 438, 438, 438, 216, 34, 34, 166, 324, 324, 324, 422, 349, 349, 261, 261, 25, 25, 420, 324, 324, 186, 99, 338, 338, 338, 338, 338, 338, 338, 400, 400, 400, 267, 267, 171, 171, 171, 171, 246, 434, 246, 3, 3, 3, 197, 226, 321, 209, 83, 145, 145, 486, 460, 460, 178, 178, 35, 259, 441, 100, 100, 100, 497, 497, 122, 122, 77, 310, 161, 395, 395, 487, 106, 106, 302, 496, 497, 122, 122, 8, 259, 364, 345, 345, 109, 109, 81, 81, 81, 474, 474, 171, 324, 324, 246, 434, 434, 339, 339, 303, 217, 398, 398, 398, 398, 360, 246, 434, 434, 464, 199, 199, 331, 334, 275, 282, 282, 452, 263, 263, 263, 13, 82, 17, 83, 403, 403, 403, 403, 403, 403, 403, 403, 403, 403, 403, 403, 403, 403, 403, 403, 403, 403, 403, 403, 403, 403, 403, 403, 403, 403, 403, 403, 403, 403, 403, 403, 403, 403, 403, 403, 403, 403, 403, 403, 403, 403, 403, 403, 403, 403, 403, 403, 403, 403, 403, 403, 403, 403, 403, 403, 403, 403, 403, 403, 403, 403, 403, 403, 403, 403, 403, 403, 403, 403, 403, 403, 403, 403, 403, 403, 403, 403, 403, 403, 403, 403, 403, 403, 403, 403, 403, 403, 403, 403, 403, 403, 403, 403, 403, 403, 403, 403, 403, 403, 403, 403, 403, 403, 403, 403, 403, 403, 403, 403, 403, 403, 403, 403, 403, 403, 403, 403, 403, 403, 403, 403, 403, 403, 403, 403, 403, 403, 403, 403, 403, 403, 403, 403, 403, 403, 403, 403, 403, 403, 403, 403, 403, 403, 403, 403, 403, 403, 403, 403, 403, 403, 403, 403, 403, 403, 403, 403, 403, 403, 403, 403, 403, 403, 403, 403, 403, 403, 403, 403, 403, 403, 403, 403, 403, 403, 403, 403, 403, 403, 403, 403, 403, 403, 403, 403, 403, 403, 403, 403, 403, 403, 403, 403, 403, 403, 403, 403, 403, 403, 403, 403, 403, 403, 403, 403, 403, 403, 403, 403, 403, 403, 403, 403, 403, 403, 403, 403, 403, 403, 403, 403, 403, 403, 403, 403, 403, 403, 403, 403, 403, 403, 403, 403, 403, 403, 403, 403, 403, 403, 403, 403, 403, 403, 403, 403, 403, 403, 403, 403, 403, 403, 403, 403, 403, 403, 403, 403, 403, 403, 403, 403, 403, 403, 403, 403, 403, 403, 403, 403, 403, 403, 403, 403, 403, 403, 403, 403, 403, 403, 403, 403, 403, 403, 403, 403, 403, 403, 403, 403, 403, 403, 403, 403, 403, 403, 403, 403, 403, 403, 403, 403, 403, 403, 403, 403, 403, 403, 403, 403, 403, 403, 403, 403, 403, 403, 403, 403, 403, 403, 403, 403, 403, 403, 403, 403, 403, 403, 403, 403, 403, 403, 403, 403, 403, 403, 403, 403, 403, 403, 403, 403, 403, 403, 403, 403, 403, 403, 403, 403, 403, 403, 403, 403, 403, 403, 403, 403, 403, 403, 403, 403, 403, 403, 403, 403, 403, 403, 403, 403, 403, 403, 403, 403, 403, 403, 403, 403, 403, 403, 403, 403, 403, 403, 403, 403, 403, 403, 403, 403, 403, 403, 403, 403, 403, 403, 403, 403, 403, 403, 403, 403, 403, 403, 403, 403, 403, 403, 403, 403, 403]

ep349
Train step Loss: [0.14514458179473877, 0.005894970148801804, 0.004970878828316927, 0.4735223650932312, 0.26980268955230713, 0.2291508913040161, 0.42411819100379944, 0.20566533505916595, 0.2593992054462433, 0.35980817675590515, 0.06075203791260719, 0.1875215321779251, 0.095979705452919, 0.06496141850948334, 0.12387170642614365, 0.004706726409494877, 0.34513378143310547, 0.03708125650882721, 0.255098819732666, 0.55818110704422, 0.12444300949573517, 0.12914906442165375, 0.0426301583647728, 0.11596263200044632, 0.01788708008825779, 0.27755579352378845, 0.22839432954788208, 0.05968884006142616, 0.3091075122356415, 0.3586846590042114, 0.24188238382339478, 0.11593082547187805, 0.1545054316520691, 0.3030358552932739, 0.39782705903053284, 0.23652437329292297, 0.11268570274114609, 0.04911305382847786, 0.1395058035850525, 0.09949829429388046, 0.37233099341392517, 0.16922900080680847, 0.19814954698085785, 0.1965091973543167, 0.27230799198150635, 0.25086939334869385, 0.04874886944890022, 0.3206697106361389, 0.179720938205719, 0.19578991830348969, 0.08692921698093414, 0.041812606155872345, 0.05251016840338707, 0.0054903761483728886, 0.2011633664369583, 0.18269498646259308, 0.07369265705347061, 0.1488100290298462, 0.2599472999572754, 0.016123708337545395, 0.1694837063550949, 0.0913504883646965, 0.24509139358997345]
val step Loss: [0.7462108731269836, 0.26876217126846313, 0.5605810880661011, 0.7499929666519165, 0.743105411529541, 0.5876455307006836, 0.49029844999313354, 0.30435267090797424, 0.747969925403595, 0.35548558831214905, 0.3303297162055969, 0.49245283007621765, 0.516387939453125, 0.6036790609359741, 0.474308580160141, 0.49628397822380066]
Train step Accs: [0.9606117443370366, 1.0, 1.0, 0.9095206828627709, 0.9241831890533371, 0.937885698953582, 0.8830915178571429, 0.9461538461538461, 0.9330809787751791, 0.9013900955690703, 0.9864820846905538, 0.9487355689939527, 0.9733980011757789, 0.9836065573770492, 0.9666725757844353, 1.0, 0.9043168669336894, 0.9921861434276784, 0.9330567081604426, 0.8620883760202646, 0.9685157421289355, 0.9668789808917198, 0.9910480012347584, 0.9715568862275449, 0.9961832061068703, 0.927461139896373, 0.9401687216093446, 0.9840281105254751, 0.9173061863743148, 0.9009765290388898, 0.9377791009228937, 0.9681237178475619, 0.958204334365325, 0.9160720353380903, 0.8949785217004889, 0.9395850855060275, 0.9696636277900031, 0.9883683360258482, 0.964447216591299, 0.9745115995115995, 0.8999448732083792, 0.9551183522901937, 0.9444988573294156, 0.9488857721676796, 0.9257007767646066, 0.9321503131524008, 0.988098422037978, 0.9146516983304548, 0.949978982765868, 0.9500275330396476, 0.9776255707762557, 0.9891826923076923, 0.9881857905810002, 1.0, 0.9451097804391217, 0.9564502875924404, 0.9803571428571428, 0.9603791174642635, 0.92955276235019, 0.9974623078071354, 0.9519312094727939, 0.9751534201466846, 0.9292285916489739]
val step Accs: [0.8220755511866311, 0.936004612280196, 0.865746013667426, 0.8248942443276504, 0.8142626913779211, 0.8657844990548205, 0.8883225903162945, 0.9296766888916845, 0.8193013319929631, 0.9272545376589967, 0.9209057566576304, 0.8934414148857774, 0.8826486817903126, 0.8574368825466521, 0.8888888888888888, 0.885989562424729]
Preds: [17, 17, 451, 451, 351, 171, 171, 171, 240, 314, 314, 314, 401, 259, 75, 75, 131, 371, 139, 139, 426, 98, 98, 197, 197, 197, 82, 82, 82, 205, 205, 68, 261, 115, 115, 273, 273, 480, 480, 319, 319, 282, 388, 216, 239, 259, 219, 420, 324, 324, 324, 324, 422, 3, 58, 58, 110, 110, 110, 486, 428, 146, 146, 146, 146, 438, 173, 173, 280, 280, 25, 106, 106, 284, 284, 284, 405, 405, 206, 206, 206, 178, 35, 144, 27, 27, 27, 225, 225, 149, 228, 82, 75, 164, 164, 115, 273, 273, 151, 151, 240, 240, 35, 35, 259, 219, 219, 485, 485, 374, 374, 374, 374, 132, 406, 467, 456, 456, 186, 186, 186, 162, 162, 54, 482, 172, 115, 273, 273, 106, 293, 293, 497, 186, 162, 162, 9, 224, 224, 267, 267, 267, 444, 324, 318, 318, 31, 31, 162, 232, 232, 232, 68, 238, 224, 224, 273, 494, 494, 196, 196, 196, 217, 473, 473, 264, 264, 264, 264, 264, 264, 468, 468, 468, 337, 337, 337, 337, 337, 324, 324, 3, 3, 464, 303, 134, 134, 134, 250, 250, 250, 250, 276, 153, 153, 182, 182, 182, 321, 259, 441, 100, 375, 375, 303, 303, 98, 193, 17, 188, 403, 403, 403, 403, 403, 403, 403, 403, 403, 403, 403, 403, 403, 403, 403, 403, 403, 403, 403, 403, 403, 403, 403, 403, 403, 403, 403, 403, 403, 403, 403, 403, 403, 403, 403, 403, 403, 403, 403, 403, 403, 403, 403, 403, 403, 403, 403, 403, 403, 403, 403, 403, 403, 403, 403, 403, 403, 403, 403, 403, 403, 403, 403, 403, 403, 403, 403, 403, 403, 403, 403, 403, 403, 403, 403, 403, 403, 403, 403, 403, 403, 403, 403, 403, 403, 403, 403, 403, 403, 403, 403, 403, 403, 403, 403, 403, 403, 403, 403, 403, 403, 403, 403, 403, 403, 403, 403, 403, 403, 403, 403, 403, 403, 403, 403, 403, 403, 403, 403, 403, 403, 403, 403, 403, 403, 403, 403, 403, 403, 403, 403, 403, 403, 403, 403, 403, 403, 403, 403, 403, 403, 403, 403, 403, 403, 403, 403, 403, 403, 403, 403, 403, 403, 403, 403, 403, 403, 403, 403, 403, 403, 403, 403, 403, 403, 403, 403, 403, 403, 403, 403, 403, 403, 403, 403, 403, 403, 403, 403, 403, 403, 403, 403, 403, 403, 403, 403, 403, 403, 403, 403, 403, 403, 403, 403, 403, 403, 403, 403, 403, 403, 403, 403, 403, 403, 403, 403, 403, 403, 403, 403, 403, 403, 403, 403, 403, 403, 403, 403, 403, 403, 403, 403, 403, 403, 403, 403, 403, 403, 403, 403, 403, 403, 403, 403, 403, 403, 403, 403, 403, 403, 403, 403, 403, 403, 403, 403, 403, 403, 403, 403, 403, 403, 403, 403, 403, 403, 403, 403, 403, 403, 403, 403, 403, 403, 403, 403, 403, 403, 403, 403, 403, 403, 403, 403, 403, 403, 403, 403, 403, 403, 403, 403, 403, 403, 403, 403, 403, 403, 403, 403, 403, 403, 403, 403, 403, 403, 403, 403, 403, 403, 403, 403, 403, 403, 403, 403, 403, 403, 403, 403, 403, 403, 403, 403, 403, 403, 403, 403, 403, 403, 403, 403, 403, 403, 403, 403, 403, 403, 403, 403, 403, 403, 403, 403, 403, 403, 403, 403, 403, 403, 403, 403, 403, 403, 403, 403, 403, 403, 403, 403, 403, 403, 403, 403, 403, 403, 403, 403, 403, 403, 403, 403, 403, 403, 403, 403, 403, 403, 403, 403, 403, 403, 403, 403, 403, 403, 403, 403, 403, 403, 403, 403, 403, 403, 403, 403, 403, 403, 403]

ep350
Train step Loss: [0.22487841546535492, 0.10263460874557495, 0.07253915816545486, 0.20528309047222137, 0.12812303006649017, 0.19367116689682007, 0.25791752338409424, 0.21120338141918182, 0.006383329164236784, 0.13307195901870728, 0.2380511462688446, 0.1523188203573227, 0.004896008409559727, 0.1325274556875229, 0.1403103768825531, 0.20749683678150177, 0.006626968737691641, 0.06619241833686829, 0.13517387211322784, 0.17149601876735687, 0.0721941888332367, 0.07871222496032715, 0.08952361345291138, 0.004890265874564648, 0.05031133070588112, 0.27033892273902893, 0.0473003052175045, 0.005756107624620199, 0.07865241914987564, 0.1798686534166336, 0.04284209385514259, 0.05400438234210014, 0.23324592411518097, 0.06732530891895294, 0.3420098125934601, 0.21872107684612274, 0.07927121967077255, 0.005805656313896179, 0.16475409269332886, 0.1690511554479599, 0.1304684579372406, 0.2910926938056946, 0.06479917466640472, 0.05116201937198639, 0.004887388553470373, 0.06268269568681717, 0.13632960617542267, 0.11602461338043213, 0.32218071818351746, 0.005329234059900045, 0.06554899364709854, 0.2737507224082947, 0.34006139636039734, 0.5986443161964417, 0.077942855656147, 0.2109762728214264, 0.1042572557926178, 0.1798458993434906, 0.15346074104309082, 0.23288138210773468, 0.20569421350955963, 0.19997771084308624, 0.16805784404277802]
val step Loss: [0.3476100265979767, 0.3387846052646637, 0.7177844047546387, 0.5036032795906067, 0.4586034417152405, 0.8722635507583618, 1.0868057012557983, 0.8217187523841858, 0.40491488575935364, 0.4651745557785034, 0.4065764248371124, 0.041400205343961716, 0.6744276285171509, 0.7369205355644226, 0.8555161952972412, 0.39939752221107483]
Train step Accs: [0.9437236204470846, 0.9762227238525207, 0.981478715459298, 0.9456151224047102, 0.9665760434991204, 0.9477724262492474, 0.9294285714285714, 0.9406186849059537, 1.0, 0.9648788456302749, 0.9388732394366197, 0.9591775476512082, 1.0, 0.9680621493310315, 0.962675585284281, 0.9496281745474955, 1.0, 0.9830820154468555, 0.9654955295302858, 0.9551982516390883, 0.9828877005347594, 0.9803639846743295, 0.9754166666666667, 1.0, 0.987475280158207, 0.9248924059419686, 0.9889597263256104, 1.0, 0.9802562170308967, 0.9493517017828201, 0.9896148853310255, 0.9844890510948905, 0.9395934726596049, 0.9828435266084193, 0.9027572293207801, 0.9419081272084806, 0.9787479196005633, 0.9998539932836911, 0.9556006964596634, 0.955074207781789, 0.9658333333333333, 0.9247746919256943, 0.9844087681383143, 0.9865477629987908, 1.0, 0.9852686308492201, 0.964818763326226, 0.9687344913151364, 0.9118823193373322, 1.0, 0.9835098335854765, 0.9228255795861211, 0.9121893888515782, 0.8387856944829498, 0.9790353089533418, 0.9580450463712645, 0.9740002826056239, 0.9488041853512705, 0.9599185846250196, 0.9383765405864853, 0.9444194756554307, 0.9423533401152934, 0.9534815681685196]
val step Accs: [0.9173426573426573, 0.9206484641638225, 0.8332605213339158, 0.8830623306233062, 0.8979057591623036, 0.7961287078934137, 0.7381990285216091, 0.8135525792335234, 0.9135390603280511, 0.8941346659652815, 0.9017303297420829, 0.9921832144816237, 0.8368544600938967, 0.8382729601170874, 0.796587282101645, 0.8983644859813084]
Preds: [17, 17, 309, 309, 479, 479, 398, 360, 360, 252, 143, 465, 465, 458, 458, 192, 445, 351, 351, 351, 351, 432, 432, 330, 330, 434, 434, 434, 434, 434, 219, 219, 19, 19, 19, 19, 19, 19, 454, 454, 454, 442, 442, 442, 442, 442, 442, 102, 102, 102, 237, 237, 237, 237, 47, 82, 47, 47, 2, 392, 244, 73, 73, 73, 244, 244, 7, 7, 7, 309, 479, 479, 331, 278, 278, 215, 215, 129, 129, 196, 196, 70, 65, 46, 46, 46, 46, 438, 438, 175, 251, 241, 34, 166, 278, 278, 301, 26, 251, 251, 251, 251, 251, 241, 431, 106, 153, 153, 153, 153, 182, 182, 182, 182, 182, 497, 98, 14, 197, 197, 440, 345, 345, 345, 387, 122, 281, 36, 36, 342, 224, 168, 494, 154, 422, 236, 129, 401, 401, 82, 377, 377, 377, 106, 106, 481, 206, 206, 206, 167, 35, 35, 259, 401, 321, 354, 7, 251, 70, 65, 278, 171, 171, 171, 171, 171, 171, 171, 207, 207, 207, 207, 207, 454, 414, 414, 170, 170, 392, 392, 187, 187, 23, 23, 408, 408, 408, 23, 23, 408, 408, 244, 73, 392, 73, 73, 320, 209, 7, 287, 284, 460, 460, 460, 43, 43, 250, 250, 250, 250, 250, 138, 138, 138, 387, 387, 146, 146, 146, 146, 207, 207, 246, 246, 246, 246, 19, 143, 162, 338, 338, 338, 338, 338, 338, 400, 400, 400, 324, 324, 464, 286, 464, 464, 171, 171, 318, 99, 338, 338, 338, 338, 338, 338, 60, 374, 324, 464, 464, 464, 116, 10, 10, 10, 398, 398, 331, 331, 106, 84, 153, 426, 426, 426, 426, 426, 426, 413, 413, 43, 413, 282, 388, 303, 76, 259, 259, 465, 395, 395, 395, 374, 374, 355, 264, 264, 264, 139, 139, 387, 387, 43, 43, 182, 98, 98, 98, 13, 170, 414, 208, 106, 441, 441, 100, 375, 375, 98, 98, 98, 17, 17, 17, 414, 170, 392, 392, 392, 392, 392, 187, 187, 23, 187, 63, 63, 63, 63, 63, 63, 1, 1, 260, 260, 260, 260, 260, 63, 163, 244, 63, 63, 73, 73, 73, 320, 209, 287, 284, 460, 460, 460, 460, 284, 111, 111, 251, 24, 251, 241, 241, 241, 241, 241, 241, 431, 324, 171, 171, 360, 213, 246, 246, 246, 246, 246, 246, 246, 246, 246, 246, 186, 338, 338, 338, 338, 338, 400, 400, 400, 324, 286, 286, 286, 374, 337, 406, 337, 337, 380, 375, 375, 182, 497, 497, 122, 259, 259, 259, 259, 354, 354, 420, 106, 213, 213, 213, 213, 213, 143, 129, 129, 259, 20, 354, 354, 75, 114, 355, 251, 325, 34, 41, 19, 19, 19, 19, 19, 454, 32, 384, 384, 384, 213, 213, 213, 180, 443, 171, 252, 416, 32, 354, 180, 213, 213, 180, 464, 240, 240, 314, 239, 239, 354, 354, 371, 180, 213, 213, 213, 213, 213, 246, 246, 246, 246, 246, 454, 454, 229, 229, 414, 392, 47, 80, 47, 392, 47, 80, 80, 7, 80, 7, 420, 420, 213, 213, 213, 213, 213, 246, 246, 246, 246, 246, 19, 454, 229, 197, 32, 32, 32, 32, 371, 107, 395, 374, 374, 84, 264, 264, 264, 120, 120, 203, 203, 217, 217, 473, 473, 473, 473, 473, 278, 278, 213, 171, 324, 24, 24, 239, 384, 107, 107, 213, 213, 213, 213, 213, 374, 19, 454, 229, 229, 17, 219, 264, 171, 171, 171, 171, 171, 171, 171, 171, 171, 171, 171, 171, 171, 171, 171, 171, 171, 171, 171, 171, 171, 171, 171, 171, 171, 171, 171, 171, 171, 171, 171, 171, 171]

ep351
Train step Loss: [0.09913341701030731, 0.07213983684778214, 0.17651568353176117, 0.24428024888038635, 0.2867112457752228, 0.08835205435752869, 0.42436012625694275, 0.10744845122098923, 0.05218018591403961, 0.06904396414756775, 0.006438450422137976, 0.09262509644031525, 0.010619859211146832, 0.0832076445221901, 0.15270297229290009, 0.5009579062461853, 0.14080768823623657, 0.06086454540491104, 0.004564554430544376, 0.16805212199687958, 0.17741812765598297, 0.22966527938842773, 0.12372057139873505, 0.1725407838821411, 0.12466106563806534, 0.28221720457077026, 0.006329808849841356, 0.005439362023025751, 0.005503570195287466, 0.004914716351777315, 0.004169541876763105, 0.3418430685997009, 0.5242138504981995, 0.08426453918218613, 0.4468545913696289, 0.12952207028865814, 0.292556494474411, 0.08840286731719971, 0.32272952795028687, 0.17231051623821259, 0.3765665888786316, 0.3387756943702698, 0.31874585151672363, 0.4426087737083435, 0.1332997977733612, 0.1664944440126419, 0.3138859272003174, 0.3091847002506256, 0.34657299518585205, 0.18197284638881683, 0.05693095177412033, 0.18868641555309296, 0.005557944532483816, 0.5477223992347717, 0.12309344112873077, 0.13318397104740143, 0.10003893077373505, 0.14197345077991486, 0.14885543286800385, 0.10898545384407043, 0.11491098254919052, 0.005652451887726784, 0.5267142653465271]
val step Loss: [0.40351396799087524, 0.6621904969215393, 0.8326611518859863, 0.8497790098190308, 0.7489188313484192, 0.7816274166107178, 0.946827232837677, 0.5313145518302917, 0.48437005281448364, 0.5956294536590576, 0.15337087213993073, 0.2493189424276352, 0.3383515775203705, 0.6837467551231384, 0.7112569808959961, 0.4839875400066376]
Train step Accs: [0.9733746930334755, 0.9810404974973457, 0.9556636928899702, 0.9327409432672591, 0.9221055834474364, 0.977031154551008, 0.8861305188048164, 0.9730718571637641, 0.9870701903949985, 0.9841218405703176, 0.9996470795835539, 0.9774436090225563, 0.9989882931059402, 0.9787199742060293, 0.9624546866908338, 0.879562583123984, 0.9736371760500446, 0.9839213934792318, 1.0, 0.9559690493736183, 0.9546304957904583, 0.9370549700939903, 0.9703500144634076, 0.9559894622656129, 0.9681938035596572, 0.9215930304915992, 1.0, 1.0, 1.0, 1.0, 1.0, 0.9561133127843828, 0.9313147410358565, 0.990787269681742, 0.8938760452533202, 0.965526247061896, 0.920914383075394, 0.9759111528234006, 0.9162665913583733, 0.9518267929634642, 0.8987396161558293, 0.909769043178884, 0.9151010029665207, 0.8818936877076412, 0.9681294042280589, 0.9581420469889279, 0.9176023778071334, 0.9178730512249443, 0.9245149911816578, 0.9519373565546105, 0.9853954709550378, 0.947810163283992, 1.0, 0.8518313752591569, 0.965980884497003, 0.9641177495209894, 0.9736004245157867, 0.9635978088001413, 0.9601169901621909, 0.971710430871899, 0.9675443169968717, 1.0, 0.8680947012401353]
val step Accs: [0.908284023668639, 0.8461538461538461, 0.803722739269343, 0.8063099041533547, 0.8273716951788491, 0.8076225045372051, 0.7868162692847125, 0.8752417794970987, 0.8947576396206534, 0.8622068230277186, 0.96372446306967, 0.9426251331203408, 0.9156976744186046, 0.8454435969490165, 0.831081081081081, 0.8926784902228285]
Preds: [17, 17, 114, 5, 290, 171, 171, 171, 171, 171, 171, 252, 252, 422, 143, 143, 226, 226, 259, 441, 441, 148, 346, 387, 387, 372, 372, 406, 406, 406, 467, 134, 302, 497, 497, 413, 399, 217, 10, 10, 217, 217, 217, 473, 398, 398, 398, 286, 286, 286, 286, 286, 264, 468, 468, 468, 406, 467, 467, 499, 302, 302, 426, 98, 98, 263, 98, 263, 13, 13, 170, 170, 170, 392, 392, 392, 392, 63, 63, 63, 63, 63, 63, 63, 63, 63, 63, 63, 63, 63, 63, 63, 63, 63, 244, 289, 289, 289, 336, 320, 144, 7, 485, 374, 374, 280, 280, 280, 485, 213, 213, 213, 213, 246, 246, 246, 19, 19, 454, 454, 454, 414, 414, 82, 170, 392, 392, 392, 392, 392, 63, 63, 63, 63, 63, 63, 63, 63, 63, 63, 63, 63, 392, 244, 244, 289, 320, 320, 7, 7, 479, 398, 398, 360, 301, 143, 8, 129, 465, 354, 420, 420, 324, 422, 143, 314, 401, 401, 75, 66, 172, 172, 68, 115, 273, 444, 444, 444, 324, 301, 301, 314, 314, 76, 4, 4, 4, 261, 261, 25, 485, 444, 213, 213, 213, 246, 246, 246, 19, 19, 454, 454, 454, 454, 417, 80, 80, 392, 392, 392, 392, 392, 244, 80, 80, 75, 75, 108, 107, 119, 119, 351, 470, 403, 403, 403, 403, 171, 169, 178, 454, 454, 454, 226, 226, 226, 80, 80, 80, 80, 80, 320, 7, 7, 7, 7, 7, 236, 129, 129, 7, 7, 473, 473, 398, 398, 324, 360, 464, 464, 464, 139, 315, 319, 315, 315, 315, 315, 450, 450, 450, 43, 43, 364, 276, 276, 276, 276, 138, 138, 138, 182, 182, 182, 182, 182, 375, 98, 98, 98, 98, 381, 381, 426, 319, 319, 381, 303, 381, 381, 381, 241, 65, 426, 426, 284, 284, 284, 284, 284, 284, 284, 265, 480, 480, 480, 85, 85, 282, 282, 388, 388, 303, 303, 303, 212, 219, 398, 152, 152, 301, 422, 239, 75, 131, 34, 494, 255, 255, 130, 349, 349, 349, 234, 234, 261, 25, 25, 148, 148, 153, 153, 153, 182, 182, 182, 122, 497, 122, 88, 250, 153, 153, 497, 497, 43, 43, 43, 70, 354, 346, 46, 46, 428, 240, 175, 175, 241, 81, 166, 324, 286, 286, 468, 325, 325, 34, 337, 464, 464, 464, 443, 355, 460, 263, 263, 229, 229, 170, 170, 392, 392, 392, 392, 392, 63, 63, 63, 63, 63, 63, 63, 63, 63, 63, 63, 63, 63, 63, 63, 63, 63, 63, 63, 63, 63, 73, 73, 289, 289, 320, 320, 287, 287, 284, 284, 284, 284, 284, 284, 284, 284, 284, 284, 480, 480, 480, 85, 85, 85, 438, 240, 94, 94, 199, 324, 324, 324, 324, 464, 464, 464, 180, 315, 315, 315, 315, 450, 450, 43, 43, 276, 276, 276, 276, 138, 182, 182, 182, 182, 182, 182, 182, 182, 182, 182, 375, 375, 375, 375, 413, 251, 251, 251, 251, 241, 241, 132, 241, 88, 88, 241, 241, 426, 480, 480, 480, 480, 355, 282, 282, 282, 285, 282, 282, 282, 388, 303, 303, 303, 359, 303, 303, 303, 303, 303, 19, 454, 454, 229, 170, 170, 170, 187, 187, 292, 292, 102, 102, 102, 82, 75, 305, 305, 12, 12, 260, 392, 392, 392, 392, 392, 244, 289, 249, 320, 7, 7, 249, 249, 249, 249, 249, 201, 375, 98, 98, 249, 249, 249, 417, 170, 102, 102, 82, 237, 237, 40, 441, 441, 441, 375, 355, 355, 355, 385, 233, 13, 40, 40, 40, 40, 40, 40, 40, 40, 40, 40, 40, 40]

ep352
Train step Loss: [0.06196856498718262, 0.3644806146621704, 0.060663048177957535, 0.36084651947021484, 0.13765005767345428, 0.2790529131889343, 0.09446627646684647, 0.22604265809059143, 0.09515063464641571, 0.15590344369411469, 0.21997320652008057, 0.24485065042972565, 0.12267298251390457, 0.0072626471519470215, 0.05182930454611778, 0.30537110567092896, 0.317116379737854, 0.24363353848457336, 0.05072639510035515, 0.08399748802185059, 0.28819817304611206, 0.10963562875986099, 0.1570432186126709, 0.09999942034482956, 0.07508761435747147, 0.005620375741273165, 0.005766461603343487, 0.0062166424468159676, 0.005307029467076063, 0.007227066904306412, 0.006434812676161528, 0.004544945899397135, 0.004937904421240091, 0.37502792477607727, 0.5227706432342529, 0.005554985720664263, 0.23389554023742676, 0.049063440412282944, 0.21961115300655365, 0.3574642241001129, 0.09475824236869812, 0.10901021957397461, 0.24855537712574005, 0.23296670615673065, 0.1529988944530487, 0.14215634763240814, 0.38759592175483704, 0.2876712381839752, 0.0740085020661354, 0.19426776468753815, 0.17782002687454224, 0.17036235332489014, 0.1826716810464859, 0.03837593272328377, 0.09933628886938095, 0.302889883518219, 0.2567206025123596, 0.14368538558483124, 0.48287996649742126, 0.24517375230789185, 0.20002169907093048, 0.07720433920621872, 0.02635049633681774]
val step Loss: [0.7171244621276855, 0.6550837159156799, 0.3090267777442932, 0.9761227369308472, 0.5598482489585876, 0.7562004923820496, 0.6005920767784119, 0.4411983788013458, 0.8585931062698364, 0.6187429428100586, 0.2668114900588989, 0.7933315634727478, 0.6713120341300964, 0.8150737881660461, 0.3100956976413727, 0.03651292622089386]
Train step Accs: [0.9833857207004939, 0.9032727272727272, 0.9845505617977528, 0.9050549450549451, 0.9614914425427873, 0.9284270798248568, 0.9742712671029149, 0.9366671442900129, 0.9753086419753086, 0.9597126795752654, 0.9421560035056967, 0.9348274845178414, 0.9692396982008126, 0.9996539792387543, 0.986003790640035, 0.9173454399786354, 0.9180522565320665, 0.935036812472932, 0.9889216098723882, 0.9777811596408461, 0.9244138383341531, 0.9724731789949181, 0.9617896799477466, 0.9756559766763848, 0.9814621019584392, 0.999837925445705, 1.0, 1.0, 1.0, 0.999727631758137, 0.9998465787051243, 1.0, 1.0, 0.9573389996730958, 0.9420758600411644, 0.9998507017020006, 0.9713546479393828, 0.9882228597312396, 0.9424197263243463, 0.9077013521457966, 0.9784698713608666, 0.9750169952413325, 0.9380185456320156, 0.9362846503930492, 0.9622138601442458, 0.9632624113475178, 0.8995896032831737, 0.9205663189269747, 0.9814246014333772, 0.9507696390658175, 0.9546902142443544, 0.9546710195881467, 0.956998556998557, 0.9923698384201077, 0.9742695159180114, 0.9194600333687244, 0.9351007058013427, 0.962929338780451, 0.8840181393431359, 0.9331145491483044, 0.9476196790876542, 0.9802505526897568, 0.9932591843613077]
val step Accs: [0.8312366167023555, 0.847457627118644, 0.928371963138788, 0.7800135043889264, 0.8595769682726204, 0.8184865282970221, 0.8650519031141869, 0.8985224081084382, 0.8035833667602621, 0.8709391985842497, 0.9368992895946511, 0.8196698179765768, 0.8413783482142857, 0.8115922356454459, 0.9266765529741309, 0.9931079043721731]
Preds: [17, 7, 7, 217, 217, 217, 217, 473, 473, 65, 264, 264, 264, 264, 264, 264, 264, 468, 468, 468, 468, 337, 337, 337, 207, 19, 454, 197, 197, 197, 197, 197, 7, 7, 345, 109, 109, 264, 264, 468, 468, 337, 337, 337, 324, 434, 434, 339, 339, 94, 94, 199, 398, 340, 340, 116, 33, 33, 466, 250, 250, 250, 250, 138, 276, 138, 138, 182, 182, 497, 497, 497, 122, 8, 32, 32, 259, 208, 441, 441, 346, 481, 426, 426, 426, 206, 348, 348, 199, 313, 495, 250, 147, 495, 380, 134, 84, 375, 182, 182, 375, 375, 303, 98, 98, 48, 48, 48, 414, 414, 414, 170, 170, 170, 28, 28, 28, 2, 20, 47, 2, 2, 20, 2, 2, 2, 2, 2, 47, 20, 316, 316, 73, 73, 73, 373, 66, 172, 172, 172, 224, 267, 444, 152, 374, 374, 139, 139, 293, 293, 497, 169, 349, 349, 234, 234, 234, 234, 261, 25, 25, 451, 30, 324, 324, 464, 464, 464, 180, 486, 486, 486, 376, 376, 376, 460, 460, 282, 282, 203, 381, 381, 250, 250, 359, 429, 324, 324, 324, 324, 3, 464, 464, 440, 145, 315, 315, 315, 315, 315, 480, 480, 480, 282, 85, 299, 299, 450, 156, 495, 495, 495, 42, 406, 406, 406, 467, 134, 182, 182, 375, 375, 375, 98, 98, 48, 13, 13, 414, 414, 414, 170, 47, 47, 20, 47, 47, 47, 47, 47, 47, 80, 80, 73, 73, 73, 289, 320, 320, 7, 288, 278, 324, 301, 236, 314, 239, 239, 239, 384, 371, 485, 485, 374, 374, 139, 139, 139, 255, 240, 251, 251, 241, 431, 431, 151, 240, 240, 143, 36, 310, 107, 107, 395, 278, 154, 143, 129, 129, 458, 144, 144, 27, 437, 437, 499, 486, 486, 486, 460, 460, 460, 178, 215, 35, 35, 401, 441, 208, 100, 100, 100, 375, 375, 98, 98, 263, 13, 13, 170, 170, 170, 28, 28, 28, 28, 20, 2, 2, 2, 2, 2, 2, 2, 20, 2, 2, 2, 20, 163, 316, 73, 73, 289, 289, 20, 83, 287, 55, 460, 240, 215, 35, 77, 342, 342, 342, 224, 494, 196, 309, 94, 479, 331, 443, 443, 443, 271, 31, 342, 342, 342, 342, 273, 273, 151, 151, 151, 240, 240, 314, 239, 239, 384, 371, 371, 87, 26, 251, 8, 331, 431, 302, 302, 497, 497, 122, 8, 239, 458, 208, 441, 153, 153, 153, 426, 426, 387, 387, 387, 406, 406, 467, 337, 41, 41, 19, 19, 19, 19, 454, 414, 414, 414, 442, 442, 237, 47, 47, 47, 47, 47, 47, 47, 47, 80, 80, 80, 80, 80, 80, 289, 320, 7, 7, 309, 309, 217, 479, 473, 65, 264, 264, 264, 264, 264, 264, 264, 264, 468, 468, 468, 468, 468, 337, 337, 41, 41, 19, 19, 19, 454, 454, 17, 83, 470, 470, 470, 470, 470, 470, 470, 470, 470, 470, 470, 470, 470, 470, 470, 470, 470, 470, 470, 470, 470, 470, 470, 470, 470, 470, 470, 470, 470, 470, 470, 470, 470, 470, 470, 470, 470, 470, 470, 470, 470, 470, 470, 470, 470, 470, 470, 470, 403, 403, 403, 403, 403, 403, 403, 403, 403, 403, 403, 403, 403, 403, 403, 403, 403, 403, 403, 403, 403, 403, 403, 403, 403, 403, 403, 403, 403, 403, 403, 403, 403, 403, 403, 403, 403, 403, 403, 403, 403, 403, 403, 403, 403, 403, 403, 403, 403, 403, 403, 403, 403, 403, 403, 403, 403, 403, 403, 403, 403, 403, 403, 403, 403, 403, 403, 403, 403, 403, 403, 403, 403, 403, 403, 403, 403]

ep353
Train step Loss: [0.3011672794818878, 0.28490328788757324, 0.4217228293418884, 0.2032148689031601, 0.10949139297008514, 0.06475206464529037, 0.07087069004774094, 0.20530259609222412, 0.27302443981170654, 0.04490560293197632, 0.44294625520706177, 0.09575676172971725, 0.3779590427875519, 0.11763574182987213, 0.11165723949670792, 0.10702089220285416, 0.06269656121730804, 0.005309407599270344, 0.015449139289557934, 0.07600196450948715, 0.03594662621617317, 0.16476158797740936, 0.16062115132808685, 0.43794018030166626, 0.12514972686767578, 0.0056663621217012405, 0.006455435883253813, 0.005008638836443424, 0.004634424578398466, 0.21002620458602905, 0.11091190576553345, 0.04768550395965576, 0.06127861887216568, 0.047994762659072876, 0.07809355854988098, 0.27240028977394104, 0.12989439070224762, 0.4432845413684845, 0.005172763951122761, 0.25863930583000183, 0.22978359460830688, 0.23750652372837067, 0.005963526200503111, 0.07888993620872498, 0.061343058943748474, 0.38645556569099426, 0.06651444733142853, 0.030661355704069138, 0.008200966753065586, 0.05988256633281708, 0.14183443784713745, 0.0056227087043225765, 0.1410292237997055, 0.27240416407585144, 0.17368295788764954, 0.0059098294004797935, 0.004917270969599485, 0.14334465563297272, 0.3423033654689789, 0.020079581066966057, 0.16218148171901703, 0.2599981725215912, 0.004840617999434471]
val step Loss: [0.637344241142273, 0.45165061950683594, 0.09333167970180511, 0.36478492617607117, 0.4090849459171295, 0.5112766027450562, 0.836165726184845, 0.18376006186008453, 0.388954758644104, 0.5914871096611023, 0.431184858083725, 0.34246957302093506, 0.6755362153053284, 0.2018205225467682, 0.6400963068008423, 0.4153524339199066]
Train step Accs: [0.917766497461929, 0.9221612946368865, 0.8848210612916495, 0.9474448315911731, 0.9742917103882477, 0.9826788114080932, 0.982899841931312, 0.9464334893968603, 0.9247509578544061, 0.9879057924888606, 0.8786991869918699, 0.9739583333333334, 0.9045016913869373, 0.967040321231387, 0.9717481715187151, 0.9705324580598104, 0.9843450007384433, 1.0, 0.9971372804163956, 0.9798067214769941, 0.9915288973903539, 0.9619293434424907, 0.9542837201186529, 0.8871236193070056, 0.9646662171274444, 0.9998689212216542, 1.0, 1.0, 1.0, 0.9524880095923262, 0.9675880223757815, 0.9881161971830986, 0.9840401276789785, 0.9873745056282325, 0.9803688280785247, 0.9290418175831413, 0.9660963741955737, 0.8828010547905069, 1.0, 0.9317216117216117, 0.9363128491620112, 0.9360665137614679, 0.9998513453248105, 0.9783807961830923, 0.9839602826045446, 0.903559964983951, 0.9834310850439882, 0.9936260623229461, 0.999193765116904, 0.9841930116472546, 0.9617700180614088, 1.0, 0.9652931620144735, 0.9280983916745507, 0.955810147299509, 0.9998396407953817, 1.0, 0.9655739779774712, 0.9088576829597623, 0.9951543431442929, 0.9587564443055773, 0.9311348205625606, 1.0]
val step Accs: [0.8542872172540767, 0.8983596953719977, 0.9788492826504955, 0.9139843116040033, 0.9076130693706744, 0.8718559703468362, 0.7984515801497652, 0.9587226328266629, 0.9069734811281044, 0.8598643006263048, 0.9079438650701687, 0.9204515961588373, 0.8373829238495996, 0.9521374804715239, 0.8435502068446784, 0.9039152638547381]
Preds: [17, 217, 217, 217, 217, 473, 473, 65, 264, 264, 264, 264, 264, 264, 468, 468, 406, 467, 337, 337, 337, 337, 301, 385, 457, 129, 259, 7, 7, 8, 473, 109, 104, 468, 468, 468, 406, 337, 337, 337, 324, 434, 434, 339, 94, 94, 94, 199, 398, 324, 340, 340, 116, 94, 33, 250, 250, 106, 153, 153, 182, 182, 182, 182, 182, 182, 293, 497, 122, 143, 129, 129, 259, 144, 208, 27, 437, 437, 284, 426, 426, 426, 206, 306, 396, 396, 396, 406, 495, 495, 59, 467, 334, 59, 59, 375, 375, 303, 98, 98, 98, 263, 263, 263, 13, 417, 414, 170, 82, 170, 170, 170, 28, 244, 2, 2, 244, 12, 12, 163, 392, 63, 63, 392, 63, 244, 73, 73, 73, 320, 7, 7, 309, 479, 331, 398, 360, 360, 360, 434, 434, 434, 434, 434, 434, 434, 434, 3, 325, 188, 324, 324, 422, 422, 349, 349, 205, 205, 261, 25, 106, 284, 460, 460, 169, 150, 162, 342, 342, 232, 232, 342, 115, 273, 273, 470, 290, 171, 171, 360, 339, 339, 64, 398, 398, 398, 398, 398, 398, 286, 286, 286, 468, 285, 325, 337, 41, 324, 324, 324, 286, 286, 468, 325, 406, 467, 337, 41, 41, 41, 19, 19, 19, 19, 454, 454, 454, 229, 414, 414, 414, 170, 170, 312, 187, 187, 187, 187, 187, 12, 12, 12, 12, 392, 163, 163, 316, 391, 73, 73, 73, 73, 73, 320, 209, 83, 188, 188, 171, 171, 171, 171, 171, 246, 246, 464, 464, 464, 464, 120, 171, 240, 240, 314, 314, 239, 239, 239, 131, 106, 106, 106, 153, 497, 497, 43, 143, 129, 259, 208, 208, 100, 153, 153, 153, 182, 182, 182, 182, 182, 182, 375, 375, 375, 375, 98, 98, 13, 414, 414, 414, 414, 414, 414, 47, 249, 47, 244, 47, 47, 47, 244, 73, 73, 244, 73, 320, 425, 425, 425, 241, 331, 431, 374, 132, 132, 132, 132, 406, 313, 285, 34, 337, 213, 213, 213, 213, 213, 246, 246, 246, 246, 3, 3, 3, 197, 197, 197, 197, 197, 197, 197, 197, 197, 226, 226, 82, 209, 188, 188, 188, 278, 278, 278, 37, 37, 236, 314, 314, 32, 32, 32, 32, 32, 32, 32, 354, 354, 109, 286, 286, 286, 171, 286, 286, 286, 286, 468, 468, 468, 406, 406, 467, 337, 41, 324, 324, 3, 3, 3, 14, 14, 259, 440, 145, 145, 460, 460, 240, 385, 35, 36, 77, 342, 232, 232, 172, 115, 267, 267, 267, 267, 213, 213, 213, 213, 246, 19, 19, 454, 454, 229, 229, 414, 82, 312, 126, 126, 126, 292, 292, 408, 408, 408, 408, 408, 408, 408, 149, 392, 244, 73, 73, 289, 82, 83, 188, 188, 188, 264, 264, 264, 264, 468, 468, 406, 406, 467, 467, 337, 464, 464, 330, 388, 94, 251, 251, 241, 241, 431, 376, 376, 376, 376, 376, 376, 460, 460, 460, 263, 263, 263, 263, 225, 414, 414, 414, 226, 226, 209, 287, 287, 100, 100, 100, 375, 98, 143, 129, 129, 458, 458, 458, 208, 208, 441, 100, 426, 426, 426, 426, 426, 426, 98, 263, 263, 263, 193, 17, 188, 403, 403, 403, 403, 403, 403, 403, 403, 403, 403, 403, 403, 403, 403, 403, 403, 403, 403, 403, 403, 403, 403, 403, 403, 403, 403, 403, 403, 403, 403, 403, 403, 403, 403, 403, 403, 403, 403, 403, 403, 403, 403, 403, 403, 403, 403, 403, 403, 403, 403, 403, 403, 403, 403, 403, 403, 403, 403, 403, 403, 403, 403, 403, 403, 403, 403, 403, 403, 403, 403]

ep354
Train step Loss: [0.24080227315425873, 0.004882094915956259, 0.11721371114253998, 0.0840781107544899, 0.07413765788078308, 0.06673130393028259, 0.21954892575740814, 0.05772997811436653, 0.013244316913187504, 0.06362501531839371, 0.0811564102768898, 0.06896403431892395, 0.21611006557941437, 0.005135140381753445, 0.07161619514226913, 0.16300226747989655, 0.038366660475730896, 0.18041591346263885, 0.08946791291236877, 0.04096172749996185, 0.00473759276792407, 0.08624506741762161, 0.004781058523803949, 0.23978975415229797, 0.12621165812015533, 0.03344930335879326, 0.00434112036600709, 0.004739637020975351, 0.0050910236313939095, 0.004087843932211399, 0.0045564924366772175, 0.09474212676286697, 0.0045555103570222855, 0.087359219789505, 0.32544252276420593, 0.05141279473900795, 0.1649075746536255, 0.007564108818769455, 0.1274777501821518, 0.09280738979578018, 0.220860093832016, 0.09033449739217758, 0.16638611257076263, 0.4135407507419586, 0.02280283533036709, 0.14364495873451233, 0.02216610312461853, 0.2761226296424866, 0.05019969493150711, 0.05516285076737404, 0.14896012842655182, 0.007014420814812183, 0.33013615012168884, 0.1727897822856903, 0.16017036139965057, 0.3496324121952057, 0.3699634075164795, 0.8698671460151672, 0.005815176293253899, 0.28179705142974854, 0.15038150548934937, 0.016128158196806908, 0.7600441575050354]
val step Loss: [0.5307218432426453, 0.7171098589897156, 0.6857653856277466, 0.39769378304481506, 0.444237619638443, 0.6934462189674377, 0.4746417999267578, 0.44850820302963257, 0.9555650353431702, 0.8152695298194885, 0.8456181287765503, 0.17065508663654327, 0.694541871547699, 0.8909234404563904, 0.04179045557975769, 0.9644659757614136]
Train step Accs: [0.9357684568952175, 1.0, 0.9701704545454546, 0.9766856759476685, 0.9827823691460055, 0.9819747107882701, 0.9433073185097923, 0.9843832020997375, 0.9979039019671074, 0.9832468495181615, 0.97961713262636, 0.9812646370023419, 0.9424615384615385, 1.0, 0.9811550151975684, 0.9564680456931152, 0.9908052795491621, 0.949735827502499, 0.9761092150170648, 0.9903846153846154, 1.0, 0.9793325427748603, 1.0, 0.938744020984416, 0.9677916258227139, 0.9920392729202601, 1.0, 0.9998353638459005, 0.9997006436162251, 1.0, 0.9998642226748133, 0.9737790888233366, 0.9998394348105331, 0.9768950783351796, 0.9126074498567335, 0.9858238102126429, 0.9538185378590078, 0.9993843312297984, 0.9638069705093834, 0.9752504419563937, 0.937054804477395, 0.976068376068376, 0.9546460176991151, 0.8915127100986248, 0.9958382877526754, 0.9614802586325492, 0.9956226415094339, 0.9275576581904199, 0.9866095340117836, 0.9874177866742923, 0.959219020626673, 0.9993140348470297, 0.9088340273646639, 0.95375, 0.9602134146341463, 0.9079930994824612, 0.9026699986847297, 0.7694866920152091, 0.9997067878610174, 0.9254535656547512, 0.9602146315927235, 0.9965811965811966, 0.7996720415414048]
val step Accs: [0.8712193568927094, 0.8240727582776751, 0.8348810583895179, 0.9088663189678836, 0.907251019219569, 0.8470956719817767, 0.89137722944884, 0.8938369781312128, 0.7582700650759219, 0.8044855549923974, 0.806679764243615, 0.9589081303199296, 0.8443890274314214, 0.7797679112008072, 0.9885193982581156, 0.7774963056786997]
Preds: [17, 17, 287, 145, 284, 486, 460, 169, 169, 349, 349, 205, 234, 234, 234, 155, 25, 25, 148, 148, 148, 387, 387, 348, 399, 53, 473, 398, 398, 324, 360, 301, 339, 399, 399, 217, 217, 473, 398, 398, 360, 360, 360, 360, 360, 246, 246, 246, 246, 246, 19, 454, 454, 454, 414, 414, 414, 414, 170, 170, 47, 20, 47, 47, 47, 47, 80, 80, 80, 80, 20, 209, 188, 188, 171, 301, 339, 399, 399, 70, 70, 138, 138, 138, 138, 497, 43, 8, 32, 32, 354, 425, 425, 241, 431, 302, 496, 387, 274, 122, 8, 129, 129, 129, 259, 354, 420, 420, 360, 360, 360, 360, 434, 19, 19, 19, 19, 19, 48, 48, 48, 48, 417, 442, 442, 170, 20, 47, 20, 47, 47, 47, 20, 80, 80, 80, 80, 289, 20, 7, 7, 309, 309, 309, 473, 398, 398, 360, 360, 360, 434, 246, 246, 246, 246, 246, 19, 19, 454, 143, 414, 414, 226, 226, 226, 80, 7, 7, 32, 32, 32, 239, 445, 445, 445, 485, 286, 286, 286, 468, 468, 406, 406, 380, 380, 380, 499, 486, 315, 315, 315, 315, 450, 450, 450, 203, 203, 53, 53, 250, 70, 65, 138, 138, 138, 138, 182, 122, 98, 76, 186, 349, 349, 352, 234, 234, 234, 155, 155, 320, 7, 7, 309, 309, 182, 138, 138, 138, 497, 98, 197, 197, 197, 197, 7, 32, 239, 384, 371, 448, 278, 258, 31, 31, 342, 342, 342, 342, 224, 26, 26, 359, 359, 251, 359, 81, 166, 324, 422, 143, 129, 129, 478, 478, 172, 172, 115, 273, 273, 486, 486, 486, 460, 460, 169, 215, 35, 35, 401, 401, 441, 441, 441, 148, 43, 43, 276, 276, 182, 182, 182, 182, 182, 182, 182, 375, 375, 98, 98, 98, 13, 352, 352, 234, 234, 261, 441, 437, 437, 287, 481, 481, 98, 98, 98, 98, 98, 13, 17, 83, 83, 403, 403, 403, 403, 403, 403, 403, 403, 403, 403, 403, 403, 403, 403, 403, 403, 403, 403, 403, 403, 403, 403, 403, 403, 403, 403, 403, 403, 403, 403, 403, 403, 403, 403, 403, 403, 403, 403, 403, 403, 403, 403, 403, 403, 403, 403, 403, 403, 403, 403, 403, 403, 403, 403, 403, 403, 403, 403, 403, 403, 403, 403, 403, 403, 403, 403, 403, 403, 403, 403, 403, 403, 403, 403, 403, 403, 403, 403, 403, 403, 403, 403, 403, 403, 403, 403, 403, 403, 403, 403, 403, 403, 403, 403, 403, 403, 403, 403, 403, 403, 403, 403, 403, 403, 403, 403, 403, 403, 403, 403, 403, 403, 403, 403, 403, 403, 403, 403, 403, 403, 403, 403, 403, 403, 403, 403, 403, 403, 403, 403, 403, 403, 403, 403, 403, 403, 403, 403, 403, 403, 403, 403, 403, 403, 403, 403, 403, 403, 403, 403, 403, 403, 403, 403, 403, 403, 403, 403, 403, 403, 403, 403, 403, 403, 403, 403, 403, 403, 403, 403, 403, 403, 403, 403, 403, 403, 403, 403, 403, 403, 403, 403, 403, 403, 403, 403, 403, 403, 403, 403, 403, 403, 403, 403, 403, 403, 403, 403, 403, 403, 403, 403, 403, 403, 403, 403, 403, 403, 403, 403, 403, 403, 403, 403, 403, 403, 403, 403, 403, 403, 403, 403, 403, 403, 403, 403, 403, 403, 403, 403, 403, 403, 403, 403, 403, 403, 403, 403, 403, 403, 403, 403, 403, 403, 403, 403, 403, 403, 403, 403, 403, 403, 403, 403, 403, 403, 403, 403, 403, 403, 403, 403, 403, 403, 403, 403, 403, 403, 403, 403, 403, 403, 403, 403, 403, 403, 403, 403, 403]

ep355
Train step Loss: [0.007371653337031603, 0.15291976928710938, 0.1934785097837448, 0.08013533800840378, 0.004604997579008341, 0.006020660512149334, 0.22532710433006287, 0.2569245994091034, 0.49968042969703674, 0.21065540611743927, 0.27889731526374817, 0.14824150502681732, 0.13377784192562103, 0.007181977853178978, 0.10175403207540512, 0.08815738558769226, 0.004379710648208857, 0.12174657732248306, 0.004421071149408817, 0.06569208949804306, 0.16379041969776154, 0.061091482639312744, 0.005397513508796692, 0.00474465312436223, 0.12842796742916107, 0.07493409514427185, 0.003384386422112584, 0.11248527467250824, 0.043501149863004684, 0.11954551935195923, 0.026653725653886795, 0.03140366077423096, 0.28953781723976135, 0.0749949961900711, 0.08266042917966843, 0.33619460463523865, 0.007366503123193979, 0.004287068732082844, 0.2699804902076721, 0.40265336632728577, 0.1385030448436737, 0.00416328152641654, 0.29083943367004395, 0.2662302255630493, 0.10673690587282181, 0.10310851782560349, 0.11085942387580872, 0.01604723371565342, 0.12675099074840546, 0.29846978187561035, 0.09643198549747467, 0.3039613664150238, 0.004998162854462862, 0.0044041345827281475, 0.10265003889799118, 0.05506483092904091, 0.22380618751049042, 0.06550325453281403, 0.17916543781757355, 0.009845525957643986, 0.12447753548622131, 0.3024975061416626, 0.2958502769470215]
val step Loss: [0.33356356620788574, 0.5103574991226196, 0.11402048915624619, 0.612326979637146, 0.2911582291126251, 0.347120076417923, 0.49909543991088867, 0.4826659560203552, 0.8234411478042603, 1.2398747205734253, 0.4677363634109497, 0.25127214193344116, 0.3343923091888428, 0.5567762851715088, 0.7865616679191589, 0.12054972350597382]
Train step Accs: [0.9989663319551093, 0.9583283439109088, 0.9476197163319758, 0.979757085020243, 1.0, 0.9998414460123672, 0.9364668679028317, 0.9291736930860034, 0.8613149187167314, 0.9481536189069424, 0.9322645290581162, 0.9608894496136257, 0.966774841600989, 0.9995247148288974, 0.9727456258411844, 0.9769385026737968, 1.0, 0.9664555139648718, 1.0, 0.9832672831351827, 0.9553296776782132, 0.9839052939611599, 0.9998521147589471, 1.0, 0.9654647801612658, 0.9783161558024361, 1.0, 0.9719303747843814, 0.9900684471882969, 0.9702349172450614, 0.994198694706309, 0.9937309690130754, 0.9267578125, 0.9787533197937822, 0.9783260632497274, 0.9105633802816901, 0.9994085465030312, 1.0, 0.9271683288002418, 0.8900452488687782, 0.9630196023912136, 1.0, 0.9258640841542829, 0.9243327654741624, 0.9725848563968669, 0.97141619748809, 0.9712847838957963, 0.9967741935483871, 0.9670960732577991, 0.913024850042845, 0.9742310889443059, 0.9182868413637645, 0.9998551774076756, 1.0, 0.9727738629083921, 0.9846687879664449, 0.9412512357011722, 0.9836629406706793, 0.9558001082446329, 0.998180036399272, 0.9663019693654267, 0.9136021267168808, 0.9177921315325895]
val step Accs: [0.9162407722884724, 0.8813703284258211, 0.977936719602376, 0.8593621116304647, 0.9314685314685315, 0.9200472627018511, 0.8821709423746293, 0.888623595505618, 0.8045372803983953, 0.6988132417239226, 0.8859888139968449, 0.9428609841355203, 0.9187037295711692, 0.8626048686563059, 0.8247534117011215, 0.9714534757027675]
Preds: [17, 17, 251, 251, 251, 241, 241, 431, 486, 486, 460, 240, 150, 35, 36, 449, 371, 494, 191, 278, 99, 99, 338, 338, 338, 447, 400, 400, 298, 298, 324, 464, 464, 464, 180, 355, 282, 282, 282, 282, 240, 146, 219, 219, 219, 464, 464, 464, 464, 84, 153, 43, 43, 43, 345, 109, 109, 109, 109, 41, 207, 246, 246, 246, 3, 3, 3, 197, 197, 259, 259, 354, 420, 420, 420, 324, 324, 464, 464, 464, 464, 139, 315, 319, 319, 319, 319, 319, 450, 413, 413, 43, 43, 43, 276, 276, 276, 346, 346, 346, 346, 284, 265, 265, 265, 265, 480, 480, 480, 282, 282, 282, 299, 299, 203, 406, 406, 467, 467, 467, 467, 337, 275, 275, 41, 19, 19, 358, 465, 131, 131, 134, 134, 302, 134, 375, 349, 349, 349, 155, 25, 441, 441, 148, 148, 153, 153, 153, 182, 182, 182, 387, 387, 387, 406, 406, 406, 134, 16, 16, 16, 100, 375, 375, 98, 98, 98, 98, 13, 170, 170, 170, 170, 170, 82, 28, 28, 187, 187, 12, 12, 12, 23, 23, 260, 391, 391, 244, 73, 73, 73, 244, 321, 320, 412, 420, 444, 213, 213, 213, 213, 213, 246, 246, 252, 422, 36, 310, 310, 310, 323, 323, 395, 395, 374, 374, 374, 374, 374, 132, 182, 182, 375, 98, 98, 98, 98, 48, 13, 170, 170, 170, 244, 28, 2, 2, 2, 2, 2, 244, 184, 244, 73, 73, 321, 321, 287, 287, 287, 287, 284, 111, 111, 206, 240, 348, 285, 199, 134, 302, 293, 497, 122, 122, 122, 75, 75, 127, 241, 180, 443, 443, 443, 443, 178, 178, 35, 96, 77, 342, 342, 115, 273, 273, 273, 486, 486, 486, 460, 460, 169, 169, 150, 150, 342, 232, 232, 232, 172, 115, 115, 267, 267, 267, 267, 267, 324, 324, 3, 3, 3, 188, 188, 464, 120, 271, 271, 271, 31, 162, 232, 232, 172, 172, 115, 273, 273, 106, 499, 265, 265, 265, 85, 85, 85, 299, 59, 59, 59, 303, 48, 263, 17, 188, 403, 403, 403, 403, 403, 403, 403, 403, 403, 403, 403, 403, 403, 403, 403, 403, 403, 403, 403, 403, 403, 403, 403, 403, 403, 403, 403, 403, 403, 403, 403, 403, 403, 403, 403, 403, 403, 403, 403, 403, 403, 403, 403, 403, 403, 403, 403, 403, 403, 403, 403, 403, 403, 403, 403, 403, 403, 403, 403, 403, 403, 403, 403, 403, 403, 403, 403, 403, 403, 403, 403, 403, 403, 403, 403, 403, 403, 403, 403, 403, 403, 403, 403, 403, 403, 403, 403, 403, 403, 403, 403, 403, 403, 403, 403, 403, 403, 403, 403, 403, 403, 403, 403, 403, 403, 403, 403, 403, 403, 403, 403, 403, 403, 403, 403, 403, 403, 403, 403, 403, 403, 403, 403, 403, 403, 403, 403, 403, 403, 403, 403, 403, 403, 403, 403, 403, 403, 403, 403, 403, 403, 403, 403, 403, 403, 403, 403, 403, 403, 403, 403, 403, 403, 403, 403, 403, 403, 403, 403, 403, 403, 403, 403, 403, 403, 403, 403, 403, 403, 403, 403, 403, 403, 403, 403, 403, 403, 403, 403, 403, 403, 403, 403, 403, 403, 403, 403, 403, 403, 403, 403, 403, 403, 403, 403, 403, 403, 403, 403, 403, 403, 403, 403, 403, 403, 403, 403, 403, 403, 403, 403, 403, 403, 403, 403, 403, 403, 403, 403, 403, 403, 403, 403, 403, 403, 403, 403, 403, 403, 403, 403, 403, 403, 403, 403, 403, 403, 403, 403, 403, 403, 403, 403, 403, 403, 403, 403, 403, 403, 403, 403, 403, 403, 403, 403, 403]

ep356
Train step Loss: [0.0037219710648059845, 0.030963338911533356, 0.07328686863183975, 0.00456076068803668, 0.24350062012672424, 0.004061970394104719, 0.07789069414138794, 0.1655891239643097, 0.05118668079376221, 0.1813092678785324, 0.04961218312382698, 0.02570761740207672, 0.09403841942548752, 0.005266847554594278, 0.07017780840396881, 0.0048257336020469666, 0.003852677531540394, 0.11241772025823593, 0.32458558678627014, 0.003608959959819913, 0.08719971776008606, 0.003566887229681015, 0.013204872608184814, 0.08891981095075607, 0.006570890545845032, 0.25737401843070984, 0.006863236892968416, 0.06235472857952118, 0.31197282671928406, 0.003826944390311837, 0.027878154069185257, 0.003996771760284901, 0.10624708980321884, 0.0034893357660621405, 0.017809413373470306, 0.15271607041358948, 0.14191998541355133, 0.13483840227127075, 0.003646046156063676, 0.004245598800480366, 0.004644105210900307, 0.1797700673341751, 0.17737755179405212, 0.11125139147043228, 0.003295149188488722, 0.1396750658750534, 0.15088395774364471, 0.003422871697694063, 0.09908498823642731, 0.2503708600997925, 0.10954974591732025, 0.11659514158964157, 0.1311996430158615, 0.055914465337991714, 0.2008771300315857, 0.0032892131712287664, 0.03283040225505829, 0.05446956679224968, 0.06688250601291656, 0.0044640772975981236, 0.004641697742044926, 0.01871350035071373, 0.0033125898335129023]
val step Loss: [0.4780450463294983, 0.47661730647087097, 0.49192818999290466, 0.2573120594024658, 0.20769083499908447, 0.11626636236906052, 0.34234997630119324, 0.20747795701026917, 0.48824363946914673, 0.3645640015602112, 0.364501029253006, 0.3228999972343445, 0.44286635518074036, 0.008377771824598312, 0.2733832001686096, 0.5276665091514587]
Train step Accs: [1.0, 0.9926007125239792, 0.9806524502188957, 0.9998335275511903, 0.9323755623276738, 1.0, 0.9795438838977194, 0.9538344722854973, 0.9859492803289924, 0.9508573178199633, 0.9862050311063024, 0.9948792977322605, 0.9738605898123325, 0.9998475144861239, 0.9796652372388989, 1.0, 1.0, 0.970287057243579, 0.9167122538293216, 1.0, 0.976754716981132, 1.0, 0.996784048882457, 0.9787019956397787, 0.9993983152827918, 0.9271343822543203, 0.999140154772141, 0.9827252419955324, 0.9137122765895107, 1.0, 0.9935666091322768, 1.0, 0.9707940780619112, 1.0, 0.9966767371601208, 0.9632022471910112, 0.965318869165023, 0.9633112582781457, 1.0, 0.9998474446987032, 0.9998512568793694, 0.9528130671506352, 0.9511471827688466, 0.9703565802663612, 1.0, 0.9654121388815267, 0.957774607703281, 1.0, 0.97154001733603, 0.9332380828679049, 0.9689818937370139, 0.9709523809523809, 0.9681564245810056, 0.9857898215465961, 0.9449101796407186, 1.0, 0.9914072404564023, 0.9862769315218883, 0.9817221190918178, 0.9998419721871049, 0.9998210130660462, 0.9960495600646435, 1.0]
val step Accs: [0.8888182165118942, 0.897512573059671, 0.8844058121432278, 0.9405509288917361, 0.9541248016922264, 0.9711039416467948, 0.9177441969154074, 0.9510630267958233, 0.8913754744143437, 0.9159617251421439, 0.9179992324421133, 0.9283422459893048, 0.8912610304582977, 0.9989725524732129, 0.9337123838579947, 0.8728443320303518]
Preds: [17, 17, 212, 465, 384, 445, 180, 443, 330, 240, 17, 67, 76, 465, 192, 445, 351, 432, 330, 330, 330, 330, 35, 35, 465, 183, 451, 451, 451, 360, 360, 360, 213, 422, 186, 31, 162, 54, 232, 232, 232, 172, 115, 273, 273, 273, 151, 486, 120, 85, 146, 146, 219, 219, 219, 219, 477, 477, 464, 69, 223, 43, 43, 43, 364, 364, 276, 276, 345, 109, 109, 109, 324, 324, 464, 301, 422, 422, 349, 349, 205, 261, 25, 437, 106, 284, 284, 85, 85, 85, 299, 203, 399, 250, 276, 65, 65, 174, 372, 372, 372, 468, 468, 467, 467, 467, 486, 376, 376, 376, 376, 460, 263, 263, 263, 263, 414, 170, 170, 170, 170, 170, 28, 28, 2, 2, 2, 2, 2, 249, 163, 163, 73, 73, 73, 321, 321, 412, 83, 83, 55, 253, 253, 169, 150, 150, 9, 142, 142, 397, 494, 494, 494, 186, 99, 99, 338, 338, 338, 338, 400, 400, 444, 444, 171, 324, 246, 246, 246, 246, 318, 99, 99, 338, 338, 338, 338, 400, 400, 400, 30, 301, 301, 378, 378, 88, 88, 497, 497, 122, 129, 259, 192, 192, 420, 420, 420, 301, 252, 143, 458, 192, 183, 485, 485, 485, 286, 286, 301, 301, 173, 173, 465, 280, 381, 41, 429, 429, 213, 19, 19, 19, 454, 454, 454, 414, 80, 321, 321, 7, 7, 309, 309, 479, 398, 398, 360, 360, 360, 434, 360, 286, 286, 464, 264, 468, 468, 468, 132, 42, 43, 43, 88, 88, 346, 174, 426, 125, 125, 348, 348, 94, 398, 398, 464, 464, 222, 245, 245, 43, 43, 43, 276, 276, 174, 174, 387, 293, 293, 175, 175, 241, 199, 331, 331, 443, 376, 376, 376, 282, 282, 263, 263, 13, 78, 78, 170, 170, 20, 2, 392, 392, 392, 244, 392, 392, 244, 244, 73, 73, 244, 73, 321, 320, 320, 7, 147, 147, 380, 380, 374, 132, 132, 43, 182, 182, 182, 497, 497, 122, 122, 122, 129, 259, 164, 411, 287, 287, 106, 284, 284, 405, 405, 206, 206, 167, 167, 35, 35, 77, 77, 66, 172, 172, 115, 115, 267, 267, 286, 464, 464, 468, 139, 139, 293, 318, 186, 368, 49, 323, 9, 107, 395, 395, 286, 464, 464, 264, 120, 120, 120, 120, 240, 240, 457, 457, 345, 100, 497, 497, 122, 122, 212, 465, 161, 161, 487, 487, 374, 374, 132, 132, 132, 98, 98, 13, 17, 188, 403, 403, 403, 403, 470, 470, 470, 470, 403, 403, 403, 403, 403, 403, 403, 403, 403, 403, 403, 403, 403, 403, 403, 403, 403, 403, 403, 403, 403, 403, 403, 403, 403, 403, 403, 403, 403, 403, 403, 403, 403, 403, 403, 403, 403, 403, 403, 403, 403, 403, 403, 403, 403, 403, 403, 403, 403, 403, 403, 403, 403, 403, 403, 403, 403, 403, 403, 403, 403, 403, 403, 403, 403, 403, 403, 403, 403, 403, 403, 403, 403, 403, 403, 403, 403, 403, 403, 403, 403, 403, 403, 403, 403, 403, 403, 403, 403, 403, 403, 403, 403, 403, 403, 403, 403, 403, 403, 403, 403, 403, 403, 403, 403, 403, 403, 403, 403, 403, 403, 403, 403, 403, 403, 403, 403, 403, 403, 403, 403, 403, 403, 403, 403, 403, 403, 403, 403, 403, 403, 403, 403, 403, 403, 403, 403, 403, 403, 403, 403, 403, 403, 403, 403, 403, 403, 403, 403, 403, 403, 403, 403, 403, 403, 403, 403, 403, 403, 403, 403, 403, 403, 403, 403, 403, 403, 403, 403, 403, 403, 403, 403, 403, 403, 403, 403, 403, 403, 403, 403, 403, 403, 403]

ep357
Train step Loss: [0.003628020640462637, 0.058704230934381485, 0.06678631156682968, 0.09062854200601578, 0.12332528084516525, 0.0035095768980681896, 0.009560317732393742, 0.0032657275442034006, 0.1064152643084526, 0.1839699000120163, 0.13686522841453552, 0.05107764154672623, 0.014557900838553905, 0.02191437967121601, 0.30622559785842896, 0.04812555015087128, 0.22262033820152283, 0.06122330203652382, 0.004010630771517754, 0.12164583057165146, 0.057955123484134674, 0.19238562881946564, 0.08418955653905869, 0.0778985396027565, 0.005440025590360165, 0.06484770774841309, 0.019826341420412064, 0.07071235775947571, 0.08343049138784409, 0.17497478425502777, 0.0034316382370889187, 0.051227740943431854, 0.16954529285430908, 0.0032709240913391113, 0.025581587105989456, 0.0033154021948575974, 0.06997843831777573, 0.2934965491294861, 0.12711991369724274, 0.0037189333233982325, 0.02392123080790043, 0.06839841604232788, 0.19512325525283813, 0.34478601813316345, 0.09755946695804596, 0.30117589235305786, 0.07424387335777283, 0.0768054872751236, 0.0037181631196290255, 0.14255614578723907, 0.0030867811292409897, 0.003543843049556017, 0.003984551411122084, 0.05055970326066017, 0.002735007321462035, 0.11423443257808685, 0.0376654788851738, 0.002890055999159813, 0.0647302120923996, 0.12137219309806824, 0.19512413442134857, 0.1442980319261551, 0.13956911861896515]
val step Loss: [0.5380989909172058, 0.5448253154754639, 0.556816577911377, 0.18420496582984924, 0.7137264013290405, 0.16362936794757843, 0.19301849603652954, 0.6385491490364075, 0.6501941084861755, 0.8171122670173645, 0.09575725346803665, 0.5121320486068726, 0.06516927480697632, 0.4964166283607483, 0.50175940990448, 0.440951943397522]
Train step Accs: [1.0, 0.9858970630997383, 0.9820359281437125, 0.9747515444533978, 0.9697284463570263, 0.9998688008396747, 0.9978383771200532, 1.0, 0.970408491476359, 0.9481246955674623, 0.966053108026554, 0.985381861575179, 0.9965933286018452, 0.995811225914549, 0.9236225668096338, 0.9856545961002785, 0.939502268664925, 0.9823421387201582, 0.9998385534388118, 0.9711584681941996, 0.9843160034853325, 0.9450053134962806, 0.9771129394166044, 0.9806594800253646, 0.999835255354201, 0.9821972002434571, 0.9963797926608524, 0.9787136294027565, 0.9769190871369294, 0.9529957928333092, 1.0, 0.9876666666666667, 0.9570594297492271, 1.0, 0.9938697318007663, 1.0, 0.9800552316661553, 0.9280247516691092, 0.9657039711191335, 0.9998111425873466, 0.9945954538229216, 0.9813068373189626, 0.9468039468039467, 0.9049477134384267, 0.9723764980999707, 0.9184238879482838, 0.9816906895208415, 0.9786096256684492, 1.0, 0.9598412698412698, 1.0, 1.0, 0.9998611689573789, 0.9872527472527473, 1.0, 0.9703111618612618, 0.9906071331336782, 1.0, 0.9827099938687921, 0.9666666666666667, 0.9450127877237852, 0.9600812890114676, 0.9650735294117647]
val step Accs: [0.8773530263538951, 0.874356333676622, 0.8630832999064046, 0.960351844558225, 0.8347633905356214, 0.9609067463010723, 0.9551195915076592, 0.8460905349794239, 0.8473057724305645, 0.8100133511348465, 0.9801218339211286, 0.8856492027334852, 0.9848012470771629, 0.8811206785760185, 0.8848385469223007, 0.8942534149788036]
Preds: [17, 17, 320, 7, 251, 241, 479, 331, 443, 432, 330, 330, 330, 330, 348, 64, 64, 398, 398, 398, 324, 324, 324, 301, 301, 301, 10, 309, 479, 331, 331, 106, 106, 284, 481, 481, 481, 481, 293, 426, 375, 375, 98, 98, 98, 263, 13, 13, 13, 414, 414, 414, 82, 82, 82, 187, 187, 187, 187, 12, 12, 12, 12, 260, 260, 391, 391, 289, 321, 321, 320, 320, 83, 287, 287, 486, 486, 460, 460, 460, 169, 150, 35, 342, 224, 168, 494, 494, 422, 99, 99, 99, 338, 338, 338, 338, 400, 400, 400, 30, 213, 246, 246, 246, 246, 422, 99, 99, 338, 338, 338, 338, 400, 400, 400, 286, 374, 374, 374, 378, 132, 345, 345, 345, 389, 313, 236, 35, 35, 239, 259, 259, 354, 420, 420, 420, 213, 213, 324, 246, 301, 339, 10, 217, 473, 473, 398, 290, 360, 360, 434, 434, 339, 76, 310, 310, 107, 107, 395, 395, 41, 41, 41, 19, 19, 19, 454, 454, 454, 13, 414, 414, 414, 414, 237, 237, 237, 237, 249, 47, 47, 47, 47, 163, 163, 391, 73, 244, 244, 321, 321, 412, 287, 287, 287, 486, 486, 460, 460, 460, 167, 35, 35, 35, 196, 473, 473, 398, 324, 324, 324, 434, 3, 143, 76, 458, 445, 445, 445, 445, 445, 445, 485, 485, 374, 374, 374, 132, 132, 132, 250, 81, 398, 398, 464, 464, 464, 301, 301, 143, 196, 70, 65, 65, 480, 46, 46, 46, 85, 146, 146, 438, 318, 368, 99, 99, 338, 338, 338, 338, 400, 400, 400, 485, 301, 301, 374, 378, 88, 100, 100, 497, 497, 497, 497, 497, 43, 345, 219, 420, 324, 324, 324, 301, 301, 301, 250, 250, 345, 65, 65, 174, 319, 319, 319, 348, 251, 265, 265, 265, 85, 85, 85, 264, 264, 468, 468, 468, 467, 467, 499, 486, 169, 169, 150, 150, 150, 232, 232, 232, 172, 172, 115, 267, 267, 267, 267, 267, 324, 324, 3, 3, 3, 3, 188, 188, 171, 171, 171, 171, 171, 271, 31, 31, 162, 232, 232, 172, 115, 273, 273, 273, 437, 265, 265, 265, 85, 85, 85, 85, 299, 59, 59, 59, 452, 452, 452, 452, 17, 188, 470, 470, 470, 470, 470, 470, 470, 470, 470, 470, 470, 470, 470, 470, 470, 470, 470, 470, 470, 470, 470, 470, 470, 470, 470, 470, 470, 470, 470, 470, 470, 470, 470, 470, 470, 470, 470, 470, 470, 470, 470, 470, 470, 470, 470, 470, 470, 470, 470, 470, 470, 470, 470, 470, 470, 470, 470, 470, 470, 470, 470, 470, 470, 470, 470, 470, 470, 470, 470, 470, 470, 470, 470, 470, 470, 470, 470, 470, 470, 470, 470, 470, 470, 470, 470, 470, 470, 470, 470, 470, 470, 470, 470, 470, 470, 470, 470, 470, 470, 470, 470, 470, 470, 470, 470, 470, 470, 470, 470, 470, 470, 470, 470, 470, 470, 470, 470, 470, 470, 470, 470, 470, 470, 470, 470, 470, 470, 470, 470, 470, 470, 470, 470, 403, 403, 403, 403, 403, 403, 403, 403, 403, 403, 403, 403, 403, 403, 403, 403, 403, 403, 403, 403, 403, 403, 403, 403, 403, 403, 403, 403, 403, 403, 403, 403, 403, 403, 403, 403, 403, 403, 403, 403, 403, 403, 403, 403, 403, 403, 403, 403, 403, 403, 403, 403, 403, 403, 403, 403, 403, 403, 403, 403, 403, 403, 403, 403, 403, 403, 403, 403, 403, 403, 403, 403, 403, 403, 403, 403, 403, 403, 403, 403, 403, 403, 403, 403, 403, 403, 403, 403, 403, 403, 403, 403, 403, 403, 403, 403, 403]

ep358
Train step Loss: [0.017928075045347214, 0.4129714071750641, 0.10117237269878387, 0.22165337204933167, 0.07536367326974869, 0.2932617962360382, 0.3704361319541931, 0.003018088871613145, 0.10742593556642532, 0.07559283077716827, 0.1917566955089569, 0.0034991917200386524, 0.2775576412677765, 0.08323610574007034, 0.004063402768224478, 0.003187557216733694, 0.17983593046665192, 0.24381937086582184, 0.00321966246701777, 0.003007100196555257, 0.003006173297762871, 0.11217916756868362, 0.002762685064226389, 0.2767797112464905, 0.0028347361367195845, 0.20000705122947693, 0.12396010756492615, 0.00322164548560977, 0.03283708915114403, 0.21344195306301117, 0.26720109581947327, 0.08646443486213684, 0.19699783623218536, 0.002857979852706194, 0.0586545392870903, 0.02756381779909134, 0.14942584931850433, 0.11215750128030777, 0.43971797823905945, 0.0036042137071490288, 0.11916901916265488, 0.07347145676612854, 0.16347016394138336, 0.2769096791744232, 0.15155906975269318, 0.10415241867303848, 0.38985690474510193, 0.1283065527677536, 0.10617129504680634, 0.044805556535720825, 0.0035062830429524183, 0.34190085530281067, 0.4043446481227875, 0.10018250346183777, 0.08720947057008743, 0.15712496638298035, 0.14037078619003296, 0.15748105943202972, 0.06884102523326874, 0.0033545480109751225, 0.0027630894910544157, 0.10697611421346664, 0.131667360663414]
val step Loss: [0.4605399966239929, 0.11957626789808273, 0.6309174299240112, 0.11760109663009644, 0.48044753074645996, 0.18210826814174652, 0.4534754455089569, 0.21984125673770905, 0.5831019878387451, 0.30538901686668396, 0.293197363615036, 0.2960709035396576, 0.49293285608291626, 0.4025721251964569, 0.23099076747894287, 0.4458777904510498]
Train step Accs: [0.9952889012054871, 0.8899353387686253, 0.972074050831503, 0.9377375802857517, 0.9805125467164976, 0.9188418199971473, 0.8967362924281984, 1.0, 0.9727301387137453, 0.9781794706262105, 0.9511479371655446, 1.0, 0.9245252394091868, 0.9765677908709197, 1.0, 1.0, 0.9503088152723189, 0.9375303447159734, 1.0, 1.0, 1.0, 0.9678499665103818, 1.0, 0.9232256282794808, 1.0, 0.9475884724503509, 0.968137600451149, 1.0, 0.9909104455371778, 0.9474444645114684, 0.9264660730733804, 0.9754680438992899, 0.9445557782231129, 1.0, 0.9847349823321555, 0.9938271604938271, 0.9604430379746836, 0.9688971322585248, 0.8936004970487729, 0.999859432105707, 0.9681215551914196, 0.9828850855745721, 0.9553480475382004, 0.9268922018348624, 0.9580353528538659, 0.9723461195361285, 0.8899844317592112, 0.9675218745365565, 0.9693486590038314, 0.9885474050449405, 0.9998380042118905, 0.9098062071980184, 0.8938736785036595, 0.9727272727272728, 0.9757201025486352, 0.9563400576368876, 0.9600382104760389, 0.9587310912028199, 0.9807718165927121, 1.0, 1.0, 0.9713587620469663, 0.96523306721607]
val step Accs: [0.8931804465902233, 0.9738580077050083, 0.8453078131695472, 0.9742296154895009, 0.892228540481993, 0.9584842574533297, 0.8881519053192873, 0.9493572866656342, 0.872883563427976, 0.9329293485745765, 0.9270019171213685, 0.9293893129770993, 0.8819803516028956, 0.9011936339522546, 0.9483058210251955, 0.8969879518072289]
Preds: [17, 17, 17, 66, 482, 482, 482, 482, 172, 172, 115, 273, 273, 486, 486, 460, 460, 460, 178, 35, 35, 35, 36, 192, 445, 445, 451, 30, 213, 219, 219, 219, 464, 464, 464, 278, 271, 31, 31, 342, 342, 342, 164, 164, 114, 277, 277, 277, 385, 457, 129, 129, 129, 196, 217, 473, 473, 429, 290, 171, 171, 246, 246, 3, 19, 19, 454, 454, 454, 225, 226, 414, 414, 226, 226, 287, 287, 287, 287, 284, 284, 284, 284, 284, 85, 85, 85, 85, 468, 468, 468, 468, 468, 468, 59, 59, 59, 245, 452, 263, 263, 225, 225, 225, 225, 225, 225, 226, 80, 7, 32, 32, 239, 107, 107, 395, 395, 180, 443, 443, 443, 120, 271, 271, 271, 271, 150, 39, 342, 86, 160, 160, 160, 160, 160, 160, 160, 68, 66, 66, 68, 68, 68, 115, 115, 267, 267, 267, 324, 143, 143, 458, 192, 192, 196, 196, 399, 217, 70, 70, 70, 65, 284, 284, 426, 426, 426, 169, 169, 169, 263, 263, 35, 414, 414, 209, 287, 100, 100, 375, 98, 98, 143, 129, 458, 414, 458, 144, 208, 437, 106, 426, 426, 426, 426, 426, 413, 413, 413, 303, 303, 414, 414, 414, 414, 414, 414, 414, 312, 312, 312, 187, 187, 187, 187, 82, 187, 187, 341, 341, 260, 260, 391, 391, 73, 244, 249, 73, 73, 244, 320, 320, 287, 287, 346, 481, 387, 387, 143, 143, 129, 129, 129, 259, 144, 208, 441, 100, 100, 100, 387, 387, 375, 98, 98, 98, 98, 98, 197, 197, 197, 414, 414, 414, 197, 7, 7, 4, 4, 4, 4, 4, 280, 280, 280, 213, 213, 213, 213, 246, 252, 422, 143, 129, 129, 401, 259, 401, 401, 401, 354, 420, 278, 213, 213, 213, 213, 246, 246, 19, 454, 454, 414, 414, 414, 414, 47, 47, 47, 47, 47, 197, 80, 244, 7, 7, 309, 32, 32, 354, 180, 284, 284, 284, 284, 206, 284, 284, 376, 206, 206, 169, 169, 169, 35, 14, 209, 440, 287, 188, 188, 188, 177, 301, 10, 133, 133, 43, 276, 276, 276, 276, 276, 182, 174, 174, 387, 413, 413, 243, 129, 323, 269, 9, 323, 323, 224, 494, 485, 374, 374, 374, 374, 378, 43, 109, 100, 497, 497, 122, 129, 239, 36, 107, 107, 395, 395, 374, 120, 443, 240, 31, 342, 342, 342, 342, 86, 86, 86, 238, 272, 267, 213, 213, 213, 324, 3, 3, 14, 411, 188, 188, 171, 464, 443, 443, 178, 143, 458, 96, 54, 224, 224, 86, 97, 483, 226, 287, 287, 460, 460, 306, 468, 406, 406, 406, 467, 337, 215, 35, 259, 259, 259, 354, 74, 74, 441, 387, 240, 162, 162, 68, 342, 342, 224, 494, 416, 416, 236, 36, 36, 478, 342, 224, 224, 273, 267, 267, 213, 41, 477, 318, 173, 173, 352, 352, 352, 352, 352, 439, 439, 170, 170, 82, 392, 392, 392, 187, 187, 12, 12, 12, 12, 12, 12, 1, 40, 40, 40, 73, 163, 289, 73, 73, 73, 73, 289, 73, 320, 251, 251, 398, 398, 398, 116, 10, 199, 199, 10, 398, 331, 331, 84, 153, 153, 182, 182, 182, 182, 182, 182, 182, 182, 182, 98, 98, 98, 17, 48, 414, 414, 414, 414, 414, 414, 47, 47, 47, 47, 80, 80, 73, 320, 287, 83, 188, 171, 177, 171, 171, 143, 8, 239, 32, 32, 32, 32, 32, 354, 473, 324, 324, 213, 324, 3, 3, 3, 301, 251, 217, 70, 217, 473, 70, 65, 284, 46, 46, 46, 330, 94, 199, 199, 199, 324, 324, 236, 374, 374, 313]

ep359
Train step Loss: [0.23264658451080322, 0.011580795049667358, 0.18396520614624023, 0.08279073983430862, 0.0904713124036789, 0.15991957485675812, 0.004171339794993401, 0.300422340631485, 0.11901461333036423, 0.0027398609090596437, 0.06619525700807571, 0.07754329591989517, 0.12277217209339142, 0.08933107554912567, 0.0030549955554306507, 0.1141858622431755, 0.24914011359214783, 0.20631474256515503, 0.08617802709341049, 0.14800070226192474, 0.19034142792224884, 0.10242404788732529, 0.01818826235830784, 0.06650441884994507, 0.22478458285331726, 0.056787002831697464, 0.07769237458705902, 0.003235455136746168, 0.06680068373680115, 0.002851285971701145, 0.002606174908578396, 0.18536925315856934, 0.10187550634145737, 0.040712881833314896, 0.2909211814403534, 0.3243539035320282, 0.13424979150295258, 0.05265544354915619, 0.005522392224520445, 0.02498827874660492, 0.004393141251057386, 0.003908202052116394, 0.11250249296426773, 0.003195248544216156, 0.002867399714887142, 0.002703447826206684, 0.1748591661453247, 0.003595429239794612, 0.06641986221075058, 0.01945601962506771, 0.002913612872362137, 0.0025338197592645884, 0.0028754989616572857, 0.0915561243891716, 0.07135473191738129, 0.04005296900868416, 0.14490805566310883, 0.002758092014119029, 0.10371212661266327, 0.1693495661020279, 0.19792883098125458, 0.002633444033563137, 0.23425829410552979]
val step Loss: [0.5342591404914856, 0.4655132591724396, 0.5317498445510864, 0.44152864813804626, 0.6067801713943481, 0.44836676120758057, 0.3549259603023529, 0.36690327525138855, 0.2958333492279053, 0.19321636855602264, 0.3930662274360657, 0.4103981554508209, 0.5279478430747986, 0.06113530695438385, 0.36518827080726624, 0.07679612934589386]
Train step Accs: [0.9313210848643919, 0.9973434004474273, 0.9490999379267536, 0.9762398121287471, 0.9753526836387222, 0.9553353069893166, 0.9998662565199946, 0.9168746101060512, 0.9677315262988061, 1.0, 0.9840350381463691, 0.9782862869550694, 0.9684357109701377, 0.975638440860215, 1.0, 0.9683527184203408, 0.9305034815211569, 0.9465091584815503, 0.9747292418772563, 0.9645967968530486, 0.9509104330708661, 0.9725763415357249, 0.9963881909547738, 0.9825877310474149, 0.9431524547803618, 0.9838737949167397, 0.9804693652543708, 1.0, 0.9821293351506891, 1.0, 1.0, 0.9485482781904119, 0.9721081693331446, 0.9892171344165436, 0.9213448488587291, 0.9105759514988212, 0.9629124625034088, 0.9865209988649262, 0.9995711222301644, 0.9952048823016565, 0.9998338594450905, 1.0, 0.9677644188883081, 0.9998716632443532, 1.0, 1.0, 0.9527599051811717, 0.9996763754045307, 0.9811145510835914, 0.9949000134210173, 1.0, 1.0, 0.9998518299007261, 0.9749437841310633, 0.9796006320930901, 0.988596769084574, 0.9613025011798018, 1.0, 0.9741415264840817, 0.953080229226361, 0.9471730439748715, 1.0, 0.943156108597285]
val step Accs: [0.8842873037458276, 0.8931665062560153, 0.8754438677956843, 0.8939252957596704, 0.8636, 0.8902014235953355, 0.9150616599695164, 0.917420814479638, 0.9301573298044405, 0.9552506731632261, 0.9064621232690742, 0.9033663366336634, 0.874710259851165, 0.9854078505763899, 0.910958904109589, 0.9831865492393915]
Preds: [17, 17, 251, 251, 251, 241, 241, 431, 486, 486, 460, 240, 150, 35, 36, 449, 371, 494, 191, 278, 99, 99, 338, 338, 338, 447, 400, 400, 298, 298, 324, 464, 464, 464, 180, 355, 282, 282, 282, 282, 240, 146, 219, 219, 219, 464, 464, 464, 464, 84, 153, 43, 43, 43, 345, 109, 109, 109, 109, 41, 207, 246, 246, 246, 3, 3, 3, 197, 197, 259, 259, 354, 420, 420, 420, 324, 324, 464, 464, 464, 464, 139, 315, 319, 319, 319, 319, 319, 450, 413, 413, 43, 43, 43, 276, 276, 276, 346, 346, 346, 346, 284, 265, 265, 265, 265, 480, 480, 480, 282, 282, 282, 299, 299, 203, 406, 406, 467, 467, 467, 467, 337, 275, 275, 41, 19, 19, 358, 465, 131, 131, 134, 134, 302, 134, 375, 349, 349, 349, 155, 25, 441, 441, 148, 148, 153, 153, 153, 182, 182, 182, 387, 387, 387, 406, 406, 406, 134, 16, 16, 16, 100, 375, 375, 98, 98, 98, 98, 13, 170, 170, 170, 170, 170, 82, 28, 28, 187, 187, 12, 12, 12, 23, 23, 260, 391, 391, 244, 73, 73, 73, 244, 321, 320, 412, 420, 444, 213, 213, 213, 213, 213, 246, 246, 252, 422, 36, 310, 310, 310, 323, 323, 395, 395, 374, 374, 374, 374, 374, 132, 182, 182, 375, 98, 98, 98, 98, 48, 13, 170, 170, 170, 244, 28, 2, 2, 2, 2, 2, 244, 184, 244, 73, 73, 321, 321, 287, 287, 287, 287, 284, 111, 111, 206, 240, 348, 285, 199, 134, 302, 293, 497, 122, 122, 122, 75, 75, 127, 241, 180, 443, 443, 443, 443, 178, 178, 35, 96, 77, 342, 342, 115, 273, 273, 273, 486, 486, 486, 460, 460, 169, 169, 150, 150, 342, 232, 232, 232, 172, 115, 115, 267, 267, 267, 267, 267, 324, 324, 3, 3, 3, 188, 188, 464, 120, 271, 271, 271, 31, 162, 232, 232, 172, 172, 115, 273, 273, 106, 499, 265, 265, 265, 85, 85, 85, 299, 59, 59, 59, 303, 48, 263, 17, 188, 470, 470, 470, 470, 470, 470, 470, 470, 470, 470, 470, 470, 470, 470, 470, 470, 470, 470, 470, 470, 470, 470, 470, 470, 470, 470, 470, 470, 470, 470, 470, 470, 470, 470, 470, 470, 470, 470, 470, 470, 470, 470, 470, 470, 470, 470, 470, 470, 470, 470, 470, 470, 470, 470, 470, 470, 470, 470, 470, 470, 470, 470, 470, 470, 470, 470, 470, 470, 470, 470, 470, 470, 470, 470, 470, 470, 470, 470, 470, 470, 470, 470, 470, 470, 470, 470, 470, 470, 470, 470, 470, 470, 470, 470, 470, 470, 470, 470, 470, 470, 470, 470, 470, 470, 470, 470, 470, 470, 470, 470, 470, 470, 470, 470, 470, 470, 470, 470, 470, 470, 470, 470, 470, 470, 470, 470, 470, 470, 470, 470, 470, 470, 470, 470, 470, 470, 470, 470, 470, 470, 470, 470, 470, 470, 470, 470, 470, 470, 470, 470, 470, 470, 470, 470, 470, 470, 470, 470, 470, 470, 470, 470, 470, 470, 470, 470, 470, 470, 470, 470, 470, 470, 470, 470, 470, 470, 470, 470, 470, 470, 470, 470, 470, 470, 470, 470, 470, 470, 470, 470, 470, 470, 470, 470, 470, 470, 470, 470, 470, 470, 470, 470, 470, 470, 470, 470, 470, 470, 470, 470, 470, 470, 470, 470, 470, 470, 470, 470, 470, 470, 470, 470, 470, 470, 470, 470, 470, 470, 470, 470, 470, 470, 470, 470, 470, 470, 470, 470, 470, 470, 470, 470, 470, 470, 470, 470, 470, 470, 470, 470, 470, 470, 470, 470, 470, 470]

ep360
Train step Loss: [0.2789157032966614, 0.35585474967956543, 0.15441951155662537, 0.08100828528404236, 0.0026111018378287554, 0.11845456808805466, 0.0771746039390564, 0.04435644671320915, 0.06594555079936981, 0.06011931970715523, 0.08612656593322754, 0.22014759480953217, 0.13039954006671906, 0.1268250048160553, 0.004372275900095701, 0.17810256779193878, 0.19365981221199036, 0.28119245171546936, 0.28734323382377625, 0.05260095372796059, 0.0028869425877928734, 0.003758651902899146, 0.002833954757079482, 0.0034192621242254972, 0.002368791261687875, 0.20650747418403625, 0.16534681618213654, 0.10185092687606812, 0.1405639499425888, 0.13628967106342316, 0.3462134301662445, 0.20373912155628204, 0.09862550348043442, 0.13096371293067932, 0.003713141428306699, 0.039070192724466324, 0.23204359412193298, 0.17930291593074799, 0.0026610493659973145, 0.19304940104484558, 0.2830257713794708, 0.32996729016304016, 0.18650253117084503, 0.12012375891208649, 0.0038674736861139536, 0.23229068517684937, 0.1901179552078247, 0.3517961800098419, 0.13350841403007507, 0.04069274663925171, 0.0676461011171341, 0.07665655016899109, 0.24504411220550537, 0.12265035510063171, 0.09453456103801727, 0.0026713786646723747, 0.04320594295859337, 0.11378244310617447, 0.17514431476593018, 0.10852435231208801, 0.0027804512064903975, 0.02835734561085701, 0.14071062207221985]
val step Loss: [0.3653239905834198, 0.6078633069992065, 0.7061224579811096, 0.35913410782814026, 0.3113197386264801, 0.07471758127212524, 0.19094568490982056, 0.3112674057483673, 0.16664618253707886, 0.11500538885593414, 0.5010837316513062, 0.6453014612197876, 0.16620440781116486, 0.0976857990026474, 0.3316156268119812, 0.4068116545677185]
Train step Accs: [0.9253731343283582, 0.9055631347582235, 0.9552469135802469, 0.9795316849516947, 1.0, 0.9705574652518308, 0.978676354446375, 0.9885363017112477, 0.9808810033649434, 0.9832503395201448, 0.9756653992395438, 0.9392444502142022, 0.9654416505480335, 0.9659951651893635, 0.9997179523339444, 0.9506614785992218, 0.9481172750790458, 0.9210444027517198, 0.923514358828547, 0.9859313449634215, 1.0, 0.9998372130880677, 1.0, 0.9998558454663399, 1.0, 0.9408684939944564, 0.9569306930693069, 0.9710895721925134, 0.9573722627737227, 0.9629318785844174, 0.9095498527555742, 0.94546965918537, 0.975609756097561, 0.964845791949817, 0.9997157475838545, 0.9904118201823326, 0.9384721266345492, 0.9507660526768807, 1.0, 0.9479686386315039, 0.9228070175438596, 0.9046544428772919, 0.9465218586747319, 0.9657709052694791, 1.0, 0.9349703640982219, 0.9487793919424892, 0.9022164276401564, 0.9628478159490129, 0.9893056416615003, 0.9823228835796161, 0.9792479108635097, 0.9317643576080521, 0.9679614403175504, 0.9731795441912173, 1.0, 0.988118514062265, 0.9703389830508474, 0.9574298257283491, 0.9705581157194061, 1.0, 0.9926918392204629, 0.9600124960949703]
val step Accs: [0.9114553723706651, 0.8561278863232682, 0.8241543192619514, 0.9140920349367748, 0.9259150805270864, 0.9835994194484761, 0.9544740973312402, 0.928012727031685, 0.9611771207515888, 0.9718358038768529, 0.8822277847309137, 0.8481773769259677, 0.9650013358268769, 0.9779832672831352, 0.9188564828183656, 0.9154929577464789]
Preds: [17, 17, 7, 7, 217, 217, 217, 473, 473, 65, 476, 443, 330, 330, 330, 240, 348, 76, 76, 32, 401, 239, 310, 107, 161, 395, 487, 106, 106, 481, 405, 405, 206, 167, 167, 35, 35, 401, 401, 320, 7, 7, 473, 109, 109, 288, 313, 313, 325, 34, 337, 337, 290, 290, 434, 339, 94, 94, 94, 398, 324, 324, 324, 328, 339, 200, 10, 466, 250, 331, 153, 153, 153, 182, 182, 182, 182, 182, 182, 182, 182, 497, 497, 122, 129, 129, 129, 208, 441, 441, 441, 346, 346, 346, 426, 426, 206, 85, 85, 299, 299, 242, 388, 116, 303, 303, 381, 381, 303, 303, 303, 98, 98, 48, 48, 13, 170, 170, 20, 170, 170, 47, 47, 47, 20, 2, 47, 47, 20, 47, 20, 316, 73, 73, 73, 20, 289, 320, 7, 7, 309, 479, 473, 476, 360, 360, 252, 143, 129, 129, 259, 458, 445, 445, 351, 351, 171, 171, 360, 360, 434, 434, 434, 434, 219, 219, 219, 464, 464, 180, 443, 443, 486, 376, 376, 460, 452, 263, 385, 233, 414, 414, 414, 414, 170, 170, 170, 20, 47, 47, 47, 47, 47, 47, 47, 20, 47, 47, 47, 316, 316, 73, 73, 73, 289, 289, 320, 7, 309, 473, 473, 476, 476, 171, 171, 171, 252, 143, 129, 239, 239, 36, 310, 107, 107, 395, 400, 213, 213, 213, 213, 246, 19, 19, 19, 233, 414, 414, 414, 414, 414, 20, 20, 80, 80, 80, 80, 66, 68, 68, 115, 273, 83, 486, 111, 460, 240, 8, 8, 239, 239, 239, 420, 30, 213, 286, 286, 286, 464, 464, 464, 464, 120, 37, 314, 314, 8, 32, 8, 354, 420, 420, 324, 464, 464, 236, 314, 129, 129, 478, 342, 342, 342, 115, 273, 273, 486, 376, 376, 460, 460, 460, 167, 167, 35, 401, 401, 29, 65, 46, 46, 460, 169, 143, 129, 77, 232, 172, 172, 115, 115, 267, 444, 286, 374, 139, 139, 497, 497, 98, 129, 129, 129, 74, 441, 441, 437, 437, 125, 319, 348, 348, 33, 394, 212, 212, 239, 384, 371, 490, 278, 301, 26, 251, 251, 241, 331, 153, 153, 153, 497, 182, 182, 122, 8, 76, 259, 441, 441, 100, 100, 100, 98, 98, 98, 98, 13, 414, 237, 237, 237, 237, 237, 47, 47, 47, 47, 421, 421, 47, 20, 80, 80, 80, 80, 20, 320, 320, 287, 287, 153, 497, 497, 98, 129, 129, 129, 259, 259, 74, 441, 441, 346, 426, 426, 98, 98, 98, 263, 13, 193, 17, 83, 83, 403, 403, 403, 403, 470, 470, 470, 470, 403, 403, 403, 403, 403, 403, 403, 403, 403, 403, 403, 403, 403, 403, 403, 403, 403, 403, 403, 403, 403, 403, 403, 403, 403, 403, 403, 403, 403, 403, 403, 403, 403, 403, 403, 403, 403, 403, 403, 403, 403, 403, 403, 403, 403, 403, 403, 403, 403, 403, 403, 403, 403, 403, 403, 403, 403, 403, 403, 403, 403, 403, 403, 403, 403, 403, 403, 403, 403, 403, 403, 403, 403, 403, 403, 403, 403, 403, 403, 403, 403, 403, 403, 403, 403, 403, 403, 403, 403, 403, 403, 403, 403, 403, 403, 403, 403, 403, 403, 403, 403, 403, 403, 403, 403, 403, 403, 403, 403, 403, 403, 403, 403, 403, 403, 403, 403, 403, 403, 403, 403, 403, 403, 403, 403, 403, 403, 403, 403, 403, 403, 403, 403, 403, 403, 403, 403, 403, 403, 403, 403, 403, 403, 403, 403, 403, 403, 403, 403, 403, 403, 403, 403, 403, 403, 403, 403, 403, 403, 403, 403, 403, 403, 403, 403, 403, 403, 403]