ep113
Train step Loss: [2.6137654781341553, 2.5259153842926025, 2.688873052597046, 2.8919427394866943, 2.9189748764038086, 2.9133503437042236, 2.9437780380249023, 3.067732572555542, 2.7727208137512207, 2.9828906059265137, 2.9713733196258545, 2.7221035957336426, 3.0642430782318115, 2.9469358921051025, 2.998978853225708, 3.158539295196533, 2.913163900375366, 2.6489717960357666, 2.928410530090332, 2.521745204925537, 2.9415535926818848, 3.024362564086914, 2.7291462421417236, 2.7657992839813232, 2.9468042850494385, 2.8929333686828613, 2.7881991863250732, 3.085381507873535, 3.052993059158325, 3.140101909637451, 3.0894861221313477, 2.783283233642578, 3.195713758468628, 3.193981409072876, 3.5343101024627686, 2.721187114715576, 3.1685590744018555, 2.965313196182251, 2.712963104248047, 2.972923755645752, 3.0616202354431152, 3.0552642345428467, 2.7428998947143555, 2.79433536529541, 3.111262798309326, 2.748511791229248, 2.8586745262145996, 2.6019980907440186, 3.1064748764038086, 2.4765124320983887, 1.813349962234497, 2.8356964588165283, 2.9709537029266357, 2.5614380836486816, 3.3204400539398193, 2.793379545211792, 3.1957802772521973, 2.8994784355163574, 3.221444845199585, 3.3173611164093018, 3.0333211421966553, 2.67177677154541, 2.713317394256592]
val step Loss: [2.671966791152954, 2.3667354583740234, 2.4124703407287598, 2.639738082885742, 2.4351999759674072, 2.6693921089172363, 2.378566026687622, 2.3821566104888916, 2.295600652694702, 2.375295877456665, 2.208717107772827, 2.648094415664673, 2.1302037239074707, 2.0587565898895264, 2.324373245239258, 2.267256021499634]
Train step Accs: [0.46073442442580115, 0.4774003744316662, 0.4547032828282828, 0.3995052566481138, 0.3958333333333333, 0.40643058230849016, 0.4121088037437847, 0.3626650838403324, 0.42718141870684245, 0.3847427407030056, 0.3650834403080873, 0.43993759750390016, 0.38157223072996427, 0.37136791826986865, 0.36339766312196403, 0.3487997658079625, 0.4021463705470264, 0.46197694001813705, 0.40413943355119825, 0.49577931866144104, 0.39012208657047726, 0.3925961423265844, 0.47514939513190496, 0.4182593354895619, 0.3802695726985948, 0.4222882194880498, 0.455803893294881, 0.368896372263891, 0.3677950594693504, 0.39265019823116803, 0.3711535155578477, 0.4574202088542433, 0.33832217408428517, 0.3408347507523224, 0.262145067958552, 0.451473998012587, 0.3855458119141216, 0.367456739857496, 0.4526278783617507, 0.39943502824858756, 0.3642777571481619, 0.3743887934452227, 0.4346159307113446, 0.41423055708769996, 0.38477773380820474, 0.45787939235844716, 0.4049285914309717, 0.47686567164179106, 0.34536082474226804, 0.5021840419336051, 0.665911664779162, 0.39588133640552997, 0.3721852428834443, 0.4944278336504485, 0.31879815100154085, 0.4251207729468599, 0.33917858790955235, 0.40341602277348515, 0.33552546744036105, 0.33664754620777565, 0.39606698417575664, 0.4450936329588015, 0.4863556338028169]
val step Accs: [0.45675441133931155, 0.555024595924104, 0.5328667833041739, 0.49578725645076355, 0.5459716893769017, 0.48006644518272423, 0.5345664436573527, 0.5665769000598444, 0.5581984517945109, 0.5480444833187554, 0.5946969696969697, 0.4610561515953741, 0.6010171058714748, 0.652318320712103, 0.5603160133697964, 0.5609608397254744]
Preds: [17, 196, 217, 217, 217, 217, 217, 473, 473, 65, 264, 264, 264, 264, 264, 264, 264, 264, 264, 264, 468, 468, 468, 467, 337, 337, 337, 324, 339, 3, 454, 197, 197, 197, 259, 354, 345, 109, 109, 109, 443, 288, 34, 313, 313, 337, 337, 337, 360, 360, 360, 360, 434, 434, 434, 339, 76, 398, 398, 324, 434, 434, 339, 339, 33, 33, 250, 250, 250, 250, 345, 153, 100, 497, 424, 424, 424, 182, 497, 497, 497, 122, 43, 75, 208, 208, 106, 481, 481, 481, 481, 426, 426, 306, 306, 372, 396, 396, 396, 313, 313, 406, 406, 406, 467, 134, 293, 293, 293, 375, 375, 375, 375, 375, 375, 98, 98, 98, 48, 48, 48, 48, 414, 414, 170, 170, 170, 170, 170, 170, 187, 187, 187, 392, 392, 392, 392, 392, 12, 12, 392, 392, 408, 73, 73, 321, 75, 66, 66, 66, 66, 172, 172, 172, 115, 267, 267, 267, 444, 374, 374, 374, 374, 139, 139, 293, 293, 497, 349, 349, 349, 349, 25, 25, 25, 25, 25, 25, 25, 30, 324, 324, 324, 464, 464, 464, 464, 180, 486, 486, 486, 486, 315, 315, 315, 315, 282, 282, 282, 388, 413, 53, 53, 53, 242, 324, 464, 464, 464, 324, 464, 464, 464, 464, 464, 315, 315, 315, 315, 315, 450, 450, 450, 450, 85, 282, 282, 282, 85, 299, 313, 150, 467, 406, 406, 406, 406, 406, 406, 467, 467, 467, 467, 16, 100, 98, 98, 98, 98, 98, 98, 13, 13, 414, 414, 414, 414, 414, 414, 414, 170, 187, 187, 187, 187, 187, 187, 244, 73, 244, 244, 244, 320, 320, 320, 83, 66, 496, 374, 337, 337, 313, 313, 310, 310, 310, 310, 107, 107, 395, 395, 286, 286, 464, 139, 139, 139, 139, 139, 139, 34, 34, 34, 34, 139, 139, 139, 240, 240, 240, 34, 186, 338, 395, 395, 395, 400, 400, 152, 422, 143, 143, 458, 144, 27, 27, 27, 27, 437, 437, 284, 284, 206, 206, 206, 206, 460, 460, 35, 35, 35, 35, 35, 441, 437, 100, 100, 426, 426, 98, 98, 98, 98, 98, 414, 414, 170, 170, 170, 170, 170, 170, 201, 201, 28, 244, 2, 2, 73, 2, 73, 73, 63, 63, 73, 73, 73, 73, 73, 73, 244, 321, 321, 287, 287, 287, 284, 486, 486, 460, 460, 460, 150, 342, 342, 342, 342, 342, 224, 494, 196, 116, 398, 331, 331, 464, 464, 443, 443, 271, 31, 31, 342, 232, 172, 172, 115, 273, 273, 315, 150, 486, 460, 240, 240, 34, 34, 77, 310, 395, 395, 374, 395, 395, 374, 494, 116, 251, 324, 497, 497, 497, 497, 497, 497, 497, 458, 208, 208, 441, 100, 153, 153, 387, 387, 387, 387, 372, 372, 406, 467, 467, 467, 467, 337, 19, 19, 19, 19, 19, 414, 19, 414, 414, 414, 414, 414, 414, 414, 392, 249, 47, 47, 392, 47, 392, 392, 392, 392, 392, 73, 321, 320, 320, 7, 7, 7, 217, 217, 217, 217, 473, 65, 438, 264, 468, 468, 468, 468, 468, 468, 468, 468, 468, 468, 468, 468, 468, 468, 467, 337, 337, 19, 19, 19, 19, 19, 19, 19, 414, 170, 451, 171, 171, 171, 171, 264, 264, 264, 264, 264, 264, 264, 264, 264, 264, 264, 264, 264, 264, 264, 264, 264, 264, 264, 264, 264, 264, 264, 264, 264, 264, 264, 264, 264, 264, 264, 264, 264, 264, 264, 264, 264, 264, 264, 264, 264, 264, 264, 264, 264, 264, 264, 264, 264, 264, 264, 264, 264, 264, 264, 264, 264, 264, 264, 264, 264, 264, 264, 264]

ep114
Train step Loss: [2.9184963703155518, 3.4951586723327637, 3.0592236518859863, 2.781763792037964, 3.032996892929077, 2.8672826290130615, 2.8313753604888916, 2.925323963165283, 2.9881598949432373, 2.8567957878112793, 2.969797134399414, 2.969958782196045, 2.5304512977600098, 3.3049428462982178, 2.8207311630249023, 2.7823987007141113, 3.174596071243286, 2.5967347621917725, 2.6190390586853027, 3.3118278980255127, 2.9220404624938965, 2.61075496673584, 3.0439860820770264, 2.736175537109375, 2.99746036529541, 3.0791335105895996, 3.1946847438812256, 2.8051576614379883, 3.039064645767212, 3.2543222904205322, 2.8572373390197754, 2.6879470348358154, 3.1465508937835693, 2.85932993888855, 2.7797224521636963, 2.939356565475464, 2.593689203262329, 2.7271320819854736, 2.741948127746582, 3.0571961402893066, 2.620061159133911, 2.905658006668091, 2.862050771713257, 2.7135632038116455, 2.675619125366211, 3.4027276039123535, 2.8850419521331787, 2.8663413524627686, 2.424697160720825, 3.1920652389526367, 3.0906827449798584, 3.194993734359741, 2.723472833633423, 2.6869235038757324, 2.659324884414673, 3.023239850997925, 3.094977617263794, 2.5234053134918213, 2.605861186981201, 2.646540880203247, 3.1789183616638184, 2.749333143234253, 2.7922375202178955]
val step Loss: [2.398660659790039, 2.647463798522949, 2.553713321685791, 2.2247872352600098, 2.5054843425750732, 2.77748703956604, 2.2289066314697266, 2.3582189083099365, 2.8506674766540527, 2.258924722671509, 2.2225091457366943, 2.1261298656463623, 2.3353207111358643, 2.281064987182617, 2.1475636959075928, 2.2376291751861572]
Train step Accs: [0.41719361638060826, 0.2902800175927283, 0.3570422535211268, 0.4328155632634595, 0.38704431494782493, 0.4098360655737705, 0.45870268749120585, 0.39243924392439244, 0.37232827541197583, 0.4289376246083737, 0.38671209540034074, 0.3943343760862009, 0.5075019742037378, 0.3169080817652633, 0.4223172726129073, 0.40833771699105736, 0.33016877637130804, 0.45301247145617424, 0.4703266370188621, 0.3351383874849579, 0.38592367256637167, 0.5026843741169822, 0.3580952380952381, 0.4365910017670246, 0.3946418656302054, 0.380653828929691, 0.32482950239959585, 0.4141211146838156, 0.37759916127904947, 0.3182007496876302, 0.43318385650224217, 0.44078522536484566, 0.34113995485327314, 0.4045499505440158, 0.4253357914142744, 0.4117647058823529, 0.46122059758423395, 0.4481680071492404, 0.4445365381958834, 0.39419636941831193, 0.46738839882384386, 0.3794456708363993, 0.3870398682817829, 0.48001045205121506, 0.4522569444444444, 0.30225125069483044, 0.4058315977387682, 0.3975651263254353, 0.5042447109553968, 0.3541721161391577, 0.3544364508393285, 0.3311986635110678, 0.44554896142433237, 0.46972556991433134, 0.45940906483075156, 0.37932118164676304, 0.36070640176600444, 0.49450990894483127, 0.4715969989281886, 0.4816611094270991, 0.3489686352076858, 0.42209155816883664, 0.42004398366321083]
val step Accs: [0.5280630187086791, 0.4977934686672551, 0.49806151460325665, 0.5916359163591636, 0.5213014298220018, 0.4554160735084768, 0.5835831548893647, 0.5395173453996983, 0.44983105626560893, 0.5660936573799644, 0.5764901509337427, 0.5926638604930848, 0.554046997389034, 0.5599075010839717, 0.5957264957264957, 0.5982064741907261]
Preds: [17, 451, 360, 360, 360, 301, 143, 17, 321, 321, 320, 7, 473, 70, 473, 109, 171, 360, 360, 434, 434, 434, 19, 19, 454, 454, 414, 392, 321, 321, 82, 66, 66, 115, 68, 68, 68, 115, 115, 267, 267, 464, 139, 139, 139, 443, 443, 443, 443, 146, 146, 240, 240, 240, 240, 35, 239, 114, 114, 324, 324, 324, 324, 301, 349, 349, 25, 25, 106, 106, 324, 186, 54, 338, 338, 338, 338, 338, 338, 400, 400, 213, 213, 290, 360, 246, 246, 434, 3, 3, 3, 14, 145, 321, 287, 145, 145, 145, 460, 460, 35, 401, 259, 29, 100, 100, 497, 497, 122, 107, 323, 224, 224, 487, 106, 106, 496, 274, 274, 274, 8, 208, 276, 345, 345, 285, 34, 34, 19, 324, 324, 324, 246, 434, 339, 339, 339, 217, 398, 398, 398, 398, 434, 434, 434, 199, 199, 331, 275, 282, 282, 263, 263, 170, 17, 17, 451, 171, 171, 171, 264, 264, 264, 264, 264, 264, 264, 264, 264, 264, 264, 264, 264, 264, 264, 264, 264, 264, 264, 264, 264, 264, 264, 264, 264, 264, 264, 264, 264, 264, 264, 264, 264, 264, 264, 264, 264, 264, 264, 264, 264, 264, 264, 264, 264, 264, 264, 264, 264, 264, 264, 264, 264, 264, 264, 264, 264, 264, 264, 264, 264, 264, 264, 264, 264, 264, 264, 264, 264, 264, 264, 264, 264, 264, 264, 264, 264, 264, 264, 264, 264, 264, 264, 264, 264, 264, 264, 264, 264, 264, 264, 264, 264, 264, 264, 264, 264, 264, 264, 264, 264, 264, 264, 264, 264, 264, 264, 264, 264, 264, 264, 264, 264, 264, 264, 264, 264, 264, 264, 264, 264, 264, 264, 264, 264, 264, 264, 264, 264, 264, 264, 264, 264, 264, 264, 264, 264, 264, 264, 264, 264, 264, 264, 264, 264, 264, 264, 264, 264, 264, 264, 264, 264, 264, 264, 264, 264, 264, 264, 264, 264, 264, 264, 264, 264, 264, 264, 264, 264, 264, 264, 264, 264, 264, 264, 264, 264, 264, 264, 264, 264, 264, 264, 264, 264, 264, 264, 264, 264, 264, 264, 264, 264, 264, 264, 264, 264, 264, 264, 264, 264, 264, 264, 264, 264, 264, 264, 264, 264, 264, 264, 264, 264, 264, 264, 264, 264, 264, 264, 264, 264, 264, 264, 264, 264, 264, 264, 264, 264, 264, 264, 264, 264, 264, 264, 264, 264, 264, 264, 264, 264, 264, 264, 264, 264, 264, 264, 264, 264, 264, 264, 264, 264, 264, 264, 264, 264, 264, 264, 264, 264, 264, 264, 264, 264, 264, 264, 264, 264, 264, 264, 264, 264, 264, 264, 264, 264, 264, 264, 264, 264, 264, 264, 264, 264, 264, 264, 264, 264, 264, 264, 264, 264, 264, 264, 264, 264, 264, 264, 264, 264, 264, 264, 264, 264, 264, 264, 264, 264, 264, 264, 264, 264, 264, 264, 264, 264, 264, 264, 264, 264, 264, 264, 264, 264, 264, 264, 264, 264, 264, 264, 264, 264, 264, 264, 264, 264, 264, 264, 264, 264, 264, 264, 264, 264, 264, 264, 264, 264, 264, 264, 264, 264, 264, 264, 264, 264, 264, 264, 264, 264, 264, 264, 264, 264, 264, 264, 264, 264, 264, 264, 264, 264, 264, 264, 264, 264, 264, 264, 264, 264, 264, 264, 264, 264, 264, 264, 264, 264, 264, 264, 264, 264, 264, 264, 264, 264, 264, 264, 264, 264, 264, 264, 264, 264, 264, 264, 264, 264, 264, 264, 264, 264, 264, 264, 264, 264, 264, 264, 264, 264, 264, 264, 264, 264, 264, 264, 264, 264, 264, 264, 264, 264, 264, 264, 264, 264, 264, 264, 264]

ep115
Train step Loss: [2.815840005874634, 2.533327341079712, 3.209439992904663, 2.8568272590637207, 3.120311975479126, 3.0415239334106445, 2.819640874862671, 2.7769320011138916, 2.8378591537475586, 3.0572612285614014, 2.5716779232025146, 2.8548312187194824, 2.6953718662261963, 3.0475800037384033, 3.0040576457977295, 2.9717624187469482, 2.6142659187316895, 2.7712316513061523, 2.960845470428467, 3.0249862670898438, 2.6708457469940186, 3.211681842803955, 3.160191774368286, 2.945854425430298, 3.11810564994812, 3.0001959800720215, 2.9844164848327637, 2.950052499771118, 2.4166488647460938, 2.8572921752929688, 2.706511974334717, 2.85048246383667, 3.0109121799468994, 2.5109105110168457, 2.9363677501678467, 2.683849334716797, 2.9376184940338135, 2.5287768840789795, 2.6778922080993652, 3.3857369422912598, 2.8439340591430664, 2.8478140830993652, 3.133925437927246, 2.7683193683624268, 2.7066290378570557, 3.1837377548217773, 2.9696834087371826, 2.6707324981689453, 2.9892210960388184, 2.8154053688049316, 3.1913297176361084, 2.4340953826904297, 2.581799030303955, 3.053468942642212, 2.6494033336639404, 2.8490869998931885, 2.8461878299713135, 2.914205551147461, 3.087096929550171, 2.7347612380981445, 3.2311899662017822, 3.3505306243896484, 2.878533363342285]
val step Loss: [2.451900005340576, 2.3408360481262207, 2.1999659538269043, 2.3702056407928467, 2.20123553276062, 2.8144686222076416, 2.1802444458007812, 2.299497365951538, 2.2065813541412354, 2.5579142570495605, 2.388709545135498, 1.9931658506393433, 2.7473437786102295, 2.939967393875122, 2.2751312255859375, 2.0519607067108154]
Train step Accs: [0.44567219152854515, 0.47510227112427705, 0.3372711930416721, 0.4093550673281361, 0.34797768479776847, 0.34557109557109555, 0.4291695743196092, 0.4030571198712792, 0.44139650872817954, 0.3518465502433438, 0.4695585017376754, 0.4336708860759494, 0.4829184322033898, 0.3878741366078281, 0.390665751544269, 0.38369517058041647, 0.4706477732793522, 0.4381166695516704, 0.37700680272108844, 0.3616690423739795, 0.46277848215902917, 0.3478380991849703, 0.36549429657794674, 0.39414298018949184, 0.34879844422836503, 0.4003712871287129, 0.403143585386576, 0.38899134629025395, 0.5407668576465403, 0.4013003901170351, 0.41198719813791096, 0.42924951892238616, 0.3543650793650794, 0.5027497122394168, 0.40423921271763813, 0.42391857506361325, 0.411509817197021, 0.5059404618875984, 0.45408391817231597, 0.28762541806020064, 0.4167848029486816, 0.42210233774726175, 0.3328418230563003, 0.42737032725391283, 0.4379982285208149, 0.34578822286770533, 0.36740852508487365, 0.46675302245250433, 0.41601110596945856, 0.4186957738595018, 0.345045156501299, 0.5124159337816865, 0.4901768172888016, 0.3601683410263372, 0.46353901070882203, 0.4082087595069499, 0.43511301636788774, 0.40512048192771083, 0.3494085532302093, 0.44561774023231254, 0.3519909309905059, 0.3231201327716073, 0.37908847184986594]
val step Accs: [0.5236704580387335, 0.5577800304105424, 0.5696902654867256, 0.540295804406882, 0.5921316740264954, 0.45156015805968114, 0.5999153857001833, 0.5531825795644891, 0.5979071288423806, 0.5147364051473641, 0.561240073304826, 0.6348537730172102, 0.4760556444663302, 0.4042159236575986, 0.563827248866619, 0.5995380092398152]
Preds: [17, 17, 287, 287, 284, 319, 319, 319, 413, 293, 43, 43, 43, 153, 153, 153, 153, 138, 138, 297, 182, 182, 182, 182, 182, 293, 293, 497, 98, 98, 197, 197, 197, 197, 80, 287, 287, 287, 111, 111, 111, 111, 438, 94, 10, 10, 479, 331, 398, 398, 324, 301, 301, 378, 132, 53, 250, 70, 70, 138, 138, 138, 138, 138, 346, 426, 426, 426, 426, 426, 426, 426, 450, 450, 413, 413, 250, 250, 276, 481, 138, 138, 138, 138, 138, 182, 182, 98, 98, 14, 14, 14, 287, 287, 111, 111, 438, 438, 251, 251, 251, 431, 431, 431, 428, 428, 428, 428, 146, 146, 146, 252, 271, 54, 162, 54, 54, 482, 482, 482, 482, 196, 273, 331, 109, 290, 290, 290, 464, 464, 464, 464, 330, 314, 32, 32, 32, 239, 324, 324, 324, 339, 10, 10, 10, 10, 10, 250, 331, 331, 331, 284, 206, 206, 306, 431, 282, 240, 240, 94, 76, 324, 77, 342, 68, 273, 273, 267, 267, 267, 444, 213, 213, 246, 246, 246, 246, 339, 310, 8, 32, 32, 354, 420, 41, 324, 324, 143, 143, 129, 401, 355, 68, 68, 115, 273, 273, 273, 486, 376, 376, 376, 460, 460, 460, 178, 143, 35, 401, 77, 68, 68, 342, 224, 267, 464, 464, 464, 464, 464, 180, 180, 284, 315, 85, 85, 85, 85, 85, 146, 240, 240, 239, 239, 129, 259, 213, 431, 106, 106, 106, 206, 167, 35, 35, 35, 77, 68, 68, 267, 273, 273, 284, 486, 376, 376, 460, 460, 263, 263, 170, 170, 170, 170, 170, 170, 170, 63, 28, 28, 28, 28, 2, 2, 2, 2, 2, 2, 2, 2, 2, 73, 73, 73, 73, 73, 73, 73, 289, 66, 115, 267, 115, 88, 7, 7, 153, 153, 153, 153, 182, 387, 387, 387, 387, 348, 348, 241, 324, 324, 324, 324, 324, 464, 464, 180, 315, 319, 319, 319, 319, 413, 348, 250, 242, 196, 250, 250, 250, 473, 324, 19, 324, 324, 324, 19, 301, 76, 129, 129, 259, 354, 106, 106, 284, 319, 319, 240, 240, 34, 34, 239, 401, 213, 401, 66, 115, 68, 68, 68, 68, 68, 68, 267, 213, 213, 213, 213, 213, 213, 246, 246, 246, 246, 246, 246, 246, 19, 414, 414, 414, 414, 414, 414, 414, 392, 201, 47, 47, 47, 80, 20, 47, 80, 80, 80, 80, 80, 80, 73, 73, 73, 287, 320, 287, 287, 111, 460, 460, 77, 77, 77, 77, 342, 342, 224, 324, 31, 31, 342, 267, 115, 267, 482, 482, 68, 115, 267, 273, 106, 106, 153, 497, 182, 182, 182, 98, 98, 414, 414, 197, 197, 197, 80, 80, 80, 20, 20, 320, 7, 7, 7, 324, 398, 360, 213, 360, 246, 246, 246, 246, 3, 197, 197, 287, 188, 324, 324, 422, 338, 338, 338, 338, 338, 338, 338, 400, 400, 286, 286, 278, 278, 139, 203, 8, 8, 8, 8, 100, 100, 100, 100, 98, 98, 98, 170, 170, 170, 170, 414, 414, 392, 392, 63, 47, 28, 28, 47, 2, 73, 47, 47, 20, 2, 20, 2, 2, 73, 73, 73, 73, 289, 284, 284, 287, 287, 111, 111, 240, 35, 35, 35, 77, 77, 77, 342, 267, 342, 267, 464, 267, 246, 246, 246, 246, 246, 246, 246, 301, 301, 378, 43, 276, 276, 276, 276, 346, 346, 428, 428, 146, 146, 146, 146, 240, 34, 355, 35, 35, 224, 75, 374, 371, 324, 371, 324, 445, 445, 7, 196, 473, 278, 197, 324, 445, 445, 196, 398, 473, 278, 278, 301, 301, 251, 251, 431, 374, 374, 132, 132]

ep116
Train step Loss: [2.5687246322631836, 2.7881357669830322, 3.012946128845215, 3.0015041828155518, 3.0860776901245117, 2.8700432777404785, 2.891618013381958, 3.136044502258301, 2.8134498596191406, 2.700568914413452, 2.6806564331054688, 3.3162238597869873, 2.7175042629241943, 2.8269271850585938, 2.660100221633911, 2.937695026397705, 2.8403186798095703, 3.264167308807373, 3.1311731338500977, 2.78287410736084, 2.675933599472046, 2.9336488246917725, 2.788151741027832, 2.830777883529663, 2.777141571044922, 3.240656852722168, 3.055467128753662, 2.348931074142456, 2.6055312156677246, 2.9361371994018555, 3.1820068359375, 3.1169261932373047, 2.9136338233947754, 3.0423285961151123, 2.5217981338500977, 2.8976664543151855, 3.000861167907715, 2.5540552139282227, 2.944580078125, 2.9245967864990234, 3.2277331352233887, 3.0038137435913086, 2.429093360900879, 2.950672149658203, 2.6788218021392822, 2.5225436687469482, 3.33392071723938, 3.094496011734009, 2.5291099548339844, 3.067120313644409, 2.6901261806488037, 2.8418636322021484, 2.3262112140655518, 2.755995512008667, 2.964170455932617, 2.8201189041137695, 3.1776392459869385, 3.211932420730591, 2.783233404159546, 2.732016086578369, 2.5407490730285645, 3.2729299068450928, 2.6323442459106445]
val step Loss: [2.4034242630004883, 2.6369378566741943, 1.9934264421463013, 2.5067265033721924, 2.2700791358947754, 2.4249489307403564, 2.5146853923797607, 2.6951792240142822, 2.297351837158203, 2.1814632415771484, 2.333190679550171, 2.3862767219543457, 2.4069979190826416, 2.0646073818206787, 2.338322877883911, 2.4378066062927246]
Train step Accs: [0.47911051212938005, 0.4322303751903641, 0.3953519256308101, 0.358084558266404, 0.3717507046664579, 0.3994124014226071, 0.4153402854006586, 0.3389362769693929, 0.413886262326084, 0.4349840718216044, 0.44623911322248616, 0.34355633243286193, 0.44694767441860467, 0.42319187089061566, 0.45912388392857145, 0.37870416875941737, 0.402242359084626, 0.3280113815997471, 0.3631914578080973, 0.43283173734610125, 0.44053306512446566, 0.4098167539267016, 0.46749654218533887, 0.41029090297629056, 0.43777394076238546, 0.34134821811936455, 0.350484420005237, 0.5476411960132891, 0.47712514757969304, 0.3850061787724839, 0.3644939965694683, 0.3486378094316139, 0.38746546093946244, 0.3519944821243821, 0.4910497572815534, 0.4007753093782615, 0.36066276246250534, 0.510024383635871, 0.40165211970074816, 0.4289229878401853, 0.3293405623502711, 0.36223320873025444, 0.5082017010935601, 0.397500339627768, 0.44349809885931557, 0.49048168445341794, 0.3135403329065301, 0.36355140186915885, 0.48755730189914864, 0.36147796408962757, 0.4679223905962328, 0.416243040426047, 0.5565545999478759, 0.4119106699751861, 0.401813110181311, 0.41076154072331666, 0.3433658329800763, 0.3200983405039951, 0.4236480043590791, 0.45810473815461344, 0.4961152476529621, 0.3199016527796749, 0.4182785299806576]
val step Accs: [0.5284122562674095, 0.4882134914751668, 0.6501696832579186, 0.5119270972929509, 0.5819353106965508, 0.5376358513350329, 0.49006125765720715, 0.4697892866209698, 0.5666253272702219, 0.5772721914417069, 0.5651706530502553, 0.5284033125090803, 0.5552282768777614, 0.6081495545494378, 0.547558608332089, 0.5401795993552844]
Preds: [17, 309, 479, 331, 331, 360, 360, 360, 252, 143, 35, 35, 196, 70, 65, 65, 46, 46, 46, 460, 460, 178, 35, 77, 342, 342, 342, 115, 273, 273, 486, 486, 486, 460, 460, 178, 178, 35, 183, 109, 445, 451, 213, 213, 213, 213, 246, 19, 19, 19, 19, 454, 454, 414, 414, 414, 414, 414, 392, 80, 187, 187, 187, 187, 392, 392, 392, 392, 392, 392, 392, 392, 392, 73, 73, 73, 73, 73, 320, 321, 320, 287, 287, 287, 287, 287, 284, 284, 284, 111, 111, 111, 111, 438, 438, 438, 313, 313, 250, 250, 250, 250, 100, 100, 88, 88, 109, 106, 284, 284, 284, 284, 206, 206, 206, 169, 167, 35, 35, 259, 114, 114, 114, 114, 114, 264, 264, 264, 264, 264, 264, 264, 264, 264, 264, 264, 264, 264, 264, 264, 264, 264, 468, 468, 468, 406, 406, 467, 337, 264, 264, 290, 290, 290, 330, 330, 339, 94, 250, 250, 70, 65, 65, 426, 426, 426, 426, 319, 319, 299, 348, 348, 10, 331, 331, 331, 486, 486, 486, 460, 169, 150, 150, 150, 342, 342, 342, 224, 224, 224, 31, 31, 31, 31, 68, 68, 232, 482, 482, 482, 482, 336, 224, 273, 273, 106, 106, 106, 109, 106, 355, 355, 355, 169, 169, 169, 150, 342, 342, 342, 433, 323, 336, 196, 196, 196, 88, 494, 239, 239, 422, 422, 273, 374, 115, 115, 273, 403, 403, 403, 403, 171, 171, 252, 252, 143, 34, 403, 403, 403, 171, 171, 171, 171, 171, 246, 246, 358, 252, 143, 143, 196, 196, 196, 309, 473, 473, 252, 252, 403, 434, 434, 434, 246, 19, 19, 19, 454, 454, 414, 414, 414, 229, 414, 414, 126, 408, 408, 408, 408, 408, 408, 408, 408, 408, 408, 408, 408, 408, 408, 408, 73, 244, 320, 66, 66, 66, 66, 68, 115, 115, 267, 267, 267, 267, 464, 464, 464, 464, 443, 443, 443, 240, 240, 240, 240, 239, 239, 239, 239, 114, 34, 324, 324, 324, 324, 301, 301, 422, 349, 349, 25, 25, 431, 213, 213, 324, 464, 99, 338, 338, 338, 338, 338, 338, 338, 338, 400, 400, 400, 213, 213, 213, 213, 246, 246, 246, 246, 246, 246, 3, 3, 14, 145, 145, 145, 145, 486, 460, 460, 169, 401, 35, 35, 441, 100, 100, 153, 387, 387, 122, 99, 338, 436, 395, 395, 395, 395, 43, 139, 139, 496, 497, 497, 43, 8, 8, 354, 264, 264, 264, 264, 290, 290, 290, 171, 434, 434, 434, 339, 339, 339, 398, 398, 398, 246, 246, 246, 246, 246, 246, 286, 464, 464, 264, 282, 282, 282, 282, 282, 263, 414, 414, 170, 414, 414, 414, 414, 414, 187, 187, 187, 187, 392, 391, 391, 391, 391, 391, 391, 391, 321, 321, 287, 320, 320, 7, 7, 241, 241, 241, 241, 171, 403, 403, 403, 403, 290, 290, 290, 290, 360, 434, 434, 434, 360, 360, 434, 434, 434, 434, 434, 339, 339, 10, 10, 479, 479, 331, 331, 331, 331, 331, 284, 426, 426, 426, 426, 426, 426, 282, 282, 282, 355, 355, 355, 263, 263, 170, 170, 170, 170, 414, 414, 414, 392, 392, 244, 249, 249, 244, 2, 2, 2, 2, 244, 2, 2, 73, 73, 73, 73, 244, 321, 321, 287, 287, 287, 287, 284, 284, 284, 206, 206, 206, 169, 342, 342, 54, 54, 54, 54, 482, 482, 482, 115, 338, 273, 273, 106, 106, 153, 153, 424, 182, 182, 182, 182, 182, 182, 387, 387, 387, 387, 293, 293, 293, 122, 122, 422, 224, 395, 395, 395, 371, 371, 213, 213, 278, 301]

ep117
Train step Loss: [3.3074071407318115, 2.690091133117676, 2.622426748275757, 2.6048216819763184, 2.6297333240509033, 2.74031925201416, 3.6267144680023193, 2.7267167568206787, 2.57033109664917, 2.7513582706451416, 2.72229266166687, 2.924717664718628, 2.5723791122436523, 3.116504669189453, 3.2376205921173096, 2.972668170928955, 2.7951791286468506, 3.121300220489502, 2.7194156646728516, 2.8756496906280518, 2.637910842895508, 2.9819371700286865, 2.7971365451812744, 2.5266807079315186, 3.5930068492889404, 2.8145155906677246, 2.5095837116241455, 2.873004913330078, 2.781088352203369, 2.9146461486816406, 2.77390718460083, 2.8426058292388916, 2.9592623710632324, 3.055022716522217, 2.9649624824523926, 2.6938905715942383, 2.9608120918273926, 3.131378412246704, 3.1599812507629395, 2.7619056701660156, 2.4499595165252686, 2.6928775310516357, 2.4499051570892334, 3.0613999366760254, 2.852529287338257, 2.863417387008667, 2.6444907188415527, 2.7043442726135254, 3.031768560409546, 2.789794683456421, 2.7428905963897705, 3.006430149078369, 2.9510183334350586, 3.495218276977539, 3.093501091003418, 2.7119693756103516, 2.9617226123809814, 2.784395217895508, 2.5761210918426514, 3.095357894897461, 3.2173573970794678, 3.075963258743286, 2.2202537059783936]
val step Loss: [2.4475045204162598, 2.513930320739746, 2.452885389328003, 2.1597795486450195, 2.169656991958618, 2.005758047103882, 2.541501998901367, 2.3266639709472656, 2.3771982192993164, 2.200483798980713, 2.013122081756592, 2.3478386402130127, 2.8915629386901855, 2.5802178382873535, 2.4593021869659424, 2.333737373352051]
Train step Accs: [0.32946145723336856, 0.44761904761904764, 0.4831161137440758, 0.495418935068384, 0.4592481203007519, 0.4318243796018544, 0.28065662134019354, 0.44768747193533903, 0.4748201438848921, 0.43041358704198773, 0.43509680938096534, 0.401463811330984, 0.45911047345767575, 0.341277763913152, 0.31904406273338315, 0.3997726949850831, 0.4262507188039103, 0.3599099823179553, 0.43695834498182834, 0.4221859221859222, 0.451802179379715, 0.36319677635997316, 0.42540483143084684, 0.4880812817506839, 0.26181194448775924, 0.4171913495756912, 0.49784258294896594, 0.41446941161189765, 0.41093057607090105, 0.4103159851301115, 0.41500332667997336, 0.42543648886753166, 0.40727647665340994, 0.3783068783068783, 0.3661344225770516, 0.44070099171308247, 0.395437746909647, 0.37360178970917224, 0.3324716357891713, 0.4179477072657995, 0.5380770361658336, 0.4459311851447297, 0.525224602626123, 0.33712821972392204, 0.4192051956084738, 0.41806753398625934, 0.45578129668359724, 0.43278688524590164, 0.361022825772898, 0.4321572002294894, 0.4336653674029161, 0.38699186991869916, 0.4082903127846948, 0.2740740740740741, 0.3495709237758708, 0.42870632672332387, 0.39065278130556264, 0.41898225644459325, 0.5017317380352645, 0.34257120862201695, 0.3101303317535545, 0.3641715727502103, 0.5471014492753623]
val step Accs: [0.5318678619673339, 0.49686473574201256, 0.5173805494076292, 0.6085198555956679, 0.6155052016531282, 0.6392977717758271, 0.4943652410047522, 0.5656766687078996, 0.5534453997176954, 0.5844220480278711, 0.633194205745151, 0.5267010029818379, 0.41935989959209286, 0.49157341243090197, 0.5324293207112704, 0.5574588031222897]
Preds: [17, 479, 398, 360, 360, 171, 360, 360, 171, 434, 252, 252, 252, 252, 143, 349, 349, 441, 441, 441, 441, 346, 346, 306, 306, 306, 413, 413, 467, 65, 65, 306, 319, 319, 319, 319, 319, 431, 431, 431, 81, 81, 219, 219, 398, 398, 360, 464, 464, 464, 464, 264, 264, 468, 468, 468, 169, 293, 84, 84, 84, 426, 426, 450, 413, 98, 98, 263, 263, 13, 13, 417, 414, 414, 170, 170, 170, 170, 28, 28, 2, 2, 2, 2, 2, 2, 2, 2, 2, 316, 316, 73, 73, 289, 289, 320, 320, 320, 66, 331, 331, 219, 371, 219, 219, 219, 371, 278, 444, 444, 360, 213, 360, 213, 213, 246, 246, 246, 19, 19, 454, 454, 454, 414, 414, 414, 414, 414, 249, 249, 249, 47, 249, 249, 2, 244, 66, 7, 73, 244, 73, 73, 321, 321, 320, 320, 320, 7, 479, 398, 360, 360, 360, 171, 171, 252, 378, 88, 324, 324, 324, 324, 324, 324, 422, 143, 77, 66, 342, 342, 232, 172, 172, 115, 115, 267, 444, 171, 171, 252, 252, 301, 196, 324, 324, 324, 324, 324, 324, 324, 25, 444, 213, 213, 213, 213, 213, 246, 246, 246, 246, 19, 454, 454, 454, 454, 197, 197, 197, 197, 80, 80, 7, 7, 66, 310, 186, 54, 172, 273, 395, 470, 470, 403, 403, 403, 403, 403, 171, 207, 358, 358, 358, 225, 225, 225, 414, 197, 197, 451, 451, 451, 30, 213, 360, 360, 360, 422, 143, 143, 196, 196, 398, 398, 360, 360, 360, 360, 464, 464, 315, 315, 315, 315, 315, 315, 315, 450, 450, 450, 450, 175, 175, 43, 43, 276, 276, 276, 153, 153, 424, 497, 497, 497, 497, 497, 413, 250, 250, 413, 426, 426, 319, 319, 413, 413, 413, 303, 250, 345, 250, 88, 109, 431, 431, 426, 426, 426, 426, 426, 85, 85, 85, 85, 426, 426, 85, 85, 299, 299, 299, 299, 94, 399, 217, 473, 398, 324, 324, 324, 324, 464, 464, 464, 264, 264, 139, 274, 43, 88, 25, 25, 25, 25, 25, 25, 25, 387, 346, 153, 153, 153, 153, 387, 387, 387, 285, 497, 497, 497, 88, 88, 88, 88, 387, 497, 431, 431, 431, 431, 428, 85, 428, 85, 85, 146, 146, 146, 464, 464, 464, 464, 171, 171, 171, 34, 325, 464, 464, 464, 120, 443, 120, 120, 263, 263, 263, 263, 229, 229, 312, 312, 312, 312, 23, 23, 23, 23, 408, 408, 23, 23, 23, 23, 391, 391, 391, 391, 391, 391, 391, 391, 391, 73, 73, 244, 73, 320, 321, 320, 320, 287, 284, 284, 284, 284, 284, 284, 284, 284, 284, 284, 450, 85, 85, 85, 85, 85, 85, 85, 85, 146, 146, 207, 207, 207, 324, 464, 464, 464, 464, 464, 486, 315, 315, 315, 315, 282, 450, 450, 175, 43, 43, 276, 153, 153, 153, 297, 297, 182, 182, 182, 182, 182, 182, 372, 372, 372, 372, 372, 59, 59, 59, 467, 467, 467, 467, 413, 413, 43, 431, 431, 431, 431, 431, 282, 85, 85, 85, 85, 85, 85, 85, 299, 468, 468, 303, 467, 467, 413, 303, 303, 303, 303, 303, 303, 48, 48, 48, 17, 17, 414, 170, 244, 188, 188, 188, 19, 19, 303, 303, 48, 48, 282, 310, 48, 303, 197, 48, 48, 170, 170, 170, 249, 249, 249, 249, 249, 249, 249, 249, 249, 249, 249, 249, 249, 249, 249, 249, 249, 249, 249, 249, 249, 249, 249, 249, 441, 441, 320, 346, 284, 206, 206, 206, 35, 35, 35, 35, 170, 170, 170, 28, 28, 40, 40, 2, 201, 201, 249]

ep118
Train step Loss: [3.009913921356201, 3.1234655380249023, 2.9146475791931152, 3.065993309020996, 2.746642589569092, 2.905898332595825, 3.162783145904541, 2.836747407913208, 3.0356857776641846, 2.8873515129089355, 2.984708070755005, 2.9899678230285645, 2.731325387954712, 2.39985728263855, 2.445821762084961, 2.743962526321411, 2.5676119327545166, 2.740917205810547, 2.703354597091675, 2.833303213119507, 3.0240650177001953, 2.82605242729187, 2.6502325534820557, 2.8199338912963867, 2.7560782432556152, 2.9385290145874023, 3.1557552814483643, 2.937481641769409, 3.0379509925842285, 2.4567294120788574, 2.9874680042266846, 2.9151124954223633, 2.8787789344787598, 2.882821798324585, 2.346561908721924, 2.7993528842926025, 2.9416275024414062, 3.0468831062316895, 2.8883213996887207, 2.514239549636841, 2.617636203765869, 2.775923013687134, 3.070816993713379, 3.1212852001190186, 2.915497303009033, 3.230231523513794, 3.1549720764160156, 2.606938362121582, 2.824535846710205, 2.7007415294647217, 3.457620859146118, 2.731966018676758, 2.8704559803009033, 3.0623795986175537, 2.8094985485076904, 2.7485785484313965, 2.706176996231079, 2.4942917823791504, 3.181821346282959, 2.7755286693573, 2.81250262260437, 2.5523197650909424, 3.563589334487915]
val step Loss: [2.307438611984253, 2.3215491771698, 2.350393772125244, 2.7413747310638428, 2.309014320373535, 2.5036046504974365, 2.2814598083496094, 2.4089295864105225, 2.1456716060638428, 2.220508575439453, 2.3867721557617188, 2.087827444076538, 2.4591498374938965, 2.9364070892333984, 2.2411916255950928, 2.398611545562744]
Train step Accs: [0.375, 0.3493115094829826, 0.3961082233773157, 0.33927267416386736, 0.47063417681974384, 0.3981549275150095, 0.34213168842346864, 0.39952823234556983, 0.3737620578778135, 0.4100513130093571, 0.403693139168293, 0.38117061673431973, 0.45692425401683245, 0.5180579441725096, 0.498026153466568, 0.4384551264240067, 0.4729264090573468, 0.4124710055942148, 0.45587309580762936, 0.40730998200193824, 0.3672890216579537, 0.41566343042071197, 0.46494565217391304, 0.45149985982618446, 0.43495599559955994, 0.38046448087431695, 0.36666666666666664, 0.4146341463414634, 0.3764053840063341, 0.4817073170731707, 0.3854789327890363, 0.42359249329758714, 0.4182368312474213, 0.40285801155366374, 0.5521901970363133, 0.4283039475737245, 0.37404908856035596, 0.35945384387058477, 0.41260744985673353, 0.477331793242853, 0.47250812567713973, 0.4532150776053215, 0.3778095361829284, 0.38147612156295224, 0.37613548883756737, 0.34770318021201413, 0.33565294640213206, 0.45242463958060286, 0.4342726362466028, 0.46767830045523523, 0.2925837655965232, 0.4323503354005822, 0.38231506653312347, 0.3873314138505834, 0.41271262309758283, 0.44294861270727304, 0.41537818637693275, 0.4774416135881104, 0.31495809155383625, 0.41148520228074936, 0.4280232865837523, 0.4843268242548818, 0.26089517078916374]
val step Accs: [0.556267029972752, 0.5630563798219584, 0.5581944444444444, 0.44301102204408815, 0.5712311943506294, 0.5213476619227418, 0.560668913663469, 0.5233671988388969, 0.6011593383288563, 0.5964246357291539, 0.5436928702010969, 0.6156288830595057, 0.5254835178202165, 0.423658464275126, 0.5737896928682977, 0.5286287766744137]
Preds: [17, 17, 287, 287, 284, 284, 319, 450, 450, 450, 169, 169, 76, 76, 349, 25, 25, 25, 25, 25, 25, 25, 25, 106, 25, 106, 284, 428, 428, 330, 388, 94, 10, 10, 10, 479, 479, 398, 398, 324, 324, 422, 186, 162, 232, 232, 232, 172, 172, 115, 273, 267, 267, 267, 324, 324, 3, 3, 14, 14, 411, 188, 188, 171, 443, 443, 271, 438, 143, 31, 54, 232, 232, 224, 224, 323, 336, 336, 336, 145, 145, 145, 486, 486, 460, 468, 406, 406, 406, 406, 132, 32, 32, 32, 32, 239, 82, 310, 107, 107, 107, 395, 395, 286, 286, 264, 264, 264, 120, 120, 120, 120, 120, 207, 120, 178, 143, 82, 233, 170, 170, 170, 187, 187, 170, 170, 47, 63, 63, 187, 187, 187, 244, 2, 2, 2, 2, 244, 392, 73, 73, 392, 244, 73, 73, 73, 244, 287, 287, 287, 293, 293, 43, 43, 8, 129, 144, 208, 27, 346, 106, 426, 426, 319, 348, 348, 348, 199, 199, 250, 250, 98, 197, 129, 401, 7, 7, 217, 473, 109, 109, 313, 313, 406, 324, 337, 337, 337, 324, 339, 10, 398, 398, 199, 398, 398, 199, 398, 398, 398, 331, 331, 331, 138, 138, 138, 138, 138, 182, 497, 497, 43, 8, 32, 239, 208, 208, 27, 441, 346, 426, 426, 319, 348, 348, 94, 250, 250, 303, 98, 98, 98, 98, 13, 414, 414, 170, 170, 170, 170, 170, 28, 2, 2, 2, 2, 2, 2, 2, 2, 73, 244, 73, 73, 73, 73, 244, 320, 7, 70, 473, 106, 284, 206, 206, 206, 240, 240, 35, 35, 82, 68, 342, 342, 323, 323, 196, 106, 153, 153, 153, 153, 387, 169, 349, 25, 25, 25, 25, 25, 25, 25, 25, 100, 100, 100, 497, 497, 497, 98, 98, 98, 197, 244, 80, 80, 80, 80, 442, 209, 287, 287, 284, 284, 284, 450, 450, 450, 85, 85, 85, 85, 85, 85, 282, 282, 282, 388, 388, 94, 94, 195, 195, 195, 250, 250, 250, 250, 250, 109, 109, 109, 403, 403, 403, 207, 207, 207, 252, 354, 32, 32, 239, 75, 84, 180, 106, 153, 153, 387, 349, 349, 25, 25, 25, 25, 25, 25, 346, 387, 387, 387, 153, 182, 182, 182, 182, 406, 132, 132, 42, 406, 43, 132, 132, 98, 98, 98, 98, 13, 170, 170, 170, 170, 170, 170, 170, 187, 187, 187, 187, 187, 73, 73, 392, 392, 73, 73, 73, 244, 310, 310, 323, 323, 323, 323, 273, 106, 106, 153, 153, 153, 182, 182, 182, 182, 182, 182, 182, 182, 182, 182, 182, 345, 122, 122, 239, 129, 129, 82, 75, 107, 107, 323, 323, 273, 106, 106, 106, 100, 98, 98, 98, 98, 414, 17, 451, 451, 171, 264, 264, 264, 264, 264, 264, 264, 264, 264, 264, 264, 264, 264, 264, 264, 264, 264, 264, 264, 264, 264, 264, 264, 264, 264, 264, 264, 264, 264, 264, 264, 264, 264, 264, 264, 264, 264, 264, 264, 264, 264, 264, 264, 264, 264, 264, 264, 264, 264, 264, 264, 264, 264, 264, 264, 264, 264, 264, 264, 264, 264, 264, 264, 264, 264, 264, 264, 264, 264, 264, 264, 264, 264, 264, 264, 264, 264, 264, 264, 264, 264, 264, 264, 264, 264, 264, 264, 264, 264, 264, 264, 264, 264, 264, 264, 264, 264, 264, 264, 264, 264, 264, 264, 264, 264, 264, 264, 264, 264, 264, 264, 264, 264, 264, 264, 264, 264, 264, 264, 264, 264, 264, 264, 264, 264, 264, 264, 264, 264, 264, 264, 264, 264, 264, 264, 264, 264, 264, 264, 264, 264]

ep119
Train step Loss: [3.175093412399292, 3.033872127532959, 2.9751062393188477, 3.097730875015259, 2.858788251876831, 2.463191032409668, 2.823843240737915, 2.9258334636688232, 2.7243025302886963, 2.7020936012268066, 2.742793083190918, 2.8146631717681885, 2.8443551063537598, 2.48811674118042, 2.549649477005005, 2.960843086242676, 3.454530954360962, 2.768465757369995, 2.708043336868286, 2.611949920654297, 2.5298166275024414, 2.951815366744995, 2.219802141189575, 2.7906408309936523, 2.6602420806884766, 3.1361985206604004, 2.977215528488159, 3.3615055084228516, 2.8751745223999023, 3.342137336730957, 2.8710734844207764, 3.044133424758911, 2.8294689655303955, 2.935159921646118, 2.574446201324463, 2.564117908477783, 2.528407335281372, 2.5902955532073975, 2.7026734352111816, 2.5177183151245117, 2.7912464141845703, 3.01153826713562, 2.6287689208984375, 3.1484594345092773, 3.2096877098083496, 2.9332237243652344, 3.1452531814575195, 2.668172836303711, 2.996020793914795, 2.936751127243042, 2.9726943969726562, 2.9534223079681396, 3.1070284843444824, 3.221198558807373, 2.5077569484710693, 2.524900197982788, 3.0386035442352295, 3.0812551975250244, 2.147575616836548, 2.545483350753784, 2.5910046100616455, 2.606969118118286, 2.906492233276367]
val step Loss: [2.462002992630005, 2.439370632171631, 2.05912184715271, 2.298306703567505, 2.4921798706054688, 2.4332282543182373, 2.7398316860198975, 2.1801159381866455, 2.3651721477508545, 2.377803087234497, 2.0726678371429443, 2.083219289779663, 2.3807358741760254, 2.5051772594451904, 2.137507915496826, 2.230775833129883]
Train step Accs: [0.34224527799946797, 0.39142294287013185, 0.37338545207341944, 0.3852968604289711, 0.3893898406973249, 0.48541891683382193, 0.41254125412541254, 0.3890467171717172, 0.43302047781569963, 0.43128096249115355, 0.4273517786561265, 0.4076065045020831, 0.421335597057159, 0.4788154897494305, 0.4735419630156472, 0.3782497253753204, 0.32274631706987433, 0.41378374711708044, 0.44086790653314256, 0.45735785953177255, 0.4915469146238377, 0.391994917407878, 0.5694782373614491, 0.4415604845052698, 0.4495603321934538, 0.37421185372005045, 0.38777318369757824, 0.2729957182932231, 0.3967564436721691, 0.31056085918854415, 0.4137662337662338, 0.3781963156447622, 0.4185677158533064, 0.37014061207609594, 0.4800704989154013, 0.47403967918953144, 0.47657605552342397, 0.47221801665404994, 0.4517976455615654, 0.4645962732919255, 0.44400352733686066, 0.40147657841140527, 0.47959183673469385, 0.3661256175017643, 0.3449117267116406, 0.4062974727247618, 0.31640127388535033, 0.4302678120262759, 0.3581634291218494, 0.4094935872008462, 0.411635565312843, 0.38799016435874206, 0.35121951219512193, 0.3662080493763662, 0.49570200573065903, 0.4803590010405827, 0.3672514619883041, 0.38028579760863224, 0.5851577591757888, 0.46460579296012466, 0.4654978962131837, 0.49518922386144965, 0.3953900709219858]
val step Accs: [0.5153491941673062, 0.49867934495509775, 0.6254777070063694, 0.5524996418851168, 0.5099270072992701, 0.5473627556512379, 0.45497015312743316, 0.6087738721284252, 0.5450052029136316, 0.5460030165912518, 0.6121649161310551, 0.6145522388059701, 0.5470793938608989, 0.4956730129143922, 0.5796747967479675, 0.5905471358849217]
Preds: [17, 287, 111, 111, 319, 319, 348, 438, 8, 43, 345, 276, 100, 497, 497, 497, 122, 345, 345, 313, 406, 467, 84, 486, 499, 284, 481, 426, 426, 481, 481, 16, 293, 293, 293, 348, 348, 250, 250, 250, 65, 65, 65, 426, 426, 426, 426, 206, 206, 169, 169, 77, 77, 342, 342, 342, 115, 267, 267, 464, 324, 464, 464, 464, 180, 315, 315, 319, 319, 319, 282, 330, 388, 299, 94, 250, 250, 250, 10, 479, 331, 331, 486, 486, 486, 486, 460, 169, 150, 150, 342, 342, 224, 494, 494, 422, 338, 338, 338, 338, 395, 400, 400, 400, 213, 213, 324, 246, 246, 422, 186, 338, 338, 338, 338, 338, 395, 395, 400, 400, 374, 374, 374, 374, 374, 374, 139, 497, 497, 497, 497, 122, 129, 259, 74, 183, 183, 420, 213, 213, 213, 252, 143, 143, 259, 445, 445, 420, 213, 213, 324, 324, 301, 301, 345, 183, 324, 264, 324, 213, 213, 213, 213, 246, 246, 19, 19, 19, 454, 454, 414, 414, 414, 414, 170, 187, 187, 408, 408, 408, 408, 408, 408, 408, 408, 391, 73, 73, 320, 320, 66, 66, 66, 66, 68, 115, 115, 115, 267, 267, 267, 267, 267, 213, 246, 246, 246, 246, 246, 246, 246, 246, 246, 301, 301, 8, 259, 354, 106, 106, 284, 284, 376, 206, 460, 169, 169, 150, 77, 342, 342, 172, 172, 224, 196, 485, 398, 331, 331, 84, 84, 153, 153, 497, 497, 497, 43, 43, 276, 276, 346, 346, 346, 284, 486, 376, 376, 376, 460, 460, 460, 263, 263, 263, 414, 414, 414, 414, 414, 170, 170, 244, 47, 47, 73, 244, 244, 244, 321, 321, 320, 7, 7, 479, 398, 290, 290, 290, 290, 434, 434, 378, 378, 250, 250, 406, 467, 337, 337, 301, 360, 434, 434, 422, 338, 338, 338, 338, 338, 338, 400, 400, 400, 324, 464, 464, 464, 464, 240, 240, 240, 35, 32, 32, 354, 100, 100, 100, 100, 497, 497, 122, 122, 239, 445, 445, 213, 464, 171, 171, 171, 171, 171, 252, 32, 324, 445, 464, 464, 443, 443, 240, 240, 203, 8, 8, 324, 324, 420, 213, 213, 213, 246, 246, 246, 246, 246, 19, 414, 414, 170, 170, 170, 47, 47, 408, 187, 408, 408, 73, 73, 73, 244, 321, 320, 320, 7, 276, 276, 346, 346, 346, 346, 387, 293, 293, 169, 35, 35, 180, 324, 324, 464, 180, 139, 139, 139, 139, 293, 122, 122, 77, 323, 323, 168, 168, 494, 251, 208, 114, 114, 27, 114, 486, 443, 443, 240, 240, 34, 34, 398, 324, 199, 34, 374, 120, 169, 355, 355, 324, 324, 114, 278, 338, 338, 436, 436, 436, 436, 436, 99, 199, 303, 303, 169, 186, 338, 338, 338, 338, 338, 395, 400, 400, 400, 400, 213, 213, 324, 464, 422, 186, 338, 338, 338, 338, 395, 213, 273, 273, 273, 330, 275, 467, 398, 398, 199, 331, 331, 486, 443, 120, 207, 299, 299, 251, 219, 219, 246, 19, 19, 246, 246, 246, 19, 19, 19, 19, 170, 414, 414, 414, 414, 414, 392, 392, 392, 28, 28, 73, 73, 244, 320, 321, 320, 7, 7, 374, 374, 132, 217, 217, 473, 473, 337, 19, 19, 19, 19, 414, 414, 170, 451, 171, 171, 171, 171, 264, 264, 264, 264, 264, 264, 264, 264, 264, 264, 264, 264, 264, 264, 264, 264, 264, 264, 264, 264, 264, 264, 264, 264, 264, 264, 264, 264, 264, 264, 264, 264, 264, 264, 264, 264, 264, 264, 264, 264, 264, 264, 264, 264, 264, 264, 264, 264, 264, 264, 264, 264, 264]

ep120
Train step Loss: [2.879768133163452, 2.9473111629486084, 2.5723869800567627, 2.749377489089966, 3.0493626594543457, 2.7965612411499023, 3.0564892292022705, 3.171919107437134, 2.8224921226501465, 3.1211905479431152, 2.8502066135406494, 2.755587577819824, 2.826436758041382, 2.914216995239258, 2.899820327758789, 3.134760618209839, 2.6231956481933594, 2.860919952392578, 2.9446351528167725, 2.5465707778930664, 2.551455497741699, 2.543858528137207, 2.435805559158325, 2.6145317554473877, 3.032092809677124, 2.899043083190918, 2.5462193489074707, 2.870919704437256, 3.2316904067993164, 2.8198697566986084, 3.112765073776245, 3.026235818862915, 3.0097579956054688, 2.655363082885742, 2.976977586746216, 2.2490837574005127, 3.028322458267212, 2.7249090671539307, 3.2881250381469727, 2.800732374191284, 3.457808494567871, 2.4670658111572266, 2.969611406326294, 2.1151931285858154, 2.8333661556243896, 2.6392765045166016, 2.937173366546631, 2.744641065597534, 2.0115983486175537, 2.9689602851867676, 2.703134775161743, 2.783304452896118, 2.675960063934326, 2.8498003482818604, 3.0806620121002197, 2.409609317779541, 2.2955727577209473, 2.5022974014282227, 3.2446868419647217, 2.679323673248291, 2.600220203399658, 3.1986560821533203, 3.44673490524292]
val step Loss: [1.9921956062316895, 2.4349586963653564, 1.7322098016738892, 2.448657512664795, 2.219200611114502, 2.4141836166381836, 2.1980478763580322, 2.519810438156128, 2.4548330307006836, 2.399454116821289, 2.492581367492676, 2.3354809284210205, 2.3510823249816895, 2.1845877170562744, 2.247936725616455, 2.960273504257202]
Train step Accs: [0.4152859433458044, 0.3809809329655834, 0.46344175701973866, 0.4314121037463977, 0.332315743567379, 0.4138604930847865, 0.34186831738885765, 0.3529949702789209, 0.4229260935143288, 0.3413111342351717, 0.39734927234927236, 0.4120854826823876, 0.41330645161290325, 0.3912337662337662, 0.406567992599445, 0.3663603675589293, 0.45234667434494674, 0.41990427927927926, 0.40322799403227993, 0.477124183006536, 0.4765348288075561, 0.4821791570673533, 0.5282407407407408, 0.46598101265822783, 0.3846476510067114, 0.36641996807429983, 0.4761532447224394, 0.3818940005380683, 0.33801963398375956, 0.41718458669981356, 0.36333288823607957, 0.38220733838089693, 0.3914639119206198, 0.46356441048034935, 0.3908183037710538, 0.5756842582791472, 0.3449036623032799, 0.44073433550618596, 0.31135945678313764, 0.408130875350995, 0.3090521564694082, 0.502781536611036, 0.3874386964087961, 0.5861781848459617, 0.42216246815737335, 0.47212268883474273, 0.4112815744614908, 0.42288486231987443, 0.603051996985682, 0.3798778869126626, 0.4543119762097864, 0.4143047929959935, 0.4385869565217391, 0.39341223442178813, 0.3734520123839009, 0.4877030162412993, 0.5207519884309472, 0.48515679442508713, 0.3443378597234334, 0.46090116279069765, 0.48514851485148514, 0.32215357458075905, 0.2573979591836735]
val step Accs: [0.6182072829131653, 0.5203677510608203, 0.6907838070628768, 0.520354979574588, 0.5941920140192765, 0.5385222193005522, 0.5831077422847861, 0.5260054251680623, 0.5236708860759494, 0.5088393543428132, 0.5006188969880346, 0.5456674473067916, 0.5381333333333334, 0.6010630857462582, 0.5614592794429306, 0.40162571586920376]
Preds: [17, 17, 83, 145, 486, 460, 460, 169, 169, 349, 349, 349, 25, 25, 25, 25, 25, 106, 387, 387, 348, 348, 348, 398, 398, 398, 324, 360, 434, 434, 339, 339, 248, 473, 398, 398, 360, 360, 360, 360, 360, 360, 434, 434, 434, 246, 19, 19, 19, 454, 454, 414, 414, 414, 414, 414, 249, 80, 80, 80, 80, 321, 320, 188, 188, 188, 171, 171, 434, 434, 339, 339, 250, 345, 43, 153, 43, 43, 43, 129, 285, 285, 34, 34, 84, 139, 139, 139, 274, 293, 274, 122, 8, 75, 354, 354, 420, 420, 360, 360, 360, 360, 434, 434, 19, 19, 19, 454, 454, 414, 414, 414, 414, 414, 392, 414, 244, 244, 47, 20, 20, 80, 321, 320, 7, 7, 7, 309, 473, 473, 398, 398, 360, 360, 360, 360, 434, 434, 434, 246, 246, 246, 246, 19, 19, 454, 454, 197, 197, 197, 7, 7, 7, 219, 219, 219, 219, 219, 219, 286, 286, 286, 286, 378, 468, 406, 467, 84, 499, 486, 486, 315, 315, 315, 315, 282, 282, 388, 348, 348, 250, 250, 250, 250, 138, 138, 153, 497, 497, 349, 349, 349, 349, 25, 25, 25, 25, 25, 25, 25, 106, 346, 153, 153, 182, 98, 98, 98, 98, 98, 197, 197, 197, 244, 188, 188, 422, 422, 31, 224, 224, 31, 342, 342, 342, 168, 168, 273, 444, 444, 444, 171, 324, 324, 324, 252, 422, 77, 162, 342, 172, 115, 115, 273, 273, 486, 486, 460, 460, 460, 178, 35, 35, 35, 411, 100, 100, 100, 182, 182, 182, 182, 182, 182, 182, 182, 182, 98, 98, 98, 98, 98, 98, 13, 80, 75, 321, 437, 287, 287, 426, 426, 426, 426, 98, 98, 98, 98, 13, 17, 451, 451, 171, 171, 171, 171, 171, 171, 171, 171, 171, 171, 171, 171, 171, 171, 171, 171, 171, 171, 171, 171, 171, 171, 171, 171, 171, 171, 171, 171, 403, 403, 403, 403, 403, 403, 403, 403, 403, 403, 403, 403, 403, 403, 403, 403, 403, 403, 403, 403, 403, 403, 403, 403, 403, 403, 403, 403, 403, 403, 403, 403, 403, 403, 403, 403, 403, 403, 403, 403, 403, 403, 403, 403, 403, 403, 403, 403, 403, 403, 403, 403, 403, 403, 403, 403, 403, 403, 403, 403, 403, 403, 403, 403, 403, 403, 403, 403, 403, 403, 403, 403, 403, 403, 403, 403, 403, 403, 403, 403, 403, 403, 171, 171, 171, 171, 171, 171, 171, 171, 171, 171, 171, 171, 171, 171, 171, 171, 171, 171, 171, 171, 171, 171, 171, 171, 171, 171, 171, 171, 171, 171, 171, 171, 171, 171, 171, 171, 171, 171, 171, 171, 171, 171, 171, 171, 171, 171, 171, 171, 171, 171, 171, 171, 171, 171, 171, 171, 171, 171, 171, 171, 171, 171, 171, 171, 171, 171, 171, 171, 171, 171, 171, 171, 171, 171, 171, 171, 171, 171, 171, 171, 171, 171, 171, 171, 171, 171, 171, 171, 171, 171, 171, 171, 171, 171, 171, 171, 171, 171, 171, 171, 171, 171, 171, 171, 171, 171, 171, 171, 171, 171, 171, 171, 171, 171, 171, 171, 171, 171, 171, 171, 171, 171, 171, 171, 171, 171, 171, 171, 171, 171, 171, 171, 171, 171, 171, 171, 171, 171, 171, 171, 171, 171, 171, 171, 171, 171, 171, 171, 171, 171, 171, 171, 171, 171, 171, 171, 171, 171, 171, 171, 171, 171, 171, 171, 171, 171, 171, 171, 171, 171, 171, 171, 171, 171, 171, 171, 171, 171, 171, 171, 171, 171, 171, 171, 171, 171, 171, 171, 171, 171, 171, 171, 171, 171, 171, 171, 171, 171]

ep121
Train step Loss: [2.7253575325012207, 2.9501287937164307, 2.9718825817108154, 2.8455536365509033, 2.9209489822387695, 2.6406989097595215, 2.9862983226776123, 2.8087575435638428, 2.2825400829315186, 3.0199310779571533, 2.3304009437561035, 3.1396849155426025, 3.1157920360565186, 2.7982099056243896, 2.8761367797851562, 2.48840594291687, 2.758817195892334, 2.977466106414795, 2.800428867340088, 2.3965890407562256, 2.6986570358276367, 3.0625758171081543, 2.92805814743042, 2.5309648513793945, 2.7358267307281494, 2.6505963802337646, 2.751171350479126, 3.203782796859741, 2.612492322921753, 2.729757785797119, 2.9263253211975098, 2.756924867630005, 2.514988422393799, 2.996245861053467, 2.360185384750366, 2.525446891784668, 3.006382703781128, 2.6912527084350586, 2.8557608127593994, 2.52117919921875, 2.8864312171936035, 2.6907193660736084, 2.4833686351776123, 2.443242073059082, 2.9296228885650635, 2.299004316329956, 2.6297380924224854, 3.23258900642395, 2.59684681892395, 2.946648359298706, 2.667689800262451, 2.6207692623138428, 2.878624677658081, 2.713273286819458, 2.607847213745117, 3.0638771057128906, 2.953766345977783, 3.501424551010132, 2.8202905654907227, 3.194064140319824, 2.4257874488830566, 2.697721481323242, 2.934227228164673]
val step Loss: [2.3480193614959717, 2.2183728218078613, 2.3428385257720947, 2.4338042736053467, 2.176427125930786, 2.1750073432922363, 2.108092784881592, 2.3929991722106934, 2.677217960357666, 2.2520010471343994, 2.415199041366577, 2.183651924133301, 2.1842665672302246, 2.4333302974700928, 2.3906021118164062, 2.1797211170196533]
Train step Accs: [0.426839953271028, 0.37557894736842107, 0.3481854578328813, 0.427802037845706, 0.3899565156403423, 0.48272578890097934, 0.37633610451306415, 0.4360203775846569, 0.5555082339579784, 0.37468202902887926, 0.5498751040799333, 0.3426931236740297, 0.3873538105641948, 0.3955124800849708, 0.39884743706399756, 0.5016122248703211, 0.4278250485147037, 0.3810810810810811, 0.4288118950764483, 0.4879112168053904, 0.4753572470107903, 0.3544899516662427, 0.419681380683704, 0.4652198907732107, 0.436381228834059, 0.44808126410835214, 0.43028322440087147, 0.3363954505686789, 0.4556042958705188, 0.45, 0.387595818815331, 0.40933944140682726, 0.4976245210727969, 0.3445202618019774, 0.5063256325632564, 0.4778688524590164, 0.3882232984960489, 0.4368108566581849, 0.37203495630461925, 0.46594259115593484, 0.38253944845892934, 0.43644379132990446, 0.5077504725897921, 0.4935970404097894, 0.39643380556912555, 0.5263977353149327, 0.45790613718411555, 0.34439300411522633, 0.4638492871690428, 0.3689232167196729, 0.46866691986327386, 0.47350842568695917, 0.4066150413440084, 0.45630252100840335, 0.45125130344108444, 0.3413751507840772, 0.41290410585186194, 0.3155609822276489, 0.3910753474762253, 0.32867132867132864, 0.5131149865305544, 0.4450061274509804, 0.39616766467065867]
val step Accs: [0.5473081023454158, 0.5878418549346016, 0.5522730751568957, 0.5463159383396974, 0.5981578947368421, 0.5757133377571334, 0.5961590115498254, 0.5323291175216711, 0.47941550190597204, 0.564474907063197, 0.5221562357240749, 0.5843758687795385, 0.5788414546499928, 0.505834535203881, 0.5474185280117173, 0.5983572895277207]
Preds: [17, 17, 287, 287, 319, 319, 319, 319, 348, 348, 348, 348, 250, 250, 250, 331, 138, 138, 138, 138, 182, 182, 182, 182, 182, 182, 182, 497, 497, 497, 98, 14, 14, 14, 287, 287, 284, 111, 111, 111, 111, 111, 438, 299, 94, 94, 94, 398, 398, 398, 324, 324, 301, 301, 378, 43, 88, 65, 138, 138, 153, 182, 297, 182, 297, 481, 426, 426, 284, 284, 284, 426, 426, 426, 426, 413, 413, 350, 182, 250, 497, 303, 242, 43, 43, 43, 276, 276, 346, 346, 346, 428, 111, 111, 111, 85, 438, 438, 240, 240, 251, 431, 431, 431, 431, 428, 428, 146, 146, 146, 146, 143, 186, 54, 54, 232, 54, 482, 482, 482, 482, 115, 273, 273, 470, 171, 403, 403, 290, 171, 171, 171, 434, 252, 252, 339, 32, 239, 354, 420, 324, 324, 301, 301, 301, 301, 250, 345, 88, 84, 84, 499, 426, 426, 426, 426, 319, 282, 282, 169, 169, 77, 77, 342, 342, 115, 115, 267, 267, 267, 213, 213, 324, 246, 246, 246, 246, 434, 434, 339, 339, 398, 398, 398, 324, 324, 324, 422, 422, 422, 162, 162, 68, 115, 115, 273, 273, 273, 315, 85, 85, 85, 85, 85, 282, 282, 169, 169, 77, 77, 342, 224, 224, 267, 464, 464, 464, 464, 464, 464, 180, 169, 169, 169, 486, 486, 486, 486, 85, 85, 146, 240, 240, 35, 183, 183, 106, 486, 486, 139, 139, 293, 293, 293, 122, 77, 342, 342, 115, 273, 273, 273, 284, 486, 486, 376, 376, 460, 460, 460, 263, 263, 229, 312, 170, 312, 312, 23, 23, 23, 23, 23, 408, 408, 408, 408, 23, 408, 408, 391, 408, 391, 391, 391, 320, 66, 66, 66, 115, 115, 267, 115, 267, 273, 273, 378, 378, 153, 153, 88, 174, 319, 319, 426, 319, 319, 293, 348, 219, 219, 219, 464, 464, 464, 180, 315, 315, 319, 319, 319, 319, 348, 348, 348, 250, 406, 406, 324, 467, 337, 337, 19, 324, 324, 3, 301, 301, 301, 8, 354, 354, 106, 106, 284, 284, 206, 206, 206, 282, 388, 169, 77, 77, 342, 224, 273, 470, 331, 331, 114, 443, 371, 213, 213, 213, 213, 213, 213, 246, 246, 246, 246, 246, 246, 246, 246, 246, 19, 454, 454, 414, 414, 414, 414, 414, 249, 249, 249, 47, 187, 187, 73, 73, 244, 73, 73, 244, 321, 320, 287, 287, 287, 284, 284, 460, 460, 460, 169, 169, 150, 224, 168, 168, 494, 77, 323, 115, 115, 115, 232, 323, 323, 224, 273, 273, 106, 106, 424, 424, 424, 424, 182, 182, 497, 497, 497, 122, 122, 122, 197, 197, 197, 197, 7, 7, 7, 309, 473, 473, 473, 398, 398, 360, 360, 360, 434, 434, 434, 434, 434, 246, 246, 246, 422, 338, 338, 338, 338, 338, 338, 338, 338, 400, 400, 400, 286, 286, 286, 374, 374, 374, 250, 250, 331, 180, 251, 275, 275, 275, 275, 275, 303, 303, 48, 48, 48, 170, 414, 414, 414, 414, 170, 170, 170, 187, 187, 392, 12, 12, 12, 408, 408, 73, 320, 321, 321, 320, 287, 287, 287, 287, 284, 284, 460, 460, 460, 460, 169, 35, 77, 77, 342, 342, 224, 267, 267, 267, 267, 213, 213, 246, 246, 246, 301, 301, 301, 378, 276, 345, 109, 346, 346, 284, 284, 428, 376, 428, 428, 146, 240, 240, 35, 169, 35, 422, 371, 371, 371, 485, 464, 301, 301, 32, 196, 196, 250, 250, 250, 196, 196, 309, 398, 398, 398, 398, 286, 286, 374, 374, 374, 374, 374, 132, 132, 132, 132, 132, 132, 132, 251]

ep122
Train step Loss: [3.0325279235839844, 2.767723560333252, 3.0038187503814697, 3.377429962158203, 2.8608834743499756, 2.662187099456787, 2.76871919631958, 2.4483749866485596, 2.7783358097076416, 2.694988965988159, 3.453033924102783, 2.3157742023468018, 2.7297182083129883, 2.626185178756714, 2.2460145950317383, 2.4008307456970215, 3.0360336303710938, 3.3909335136413574, 2.721625566482544, 2.4908719062805176, 2.8641629219055176, 2.5024538040161133, 2.714568614959717, 2.5573432445526123, 2.391948699951172, 3.1075079441070557, 2.7203476428985596, 2.84653639793396, 2.3639557361602783, 2.5299785137176514, 3.016105890274048, 3.2958648204803467, 3.0976076126098633, 2.659846544265747, 2.7922303676605225, 2.676048517227173, 3.2150397300720215, 2.3502824306488037, 2.8063559532165527, 2.457608938217163, 2.7079668045043945, 2.5458667278289795, 2.4843103885650635, 2.9583821296691895, 2.7041103839874268, 2.789461374282837, 3.0599892139434814, 3.125096559524536, 2.644595146179199, 2.481062650680542, 2.5103611946105957, 2.70918607711792, 2.8374667167663574, 2.7772459983825684, 3.151681423187256, 2.6482629776000977, 2.4124109745025635, 2.776045799255371, 3.240361452102661, 2.805551290512085, 2.4293527603149414, 2.897974967956543, 2.921302080154419]
val step Loss: [2.2575457096099854, 1.8753465414047241, 2.1529836654663086, 2.3163697719573975, 2.41009783744812, 2.454315423965454, 2.7779600620269775, 2.2284443378448486, 2.0468246936798096, 2.210371494293213, 2.079085111618042, 2.062311887741089, 2.7073092460632324, 2.3067734241485596, 2.219275712966919, 2.5948073863983154]
Train step Accs: [0.37351283656856604, 0.42313856913886055, 0.37855227882037534, 0.32996945956712254, 0.3881458538645643, 0.45172807769208795, 0.41589334727486604, 0.5095700052438384, 0.425094816687737, 0.45036353467561524, 0.274284148513495, 0.5005315110098709, 0.46710526315789475, 0.4562420472218295, 0.5484342041213695, 0.5026846611522275, 0.3606969642536375, 0.2976433728374881, 0.4272659916028649, 0.47609447004608296, 0.40451148629947414, 0.48836561237285775, 0.4260513688964155, 0.45341765993675504, 0.5171708315066491, 0.3632075471698113, 0.4361366245694604, 0.39849204132923766, 0.5416552854411363, 0.49396471680594245, 0.3526750066542454, 0.32087881332213825, 0.35327591510304523, 0.44640914036996737, 0.4058894960534305, 0.4664053751399776, 0.3299565846599132, 0.5319177711658101, 0.4217895719429257, 0.5097074104457205, 0.4142493020997694, 0.5045353159851301, 0.4824720459353279, 0.3993997912317328, 0.410506123653534, 0.4032023289665211, 0.353037992044987, 0.38417414325636123, 0.4456614509246088, 0.4719136285401346, 0.48003459708807844, 0.4452484980884762, 0.38609532138172276, 0.40678818353236956, 0.3624384400372687, 0.4638407561220106, 0.5092541436464089, 0.44457325025358646, 0.3225991126377558, 0.4228187919463087, 0.49687130052426853, 0.41945701357466064, 0.41984]
val step Accs: [0.5485489557906157, 0.6605787781350483, 0.6021741943833312, 0.5536651070466468, 0.5216134707212867, 0.5212579295451478, 0.4314391143911439, 0.5620300751879699, 0.629553264604811, 0.5858683405762112, 0.6156905774242216, 0.604599211563732, 0.46618880173113336, 0.5389391979301423, 0.5814814814814815, 0.5002106149957877]
Preds: [17, 7, 217, 217, 473, 473, 473, 476, 213, 360, 360, 252, 143, 107, 422, 75, 107, 107, 395, 395, 213, 171, 171, 171, 246, 3, 3, 3, 143, 197, 259, 354, 241, 109, 109, 264, 264, 313, 34, 337, 337, 337, 171, 360, 360, 434, 434, 339, 339, 398, 339, 199, 10, 10, 33, 248, 250, 250, 250, 250, 250, 250, 250, 43, 76, 129, 259, 441, 100, 100, 100, 497, 497, 497, 497, 43, 43, 441, 208, 441, 346, 346, 346, 306, 306, 372, 372, 396, 396, 396, 396, 396, 406, 406, 467, 303, 303, 303, 303, 303, 303, 303, 303, 48, 48, 48, 48, 417, 414, 414, 414, 170, 47, 170, 2, 244, 392, 392, 392, 244, 392, 392, 321, 321, 66, 66, 66, 66, 172, 172, 115, 115, 267, 267, 286, 286, 374, 468, 468, 139, 139, 274, 274, 399, 399, 398, 398, 398, 398, 324, 324, 324, 324, 3, 3, 3, 3, 440, 440, 145, 111, 111, 460, 240, 240, 114, 114, 171, 111, 111, 111, 438, 169, 224, 342, 168, 54, 168, 273, 443, 443, 443, 460, 240, 240, 35, 35, 35, 251, 324, 324, 324, 41, 213, 213, 213, 246, 246, 246, 246, 246, 246, 246, 3, 197, 197, 259, 259, 354, 284, 284, 284, 284, 284, 376, 376, 376, 460, 460, 263, 170, 170, 170, 170, 392, 392, 392, 28, 28, 320, 320, 187, 244, 287, 287, 284, 473, 287, 287, 287, 321, 287, 320, 219, 219, 213, 213, 324, 301, 301, 143, 259, 259, 354, 437, 437, 284, 319, 319, 282, 17, 171, 171, 171, 171, 171, 171, 171, 171, 171, 171, 171, 171, 171, 171, 171, 171, 171, 171, 171, 171, 171, 171, 171, 171, 171, 171, 171, 171, 171, 171, 171, 171, 171, 171, 171, 171, 171, 171, 171, 171, 171, 171, 171, 171, 171, 171, 171, 171, 171, 171, 171, 171, 171, 171, 171, 171, 171, 171, 171, 171, 171, 171, 171, 171, 171, 171, 171, 171, 171, 171, 171, 171, 171, 171, 171, 171, 171, 171, 171, 171, 171, 171, 171, 171, 171, 171, 171, 171, 171, 171, 171, 171, 171, 171, 171, 171, 171, 171, 171, 171, 171, 171, 171, 171, 171, 171, 171, 171, 171, 171, 171, 171, 171, 171, 171, 171, 171, 171, 171, 171, 171, 171, 171, 171, 171, 171, 171, 171, 171, 171, 171, 171, 171, 171, 171, 171, 171, 171, 171, 171, 171, 171, 171, 171, 171, 171, 171, 171, 171, 171, 171, 171, 171, 171, 171, 171, 171, 171, 171, 171, 171, 171, 171, 171, 171, 171, 171, 171, 171, 171, 171, 171, 171, 171, 171, 171, 171, 171, 171, 171, 171, 171, 171, 171, 171, 171, 171, 171, 171, 171, 171, 171, 171, 171, 171, 171, 171, 171, 171, 171, 171, 171, 171, 171, 171, 171, 171, 171, 171, 171, 171, 171, 171, 171, 171, 171, 171, 171, 171, 171, 171, 171, 171, 171, 171, 171, 171, 171, 171, 171, 171, 171, 171, 171, 171, 171, 171, 171, 171, 171, 171, 171, 171, 171, 171, 171, 171, 171, 171, 171, 171, 171, 171, 171, 171, 171, 171, 171, 171, 171, 171, 171, 171, 171, 171, 171, 171, 171, 171, 171, 171, 171, 171, 171, 171, 171, 171, 171, 171, 171, 171, 171, 171, 171, 171, 171, 171, 171, 171, 171, 171, 171, 171, 171, 171, 171, 171, 171, 171, 171, 171, 171, 171, 171, 171, 171, 171, 171, 171, 171, 171, 171, 171, 171, 171, 171, 171, 171, 171, 171, 171, 171, 171, 171, 171, 171, 171, 171, 171, 171, 171, 171, 171, 171, 171, 171, 171, 171, 171]

ep123
Train step Loss: [2.642388343811035, 2.3062703609466553, 2.4602668285369873, 2.3180580139160156, 3.072889566421509, 2.465122938156128, 2.7999074459075928, 2.7409214973449707, 2.470623254776001, 2.9141197204589844, 2.8844146728515625, 2.6319937705993652, 2.667928695678711, 2.7327187061309814, 2.872652769088745, 3.183736562728882, 2.3558578491210938, 2.5881454944610596, 2.902134418487549, 2.8159267902374268, 2.45347261428833, 2.903536319732666, 2.400442123413086, 2.9564363956451416, 2.8353817462921143, 3.04348087310791, 2.6153228282928467, 2.4851319789886475, 3.1029295921325684, 2.927757501602173, 2.6286072731018066, 2.6684229373931885, 2.765195846557617, 2.660642147064209, 3.235243082046509, 2.4527173042297363, 2.8688297271728516, 2.5545449256896973, 2.4826276302337646, 2.8685121536254883, 2.894699811935425, 2.4989802837371826, 2.6868579387664795, 2.847311019897461, 2.9581568241119385, 2.8289997577667236, 3.2638731002807617, 2.566265344619751, 2.7601630687713623, 3.268872022628784, 2.5332353115081787, 3.1424124240875244, 2.6337969303131104, 2.919229745864868, 2.755152463912964, 2.6358067989349365, 3.196542739868164, 2.801945447921753, 3.04384183883667, 2.3314707279205322, 2.8397772312164307, 2.5107083320617676, 2.551119089126587]
val step Loss: [2.2594010829925537, 1.9505208730697632, 2.3636553287506104, 2.4782984256744385, 2.867170810699463, 2.4933090209960938, 2.470022201538086, 2.0093929767608643, 2.2875921726226807, 2.2349367141723633, 2.220001220703125, 2.0387117862701416, 2.402886390686035, 2.1682982444763184, 2.2212936878204346, 2.0540521144866943]
Train step Accs: [0.46661281637049, 0.5237421383647799, 0.5010244286840031, 0.5204216073781291, 0.33126601051638127, 0.48093443858327056, 0.42550612195417625, 0.4128622469233823, 0.4829012686155543, 0.39208682511333975, 0.381177423710505, 0.4501981144965159, 0.44311551925320886, 0.42778301251850853, 0.39253507014028055, 0.36579205836958045, 0.5154277699859747, 0.4710430803219189, 0.4011498758656736, 0.4073453428292138, 0.5188152811561024, 0.4063147823313666, 0.5288873038516405, 0.39358490566037735, 0.4317486794551015, 0.3457008244994111, 0.43535978277266557, 0.5199637023593466, 0.37352856732701695, 0.4066322370209296, 0.4604420243433696, 0.4338300853394472, 0.4759972954699121, 0.4189285206764246, 0.3283898305084746, 0.4728205128205128, 0.40497838724101953, 0.4650732459521974, 0.4970584211246409, 0.3982743528823309, 0.388285378743394, 0.48722572888488125, 0.4137464483831687, 0.39791231732776616, 0.38294360385144427, 0.39622641509433965, 0.34226519337016575, 0.48505519037579065, 0.4384735202492212, 0.3291425342562509, 0.4664710198092443, 0.3436855847189776, 0.4659010600706714, 0.39606892837910607, 0.4172991550909351, 0.45844469899452717, 0.32427776305327327, 0.38492763854571127, 0.38112569868711815, 0.53431453613362, 0.4259457803645275, 0.47333783327708406, 0.4709562109025916]
val step Accs: [0.5556770050553355, 0.6214927812585127, 0.538806388344074, 0.5137417692527912, 0.4370394104453701, 0.5073870831574504, 0.5328378378378379, 0.5967675660868375, 0.5551544324107501, 0.5510520201368272, 0.5862911337835895, 0.6080058579448376, 0.5443755057998382, 0.57903951975988, 0.5861760572377667, 0.5868275721006341]
Preds: [17, 17, 287, 287, 284, 284, 111, 85, 85, 330, 388, 94, 94, 212, 324, 242, 359, 250, 250, 217, 217, 217, 473, 473, 398, 290, 171, 171, 246, 246, 246, 246, 246, 31, 77, 77, 342, 433, 433, 433, 323, 168, 219, 219, 213, 246, 246, 246, 246, 19, 19, 19, 454, 229, 229, 229, 170, 392, 392, 392, 392, 392, 392, 392, 392, 392, 244, 435, 289, 201, 289, 66, 66, 66, 323, 482, 106, 424, 274, 274, 122, 129, 129, 321, 75, 144, 445, 445, 351, 351, 403, 403, 290, 290, 290, 171, 434, 434, 434, 434, 434, 434, 246, 246, 19, 19, 143, 129, 401, 82, 75, 445, 445, 445, 180, 171, 171, 171, 416, 143, 458, 445, 445, 464, 464, 171, 171, 171, 301, 143, 129, 259, 75, 74, 213, 420, 213, 213, 213, 213, 246, 246, 246, 246, 246, 19, 117, 48, 197, 197, 197, 197, 197, 7, 188, 422, 31, 162, 232, 68, 68, 68, 68, 68, 115, 115, 267, 444, 286, 286, 286, 374, 374, 132, 132, 42, 42, 42, 345, 42, 467, 337, 337, 213, 213, 324, 246, 246, 143, 422, 422, 77, 323, 323, 219, 219, 219, 324, 464, 464, 464, 464, 180, 315, 315, 315, 315, 315, 450, 450, 450, 413, 303, 43, 43, 276, 276, 153, 182, 182, 182, 182, 182, 98, 98, 98, 98, 98, 17, 414, 170, 170, 392, 392, 392, 63, 63, 63, 63, 63, 63, 63, 63, 63, 63, 63, 63, 63, 63, 392, 73, 289, 320, 320, 320, 287, 287, 35, 35, 468, 35, 460, 460, 460, 460, 460, 169, 150, 150, 342, 224, 224, 494, 494, 494, 129, 422, 77, 68, 68, 267, 273, 273, 319, 319, 319, 388, 94, 348, 212, 212, 212, 212, 473, 473, 398, 324, 324, 464, 464, 464, 139, 319, 319, 282, 319, 203, 53, 53, 70, 70, 65, 46, 46, 46, 438, 438, 431, 431, 431, 324, 324, 324, 301, 301, 339, 10, 331, 398, 398, 464, 464, 464, 464, 486, 376, 376, 460, 460, 263, 263, 170, 170, 170, 170, 170, 392, 392, 392, 392, 63, 63, 63, 63, 63, 63, 63, 63, 63, 63, 63, 63, 63, 63, 63, 63, 63, 73, 392, 244, 289, 320, 321, 7, 309, 479, 473, 331, 290, 171, 171, 171, 171, 434, 434, 434, 3, 3, 14, 14, 14, 287, 287, 145, 111, 450, 450, 43, 43, 43, 182, 182, 43, 88, 109, 109, 207, 207, 324, 324, 324, 301, 8, 32, 239, 239, 75, 354, 371, 324, 213, 213, 246, 246, 19, 19, 454, 129, 401, 401, 401, 80, 80, 320, 321, 354, 486, 84, 486, 499, 288, 288, 403, 120, 120, 120, 282, 282, 330, 325, 325, 77, 77, 414, 310, 310, 107, 107, 107, 395, 338, 447, 352, 427, 427, 473, 171, 171, 171, 171, 171, 171, 171, 171, 171, 171, 171, 171, 171, 171, 171, 171, 171, 171, 171, 171, 171, 171, 171, 171, 171, 171, 171, 171, 171, 171, 171, 171, 171, 171, 171, 171, 171, 171, 403, 403, 403, 403, 403, 403, 403, 403, 403, 403, 403, 171, 171, 171, 171, 171, 171, 171, 171, 171, 171, 171, 171, 171, 171, 171, 171, 171, 171, 171, 171, 171, 171, 171, 171, 171, 171, 171, 171, 171, 171, 171, 171, 171, 171, 171, 171, 171, 171, 171, 171, 171, 171, 171, 171, 171, 171, 171, 171, 171, 171, 171, 171, 171, 171, 171, 171, 171, 171, 171, 171, 171, 171, 171, 171, 171, 171, 171, 171, 171, 171, 171, 171, 171, 171, 171, 171, 171, 171, 171, 171, 171, 171, 171, 171, 171]

ep124
Train step Loss: [2.3456003665924072, 2.568693161010742, 2.815744400024414, 3.0100719928741455, 2.636366128921509, 2.990058183670044, 2.8320064544677734, 3.042675018310547, 2.7917983531951904, 2.5614171028137207, 2.5888919830322266, 2.830547332763672, 2.7625086307525635, 2.939239025115967, 2.428408145904541, 2.428457736968994, 2.6449851989746094, 2.7215640544891357, 2.773043632507324, 3.064284086227417, 2.8664472103118896, 2.447469711303711, 2.481192111968994, 2.295020818710327, 3.294558048248291, 3.034658908843994, 2.708796739578247, 2.8382298946380615, 2.4290285110473633, 2.985957384109497, 2.7313621044158936, 2.2631289958953857, 2.745767593383789, 2.7340128421783447, 2.6150591373443604, 2.9573287963867188, 2.541378974914551, 2.5399537086486816, 2.6809608936309814, 2.4920644760131836, 2.5790562629699707, 2.7918689250946045, 2.98488450050354, 2.811450481414795, 2.9545021057128906, 2.8243021965026855, 3.045069932937622, 2.782855749130249, 2.5234529972076416, 2.652834892272949, 3.0401058197021484, 2.8543343544006348, 2.277998208999634, 2.7887237071990967, 2.588941812515259, 2.7775020599365234, 2.7129428386688232, 2.871035099029541, 2.8105266094207764, 2.11226487159729, 2.7562339305877686, 2.8254551887512207, 3.030799150466919]
val step Loss: [2.5578277111053467, 2.485466957092285, 2.004206418991089, 2.381272077560425, 2.3478143215179443, 2.489915132522583, 2.21732497215271, 2.4163732528686523, 1.8735438585281372, 1.8377381563186646, 2.121260404586792, 2.1484830379486084, 2.258148193359375, 2.6844210624694824, 1.990281581878662, 2.1879773139953613]
Train step Accs: [0.5174404015056462, 0.44426374926079243, 0.4016221507481471, 0.37312654763456277, 0.4551443790299972, 0.4151359294636297, 0.4438846907360761, 0.3926825655458451, 0.41320914479254867, 0.4636746512240063, 0.46651899812574543, 0.42010553375727233, 0.40568963192665497, 0.35843707629730065, 0.49153318077803204, 0.4988386635697695, 0.4376961707470182, 0.4202555608140085, 0.3892515560953393, 0.3428943937418514, 0.39625064201335386, 0.5018551600934451, 0.49668654738237245, 0.5509408602150537, 0.29430523917995444, 0.3684144189563902, 0.40570377184912604, 0.42358015815959743, 0.5059620596205963, 0.38739520092512286, 0.42210980508852847, 0.5331186752529898, 0.40786989981123856, 0.42834293026231607, 0.4514251061249242, 0.4161448407296488, 0.4546936557532944, 0.501932712956335, 0.43039591315453385, 0.48848056537102474, 0.4536383174700645, 0.37436180488477994, 0.4166021172217919, 0.4198677360348952, 0.39394925178919976, 0.4026813880126183, 0.3840413318025258, 0.4181672669067627, 0.49297770905811106, 0.44280926708436547, 0.36518624641833813, 0.4297564186965109, 0.5471571906354515, 0.41703572483023327, 0.45364198278996487, 0.4118543138069519, 0.44529115744069014, 0.4192704928748856, 0.4207346544224263, 0.5769172591135986, 0.42767381505258845, 0.4116091109478325, 0.33513235672063735]
val step Accs: [0.48307654979983017, 0.5184272155799334, 0.6339515364830107, 0.53625, 0.5257647858599592, 0.5165002773155851, 0.570281124497992, 0.5238229093464511, 0.6465737844754051, 0.6597867687260798, 0.5936606587942822, 0.5795965752430706, 0.561078348778433, 0.4862937062937063, 0.6220122290161201, 0.5782676464039189]
Preds: [17, 309, 479, 479, 331, 278, 443, 443, 271, 169, 150, 54, 54, 54, 224, 224, 273, 273, 273, 494, 494, 186, 264, 468, 468, 468, 468, 468, 467, 337, 337, 337, 337, 339, 434, 339, 33, 10, 479, 331, 331, 331, 331, 84, 84, 84, 426, 426, 426, 16, 98, 375, 375, 375, 98, 98, 98, 13, 13, 13, 13, 414, 47, 80, 442, 187, 187, 187, 187, 187, 187, 12, 12, 12, 12, 12, 12, 12, 12, 12, 73, 73, 73, 73, 244, 63, 73, 63, 73, 63, 63, 63, 63, 73, 244, 73, 7, 7, 7, 7, 7, 7, 7, 7, 354, 420, 420, 213, 213, 213, 213, 213, 213, 213, 246, 246, 246, 246, 246, 246, 246, 246, 246, 3, 3, 3, 188, 188, 188, 143, 422, 301, 143, 143, 8, 259, 354, 354, 109, 109, 278, 278, 171, 171, 171, 171, 171, 171, 246, 246, 246, 246, 246, 246, 246, 246, 422, 186, 338, 338, 338, 338, 338, 338, 400, 400, 400, 400, 213, 324, 324, 464, 464, 434, 434, 339, 143, 77, 77, 232, 232, 54, 172, 168, 395, 400, 286, 286, 464, 464, 464, 264, 264, 443, 315, 315, 315, 282, 282, 282, 282, 282, 203, 203, 203, 43, 43, 43, 43, 43, 276, 182, 182, 182, 182, 182, 182, 182, 182, 182, 182, 497, 497, 76, 206, 206, 413, 275, 59, 59, 59, 406, 406, 406, 406, 406, 134, 43, 497, 497, 98, 98, 98, 98, 122, 129, 183, 183, 196, 196, 309, 479, 398, 398, 464, 464, 464, 84, 84, 88, 88, 43, 43, 43, 43, 43, 276, 153, 174, 174, 387, 426, 319, 413, 348, 348, 348, 212, 219, 398, 398, 464, 464, 464, 315, 120, 120, 282, 282, 282, 282, 263, 263, 263, 263, 414, 414, 414, 414, 187, 187, 187, 187, 187, 187, 187, 187, 392, 392, 392, 392, 392, 392, 73, 244, 73, 73, 75, 75, 310, 323, 323, 323, 374, 196, 106, 106, 106, 153, 153, 153, 424, 182, 182, 182, 182, 182, 182, 182, 182, 182, 182, 182, 497, 497, 497, 122, 122, 122, 422, 310, 310, 323, 323, 115, 273, 106, 106, 106, 481, 387, 387, 293, 293, 293, 293, 81, 35, 207, 324, 324, 324, 324, 301, 143, 143, 35, 259, 354, 354, 345, 109, 109, 109, 355, 355, 355, 355, 263, 376, 376, 376, 376, 376, 376, 376, 376, 460, 460, 460, 460, 460, 169, 35, 259, 75, 354, 114, 180, 486, 486, 486, 460, 460, 169, 150, 150, 224, 224, 494, 324, 470, 486, 486, 486, 460, 240, 240, 240, 35, 224, 324, 324, 324, 324, 324, 324, 324, 464, 464, 464, 43, 88, 88, 98, 98, 98, 98, 414, 170, 75, 259, 208, 441, 441, 441, 100, 100, 100, 182, 182, 98, 414, 414, 414, 414, 170, 170, 414, 392, 392, 63, 63, 63, 28, 28, 28, 63, 63, 63, 63, 392, 63, 63, 63, 73, 73, 73, 73, 73, 63, 63, 63, 63, 63, 63, 63, 63, 63, 63, 73, 73, 73, 73, 73, 73, 244, 287, 287, 287, 287, 287, 287, 284, 284, 284, 284, 284, 284, 450, 450, 450, 450, 450, 88, 88, 43, 276, 174, 319, 319, 387, 387, 387, 250, 250, 250, 242, 76, 32, 239, 354, 219, 398, 398, 464, 171, 171, 171, 171, 171, 171, 246, 252, 143, 310, 310, 338, 107, 107, 395, 400, 400, 400, 464, 374, 374, 374, 374, 374, 132, 132, 274, 186, 186, 186, 162, 482, 482, 482, 482, 482, 482, 482, 115, 273, 273, 106, 106, 424, 424, 293, 497, 497, 122, 122, 75, 310, 107, 445]

ep125
Train step Loss: [2.6589908599853516, 2.560103178024292, 2.5869836807250977, 2.6988253593444824, 2.470643997192383, 2.367901563644409, 2.4417219161987305, 2.7521908283233643, 2.7514500617980957, 2.9452357292175293, 3.0396406650543213, 3.053964853286743, 2.3781697750091553, 2.92653226852417, 3.26340913772583, 2.397686004638672, 2.7990386486053467, 2.6119213104248047, 2.389667272567749, 2.6367011070251465, 2.6510236263275146, 2.739827871322632, 2.4895131587982178, 2.82717227935791, 2.2787625789642334, 2.8210294246673584, 3.0244100093841553, 2.755525827407837, 3.030555248260498, 2.632024049758911, 2.6643996238708496, 2.8979339599609375, 3.276308536529541, 3.267388105392456, 2.4534523487091064, 3.0520899295806885, 2.5915751457214355, 2.4209299087524414, 2.749555826187134, 3.1526191234588623, 2.7212679386138916, 2.5405921936035156, 2.5343174934387207, 2.346453905105591, 2.948042154312134, 2.543766736984253, 2.541917324066162, 2.2844784259796143, 2.815115213394165, 2.869549036026001, 2.6419801712036133, 3.0570054054260254, 2.7389578819274902, 2.724815607070923, 2.341743230819702, 2.837968111038208, 2.814654588699341, 2.8652021884918213, 2.6943697929382324, 2.6148691177368164, 2.918527364730835, 2.9094321727752686, 2.9629578590393066]
val step Loss: [2.280580997467041, 2.34375, 2.4173531532287598, 2.197810649871826, 2.216003894805908, 2.4745681285858154, 2.1716885566711426, 1.7610340118408203, 2.2530338764190674, 2.171896457672119, 2.4026575088500977, 2.4556117057800293, 2.2266414165496826, 2.0086729526519775, 2.176485776901245, 2.1035470962524414]
Train step Accs: [0.4263739545997611, 0.446890070483492, 0.47545887151597555, 0.4318731523783929, 0.4606212277344325, 0.5097488691311808, 0.4785493827160494, 0.39715584225186923, 0.433234882636406, 0.3788521345773254, 0.36207636207636207, 0.355902004454343, 0.5185972369819342, 0.40235539654144303, 0.32061068702290074, 0.5027885027885027, 0.4226925338036449, 0.47504047490555856, 0.4859105565680639, 0.42728357417473156, 0.4604901061459835, 0.4212082805238699, 0.4903408198523638, 0.40440104925677645, 0.5243386243386243, 0.44994866529774125, 0.3815677364385118, 0.452769187517571, 0.34783653846153845, 0.48861572845369466, 0.44700713893465127, 0.3930756215020174, 0.3324714828897338, 0.3263506063947078, 0.5001383508577754, 0.3393510612344474, 0.4540247211335544, 0.5074439742986993, 0.44447572132301194, 0.3502415458937198, 0.42667270805014346, 0.4627006610009443, 0.4575153133343804, 0.5115553665107047, 0.42413418232644823, 0.46105919003115264, 0.4649122807017544, 0.5301033591731266, 0.40774861181221606, 0.4078542094455852, 0.44638613169299596, 0.3767605633802817, 0.4293632553738002, 0.4366375668825683, 0.531984785615491, 0.41131105398457585, 0.4201542546466051, 0.4029598308668076, 0.4259327217125382, 0.46088246199480903, 0.4018498067366096, 0.40564889213537864, 0.40332244008714596]
val step Accs: [0.5615595075239398, 0.5476222371064969, 0.5220446403968035, 0.5629791894852135, 0.56360103626943, 0.506847420113432, 0.5953567681007346, 0.6843727768555845, 0.5624304783092324, 0.582381280110117, 0.517896174863388, 0.5392967942088935, 0.5702750786916655, 0.611453883879133, 0.5814071628143256, 0.5968532897425419]
Preds: [17, 287, 100, 387, 387, 98, 98, 35, 129, 129, 129, 401, 414, 458, 144, 27, 437, 426, 426, 426, 426, 426, 426, 426, 167, 263, 263, 414, 414, 414, 414, 414, 414, 170, 244, 244, 244, 7, 7, 7, 473, 109, 286, 286, 286, 286, 264, 264, 468, 468, 468, 406, 406, 467, 337, 337, 337, 171, 171, 171, 171, 3, 3, 3, 3, 3, 3, 197, 197, 197, 196, 196, 479, 398, 398, 360, 360, 339, 33, 33, 76, 398, 331, 331, 374, 374, 132, 153, 182, 182, 182, 182, 98, 98, 43, 8, 197, 321, 100, 100, 100, 497, 497, 43, 8, 129, 259, 144, 27, 27, 106, 106, 284, 426, 426, 426, 206, 206, 285, 285, 467, 467, 406, 406, 406, 467, 467, 134, 134, 375, 375, 375, 98, 98, 98, 48, 13, 13, 13, 13, 414, 414, 170, 170, 170, 47, 47, 47, 47, 80, 80, 80, 80, 289, 320, 320, 7, 309, 479, 331, 324, 324, 422, 143, 143, 458, 183, 144, 27, 351, 180, 486, 315, 319, 319, 282, 388, 348, 53, 212, 212, 76, 465, 354, 420, 464, 324, 464, 464, 464, 180, 355, 376, 460, 460, 263, 263, 13, 229, 312, 312, 312, 312, 187, 23, 23, 23, 408, 408, 408, 408, 23, 23, 391, 391, 391, 321, 391, 73, 73, 73, 244, 73, 73, 73, 244, 320, 287, 287, 111, 111, 460, 460, 111, 35, 35, 77, 232, 232, 68, 232, 172, 115, 267, 267, 267, 267, 324, 246, 246, 246, 19, 454, 197, 197, 197, 197, 197, 197, 7, 309, 473, 331, 443, 443, 443, 330, 330, 143, 76, 76, 422, 259, 310, 107, 395, 395, 106, 106, 88, 88, 88, 293, 206, 206, 206, 206, 206, 206, 206, 240, 240, 35, 35, 77, 77, 342, 342, 172, 267, 267, 267, 267, 444, 213, 324, 246, 3, 301, 197, 197, 197, 197, 197, 414, 82, 320, 287, 100, 100, 182, 182, 182, 182, 182, 182, 182, 182, 182, 387, 387, 206, 206, 122, 122, 32, 239, 401, 401, 259, 75, 371, 371, 106, 171, 171, 171, 171, 349, 32, 32, 32, 239, 354, 473, 264, 264, 264, 290, 264, 264, 264, 264, 264, 468, 468, 94, 199, 41, 41, 41, 19, 19, 454, 454, 414, 414, 414, 414, 414, 170, 170, 170, 187, 187, 1, 1, 408, 408, 408, 408, 73, 321, 73, 321, 73, 321, 320, 83, 287, 284, 284, 460, 240, 240, 35, 35, 77, 77, 77, 77, 68, 267, 342, 342, 224, 224, 267, 444, 324, 324, 324, 301, 3, 188, 14, 14, 14, 145, 411, 411, 100, 424, 424, 424, 43, 43, 43, 32, 32, 239, 208, 208, 100, 98, 98, 497, 497, 98, 98, 170, 170, 170, 47, 47, 47, 392, 392, 244, 80, 244, 320, 287, 100, 481, 481, 98, 98, 129, 129, 129, 401, 82, 27, 208, 441, 441, 346, 346, 206, 206, 206, 263, 170, 17, 451, 171, 171, 171, 171, 171, 171, 171, 264, 264, 264, 264, 264, 264, 264, 264, 264, 264, 264, 264, 264, 264, 264, 264, 264, 264, 264, 264, 264, 264, 264, 264, 264, 264, 264, 264, 264, 264, 264, 264, 264, 264, 264, 264, 264, 264, 264, 264, 264, 264, 264, 264, 264, 264, 264, 264, 264, 264, 264, 264, 264, 264, 264, 264, 264, 264, 264, 264, 264, 264, 264, 264, 264, 264, 264, 264, 264, 264, 264, 264, 264, 264, 264, 264, 264, 264, 264, 264, 264, 264, 264, 264, 264, 264, 264, 264, 264, 264, 264, 264, 264, 264, 264, 264, 264, 264, 264, 264, 264, 264, 264, 264, 264, 264, 264]

ep126
Train step Loss: [2.627429485321045, 2.497955083847046, 3.531435966491699, 3.1463699340820312, 2.4185290336608887, 2.9524903297424316, 2.7326910495758057, 2.6699063777923584, 3.117354393005371, 2.645134925842285, 2.5176751613616943, 2.2524893283843994, 2.7116169929504395, 2.841214418411255, 2.8546407222747803, 2.8572723865509033, 2.5641486644744873, 2.6320016384124756, 2.563511371612549, 2.397786855697632, 2.6379597187042236, 3.1820597648620605, 2.751763343811035, 2.4957659244537354, 2.1676712036132812, 2.676680564880371, 2.4708340167999268, 2.414924383163452, 2.8782598972320557, 2.3977129459381104, 2.628267288208008, 2.5578176975250244, 2.662586212158203, 2.2814619541168213, 2.6778697967529297, 2.5411441326141357, 2.9095664024353027, 2.9636058807373047, 2.411041021347046, 3.219618797302246, 2.506157636642456, 2.7714040279388428, 2.5091984272003174, 2.5009772777557373, 2.591254711151123, 2.553295135498047, 2.4603419303894043, 2.906252861022949, 2.1637372970581055, 2.7973849773406982, 2.8250808715820312, 2.9772796630859375, 2.4829366207122803, 2.6364173889160156, 2.9070887565612793, 2.9825847148895264, 2.292058229446411, 3.1259031295776367, 2.363316774368286, 2.9529428482055664, 2.488301992416382, 2.709099292755127, 2.944187879562378]
val step Loss: [2.3519062995910645, 2.1415069103240967, 1.8787537813186646, 2.202148199081421, 2.930039405822754, 2.343642473220825, 1.9359596967697144, 2.3085904121398926, 1.9999350309371948, 2.3640382289886475, 2.3315162658691406, 1.950642466545105, 2.316136121749878, 2.30159330368042, 2.2115585803985596, 1.8646347522735596]
Train step Accs: [0.4351987239133325, 0.4910567043003933, 0.2615477629987908, 0.33676929336769296, 0.4991486946651532, 0.377963563763414, 0.42391977219264576, 0.45080527086383604, 0.33700137551581844, 0.47848426461143223, 0.48890429958391124, 0.5697543947138761, 0.4065934065934066, 0.4086278455540184, 0.3924479166666667, 0.4086658764651653, 0.44779892920880426, 0.4554492357400273, 0.47277822257806246, 0.526946896824351, 0.42361774744027303, 0.32650706662820883, 0.4245675204505833, 0.49453309692671393, 0.5403123680878008, 0.4396989036164294, 0.49196755209161763, 0.51147077309868, 0.39784105131414266, 0.481914766622896, 0.45036059536596595, 0.48578391551584077, 0.4350620891161432, 0.5398016617528812, 0.4182776801405975, 0.4816548391967386, 0.3841324963269667, 0.3854285249634087, 0.5101474851884533, 0.3258179818531757, 0.45531846622814054, 0.40988289060268496, 0.49420362903225806, 0.4808176100628931, 0.4756273435246611, 0.4797306219463885, 0.5042323409223585, 0.3845407951239784, 0.5719281513272929, 0.4423596304193319, 0.3867924528301887, 0.37353910698231946, 0.47899299766588865, 0.4534288638689867, 0.4034090909090909, 0.3845816907577749, 0.532998902649318, 0.33874961312287216, 0.5292582417582418, 0.376875, 0.4706744868035191, 0.4647051232417086, 0.39123821113477336]
val step Accs: [0.5507968127490039, 0.5817610062893082, 0.6461376298750188, 0.5774111675126904, 0.4157225752970434, 0.5417325096968826, 0.64275956284153, 0.53899652260308, 0.6119322033898305, 0.5540087651456561, 0.527380631238198, 0.6358498183286233, 0.5381225797836827, 0.5523848910945686, 0.5641276953234388, 0.6523132385339475]
Preds: [17, 17, 486, 486, 460, 460, 169, 178, 35, 35, 259, 208, 208, 441, 100, 153, 153, 497, 122, 129, 129, 129, 458, 208, 208, 437, 346, 346, 206, 206, 206, 98, 263, 263, 263, 13, 170, 170, 249, 249, 249, 249, 249, 249, 249, 249, 201, 201, 201, 170, 28, 249, 2, 201, 249, 28, 28, 40, 289, 40, 442, 442, 442, 7, 276, 276, 276, 276, 153, 43, 316, 391, 391, 391, 73, 321, 320, 320, 320, 287, 287, 287, 111, 111, 460, 169, 169, 338, 338, 338, 338, 338, 338, 338, 400, 400, 400, 444, 213, 213, 213, 246, 246, 246, 246, 246, 246, 422, 338, 338, 338, 338, 338, 338, 338, 400, 400, 400, 485, 286, 286, 286, 374, 374, 374, 132, 132, 43, 132, 132, 132, 132, 132, 132, 132, 132, 132, 132, 132, 132, 132, 132, 197, 197, 197, 197, 197, 197, 197, 414, 414, 414, 82, 7, 420, 213, 213, 213, 213, 246, 246, 434, 434, 374, 132, 132, 43, 43, 43, 250, 276, 276, 346, 174, 480, 480, 480, 480, 282, 282, 282, 282, 388, 303, 303, 217, 473, 473, 398, 324, 464, 301, 143, 129, 401, 197, 7, 7, 354, 276, 109, 376, 428, 428, 428, 146, 207, 207, 207, 3, 3, 3, 454, 197, 197, 197, 197, 197, 197, 7, 7, 345, 310, 310, 310, 310, 374, 374, 132, 132, 345, 345, 132, 132, 132, 132, 132, 132, 132, 217, 217, 479, 479, 331, 250, 153, 98, 76, 259, 197, 7, 217, 473, 473, 398, 213, 324, 324, 324, 246, 19, 19, 454, 454, 454, 414, 414, 229, 126, 126, 126, 408, 408, 408, 408, 408, 408, 408, 391, 391, 391, 391, 391, 391, 391, 391, 321, 321, 392, 392, 83, 287, 287, 7, 319, 319, 203, 348, 250, 250, 250, 276, 174, 109, 109, 403, 171, 324, 324, 324, 464, 301, 251, 251, 251, 241, 241, 431, 431, 486, 319, 319, 330, 388, 348, 250, 250, 250, 199, 199, 199, 290, 290, 290, 171, 324, 324, 3, 301, 301, 8, 129, 259, 259, 354, 354, 106, 284, 206, 206, 240, 240, 77, 35, 77, 68, 342, 224, 25, 25, 485, 152, 477, 374, 374, 153, 153, 153, 182, 43, 43, 43, 276, 346, 346, 346, 428, 428, 428, 330, 388, 388, 94, 199, 398, 398, 339, 199, 10, 199, 199, 199, 43, 153, 43, 43, 43, 276, 276, 276, 153, 387, 387, 387, 387, 240, 240, 240, 285, 355, 35, 224, 437, 145, 14, 145, 481, 287, 497, 497, 497, 293, 497, 122, 122, 422, 323, 213, 494, 494, 494, 8, 354, 144, 27, 180, 443, 330, 388, 94, 199, 199, 464, 464, 464, 120, 330, 299, 342, 224, 273, 168, 168, 494, 278, 99, 338, 436, 60, 436, 395, 106, 319, 426, 426, 413, 94, 212, 212, 76, 239, 310, 107, 395, 485, 485, 286, 464, 139, 496, 496, 496, 496, 274, 8, 129, 129, 144, 208, 441, 437, 153, 426, 426, 372, 467, 348, 199, 250, 303, 98, 98, 98, 98, 197, 414, 320, 7, 473, 473, 264, 286, 286, 468, 468, 406, 406, 337, 337, 19, 324, 19, 454, 414, 170, 187, 126, 187, 47, 47, 2, 2, 28, 28, 187, 392, 187, 187, 187, 392, 40, 40, 12, 73, 392, 435, 435, 435, 392, 73, 73, 73, 320, 320, 7, 213, 324, 339, 199, 94, 398, 331, 331, 331, 153, 153, 387, 387, 387, 497, 43, 8, 129, 208, 208, 208, 106, 106, 387, 372, 372, 406, 406, 406, 413, 303, 98, 98, 98, 98, 414, 414, 414, 414, 414, 47, 47, 392, 47, 47]

ep127
Train step Loss: [2.5241684913635254, 2.744127035140991, 2.551630735397339, 2.5764975547790527, 2.8151869773864746, 2.6739680767059326, 2.9289486408233643, 2.544412612915039, 2.276015281677246, 2.096841812133789, 2.652223825454712, 2.3665618896484375, 2.960437536239624, 2.760180711746216, 2.2642977237701416, 2.920142889022827, 3.036519765853882, 2.7469985485076904, 3.1241228580474854, 2.471324920654297, 2.6796164512634277, 2.9743385314941406, 2.3783304691314697, 3.24416184425354, 2.8615269660949707, 2.3859167098999023, 2.7468156814575195, 3.1202354431152344, 2.867403268814087, 2.87636137008667, 2.6294028759002686, 3.143111228942871, 2.7192983627319336, 2.405085563659668, 2.772505521774292, 2.4210054874420166, 2.3835718631744385, 2.501821279525757, 2.011354923248291, 2.759885787963867, 2.8040521144866943, 3.278205633163452, 2.574989080429077, 2.8851311206817627, 2.707350730895996, 2.7234904766082764, 2.262516975402832, 3.227961778640747, 2.584442615509033, 2.570908308029175, 2.531991481781006, 2.4998233318328857, 2.4895451068878174, 2.3571741580963135, 2.5351264476776123, 2.5662577152252197, 2.2709598541259766, 2.5814120769500732, 2.5039639472961426, 2.9495351314544678, 2.845947027206421, 2.6539032459259033, 2.805316925048828]
val step Loss: [1.8563148975372314, 1.9648774862289429, 2.1735966205596924, 2.457608699798584, 2.4533140659332275, 2.2039520740509033, 2.3094403743743896, 2.193422794342041, 2.240269184112549, 1.9247229099273682, 2.3529727458953857, 2.4733731746673584, 1.8878566026687622, 2.1247191429138184, 2.364184856414795, 2.66729474067688]
Train step Accs: [0.4463300220750552, 0.4279449569030697, 0.46352753391859536, 0.46454103517300543, 0.4452161587526577, 0.4338642078792959, 0.3907100013948947, 0.47271386430678464, 0.5347030159357303, 0.5778496362166532, 0.42913214129960753, 0.5269903869854572, 0.4024715629827271, 0.41939120631341603, 0.5484377229276645, 0.3932358842075093, 0.3719824890556598, 0.4598368087035358, 0.31584062196307094, 0.486730291541378, 0.4550054704595186, 0.37584695097648463, 0.5074360499702558, 0.35240104231294206, 0.3958363452363742, 0.5329101697254036, 0.44593400117855037, 0.33761151979965565, 0.43025439644869384, 0.40486486486486484, 0.428226779252111, 0.33911368015414256, 0.4060232717316906, 0.49149214659685864, 0.4038017651052274, 0.4860583846053148, 0.5057383320581484, 0.4687578419071518, 0.6001536098310292, 0.42976104272266474, 0.4214336408800568, 0.31099922540666153, 0.47241885935621747, 0.3718125863584977, 0.41554925219185146, 0.4254800365742152, 0.5388170055452866, 0.3194823867721064, 0.4415994942310732, 0.4879360465116279, 0.4774490466798159, 0.48566770819182176, 0.4854920360538338, 0.5220809854540689, 0.4400912894636744, 0.47326524481826376, 0.5207938129286444, 0.47461610780319646, 0.472632493483927, 0.37769930734754853, 0.39964203528509334, 0.42670299727520433, 0.37411650012186204]
val step Accs: [0.6679291221425673, 0.6228696285506191, 0.5721690590111643, 0.5137792728684176, 0.5223839978228331, 0.5719228210246174, 0.5371989568952293, 0.5605077167171498, 0.5416887944768985, 0.6466137434879683, 0.5465457455321419, 0.5053900709219858, 0.6380717895555268, 0.5911756864836044, 0.5377155172413793, 0.4612944162436548]
Preds: [17, 309, 479, 479, 398, 278, 17, 17, 422, 77, 77, 54, 323, 172, 25, 351, 351, 494, 116, 468, 468, 468, 468, 467, 337, 337, 337, 337, 434, 339, 339, 339, 331, 331, 331, 84, 84, 84, 426, 426, 16, 375, 375, 375, 98, 98, 98, 98, 13, 13, 414, 259, 170, 187, 187, 442, 442, 187, 12, 2, 2, 244, 12, 12, 12, 2, 2, 2, 73, 244, 63, 63, 63, 244, 73, 73, 73, 73, 320, 320, 320, 7, 7, 7, 7, 219, 213, 213, 213, 213, 213, 213, 213, 213, 246, 246, 246, 246, 246, 246, 246, 3, 3, 3, 464, 188, 143, 422, 301, 114, 259, 354, 109, 109, 109, 403, 171, 171, 171, 171, 171, 246, 246, 246, 246, 246, 324, 422, 186, 338, 338, 338, 338, 338, 338, 400, 400, 400, 324, 464, 171, 171, 252, 252, 143, 422, 310, 310, 186, 107, 395, 395, 286, 286, 286, 464, 180, 365, 315, 315, 315, 315, 282, 282, 282, 282, 282, 413, 413, 43, 43, 43, 276, 138, 138, 138, 182, 182, 182, 182, 182, 182, 182, 426, 282, 282, 282, 282, 303, 303, 76, 199, 331, 84, 497, 497, 274, 98, 98, 98, 169, 169, 29, 196, 196, 309, 398, 398, 464, 464, 264, 468, 406, 406, 88, 43, 43, 43, 276, 276, 174, 174, 387, 413, 348, 348, 195, 398, 398, 398, 398, 464, 464, 443, 355, 355, 282, 460, 263, 263, 263, 263, 414, 414, 414, 187, 187, 187, 187, 187, 392, 47, 244, 392, 392, 73, 73, 73, 244, 75, 75, 310, 310, 323, 374, 473, 106, 106, 374, 153, 153, 424, 182, 182, 182, 182, 182, 182, 182, 497, 497, 497, 497, 122, 122, 129, 422, 310, 323, 338, 183, 437, 106, 106, 481, 481, 293, 293, 285, 81, 299, 299, 146, 324, 324, 422, 301, 143, 259, 354, 345, 109, 109, 109, 355, 355, 355, 355, 355, 355, 355, 355, 355, 355, 263, 287, 460, 460, 169, 215, 35, 259, 354, 284, 376, 111, 428, 428, 438, 438, 169, 31, 168, 168, 470, 486, 486, 443, 443, 240, 240, 240, 34, 324, 324, 324, 324, 324, 324, 374, 464, 464, 132, 132, 132, 303, 183, 183, 213, 259, 441, 441, 100, 100, 100, 98, 98, 98, 98, 98, 98, 414, 170, 170, 170, 392, 392, 63, 63, 28, 28, 28, 28, 63, 63, 63, 63, 244, 2, 2, 2, 2, 2, 63, 63, 63, 63, 63, 63, 244, 73, 320, 320, 320, 287, 321, 460, 287, 284, 284, 284, 284, 284, 284, 284, 450, 450, 450, 450, 16, 43, 43, 276, 276, 174, 387, 497, 497, 43, 43, 43, 8, 239, 219, 219, 464, 464, 330, 171, 171, 171, 171, 252, 252, 143, 99, 338, 338, 338, 213, 219, 219, 324, 374, 374, 374, 374, 132, 132, 186, 186, 186, 162, 482, 482, 482, 482, 482, 115, 273, 273, 106, 106, 424, 497, 497, 122, 122, 259, 310, 445, 213, 213, 171, 213, 213, 213, 324, 324, 454, 414, 414, 414, 197, 259, 7, 7, 213, 398, 398, 464, 171, 171, 252, 143, 445, 8, 276, 345, 109, 109, 109, 284, 284, 376, 376, 206, 206, 206, 35, 167, 35, 411, 100, 100, 100, 98, 98, 98, 414, 170, 75, 259, 441, 441, 100, 100, 100, 481, 387, 98, 98, 98, 98, 414, 170, 414, 414, 392, 392, 392, 63, 28, 2, 2, 2, 244, 2, 244, 63, 63, 63, 244, 63, 63, 392, 63, 73, 244, 320, 320, 287, 321, 320, 320, 7, 7, 371, 374, 374, 374, 374, 374, 374, 132, 132, 274, 274, 88, 288]

ep128
Train step Loss: [2.5592668056488037, 2.9954347610473633, 2.5997366905212402, 2.6878316402435303, 2.492288112640381, 2.8480989933013916, 2.579512357711792, 2.7926785945892334, 2.788456439971924, 2.851865530014038, 2.6407663822174072, 2.666635274887085, 2.3205490112304688, 2.3778562545776367, 2.3912975788116455, 2.5308001041412354, 2.7036361694335938, 2.6681814193725586, 2.942584991455078, 2.2894704341888428, 2.4115748405456543, 2.5696029663085938, 2.6207282543182373, 2.309561252593994, 2.443324327468872, 2.6660706996917725, 2.620196580886841, 2.7685039043426514, 2.284202814102173, 2.718620777130127, 2.493119716644287, 2.4528045654296875, 2.8350770473480225, 2.0656352043151855, 2.8357152938842773, 2.4937691688537598, 2.81111216545105, 2.6948812007904053, 2.5431036949157715, 2.6993484497070312, 2.6317312717437744, 2.8679394721984863, 2.64451003074646, 2.4857676029205322, 2.6313185691833496, 2.4173638820648193, 2.5230660438537598, 2.9055166244506836, 2.8337085247039795, 2.5865068435668945, 2.84269642829895, 2.3444385528564453, 2.4410154819488525, 2.621600866317749, 2.4095165729522705, 2.528388023376465, 2.226087808609009, 2.7967333793640137, 3.0417821407318115, 3.3626174926757812, 2.8682918548583984, 2.6118319034576416, 2.8542537689208984]
val step Loss: [1.90642249584198, 2.084608793258667, 2.0954947471618652, 2.6036007404327393, 1.73091459274292, 1.938270926475525, 2.358431339263916, 2.0584545135498047, 2.5251152515411377, 2.1743392944335938, 2.050394296646118, 2.1193959712982178, 2.2857484817504883, 2.155850648880005, 2.014610528945923, 2.361443042755127]
Train step Accs: [0.4814007357950674, 0.37754323499491355, 0.4178317066737009, 0.42457700028677947, 0.49777650265385165, 0.38875767595654226, 0.4574843792447704, 0.41914529914529913, 0.40173937438630947, 0.38866338069005507, 0.4528468627698523, 0.45938902562617634, 0.5188826466916354, 0.509949945061653, 0.5095051516470759, 0.44941604732291823, 0.42513220150292236, 0.4570925627108699, 0.3972196188691034, 0.5275003329338127, 0.4874813912572743, 0.45663591199432224, 0.46293625612921835, 0.5302216714856121, 0.48384739073234906, 0.42543068088597213, 0.45897329458973296, 0.4195121951219512, 0.5245048674051696, 0.419510919314764, 0.5033427616353818, 0.5140268848626535, 0.41809142718564324, 0.5911357340720221, 0.40930979133226325, 0.5030674846625767, 0.39049281589901974, 0.4270502005255151, 0.4686536485097636, 0.41231126596980255, 0.4459265071269779, 0.38645189126995544, 0.44417784050811576, 0.4722117202268431, 0.42023346303501946, 0.4960698689956332, 0.477632296781233, 0.40703384207033844, 0.3870916587377101, 0.4707352360910167, 0.41111809045226133, 0.5132413793103449, 0.4885264828979651, 0.4534913353720693, 0.49719188767550704, 0.4631889499798847, 0.5592387968078576, 0.4174268637936458, 0.3795679934791469, 0.31680555555555556, 0.43339480777415235, 0.445156591405681, 0.37714987714987713]
val step Accs: [0.6437833714721587, 0.5852729005036069, 0.593440594059406, 0.47603234190008664, 0.6830104125477791, 0.6196812625715612, 0.5413061680156294, 0.6134290232331833, 0.49451293862620244, 0.5709978463747308, 0.6173404525807272, 0.6099691675231244, 0.5550134805494928, 0.5648239785098261, 0.6067926673298281, 0.5307843137254902]
Preds: [17, 17, 17, 287, 486, 486, 460, 460, 169, 150, 349, 25, 25, 25, 25, 25, 25, 54, 54, 399, 399, 53, 473, 473, 473, 398, 360, 360, 360, 360, 434, 434, 434, 339, 339, 331, 331, 398, 398, 324, 360, 360, 360, 360, 360, 360, 434, 434, 434, 434, 434, 19, 19, 454, 454, 454, 414, 414, 414, 414, 249, 249, 249, 82, 80, 80, 80, 320, 321, 188, 188, 188, 290, 171, 171, 171, 434, 339, 399, 53, 345, 345, 100, 497, 497, 497, 122, 129, 34, 34, 34, 84, 431, 431, 431, 139, 139, 139, 293, 293, 122, 180, 458, 109, 109, 180, 403, 403, 290, 290, 171, 434, 434, 434, 19, 19, 19, 19, 454, 454, 414, 414, 414, 414, 170, 170, 47, 170, 47, 47, 20, 345, 80, 244, 244, 321, 7, 7, 7, 309, 309, 309, 309, 398, 398, 360, 360, 360, 360, 360, 434, 434, 434, 434, 434, 434, 434, 434, 19, 19, 454, 454, 197, 197, 197, 197, 7, 321, 7, 219, 219, 219, 219, 30, 30, 30, 286, 286, 286, 468, 468, 468, 468, 467, 467, 180, 486, 315, 315, 315, 315, 315, 315, 315, 450, 450, 203, 203, 53, 250, 250, 250, 138, 138, 138, 387, 345, 387, 186, 186, 54, 323, 349, 25, 25, 25, 25, 25, 25, 25, 374, 374, 153, 153, 153, 182, 182, 98, 98, 98, 98, 197, 259, 259, 183, 183, 183, 183, 171, 171, 31, 422, 31, 31, 342, 342, 342, 342, 115, 273, 251, 251, 171, 171, 171, 171, 171, 171, 252, 422, 143, 186, 77, 342, 342, 115, 115, 273, 273, 486, 486, 486, 460, 460, 460, 169, 35, 35, 35, 441, 441, 100, 100, 424, 424, 182, 182, 182, 182, 182, 182, 182, 182, 182, 182, 98, 375, 98, 98, 98, 13, 13, 225, 321, 75, 437, 437, 437, 206, 206, 206, 206, 98, 98, 98, 98, 13, 13, 170, 451, 451, 451, 171, 171, 171, 171, 171, 171, 171, 171, 171, 171, 171, 171, 171, 171, 171, 171, 171, 171, 171, 171, 171, 171, 171, 171, 171, 171, 171, 171, 171, 171, 171, 171, 171, 171, 171, 171, 171, 171, 171, 171, 171, 171, 171, 171, 171, 171, 171, 171, 171, 171, 171, 171, 171, 171, 171, 171, 171, 171, 171, 171, 171, 171, 171, 171, 171, 171, 171, 171, 171, 171, 171, 171, 171, 171, 171, 171, 171, 171, 171, 171, 171, 171, 171, 171, 171, 171, 171, 171, 171, 171, 171, 171, 171, 171, 171, 171, 171, 171, 171, 171, 171, 171, 171, 171, 171, 171, 171, 171, 171, 171, 171, 171, 171, 171, 171, 171, 171, 171, 171, 171, 171, 171, 171, 171, 171, 171, 171, 171, 171, 171, 171, 171, 171, 171, 171, 171, 171, 171, 171, 171, 171, 171, 171, 171, 171, 171, 171, 171, 171, 171, 171, 171, 171, 171, 171, 171, 171, 171, 171, 171, 171, 171, 171, 171, 171, 171, 171, 171, 171, 171, 171, 171, 171, 171, 171, 171, 171, 171, 171, 171, 171, 171, 171, 171, 171, 171, 171, 171, 171, 171, 171, 171, 171, 171, 171, 171, 171, 171, 171, 171, 171, 171, 171, 171, 171, 171, 171, 171, 171, 171, 171, 171, 171, 171, 171, 171, 171, 171, 171, 171, 171, 171, 171, 171, 171, 171, 171, 171, 171, 171, 171, 171, 171, 171, 171, 171, 171, 171, 171, 171, 171, 171, 171, 171, 171, 171, 171, 171, 171, 171, 171, 171, 171, 171, 171, 171, 171, 171, 171, 171, 171, 171, 171, 171, 171, 171, 171, 171, 171, 171, 171, 171, 171, 171, 171, 171, 171, 171]

ep129
Train step Loss: [2.716559886932373, 2.932628870010376, 2.767852544784546, 2.715456962585449, 2.4069254398345947, 2.714357614517212, 2.514462471008301, 2.642840623855591, 2.175325870513916, 2.989220142364502, 2.426910877227783, 2.3593056201934814, 2.705200672149658, 2.5064148902893066, 2.5802478790283203, 2.4614908695220947, 2.848442792892456, 3.1398823261260986, 2.5524916648864746, 2.8365061283111572, 2.2695064544677734, 2.273650884628296, 2.7027294635772705, 2.276441812515259, 2.7751777172088623, 2.658773183822632, 2.487166404724121, 2.554064989089966, 2.5688560009002686, 2.3765244483947754, 3.2399120330810547, 3.0429043769836426, 2.622105598449707, 2.201927661895752, 2.2886345386505127, 2.6096649169921875, 2.492382287979126, 2.215839147567749, 2.2155263423919678, 2.3537585735321045, 2.9322052001953125, 2.2596046924591064, 2.8181865215301514, 2.307710886001587, 2.6569406986236572, 1.8776460886001587, 3.1751387119293213, 2.305621862411499, 2.870034694671631, 2.4758877754211426, 2.4309046268463135, 2.7898647785186768, 2.7923431396484375, 2.8358800411224365, 2.3725028038024902, 2.5024302005767822, 2.554403781890869, 2.3788235187530518, 2.715559244155884, 2.646233081817627, 2.750918388366699, 3.085355043411255, 2.3704752922058105]
val step Loss: [1.823186993598938, 1.9222345352172852, 1.8096550703048706, 2.0843536853790283, 1.9901795387268066, 2.429839849472046, 2.1594300270080566, 2.2427875995635986, 2.4022648334503174, 2.404287576675415, 1.865875244140625, 2.280313730239868, 2.128915309906006, 2.0067296028137207, 2.082702159881592, 2.0836777687072754]
Train step Accs: [0.44035887630533904, 0.3824789097988319, 0.42376835460408946, 0.4208986056119814, 0.49122521936951574, 0.3968934118907338, 0.4852941176470588, 0.43924034389837036, 0.5552147239263804, 0.36788911348541725, 0.5042879235203149, 0.5188556566970091, 0.44862914862914866, 0.4668421052631579, 0.45899712718725516, 0.4796769851951548, 0.42166600450271485, 0.3581950690029462, 0.48547379853380396, 0.39508735512887044, 0.5302879841112215, 0.5323155942359823, 0.40654997176736307, 0.520606478290834, 0.42202915623619497, 0.47572815533980584, 0.4653086230663195, 0.43455633619568046, 0.47350761918076334, 0.5229894394800975, 0.3363996603453156, 0.3601003764115433, 0.46283089568475766, 0.5371464096984768, 0.5222093472383159, 0.43795355587808416, 0.46645971116210017, 0.5389988358556461, 0.541558065450333, 0.5153297682709448, 0.4166666666666667, 0.5129195524773574, 0.40224534501642933, 0.515908456600614, 0.4553558163720101, 0.619942196531792, 0.3341645885286783, 0.5284862327115848, 0.35994930291508237, 0.4825483326845725, 0.49238827958749387, 0.392346875388247, 0.40397163120567375, 0.407244785949506, 0.5160015300267755, 0.49140143737166325, 0.48517520215633425, 0.5348189415041783, 0.4114820435002529, 0.4374834085479161, 0.4147963424771405, 0.34531979138073016, 0.5245183887915937]
val step Accs: [0.6663220767286928, 0.6545501417891209, 0.6499635833940277, 0.5999196356817573, 0.6323386312033733, 0.5033756413718606, 0.5656776891909554, 0.5564959168522643, 0.5348383500557413, 0.533511686848775, 0.660418260647794, 0.55579058699101, 0.5890826383623957, 0.6262813211845103, 0.5920043811610076, 0.597725809912036]
Preds: [17, 17, 287, 284, 319, 319, 319, 319, 450, 413, 413, 76, 76, 349, 349, 234, 234, 234, 25, 25, 25, 25, 106, 405, 499, 428, 428, 480, 85, 85, 299, 299, 388, 94, 242, 219, 324, 246, 324, 324, 324, 422, 31, 162, 232, 232, 232, 172, 172, 115, 267, 267, 267, 267, 213, 213, 252, 3, 3, 14, 411, 188, 188, 443, 443, 120, 271, 271, 31, 31, 342, 232, 232, 224, 433, 224, 336, 336, 110, 110, 486, 486, 486, 486, 468, 468, 468, 468, 203, 77, 303, 394, 77, 76, 183, 478, 310, 107, 107, 107, 395, 395, 470, 286, 264, 264, 264, 264, 264, 264, 264, 207, 207, 207, 207, 454, 454, 454, 454, 414, 170, 170, 170, 170, 170, 170, 28, 28, 2, 2, 2, 2, 2, 2, 392, 244, 392, 63, 63, 244, 73, 73, 244, 321, 320, 320, 287, 287, 481, 481, 293, 293, 293, 497, 35, 35, 437, 437, 437, 284, 284, 426, 426, 319, 348, 348, 348, 348, 348, 195, 250, 250, 76, 32, 320, 7, 354, 109, 109, 443, 468, 395, 468, 467, 337, 337, 290, 290, 360, 339, 434, 434, 324, 464, 464, 464, 339, 199, 199, 199, 331, 331, 331, 331, 138, 138, 182, 182, 182, 497, 497, 497, 497, 98, 287, 441, 437, 437, 284, 284, 426, 426, 319, 319, 348, 348, 53, 381, 381, 59, 303, 452, 452, 48, 48, 414, 414, 170, 170, 170, 170, 392, 2, 244, 392, 392, 392, 392, 392, 392, 73, 73, 73, 321, 320, 7, 7, 7, 345, 109, 109, 346, 284, 376, 376, 460, 460, 169, 150, 150, 150, 323, 323, 224, 168, 494, 106, 153, 153, 153, 387, 274, 349, 261, 261, 261, 261, 25, 25, 25, 25, 387, 100, 497, 153, 53, 274, 274, 497, 98, 98, 197, 197, 197, 321, 321, 320, 287, 287, 287, 284, 284, 284, 315, 315, 282, 282, 480, 480, 480, 282, 282, 282, 282, 282, 282, 282, 388, 388, 94, 195, 195, 195, 250, 250, 250, 250, 473, 109, 109, 290, 290, 290, 290, 207, 464, 434, 434, 252, 143, 458, 144, 109, 34, 496, 42, 43, 43, 129, 349, 349, 349, 261, 25, 25, 25, 153, 387, 387, 387, 153, 182, 182, 182, 182, 387, 406, 134, 134, 43, 43, 497, 497, 375, 132, 98, 98, 98, 98, 13, 13, 170, 170, 170, 170, 170, 28, 187, 187, 187, 187, 2, 2, 392, 73, 244, 75, 66, 66, 66, 155, 261, 261, 25, 106, 106, 106, 106, 153, 153, 182, 182, 182, 182, 182, 182, 182, 182, 182, 182, 182, 345, 345, 274, 122, 122, 122, 422, 310, 310, 310, 107, 395, 395, 84, 84, 84, 84, 84, 274, 274, 98, 98, 17, 17, 122, 288, 171, 171, 171, 171, 171, 171, 171, 171, 171, 171, 171, 171, 171, 171, 171, 171, 171, 171, 171, 171, 171, 171, 171, 171, 171, 171, 171, 171, 171, 171, 171, 171, 171, 171, 171, 171, 171, 171, 171, 171, 171, 171, 171, 171, 171, 171, 171, 171, 171, 171, 171, 171, 171, 171, 171, 171, 171, 171, 171, 171, 171, 171, 171, 171, 171, 171, 171, 171, 171, 171, 171, 171, 171, 171, 171, 171, 171, 171, 171, 171, 171, 171, 171, 171, 171, 171, 171, 171, 171, 171, 171, 171, 171, 171, 171, 171, 171, 171, 171, 171, 171, 171, 171, 171, 171, 171, 171, 171, 171, 171, 171, 171, 171, 171, 171, 171, 171, 171, 171, 171, 171, 171, 171, 171, 171, 171, 171, 171, 171, 171, 171, 171, 171, 171, 171, 171, 171, 171, 171, 171, 171, 171, 171]

ep130
Train step Loss: [2.8543481826782227, 2.2473433017730713, 2.1101882457733154, 2.1376278400421143, 2.4058804512023926, 2.3577656745910645, 2.420039653778076, 2.915055751800537, 2.4761879444122314, 2.6618854999542236, 2.977135419845581, 2.4490418434143066, 2.4935097694396973, 3.031675100326538, 2.625746726989746, 2.335381269454956, 2.680185079574585, 2.6519997119903564, 2.766265392303467, 2.2997326850891113, 2.5654196739196777, 2.4169909954071045, 2.258741855621338, 2.6011831760406494, 2.6860694885253906, 2.831543207168579, 2.4284939765930176, 2.2174856662750244, 2.3057808876037598, 2.619572639465332, 2.4844717979431152, 2.4860217571258545, 2.4246785640716553, 2.607879638671875, 2.5384578704833984, 2.518028974533081, 2.4526820182800293, 2.6397619247436523, 2.0229814052581787, 2.639616012573242, 2.342214345932007, 2.4438164234161377, 2.31099534034729, 2.3933119773864746, 2.441920042037964, 2.7091495990753174, 2.3238518238067627, 2.9208221435546875, 2.6849892139434814, 2.4415128231048584, 2.413404703140259, 2.2357215881347656, 2.737668752670288, 2.439589738845825, 2.2682790756225586, 2.2221808433532715, 2.065382957458496, 2.136852264404297, 2.293276071548462, 2.126528739929199, 1.9673726558685303, 1.7877377271652222, 2.399299144744873]
val step Loss: [1.7673373222351074, 1.9109095335006714, 1.9981833696365356, 2.2056918144226074, 2.2731406688690186, 1.9783600568771362, 1.903942584991455, 1.7035244703292847, 2.2552566528320312, 1.8711525201797485, 1.7601771354675293, 1.9834811687469482, 1.7760647535324097, 1.9628623723983765, 1.6948527097702026, 2.2685389518737793]
Train step Accs: [0.39924486085862115, 0.5313849697667723, 0.564816129490274, 0.5584680583895778, 0.4803452855245684, 0.5349645287389605, 0.47767014718832557, 0.39718482252141984, 0.49135135135135133, 0.4451527224435591, 0.3294588660725817, 0.4732142857142857, 0.48147050103765193, 0.3568918918918919, 0.44637245525344993, 0.5075919019712307, 0.4368907456640081, 0.44685242518059853, 0.40829862717877524, 0.5575748970609116, 0.4694254835039818, 0.4858552154359495, 0.5256832164830448, 0.4638691513607722, 0.42380220701215254, 0.400125313283208, 0.5307752750130958, 0.5692047377326566, 0.5336017772840878, 0.4413743736578382, 0.49053475196904794, 0.46366351418616225, 0.5024199843871975, 0.45121300986403623, 0.4857142857142857, 0.485180412371134, 0.4723646723646724, 0.42734569609742595, 0.5922883869495779, 0.4488382828127404, 0.5302454704850964, 0.5016016307513105, 0.5380710659898477, 0.5057870370370371, 0.506750557084808, 0.4092335861888569, 0.5259208731241474, 0.37861950226952573, 0.4159304251794589, 0.4658909090909091, 0.483544995220538, 0.5257021063189569, 0.41390205371248023, 0.47475642161204606, 0.5334657701711492, 0.5245614035087719, 0.5805154178459705, 0.5445544554455446, 0.49585354404631515, 0.5592741935483871, 0.5992150021805495, 0.6382679600731056, 0.4589345172031077]
val step Accs: [0.6759866220735786, 0.6436903499469777, 0.6056668970283345, 0.5744651292025562, 0.5497007546187874, 0.6205419029615628, 0.6301479408236705, 0.6790617086498734, 0.5545637415137038, 0.6482899438489025, 0.6671979598342366, 0.6212007033408691, 0.6556372549019608, 0.6229850746268657, 0.6833404588855636, 0.5759463344513656]
Preds: [17, 17, 17, 83, 284, 284, 284, 450, 450, 450, 43, 43, 43, 43, 276, 276, 153, 153, 138, 182, 182, 182, 182, 182, 182, 182, 98, 98, 98, 98, 98, 197, 225, 80, 226, 287, 287, 287, 111, 145, 111, 111, 438, 169, 199, 10, 10, 479, 398, 398, 398, 301, 399, 43, 43, 250, 138, 138, 138, 153, 387, 387, 109, 146, 146, 324, 324, 422, 99, 338, 338, 338, 338, 338, 338, 338, 395, 395, 395, 278, 278, 278, 374, 378, 8, 8, 259, 208, 100, 100, 100, 375, 122, 122, 122, 82, 82, 75, 75, 66, 68, 68, 68, 224, 25, 267, 444, 464, 324, 464, 464, 464, 315, 486, 319, 319, 319, 106, 497, 65, 276, 276, 276, 276, 276, 153, 153, 182, 182, 182, 182, 375, 98, 98, 98, 98, 426, 426, 282, 282, 59, 282, 282, 282, 413, 413, 413, 303, 413, 303, 303, 303, 303, 303, 309, 309, 479, 479, 331, 331, 106, 481, 481, 481, 481, 182, 387, 293, 375, 98, 263, 263, 263, 170, 170, 170, 170, 170, 170, 392, 392, 392, 392, 392, 392, 392, 392, 63, 63, 63, 63, 63, 63, 63, 63, 63, 63, 63, 392, 392, 392, 392, 244, 244, 289, 289, 321, 7, 7, 420, 324, 324, 324, 464, 464, 464, 145, 486, 486, 460, 460, 169, 349, 349, 234, 234, 25, 25, 25, 25, 25, 485, 324, 324, 324, 464, 464, 464, 139, 139, 426, 426, 426, 413, 348, 10, 10, 473, 398, 398, 339, 199, 10, 199, 199, 302, 88, 274, 122, 122, 129, 129, 75, 77, 68, 115, 273, 273, 355, 450, 450, 240, 240, 35, 35, 129, 259, 354, 354, 420, 286, 286, 286, 286, 374, 374, 374, 374, 374, 246, 246, 246, 339, 132, 132, 132, 98, 98, 98, 98, 98, 98, 13, 401, 82, 401, 321, 75, 208, 208, 441, 437, 437, 437, 481, 481, 375, 375, 98, 98, 98, 13, 13, 17, 17, 451, 451, 171, 171, 171, 171, 171, 171, 171, 171, 171, 171, 171, 171, 171, 171, 171, 171, 171, 171, 171, 171, 171, 171, 171, 171, 171, 171, 171, 171, 171, 171, 171, 171, 171, 171, 171, 171, 171, 171, 171, 171, 171, 171, 171, 171, 171, 171, 171, 171, 171, 171, 171, 171, 171, 171, 171, 171, 171, 171, 171, 171, 171, 171, 171, 171, 171, 171, 171, 171, 171, 171, 171, 171, 171, 171, 171, 171, 171, 171, 171, 171, 171, 171, 171, 171, 171, 171, 171, 171, 171, 171, 171, 171, 171, 171, 171, 171, 171, 171, 171, 171, 171, 171, 171, 171, 171, 171, 171, 171, 171, 171, 171, 171, 171, 171, 171, 171, 171, 171, 171, 171, 171, 171, 171, 171, 171, 171, 171, 171, 171, 171, 171, 171, 171, 171, 171, 171, 171, 171, 171, 171, 171, 171, 171, 171, 171, 171, 171, 171, 171, 171, 171, 171, 171, 171, 171, 171, 171, 171, 171, 171, 171, 171, 171, 171, 171, 171, 171, 171, 171, 171, 171, 171, 171, 171, 171, 171, 171, 171, 171, 171, 171, 171, 171, 171, 171, 171, 171, 171, 171, 171, 171, 171, 171, 171, 171, 171, 171, 171, 171, 171, 171, 171, 171, 171, 171, 171, 171, 171, 171, 171, 171, 171, 171, 171, 171, 171, 171, 171, 171, 171, 171, 171, 171, 171, 171, 171, 171, 171, 171, 171, 171, 171, 171, 171, 171, 171, 171, 171, 171, 171, 171, 171, 171, 171, 171, 171, 171, 171, 171, 171, 171, 171, 171, 171, 171, 171, 171, 171, 171, 171, 171, 171, 171, 171, 171, 171, 171, 171, 171, 171, 171, 171, 171]

ep131
Train step Loss: [1.8903470039367676, 2.073693037033081, 2.044559955596924, 2.490746259689331, 2.4695215225219727, 2.8477494716644287, 2.808443307876587, 2.4217042922973633, 2.409480571746826, 2.0446693897247314, 1.8304249048233032, 2.4178738594055176, 2.078238010406494, 1.5101670026779175, 1.9860501289367676, 1.8200743198394775, 2.004889488220215, 2.109064817428589, 2.0608456134796143, 2.087695360183716, 2.308812141418457, 1.7733769416809082, 1.736045479774475, 2.18809175491333, 1.76409912109375, 1.5324246883392334, 2.069436550140381, 2.132295608520508, 2.0317587852478027, 2.191251277923584, 2.2969655990600586, 1.5480700731277466, 1.944350242614746, 1.838268756866455, 1.9878385066986084, 1.797816514968872, 1.628071904182434, 1.99318528175354, 1.9614622592926025, 1.7467411756515503, 1.6952887773513794, 1.9117223024368286, 1.70729660987854, 1.698372721672058, 1.9335085153579712, 1.9448994398117065, 1.6148011684417725, 1.434401512145996, 1.453282356262207, 1.6774234771728516, 1.9210528135299683, 1.831472396850586, 1.7688103914260864, 1.6459145545959473, 1.4783556461334229, 1.5744456052780151, 1.9059579372406006, 1.6744035482406616, 1.6929281949996948, 1.5194953680038452, 1.6708011627197266, 1.938268780708313, 1.5971792936325073]
val step Loss: [1.296655297279358, 1.4380286931991577, 1.312921404838562, 1.6180636882781982, 1.2376224994659424, 1.3823853731155396, 1.3278533220291138, 1.2483221292495728, 1.5853180885314941, 1.3394840955734253, 1.5391380786895752, 1.2472174167633057, 1.489648699760437, 1.2620062828063965, 1.2825026512145996, 1.2852364778518677]
Train step Accs: [0.6204460451586092, 0.579220394249296, 0.5522108598588507, 0.49244283684278517, 0.4972822484422644, 0.39060183812629706, 0.38531458599630736, 0.4965156794425087, 0.48833865814696487, 0.5839609483960948, 0.6314746300211417, 0.4760701754385965, 0.5630489801994938, 0.7216804201050263, 0.5947098976109215, 0.62882096069869, 0.6011345506115937, 0.5602469135802469, 0.5628840639082343, 0.5581843191196699, 0.519310839913855, 0.6402123794886125, 0.6519965024774118, 0.5255797486280758, 0.6540985895824606, 0.7178368121442126, 0.5641255605381166, 0.5532131433556267, 0.5799577029445258, 0.5192584075883875, 0.5224430696327498, 0.6975789905621665, 0.5897002305918524, 0.6145905984098201, 0.594140625, 0.6388616290480864, 0.6813584905660377, 0.5704217346822781, 0.5824278174479975, 0.6469629025682837, 0.6620011086474501, 0.6015303953521326, 0.6531746031746032, 0.6637763492300792, 0.5973336625108011, 0.5991902834008097, 0.6769331585845347, 0.7389705882352942, 0.7285900358189514, 0.6715002032795772, 0.610803324099723, 0.622996339770289, 0.6436672967863895, 0.6805419751361922, 0.7267417605340009, 0.6910096426545661, 0.6087130295763389, 0.6750162232316678, 0.6754561003420753, 0.7057557826788596, 0.6707550785741664, 0.5985015425297487, 0.6695859872611465]
val step Accs: [0.7846294841581566, 0.7408714537803719, 0.785508697284445, 0.705178722206586, 0.8015756442782748, 0.7602264685067233, 0.7760736196319018, 0.7898502716311117, 0.7061808718282369, 0.7684197621674635, 0.7127951674903898, 0.7928674825634952, 0.7297695605573419, 0.7889763779527559, 0.7965078328981723, 0.7869495042656214]
Preds: [17, 188, 324, 324, 422, 143, 143, 14, 14, 287, 287, 145, 145, 111, 111, 85, 85, 146, 146, 438, 438, 14, 14, 14, 14, 287, 145, 145, 145, 486, 460, 428, 85, 85, 85, 207, 207, 207, 19, 19, 454, 454, 454, 454, 414, 170, 187, 170, 170, 187, 187, 187, 187, 187, 1, 1, 1, 1, 1, 408, 408, 391, 73, 73, 321, 73, 73, 321, 321, 287, 287, 287, 287, 284, 284, 284, 284, 284, 426, 284, 450, 450, 450, 450, 450, 293, 293, 98, 169, 349, 349, 349, 234, 234, 234, 234, 25, 25, 25, 106, 106, 426, 426, 480, 85, 85, 85, 299, 330, 330, 388, 94, 94, 10, 398, 398, 398, 398, 464, 464, 464, 330, 330, 139, 139, 315, 319, 319, 450, 450, 450, 450, 413, 413, 43, 43, 43, 276, 276, 174, 174, 174, 284, 284, 284, 355, 355, 355, 355, 426, 426, 450, 450, 293, 293, 43, 43, 43, 276, 276, 346, 346, 346, 428, 428, 85, 146, 285, 285, 34, 34, 34, 34, 337, 337, 324, 324, 422, 422, 31, 162, 232, 232, 172, 172, 115, 115, 267, 267, 267, 267, 213, 3, 3, 3, 14, 188, 188, 464, 120, 120, 120, 271, 271, 271, 271, 162, 232, 232, 232, 232, 172, 172, 115, 115, 273, 273, 273, 273, 84, 84, 84, 84, 355, 355, 355, 452, 452, 452, 263, 48, 48, 414, 414, 170, 170, 170, 170, 170, 244, 28, 2, 2, 2, 2, 2, 63, 63, 2, 63, 63, 63, 63, 63, 63, 63, 63, 63, 63, 244, 63, 244, 73, 320, 249, 320, 441, 441, 441, 441, 153, 153, 424, 497, 497, 497, 122, 122, 129, 114, 114, 371, 114, 180, 443, 443, 486, 486, 460, 240, 240, 240, 285, 34, 34, 34, 84, 134, 134, 43, 88, 42, 42, 42, 42, 42, 84, 84, 288, 288, 288, 213, 213, 213, 246, 246, 246, 246, 246, 246, 246, 246, 19, 19, 19, 454, 454, 414, 414, 414, 170, 170, 170, 170, 170, 28, 28, 28, 28, 2, 2, 244, 2, 63, 244, 63, 63, 63, 63, 63, 63, 63, 63, 63, 63, 63, 73, 63, 63, 63, 73, 244, 63, 63, 63, 63, 73, 73, 244, 73, 321, 7, 7, 7, 7, 7, 7, 398, 398, 374, 374, 374, 374, 374, 378, 43, 378, 43, 43, 276, 276, 276, 346, 346, 346, 284, 284, 284, 206, 206, 206, 206, 206, 206, 206, 206, 206, 98, 35, 197, 197, 80, 321, 75, 287, 287, 287, 287, 284, 284, 284, 284, 284, 284, 284, 426, 426, 426, 426, 426, 426, 426, 450, 450, 282, 413, 388, 94, 94, 94, 199, 467, 337, 337, 337, 207, 207, 207, 464, 464, 464, 468, 467, 467, 467, 467, 313, 199, 375, 76, 76, 183, 349, 25, 25, 25, 25, 441, 441, 441, 441, 153, 153, 153, 182, 182, 182, 182, 182, 182, 132, 88, 88, 88, 182, 497, 497, 497, 43, 399, 70, 70, 70, 65, 65, 46, 46, 46, 46, 146, 146, 146, 464, 464, 464, 324, 324, 464, 464, 286, 468, 406, 406, 406, 251, 324, 464, 464, 464, 355, 355, 355, 355, 263, 263, 17, 451, 443, 443, 443, 443, 443, 443, 443, 443, 443, 443, 443, 443, 443, 443, 443, 443, 443, 443, 443, 443, 443, 443, 443, 443, 443, 443, 443, 443, 443, 443, 443, 443, 443, 443, 443, 443, 443, 443, 443, 443, 443, 443, 443, 443, 443, 443, 443, 443, 443, 443, 443, 443, 443, 443, 443, 443, 443, 443, 443, 443, 443, 443, 443, 443, 443, 443, 443, 443, 443, 443, 443, 443, 443]

ep132
Train step Loss: [1.4437421560287476, 1.4288395643234253, 1.7084702253341675, 1.5633620023727417, 1.4308634996414185, 1.584721326828003, 1.4149340391159058, 1.816903829574585, 1.6276814937591553, 1.5488539934158325, 1.4346086978912354, 1.4799854755401611, 1.5796369314193726, 1.5306065082550049, 1.300423264503479, 1.9800174236297607, 1.6155189275741577, 2.0505640506744385, 1.7762387990951538, 1.9644322395324707, 1.855860710144043, 1.810678243637085, 1.7635847330093384, 1.8898048400878906, 1.3166624307632446, 1.5009087324142456, 1.6771756410598755, 1.520615816116333, 1.382635474205017, 1.823385238647461, 1.6687456369400024, 1.986750602722168, 1.2855054140090942, 1.769717812538147, 1.715009093284607, 1.8159615993499756, 1.226466178894043, 1.4731937646865845, 1.7050609588623047, 1.6574656963348389, 1.9579592943191528, 1.3898463249206543, 1.661672592163086, 1.6320304870605469, 1.4984009265899658, 1.551123023033142, 1.5723415613174438, 1.6590533256530762, 1.7049375772476196, 1.6217299699783325, 1.6960498094558716, 1.6315648555755615, 1.9415127038955688, 1.2521883249282837, 1.52569580078125, 1.309889316558838, 1.477202296257019, 1.5039149522781372, 1.6802208423614502, 1.646246075630188, 1.5683186054229736, 1.921478033065796, 1.8286551237106323]
val step Loss: [1.4563660621643066, 1.3207499980926514, 1.4736539125442505, 0.9909067749977112, 1.514385461807251, 1.5425002574920654, 1.4380217790603638, 1.3204612731933594, 1.275822401046753, 1.2309213876724243, 1.3172001838684082, 1.3818227052688599, 1.1201022863388062, 1.273891568183899, 1.1528010368347168, 1.5168977975845337]
Train step Accs: [0.7340769004989727, 0.7378286904451966, 0.658180026281209, 0.6948217888365837, 0.7285671907445862, 0.6847283616141452, 0.7402691361597453, 0.6120347212005296, 0.6847734309034619, 0.6959161147902869, 0.7260305431163164, 0.716390423572744, 0.6886590134981708, 0.699460028974055, 0.7698400372728684, 0.5914036996735582, 0.6804020100502512, 0.5573986308583465, 0.6315414230714388, 0.6021391985537813, 0.6079495268138801, 0.6189307146753955, 0.6389542807582703, 0.5970634095634095, 0.7664966266249794, 0.7076023391812866, 0.6802847415660787, 0.7088347519812151, 0.7309624537281861, 0.6245136186770428, 0.6621364898436358, 0.575737377103816, 0.7725484261501211, 0.6267345050878816, 0.6562787841571999, 0.6382140512147079, 0.7882592466915507, 0.7170596393897365, 0.6690482265884155, 0.6583395661929693, 0.5796812749003984, 0.7425756124264404, 0.672636815920398, 0.6895678595543552, 0.7149825783972126, 0.6985015892235508, 0.695380939739846, 0.6577190946024376, 0.6665860735009671, 0.6939858490566038, 0.6527582234736977, 0.6775500184116853, 0.6060287942411517, 0.7680285165889772, 0.7048616090635308, 0.7479982530208181, 0.7151116107274771, 0.7099578861567721, 0.6750390015600624, 0.677734375, 0.6822477650063857, 0.5841537740271917, 0.6301103179753407]
val step Accs: [0.7307747182194322, 0.7692701664532651, 0.7330303474563847, 0.8586118251928021, 0.71890372452565, 0.7087033747779752, 0.7425478065241845, 0.7772848269742679, 0.7861587301587302, 0.7910816432657306, 0.7763657610283378, 0.7592490336830481, 0.8214835728952772, 0.7919545903257651, 0.8221696874179144, 0.7181798669242326]
Preds: [17, 17, 17, 309, 309, 309, 473, 398, 324, 324, 434, 301, 339, 8, 8, 259, 354, 354, 420, 213, 213, 213, 324, 19, 19, 19, 454, 454, 454, 126, 170, 170, 170, 170, 170, 392, 201, 201, 201, 201, 201, 201, 201, 28, 244, 244, 244, 28, 63, 392, 63, 63, 63, 63, 63, 63, 63, 63, 63, 63, 63, 63, 63, 63, 63, 63, 63, 63, 63, 63, 63, 63, 63, 63, 63, 63, 63, 63, 63, 392, 244, 289, 289, 289, 287, 287, 287, 284, 284, 284, 284, 111, 85, 240, 240, 240, 314, 314, 77, 197, 414, 414, 414, 414, 47, 392, 392, 244, 80, 73, 321, 73, 73, 73, 73, 320, 320, 479, 331, 331, 206, 206, 431, 431, 206, 167, 224, 35, 401, 7, 196, 479, 473, 65, 403, 360, 171, 171, 171, 171, 171, 246, 3, 19, 3, 3, 197, 226, 320, 188, 188, 188, 339, 203, 399, 70, 70, 70, 138, 65, 174, 319, 319, 240, 251, 251, 431, 431, 443, 486, 486, 264, 264, 468, 468, 443, 443, 240, 77, 342, 342, 35, 342, 68, 68, 224, 494, 251, 494, 444, 464, 324, 324, 324, 464, 464, 464, 464, 315, 271, 271, 143, 458, 77, 31, 68, 68, 68, 68, 482, 25, 25, 106, 499, 284, 284, 306, 306, 306, 85, 150, 59, 452, 452, 48, 414, 170, 82, 170, 392, 392, 392, 392, 392, 392, 392, 392, 392, 392, 73, 289, 320, 320, 345, 345, 345, 132, 122, 239, 32, 32, 239, 259, 75, 371, 180, 180, 319, 319, 319, 319, 240, 94, 64, 212, 199, 374, 132, 132, 132, 132, 132, 132, 325, 34, 213, 324, 324, 324, 246, 246, 246, 246, 246, 246, 3, 3, 14, 14, 440, 440, 287, 284, 284, 85, 450, 85, 85, 150, 452, 452, 452, 452, 406, 42, 42, 42, 42, 42, 337, 41, 324, 324, 324, 301, 301, 8, 32, 32, 259, 259, 354, 354, 284, 284, 85, 376, 460, 263, 171, 171, 171, 171, 403, 403, 403, 403, 403, 403, 403, 403, 403, 403, 403, 403, 403, 403, 403, 403, 403, 403, 403, 403, 403, 403, 403, 403, 403, 403, 403, 403, 403, 403, 403, 403, 403, 403, 403, 403, 403, 403, 403, 403, 403, 403, 403, 403, 403, 403, 403, 403, 403, 403, 403, 403, 403, 403, 403, 403, 403, 403, 403, 403, 403, 403, 403, 403, 403, 403, 403, 403, 403, 403, 403, 403, 403, 403, 403, 403, 403, 403, 403, 403, 403, 403, 403, 403, 403, 403, 403, 403, 403, 403, 403, 403, 403, 403, 403, 403, 403, 403, 403, 403, 403, 403, 403, 403, 403, 403, 403, 403, 403, 403, 403, 403, 403, 403, 403, 403, 403, 403, 403, 403, 403, 403, 403, 403, 403, 403, 403, 403, 403, 403, 403, 403, 403, 403, 403, 403, 403, 403, 403, 403, 403, 403, 403, 403, 403, 403, 403, 403, 403, 403, 403, 403, 403, 403, 403, 403, 403, 403, 403, 403, 403, 403, 403, 403, 403, 403, 403, 403, 403, 403, 403, 403, 403, 403, 403, 403, 403, 403, 403, 403, 403, 403, 403, 403, 403, 403, 403, 403, 403, 403, 403, 403, 403, 403, 403, 403, 403, 403, 403, 403, 403, 403, 403, 403, 403, 403, 403, 403, 403, 403, 403, 403, 403, 403, 403, 403, 403, 403, 403, 403, 403, 403, 403, 403, 403, 403, 403, 403, 403, 403, 403, 403, 403, 403, 403, 403, 403, 403, 403, 403, 403, 403, 403, 403, 403, 403, 403, 403, 403, 403, 403, 403, 403, 403, 403, 403, 403, 403, 403, 403, 403, 403, 403, 403, 403, 403, 403]

ep133
Train step Loss: [1.7384989261627197, 1.9019163846969604, 1.7646573781967163, 1.4096108675003052, 1.8197968006134033, 1.5466026067733765, 1.7653385400772095, 1.452789545059204, 1.3746974468231201, 1.634917140007019, 1.8854249715805054, 1.827666163444519, 1.4982081651687622, 1.6211594343185425, 1.9715068340301514, 1.644335389137268, 1.6323511600494385, 1.7482898235321045, 1.8627039194107056, 1.397132396697998, 1.4929215908050537, 1.9859038591384888, 1.470882534980774, 1.1814552545547485, 1.6804256439208984, 1.6535637378692627, 1.5844368934631348, 1.729766845703125, 1.7019715309143066, 1.7631441354751587, 1.9208252429962158, 1.6796834468841553, 1.4289158582687378, 1.6898982524871826, 1.3781559467315674, 1.5074849128723145, 1.5221048593521118, 1.415536642074585, 1.7244831323623657, 1.9344778060913086, 1.7411388158798218, 1.7088594436645508, 1.8424052000045776, 1.7875754833221436, 1.6717114448547363, 1.7418099641799927, 1.7605849504470825, 2.0639426708221436, 1.8431174755096436, 1.3734434843063354, 1.9242708683013916, 1.5378108024597168, 1.5945998430252075, 1.5664499998092651, 1.592983365058899, 1.6456811428070068, 1.3272277116775513, 2.035740852355957, 1.445114016532898, 2.087893009185791, 1.2129666805267334, 1.3769515752792358, 1.793594241142273]
val step Loss: [1.121317982673645, 1.1781541109085083, 1.4281545877456665, 1.077549695968628, 1.192610740661621, 1.6571776866912842, 1.3986791372299194, 1.2207717895507812, 1.503894329071045, 1.388867735862732, 1.2202130556106567, 1.2597718238830566, 1.6440261602401733, 1.3950262069702148, 1.1361066102981567, 1.2900751829147339]
Train step Accs: [0.6513963406245701, 0.6130440907170024, 0.6457720353076628, 0.7232616587545379, 0.6358262304096783, 0.7078172309386183, 0.6264218394540136, 0.7150204205112691, 0.7335729690869878, 0.669451556394017, 0.6131669535283993, 0.6133418858242463, 0.7242682926829268, 0.6756481211768133, 0.5790106750864532, 0.6510523817059661, 0.6738849849419188, 0.6405970149253731, 0.6167633104902478, 0.7323604633669325, 0.708578818795804, 0.5749575218925631, 0.7193186217576462, 0.7921014397041342, 0.6667620137299771, 0.6649738827626234, 0.6717453868291857, 0.6521156936261382, 0.6473757118670156, 0.6374051069703244, 0.590754503086031, 0.6514074883848046, 0.7328972472063232, 0.6535755404886785, 0.7310317668679444, 0.7058319039451115, 0.6967302452316076, 0.7409252669039146, 0.6392173423423423, 0.6006650963004019, 0.6448585601287036, 0.6613773405268168, 0.6006493506493507, 0.6431639757073027, 0.6654441077977994, 0.6384941034169943, 0.6325795765519228, 0.5484353571873831, 0.6124107017789606, 0.7387627948375612, 0.5736690647482015, 0.692173679978558, 0.6810999879387287, 0.6950431034482759, 0.6714511041009463, 0.658275238832946, 0.7581773799837266, 0.5748670212765957, 0.730213030632872, 0.5624001162283888, 0.7846436219027225, 0.7402269861286255, 0.6258124419684308]
val step Accs: [0.8225689929200982, 0.8066985645933015, 0.744640174791752, 0.8270908158029758, 0.7960031144562678, 0.6732344213649851, 0.7461549947737793, 0.7945205479452054, 0.7136427130218842, 0.7516207455429498, 0.8011795543905635, 0.7819256269818391, 0.6796733212341198, 0.7525285481239804, 0.815914924825816, 0.7718016821602479]
Preds: [17, 17, 296, 217, 479, 331, 360, 360, 360, 360, 143, 143, 458, 458, 458, 445, 445, 351, 351, 351, 278, 330, 330, 330, 330, 434, 434, 434, 339, 219, 219, 219, 19, 19, 19, 19, 19, 19, 454, 454, 197, 197, 102, 102, 102, 102, 170, 244, 170, 249, 392, 392, 392, 63, 63, 63, 63, 63, 63, 63, 63, 63, 73, 244, 289, 320, 321, 7, 7, 309, 479, 479, 398, 324, 422, 143, 143, 129, 401, 196, 196, 70, 65, 46, 46, 46, 46, 85, 438, 285, 251, 251, 34, 374, 374, 132, 301, 32, 10, 251, 251, 251, 251, 241, 331, 106, 106, 153, 153, 153, 182, 182, 182, 182, 182, 497, 122, 143, 129, 259, 208, 345, 100, 100, 122, 122, 239, 107, 36, 371, 224, 374, 371, 395, 236, 236, 129, 401, 75, 371, 395, 374, 273, 106, 106, 405, 206, 206, 167, 215, 215, 401, 401, 321, 7, 7, 345, 109, 109, 109, 403, 403, 403, 403, 207, 207, 207, 207, 207, 207, 19, 454, 454, 454, 414, 170, 170, 392, 392, 392, 392, 392, 392, 392, 63, 63, 63, 63, 63, 63, 63, 392, 392, 244, 321, 320, 320, 209, 287, 287, 284, 284, 284, 450, 450, 215, 241, 88, 88, 153, 153, 153, 387, 387, 387, 109, 146, 207, 207, 207, 207, 246, 246, 19, 19, 422, 99, 338, 338, 338, 338, 338, 338, 338, 400, 400, 400, 324, 286, 464, 464, 464, 464, 31, 31, 99, 99, 338, 338, 338, 338, 338, 400, 400, 400, 485, 286, 464, 313, 116, 10, 10, 10, 309, 479, 479, 331, 106, 106, 284, 284, 284, 426, 426, 375, 375, 375, 98, 413, 413, 310, 303, 243, 32, 239, 478, 310, 310, 107, 395, 395, 180, 264, 264, 264, 468, 139, 139, 139, 293, 293, 375, 375, 375, 98, 98, 13, 233, 75, 411, 208, 287, 100, 481, 375, 375, 98, 98, 98, 13, 170, 170, 170, 170, 392, 63, 63, 63, 63, 63, 63, 63, 63, 63, 63, 63, 63, 63, 63, 63, 63, 63, 63, 63, 63, 63, 63, 63, 63, 63, 63, 73, 244, 289, 289, 321, 287, 287, 287, 284, 284, 284, 111, 111, 240, 240, 94, 348, 348, 251, 251, 196, 196, 309, 479, 114, 324, 324, 324, 324, 324, 246, 246, 246, 246, 246, 246, 246, 246, 422, 186, 338, 338, 338, 338, 338, 338, 400, 400, 219, 485, 477, 374, 374, 374, 374, 132, 88, 88, 497, 497, 387, 497, 497, 122, 129, 129, 401, 401, 401, 75, 354, 420, 420, 213, 213, 324, 422, 143, 129, 82, 401, 401, 261, 25, 420, 325, 325, 34, 41, 41, 324, 324, 19, 19, 32, 32, 32, 259, 75, 445, 445, 445, 180, 443, 171, 171, 416, 143, 458, 445, 445, 188, 464, 464, 443, 443, 240, 239, 239, 129, 401, 75, 354, 420, 420, 213, 213, 246, 246, 303, 14, 303, 48, 48, 48, 170, 82, 170, 244, 392, 392, 392, 392, 392, 392, 392, 289, 289, 320, 320, 114, 420, 213, 213, 213, 246, 246, 246, 246, 19, 454, 454, 197, 197, 197, 32, 32, 32, 32, 82, 310, 107, 395, 395, 395, 264, 264, 443, 120, 120, 240, 35, 35, 32, 401, 32, 32, 196, 217, 473, 473, 252, 324, 324, 324, 422, 310, 239, 310, 310, 107, 107, 107, 395, 400, 213, 19, 19, 454, 17, 17, 451, 451, 443, 443, 171, 171, 171, 171, 171, 171, 171, 171, 171, 171, 171, 171, 171, 171, 171, 171, 171, 171, 171, 171, 171, 171, 443, 443, 443, 443, 443, 443, 443, 443, 443, 443, 443, 443]

ep134
Train step Loss: [1.6296718120574951, 1.3377264738082886, 1.6819438934326172, 2.167992115020752, 1.366580843925476, 1.9544682502746582, 1.3934849500656128, 2.039105176925659, 1.268061637878418, 1.4250684976577759, 1.6514604091644287, 1.7252928018569946, 1.7002344131469727, 1.8520195484161377, 1.3999276161193848, 1.921006441116333, 1.4897470474243164, 1.6841648817062378, 1.642974615097046, 1.4255430698394775, 1.3572793006896973, 2.126790761947632, 1.7729089260101318, 1.4539005756378174, 1.990241527557373, 1.8063271045684814, 1.916600227355957, 1.970705270767212, 1.944946050643921, 1.3997377157211304, 1.3263475894927979, 1.8270219564437866, 1.3298989534378052, 1.6872293949127197, 1.6558018922805786, 1.9044556617736816, 1.9330724477767944, 1.6373134851455688, 1.8503636121749878, 1.5430107116699219, 1.5603407621383667, 1.72065269947052, 1.3132200241088867, 1.4210009574890137, 1.5858654975891113, 1.811555027961731, 1.9398425817489624, 1.718293309211731, 1.4147876501083374, 2.2231438159942627, 1.6173481941223145, 1.7987401485443115, 1.784485936164856, 1.4326318502426147, 1.6105114221572876, 1.45164155960083, 1.6845624446868896, 2.183262586593628, 1.3322691917419434, 1.4736486673355103, 1.4687907695770264, 1.5653983354568481, 1.302198886871338]
val step Loss: [1.2532895803451538, 1.236520767211914, 1.3319752216339111, 0.9538910388946533, 1.109519362449646, 1.174582839012146, 1.2157257795333862, 1.5471923351287842, 1.657820224761963, 1.3681169748306274, 1.2062565088272095, 1.3295435905456543, 0.9363592267036438, 1.6709372997283936, 1.2758227586746216, 1.2258808612823486]
Train step Accs: [0.6584204259822728, 0.7548975624345745, 0.6390048154093098, 0.5343731946851531, 0.7393732970027248, 0.5833854818523154, 0.7283763277693475, 0.5809456598447424, 0.770750382848392, 0.7237086092715231, 0.6699558857673554, 0.627931350714005, 0.6566933195769925, 0.6118885607908588, 0.7189873417721518, 0.5735095764769356, 0.7123149394347241, 0.6578518611354807, 0.6696961475854585, 0.7223754900537244, 0.7554948627910001, 0.5440325972660357, 0.6315715292459478, 0.7101942435842904, 0.5724669930277407, 0.635892265591243, 0.5866666666666667, 0.5772105485827105, 0.5714285714285714, 0.7415824915824916, 0.7469199940626392, 0.6090631929046563, 0.7449739389426657, 0.6475600309837335, 0.660300136425648, 0.6160972785176607, 0.5826615567596141, 0.6725196288365454, 0.6163654196441082, 0.6844106463878327, 0.696383390385474, 0.6462865716429107, 0.7513896609227348, 0.7267953667953668, 0.6829843703922147, 0.6116504854368932, 0.5888, 0.6403584851113039, 0.7170041102146445, 0.5311147589911953, 0.6795348837209302, 0.6365097924583455, 0.6410047522063815, 0.7171138938580799, 0.6790104486785494, 0.7113910186199343, 0.651231680698472, 0.5330535152151101, 0.7573593704459342, 0.7142857142857143, 0.7172610944731826, 0.6829126776907456, 0.762619372442019]
val step Accs: [0.7806617227609812, 0.7881519639407598, 0.762737330965715, 0.8561373873873874, 0.8174904942965779, 0.7961949082945524, 0.7916316585447823, 0.7153846153846154, 0.6850577875619153, 0.7453131509512567, 0.7863785199738048, 0.7581920903954802, 0.8632351112768867, 0.6759504247319315, 0.7767385115900772, 0.7828739743320008]
Preds: [17, 17, 30, 324, 422, 143, 183, 183, 183, 14, 287, 287, 145, 111, 111, 111, 330, 438, 438, 14, 14, 14, 14, 411, 287, 145, 145, 486, 486, 428, 85, 85, 299, 207, 207, 19, 19, 454, 454, 454, 170, 170, 170, 170, 187, 187, 187, 187, 187, 1, 1, 1, 1, 408, 408, 391, 391, 321, 320, 321, 321, 320, 287, 287, 287, 287, 284, 284, 284, 284, 284, 284, 426, 426, 426, 450, 293, 293, 293, 122, 349, 349, 349, 234, 234, 234, 25, 25, 25, 106, 346, 346, 426, 480, 480, 85, 85, 299, 388, 388, 94, 10, 398, 398, 398, 398, 464, 464, 464, 139, 315, 315, 315, 315, 450, 450, 450, 450, 450, 413, 413, 250, 250, 43, 276, 346, 346, 284, 284, 284, 284, 426, 426, 426, 426, 426, 426, 413, 413, 413, 43, 43, 276, 276, 346, 346, 306, 428, 428, 146, 240, 240, 285, 285, 406, 337, 337, 324, 324, 422, 422, 31, 162, 232, 232, 172, 115, 115, 267, 267, 267, 267, 324, 3, 3, 3, 188, 188, 464, 464, 120, 120, 271, 271, 271, 162, 232, 232, 232, 232, 172, 172, 115, 273, 273, 273, 273, 450, 84, 84, 84, 355, 355, 355, 452, 452, 452, 263, 263, 414, 414, 170, 170, 170, 170, 28, 28, 244, 2, 2, 2, 2, 2, 2, 2, 63, 63, 63, 63, 63, 63, 63, 63, 63, 244, 321, 249, 249, 249, 249, 320, 7, 7, 345, 153, 497, 497, 497, 122, 122, 129, 164, 183, 110, 110, 110, 443, 443, 486, 460, 240, 240, 240, 285, 34, 34, 84, 134, 134, 88, 88, 88, 42, 42, 42, 42, 84, 288, 288, 213, 213, 213, 246, 246, 246, 246, 246, 246, 246, 19, 454, 454, 414, 414, 414, 414, 414, 170, 170, 170, 170, 28, 40, 40, 40, 40, 2, 40, 40, 63, 63, 63, 63, 63, 63, 63, 63, 63, 244, 63, 63, 63, 63, 63, 63, 63, 63, 63, 63, 244, 73, 73, 321, 320, 102, 320, 7, 7, 7, 152, 152, 152, 152, 374, 374, 378, 43, 43, 43, 43, 276, 276, 346, 346, 346, 284, 284, 284, 284, 284, 206, 206, 206, 206, 206, 206, 206, 35, 35, 35, 259, 259, 74, 437, 437, 437, 284, 284, 284, 284, 284, 284, 426, 426, 426, 426, 426, 426, 426, 206, 282, 282, 388, 388, 348, 94, 199, 467, 337, 337, 264, 207, 207, 464, 464, 468, 468, 467, 467, 467, 467, 245, 43, 497, 349, 349, 349, 25, 25, 25, 25, 441, 441, 387, 387, 153, 153, 182, 182, 182, 182, 182, 182, 182, 182, 182, 497, 497, 497, 43, 43, 276, 70, 70, 65, 46, 46, 46, 428, 146, 146, 146, 146, 219, 219, 464, 464, 286, 374, 374, 374, 132, 337, 324, 324, 464, 464, 355, 355, 355, 355, 263, 263, 17, 451, 445, 443, 443, 443, 443, 443, 443, 443, 443, 443, 443, 443, 443, 443, 443, 443, 443, 443, 443, 443, 443, 443, 443, 443, 443, 443, 443, 443, 443, 443, 443, 443, 443, 443, 443, 443, 443, 443, 443, 443, 443, 443, 443, 443, 443, 443, 443, 443, 443, 443, 443, 443, 443, 443, 443, 443, 443, 443, 443, 443, 443, 443, 443, 443, 443, 443, 443, 443, 443, 443, 443, 443, 443, 443, 443, 443, 443, 443, 443, 443, 443, 443, 443, 443, 443, 443, 443, 443, 443, 443, 443, 443, 443, 443, 443, 443, 443, 443, 443, 443, 443, 443, 443, 443, 443, 443, 443, 443, 443, 443, 443, 443, 443, 443, 443, 443, 443, 443, 443, 443, 443, 443, 443, 443, 443]

ep135
Train step Loss: [1.6782811880111694, 1.6278576850891113, 1.719747543334961, 1.3863117694854736, 1.6315240859985352, 1.7851465940475464, 1.775965929031372, 1.5934261083602905, 1.3455110788345337, 1.7096060514450073, 1.5379480123519897, 1.681169033050537, 1.8786282539367676, 1.919784426689148, 2.1964170932769775, 1.5304433107376099, 1.8316782712936401, 1.863128662109375, 1.6996666193008423, 1.5842809677124023, 1.7558972835540771, 1.5957006216049194, 1.9799286127090454, 1.645148754119873, 1.2876132726669312, 1.8407905101776123, 1.5275274515151978, 1.8779736757278442, 1.4370092153549194, 1.8047173023223877, 1.691792368888855, 1.82639479637146, 1.3477586507797241, 1.3861603736877441, 1.4784913063049316, 2.0539920330047607, 1.3832380771636963, 1.7017675638198853, 1.3756663799285889, 1.358337640762329, 1.4276857376098633, 1.641915202140808, 1.2506133317947388, 1.743873119354248, 1.6453025341033936, 2.0722103118896484, 1.5615744590759277, 1.3313889503479004, 1.5869382619857788, 1.7103854417800903, 1.5085723400115967, 1.6922930479049683, 1.7061430215835571, 2.4704766273498535, 1.8084774017333984, 1.6385414600372314, 1.9376825094223022, 1.9698179960250854, 1.4272208213806152, 1.9103727340698242, 1.7192481756210327, 1.7663910388946533, 2.0840418338775635]
val step Loss: [1.2226990461349487, 1.0955482721328735, 1.7065783739089966, 1.448307991027832, 1.3127670288085938, 1.1287662982940674, 1.4581325054168701, 1.1940505504608154, 1.1832599639892578, 1.2274231910705566, 1.3602862358093262, 1.0290955305099487, 1.385083556175232, 1.5035686492919922, 1.3053269386291504, 1.0809224843978882]
Train step Accs: [0.659913947651488, 0.6588471849865952, 0.6284994815582876, 0.72400513478819, 0.6798490958761545, 0.6546474358974359, 0.6308164308846088, 0.6703282159872949, 0.7453365774533658, 0.6469058050383352, 0.6881377551020408, 0.6565869050749409, 0.5956017104459377, 0.5995494226978316, 0.5063201249822469, 0.6874133415498382, 0.6229636387332204, 0.6057789793849273, 0.6480481988201331, 0.6859889309641712, 0.6288770053475936, 0.673901464713715, 0.5747474747474748, 0.673699421965318, 0.7676977625626604, 0.6022471910112359, 0.7067096774193549, 0.5865075107296137, 0.7119767923746374, 0.6159351789331533, 0.6431152147731835, 0.6167850225952227, 0.7513154250900028, 0.7328506097560976, 0.6926457283184697, 0.5583699059561128, 0.7190684133915575, 0.6417806307563494, 0.725078548986004, 0.7359154929577465, 0.7288619936123718, 0.6642051557465092, 0.7689184200812108, 0.6322324628776241, 0.6598619033323326, 0.545767651344549, 0.6794539249146758, 0.7580263157894737, 0.6712626995645864, 0.637663335895465, 0.7035786630654963, 0.6543785310734463, 0.6480559666352751, 0.4759925469399455, 0.6347955996197202, 0.675609756097561, 0.5925200065327454, 0.5795624812706024, 0.7315339038841343, 0.583547557840617, 0.6556142880025628, 0.6186480186480187, 0.5543048372376027]
val step Accs: [0.7977999710522506, 0.8283300844704353, 0.6584808680753855, 0.7231575009352788, 0.7678113787801127, 0.8053736131533218, 0.7334809892949428, 0.8045538299552514, 0.8025951304854935, 0.7881391159761674, 0.7498623348017621, 0.8314727022480501, 0.7349789773497898, 0.7129665255867641, 0.7661911374826411, 0.8264130725957675]
Preds: [17, 17, 287, 287, 284, 284, 319, 450, 450, 450, 169, 169, 76, 76, 349, 234, 234, 234, 234, 234, 234, 261, 25, 106, 25, 106, 284, 428, 428, 330, 388, 388, 10, 10, 10, 309, 479, 398, 398, 324, 324, 422, 186, 162, 162, 232, 232, 172, 172, 115, 273, 267, 267, 267, 324, 324, 3, 3, 14, 14, 411, 188, 188, 171, 443, 443, 271, 178, 143, 77, 54, 232, 232, 39, 323, 336, 336, 336, 336, 145, 145, 145, 486, 486, 460, 468, 406, 406, 406, 42, 132, 32, 32, 32, 32, 239, 82, 310, 107, 107, 107, 395, 395, 286, 286, 264, 264, 264, 120, 120, 120, 120, 120, 207, 178, 178, 143, 233, 233, 170, 170, 170, 187, 187, 170, 170, 187, 170, 170, 187, 187, 187, 244, 2, 2, 2, 2, 244, 392, 63, 73, 392, 244, 73, 73, 73, 244, 287, 287, 100, 293, 293, 43, 43, 8, 129, 144, 208, 27, 346, 106, 174, 426, 319, 348, 348, 348, 199, 199, 250, 250, 98, 197, 129, 401, 7, 7, 217, 473, 109, 109, 313, 313, 406, 285, 337, 337, 337, 324, 339, 116, 94, 94, 199, 398, 339, 199, 116, 94, 94, 331, 331, 331, 138, 138, 138, 138, 138, 182, 497, 497, 43, 8, 32, 239, 208, 208, 27, 441, 346, 426, 426, 319, 348, 348, 94, 250, 250, 303, 375, 98, 98, 98, 13, 414, 414, 170, 170, 170, 170, 170, 28, 2, 2, 244, 2, 2, 2, 2, 2, 244, 244, 73, 73, 73, 73, 244, 320, 7, 70, 473, 106, 284, 206, 206, 206, 240, 240, 35, 35, 82, 77, 342, 323, 323, 336, 196, 106, 153, 153, 153, 153, 387, 169, 349, 349, 349, 234, 234, 234, 25, 25, 25, 100, 100, 100, 497, 497, 497, 98, 98, 98, 197, 80, 80, 80, 226, 226, 442, 209, 287, 287, 284, 284, 284, 480, 480, 480, 480, 480, 480, 480, 480, 480, 282, 282, 282, 388, 388, 388, 388, 195, 195, 195, 250, 250, 250, 250, 250, 109, 109, 109, 403, 403, 403, 207, 207, 207, 252, 416, 32, 32, 239, 75, 84, 180, 106, 153, 153, 387, 349, 349, 349, 155, 234, 25, 25, 25, 148, 387, 387, 387, 153, 182, 182, 182, 182, 406, 132, 42, 42, 406, 134, 132, 132, 98, 98, 98, 98, 13, 13, 170, 170, 170, 170, 170, 170, 187, 187, 187, 187, 187, 391, 73, 392, 392, 73, 73, 73, 244, 310, 310, 323, 323, 323, 323, 273, 106, 106, 153, 153, 153, 182, 182, 182, 182, 182, 182, 182, 182, 182, 182, 182, 345, 122, 122, 239, 129, 129, 82, 75, 310, 107, 323, 323, 273, 106, 106, 106, 100, 375, 98, 98, 98, 98, 17, 451, 443, 443, 443, 443, 443, 443, 443, 443, 443, 443, 443, 443, 443, 443, 443, 443, 443, 443, 443, 443, 443, 443, 443, 443, 443, 443, 443, 443, 443, 443, 443, 443, 443, 443, 443, 443, 443, 443, 443, 443, 443, 443, 443, 443, 443, 443, 443, 443, 443, 443, 443, 443, 443, 443, 443, 443, 443, 443, 443, 443, 443, 443, 443, 443, 443, 443, 443, 443, 443, 443, 443, 443, 443, 443, 443, 443, 443, 443, 443, 443, 443, 443, 443, 443, 443, 443, 443, 443, 443, 443, 443, 443, 443, 443, 443, 443, 443, 443, 443, 443, 443, 443, 443, 443, 443, 443, 443, 443, 443, 443, 443, 443, 443, 443, 443, 443, 443, 443, 443, 443, 443, 443, 443, 443, 443, 443, 443, 443, 443, 443, 443, 443, 443, 443, 443, 443, 443, 443, 443, 443, 443, 443, 443]

ep136
Train step Loss: [1.3505592346191406, 1.9499940872192383, 1.8366235494613647, 1.614650845527649, 2.0488319396972656, 1.5294212102890015, 1.6571706533432007, 1.4404414892196655, 1.9413303136825562, 2.1135077476501465, 1.469719409942627, 1.8047951459884644, 1.5364381074905396, 1.7018142938613892, 2.0782623291015625, 1.9260313510894775, 1.245940089225769, 1.816518783569336, 1.7623522281646729, 1.7262821197509766, 2.3682501316070557, 1.6989914178848267, 1.7377265691757202, 1.6502749919891357, 1.8537979125976562, 1.8467416763305664, 1.5793412923812866, 1.7362964153289795, 1.6846858263015747, 1.658422827720642, 1.5279327630996704, 1.9317797422409058, 1.8036600351333618, 1.6066136360168457, 1.7473492622375488, 1.2627601623535156, 1.634891152381897, 1.708107590675354, 1.8067468404769897, 2.0042974948883057, 2.040928363800049, 1.45310378074646, 1.648145079612732, 1.768666386604309, 1.6831145286560059, 1.794555425643921, 1.1027867794036865, 1.9851021766662598, 1.356603741645813, 1.9812909364700317, 1.3307380676269531, 1.5682708024978638, 2.315911054611206, 1.3496559858322144, 1.7447483539581299, 1.744812250137329, 1.6897635459899902, 1.7418665885925293, 1.6675138473510742, 1.7508032321929932, 1.652787685394287, 1.938759207725525, 1.5919828414916992]
val step Loss: [1.3141642808914185, 1.6891729831695557, 1.3386740684509277, 1.0865131616592407, 1.4393773078918457, 1.1491150856018066, 1.1810808181762695, 1.0722897052764893, 1.420036792755127, 1.1698353290557861, 1.1522575616836548, 1.5832816362380981, 1.688367486000061, 1.1670371294021606, 1.2073789834976196, 0.9627392888069153]
Train step Accs: [0.7322962242748339, 0.6012456930824278, 0.5886596633337552, 0.6806345405567196, 0.5599485695917711, 0.6891542002301496, 0.6513382687927107, 0.7137152299641972, 0.585188483229445, 0.5565988523735003, 0.7152094048493755, 0.6336686787391013, 0.6957262530171802, 0.6546574086204637, 0.5372723098117251, 0.5881599179907739, 0.759589247961341, 0.6185075608152532, 0.6455923927011051, 0.6262455925187796, 0.4692406093731829, 0.6430214723926381, 0.6320656226696495, 0.6546799285896455, 0.6135057471264368, 0.6001651527663089, 0.6905747888023853, 0.6437670609645132, 0.6478185993111366, 0.6645637790429297, 0.6901387213510254, 0.5795136948015651, 0.6118046132971506, 0.6807254323070434, 0.6155521393799641, 0.7712289229834421, 0.6703928457361865, 0.6386271870794078, 0.6215868936716993, 0.5724454990360374, 0.5546772068511199, 0.708602516150969, 0.6618191095803037, 0.633554682206261, 0.6539361833189602, 0.618039808515999, 0.8055154490326306, 0.5957251908396947, 0.7314953551093797, 0.5827004219409283, 0.7430956968529223, 0.6794076163610719, 0.47965310206804534, 0.7234284271648573, 0.637282993426597, 0.643510054844607, 0.6557377049180327, 0.6350647417770502, 0.6585591539986781, 0.624542372881356, 0.6401755241345685, 0.5729395072875016, 0.7044555760611653]
val step Accs: [0.7616803554598088, 0.669002534665275, 0.7562642369020501, 0.8159460531535105, 0.7316100823045267, 0.7998453408944451, 0.7969823521487269, 0.8206542655548429, 0.7331456909261493, 0.7998765432098766, 0.8031885651456845, 0.6918758771245906, 0.6767068273092369, 0.8041303232426885, 0.7913568121229129, 0.8489726752806609]
Preds: [17, 17, 17, 251, 251, 241, 331, 443, 443, 330, 330, 330, 330, 360, 339, 434, 434, 324, 324, 324, 324, 324, 301, 301, 303, 303, 303, 309, 479, 479, 331, 331, 106, 284, 284, 284, 284, 426, 426, 426, 375, 98, 98, 98, 263, 13, 13, 13, 82, 170, 170, 392, 392, 392, 63, 63, 63, 63, 63, 63, 63, 63, 63, 63, 63, 63, 63, 63, 73, 244, 289, 289, 20, 320, 7, 431, 486, 486, 460, 460, 169, 150, 35, 77, 164, 224, 494, 494, 422, 186, 99, 99, 338, 338, 338, 338, 400, 400, 400, 444, 213, 324, 246, 246, 246, 246, 422, 99, 99, 338, 338, 338, 400, 400, 400, 485, 374, 374, 374, 132, 132, 345, 132, 132, 497, 122, 122, 129, 401, 401, 401, 82, 259, 354, 74, 420, 420, 324, 324, 301, 301, 239, 196, 309, 217, 473, 398, 398, 324, 324, 252, 252, 143, 36, 422, 310, 107, 107, 107, 395, 41, 41, 19, 19, 454, 454, 454, 417, 417, 417, 417, 237, 237, 237, 237, 170, 47, 170, 392, 392, 392, 392, 392, 392, 392, 392, 392, 392, 392, 73, 73, 289, 321, 320, 287, 287, 145, 486, 460, 460, 167, 215, 35, 401, 320, 196, 473, 473, 290, 324, 324, 324, 143, 143, 129, 401, 401, 82, 445, 445, 445, 445, 485, 485, 374, 374, 132, 132, 132, 122, 196, 10, 212, 473, 398, 324, 301, 301, 129, 129, 259, 196, 196, 70, 65, 46, 46, 46, 85, 146, 146, 146, 324, 324, 422, 99, 99, 338, 338, 338, 400, 400, 400, 485, 374, 374, 374, 132, 88, 182, 182, 182, 182, 497, 497, 43, 122, 122, 197, 259, 188, 188, 324, 301, 301, 8, 217, 70, 70, 276, 138, 174, 174, 319, 348, 94, 251, 251, 241, 431, 486, 486, 486, 85, 264, 468, 468, 468, 467, 467, 467, 486, 460, 167, 167, 169, 150, 342, 68, 68, 68, 68, 68, 336, 115, 267, 444, 444, 213, 213, 246, 246, 3, 14, 188, 188, 188, 171, 171, 171, 252, 77, 233, 36, 270, 433, 68, 68, 68, 68, 336, 321, 437, 287, 287, 284, 284, 284, 306, 306, 59, 59, 59, 452, 452, 452, 263, 17, 17, 451, 403, 443, 443, 443, 443, 443, 443, 443, 443, 443, 443, 443, 443, 443, 443, 443, 443, 443, 443, 443, 443, 443, 443, 443, 443, 443, 443, 443, 443, 443, 443, 443, 443, 443, 443, 443, 443, 443, 443, 443, 443, 443, 443, 443, 443, 443, 443, 443, 443, 443, 443, 443, 443, 443, 443, 443, 443, 443, 443, 443, 443, 443, 443, 443, 443, 443, 443, 443, 443, 443, 443, 443, 443, 443, 443, 443, 443, 443, 443, 443, 443, 443, 443, 443, 443, 443, 443, 443, 443, 443, 443, 443, 443, 443, 443, 443, 443, 443, 443, 443, 443, 443, 443, 443, 443, 443, 443, 443, 443, 443, 443, 443, 443, 443, 443, 443, 443, 443, 443, 443, 443, 443, 443, 443, 443, 443, 443, 443, 443, 443, 443, 443, 443, 443, 443, 443, 443, 443, 443, 443, 443, 443, 443, 443, 443, 443, 443, 443, 443, 443, 443, 443, 443, 443, 443, 443, 443, 443, 443, 443, 443, 443, 443, 443, 443, 443, 443, 443, 443, 443, 443, 443, 443, 443, 443, 443, 443, 443, 443, 443, 443, 443, 443, 443, 443, 443, 443, 443, 443, 443, 443, 443, 443, 443, 443, 443, 443, 443, 443, 443, 443, 443, 443, 443, 443, 443, 443, 443, 443, 443, 443, 443, 443, 443, 443, 443, 443, 443, 443, 443, 443, 443, 443, 443, 443, 443, 443, 443, 443, 443]

ep137
Train step Loss: [1.5824213027954102, 1.7395355701446533, 1.7531739473342896, 1.7640998363494873, 1.9589958190917969, 1.64411199092865, 1.8888208866119385, 1.785949945449829, 1.4579631090164185, 1.62864351272583, 1.7596343755722046, 1.6670329570770264, 2.272416830062866, 1.6094523668289185, 2.009364366531372, 1.8634414672851562, 1.645497441291809, 1.6144551038742065, 1.8023277521133423, 1.7938276529312134, 1.7547599077224731, 1.4929450750350952, 1.7550066709518433, 1.5017874240875244, 1.6381267309188843, 1.5417417287826538, 2.1686339378356934, 1.9951107501983643, 1.8517390489578247, 1.676231861114502, 1.9048634767532349, 1.7302740812301636, 1.984819769859314, 1.7622689008712769, 1.6718007326126099, 1.925172209739685, 1.959155797958374, 1.9958308935165405, 1.9816114902496338, 1.9995288848876953, 1.3826426267623901, 1.5446487665176392, 1.4816951751708984, 1.742811918258667, 1.5653122663497925, 1.5698864459991455, 1.723671555519104, 1.4885419607162476, 1.2664899826049805, 1.8333972692489624, 1.7995800971984863, 1.7209272384643555, 1.5952990055084229, 1.4766566753387451, 1.7285723686218262, 1.451294183731079, 1.6235694885253906, 1.5053670406341553, 1.5703637599945068, 1.6360766887664795, 1.7617418766021729, 1.904854655265808, 2.511289119720459]
val step Loss: [1.3369046449661255, 1.2838256359100342, 1.3159350156784058, 1.2576513290405273, 1.3664878606796265, 1.078039288520813, 1.363959550857544, 1.1282819509506226, 1.259032964706421, 1.25833261013031, 1.2945537567138672, 1.4514638185501099, 1.2003296613693237, 1.0640408992767334, 1.1132193803787231, 1.1958084106445312]
Train step Accs: [0.680035917390003, 0.6537112799532437, 0.6472348916761688, 0.6359377361341998, 0.5810977489978415, 0.6558293116586233, 0.5853956614726551, 0.6238668449992569, 0.7252301028695182, 0.6513748397207579, 0.6330442081701175, 0.6468766828217555, 0.5007651109410864, 0.6552702299193789, 0.5665943600867679, 0.6138097660223805, 0.6701602036232969, 0.6563013903423531, 0.6118665018541409, 0.6321629213483146, 0.6308625336927224, 0.6895228561895228, 0.6273488078319912, 0.7027528170018542, 0.6682857142857143, 0.7022363335173937, 0.5392839383391348, 0.5772768493328151, 0.5968599974049565, 0.6466476462196862, 0.5725576983876067, 0.6253746253746254, 0.572779331468904, 0.6129940046494555, 0.6484895429899303, 0.5934970694948367, 0.5652679147837314, 0.577458843393837, 0.5693309112927641, 0.5638784852267998, 0.7177655911235812, 0.7104015616285555, 0.7070091423595994, 0.6351727982162765, 0.6885245901639344, 0.6695607101205131, 0.6278610891870561, 0.7045454545454546, 0.7587939698492462, 0.6243692490353221, 0.6251329944437877, 0.6327232695747902, 0.6751841981501803, 0.6871493088818941, 0.6271697030555157, 0.6977668173722428, 0.6747797521278184, 0.6948898546380938, 0.6822254335260116, 0.6537400367872471, 0.6204542470789025, 0.5977831570900751, 0.4157434402332362]
val step Accs: [0.7514379622021364, 0.7695377880777649, 0.7662438519285529, 0.7702374527792768, 0.7478132314894665, 0.8203804748562159, 0.7448518332496233, 0.7969859440660774, 0.7772369898914264, 0.7743185277431853, 0.7711853798973589, 0.7320252076768834, 0.7919288015958263, 0.8321667907669397, 0.8055095013391149, 0.7963778756730299]
Preds: [17, 17, 309, 479, 473, 398, 360, 339, 330, 17, 36, 259, 422, 487, 168, 168, 494, 186, 186, 406, 406, 467, 467, 337, 337, 301, 301, 203, 129, 129, 196, 196, 70, 473, 473, 252, 213, 324, 171, 246, 246, 246, 246, 246, 246, 19, 19, 19, 454, 225, 226, 414, 414, 82, 83, 287, 287, 284, 460, 215, 215, 35, 35, 35, 259, 441, 441, 276, 153, 153, 153, 497, 399, 399, 70, 70, 70, 70, 70, 138, 138, 138, 387, 387, 146, 146, 207, 324, 324, 324, 464, 464, 3, 143, 143, 129, 401, 7, 7, 276, 276, 276, 345, 345, 109, 109, 213, 213, 324, 246, 246, 301, 301, 8, 8, 239, 259, 354, 106, 355, 180, 206, 240, 240, 169, 35, 77, 77, 54, 54, 323, 224, 336, 494, 494, 374, 134, 153, 153, 182, 182, 497, 497, 43, 43, 43, 276, 276, 346, 346, 319, 428, 428, 330, 330, 388, 388, 94, 303, 303, 303, 303, 303, 199, 398, 324, 324, 464, 454, 358, 76, 129, 401, 82, 401, 310, 66, 323, 395, 395, 106, 106, 153, 153, 153, 182, 182, 182, 182, 182, 182, 182, 182, 182, 182, 98, 122, 122, 122, 233, 401, 82, 75, 310, 323, 323, 273, 106, 106, 497, 387, 387, 98, 98, 13, 13, 13, 414, 414, 170, 170, 170, 28, 187, 201, 201, 12, 12, 12, 12, 12, 12, 73, 408, 408, 408, 244, 321, 321, 287, 287, 20, 320, 188, 188, 143, 31, 31, 162, 162, 232, 232, 232, 172, 115, 267, 267, 444, 286, 374, 374, 374, 374, 406, 250, 134, 497, 497, 274, 122, 122, 129, 36, 66, 342, 342, 342, 115, 273, 273, 106, 284, 284, 284, 284, 284, 284, 284, 376, 376, 376, 376, 85, 85, 85, 85, 85, 85, 468, 468, 468, 467, 467, 467, 499, 284, 284, 460, 460, 240, 35, 35, 35, 35, 35, 401, 75, 68, 68, 68, 68, 172, 267, 273, 267, 444, 246, 324, 301, 301, 143, 129, 129, 129, 401, 401, 401, 401, 196, 196, 473, 473, 213, 213, 213, 213, 213, 246, 246, 246, 246, 19, 454, 454, 414, 414, 414, 414, 414, 82, 170, 82, 47, 47, 47, 80, 73, 321, 321, 244, 441, 441, 441, 387, 153, 345, 387, 132, 186, 338, 338, 338, 338, 338, 338, 400, 400, 400, 30, 30, 324, 324, 246, 246, 246, 246, 246, 246, 246, 252, 99, 99, 338, 338, 338, 338, 338, 31, 395, 400, 400, 400, 213, 324, 324, 324, 19, 454, 454, 454, 414, 17, 451, 264, 264, 264, 264, 264, 264, 264, 264, 264, 264, 264, 264, 264, 264, 264, 264, 264, 264, 264, 264, 264, 264, 264, 264, 264, 264, 264, 264, 264, 264, 264, 264, 264, 264, 264, 264, 264, 264, 264, 264, 264, 264, 264, 264, 264, 264, 264, 264, 264, 264, 264, 264, 264, 264, 264, 264, 264, 264, 264, 264, 264, 264, 264, 264, 264, 264, 264, 264, 264, 264, 264, 264, 264, 264, 264, 264, 264, 264, 264, 264, 264, 264, 264, 264, 264, 264, 264, 264, 264, 264, 264, 264, 264, 264, 264, 264, 264, 264, 264, 264, 264, 264, 264, 264, 264, 264, 264, 264, 264, 264, 264, 264, 264, 264, 264, 264, 264, 264, 264, 264, 264, 264, 264, 264, 264, 264, 264, 264, 264, 264, 264, 264, 264, 264, 264, 264, 264, 264, 264, 264, 264, 264, 264, 264, 264, 264, 264, 264, 264, 264, 264, 264, 264, 264, 264, 264, 264, 264, 264, 264, 264, 264, 264, 264, 264, 264, 264, 264, 264, 264, 264, 264, 264, 264, 264, 264, 264]

