ep256
Train step Loss: [0.17072956264019012, 0.10169380158185959, 0.7163875102996826, 0.4982907474040985, 0.22101524472236633, 0.2785687744617462, 0.594465434551239, 0.09021931141614914, 0.10788462311029434, 0.43816226720809937, 0.31800779700279236, 0.21671366691589355, 0.08932363986968994, 0.09333775192499161, 0.0955478698015213, 0.09530441462993622, 0.26330655813217163, 0.04354867711663246, 0.15620549023151398, 0.20722870528697968, 0.45300376415252686, 0.017259424552321434, 0.4213762879371643, 0.6274738907814026, 0.23698212206363678, 0.1653704196214676, 0.23937644064426422, 0.49133333563804626, 0.2800668478012085, 0.07222366333007812, 0.28898558020591736, 0.015782712027430534, 0.22108960151672363, 0.28904053568840027, 0.5038489103317261, 0.217149019241333, 0.7515785098075867, 0.313831090927124, 0.04199370741844177, 0.09067113697528839, 0.21204468607902527, 0.396328866481781, 0.10901764780282974, 0.589602530002594, 0.29135429859161377, 0.23512987792491913, 0.18321740627288818, 0.021913615986704826, 0.22758913040161133, 0.3144259750843048, 0.07197560369968414, 0.20638872683048248, 0.2544873058795929, 0.1332734376192093, 0.15473569929599762, 0.42660242319107056, 0.28490668535232544, 0.23921917378902435, 0.2300553321838379, 0.03235400840640068, 0.019651055335998535, 0.3755095601081848, 0.21991635859012604]
val step Loss: [0.4552638828754425, 0.5579321980476379, 0.39541178941726685, 0.3498842716217041, 0.43567219376564026, 0.7642568945884705, 0.30568113923072815, 0.9079129099845886, 0.6009323596954346, 0.3565182089805603, 0.5641382932662964, 0.11205445975065231, 0.5464203357696533, 0.6306667327880859, 0.3857729136943817, 0.24454765021800995]
Train step Accs: [0.952063914780293, 0.9753685027152832, 0.8218876239441792, 0.8689472814410841, 0.9447364229972925, 0.9279014162221814, 0.8486593843098312, 0.9770852428964253, 0.9744470689284948, 0.8847530422333572, 0.9122956041622425, 0.9456912028725314, 0.9802404083648938, 0.9799915457235452, 0.9782220635487326, 0.9780021637216012, 0.9281899109792285, 0.9922533606744133, 0.959409594095941, 0.9455245781364637, 0.8733572281959379, 0.9994874423372629, 0.8860759493670886, 0.8570773113099335, 0.9384040305542012, 0.9589653520676992, 0.9400755803491092, 0.8909811694747275, 0.9340592861464004, 0.9881090008257638, 0.9216211689834198, 0.9998090509833875, 0.9390581717451524, 0.9255079006772009, 0.8670835014118596, 0.9399262251888284, 0.8048573369565217, 0.9157581764122894, 0.9922671353251318, 0.9804674457429048, 0.9465815555182261, 0.8967957538824455, 0.9753292215369228, 0.8427505330490405, 0.9306859205776173, 0.9401949756280465, 0.9511624278358558, 0.9975859987929994, 0.9401664932362123, 0.9182379713914174, 0.9849723756906077, 0.9434503713706954, 0.9299698795180723, 0.9669271306560058, 0.9609776134729924, 0.8858548976027941, 0.9278759466282005, 0.9385629989586949, 0.9415891195418754, 0.9970377299657001, 0.9984579799537394, 0.9007711334206314, 0.9408219178082192]
val step Accs: [0.8967084254482928, 0.8671844660194175, 0.9174064067927441, 0.9171160067786166, 0.9058870116156283, 0.838022041763341, 0.9393858477970628, 0.7881873727087576, 0.8656240510173094, 0.9296818071411221, 0.8707407918333563, 0.9764982373678026, 0.876280535855004, 0.8573883161512027, 0.9130687599941852, 0.948918640576725]
Preds: [17, 17, 296, 109, 278, 278, 330, 385, 35, 35, 77, 54, 54, 323, 224, 273, 273, 494, 498, 498, 406, 406, 406, 406, 406, 467, 337, 337, 337, 328, 116, 200, 33, 10, 10, 309, 479, 331, 331, 106, 284, 284, 426, 426, 426, 426, 375, 98, 98, 98, 98, 13, 13, 82, 82, 170, 170, 392, 392, 392, 63, 63, 63, 63, 63, 63, 63, 63, 63, 63, 63, 63, 63, 63, 63, 63, 63, 63, 63, 63, 63, 63, 63, 63, 63, 392, 244, 289, 289, 321, 7, 7, 7, 32, 32, 354, 354, 420, 420, 213, 213, 213, 246, 246, 246, 246, 246, 246, 246, 246, 246, 3, 3, 3, 188, 188, 177, 177, 236, 143, 129, 401, 259, 354, 354, 109, 109, 278, 171, 171, 171, 171, 171, 171, 246, 246, 246, 246, 246, 246, 324, 422, 99, 99, 338, 338, 338, 338, 338, 400, 400, 400, 444, 360, 360, 434, 339, 339, 76, 129, 401, 321, 75, 108, 119, 119, 351, 286, 286, 464, 464, 464, 464, 180, 315, 315, 315, 315, 315, 315, 315, 450, 450, 450, 43, 43, 43, 364, 276, 276, 276, 276, 182, 182, 182, 182, 182, 182, 182, 182, 182, 182, 182, 303, 59, 59, 59, 59, 132, 132, 132, 132, 132, 132, 496, 375, 98, 98, 98, 197, 197, 80, 321, 321, 7, 7, 309, 479, 479, 398, 398, 464, 139, 139, 153, 182, 182, 182, 182, 182, 182, 182, 375, 375, 387, 413, 413, 348, 10, 10, 217, 473, 398, 398, 464, 464, 464, 315, 486, 460, 460, 460, 263, 263, 78, 78, 170, 170, 392, 392, 392, 392, 392, 392, 63, 63, 63, 63, 63, 63, 63, 63, 63, 392, 392, 73, 40, 289, 320, 373, 323, 323, 323, 323, 106, 106, 153, 153, 132, 132, 182, 182, 182, 182, 182, 182, 182, 182, 274, 122, 122, 129, 129, 129, 82, 75, 310, 323, 323, 323, 115, 273, 106, 106, 387, 387, 387, 319, 348, 94, 94, 199, 199, 277, 277, 385, 143, 129, 401, 401, 354, 354, 7, 109, 109, 65, 284, 319, 240, 285, 376, 376, 240, 169, 169, 35, 14, 287, 287, 287, 460, 460, 215, 401, 32, 354, 354, 354, 354, 106, 486, 460, 460, 240, 314, 35, 77, 449, 449, 119, 351, 486, 486, 460, 460, 240, 314, 36, 75, 371, 371, 324, 464, 286, 464, 374, 132, 303, 303, 381, 98, 48, 48, 170, 244, 244, 354, 75, 100, 441, 100, 98, 98, 98, 98, 98, 17, 17, 170, 392, 392, 392, 392, 392, 392, 63, 63, 63, 63, 63, 63, 63, 63, 63, 63, 63, 63, 63, 63, 63, 63, 63, 63, 63, 63, 63, 63, 63, 63, 63, 63, 63, 63, 63, 63, 73, 73, 244, 287, 7, 287, 287, 460, 460, 460, 284, 284, 284, 293, 293, 43, 43, 276, 276, 276, 346, 182, 182, 182, 182, 497, 122, 122, 276, 197, 129, 208, 208, 32, 354, 100, 443, 171, 171, 171, 171, 252, 143, 239, 239, 239, 458, 108, 445, 213, 324, 464, 464, 219, 213, 477, 374, 132, 132, 132, 132, 132, 122, 162, 162, 232, 323, 482, 482, 482, 482, 482, 323, 18, 106, 355, 387, 153, 497, 122, 8, 401, 401, 354, 354, 354, 100, 100, 213, 213, 213, 213, 171, 171, 171, 19, 454, 17, 401, 401, 401, 244, 354, 354, 354, 196, 196, 398, 398, 340, 116, 116, 401, 32, 401, 321, 354, 219, 219, 473, 65, 65, 284, 315, 284, 284, 206, 206, 240, 35, 35, 14, 411, 411, 287, 188, 145, 182, 182, 98, 98, 13, 401, 401, 401]

ep257
Train step Loss: [0.037909019738435745, 0.2596453130245209, 0.10041766613721848, 0.07084080576896667, 0.21846024692058563, 0.14704208076000214, 0.06091608479619026, 0.01593090035021305, 0.019662734121084213, 0.27385011315345764, 0.14376474916934967, 0.022083407267928123, 0.16325411200523376, 0.49822646379470825, 0.2664525806903839, 0.02025924250483513, 0.39773210883140564, 0.41514724493026733, 0.21053457260131836, 0.20567147433757782, 0.19510629773139954, 0.017446260899305344, 0.3774479627609253, 0.11315333098173141, 0.3001619577407837, 0.041492488235235214, 0.11233687400817871, 0.21915215253829956, 0.05760280415415764, 0.4079362750053406, 0.607832670211792, 0.10093237459659576, 0.3829404413700104, 0.0702870637178421, 0.1721852868795395, 0.3813766837120056, 0.033349160104990005, 0.1575617641210556, 0.5755147337913513, 0.016285423189401627, 0.022436583414673805, 0.24832022190093994, 0.06650983542203903, 0.10618430376052856, 0.2774500846862793, 0.37046146392822266, 0.36083289980888367, 0.18992406129837036, 0.35999393463134766, 0.07710312306880951, 0.08185717463493347, 0.014845576137304306, 0.23723095655441284, 0.017920827493071556, 0.11262154579162598, 0.01486839260905981, 0.017152121290564537, 0.2986017167568207, 0.304327130317688, 0.26296088099479675, 0.11136887222528458, 0.1917460709810257, 0.44138863682746887]
val step Loss: [0.2694292664527893, 0.43172064423561096, 0.5758748650550842, 0.807649552822113, 0.870112955570221, 0.38521808385849, 0.6680086255073547, 0.3543454110622406, 0.5442753434181213, 0.7194477319717407, 0.46744057536125183, 0.5945340394973755, 0.3797553777694702, 1.1232545375823975, 0.10473271459341049, 0.15903954207897186]
Train step Accs: [0.9942215088282504, 0.9388880608138321, 0.9790190357093234, 0.9861281109751122, 0.9496169711255156, 0.9680212260857423, 0.9889898155794109, 0.999176276771005, 0.9992244454785172, 0.9360309431716751, 0.966570994428499, 0.9978908886389202, 0.9632023868722028, 0.8833244539158231, 0.9390208989407386, 0.9995784148397976, 0.8970354302241504, 0.9036321989528796, 0.9497282608695652, 0.9513125091655668, 0.9538927887683472, 0.9994306860233418, 0.9048197650870798, 0.9742788119937473, 0.9246788370520622, 0.9928164814312822, 0.9754346785771255, 0.9494754279403644, 0.9885804916732752, 0.8971056220639491, 0.8441413515189089, 0.9786793011548712, 0.9057322414778137, 0.9855595667870036, 0.9608399545970489, 0.9104779697960454, 0.9976452119309263, 0.9610496781647136, 0.8575752748128087, 0.999447590111863, 0.9975279918569143, 0.9415934221718174, 0.9869402985074627, 0.9799326410328375, 0.9322258159364892, 0.9091520861372813, 0.9130508762974306, 0.9590108401084011, 0.9095992544268406, 0.9833377765929086, 0.9837522992029429, 0.9998290890446078, 0.9420958618636499, 0.999298934380258, 0.9751867662753468, 0.9996774193548387, 0.9995404411764706, 0.9273504273504274, 0.9313066845817938, 0.9354981549815499, 0.9753234627184207, 0.9534883720930233, 0.890614136732329]
val step Accs: [0.9355581127733027, 0.9045822102425876, 0.8731289056823136, 0.8139137296159916, 0.79963186957665, 0.9195954487989886, 0.8415739062904478, 0.9183585930797826, 0.8757357750163506, 0.8341073271413829, 0.8926030117491313, 0.8669248858763314, 0.9093728927848955, 0.7386812906517026, 0.9771051014136447, 0.9640040444893833]
Preds: [17, 17, 437, 284, 284, 284, 426, 426, 426, 426, 426, 319, 413, 413, 348, 250, 250, 250, 276, 276, 346, 346, 346, 346, 428, 146, 146, 422, 422, 31, 162, 232, 232, 232, 172, 172, 115, 115, 273, 273, 273, 151, 460, 460, 215, 35, 233, 375, 375, 375, 497, 186, 186, 323, 323, 323, 323, 238, 142, 397, 494, 494, 109, 498, 467, 313, 37, 385, 385, 183, 3, 3, 3, 464, 464, 110, 443, 443, 169, 169, 169, 150, 150, 150, 482, 482, 482, 482, 482, 115, 115, 267, 267, 267, 267, 213, 213, 246, 246, 246, 246, 246, 246, 3, 301, 143, 259, 259, 354, 106, 499, 284, 265, 306, 306, 85, 468, 406, 406, 467, 467, 467, 315, 315, 315, 450, 450, 203, 203, 53, 381, 168, 404, 225, 225, 197, 197, 320, 320, 127, 114, 114, 114, 403, 403, 403, 403, 207, 207, 301, 301, 378, 133, 8, 276, 346, 346, 346, 284, 284, 284, 426, 426, 450, 450, 413, 413, 348, 250, 364, 276, 276, 276, 138, 138, 138, 138, 182, 182, 426, 426, 426, 413, 413, 282, 282, 303, 303, 303, 303, 303, 303, 303, 303, 303, 303, 303, 479, 331, 331, 499, 106, 284, 284, 481, 481, 481, 481, 426, 426, 375, 98, 263, 263, 13, 13, 78, 170, 170, 170, 170, 28, 28, 28, 12, 12, 12, 12, 244, 12, 12, 12, 12, 12, 12, 12, 12, 260, 260, 260, 63, 63, 63, 63, 244, 63, 63, 244, 63, 63, 63, 73, 244, 73, 73, 244, 321, 320, 7, 7, 7, 479, 398, 398, 398, 360, 360, 360, 360, 434, 246, 246, 246, 246, 246, 246, 246, 246, 246, 324, 301, 301, 143, 259, 259, 354, 106, 284, 284, 284, 284, 426, 450, 450, 413, 175, 293, 497, 497, 497, 98, 197, 7, 32, 473, 473, 398, 398, 464, 464, 464, 464, 374, 374, 116, 116, 250, 250, 250, 153, 153, 153, 153, 153, 153, 182, 182, 387, 497, 497, 122, 122, 122, 143, 310, 310, 107, 107, 107, 395, 395, 395, 106, 106, 153, 424, 424, 182, 293, 293, 497, 497, 98, 35, 229, 229, 229, 170, 247, 312, 126, 126, 23, 23, 101, 155, 155, 320, 441, 148, 148, 153, 153, 182, 387, 387, 413, 122, 122, 250, 76, 465, 259, 208, 441, 441, 441, 346, 151, 169, 150, 150, 162, 54, 172, 172, 115, 273, 273, 494, 278, 278, 325, 286, 464, 464, 464, 264, 264, 264, 120, 120, 120, 282, 282, 271, 271, 271, 77, 77, 342, 433, 433, 115, 224, 267, 267, 267, 213, 213, 246, 246, 246, 246, 19, 197, 197, 226, 440, 440, 440, 89, 89, 446, 322, 67, 416, 32, 239, 259, 354, 354, 398, 464, 171, 403, 171, 171, 464, 464, 464, 464, 139, 139, 139, 293, 497, 497, 497, 122, 122, 310, 310, 107, 107, 395, 395, 395, 106, 153, 424, 424, 424, 424, 497, 497, 497, 497, 497, 122, 122, 42, 147, 380, 288, 288, 337, 337, 324, 19, 403, 403, 403, 403, 403, 403, 403, 403, 403, 403, 403, 403, 403, 403, 403, 403, 403, 403, 403, 403, 403, 403, 403, 403, 403, 403, 403, 403, 403, 403, 403, 403, 403, 403, 403, 403, 403, 403, 403, 403, 403, 403, 403, 403, 403, 403, 403, 403, 403, 403, 403, 403, 403, 403, 403, 403, 403, 403, 403, 403, 403, 403, 403, 403, 403, 403, 403, 403, 403, 403, 403, 403, 403, 403, 403, 403, 403, 403, 403, 403, 403, 403, 403, 403, 403, 403, 403, 403, 403, 403, 403, 403, 403, 403, 403, 403, 403, 403, 403, 403]

ep258
Train step Loss: [0.3742557466030121, 0.02967792935669422, 0.13404707610607147, 0.2177504450082779, 0.7694864869117737, 0.0923803448677063, 0.10347150266170502, 0.13978952169418335, 0.30388498306274414, 0.12569235265254974, 0.4129102826118469, 0.15614019334316254, 0.24348348379135132, 0.46240416169166565, 0.11757925152778625, 0.01596028544008732, 0.07379328459501266, 0.06004631519317627, 0.270551472902298, 0.09138039499521255, 0.10194409638643265, 0.3099571168422699, 0.014841309748589993, 0.017860567197203636, 0.04267536476254463, 0.08034643530845642, 0.20590956509113312, 0.07652916014194489, 0.30150556564331055, 0.2774871587753296, 0.1455516815185547, 0.1507229059934616, 0.08029621094465256, 0.06433381885290146, 0.01567506417632103, 0.4633740484714508, 0.01347153726965189, 0.2975839376449585, 0.13459637761116028, 0.01811470091342926, 0.017133032903075218, 0.031569283455610275, 0.27374112606048584, 0.1222500205039978, 0.4230959117412567, 0.013056258670985699, 0.2782883644104004, 0.24873074889183044, 0.37805262207984924, 0.16303445398807526, 0.09969769418239594, 0.13904719054698944, 0.1669655591249466, 0.4263612627983093, 0.40677425265312195, 0.44497260451316833, 0.6814997792243958, 0.2185610830783844, 0.164138063788414, 0.25232812762260437, 0.4260271489620209, 0.30229803919792175, 0.3671470880508423]
val step Loss: [0.5722265839576721, 0.6732764840126038, 0.8570708632469177, 0.1948407143354416, 0.9501028060913086, 0.9300364851951599, 0.930855929851532, 0.4857843518257141, 0.15077702701091766, 0.39197713136672974, 0.18701186776161194, 0.4967687726020813, 0.3245986998081207, 0.8146181106567383, 0.4718816876411438, 0.5974605083465576]
Train step Accs: [0.905519571951563, 0.9954909819639278, 0.9702891852634359, 0.9486221391872957, 0.8234616860688243, 0.9800542740841248, 0.9776062944469662, 0.9667375455650061, 0.9250401284109149, 0.9719766222089016, 0.8969428007889546, 0.9628473770248179, 0.9427625354777672, 0.8791112410466306, 0.9738065716057036, 0.9993304767005892, 0.9857986277325674, 0.9873362445414847, 0.9357375271149675, 0.9798859201441009, 0.9778509428314875, 0.926186830015314, 0.9992082343626286, 0.9993281827342962, 0.9919125355698667, 0.9847248998961886, 0.9470606826801518, 0.9831042382588774, 0.9264606665767103, 0.9277306323569668, 0.9642094017094017, 0.9643582929498202, 0.9838983050847457, 0.9868837630031659, 0.9994086339444116, 0.8851792713020757, 0.9998535442296427, 0.925754060324826, 0.9686817188638019, 0.998840747717722, 0.9993396070662044, 0.9960086479294861, 0.9341736694677871, 0.9700143472022955, 0.9074718800214248, 0.9998600811529313, 0.9313359907419313, 0.9432736720554272, 0.9062544725919565, 0.962941765631707, 0.9816082695663847, 0.9683377308707124, 0.9635684259691732, 0.8886489821098088, 0.9052236471692211, 0.8988558352402746, 0.831424844180316, 0.9491175067578311, 0.9603457738748628, 0.9354787571337984, 0.9175119331742243, 0.9258984258984259, 0.9159420289855073]
val step Accs: [0.8630315302285219, 0.8518622628250175, 0.8017995501124718, 0.9527382833070037, 0.7740441857388544, 0.7896754408382315, 0.7809261445625082, 0.8891382405745063, 0.9646727656579873, 0.9145320504810696, 0.9628543499511242, 0.8825414518601087, 0.9243334874402835, 0.8085558655506841, 0.8859009419629292, 0.8728300363342754]
Preds: [17, 196, 217, 217, 217, 217, 217, 473, 473, 65, 264, 264, 264, 264, 264, 264, 264, 264, 264, 264, 468, 468, 468, 467, 337, 337, 337, 324, 328, 3, 454, 197, 197, 197, 259, 354, 345, 109, 109, 109, 285, 288, 285, 313, 313, 337, 337, 337, 360, 360, 360, 360, 434, 434, 434, 200, 200, 398, 398, 324, 434, 434, 339, 339, 33, 33, 250, 250, 250, 250, 345, 153, 100, 424, 424, 424, 424, 182, 497, 497, 497, 122, 43, 75, 208, 208, 106, 481, 481, 481, 481, 426, 426, 306, 306, 372, 396, 396, 396, 313, 313, 406, 406, 495, 380, 134, 84, 84, 84, 375, 375, 375, 375, 375, 375, 98, 98, 98, 48, 48, 48, 48, 414, 414, 170, 170, 170, 170, 170, 170, 187, 187, 187, 12, 12, 12, 12, 12, 12, 12, 408, 408, 408, 391, 391, 321, 75, 478, 66, 66, 232, 172, 172, 172, 115, 267, 267, 267, 444, 374, 374, 374, 374, 139, 139, 293, 293, 497, 349, 349, 349, 349, 234, 234, 234, 261, 261, 25, 25, 30, 324, 324, 324, 464, 464, 464, 464, 180, 486, 486, 486, 486, 315, 315, 315, 315, 282, 282, 282, 388, 203, 53, 466, 466, 22, 448, 448, 448, 448, 324, 464, 464, 464, 464, 464, 315, 315, 315, 315, 315, 480, 480, 480, 480, 480, 282, 282, 282, 85, 299, 313, 334, 382, 406, 406, 406, 406, 406, 406, 380, 467, 467, 499, 302, 100, 375, 98, 375, 98, 98, 98, 13, 13, 414, 414, 414, 414, 414, 414, 414, 170, 187, 187, 187, 187, 187, 187, 391, 391, 244, 244, 244, 320, 320, 320, 83, 300, 222, 374, 337, 337, 313, 313, 24, 24, 310, 310, 107, 107, 395, 395, 485, 286, 464, 139, 139, 139, 139, 496, 216, 216, 81, 81, 81, 139, 139, 139, 240, 240, 186, 99, 107, 107, 107, 400, 400, 152, 422, 143, 143, 458, 144, 144, 27, 27, 27, 437, 437, 284, 284, 405, 405, 405, 206, 460, 460, 215, 35, 35, 35, 35, 441, 437, 100, 100, 426, 426, 375, 375, 98, 98, 98, 263, 263, 13, 13, 13, 414, 170, 170, 237, 237, 28, 244, 2, 2, 12, 2, 12, 12, 63, 63, 408, 408, 63, 391, 73, 73, 244, 321, 321, 412, 287, 287, 287, 486, 486, 460, 460, 460, 150, 150, 342, 342, 342, 342, 224, 224, 196, 116, 94, 479, 199, 464, 464, 443, 443, 258, 31, 31, 342, 232, 172, 172, 115, 273, 273, 151, 151, 486, 460, 240, 240, 35, 310, 310, 107, 161, 395, 395, 487, 494, 116, 285, 81, 302, 302, 302, 497, 497, 497, 497, 458, 208, 208, 441, 100, 153, 153, 387, 387, 387, 387, 372, 372, 406, 467, 467, 467, 467, 337, 41, 41, 41, 19, 19, 19, 19, 454, 454, 454, 454, 414, 414, 414, 102, 102, 47, 47, 170, 47, 392, 392, 392, 392, 392, 73, 244, 320, 320, 7, 7, 7, 217, 217, 217, 217, 473, 65, 65, 264, 264, 264, 264, 264, 264, 264, 264, 264, 264, 468, 468, 468, 468, 468, 467, 337, 337, 41, 41, 41, 19, 19, 19, 19, 454, 17, 83, 403, 403, 403, 403, 403, 403, 403, 403, 403, 403, 403, 403, 403, 403, 403, 403, 403, 403, 403, 403, 403, 403, 403, 403, 403, 403, 403, 403, 403, 403, 403, 403, 403, 403, 403, 403, 403, 403, 403, 403, 403, 403, 403, 403, 403, 403, 403, 403, 403, 403, 403, 403, 403, 403, 403, 403, 403, 403, 403, 403, 403, 403, 403, 403, 403, 403, 403, 403, 403, 403, 403, 403]

ep259
Train step Loss: [0.03210027143359184, 0.012889204546809196, 0.05894054099917412, 0.15728943049907684, 0.14834095537662506, 0.13562513887882233, 0.15440472960472107, 0.060348015278577805, 0.3491974472999573, 0.012768564745783806, 0.4246087968349457, 0.6395833492279053, 0.2655932605266571, 0.42428654432296753, 0.17880743741989136, 0.07941112667322159, 0.0876326933503151, 0.11810892820358276, 0.12294821441173553, 0.209093376994133, 0.4576369524002075, 0.6084645986557007, 0.13818353414535522, 0.15828727185726166, 0.14299778640270233, 0.27619561553001404, 0.16053763031959534, 0.34921029210090637, 0.17297077178955078, 0.29634732007980347, 0.1297740489244461, 0.5453548431396484, 0.02839280292391777, 0.16051694750785828, 0.1255030483007431, 0.3909968435764313, 0.22200997173786163, 0.23969855904579163, 0.016266992315649986, 0.06365936249494553, 0.10895547270774841, 0.25134414434432983, 0.28173109889030457, 0.3427499234676361, 0.11712554097175598, 0.07176066935062408, 0.2546822726726532, 0.16093957424163818, 0.07816997170448303, 0.017066646367311478, 0.13496987521648407, 0.4258948266506195, 0.012763280421495438, 0.018703216686844826, 0.1365959197282791, 0.12680649757385254, 0.0895383208990097, 0.09699583053588867, 0.059807244688272476, 0.2930060923099518, 0.3464457094669342, 0.1672937273979187, 0.587067723274231]
val step Loss: [0.7663740515708923, 0.9183704853057861, 0.6124128699302673, 0.3859531283378601, 0.2133997231721878, 0.42393165826797485, 0.22454948723316193, 0.202434703707695, 0.5006964206695557, 0.4702141284942627, 0.7452254295349121, 0.45488113164901733, 0.5777750015258789, 0.7085527181625366, 0.4981187582015991, 0.6458900570869446]
Train step Accs: [0.9947233770386953, 0.9997189432265318, 0.988452942637199, 0.962957430918596, 0.9659717964438994, 0.9667536988685814, 0.9626716026530927, 0.98718759886112, 0.9146892655367231, 0.9998623726947427, 0.9178663433853614, 0.8588800904977375, 0.9360428481411468, 0.8941751889728768, 0.9588181261481935, 0.9834355828220859, 0.9810504327066547, 0.9714988425925926, 0.9711597779148674, 0.9496170212765958, 0.8815407980118736, 0.8444878684253379, 0.967644084934277, 0.9607785314066647, 0.9635423751870493, 0.9350690585807271, 0.9625504663789503, 0.9186882847738632, 0.9594594594594594, 0.9271302075772971, 0.9698513800424629, 0.8701653268618231, 0.9975220264317181, 0.9650517474126293, 0.971736204576043, 0.8994900697799249, 0.9491022895733816, 0.9376754632229085, 0.9994237141622244, 0.9879398645299852, 0.9758053172035448, 0.9410232843137255, 0.9309519740215347, 0.9135548368127021, 0.9752224503764545, 0.9831060136391816, 0.9407875826386892, 0.9597915115413254, 0.9829261521377013, 0.9987078248384781, 0.9674636803874092, 0.8944239112968022, 1.0, 0.9988288439016229, 0.9695131945582691, 0.9685368877867327, 0.9801575280218116, 0.9815082346142733, 0.9873048300014592, 0.9341954493370437, 0.911643522050969, 0.96116035455278, 0.8545404361026774]
val step Accs: [0.8227598818399212, 0.7890556045895851, 0.8593951925562161, 0.9170425037583709, 0.9471841260577765, 0.8980199301151806, 0.9557458957887224, 0.9535444947209654, 0.8804172175701483, 0.8912270302311797, 0.8247633665899207, 0.8912808177991581, 0.8652741514360314, 0.8295996531290649, 0.8875457875457875, 0.8613298337707787]
Preds: [17, 451, 360, 360, 360, 301, 143, 17, 321, 321, 320, 7, 196, 70, 473, 109, 429, 360, 360, 434, 434, 434, 19, 19, 454, 454, 454, 408, 149, 82, 82, 66, 66, 66, 68, 68, 68, 115, 115, 267, 267, 470, 139, 139, 139, 443, 443, 443, 443, 85, 146, 240, 240, 240, 216, 34, 166, 324, 324, 324, 301, 349, 349, 261, 25, 25, 183, 30, 186, 186, 99, 338, 338, 338, 338, 338, 400, 400, 267, 267, 290, 360, 246, 246, 434, 3, 3, 3, 14, 226, 321, 209, 145, 145, 145, 460, 460, 178, 215, 259, 29, 100, 100, 497, 497, 122, 368, 49, 453, 224, 168, 106, 106, 496, 496, 274, 274, 8, 82, 364, 345, 345, 81, 81, 81, 474, 324, 324, 324, 246, 434, 339, 339, 339, 217, 398, 398, 398, 398, 434, 434, 434, 199, 199, 331, 275, 282, 282, 452, 263, 263, 193, 17, 83, 403, 403, 403, 403, 403, 403, 403, 403, 403, 403, 403, 403, 403, 403, 403, 403, 403, 403, 403, 403, 403, 403, 403, 403, 403, 403, 403, 403, 403, 403, 403, 403, 403, 403, 403, 403, 403, 403, 403, 403, 403, 403, 403, 403, 403, 403, 403, 403, 403, 403, 403, 403, 403, 403, 403, 403, 403, 403, 403, 403, 403, 403, 403, 403, 403, 403, 403, 403, 403, 403, 403, 403, 403, 403, 403, 403, 403, 403, 403, 403, 403, 403, 403, 403, 403, 403, 403, 403, 403, 403, 403, 403, 403, 403, 403, 403, 403, 403, 403, 403, 403, 403, 403, 403, 403, 403, 403, 403, 403, 403, 403, 403, 403, 403, 403, 403, 403, 403, 403, 403, 403, 403, 403, 403, 403, 403, 403, 403, 403, 403, 403, 403, 403, 403, 403, 403, 403, 403, 403, 403, 403, 403, 403, 403, 403, 403, 403, 403, 403, 403, 403, 403, 403, 403, 403, 403, 403, 403, 403, 403, 403, 403, 403, 403, 403, 403, 403, 403, 403, 403, 403, 403, 403, 403, 403, 403, 403, 403, 403, 403, 403, 403, 403, 403, 403, 403, 403, 403, 403, 403, 403, 403, 403, 403, 403, 403, 403, 403, 403, 403, 403, 403, 403, 403, 403, 403, 403, 403, 403, 403, 403, 403, 403, 403, 403, 403, 403, 403, 403, 403, 403, 403, 403, 403, 403, 403, 403, 403, 403, 403, 403, 403, 403, 403, 403, 403, 403, 403, 403, 403, 403, 403, 403, 403, 403, 403, 403, 403, 403, 403, 403, 403, 403, 403, 403, 403, 403, 403, 403, 403, 403, 403, 403, 403, 403, 403, 403, 403, 403, 403, 403, 403, 403, 403, 403, 403, 403, 403, 403, 403, 403, 403, 403, 403, 403, 403, 403, 403, 403, 403, 403, 403, 403, 403, 403, 403, 403, 403, 403, 403, 403, 403, 403, 403, 403, 403, 403, 403, 403, 403, 403, 403, 403, 403, 403, 403, 403, 403, 403, 403, 403, 403, 403, 403, 403, 403, 403, 403, 403, 403, 403, 403, 403, 403, 403, 403, 403, 403, 403, 403, 403, 403, 403, 403, 403, 403, 403, 403, 403, 403, 403, 403, 403, 403, 403, 403, 403, 403, 403, 403, 403, 403, 403, 403, 403, 403, 403, 403, 403, 403, 403, 403, 403, 403, 403, 403, 403, 403, 403, 403, 403, 403, 403, 403, 403, 403, 403, 403, 403, 403, 403, 403, 403, 403, 403, 403, 403, 403, 403, 403, 403, 403, 403, 403, 403, 403, 403, 403, 403, 403, 403, 403, 403, 403, 403, 403, 403, 403, 403, 403, 403, 403, 403, 403, 403, 403, 403, 403, 403, 403, 403, 403, 403, 403, 403, 403, 403, 403, 403, 403, 403, 403, 403, 403, 403, 403]

ep260
Train step Loss: [0.09839607775211334, 0.11483319103717804, 0.2212292104959488, 0.14273875951766968, 0.45898064970970154, 0.4798951745033264, 0.01762291230261326, 0.08012080937623978, 0.41569292545318604, 0.2360314428806305, 0.013913318514823914, 0.14847040176391602, 0.225031778216362, 0.17238180339336395, 0.1448879837989807, 0.11676742136478424, 0.14096204936504364, 0.1836559772491455, 0.014987106435000896, 0.29067009687423706, 0.015867937356233597, 0.3079577088356018, 0.20749880373477936, 0.1595674753189087, 0.06686695665121078, 0.16716600954532623, 0.3397718667984009, 0.014015503227710724, 0.3810286819934845, 0.015228810720145702, 0.3110674023628235, 0.7243168354034424, 0.17248813807964325, 0.060459982603788376, 0.289615273475647, 0.5065276026725769, 0.06721121072769165, 0.011257712729275227, 0.24468250572681427, 0.19211837649345398, 0.01584428921341896, 0.04740424454212189, 0.018677150830626488, 0.47094646096229553, 0.07624385505914688, 0.1349136382341385, 0.39846229553222656, 0.26423773169517517, 0.5296469330787659, 0.12563949823379517, 0.13746683299541473, 0.1627088338136673, 0.1318984478712082, 0.014084309339523315, 0.27188143134117126, 0.35641351342201233, 0.14157885313034058, 0.06798723340034485, 0.01589631475508213, 0.021549059078097343, 0.08804989606142044, 0.15483950078487396, 0.35480883717536926]
val step Loss: [0.7839899659156799, 0.3394763469696045, 0.4380466043949127, 0.465984046459198, 0.47915056347846985, 0.14991222321987152, 0.7994582653045654, 0.7498075366020203, 0.4652939736843109, 0.23292359709739685, 0.53730309009552, 0.34609416127204895, 0.8992812633514404, 0.36438459157943726, 0.5624595880508423, 1.0837132930755615]
Train step Accs: [0.9808157099697885, 0.9723244280915053, 0.9445481970981181, 0.9672496025437202, 0.8819795123358822, 0.877681805516857, 0.9994326241134752, 0.9831197249140357, 0.8955801842702631, 0.9450096233159198, 0.9994560783247213, 0.9632284200685571, 0.9446073136861596, 0.9576771653543307, 0.9659438218599913, 0.9725568942436412, 0.9662790697674418, 0.9547383309759547, 0.999556672085119, 0.9256970849176173, 0.9994000299985001, 0.9214142570855998, 0.9452158164805312, 0.9659434221367756, 0.9861644888547272, 0.9654820856393824, 0.9390048154093098, 0.9996610169491525, 0.9044079290558164, 0.9994697773064687, 0.9227866473149492, 0.8145705521472393, 0.9576452302312026, 0.9868150684931507, 0.9278905926232905, 0.8752173331550087, 0.9851430158289364, 1.0, 0.9414810166300596, 0.952892912717499, 0.9988524590163934, 0.9906629318394025, 0.9984574393493199, 0.8808540925266904, 0.9833857207004939, 0.9701783305859434, 0.9088632252678447, 0.9345692475463467, 0.8905256109809173, 0.9709627329192546, 0.967920534114965, 0.9620816702486951, 0.9689024390243902, 0.9995142487046632, 0.9345957756737072, 0.9096084420994168, 0.9661962586150312, 0.9861652115513767, 0.9988569795685098, 0.9987803225369292, 0.9819065622468269, 0.9666861484511982, 0.9111111111111111]
val step Accs: [0.8252382416231171, 0.920932589964521, 0.9007190265486725, 0.8932991246604286, 0.890137829519604, 0.9674342553481401, 0.8135664927372726, 0.817001675041876, 0.8981033355134075, 0.9506019095060191, 0.8691203420891875, 0.9251414129257431, 0.7812384586975255, 0.912690499928785, 0.8736578382247674, 0.741495170096598]
Preds: [17, 17, 287, 287, 284, 319, 319, 319, 413, 293, 43, 43, 43, 153, 153, 153, 153, 138, 138, 297, 182, 182, 182, 182, 182, 293, 293, 497, 98, 98, 197, 197, 197, 197, 226, 209, 287, 287, 111, 111, 111, 111, 438, 388, 10, 10, 479, 479, 398, 398, 324, 301, 301, 378, 132, 53, 250, 70, 70, 138, 138, 138, 138, 138, 346, 426, 426, 426, 426, 426, 426, 426, 450, 450, 413, 203, 250, 250, 276, 440, 138, 138, 138, 138, 138, 182, 182, 98, 98, 335, 14, 14, 287, 287, 111, 111, 438, 438, 251, 251, 251, 241, 241, 431, 428, 428, 428, 428, 146, 146, 146, 252, 271, 186, 162, 54, 54, 482, 482, 482, 142, 397, 273, 487, 109, 290, 290, 290, 464, 464, 464, 464, 37, 314, 314, 32, 32, 239, 420, 420, 324, 340, 116, 116, 10, 10, 10, 250, 479, 331, 331, 284, 307, 307, 61, 61, 282, 240, 388, 76, 36, 77, 342, 68, 172, 172, 115, 267, 267, 444, 213, 213, 246, 246, 246, 246, 339, 24, 8, 32, 32, 354, 420, 41, 324, 324, 143, 143, 129, 401, 401, 270, 68, 68, 115, 273, 470, 470, 486, 376, 376, 376, 460, 460, 169, 178, 458, 35, 401, 66, 68, 68, 224, 224, 324, 464, 464, 464, 464, 464, 486, 486, 284, 265, 265, 265, 85, 85, 85, 146, 240, 236, 239, 259, 259, 74, 425, 106, 387, 387, 206, 167, 35, 35, 35, 68, 68, 68, 115, 470, 470, 284, 486, 376, 376, 460, 460, 263, 263, 229, 170, 170, 392, 392, 392, 392, 392, 421, 28, 421, 421, 2, 2, 2, 2, 2, 2, 2, 2, 2, 316, 316, 316, 316, 73, 73, 73, 289, 66, 172, 115, 115, 397, 7, 219, 153, 153, 153, 153, 153, 387, 387, 387, 122, 348, 94, 175, 81, 81, 166, 324, 324, 464, 464, 486, 315, 319, 319, 319, 319, 413, 348, 466, 466, 331, 250, 250, 250, 473, 324, 41, 324, 324, 324, 19, 251, 76, 259, 259, 354, 354, 106, 284, 284, 319, 319, 240, 240, 314, 129, 449, 75, 66, 66, 115, 115, 115, 115, 115, 115, 115, 371, 213, 213, 213, 213, 246, 246, 246, 246, 246, 246, 246, 246, 19, 454, 414, 414, 414, 414, 414, 414, 414, 237, 47, 47, 47, 20, 80, 47, 47, 20, 47, 47, 80, 80, 73, 73, 73, 289, 320, 287, 287, 111, 240, 169, 35, 35, 35, 77, 342, 224, 168, 257, 257, 281, 31, 342, 54, 9, 482, 68, 115, 267, 273, 106, 106, 153, 424, 182, 182, 182, 98, 98, 98, 98, 197, 197, 197, 226, 80, 80, 20, 20, 7, 7, 7, 7, 81, 374, 360, 213, 360, 246, 246, 246, 246, 3, 197, 197, 440, 188, 324, 301, 143, 99, 338, 338, 338, 338, 400, 400, 400, 400, 286, 286, 278, 278, 139, 399, 8, 8, 354, 354, 100, 100, 182, 182, 98, 98, 98, 48, 170, 170, 170, 414, 414, 170, 170, 392, 47, 28, 28, 47, 2, 2, 47, 47, 20, 2, 20, 2, 2, 73, 73, 73, 73, 289, 320, 287, 287, 287, 111, 111, 240, 35, 35, 35, 449, 342, 68, 224, 172, 267, 267, 213, 213, 213, 246, 246, 246, 246, 301, 8, 378, 43, 364, 364, 276, 276, 346, 346, 428, 428, 146, 146, 146, 146, 240, 385, 35, 35, 36, 75, 224, 371, 324, 278, 457, 457, 457, 7, 217, 473, 278, 197, 457, 457, 457, 196, 309, 473, 278, 278, 301, 301, 251, 241, 431, 374, 374, 132, 132, 132, 132, 132, 132, 374, 374, 337]

ep261
Train step Loss: [0.12769727408885956, 0.015817979350686073, 0.3691973090171814, 0.2674092650413513, 0.14474453032016754, 0.09608899056911469, 0.06680984050035477, 0.1998065859079361, 0.1540917158126831, 0.15287940204143524, 0.04140797257423401, 0.2874322831630707, 0.183157816529274, 0.5237559080123901, 0.2731274664402008, 0.11324897408485413, 0.28872427344322205, 0.012759656645357609, 0.030689043924212456, 0.2660340964794159, 0.2912934422492981, 0.33079206943511963, 0.2368280440568924, 0.1986328810453415, 0.3573802411556244, 0.14087624847888947, 0.09935867786407471, 0.13878725469112396, 0.018899885937571526, 0.10145523399114609, 0.25321534276008606, 0.155503511428833, 0.16127341985702515, 0.31625232100486755, 0.012848666869103909, 0.13952575623989105, 0.22263649106025696, 0.1536901444196701, 0.2986852824687958, 0.013009725138545036, 0.3146026134490967, 0.013736066408455372, 0.33781158924102783, 0.5548335313796997, 0.29622527956962585, 0.26116618514060974, 0.09835173934698105, 0.29251599311828613, 0.05805005878210068, 0.10559640824794769, 0.14182594418525696, 0.10443107783794403, 0.023977220058441162, 0.33820733428001404, 0.38538867235183716, 0.3020111918449402, 0.07020861655473709, 0.06654048711061478, 0.06835277378559113, 0.20004959404468536, 0.012448210269212723, 0.012735491618514061, 0.01617756113409996]
val step Loss: [0.2749180197715759, 0.31345152854919434, 0.9473996162414551, 0.5525729656219482, 0.8375920653343201, 0.1432943195104599, 0.45741143822669983, 1.0064908266067505, 0.4673701226711273, 0.4660574793815613, 0.7640740275382996, 0.03186587989330292, 0.6815754771232605, 0.34309762716293335, 0.3467426598072052, 0.8398922681808472]
Train step Accs: [0.9696015336163221, 0.9992676138860407, 0.9197251853191105, 0.9327527127355797, 0.963376967201059, 0.9791245791245792, 0.9856254319281271, 0.9519122155881878, 0.9620930578266687, 0.9617027334851936, 0.9930177111716622, 0.930264419783532, 0.9570962759567531, 0.8831801726538568, 0.9420826833073322, 0.9731680236861584, 0.9299926308032425, 1.0, 0.9953584321815369, 0.9347242921013413, 0.9249501566505269, 0.9229832572298325, 0.9459030582804385, 0.9486515313119, 0.910042395336513, 0.9664429530201343, 0.9778997330169089, 0.9649854632789786, 0.998327992197297, 0.9791637336336759, 0.9372197309417041, 0.9617685685101416, 0.9589766878595216, 0.9244170096021948, 1.0, 0.9683794466403162, 0.9448666907950296, 0.9623430962343096, 0.9291764018691588, 0.9998314512051238, 0.918364499023165, 0.9997381513485205, 0.913330334382966, 0.8671865174191925, 0.9264667192843988, 0.9389766859646378, 0.9776242679080943, 0.9280925463388984, 0.9878996115924709, 0.9761973875181422, 0.965002712967987, 0.9743723849372385, 0.996637114032406, 0.9142338776183407, 0.9005207398096606, 0.9243801016479285, 0.984026010743568, 0.9861382909328115, 0.9852409638554217, 0.9538262835001614, 0.999867759851891, 0.9995818232506273, 0.9996251874062968]
val step Accs: [0.9383008356545961, 0.9263157894736842, 0.7805429864253394, 0.8702760653980166, 0.8025768353241176, 0.9687374211726821, 0.8981122640330041, 0.76999238385377, 0.8875568416701116, 0.8898974419427089, 0.8310937919914002, 0.9930262966729624, 0.8395925380461463, 0.919672849423105, 0.920860086605943, 0.7932304858392816]
Preds: [17, 309, 479, 199, 199, 360, 360, 360, 252, 143, 35, 35, 196, 70, 65, 65, 46, 46, 46, 460, 460, 178, 35, 77, 342, 342, 342, 115, 273, 273, 486, 486, 486, 460, 460, 178, 178, 35, 183, 192, 445, 451, 213, 213, 213, 213, 246, 19, 19, 19, 19, 454, 454, 454, 414, 414, 414, 414, 442, 102, 187, 187, 187, 187, 12, 12, 12, 12, 12, 12, 260, 260, 260, 391, 391, 391, 73, 73, 289, 321, 320, 287, 287, 287, 287, 287, 284, 284, 284, 111, 111, 111, 111, 438, 438, 438, 313, 313, 250, 250, 250, 134, 378, 378, 88, 88, 109, 106, 284, 284, 284, 284, 206, 206, 206, 169, 167, 35, 35, 259, 127, 127, 114, 114, 114, 264, 264, 264, 264, 264, 264, 264, 264, 264, 264, 264, 264, 264, 264, 264, 264, 264, 468, 468, 468, 406, 406, 467, 337, 288, 288, 290, 290, 290, 330, 330, 388, 67, 250, 250, 70, 65, 65, 426, 426, 426, 426, 319, 319, 299, 348, 348, 10, 479, 331, 331, 486, 486, 486, 460, 169, 150, 150, 150, 342, 342, 342, 224, 224, 257, 257, 257, 257, 31, 31, 31, 162, 482, 482, 482, 323, 18, 272, 273, 273, 106, 106, 106, 109, 106, 355, 355, 355, 169, 169, 169, 150, 150, 39, 39, 433, 238, 142, 397, 397, 397, 397, 494, 494, 236, 36, 36, 164, 108, 115, 115, 273, 470, 403, 403, 403, 171, 171, 252, 252, 34, 34, 470, 403, 403, 171, 171, 171, 171, 171, 246, 246, 358, 252, 143, 143, 196, 196, 196, 309, 473, 473, 429, 429, 429, 434, 434, 434, 246, 19, 19, 19, 454, 454, 454, 454, 229, 229, 414, 414, 126, 126, 126, 292, 292, 292, 292, 292, 21, 408, 408, 408, 408, 408, 408, 408, 391, 244, 289, 66, 66, 66, 66, 68, 172, 115, 267, 267, 267, 267, 464, 464, 464, 464, 443, 443, 443, 240, 240, 240, 240, 325, 34, 324, 324, 324, 324, 301, 301, 422, 349, 349, 261, 25, 25, 420, 420, 324, 324, 99, 99, 99, 338, 338, 338, 338, 338, 338, 400, 400, 400, 213, 213, 213, 213, 246, 246, 246, 246, 246, 246, 3, 3, 14, 440, 440, 145, 145, 486, 460, 460, 169, 215, 35, 35, 441, 100, 100, 153, 387, 387, 122, 99, 99, 99, 107, 395, 395, 395, 134, 139, 139, 496, 497, 497, 43, 8, 8, 354, 473, 473, 109, 288, 290, 290, 290, 171, 434, 434, 434, 339, 339, 339, 398, 398, 398, 246, 246, 246, 246, 246, 246, 286, 464, 464, 264, 282, 282, 282, 282, 282, 263, 263, 263, 13, 414, 414, 414, 414, 414, 312, 312, 187, 187, 187, 23, 23, 23, 23, 23, 23, 23, 149, 149, 149, 320, 320, 7, 7, 251, 251, 241, 241, 470, 403, 403, 403, 403, 290, 290, 290, 290, 360, 434, 434, 434, 360, 360, 434, 434, 434, 434, 434, 339, 339, 10, 10, 309, 309, 479, 331, 331, 331, 331, 284, 426, 426, 426, 426, 426, 426, 282, 282, 282, 355, 355, 355, 452, 263, 263, 13, 13, 414, 414, 414, 414, 170, 170, 244, 249, 249, 244, 2, 2, 2, 2, 244, 2, 2, 73, 73, 73, 73, 244, 321, 321, 287, 287, 287, 287, 284, 284, 284, 206, 206, 206, 169, 150, 150, 54, 54, 54, 54, 482, 482, 482, 238, 272, 273, 273, 106, 106, 153, 153, 424, 182, 182, 182, 182, 182, 182, 387, 387, 387, 387, 293, 293, 293, 122, 122, 36, 36, 108, 108, 108, 449, 371, 444, 444, 278, 301, 301, 301, 8, 364]

ep262
Train step Loss: [0.08015026152133942, 0.4429055452346802, 0.1775512546300888, 0.38751596212387085, 0.20229031145572662, 0.11936774849891663, 0.29699674248695374, 0.25286999344825745, 0.08031963557004929, 0.25058215856552124, 0.1284526288509369, 0.2337985783815384, 0.23537003993988037, 0.27747803926467896, 0.0491221584379673, 0.08743884414434433, 0.011154444888234138, 0.2568705379962921, 0.1104869693517685, 0.017161771655082703, 0.21560950577259064, 0.012313471175730228, 0.01523413136601448, 0.22080568969249725, 0.3037397861480713, 0.08236339688301086, 0.159770667552948, 0.23003073036670685, 0.17531493306159973, 0.12958741188049316, 0.4229612648487091, 0.27253037691116333, 0.17578774690628052, 0.21468348801136017, 0.11135837435722351, 0.15616340935230255, 0.03937876224517822, 0.11476701498031616, 0.24764323234558105, 0.2341882884502411, 0.12042346596717834, 0.16652421653270721, 0.21806365251541138, 0.15982291102409363, 0.12256742268800735, 0.1543663889169693, 0.36524447798728943, 0.5307999849319458, 0.16408555209636688, 0.16409528255462646, 0.01501206960529089, 0.2715860903263092, 0.2431785762310028, 0.09292519837617874, 0.08640073239803314, 0.18212679028511047, 0.08329218626022339, 0.12074068188667297, 0.05483175069093704, 0.06999102234840393, 0.02997398003935814, 0.227815642952919, 0.01940302737057209]
val step Loss: [0.2221919447183609, 0.5471062660217285, 0.688417911529541, 0.222688227891922, 0.4954017102718353, 0.6747568249702454, 0.22942817211151123, 0.4203287959098816, 0.6998701095581055, 0.5591959357261658, 0.9966907501220703, 0.5321471691131592, 0.7229475975036621, 0.36403369903564453, 0.6573433876037598, 0.04427283629775047]
Train step Accs: [0.9820936639118457, 0.8921969803866234, 0.956997971602434, 0.904204915605567, 0.9526993965095417, 0.9728141072740631, 0.9267658529539217, 0.9414725337935002, 0.9819252912036417, 0.9378444580526638, 0.9680983781857067, 0.9414125200642055, 0.9426964584283326, 0.9312989295414603, 0.9915090123640697, 0.9813675832127352, 1.0, 0.9336670838548186, 0.9750525578135949, 0.9983555090447003, 0.9511609287429944, 0.9998583970546587, 0.9994871137325299, 0.9438790781203232, 0.9230991198961189, 0.9804682274247492, 0.961719485409476, 0.9462508294625083, 0.9605428851266266, 0.9688787185354691, 0.9112343966712899, 0.932906325060048, 0.9538402848423194, 0.9472974996256924, 0.9736696994761511, 0.9621966397013068, 0.991680285247363, 0.9736351531291612, 0.9386115136345673, 0.9419065898912348, 0.9757253935141286, 0.9596335148054708, 0.9458210835783284, 0.9620651876198302, 0.9708131531990823, 0.9647730879086004, 0.9079221256275254, 0.8665774207942882, 0.9639133921411387, 0.9607338268426134, 0.9992389649923896, 0.9318483552146334, 0.9393756597798221, 0.9778630460448642, 0.9795359329680954, 0.9575226977950714, 0.9810630171865055, 0.9737144498707268, 0.9892559332905709, 0.9860850531582239, 0.9959226819691936, 0.9439546599496221, 0.9989658738366081]
val step Accs: [0.9541937860739286, 0.869513287548522, 0.8414268975393829, 0.9504693140794224, 0.8861336753598403, 0.8403781228899392, 0.9471826205023761, 0.9078383343539498, 0.8363916335172591, 0.8702252084110986, 0.7681070464031426, 0.872865275142315, 0.8235017257609036, 0.9172172037211811, 0.8601765383139311, 0.9939288811795317]
Preds: [17, 479, 398, 360, 360, 171, 360, 360, 171, 434, 252, 252, 252, 252, 143, 393, 205, 441, 441, 148, 148, 346, 346, 306, 306, 306, 203, 203, 467, 65, 65, 84, 319, 319, 319, 175, 175, 251, 251, 251, 81, 81, 219, 219, 398, 398, 360, 464, 464, 464, 464, 264, 264, 468, 468, 58, 58, 156, 84, 84, 84, 426, 426, 450, 413, 98, 98, 263, 263, 13, 417, 417, 414, 414, 170, 170, 170, 170, 28, 82, 2, 2, 2, 2, 2, 2, 2, 2, 163, 316, 316, 73, 73, 289, 380, 320, 320, 320, 373, 4, 4, 219, 4, 219, 219, 219, 453, 280, 444, 444, 360, 213, 360, 213, 213, 246, 246, 246, 19, 19, 454, 454, 454, 414, 414, 414, 414, 414, 249, 249, 249, 47, 249, 249, 2, 244, 461, 23, 316, 244, 73, 73, 244, 244, 320, 320, 320, 7, 479, 398, 360, 360, 360, 171, 171, 252, 378, 173, 280, 34, 324, 324, 324, 324, 422, 143, 77, 478, 342, 342, 232, 172, 172, 115, 115, 267, 444, 171, 171, 252, 252, 301, 173, 4, 4, 4, 4, 4, 280, 280, 25, 444, 213, 213, 213, 213, 213, 246, 246, 246, 246, 19, 454, 454, 454, 454, 197, 197, 197, 197, 80, 80, 7, 7, 478, 310, 9, 9, 172, 395, 395, 470, 470, 403, 403, 403, 403, 403, 171, 207, 358, 358, 358, 225, 225, 225, 414, 197, 197, 451, 451, 451, 30, 213, 360, 360, 360, 457, 457, 457, 196, 196, 398, 398, 360, 360, 360, 360, 464, 464, 315, 315, 315, 315, 315, 315, 315, 450, 450, 450, 450, 175, 175, 43, 43, 43, 276, 276, 153, 153, 424, 497, 497, 497, 497, 175, 413, 250, 250, 413, 426, 426, 319, 319, 413, 413, 413, 381, 250, 42, 250, 88, 241, 431, 431, 426, 426, 426, 426, 426, 480, 480, 480, 480, 426, 426, 85, 85, 299, 299, 299, 299, 116, 399, 217, 473, 398, 324, 324, 324, 324, 464, 464, 464, 264, 264, 222, 222, 245, 173, 349, 349, 349, 234, 155, 155, 25, 148, 148, 153, 153, 153, 153, 387, 387, 387, 285, 134, 134, 134, 88, 88, 88, 88, 387, 497, 175, 175, 431, 431, 265, 265, 428, 85, 85, 146, 146, 146, 464, 464, 464, 464, 171, 171, 171, 325, 325, 464, 464, 464, 120, 443, 120, 120, 263, 263, 263, 263, 229, 229, 229, 312, 312, 312, 312, 292, 292, 292, 292, 23, 23, 23, 23, 23, 23, 23, 23, 260, 260, 260, 391, 391, 391, 73, 73, 244, 73, 320, 321, 320, 320, 287, 284, 284, 284, 284, 284, 284, 284, 284, 284, 284, 480, 85, 480, 85, 85, 85, 85, 85, 85, 146, 146, 207, 207, 207, 324, 464, 464, 464, 464, 464, 486, 315, 315, 315, 315, 282, 450, 450, 175, 43, 43, 276, 153, 153, 153, 297, 297, 182, 182, 182, 182, 182, 182, 372, 372, 372, 372, 372, 59, 59, 59, 467, 467, 467, 467, 134, 134, 175, 431, 431, 431, 431, 431, 480, 480, 480, 85, 85, 85, 85, 85, 299, 468, 468, 59, 467, 467, 275, 275, 275, 303, 303, 303, 303, 98, 98, 98, 233, 233, 414, 170, 209, 188, 188, 188, 19, 19, 303, 303, 282, 282, 282, 37, 303, 303, 102, 48, 48, 170, 170, 170, 249, 249, 249, 249, 249, 249, 249, 249, 98, 249, 249, 249, 249, 249, 249, 249, 249, 249, 249, 249, 249, 249, 249, 249, 441, 441, 346, 346, 284, 206, 206, 206, 167, 167, 167, 233, 170, 170, 170, 352, 352, 40, 40, 305, 237, 237, 102]

ep263
Train step Loss: [0.015258408151566982, 0.2786748707294464, 0.08818034827709198, 0.012100162915885448, 0.013988927938044071, 0.015182340517640114, 0.1861676573753357, 0.012784023769199848, 0.025273816660046577, 0.1736145317554474, 0.38032618165016174, 0.016044821590185165, 0.27480652928352356, 0.19973574578762054, 0.1309916079044342, 0.1857106238603592, 0.012240862473845482, 0.07698323577642441, 0.24655446410179138, 0.011794684454798698, 0.30400529503822327, 0.6658664345741272, 0.3777942657470703, 0.17837882041931152, 0.17621926963329315, 0.2123052477836609, 0.15964506566524506, 0.4943334758281708, 0.27190926671028137, 0.18643927574157715, 0.16287469863891602, 0.04034510627388954, 0.06819582730531693, 0.4412926435470581, 0.3975469172000885, 0.16578523814678192, 0.2957509756088257, 0.06916651874780655, 0.11358781903982162, 0.2334953099489212, 0.015989378094673157, 0.22984163463115692, 0.26520487666130066, 0.40643084049224854, 0.17033936083316803, 0.23671802878379822, 0.012300844304263592, 0.012526619248092175, 0.022604085505008698, 0.06735148280858994, 0.14407797157764435, 0.12093458324670792, 0.13768990337848663, 0.25731566548347473, 0.1685982495546341, 0.3602508008480072, 0.5124551057815552, 0.36376461386680603, 0.05466609075665474, 0.17069309949874878, 0.1141725704073906, 0.013488936237990856, 0.11538337916135788]
val step Loss: [0.7768669128417969, 0.6679285168647766, 0.524832546710968, 0.3068346679210663, 0.3645037114620209, 0.37511634826660156, 0.37009507417678833, 0.7336786985397339, 0.6737076044082642, 0.258991003036499, 0.6493414044380188, 0.47468528151512146, 0.6077792644500732, 0.9197415709495544, 0.4531244933605194, 0.6585992574691772]
Train step Accs: [0.9995927233233777, 0.9298271975957927, 0.9813589897775106, 0.9997069597069597, 0.9998477929984779, 0.9991639960986485, 0.9554394168615046, 0.9996937681825142, 0.9963157894736843, 0.9600663050030138, 0.9029126213592233, 0.9988422575976845, 0.9347349978098992, 0.954179668254229, 0.9672743574417214, 0.959144281807946, 0.9998587371097613, 0.9822713708969634, 0.9425019425019425, 0.9998572855715713, 0.9231220657276995, 0.8387638092574465, 0.9067655516876041, 0.9552386331544761, 0.955827714325031, 0.9545529664518262, 0.9617896345699597, 0.8718758582806921, 0.9287359436390733, 0.9555752436400455, 0.9597324787515675, 0.9916408251314548, 0.9849624060150376, 0.8869018049345918, 0.8996790846937351, 0.9588397342408037, 0.9265365148228489, 0.9846458642892522, 0.9713278135541245, 0.9420310910939997, 0.9993915424399148, 0.9462839027826699, 0.9358181255799567, 0.896913486391972, 0.9575423851615708, 0.9433119240435632, 0.9998144023756496, 0.9998148148148148, 0.997239263803681, 0.9855590702791913, 0.9640718562874252, 0.9723968716454532, 0.9678917884956961, 0.9344827586206896, 0.9586097490625901, 0.9348079161816065, 0.8761678274163411, 0.9087580963108983, 0.9905606407322655, 0.9590553596074222, 0.9732320717131474, 0.9998502994011976, 0.9741311732427489]
val step Accs: [0.8130790190735695, 0.8464391691394659, 0.8761111111111111, 0.9291082164328658, 0.9198649063555419, 0.9163520185884403, 0.9182006740990407, 0.8262699564586357, 0.8531033507705359, 0.9450226521366475, 0.8537477148080439, 0.8859588568272815, 0.8561002311154361, 0.7875778238956419, 0.8926340447683498, 0.8421719839425311]
Preds: [17, 17, 287, 287, 284, 284, 319, 450, 450, 450, 169, 169, 76, 76, 349, 234, 234, 234, 234, 234, 234, 261, 25, 106, 25, 106, 284, 428, 428, 330, 388, 388, 10, 10, 10, 309, 479, 398, 398, 324, 324, 422, 186, 162, 162, 232, 232, 172, 172, 115, 273, 267, 267, 267, 324, 324, 3, 3, 14, 14, 411, 188, 188, 171, 443, 443, 271, 178, 143, 96, 54, 232, 232, 86, 238, 6, 336, 336, 440, 145, 145, 145, 486, 486, 460, 468, 406, 406, 406, 42, 132, 32, 32, 32, 32, 239, 82, 310, 107, 107, 107, 395, 395, 286, 286, 264, 264, 264, 120, 120, 120, 120, 120, 207, 178, 178, 143, 233, 233, 170, 170, 170, 312, 312, 170, 170, 82, 170, 170, 187, 187, 187, 244, 2, 2, 2, 2, 244, 392, 316, 316, 392, 244, 73, 73, 73, 244, 287, 287, 100, 293, 293, 43, 43, 8, 129, 144, 208, 27, 346, 106, 174, 426, 319, 348, 348, 348, 199, 199, 250, 250, 98, 197, 129, 401, 401, 7, 7, 217, 473, 109, 443, 313, 313, 406, 285, 324, 324, 324, 324, 116, 116, 94, 398, 331, 324, 116, 116, 116, 94, 398, 331, 331, 84, 138, 138, 138, 138, 138, 182, 497, 497, 43, 8, 32, 239, 208, 441, 437, 153, 346, 426, 426, 319, 348, 348, 94, 250, 250, 303, 375, 98, 98, 98, 229, 414, 414, 170, 170, 392, 392, 392, 28, 2, 2, 244, 2, 2, 2, 2, 2, 244, 244, 73, 73, 73, 73, 320, 7, 7, 70, 65, 481, 284, 206, 206, 206, 240, 35, 35, 82, 66, 224, 323, 323, 142, 397, 106, 153, 153, 182, 182, 387, 169, 349, 234, 234, 234, 234, 234, 261, 25, 25, 100, 182, 182, 293, 497, 497, 98, 98, 13, 197, 226, 226, 226, 226, 226, 442, 287, 287, 287, 284, 284, 284, 480, 480, 480, 480, 480, 480, 480, 480, 480, 282, 282, 282, 388, 388, 94, 10, 195, 195, 195, 250, 250, 250, 250, 250, 109, 403, 403, 403, 403, 207, 207, 207, 207, 24, 416, 32, 32, 239, 75, 180, 180, 106, 153, 153, 387, 349, 349, 234, 234, 234, 261, 25, 25, 148, 148, 148, 148, 153, 182, 182, 182, 182, 406, 132, 42, 42, 495, 134, 132, 132, 98, 13, 13, 13, 170, 170, 170, 170, 170, 392, 392, 392, 312, 187, 187, 187, 187, 391, 391, 392, 392, 73, 73, 73, 320, 107, 107, 323, 323, 323, 323, 273, 106, 387, 153, 182, 182, 182, 182, 182, 182, 182, 182, 182, 182, 182, 182, 182, 345, 122, 122, 239, 129, 259, 75, 75, 107, 107, 323, 323, 273, 106, 387, 387, 387, 375, 98, 98, 17, 17, 17, 219, 278, 278, 278, 278, 278, 403, 403, 403, 403, 403, 403, 403, 403, 403, 403, 403, 403, 403, 403, 403, 403, 403, 403, 403, 403, 403, 403, 403, 403, 403, 403, 403, 403, 403, 403, 403, 403, 403, 403, 403, 403, 403, 403, 403, 403, 403, 403, 403, 403, 403, 403, 403, 403, 403, 403, 403, 403, 403, 403, 403, 403, 403, 403, 403, 403, 403, 403, 403, 403, 403, 403, 403, 403, 403, 403, 403, 403, 403, 403, 403, 403, 403, 403, 403, 403, 403, 403, 403, 403, 403, 403, 403, 403, 403, 403, 403, 403, 403, 403, 403, 403, 403, 403, 403, 403, 403, 403, 403, 403, 403, 403, 403, 403, 403, 403, 403, 403, 403, 403, 403, 403, 403, 403, 403, 403, 403, 403, 403, 403, 403, 403, 403, 403, 403, 403, 403, 403, 403, 403, 403, 403, 403, 403]

ep264
Train step Loss: [0.1415141075849533, 0.37973490357398987, 0.41242560744285583, 0.22395005822181702, 0.07989798486232758, 0.08964139968156815, 0.14609983563423157, 0.18128518760204315, 0.4968840777873993, 0.13150380551815033, 0.012478013522922993, 0.39224591851234436, 0.13175132870674133, 0.05395291745662689, 0.06075935438275337, 0.29800114035606384, 0.016905006021261215, 0.010911447927355766, 0.16229528188705444, 0.07749427109956741, 0.14068934321403503, 0.16685223579406738, 0.37801051139831543, 0.3189850449562073, 0.0630638599395752, 0.013062052428722382, 0.01163586787879467, 0.2817397117614746, 0.17796514928340912, 0.2545328438282013, 0.03677650913596153, 0.01221770141273737, 0.0877632275223732, 0.2846584916114807, 0.23883815109729767, 0.2744559347629547, 0.0162424985319376, 0.3389091193675995, 0.10674670338630676, 0.22181972861289978, 0.01379359234124422, 0.17599627375602722, 0.027464676648378372, 0.01084666233509779, 0.15392239391803741, 0.030638450756669044, 0.20096845924854279, 0.011904377490282059, 0.192763552069664, 0.25035879015922546, 0.18024972081184387, 0.2737380564212799, 0.2572799623012543, 0.34230250120162964, 0.24079786241054535, 0.029230745509266853, 0.25895580649375916, 0.19247913360595703, 0.15519089996814728, 0.38072606921195984, 0.11316674947738647, 0.2350054234266281, 0.020649034529924393]
val step Loss: [0.400352418422699, 0.5489754676818848, 0.5198913812637329, 0.8967627286911011, 0.6858174800872803, 0.5697231888771057, 0.39497360587120056, 0.7381085157394409, 0.4419860541820526, 0.5741952061653137, 0.29948684573173523, 0.6011832356452942, 0.7166701555252075, 0.533371090888977, 0.493385374546051, 0.18244998157024384]
Train step Accs: [0.9656562399226056, 0.9021814644990969, 0.9058089033659066, 0.9434396580072345, 0.9833663970700443, 0.9808075063974979, 0.9673342087984241, 0.9591508052708638, 0.8752257428993597, 0.9687552778246917, 0.9998454166022569, 0.9005320721253326, 0.9668759811616955, 0.9886343455869295, 0.986006600660066, 0.9224553444853983, 0.999025182778229, 1.0, 0.962011521096061, 0.9838316046369737, 0.9667571234735414, 0.9631161098246774, 0.9004486819966349, 0.9283914010378058, 0.9864927091327705, 1.0, 1.0, 0.9261058981233244, 0.9553288779458319, 0.9361702127659575, 0.9932951757972199, 0.9997013142174432, 0.9813443463400741, 0.9326664676022693, 0.9374499866631102, 0.9277144571085782, 0.9990863407948835, 0.916028618049454, 0.9733297773036405, 0.9474742060833445, 0.9995966657703684, 0.9588323353293413, 0.9956113801452785, 0.9998294970161978, 0.9612773835236038, 0.9950946995503475, 0.9514774044032445, 0.9998578131665008, 0.9520879120879121, 0.9363942096797777, 0.9553935860058309, 0.9283070596298835, 0.9364406779661016, 0.9135685210312076, 0.9447471995155919, 0.9951870187018702, 0.9366802351876978, 0.9536585365853658, 0.965074043028779, 0.9024192238999837, 0.974793838493854, 0.9414802065404475, 0.9970752459452273]
val step Accs: [0.9050908160654899, 0.8675382989963022, 0.8844585987261147, 0.8013178627703768, 0.8395620437956204, 0.8720398277717977, 0.906696080975863, 0.8368391918073623, 0.8971123829344433, 0.86822980940628, 0.9316507289543816, 0.8623134328358208, 0.8348659500064759, 0.8752496338703235, 0.8827913279132791, 0.9581299768815823]
Preds: [17, 287, 111, 111, 319, 319, 348, 216, 8, 43, 345, 276, 100, 497, 497, 497, 122, 42, 42, 495, 406, 380, 380, 499, 499, 284, 481, 426, 426, 481, 481, 16, 293, 293, 293, 348, 348, 250, 250, 250, 65, 65, 65, 426, 426, 426, 426, 206, 206, 169, 169, 77, 77, 342, 342, 342, 115, 267, 267, 448, 324, 464, 464, 464, 180, 315, 315, 319, 319, 319, 282, 330, 388, 299, 116, 250, 250, 250, 10, 479, 479, 331, 180, 486, 486, 486, 460, 169, 150, 150, 342, 342, 224, 494, 494, 422, 99, 99, 338, 338, 338, 400, 400, 400, 213, 213, 324, 246, 246, 422, 186, 99, 338, 338, 338, 338, 395, 395, 400, 400, 374, 374, 374, 374, 374, 374, 139, 302, 497, 497, 497, 122, 129, 259, 74, 74, 183, 420, 213, 213, 213, 252, 143, 143, 259, 192, 192, 420, 420, 213, 324, 324, 301, 301, 173, 465, 280, 280, 420, 213, 213, 213, 213, 246, 246, 19, 19, 19, 454, 454, 414, 414, 414, 414, 170, 312, 187, 126, 126, 292, 292, 408, 408, 408, 408, 391, 391, 391, 228, 289, 373, 66, 66, 66, 68, 172, 172, 115, 115, 267, 267, 267, 267, 213, 246, 246, 246, 246, 246, 246, 246, 246, 246, 301, 301, 8, 259, 354, 106, 106, 284, 284, 376, 206, 460, 169, 169, 150, 77, 342, 342, 172, 172, 224, 196, 485, 309, 479, 331, 84, 84, 153, 153, 497, 497, 497, 43, 43, 276, 276, 346, 346, 346, 284, 486, 376, 376, 376, 460, 460, 460, 263, 263, 263, 414, 414, 414, 414, 414, 170, 170, 244, 47, 47, 73, 244, 244, 244, 321, 321, 320, 7, 7, 479, 398, 290, 290, 290, 290, 434, 434, 378, 378, 250, 406, 406, 467, 337, 337, 476, 360, 434, 434, 422, 99, 99, 99, 338, 338, 338, 400, 400, 400, 30, 464, 464, 464, 464, 240, 240, 416, 8, 259, 100, 100, 100, 100, 497, 497, 122, 122, 239, 445, 445, 445, 464, 171, 171, 171, 171, 171, 252, 416, 183, 192, 464, 464, 443, 443, 240, 203, 8, 8, 183, 183, 420, 213, 213, 213, 246, 246, 246, 246, 246, 19, 19, 19, 454, 229, 414, 414, 414, 126, 187, 408, 408, 391, 391, 73, 244, 321, 320, 320, 7, 276, 276, 346, 346, 346, 346, 387, 293, 293, 167, 35, 35, 164, 192, 192, 351, 180, 139, 139, 139, 139, 293, 122, 122, 49, 269, 9, 168, 168, 494, 69, 223, 216, 216, 144, 114, 145, 443, 443, 240, 240, 94, 199, 199, 34, 191, 356, 253, 216, 216, 22, 22, 283, 278, 99, 99, 99, 436, 60, 60, 60, 298, 125, 413, 413, 169, 186, 99, 99, 338, 338, 338, 338, 400, 400, 400, 400, 213, 213, 324, 324, 422, 186, 99, 99, 338, 338, 338, 115, 273, 273, 273, 432, 275, 446, 116, 94, 199, 331, 331, 486, 443, 120, 85, 299, 299, 251, 219, 219, 246, 41, 41, 246, 246, 246, 19, 19, 19, 19, 454, 454, 414, 414, 414, 414, 170, 170, 244, 421, 421, 73, 73, 244, 320, 321, 320, 7, 7, 374, 374, 132, 217, 217, 473, 473, 337, 41, 41, 41, 19, 19, 19, 17, 83, 403, 403, 403, 403, 403, 403, 403, 403, 403, 403, 403, 403, 403, 403, 403, 403, 403, 403, 403, 403, 403, 403, 403, 403, 403, 403, 403, 403, 403, 403, 403, 403, 403, 403, 403, 403, 403, 403, 403, 403, 403, 403, 403, 403, 403, 403, 403, 403, 403, 403, 403, 403, 403, 403, 403, 403, 403, 403, 403, 403, 403, 403]

ep265
Train step Loss: [0.010423878207802773, 0.05577993765473366, 0.40218836069107056, 0.357732355594635, 0.1597844660282135, 0.31824466586112976, 0.10473772883415222, 0.18846414983272552, 0.24343670904636383, 0.6244924664497375, 0.245480015873909, 0.06064533442258835, 0.07530621439218521, 0.13556137681007385, 0.36990994215011597, 0.22283218801021576, 0.13502563536167145, 0.4111698269844055, 0.014999620616436005, 0.040829386562108994, 0.012535769492387772, 0.07897116988897324, 0.4180528223514557, 0.13484880328178406, 0.06744641065597534, 0.3601338565349579, 0.28649547696113586, 0.012314612045884132, 0.4009406566619873, 0.19916532933712006, 0.4364464581012726, 0.16885606944561005, 0.14123612642288208, 0.08328411728143692, 0.23519767820835114, 0.3079589009284973, 0.3112725019454956, 0.1596757173538208, 0.25083106756210327, 0.2762521803379059, 0.4105610251426697, 0.01264253444969654, 0.16334731876850128, 0.052997902035713196, 0.4563027024269104, 0.18692530691623688, 0.14712215960025787, 0.08144452422857285, 0.06967583298683167, 0.013228978030383587, 0.04120921343564987, 0.09798218309879303, 0.08736971020698547, 0.012546003796160221, 0.20909063518047333, 0.18225331604480743, 0.4420793354511261, 0.22819407284259796, 0.5112078189849854, 0.31561145186424255, 0.3369406461715698, 0.29945555329322815, 0.036615416407585144]
val step Loss: [0.4239903688430786, 0.5470941662788391, 0.6958255171775818, 0.2615329921245575, 0.5922606587409973, 0.8115260601043701, 0.8498045802116394, 0.7780466675758362, 0.5379723310470581, 0.05137785151600838, 0.6772022843360901, 0.4326862096786499, 0.44968846440315247, 0.574303925037384, 0.3626624047756195, 0.49424946308135986]
Train step Accs: [0.9998458455372283, 0.9877488514548239, 0.8996277756385573, 0.9166902005083309, 0.9614206981016534, 0.9210042865890998, 0.9757630161579892, 0.9508169108977598, 0.9429817728618165, 0.8616446578631453, 0.9399378179762578, 0.9887319473099508, 0.9839752600506044, 0.9693525179856115, 0.9092592592592592, 0.9446814771222598, 0.9672384484623706, 0.8919193630357445, 0.9988992845349477, 0.9933638106473971, 0.9998685075608152, 0.9829427980702964, 0.9038089089735313, 0.9666882276843467, 0.9850556887071761, 0.9136735008478496, 0.9273759713090257, 0.9998430141287284, 0.8991813220133414, 0.9544819882714326, 0.8876150035385704, 0.9588384550324217, 0.9634195363794721, 0.9803305785123967, 0.9428191489361702, 0.9213068181818181, 0.9238744075829384, 0.96341059602649, 0.934833813137922, 0.9292883895131087, 0.8975806451612903, 0.9997232599972325, 0.9600770925110133, 0.9885837704412218, 0.8916111024965111, 0.9542127170948759, 0.9615440429545784, 0.9805013927576601, 0.9849182409906334, 0.9996764801035264, 0.9922184120284885, 0.9754444302340453, 0.9828982898289829, 0.9996949359365467, 0.949461926168097, 0.9537234799943044, 0.910411622276029, 0.9455291454442558, 0.8679817905918058, 0.9238372093023256, 0.9144367360422861, 0.9238668035792871, 0.9943278502552467]
val step Accs: [0.9023809523809524, 0.8702970297029703, 0.8354866494401378, 0.939991548105367, 0.8633120540743522, 0.8105443071259532, 0.8121277747698972, 0.8129496402877698, 0.8782278481012659, 0.9909300538047656, 0.8397744464310274, 0.9012260641961702, 0.9001333333333333, 0.8701916351937334, 0.9212836815016652, 0.8834287825605025]
Preds: [17, 17, 145, 145, 486, 460, 460, 169, 169, 349, 205, 205, 234, 234, 155, 25, 25, 148, 148, 387, 348, 348, 348, 398, 398, 398, 324, 360, 434, 434, 339, 200, 248, 473, 398, 398, 360, 360, 360, 360, 360, 360, 434, 434, 434, 246, 19, 19, 19, 454, 454, 454, 414, 414, 414, 414, 249, 80, 80, 80, 80, 321, 320, 188, 188, 188, 171, 171, 434, 434, 339, 339, 250, 345, 43, 153, 43, 43, 43, 285, 285, 285, 285, 285, 84, 139, 139, 496, 496, 293, 274, 122, 8, 75, 354, 354, 420, 420, 360, 360, 360, 360, 434, 434, 19, 19, 19, 454, 454, 48, 414, 414, 414, 414, 102, 414, 82, 82, 47, 380, 184, 184, 321, 320, 7, 7, 7, 309, 473, 473, 398, 398, 360, 360, 360, 360, 434, 434, 434, 246, 246, 246, 246, 19, 19, 454, 454, 197, 197, 197, 7, 7, 7, 219, 219, 219, 219, 219, 219, 485, 286, 286, 286, 378, 468, 406, 467, 380, 499, 180, 486, 315, 315, 315, 315, 282, 282, 388, 348, 348, 250, 250, 250, 250, 138, 138, 153, 497, 497, 349, 349, 349, 349, 234, 234, 234, 261, 261, 25, 25, 148, 148, 153, 153, 182, 98, 98, 98, 98, 98, 197, 197, 197, 440, 188, 188, 356, 356, 257, 368, 368, 31, 342, 342, 342, 168, 168, 273, 444, 444, 444, 171, 324, 324, 324, 252, 422, 77, 478, 342, 172, 115, 115, 273, 273, 486, 486, 460, 460, 460, 178, 35, 35, 35, 411, 100, 100, 100, 182, 182, 182, 182, 182, 182, 182, 182, 182, 375, 375, 375, 98, 98, 98, 13, 226, 259, 321, 209, 287, 287, 426, 426, 426, 426, 98, 98, 98, 98, 13, 17, 83, 83, 403, 403, 403, 403, 403, 403, 403, 403, 403, 403, 403, 403, 403, 403, 403, 403, 403, 403, 403, 403, 403, 403, 403, 403, 403, 403, 403, 403, 403, 403, 403, 403, 403, 403, 403, 403, 403, 403, 403, 403, 403, 403, 403, 403, 403, 403, 403, 403, 403, 403, 403, 403, 403, 403, 403, 403, 403, 403, 403, 403, 403, 403, 403, 403, 403, 403, 403, 403, 403, 403, 403, 403, 403, 403, 403, 403, 403, 403, 403, 403, 403, 403, 403, 403, 403, 403, 403, 403, 403, 403, 403, 403, 403, 403, 403, 403, 403, 403, 403, 403, 403, 403, 403, 403, 403, 403, 403, 403, 403, 403, 403, 403, 403, 403, 403, 403, 403, 403, 403, 403, 403, 403, 403, 403, 403, 403, 403, 403, 403, 403, 403, 403, 403, 403, 403, 403, 403, 403, 403, 403, 403, 403, 403, 403, 403, 403, 403, 403, 403, 403, 403, 403, 403, 403, 403, 403, 403, 403, 403, 403, 403, 403, 403, 403, 403, 403, 403, 403, 403, 403, 403, 403, 403, 403, 403, 403, 403, 403, 403, 403, 403, 403, 403, 403, 403, 403, 403, 403, 403, 403, 403, 403, 403, 403, 403, 403, 403, 403, 403, 403, 403, 403, 403, 403, 403, 403, 403, 403, 403, 403, 403, 403, 403, 403, 403, 403, 403, 403, 403, 403, 403, 403, 403, 403, 403, 403, 403, 403, 403, 403, 403, 403, 403, 403, 403, 403, 403, 403, 403, 403, 403, 403, 403, 403, 403, 403, 403, 403, 403, 403, 403, 403, 403, 403, 403, 403, 403, 403, 403, 403, 403, 403, 403, 403, 403, 403, 403, 403, 403, 403, 403, 403, 403, 403, 403, 403, 403, 403, 403, 403, 403, 403, 403, 403, 403, 403, 403, 403, 403, 403, 403, 403, 403, 403, 403, 403, 403, 403, 403, 403, 403, 403, 403, 403, 403, 403, 403, 403]

ep266
Train step Loss: [0.010752599686384201, 0.010548366233706474, 0.06678752601146698, 0.09779991954565048, 0.21365679800510406, 0.1773400455713272, 0.023861046880483627, 0.06846452504396439, 0.1941927820444107, 0.3081507682800293, 0.3391762673854828, 0.3504687547683716, 0.012307197786867619, 0.07472840696573257, 0.09554432332515717, 0.17780658602714539, 0.3266415297985077, 0.10381778329610825, 0.4781172573566437, 0.23406359553337097, 0.30248621106147766, 0.21197688579559326, 0.2106246054172516, 0.14679574966430664, 0.12185635417699814, 0.17749905586242676, 0.29083147644996643, 0.1934826821088791, 0.11091646552085876, 0.08273523300886154, 0.24588271975517273, 0.011885746382176876, 0.13212068378925323, 0.10470251739025116, 0.2957976162433624, 0.017148619517683983, 0.14119656383991241, 0.12759007513523102, 0.27317526936531067, 0.016304250806570053, 0.16504323482513428, 0.513217568397522, 0.2681562304496765, 0.09610264003276825, 0.15822692215442657, 0.38461074233055115, 0.33476153016090393, 0.5830682516098022, 0.09325379133224487, 0.31700509786605835, 0.08485493063926697, 0.20518805086612701, 0.32684168219566345, 0.08603096753358841, 0.3872233033180237, 0.17393308877944946, 0.44937023520469666, 0.18347229063510895, 0.4065955877304077, 0.19702185690402985, 0.16641868650913239, 0.45369842648506165, 0.03934647515416145]
val step Loss: [0.874855101108551, 0.39622679352760315, 0.34635236859321594, 1.325171709060669, 0.5120435357093811, 0.42307525873184204, 0.482331782579422, 0.13027212023735046, 0.3367253243923187, 0.5469273924827576, 0.9412262439727783, 0.5129604339599609, 0.6457844376564026, 0.6177602410316467, 0.5806520581245422, 0.34710490703582764]
Train step Accs: [1.0, 0.9998540572095739, 0.9866929521931986, 0.9765650080256821, 0.9464703453970001, 0.9576895306859206, 0.9962772050400917, 0.9873502893284888, 0.9498977505112475, 0.9234184239733629, 0.917910447761194, 0.9100679626995416, 1.0, 0.9846903270702854, 0.9764407853071564, 0.9563812600969306, 0.9170562509425426, 0.9764876632801162, 0.8930561217556733, 0.9397333333333333, 0.9239945466939332, 0.9464310368631782, 0.9493506493506494, 0.965244375484872, 0.9696320114326545, 0.9564418045538113, 0.9259205143191116, 0.954729534278276, 0.9737991266375546, 0.9823303883980663, 0.9379503602882305, 0.9997051886792453, 0.9656802928615009, 0.97439293598234, 0.926046511627907, 0.9982868712038623, 0.9664928085980717, 0.9694185211773152, 0.9349189754312598, 0.9987583423870867, 0.9609210312956057, 0.8676510801203172, 0.9319747416762342, 0.9772016914874058, 0.9620860414732281, 0.901503655676645, 0.9175961159952762, 0.8603420195439739, 0.9784296807592753, 0.9240929102778199, 0.9808857181316463, 0.9481481481481482, 0.9184057475196715, 0.9816457632303457, 0.9102251978088862, 0.9546889801073571, 0.8898750821827744, 0.9547561950439648, 0.8959901464349254, 0.9524118889069352, 0.9623590368790003, 0.9087290304236565, 0.9911764705882353]
val step Accs: [0.7967750533049041, 0.906064209274673, 0.9181080667380989, 0.7024466129260359, 0.885, 0.9076310550763106, 0.8879935535858179, 0.972005115816399, 0.919695044472681, 0.8675650557620818, 0.7833104918532054, 0.8775368362524326, 0.8522351588328303, 0.8560377605873869, 0.8596362748687905, 0.9236139630390143]
Preds: [17, 17, 287, 287, 319, 319, 319, 319, 348, 348, 348, 348, 250, 250, 250, 331, 138, 138, 138, 138, 182, 182, 182, 182, 182, 182, 182, 497, 497, 497, 98, 14, 14, 14, 287, 287, 287, 111, 111, 111, 111, 111, 438, 299, 388, 94, 94, 398, 398, 398, 324, 324, 301, 301, 378, 43, 88, 65, 138, 138, 153, 182, 297, 182, 297, 481, 426, 426, 284, 284, 284, 426, 426, 426, 426, 413, 413, 350, 182, 242, 497, 275, 116, 43, 43, 43, 364, 276, 346, 346, 346, 265, 111, 111, 111, 85, 438, 438, 240, 175, 175, 241, 431, 431, 428, 428, 428, 146, 146, 146, 438, 186, 186, 186, 162, 54, 482, 482, 482, 142, 115, 273, 273, 470, 288, 403, 403, 290, 171, 171, 171, 434, 252, 252, 339, 314, 212, 354, 420, 420, 324, 301, 301, 301, 301, 250, 42, 147, 380, 380, 499, 426, 426, 426, 426, 319, 282, 282, 169, 169, 77, 77, 342, 342, 115, 115, 267, 267, 267, 267, 213, 324, 246, 246, 246, 246, 434, 434, 339, 339, 398, 398, 398, 324, 324, 324, 422, 422, 422, 478, 478, 342, 115, 115, 273, 273, 273, 265, 265, 265, 265, 85, 85, 282, 282, 169, 169, 77, 77, 342, 224, 224, 267, 448, 448, 464, 464, 464, 464, 180, 58, 58, 58, 486, 486, 486, 486, 85, 85, 146, 240, 58, 58, 58, 72, 110, 110, 139, 139, 293, 293, 293, 122, 77, 342, 342, 115, 273, 273, 273, 284, 486, 486, 376, 376, 460, 460, 460, 263, 263, 229, 229, 414, 312, 312, 312, 312, 292, 292, 292, 292, 292, 23, 23, 23, 1, 1, 260, 408, 391, 391, 391, 228, 66, 66, 66, 66, 68, 172, 115, 115, 273, 273, 378, 378, 153, 153, 88, 174, 174, 174, 426, 319, 319, 293, 348, 219, 219, 219, 464, 464, 464, 180, 315, 315, 319, 319, 319, 319, 348, 348, 348, 250, 495, 495, 81, 467, 337, 337, 41, 324, 324, 3, 301, 301, 301, 8, 354, 354, 106, 106, 284, 284, 405, 206, 206, 282, 388, 169, 77, 77, 77, 453, 198, 198, 198, 198, 127, 384, 371, 267, 267, 267, 213, 213, 213, 246, 246, 246, 246, 246, 246, 246, 246, 246, 19, 454, 454, 454, 414, 414, 414, 414, 249, 249, 249, 47, 187, 187, 2, 47, 244, 73, 73, 244, 321, 320, 287, 287, 287, 284, 284, 460, 460, 460, 169, 169, 150, 453, 168, 168, 494, 50, 50, 31, 31, 31, 162, 323, 323, 224, 273, 273, 106, 106, 424, 424, 424, 424, 182, 182, 497, 497, 497, 122, 122, 122, 197, 197, 197, 197, 7, 7, 7, 309, 473, 473, 473, 398, 398, 360, 360, 360, 434, 434, 434, 434, 434, 246, 246, 246, 422, 99, 99, 338, 338, 338, 338, 338, 338, 400, 400, 400, 286, 286, 286, 374, 374, 374, 203, 203, 216, 216, 81, 275, 275, 275, 275, 275, 303, 303, 48, 48, 48, 13, 414, 414, 414, 414, 170, 170, 170, 187, 187, 12, 12, 12, 12, 408, 408, 391, 228, 244, 321, 320, 287, 287, 287, 287, 284, 284, 460, 460, 460, 460, 169, 35, 77, 77, 342, 342, 168, 267, 267, 267, 267, 213, 213, 246, 246, 246, 301, 301, 301, 378, 364, 345, 109, 346, 346, 284, 284, 428, 376, 428, 428, 146, 240, 167, 169, 35, 449, 449, 449, 449, 485, 30, 301, 301, 314, 196, 196, 250, 250, 250, 196, 196, 309, 398, 398, 398, 398, 286, 286, 374, 374, 374, 374, 374, 132, 132, 132, 132, 132, 132, 285, 285, 288, 288, 288]

ep267
Train step Loss: [0.1942499279975891, 0.3741569519042969, 0.24045537412166595, 0.33017656207084656, 0.13990512490272522, 0.07462020963430405, 0.17516157031059265, 0.35420671105384827, 0.258139431476593, 0.0822364017367363, 0.010719014331698418, 0.4599180519580841, 0.2623896896839142, 0.25170519948005676, 0.07033783942461014, 0.10980609059333801, 0.13112036883831024, 0.09854095429182053, 0.42761343717575073, 0.10724812000989914, 0.14346660673618317, 0.3389529883861542, 0.517360508441925, 0.09646403044462204, 0.19245213270187378, 0.04902646318078041, 0.6409257054328918, 0.24784088134765625, 0.114628866314888, 0.18769823014736176, 0.016308840364217758, 0.21640752255916595, 0.013488959521055222, 0.33512383699417114, 0.4608979821205139, 0.24085277318954468, 0.011342530138790607, 0.013194410130381584, 0.025921713560819626, 0.048434510827064514, 0.2708362638950348, 0.11254488676786423, 0.09822944551706314, 0.1874954104423523, 0.15650105476379395, 0.05369257926940918, 0.15676862001419067, 0.6026110649108887, 0.4499826431274414, 0.20327742397785187, 0.18341930210590363, 0.22849884629249573, 0.015584352426230907, 0.08278028666973114, 0.25753000378608704, 0.1534072607755661, 0.2168683111667633, 0.31389233469963074, 0.23434391617774963, 0.10251946747303009, 0.09203046560287476, 0.19658003747463226, 0.024302836507558823]
val step Loss: [0.8320282101631165, 0.5859244465827942, 0.23856987059116364, 0.47993016242980957, 0.6107660531997681, 0.4021775424480438, 0.6668404936790466, 0.02833196148276329, 0.5011625289916992, 0.3151332139968872, 0.646386981010437, 0.7634068131446838, 0.4701424241065979, 0.518570601940155, 0.7026538252830505, 0.9545851945877075]
Train step Accs: [0.9524330235101148, 0.9048510372796755, 0.9445544554455445, 0.9187935034802784, 0.9661044176706828, 0.9854353393085787, 0.9548180170129689, 0.9135415246147552, 0.9325221238938053, 0.9817022456334904, 1.0, 0.8917114240092902, 0.9313437451677749, 0.934525340879856, 0.984434509024673, 0.9748190116462071, 0.968356127648163, 0.9767012359710187, 0.8925476603119584, 0.9762067550936688, 0.9660916121356335, 0.9197608558842039, 0.8656507541595397, 0.9773748395378691, 0.9573977237772993, 0.9899003873824018, 0.8531615223254421, 0.9407884403957908, 0.9757274455329726, 0.9541027351567711, 0.9993438320209974, 0.9457627118644067, 0.999838605551969, 0.9162946428571429, 0.8855616704435092, 0.941014248506205, 1.0, 1.0, 0.9955869373345102, 0.9904531205471644, 0.931652197877911, 0.9735978112175102, 0.9766955065587497, 0.9568599717114569, 0.9615075107296137, 0.989787376527708, 0.9594573997866179, 0.8732463295269168, 0.8873511904761905, 0.9526209677419355, 0.9565493584042688, 0.9415212294868456, 0.9996915008483727, 0.9805825242718447, 0.9345794392523364, 0.9609389671361502, 0.9475833900612661, 0.9182792704997912, 0.9398649709530539, 0.9758568058831691, 0.9810339039946291, 0.9486315789473684, 0.9970108695652173]
val step Accs: [0.816788717114185, 0.8609646302250804, 0.9430568137698978, 0.890543031334184, 0.8641618497109826, 0.9028208935078958, 0.8478228782287823, 0.9970461868958109, 0.8865979381443299, 0.9280540801545147, 0.8465231106844054, 0.8165571616294349, 0.8855829050581553, 0.8809831824062095, 0.8407407407407408, 0.7818028643639428]
Preds: [17, 7, 217, 217, 473, 473, 473, 476, 213, 360, 360, 252, 143, 36, 36, 75, 107, 107, 395, 395, 213, 171, 171, 171, 246, 3, 3, 3, 143, 197, 259, 354, 29, 109, 109, 288, 104, 313, 285, 337, 337, 337, 171, 360, 360, 434, 434, 200, 199, 398, 340, 340, 116, 116, 33, 466, 250, 250, 250, 250, 250, 250, 250, 43, 76, 129, 259, 441, 100, 100, 100, 497, 497, 497, 497, 43, 43, 208, 208, 106, 346, 346, 346, 306, 306, 372, 372, 396, 396, 396, 396, 396, 406, 406, 467, 303, 275, 275, 303, 303, 303, 303, 303, 48, 48, 48, 48, 417, 414, 414, 414, 170, 47, 170, 2, 244, 392, 392, 392, 244, 392, 392, 321, 321, 66, 66, 66, 66, 172, 172, 115, 115, 267, 267, 286, 286, 374, 468, 468, 139, 139, 274, 274, 399, 399, 10, 398, 398, 398, 324, 324, 324, 324, 3, 3, 3, 3, 440, 440, 145, 111, 111, 154, 240, 216, 280, 65, 111, 111, 111, 438, 253, 368, 281, 453, 9, 168, 273, 443, 443, 443, 460, 240, 240, 35, 26, 183, 183, 183, 41, 213, 213, 213, 246, 246, 246, 246, 246, 246, 246, 3, 197, 197, 259, 259, 354, 287, 287, 284, 284, 284, 376, 376, 376, 460, 460, 263, 263, 263, 13, 78, 78, 170, 170, 421, 421, 15, 15, 187, 341, 435, 157, 481, 73, 244, 73, 73, 321, 321, 320, 219, 219, 213, 213, 324, 301, 301, 143, 259, 259, 354, 437, 437, 284, 319, 319, 282, 17, 403, 403, 403, 403, 403, 403, 403, 403, 403, 403, 403, 403, 403, 403, 403, 403, 403, 403, 403, 403, 403, 403, 403, 403, 403, 403, 403, 403, 403, 403, 403, 403, 403, 403, 403, 403, 403, 403, 403, 403, 403, 403, 403, 403, 403, 403, 403, 403, 403, 403, 403, 403, 403, 403, 403, 403, 403, 403, 403, 403, 403, 403, 403, 403, 403, 403, 403, 403, 403, 403, 403, 403, 403, 403, 403, 403, 403, 403, 403, 403, 403, 403, 403, 403, 403, 403, 403, 403, 403, 403, 403, 403, 403, 403, 403, 403, 403, 403, 403, 403, 403, 403, 403, 403, 403, 403, 403, 403, 403, 403, 403, 403, 403, 403, 403, 403, 403, 403, 403, 403, 403, 403, 403, 403, 403, 403, 403, 403, 403, 403, 403, 403, 403, 403, 403, 403, 403, 403, 403, 403, 403, 403, 403, 403, 403, 403, 403, 403, 403, 403, 403, 403, 403, 403, 403, 403, 403, 403, 403, 403, 403, 403, 403, 403, 403, 403, 403, 403, 403, 403, 403, 403, 403, 403, 403, 403, 403, 403, 403, 403, 403, 403, 403, 403, 403, 403, 403, 403, 403, 403, 403, 403, 403, 403, 403, 403, 403, 403, 403, 403, 403, 403, 403, 403, 403, 403, 403, 403, 403, 403, 403, 403, 403, 403, 403, 403, 403, 403, 403, 403, 403, 403, 403, 403, 403, 403, 403, 403, 403, 403, 403, 403, 403, 403, 403, 403, 403, 403, 403, 403, 403, 403, 403, 403, 403, 403, 403, 403, 403, 403, 403, 403, 403, 403, 403, 403, 403, 403, 403, 403, 403, 403, 403, 403, 403, 403, 403, 403, 403, 403, 403, 403, 403, 403, 403, 403, 403, 403, 403, 403, 403, 403, 403, 403, 403, 403, 403, 403, 403, 403, 403, 403, 403, 403, 403, 403, 403, 403, 403, 403, 403, 403, 403, 403, 403, 403, 403, 403, 403, 403, 403, 403, 403, 403, 403, 403, 403, 403, 403, 403, 403, 403, 403, 403, 403, 403, 403, 403, 403, 403, 403, 403, 403, 403, 403, 403, 403, 403, 403, 403, 403, 403]

ep268
Train step Loss: [0.39769452810287476, 0.23977071046829224, 0.0944894552230835, 0.03740710765123367, 0.012405185028910637, 0.2334441840648651, 0.057468779385089874, 0.06638037413358688, 0.151222825050354, 0.09369202703237534, 0.14068058133125305, 0.050718341022729874, 0.21058496832847595, 0.07175362855195999, 0.29293107986450195, 0.13290466368198395, 0.06580150127410889, 0.4960640072822571, 0.16202181577682495, 0.27000129222869873, 0.4035159647464752, 0.09635221213102341, 0.012415165081620216, 0.7549455165863037, 0.2476997673511505, 0.17298997938632965, 0.22487489879131317, 0.10339513421058655, 0.1709972769021988, 0.17665137350559235, 0.25635620951652527, 0.1859554648399353, 0.09835778176784515, 0.20171163976192474, 0.049680985510349274, 0.10158713907003403, 0.1543249785900116, 0.1834803968667984, 0.15333008766174316, 0.19340747594833374, 0.13676577806472778, 0.12892615795135498, 0.15869656205177307, 0.17317737638950348, 0.47481489181518555, 0.17076866328716278, 0.5367064476013184, 0.153615340590477, 0.30897217988967896, 0.12470865249633789, 0.23585085570812225, 0.2598698139190674, 0.0665237084031105, 0.43694397807121277, 0.013789084739983082, 0.09696885943412781, 0.07285750657320023, 0.2353227436542511, 0.025123195722699165, 0.19151601195335388, 0.05847865343093872, 0.27517327666282654, 0.5353021621704102]
val step Loss: [0.8716043829917908, 0.3993128836154938, 0.4565543234348297, 0.46780699491500854, 0.8601648211479187, 0.4410395324230194, 0.5495371222496033, 0.35012999176979065, 0.31296399235725403, 0.6088750958442688, 0.6719492077827454, 0.47152912616729736, 0.7171103358268738, 0.7323198914527893, 0.027751049026846886, 0.7948442697525024]
Train step Accs: [0.8987360376249265, 0.9378270236995999, 0.9774109470026064, 0.9928751047778709, 0.9996810207336523, 0.9402028830752803, 0.9889699643645002, 0.9846481228150175, 0.9629452926208651, 0.9788985333732415, 0.9654595252586732, 0.990144265104985, 0.9518129022131534, 0.984312606959498, 0.9249512670565302, 0.9681562049534792, 0.9844730238393977, 0.873749404478323, 0.9613982770046389, 0.9362781674376959, 0.900029359953024, 0.9783734389278099, 0.9998386315959336, 0.8075585072738773, 0.9381501265111049, 0.9575705974173407, 0.9449809774656132, 0.9752934992114947, 0.9578598484848485, 0.9562247749146228, 0.9386521162070491, 0.9577580539119, 0.9763523499852202, 0.9481670673076923, 0.9910881801125704, 0.9749528683005656, 0.9619808306709265, 0.9544762695447627, 0.9616483681756656, 0.9508890770533446, 0.9677840661732695, 0.9699984209695247, 0.9608228709726214, 0.9596785765533075, 0.8836502905441099, 0.9601498127340824, 0.8764173780099376, 0.9659817662266975, 0.9249651324965132, 0.9710755405784892, 0.9444116779710999, 0.9316333563059959, 0.984144960362401, 0.893683163392191, 0.9993548387096775, 0.9775606777591207, 0.984878135563067, 0.9606965174129353, 0.9957633102669114, 0.9517230909366935, 0.9876914269357377, 0.9329630097209948, 0.879060879060879]
val step Accs: [0.7879491733843421, 0.9109234540997003, 0.891566265060241, 0.8989407386200974, 0.8043896187119512, 0.9027719150133671, 0.8668918918918919, 0.9190521846322421, 0.9319427730980078, 0.865109074480444, 0.8397758298606122, 0.8913839394679034, 0.826274615592123, 0.8329164582291145, 0.9965504024530472, 0.8107997545510329]
Preds: [17, 17, 287, 287, 284, 284, 111, 85, 85, 330, 388, 67, 67, 212, 34, 242, 359, 250, 250, 217, 217, 217, 473, 473, 398, 290, 171, 171, 246, 246, 246, 246, 246, 318, 471, 471, 49, 49, 269, 323, 9, 395, 219, 219, 213, 246, 246, 246, 246, 19, 19, 19, 454, 229, 229, 417, 170, 392, 392, 392, 392, 392, 392, 392, 392, 392, 244, 435, 289, 201, 289, 66, 66, 323, 323, 397, 106, 302, 274, 274, 122, 129, 129, 321, 75, 144, 445, 445, 351, 351, 403, 403, 290, 290, 290, 171, 434, 434, 434, 434, 434, 434, 246, 246, 19, 19, 143, 129, 401, 401, 82, 74, 445, 213, 213, 180, 171, 171, 171, 416, 458, 458, 445, 445, 464, 464, 171, 171, 171, 301, 129, 259, 259, 354, 74, 74, 213, 213, 213, 213, 213, 246, 246, 246, 246, 246, 19, 117, 414, 197, 197, 197, 197, 197, 7, 188, 422, 31, 162, 68, 68, 68, 68, 68, 115, 115, 267, 267, 213, 286, 286, 286, 374, 374, 132, 42, 42, 42, 42, 42, 147, 147, 337, 324, 213, 213, 324, 246, 246, 143, 99, 99, 323, 323, 323, 219, 219, 219, 324, 464, 464, 464, 464, 315, 315, 450, 450, 450, 450, 450, 450, 450, 413, 303, 43, 276, 276, 276, 153, 182, 182, 182, 182, 182, 98, 98, 13, 13, 414, 170, 414, 170, 392, 392, 392, 392, 63, 63, 63, 63, 63, 63, 63, 63, 63, 63, 63, 63, 63, 63, 73, 73, 289, 320, 320, 7, 287, 284, 240, 240, 467, 499, 376, 460, 460, 460, 169, 35, 150, 150, 342, 224, 494, 494, 494, 236, 129, 449, 342, 68, 68, 267, 470, 470, 319, 319, 319, 388, 94, 94, 64, 64, 64, 64, 398, 398, 324, 324, 324, 464, 464, 464, 139, 319, 319, 282, 388, 203, 53, 53, 70, 65, 65, 46, 46, 46, 438, 438, 251, 81, 81, 324, 324, 324, 301, 251, 10, 10, 331, 398, 213, 464, 180, 139, 139, 486, 376, 376, 460, 169, 263, 263, 170, 170, 170, 392, 392, 392, 392, 392, 392, 63, 63, 63, 63, 63, 63, 63, 63, 63, 63, 63, 63, 63, 63, 63, 63, 63, 73, 73, 73, 320, 7, 7, 7, 309, 331, 476, 331, 290, 171, 171, 171, 171, 434, 434, 434, 3, 3, 14, 14, 411, 287, 284, 284, 111, 450, 293, 43, 276, 276, 182, 182, 43, 109, 109, 109, 207, 207, 324, 324, 3, 301, 8, 32, 354, 384, 384, 180, 371, 324, 213, 213, 246, 246, 19, 454, 229, 401, 401, 244, 244, 20, 80, 80, 354, 354, 354, 499, 499, 499, 499, 240, 240, 240, 120, 120, 120, 282, 282, 37, 37, 37, 243, 243, 170, 107, 395, 395, 395, 395, 338, 338, 447, 447, 17, 17, 219, 403, 403, 403, 403, 403, 403, 403, 403, 403, 403, 403, 403, 403, 403, 403, 403, 403, 403, 403, 403, 403, 403, 403, 403, 403, 403, 403, 403, 403, 403, 403, 403, 403, 403, 403, 403, 403, 403, 403, 403, 403, 403, 403, 403, 403, 403, 403, 403, 403, 403, 403, 403, 403, 403, 403, 403, 403, 403, 403, 403, 403, 403, 403, 403, 403, 403, 403, 403, 403, 403, 403, 403, 403, 403, 403, 403, 403, 403, 403, 403, 403, 403, 403, 403, 403, 403, 403, 403, 403, 403, 403, 403, 403, 403, 403, 403, 403, 403, 403, 403, 403, 403, 403, 403, 403, 403, 403, 403, 403, 403, 403, 403, 403, 403, 403, 403, 403, 403, 403, 403, 403, 403, 403, 403, 403, 403, 403, 403, 403, 403, 403, 403]

ep269
Train step Loss: [0.08357512950897217, 0.3973951041698456, 0.12266995757818222, 0.21488583087921143, 0.07340183854103088, 0.32662004232406616, 0.24658779799938202, 0.10632240027189255, 0.08805070072412491, 0.11435440927743912, 0.5193320512771606, 0.3352409601211548, 0.2050461620092392, 0.27504661679267883, 0.09161102771759033, 0.09451992064714432, 0.2025679051876068, 0.2514376938343048, 0.2776378095149994, 0.1791027933359146, 0.28256574273109436, 0.12048208713531494, 0.13517291843891144, 0.01326045859605074, 0.10373188555240631, 0.22904959321022034, 0.4025454521179199, 0.09583726525306702, 0.30166351795196533, 0.011568920686841011, 0.05823669582605362, 0.34782204031944275, 0.03531557321548462, 0.23642320930957794, 0.052166134119033813, 0.11099319159984589, 0.07266554981470108, 0.2696928381919861, 0.18321020901203156, 0.011626817286014557, 0.3821917474269867, 0.07172983884811401, 0.3696661591529846, 0.3489060401916504, 0.099113330245018, 0.012244012206792831, 0.024632470682263374, 0.010586153715848923, 0.3091312646865845, 0.32302308082580566, 0.05521024763584137, 0.1409897804260254, 0.31528905034065247, 0.23709583282470703, 0.20514118671417236, 0.13960851728916168, 0.22806158661842346, 0.08118826150894165, 0.3973543643951416, 0.01376409363001585, 0.14288294315338135, 0.19691725075244904, 0.26442044973373413]
val step Loss: [0.5360276103019714, 0.42878100275993347, 0.8568583130836487, 0.4753636419773102, 0.6693705916404724, 0.5613400340080261, 0.6823154091835022, 0.5253629684448242, 0.6388440728187561, 0.023960040882229805, 0.500435471534729, 0.5431170463562012, 0.6758132576942444, 0.6060914993286133, 0.5012266635894775, 0.48723798990249634]
Train step Accs: [0.9802251732101617, 0.9081396928930561, 0.9719029374201787, 0.9485237285515535, 0.9856839872746553, 0.9301876863708122, 0.9360600569505566, 0.9745937961595273, 0.9781153029560673, 0.9719205298013245, 0.8686459087617668, 0.9157272477316469, 0.9512376975842529, 0.9290197971994205, 0.9787045252883763, 0.9787939988459319, 0.95565946468881, 0.9382923476401405, 0.9280308060018589, 0.9560347241669, 0.9367106570171704, 0.9702641509433962, 0.9671348697668076, 0.9997277059223962, 0.9754519820865816, 0.9462313190383366, 0.9018941233608548, 0.9775772105485827, 0.9246323529411765, 0.9996904024767802, 0.9863628517175902, 0.9114309906858594, 0.9934676858929813, 0.9412989175686928, 0.9892550143266475, 0.9758346581875994, 0.982913284920974, 0.9342587742273442, 0.9552238805970149, 0.999862693944803, 0.9061383566092888, 0.9843774168600155, 0.9044027363620417, 0.9124811019653956, 0.9757470186252177, 0.999722067815453, 0.9969595621769535, 1.0, 0.9215052182860503, 0.919565516293139, 0.9878779434304027, 0.9655550336621261, 0.9196723667193563, 0.9429495662402588, 0.9531436360538422, 0.9659671015314805, 0.9469485440765856, 0.9819399941741916, 0.8998938267859852, 0.999554234769688, 0.9659106916467108, 0.9511579572446556, 0.9390512961941533]
val step Accs: [0.8773504791944681, 0.898311352150869, 0.8084472722350075, 0.885, 0.8424201223657376, 0.8739600665557404, 0.8356091030789826, 0.8747716092761771, 0.8511515496161501, 0.9974029524330235, 0.889372280919826, 0.8708460310549992, 0.8440044931199101, 0.8632167832167832, 0.8874374652584769, 0.8888888888888888]
Preds: [17, 309, 479, 479, 331, 278, 443, 443, 271, 169, 150, 478, 54, 54, 224, 224, 273, 273, 273, 494, 494, 498, 264, 468, 468, 468, 468, 468, 467, 337, 337, 337, 337, 328, 434, 339, 33, 10, 309, 479, 331, 331, 331, 84, 84, 84, 426, 426, 426, 16, 375, 375, 375, 375, 98, 98, 98, 263, 13, 13, 13, 414, 102, 102, 442, 187, 187, 187, 187, 187, 187, 341, 341, 341, 341, 341, 341, 341, 341, 341, 163, 163, 163, 163, 244, 63, 435, 63, 163, 63, 63, 63, 63, 73, 244, 73, 7, 7, 7, 7, 7, 7, 7, 7, 354, 420, 420, 213, 213, 213, 213, 213, 213, 213, 246, 246, 246, 246, 246, 246, 246, 246, 246, 3, 3, 3, 188, 188, 188, 177, 177, 301, 143, 143, 8, 259, 354, 354, 109, 109, 278, 278, 171, 171, 171, 171, 171, 171, 246, 246, 246, 246, 246, 246, 246, 246, 422, 186, 338, 338, 338, 338, 338, 338, 400, 400, 400, 400, 267, 324, 324, 464, 464, 434, 434, 339, 143, 77, 77, 478, 108, 54, 172, 395, 395, 400, 286, 286, 464, 464, 464, 264, 264, 443, 315, 315, 315, 282, 282, 282, 282, 282, 203, 203, 203, 43, 43, 43, 43, 43, 276, 182, 182, 182, 182, 182, 182, 182, 182, 182, 182, 497, 497, 81, 89, 89, 275, 275, 59, 59, 59, 406, 406, 406, 406, 495, 134, 134, 302, 302, 375, 375, 375, 375, 122, 130, 130, 130, 196, 196, 309, 479, 398, 398, 464, 464, 464, 84, 84, 88, 88, 43, 43, 43, 43, 43, 276, 153, 174, 174, 387, 426, 319, 413, 348, 348, 348, 64, 219, 398, 398, 464, 464, 464, 365, 120, 120, 282, 282, 282, 282, 263, 263, 263, 263, 414, 414, 414, 414, 187, 187, 187, 187, 187, 187, 2, 2, 392, 392, 392, 392, 392, 392, 73, 244, 73, 73, 75, 75, 310, 323, 323, 323, 377, 397, 106, 106, 106, 153, 153, 153, 424, 182, 182, 182, 182, 182, 182, 182, 182, 182, 182, 182, 497, 497, 497, 122, 122, 122, 36, 310, 310, 323, 323, 115, 273, 106, 106, 106, 481, 387, 387, 293, 293, 293, 175, 81, 35, 207, 188, 324, 324, 324, 301, 143, 143, 35, 259, 354, 354, 345, 109, 109, 109, 355, 355, 355, 355, 376, 376, 376, 376, 376, 376, 376, 376, 376, 486, 460, 460, 460, 460, 169, 35, 259, 75, 354, 114, 180, 486, 486, 486, 460, 460, 169, 150, 150, 449, 449, 449, 119, 351, 486, 486, 486, 460, 240, 240, 368, 449, 449, 449, 371, 324, 324, 324, 464, 464, 464, 378, 88, 88, 375, 375, 98, 98, 263, 417, 129, 259, 208, 441, 441, 441, 100, 100, 100, 182, 182, 375, 98, 98, 98, 48, 13, 13, 414, 170, 170, 170, 170, 170, 28, 28, 28, 63, 63, 63, 63, 392, 63, 63, 63, 2, 2, 2, 2, 2, 63, 63, 63, 63, 63, 63, 63, 63, 63, 63, 63, 63, 73, 73, 73, 73, 244, 321, 321, 287, 287, 287, 287, 287, 284, 284, 284, 284, 284, 450, 450, 450, 450, 450, 88, 88, 43, 276, 174, 174, 174, 387, 387, 387, 250, 250, 248, 248, 394, 32, 239, 354, 219, 398, 398, 464, 171, 171, 171, 171, 171, 171, 246, 252, 143, 310, 310, 99, 107, 107, 447, 400, 400, 400, 30, 477, 477, 374, 374, 374, 132, 132, 274, 186, 186, 186, 162, 482, 482, 482, 482, 482, 482, 482, 115, 273, 273, 106, 106, 424, 424, 293, 497, 497, 122, 122, 75, 310, 310, 445, 107, 107]

ep270
Train step Loss: [0.10921712964773178, 0.39063572883605957, 0.33547669649124146, 0.31301411986351013, 0.1633656620979309, 0.22549207508563995, 0.4244474172592163, 0.11987168341875076, 0.32639622688293457, 0.037017468363046646, 0.12402185797691345, 0.17954082787036896, 0.08085750043392181, 0.30026236176490784, 0.5735601782798767, 0.20706601440906525, 0.20409856736660004, 0.372897744178772, 0.2743997275829315, 0.387014240026474, 0.16509608924388885, 0.15728628635406494, 0.29164329171180725, 0.13569098711013794, 0.013821315951645374, 0.3221738934516907, 0.2866631746292114, 0.5706055760383606, 0.07858868688344955, 0.09688960015773773, 0.01325912307947874, 0.43903976678848267, 0.013292861171066761, 0.2778826355934143, 0.38913634419441223, 0.3396362066268921, 0.410069078207016, 0.11738055944442749, 0.235170379281044, 0.24909813702106476, 0.1956513673067093, 0.13655993342399597, 0.3232840299606323, 0.2330581545829773, 0.16859807074069977, 0.09007546305656433, 0.06415174156427383, 0.1644056737422943, 0.16382791101932526, 0.1417534202337265, 0.3932732343673706, 0.19314421713352203, 0.045058250427246094, 0.01122280489653349, 0.37389814853668213, 0.2945344150066376, 0.21843335032463074, 0.08135378360748291, 0.011328322812914848, 0.06564787775278091, 0.28561118245124817, 0.22446726262569427, 0.011742270551621914]
val step Loss: [0.5547744631767273, 0.6138877868652344, 0.6201531291007996, 0.5659655928611755, 1.2953345775604248, 0.2185327261686325, 0.4250381290912628, 0.5215526819229126, 0.4933820068836212, 0.6873824000358582, 0.4605008363723755, 0.4834078252315521, 0.20514941215515137, 0.22318176925182343, 0.678048312664032, 1.1292364597320557]
Train step Accs: [0.9747926492112539, 0.9006175499066494, 0.9143808255659122, 0.922771065912219, 0.9624712790400817, 0.943462246777164, 0.893565480696442, 0.9727626459143969, 0.9171382376717866, 0.9931412894375857, 0.9715747583854463, 0.9557260126497107, 0.9816541353383459, 0.9277876631079478, 0.8512610770279482, 0.9486523113988857, 0.9477104874446086, 0.9036479633567807, 0.9301675977653632, 0.908169014084507, 0.9587891121851946, 0.9619341563786008, 0.9275025424960046, 0.9668544912164402, 0.9998542911263296, 0.9212981211404546, 0.9277146969454662, 0.8564952726330786, 0.983941605839416, 0.97940899088337, 0.9995383905216187, 0.9118887673800968, 0.9998583770004249, 0.9304531085353003, 0.9060983009708737, 0.9137385804638088, 0.9096146460120343, 0.9714867617107943, 0.9437652811735942, 0.9389574759945131, 0.9506592361016719, 0.9684574391473426, 0.9148968218105137, 0.9420542943324337, 0.9621790423317141, 0.9807560137457044, 0.9856024248547613, 0.9581473214285714, 0.9636714354605369, 0.9652754590984975, 0.9083917044362039, 0.951715374841169, 0.990868843386829, 1.0, 0.9067519333729923, 0.9255692908262849, 0.9435723951285521, 0.9810434219053791, 1.0, 0.984804006216543, 0.9264301009483022, 0.9422990905024601, 1.0]
val step Accs: [0.8723666210670314, 0.8543871399866042, 0.8602920914852576, 0.8640275387263339, 0.6967616580310881, 0.9510305713100013, 0.9050367261280168, 0.8824994071614892, 0.8801446051167965, 0.8426703372333104, 0.8901639344262295, 0.8914167528438469, 0.9516901601204325, 0.9504825185888309, 0.8505207010414021, 0.7357989374744586]
Preds: [17, 287, 100, 387, 387, 98, 98, 35, 129, 129, 129, 401, 401, 414, 458, 27, 437, 437, 426, 426, 426, 426, 426, 426, 426, 167, 263, 263, 414, 414, 414, 414, 414, 414, 414, 225, 225, 225, 7, 7, 7, 473, 109, 286, 286, 286, 286, 264, 264, 468, 406, 406, 406, 467, 337, 337, 324, 324, 171, 171, 171, 252, 3, 3, 14, 14, 14, 14, 197, 197, 197, 196, 70, 479, 398, 398, 360, 360, 116, 33, 33, 465, 309, 331, 331, 374, 132, 132, 153, 182, 182, 182, 182, 98, 98, 276, 8, 197, 440, 100, 100, 182, 497, 497, 43, 8, 259, 354, 208, 437, 437, 106, 387, 284, 426, 426, 426, 206, 206, 285, 285, 382, 382, 406, 406, 406, 467, 467, 134, 134, 375, 375, 98, 98, 98, 13, 48, 414, 414, 414, 170, 414, 414, 237, 237, 170, 47, 47, 47, 47, 80, 80, 80, 80, 289, 320, 320, 7, 309, 331, 331, 324, 301, 143, 458, 458, 458, 465, 27, 27, 351, 180, 486, 315, 319, 319, 282, 388, 94, 466, 64, 212, 76, 465, 354, 420, 464, 324, 464, 464, 464, 486, 355, 376, 460, 169, 263, 414, 170, 170, 312, 312, 312, 312, 23, 23, 292, 292, 292, 292, 292, 23, 23, 23, 23, 23, 260, 149, 391, 391, 391, 391, 244, 73, 73, 73, 320, 287, 287, 284, 111, 240, 240, 169, 35, 35, 35, 77, 232, 172, 68, 172, 115, 267, 267, 213, 213, 213, 324, 246, 246, 246, 19, 454, 197, 197, 197, 197, 197, 197, 7, 217, 473, 331, 443, 240, 240, 330, 330, 143, 76, 76, 36, 259, 107, 107, 395, 278, 106, 387, 88, 88, 88, 405, 405, 405, 206, 206, 169, 169, 169, 240, 35, 35, 449, 342, 224, 224, 115, 267, 267, 267, 213, 213, 213, 324, 246, 3, 301, 197, 197, 197, 197, 197, 414, 82, 287, 287, 100, 182, 182, 182, 182, 182, 182, 182, 182, 182, 182, 387, 387, 167, 167, 35, 36, 239, 384, 384, 75, 354, 384, 371, 371, 287, 171, 171, 171, 171, 385, 314, 32, 32, 239, 354, 443, 470, 264, 264, 290, 264, 264, 264, 264, 264, 468, 406, 199, 199, 41, 19, 19, 19, 19, 454, 229, 414, 414, 414, 414, 414, 392, 392, 392, 187, 126, 408, 408, 408, 408, 408, 408, 408, 228, 73, 244, 73, 320, 287, 83, 460, 284, 284, 460, 240, 35, 35, 35, 35, 342, 342, 342, 224, 224, 444, 324, 213, 324, 324, 324, 301, 3, 14, 14, 411, 411, 226, 411, 145, 153, 424, 424, 424, 43, 43, 276, 32, 32, 354, 208, 441, 100, 100, 100, 497, 497, 98, 98, 13, 48, 170, 414, 414, 414, 170, 170, 244, 80, 244, 287, 287, 100, 481, 481, 98, 98, 35, 129, 259, 259, 354, 354, 27, 441, 153, 153, 346, 206, 206, 206, 35, 263, 414, 17, 219, 264, 264, 403, 403, 403, 403, 403, 403, 403, 403, 403, 403, 403, 403, 403, 403, 403, 403, 403, 403, 403, 403, 403, 403, 403, 403, 403, 403, 403, 403, 403, 403, 403, 403, 403, 403, 403, 403, 403, 403, 403, 403, 403, 403, 403, 403, 403, 403, 403, 403, 403, 403, 403, 403, 403, 403, 403, 403, 403, 403, 403, 403, 403, 403, 403, 403, 403, 403, 403, 403, 403, 403, 403, 403, 403, 403, 403, 403, 403, 403, 403, 403, 403, 403, 403, 403, 403, 403, 403, 403, 403, 403, 403, 403, 403, 403, 403, 403, 403, 403, 403, 403, 403, 403, 403, 403, 403, 403, 403, 403, 403, 403, 403, 403, 403, 403]

ep271
Train step Loss: [0.2933793067932129, 0.6082751750946045, 0.28905975818634033, 0.06470490992069244, 0.28803199529647827, 0.010336791165173054, 0.1454424113035202, 0.010370997712016106, 0.04523051902651787, 0.19266676902770996, 0.2054407298564911, 0.41285550594329834, 0.16323229670524597, 0.397309273481369, 0.622809886932373, 0.012368778698146343, 0.4637675881385803, 0.09860197454690933, 0.1659793108701706, 0.3684893846511841, 0.0640263482928276, 0.1756100356578827, 0.093843013048172, 0.03336456045508385, 0.23722581565380096, 0.12120010703802109, 0.2520400285720825, 0.7053118944168091, 0.22530752420425415, 0.2685227394104004, 0.09858419001102448, 0.13428983092308044, 0.10934795439243317, 0.30303218960762024, 0.06350052356719971, 0.3308603763580322, 0.31811270117759705, 0.20334157347679138, 0.23403343558311462, 0.010729147121310234, 0.23840351402759552, 0.22895577549934387, 0.14608855545520782, 0.022436127066612244, 0.2150048315525055, 0.037775248289108276, 0.10447975248098373, 0.01130919624119997, 0.5654428601264954, 0.2565928101539612, 0.2491385042667389, 0.08706653863191605, 0.011477273888885975, 0.2809307873249054, 0.41739794611930847, 0.19732798635959625, 0.15257041156291962, 0.012247786857187748, 0.012054705992341042, 0.31437253952026367, 0.587573230266571, 0.4977908730506897, 0.4899176359176636]
val step Loss: [0.9224388599395752, 0.0555359423160553, 0.2883602976799011, 0.5496526956558228, 0.49513763189315796, 0.8958714008331299, 0.856066107749939, 0.7371297478675842, 0.6166789531707764, 0.7506442070007324, 0.5383807420730591, 0.3846534788608551, 0.5301152467727661, 0.28993722796440125, 0.44001784920692444, 0.5374032258987427]
Train step Accs: [0.9285811639634728, 0.8416052416052416, 0.9281295248124259, 0.9856347112283788, 0.9281454979129398, 1.0, 0.9659263766352297, 0.9998559700417687, 0.9919341287178626, 0.9532983070636311, 0.9497087654496378, 0.8970453853183065, 0.9593281510272071, 0.903750564844103, 0.8405284990013827, 0.9997118155619596, 0.9010008114687584, 0.9750765803397382, 0.9588300526753535, 0.9066612946548482, 0.9867427420708172, 0.956271023546372, 0.976808634772462, 0.9939607448414696, 0.9419269102990033, 0.9709311363283072, 0.9382643288640047, 0.8275862068965517, 0.9421752362646164, 0.9335558252427184, 0.9770859671302149, 0.9656626506024096, 0.9723741410741832, 0.9248848658091154, 0.986637618010167, 0.9179224579370885, 0.9185363650052702, 0.9494569152787835, 0.9381663113006397, 1.0, 0.9428405628898883, 0.9433301496338745, 0.9649638940893287, 0.9977353607246846, 0.9473849044785468, 0.9933468325137402, 0.9738950276243094, 0.9998387356877922, 0.8675, 0.9370540669097828, 0.9370114942528736, 0.9789317507418398, 1.0, 0.9279699442933023, 0.8889573386724164, 0.9496327387198321, 0.9614023801865552, 0.9994281629735525, 0.9998489425981874, 0.9217210270645385, 0.8554750997487809, 0.880409258638041, 0.8773341918866709]
val step Accs: [0.7907121513944223, 0.9888364779874214, 0.9344978165938864, 0.8815989847715736, 0.8948604586902459, 0.7863812670593305, 0.8036885245901639, 0.8225285643318431, 0.8522033898305085, 0.8265016756896107, 0.8733477205287294, 0.9109137397389315, 0.8751502203231406, 0.9320374965536256, 0.8983478017362083, 0.873022231123573]
Preds: [17, 17, 486, 486, 460, 460, 169, 178, 35, 35, 259, 208, 208, 441, 100, 153, 153, 497, 122, 129, 129, 129, 458, 208, 208, 437, 346, 346, 405, 405, 206, 98, 263, 263, 263, 439, 417, 414, 249, 249, 249, 249, 249, 249, 305, 237, 237, 237, 237, 170, 28, 249, 82, 305, 249, 82, 28, 40, 289, 40, 435, 435, 435, 211, 211, 211, 211, 211, 21, 21, 260, 260, 260, 391, 391, 228, 289, 82, 320, 287, 287, 287, 111, 111, 460, 169, 169, 99, 338, 338, 338, 338, 338, 338, 400, 400, 400, 444, 213, 213, 213, 246, 246, 246, 246, 246, 246, 422, 99, 99, 338, 338, 338, 338, 338, 400, 400, 400, 485, 286, 286, 286, 374, 374, 374, 132, 132, 134, 132, 132, 132, 132, 132, 132, 132, 132, 132, 132, 132, 132, 132, 132, 197, 197, 197, 197, 197, 197, 197, 414, 414, 414, 82, 354, 420, 213, 213, 213, 213, 246, 246, 434, 434, 374, 132, 132, 43, 43, 43, 250, 364, 276, 346, 174, 480, 480, 480, 480, 282, 282, 282, 282, 388, 303, 303, 217, 473, 473, 398, 324, 464, 301, 457, 129, 401, 401, 197, 7, 7, 354, 346, 109, 265, 428, 146, 146, 146, 207, 207, 207, 3, 3, 3, 454, 197, 197, 197, 197, 197, 197, 7, 79, 147, 456, 456, 236, 236, 374, 374, 42, 42, 42, 147, 132, 132, 132, 132, 132, 132, 132, 217, 217, 331, 331, 331, 134, 153, 98, 457, 457, 197, 7, 217, 473, 278, 398, 213, 422, 301, 301, 246, 19, 454, 414, 414, 414, 414, 170, 170, 247, 126, 126, 326, 326, 326, 408, 408, 23, 23, 23, 23, 23, 23, 260, 391, 391, 391, 228, 392, 73, 73, 83, 287, 460, 319, 319, 348, 53, 348, 250, 250, 250, 276, 174, 109, 403, 403, 171, 324, 324, 324, 464, 301, 251, 241, 241, 241, 431, 431, 431, 486, 319, 319, 330, 388, 94, 466, 466, 250, 199, 199, 81, 290, 290, 290, 171, 324, 324, 3, 251, 251, 8, 259, 354, 354, 354, 180, 284, 284, 206, 206, 240, 35, 35, 77, 68, 224, 323, 397, 397, 485, 152, 477, 374, 374, 153, 182, 182, 182, 43, 43, 276, 276, 346, 346, 284, 428, 146, 146, 330, 388, 388, 94, 199, 324, 324, 116, 116, 116, 94, 199, 331, 134, 153, 43, 43, 276, 276, 276, 276, 153, 387, 387, 387, 387, 236, 24, 35, 36, 449, 483, 209, 411, 440, 145, 287, 387, 293, 293, 293, 497, 122, 36, 36, 269, 449, 494, 494, 494, 416, 416, 144, 27, 180, 443, 330, 388, 94, 199, 199, 464, 464, 180, 120, 330, 253, 368, 453, 453, 168, 236, 494, 278, 99, 338, 436, 436, 60, 395, 106, 125, 426, 426, 413, 10, 64, 394, 76, 239, 310, 395, 395, 485, 485, 286, 464, 139, 496, 496, 496, 496, 274, 416, 129, 259, 208, 208, 441, 437, 153, 426, 426, 372, 396, 348, 199, 250, 413, 375, 98, 98, 13, 197, 414, 320, 7, 473, 278, 286, 286, 286, 468, 468, 406, 467, 337, 324, 19, 324, 19, 454, 414, 170, 170, 170, 414, 47, 47, 392, 392, 47, 28, 187, 392, 187, 187, 187, 12, 40, 40, 12, 163, 392, 435, 435, 435, 73, 73, 73, 73, 320, 320, 7, 213, 324, 116, 116, 94, 94, 331, 331, 84, 153, 153, 387, 387, 387, 497, 8, 32, 259, 208, 208, 441, 106, 387, 387, 372, 372, 406, 406, 406, 413, 413, 375, 375, 98, 98, 13, 414, 414, 414, 414, 414, 414, 170, 47, 47, 47, 244]

ep272
Train step Loss: [0.30006250739097595, 0.20289577543735504, 0.32290518283843994, 0.19809630513191223, 0.23958343267440796, 0.026414737105369568, 0.27733302116394043, 0.27137646079063416, 0.011198093183338642, 0.3614862859249115, 0.03393440693616867, 0.06073985621333122, 0.11483254283666611, 0.0979892835021019, 0.14856880903244019, 0.47561725974082947, 0.3859933018684387, 0.1661136895418167, 0.09088250249624252, 0.35533589124679565, 0.35637855529785156, 0.014103959314525127, 0.07452627271413803, 0.1413789689540863, 0.2274816781282425, 0.11197973787784576, 0.45513564348220825, 0.36099106073379517, 0.18004614114761353, 0.19530008733272552, 0.46350201964378357, 0.32715511322021484, 0.09782467037439346, 0.2293619066476822, 0.0306745283305645, 0.46293550729751587, 0.14547808468341827, 0.014697445556521416, 0.46585357189178467, 0.2953529953956604, 0.4164707064628601, 0.3380219638347626, 0.057761430740356445, 0.07261322438716888, 0.1654638797044754, 0.23295646905899048, 0.08955653011798859, 0.1648537665605545, 0.6525045037269592, 0.0559048093855381, 0.15174151957035065, 0.1661309450864792, 0.18671706318855286, 0.2885318994522095, 0.017518596723675728, 0.07450824975967407, 0.2869984805583954, 0.28227660059928894, 0.23330169916152954, 0.10820512473583221, 0.2249240279197693, 0.35261648893356323, 0.5690360069274902]
val step Loss: [0.7490171790122986, 0.13205282390117645, 0.6006420254707336, 0.584042489528656, 0.7749660015106201, 0.5950698256492615, 0.4413125216960907, 0.44173166155815125, 1.2321505546569824, 0.5645926594734192, 0.4297860860824585, 0.39676183462142944, 0.40472957491874695, 0.26912960410118103, 0.60448157787323, 0.8424221277236938]
Train step Accs: [0.924461587913854, 0.9485458612975392, 0.9201408450704225, 0.9506720605506982, 0.9410180065220474, 0.995823131211292, 0.9321317938608843, 0.9309832522960562, 0.9996833438885371, 0.9149834741094381, 0.9949288401766727, 0.9879026380994024, 0.9725963044159098, 0.9752188552188552, 0.963963963963964, 0.8786539284186511, 0.8989412897016362, 0.9600389863547758, 0.9788600062637018, 0.9169649248389405, 0.9169827837758973, 0.9989697802197802, 0.9828963970278985, 0.9662047511312217, 0.945032632342277, 0.9713047377073681, 0.8887104544724587, 0.9096475260632136, 0.9546855733662145, 0.9509933774834437, 0.8858921161825726, 0.9172180335436221, 0.9749075116615731, 0.9418657052726453, 0.9956018179152617, 0.9017031630170317, 0.9632733107505794, 0.9994809913066044, 0.8807174887892377, 0.924901185770751, 0.8897428731134712, 0.9127620655691572, 0.9876354365838114, 0.9870373037591819, 0.9602607885749768, 0.9416781292984869, 0.9783825816485225, 0.9590030968883646, 0.8557167576201251, 0.9887335995436395, 0.9611204653298637, 0.9607264824588637, 0.9521823742007228, 0.9256746570179406, 0.9979148566463945, 0.9841488628532047, 0.9300441826215022, 0.9343250514321887, 0.9395412425945617, 0.9759313788247344, 0.9465457955611128, 0.9140045636052482, 0.8530295443164747]
val step Accs: [0.818476937643717, 0.9695557174071376, 0.8553960659223817, 0.8698408591020831, 0.8247380595999456, 0.8610778443113772, 0.894769136370609, 0.8986008942737631, 0.7308815719596389, 0.8712478293227487, 0.9010402774073086, 0.9028368794326241, 0.9032007256705974, 0.9364169554785391, 0.8589709051724138, 0.8001269035532995]
Preds: [17, 309, 479, 479, 398, 278, 17, 17, 465, 77, 77, 54, 142, 108, 119, 351, 351, 494, 498, 468, 468, 468, 468, 467, 337, 337, 337, 337, 434, 339, 339, 94, 479, 331, 331, 84, 84, 84, 426, 426, 16, 375, 375, 375, 98, 98, 98, 98, 13, 13, 414, 259, 170, 187, 187, 442, 442, 187, 341, 2, 2, 244, 341, 341, 341, 2, 163, 2, 163, 244, 63, 63, 63, 244, 73, 73, 73, 73, 320, 320, 320, 7, 7, 7, 7, 219, 420, 420, 213, 213, 213, 213, 213, 213, 246, 246, 246, 246, 246, 246, 246, 3, 3, 3, 464, 188, 177, 177, 301, 216, 259, 354, 109, 109, 109, 403, 171, 171, 171, 171, 171, 246, 246, 246, 246, 246, 324, 422, 186, 99, 338, 338, 338, 338, 338, 400, 400, 400, 30, 464, 171, 171, 252, 252, 143, 36, 310, 310, 54, 107, 395, 395, 485, 286, 286, 464, 365, 365, 315, 315, 315, 315, 282, 282, 282, 282, 282, 413, 413, 43, 43, 43, 276, 138, 138, 138, 182, 182, 182, 182, 182, 182, 182, 426, 282, 282, 282, 282, 303, 303, 94, 199, 331, 84, 302, 302, 496, 375, 375, 130, 130, 130, 402, 196, 196, 309, 398, 398, 464, 464, 264, 468, 406, 406, 88, 43, 43, 43, 276, 276, 174, 174, 387, 413, 348, 348, 33, 398, 398, 398, 398, 464, 464, 443, 355, 355, 282, 460, 263, 263, 263, 263, 414, 414, 414, 187, 187, 187, 187, 187, 47, 47, 244, 392, 392, 73, 73, 73, 244, 75, 75, 310, 310, 323, 377, 397, 106, 106, 374, 153, 153, 424, 182, 182, 182, 182, 182, 182, 182, 497, 497, 497, 497, 122, 122, 129, 36, 310, 323, 108, 119, 437, 106, 106, 481, 481, 139, 293, 81, 81, 299, 299, 146, 324, 324, 422, 301, 143, 259, 354, 345, 109, 109, 109, 355, 355, 355, 355, 355, 355, 355, 355, 355, 355, 287, 287, 460, 460, 169, 215, 35, 259, 354, 431, 265, 111, 428, 428, 438, 438, 368, 31, 449, 449, 351, 486, 486, 443, 443, 240, 240, 449, 449, 449, 324, 324, 324, 477, 464, 464, 132, 132, 132, 381, 465, 465, 465, 259, 441, 441, 100, 100, 100, 100, 100, 375, 98, 98, 98, 48, 13, 13, 414, 170, 170, 170, 170, 28, 28, 28, 28, 63, 63, 63, 63, 244, 2, 2, 2, 2, 2, 63, 63, 63, 63, 63, 63, 244, 73, 73, 73, 73, 244, 321, 412, 287, 287, 287, 287, 284, 284, 284, 284, 450, 450, 450, 450, 16, 43, 43, 276, 276, 174, 387, 497, 497, 43, 43, 43, 8, 239, 219, 219, 464, 464, 476, 171, 171, 171, 171, 252, 252, 143, 99, 99, 338, 338, 445, 219, 219, 30, 477, 477, 374, 374, 132, 132, 186, 186, 186, 162, 482, 482, 482, 482, 482, 115, 273, 273, 106, 106, 424, 497, 497, 122, 122, 259, 310, 445, 445, 445, 351, 213, 213, 213, 324, 324, 19, 19, 19, 454, 197, 259, 7, 7, 188, 398, 398, 464, 171, 171, 252, 457, 457, 8, 364, 345, 109, 109, 109, 284, 284, 376, 376, 206, 206, 206, 167, 167, 35, 411, 100, 100, 100, 375, 98, 98, 98, 233, 259, 259, 441, 441, 100, 100, 100, 481, 387, 375, 98, 98, 98, 98, 13, 414, 414, 170, 170, 170, 170, 28, 2, 2, 2, 244, 2, 244, 63, 63, 63, 244, 63, 63, 392, 63, 73, 244, 73, 73, 73, 321, 320, 320, 7, 7, 487, 374, 374, 374, 374, 374, 374, 132, 132, 274, 274, 88, 288, 337, 337]

ep273
Train step Loss: [0.12021713703870773, 0.2735213041305542, 0.05285997316241264, 0.1374969184398651, 0.3355455994606018, 0.798969030380249, 0.21748968958854675, 0.1108538880944252, 0.10367756336927414, 0.3732798099517822, 0.3225325644016266, 0.07483872026205063, 0.3723766803741455, 0.08156272023916245, 0.10634182393550873, 0.03536505252122879, 0.15088599920272827, 0.09339742362499237, 0.10347925126552582, 0.3655325472354889, 0.01310461200773716, 0.4439226984977722, 0.40311336517333984, 0.18799184262752533, 0.1524844914674759, 0.12114499509334564, 0.19675229489803314, 0.6228691935539246, 0.12509767711162567, 0.6605440378189087, 0.2880154252052307, 0.10287553817033768, 0.31579458713531494, 0.2609122395515442, 0.2924421727657318, 0.2363569438457489, 0.011429938487708569, 0.29460304975509644, 0.29907694458961487, 0.12752598524093628, 0.36109107732772827, 0.640148401260376, 0.18362152576446533, 0.010452048853039742, 0.1368878334760666, 0.4310319721698761, 0.23745375871658325, 0.0680859312415123, 0.3434429466724396, 0.13027748465538025, 0.11596930027008057, 0.3782810568809509, 0.1453554332256317, 0.01763642020523548, 0.263435423374176, 0.059095047414302826, 0.027933215722441673, 0.010314135812222958, 0.19010433554649353, 0.13570952415466309, 0.010475557297468185, 0.04880676791071892, 0.011472398415207863]
val step Loss: [0.4894118905067444, 0.7937278151512146, 1.0047041177749634, 0.3767639398574829, 0.6577219367027283, 0.31872886419296265, 0.7077208161354065, 0.7836621999740601, 0.7357621788978577, 0.18636633455753326, 0.7270423173904419, 0.46321067214012146, 0.6991760730743408, 0.22248059511184692, 0.4663170576095581, 0.03351132199168205]
Train step Accs: [0.9730121116377041, 0.9320121112028626, 0.9900273443783175, 0.9665792922673656, 0.9146129312844302, 0.82321501987118, 0.9444444444444444, 0.9742565468264536, 0.9764910066266961, 0.9043379963261269, 0.9207684756696115, 0.9836042987048774, 0.9077276205049732, 0.9804823470909995, 0.9731480232087437, 0.992469225199131, 0.9640080621940685, 0.9776163652534835, 0.9754445385266723, 0.9052154903185509, 1.0, 0.8869603267211202, 0.8923626619026351, 0.9543481514743302, 0.9622454048683556, 0.9711601845748187, 0.9498841251448435, 0.8409202153695545, 0.9712778429073857, 0.8353161342066568, 0.9249483224678009, 0.9742033383915023, 0.9223533163265306, 0.9307879525403103, 0.9433181630119983, 0.9419924337957125, 0.9998442367601246, 0.9241927936359382, 0.9243939650788269, 0.9698048523206751, 0.9039017341040463, 0.8397424432123055, 0.9532029669588672, 1.0, 0.9657722987672226, 0.8925925925925926, 0.9413746630727763, 0.9857701885450018, 0.9138741916519695, 0.9685375494071147, 0.9715639810426541, 0.9001298888728533, 0.9660181236673774, 0.9986185725249425, 0.9361262723115503, 0.9875054482057243, 0.9961344537815126, 0.9998571224460637, 0.9512732278045424, 0.9659873918780237, 1.0, 0.9893072989307299, 1.0]
val step Accs: [0.8851258581235698, 0.8143459915611815, 0.7636138613861386, 0.9084608720762345, 0.8442071965203638, 0.9322296147300015, 0.8379849288305888, 0.8247171876900621, 0.8340333288172335, 0.9587939698492463, 0.8394355453852022, 0.887332990750257, 0.8350237514443446, 0.9469814788632829, 0.8931362796646298, 0.995686274509804]
Preds: [17, 17, 17, 284, 486, 486, 460, 460, 169, 150, 349, 234, 234, 234, 261, 25, 25, 332, 332, 399, 399, 53, 473, 473, 473, 398, 360, 360, 360, 360, 434, 434, 434, 339, 339, 216, 81, 398, 398, 324, 360, 360, 360, 360, 360, 360, 434, 434, 434, 434, 434, 19, 19, 454, 454, 454, 417, 414, 414, 414, 249, 249, 249, 82, 80, 80, 80, 320, 321, 188, 188, 188, 290, 171, 171, 171, 434, 339, 399, 53, 345, 345, 100, 497, 497, 497, 122, 285, 285, 285, 285, 285, 241, 431, 431, 139, 139, 139, 293, 175, 122, 216, 458, 192, 192, 180, 470, 403, 290, 290, 171, 434, 434, 434, 19, 19, 19, 19, 454, 454, 414, 414, 414, 414, 414, 414, 102, 414, 47, 47, 421, 380, 73, 244, 244, 321, 7, 7, 7, 309, 309, 309, 309, 398, 398, 360, 360, 360, 360, 360, 434, 434, 434, 434, 434, 434, 434, 434, 19, 19, 454, 454, 197, 197, 197, 197, 7, 321, 7, 219, 219, 219, 219, 451, 30, 30, 286, 286, 286, 468, 468, 468, 468, 467, 380, 180, 486, 315, 315, 315, 315, 315, 315, 315, 450, 450, 203, 203, 53, 250, 250, 250, 138, 138, 138, 345, 345, 387, 186, 186, 186, 349, 349, 234, 234, 234, 234, 261, 25, 25, 374, 374, 153, 153, 153, 182, 182, 98, 98, 98, 98, 197, 259, 259, 183, 183, 183, 257, 171, 171, 257, 422, 31, 31, 342, 342, 342, 342, 115, 273, 26, 359, 171, 171, 171, 171, 171, 171, 252, 422, 143, 478, 342, 342, 342, 115, 115, 273, 273, 486, 486, 486, 460, 460, 460, 169, 35, 35, 35, 441, 441, 100, 100, 424, 424, 182, 182, 182, 182, 182, 182, 182, 182, 182, 182, 375, 375, 98, 98, 98, 13, 13, 226, 321, 75, 437, 437, 437, 405, 405, 405, 206, 98, 98, 98, 98, 13, 13, 17, 83, 83, 403, 403, 403, 403, 403, 403, 403, 403, 403, 403, 403, 403, 403, 403, 403, 403, 403, 403, 403, 403, 403, 403, 403, 403, 403, 403, 403, 403, 403, 403, 403, 403, 403, 403, 403, 403, 403, 403, 403, 403, 403, 403, 403, 403, 403, 403, 403, 403, 403, 403, 403, 403, 403, 403, 403, 403, 403, 403, 403, 403, 403, 403, 403, 403, 403, 403, 403, 403, 403, 403, 403, 403, 403, 403, 403, 403, 403, 403, 403, 403, 403, 403, 403, 403, 403, 403, 403, 403, 403, 403, 403, 403, 403, 403, 403, 403, 403, 403, 403, 403, 403, 403, 403, 403, 403, 403, 403, 403, 403, 403, 403, 403, 403, 403, 403, 403, 403, 403, 403, 403, 403, 403, 403, 403, 403, 403, 403, 403, 403, 403, 403, 403, 403, 403, 403, 403, 403, 403, 403, 403, 403, 403, 403, 403, 403, 403, 403, 403, 403, 403, 403, 403, 403, 403, 403, 403, 403, 403, 403, 403, 403, 403, 403, 403, 403, 403, 403, 403, 403, 403, 403, 403, 403, 403, 403, 403, 403, 403, 403, 403, 403, 403, 403, 403, 403, 403, 403, 403, 403, 403, 403, 403, 403, 403, 403, 403, 403, 403, 403, 403, 403, 403, 403, 403, 403, 403, 403, 403, 403, 403, 403, 403, 403, 403, 403, 403, 403, 403, 403, 403, 403, 403, 403, 403, 403, 403, 403, 403, 403, 403, 403, 403, 403, 403, 403, 403, 403, 403, 403, 403, 403, 403, 403, 403, 403, 403, 403, 403, 403, 403, 403, 403, 403, 403, 403, 403, 403, 403, 403, 403, 403, 403, 403, 403, 403, 403, 403, 403, 403, 403, 403, 403, 403, 403, 403, 403, 403, 403, 403]

ep274
Train step Loss: [0.3158055543899536, 0.13689860701560974, 0.5036134719848633, 0.25494879484176636, 0.26170602440834045, 0.1585923582315445, 0.01037523802369833, 0.18050217628479004, 0.0652216300368309, 0.39168763160705566, 0.4595975875854492, 0.10494414716959, 0.258834570646286, 0.011225970461964607, 0.16309328377246857, 0.22836381196975708, 0.11797267198562622, 0.2760535180568695, 0.2535596489906311, 0.13621488213539124, 0.07326813787221909, 0.1871708482503891, 0.22190827131271362, 0.432727187871933, 0.011166917160153389, 0.09333077818155289, 0.2689254879951477, 0.27511879801750183, 0.4437841475009918, 0.5847777128219604, 0.27203160524368286, 0.27640441060066223, 0.15021485090255737, 0.06302954256534576, 0.09182824939489365, 0.010798799805343151, 0.3092074692249298, 0.32446277141571045, 0.20702838897705078, 0.24485085904598236, 0.11614077538251877, 0.23181208968162537, 0.103390172123909, 0.2519473731517792, 0.2763214409351349, 0.09502286463975906, 0.3661750555038452, 0.009976323693990707, 0.45633238554000854, 0.05770336464047432, 0.10108739137649536, 0.05517372488975525, 0.37743666768074036, 0.35646960139274597, 0.373426228761673, 0.14749771356582642, 0.11052704602479935, 0.1156620979309082, 0.01167480368167162, 0.543626070022583, 0.20800109207630157, 0.09384968131780624, 0.05086459591984749]
val step Loss: [0.7462766170501709, 0.5360543131828308, 0.1155327558517456, 0.46215787529945374, 0.7292203307151794, 0.27380937337875366, 0.5912900567054749, 0.6183034777641296, 0.7184683680534363, 0.7879864573478699, 0.6344027519226074, 1.1981052160263062, 0.4236587584018707, 0.05774873122572899, 0.5208137035369873, 0.5414318442344666]
Train step Accs: [0.9167498218104063, 0.9647964796479648, 0.8798030903869821, 0.9369232713942611, 0.9394182869998393, 0.9621576763485478, 0.999829960891005, 0.9543864370290636, 0.9859664351851852, 0.9226109344237468, 0.8853523871386814, 0.9755053858639516, 0.935312442734103, 0.9998532863849765, 0.9600057339449541, 0.94454770755886, 0.9723611111111111, 0.931653076352854, 0.9343624335192632, 0.967067764407853, 0.9833636599948011, 0.9563636363636364, 0.9461386739493248, 0.897109260166585, 0.9998519834221433, 0.9788002512562815, 0.9313620346254021, 0.9296525875738793, 0.8879579664867935, 0.8541633242419381, 0.9309432853364679, 0.9297793063915162, 0.9633566433566434, 0.9847152126892574, 0.9763073040796298, 0.9998264491496008, 0.9208180388044048, 0.9181019925700776, 0.9505849753694581, 0.936947182208744, 0.9717472118959107, 0.9444444444444444, 0.9739143777811876, 0.9354008860940403, 0.9283135636926251, 0.9772220452373367, 0.9115622849277357, 1.0, 0.8823444907340899, 0.9872425453427606, 0.9768950783351796, 0.9886770818403325, 0.9070117775951794, 0.9083601286173634, 0.9113344170237919, 0.9656855494749298, 0.9745050176295091, 0.9692905047652665, 1.0, 0.865584508044995, 0.9480205500151103, 0.9768720913834438, 0.989033189033189]
val step Accs: [0.8259820813232254, 0.8803815416344418, 0.9753823743627094, 0.8927136351459952, 0.832468374959455, 0.9358628139346475, 0.8605411057378121, 0.8530066815144766, 0.8362597547380156, 0.8124471979724022, 0.856159143075746, 0.7214436805922793, 0.9043467273186757, 0.9924544419134397, 0.8795180722891566, 0.8732031752842737]
Preds: [17, 17, 287, 284, 319, 319, 319, 319, 450, 413, 203, 76, 76, 349, 349, 234, 234, 234, 234, 261, 25, 25, 106, 499, 499, 265, 265, 480, 85, 85, 299, 299, 388, 388, 67, 219, 324, 246, 324, 324, 324, 422, 31, 162, 162, 232, 232, 172, 172, 115, 267, 267, 267, 267, 213, 213, 252, 3, 3, 14, 411, 188, 188, 443, 443, 120, 271, 271, 31, 31, 342, 232, 232, 86, 86, 238, 336, 336, 110, 110, 486, 486, 486, 486, 468, 468, 468, 468, 203, 379, 303, 394, 243, 76, 465, 478, 310, 107, 107, 107, 395, 395, 470, 286, 264, 264, 264, 264, 264, 264, 264, 207, 207, 207, 207, 454, 454, 454, 454, 414, 170, 170, 170, 170, 170, 170, 82, 28, 2, 2, 2, 2, 2, 2, 392, 244, 392, 63, 63, 244, 73, 73, 244, 321, 320, 320, 287, 287, 106, 481, 293, 293, 293, 497, 58, 58, 72, 437, 437, 284, 284, 426, 426, 319, 348, 348, 348, 348, 348, 195, 250, 250, 76, 32, 320, 7, 354, 109, 109, 104, 104, 104, 468, 467, 337, 337, 290, 290, 360, 328, 434, 434, 324, 464, 464, 464, 340, 340, 116, 94, 479, 331, 331, 331, 138, 138, 182, 182, 182, 497, 497, 497, 497, 98, 58, 441, 437, 437, 284, 284, 426, 426, 319, 319, 348, 348, 53, 381, 381, 334, 275, 452, 452, 98, 48, 414, 414, 170, 170, 170, 170, 392, 2, 244, 392, 392, 392, 392, 392, 392, 73, 73, 73, 321, 320, 7, 7, 7, 345, 109, 109, 346, 284, 376, 376, 460, 460, 169, 271, 150, 269, 323, 323, 224, 168, 494, 106, 153, 153, 153, 387, 349, 349, 349, 349, 349, 349, 234, 261, 25, 25, 148, 100, 302, 153, 53, 274, 274, 497, 98, 98, 197, 197, 197, 321, 321, 209, 287, 287, 287, 284, 284, 284, 315, 480, 480, 480, 480, 480, 480, 282, 282, 282, 282, 282, 282, 282, 388, 388, 94, 195, 195, 195, 250, 250, 250, 250, 473, 109, 109, 290, 290, 290, 290, 207, 464, 434, 434, 252, 143, 458, 131, 192, 34, 222, 222, 134, 134, 255, 349, 349, 349, 349, 155, 261, 25, 148, 148, 148, 148, 153, 182, 182, 182, 182, 387, 406, 134, 134, 134, 134, 302, 302, 375, 132, 98, 98, 98, 98, 13, 13, 78, 170, 170, 170, 170, 28, 187, 187, 187, 187, 163, 163, 392, 73, 244, 75, 373, 373, 205, 205, 261, 261, 25, 106, 106, 106, 106, 153, 153, 182, 182, 182, 182, 182, 182, 182, 182, 182, 182, 182, 345, 345, 274, 122, 122, 122, 36, 310, 310, 310, 107, 395, 395, 84, 84, 84, 84, 84, 274, 274, 98, 98, 193, 17, 83, 403, 403, 403, 403, 403, 403, 403, 403, 403, 403, 403, 403, 403, 403, 403, 403, 403, 403, 403, 403, 403, 403, 403, 403, 403, 403, 403, 403, 403, 403, 403, 403, 403, 403, 403, 403, 403, 403, 403, 403, 403, 403, 403, 403, 403, 403, 403, 403, 403, 403, 403, 403, 403, 403, 403, 403, 403, 403, 403, 403, 403, 403, 403, 403, 403, 403, 403, 403, 403, 403, 403, 403, 403, 403, 403, 403, 403, 403, 403, 403, 403, 403, 403, 403, 403, 403, 403, 403, 403, 403, 403, 403, 403, 403, 403, 403, 403, 403, 403, 403, 403, 403, 403, 403, 403, 403, 403, 403, 403, 403, 403, 403, 403, 403, 403, 403, 403, 403, 403, 403, 403, 403, 403, 403, 403, 403, 403, 403, 403, 403, 403, 403, 403, 403, 403, 403, 403, 403, 403, 403, 403, 403, 403, 403]

ep275
Train step Loss: [0.3024551570415497, 0.08496992290019989, 0.30683398246765137, 0.09060061722993851, 0.07332177460193634, 0.33467018604278564, 0.41297197341918945, 0.016178540885448456, 0.15774017572402954, 0.44457629323005676, 0.22712932527065277, 0.32794004678726196, 0.14544396102428436, 0.15242648124694824, 0.21898266673088074, 0.032174721360206604, 0.3435642421245575, 0.14715184271335602, 0.42306947708129883, 0.4110832214355469, 0.1787697821855545, 0.26092347502708435, 0.05447931960225105, 0.3963254988193512, 0.2687843441963196, 0.09302088618278503, 0.20672442018985748, 0.13202331960201263, 0.05653899535536766, 0.028802666813135147, 0.1228373721241951, 0.2227136641740799, 0.19030047953128815, 0.2839570641517639, 0.19683267176151276, 0.36209726333618164, 0.42865273356437683, 0.1587163358926773, 0.12426113337278366, 0.1497819572687149, 0.14240628480911255, 0.19542033970355988, 0.2574101686477661, 0.3413870334625244, 0.16484400629997253, 0.1565457433462143, 0.10535667836666107, 0.36991366744041443, 0.016914939507842064, 0.5022177696228027, 0.37333688139915466, 0.28808069229125977, 0.15014834702014923, 0.011489649303257465, 0.274868905544281, 0.01266650389879942, 0.07449140399694443, 0.15481795370578766, 0.3772996664047241, 0.23442313075065613, 0.18153467774391174, 0.22598525881767273, 0.13816849887371063]
val step Loss: [0.46932724118232727, 0.37157562375068665, 0.37729141116142273, 0.5964816212654114, 0.49694693088531494, 0.646321713924408, 0.28597718477249146, 0.4894883632659912, 0.9267032742500305, 0.5655655860900879, 0.5499781966209412, 1.073634147644043, 0.6094364523887634, 0.442159503698349, 0.3903805911540985, 0.6700178980827332]
Train step Accs: [0.922332537388463, 0.9795238887964042, 0.9193262411347518, 0.9789903264812576, 0.9835722819593787, 0.9151009046624913, 0.8975702022406519, 0.998716119828816, 0.9597744933719335, 0.9036866359447004, 0.9447497830488863, 0.9189612015018773, 0.9641440341776014, 0.9602039138299622, 0.9467818682694715, 0.9941021263386621, 0.9138866064092029, 0.9640322580645161, 0.8908181691901653, 0.8986922955727115, 0.95868001692286, 0.9394599303135889, 0.9876749847839318, 0.9018584936419954, 0.9339729119638827, 0.9777942264988897, 0.9489984372780225, 0.9677767291357692, 0.9885899182561307, 0.9948236816564219, 0.9711350929658041, 0.9460269865067467, 0.951708341286505, 0.9251537423128844, 0.9526888503390633, 0.9094333936106088, 0.8891352549889135, 0.9600061059380247, 0.9719547928003349, 0.9661926871735346, 0.9668679134148137, 0.9522170201046544, 0.9381443298969072, 0.911452184179457, 0.9575837163493106, 0.9628608923884514, 0.9759450171821306, 0.9029646238166418, 0.9984367672346413, 0.8918719575158578, 0.9058230318802862, 0.9280463669776647, 0.9631969673037435, 0.9996954469316278, 0.9280032358096265, 0.999700733203651, 0.9823762667058306, 0.962054794520548, 0.9118627918056217, 0.9421135646687697, 0.9507460524409677, 0.9427615357520254, 0.9676966292134831]
val step Accs: [0.8912374581939799, 0.9196712619300106, 0.9172080165860401, 0.8632953598221729, 0.8844652615144418, 0.8535601764335223, 0.9348260695721712, 0.8872451019592164, 0.7850138295197385, 0.8640888208269525, 0.8737647433854001, 0.7545842753077117, 0.8548474945533769, 0.8938805970149254, 0.9100755308536411, 0.8399616674652611]
Preds: [17, 17, 17, 145, 284, 284, 284, 450, 450, 450, 43, 43, 43, 43, 276, 276, 153, 153, 138, 182, 182, 182, 182, 182, 182, 182, 98, 98, 98, 98, 98, 197, 226, 226, 226, 209, 287, 287, 110, 145, 111, 111, 322, 322, 67, 10, 10, 479, 398, 398, 398, 301, 399, 43, 43, 250, 138, 138, 138, 153, 387, 387, 109, 146, 146, 324, 324, 422, 99, 99, 338, 338, 338, 338, 338, 338, 395, 395, 395, 278, 278, 278, 374, 378, 416, 8, 259, 208, 100, 100, 100, 375, 122, 122, 122, 233, 82, 75, 75, 66, 68, 68, 68, 224, 25, 267, 444, 448, 324, 464, 464, 58, 315, 486, 319, 319, 72, 72, 203, 7, 364, 276, 276, 276, 276, 153, 153, 182, 182, 182, 182, 375, 98, 98, 98, 98, 426, 426, 282, 282, 59, 282, 282, 282, 413, 413, 413, 303, 413, 303, 303, 303, 303, 303, 309, 309, 479, 479, 331, 331, 106, 481, 481, 481, 481, 182, 387, 293, 375, 98, 263, 263, 263, 78, 170, 170, 170, 170, 170, 392, 392, 392, 392, 392, 392, 392, 392, 63, 63, 63, 63, 63, 63, 63, 63, 63, 63, 63, 392, 392, 392, 392, 244, 244, 289, 289, 321, 7, 7, 420, 324, 324, 324, 464, 464, 464, 110, 486, 486, 460, 460, 169, 349, 349, 234, 234, 234, 234, 261, 25, 25, 485, 324, 324, 324, 464, 464, 464, 139, 139, 426, 426, 426, 413, 348, 10, 10, 473, 398, 398, 340, 340, 116, 94, 199, 302, 88, 274, 122, 122, 129, 129, 75, 342, 68, 115, 273, 273, 151, 151, 151, 240, 215, 35, 129, 259, 354, 354, 420, 286, 286, 286, 286, 374, 374, 374, 374, 374, 246, 246, 246, 477, 132, 132, 132, 375, 375, 375, 98, 98, 98, 13, 401, 82, 401, 321, 75, 208, 208, 441, 437, 437, 437, 481, 481, 375, 375, 98, 98, 98, 263, 13, 193, 17, 83, 403, 403, 403, 403, 403, 403, 403, 403, 403, 403, 403, 403, 403, 403, 403, 403, 403, 403, 403, 403, 403, 403, 403, 403, 403, 403, 403, 403, 403, 403, 403, 403, 403, 403, 403, 403, 403, 403, 403, 403, 403, 403, 403, 403, 403, 403, 403, 403, 403, 403, 403, 403, 403, 403, 403, 403, 403, 403, 403, 403, 403, 403, 403, 403, 403, 403, 403, 403, 403, 403, 403, 403, 403, 403, 403, 403, 403, 403, 403, 403, 403, 403, 403, 403, 403, 403, 403, 403, 403, 403, 403, 403, 403, 403, 403, 403, 403, 403, 403, 403, 403, 403, 403, 403, 403, 403, 403, 403, 403, 403, 403, 403, 403, 403, 403, 403, 403, 403, 403, 403, 403, 403, 403, 403, 403, 403, 403, 403, 403, 403, 403, 403, 403, 403, 403, 403, 403, 403, 403, 403, 403, 403, 403, 403, 403, 403, 403, 403, 403, 403, 403, 403, 403, 403, 403, 403, 403, 403, 403, 403, 403, 403, 403, 403, 403, 403, 403, 403, 403, 403, 403, 403, 403, 403, 403, 403, 403, 403, 403, 403, 403, 403, 403, 403, 403, 403, 403, 403, 403, 403, 403, 403, 403, 403, 403, 403, 403, 403, 403, 403, 403, 403, 403, 403, 403, 403, 403, 403, 403, 403, 403, 403, 403, 403, 403, 403, 403, 403, 403, 403, 403, 403, 403, 403, 403, 403, 403, 403, 403, 403, 403, 403, 403, 403, 403, 403, 403, 403, 403, 403, 403, 403, 403, 403, 403, 403, 403, 403, 403, 403, 403, 403, 403, 403, 403, 403, 403, 403, 403, 403, 403, 403, 403, 403, 403, 403, 403, 403, 403, 403, 403, 403, 403, 403, 403]

ep276
Train step Loss: [0.22707366943359375, 0.6288139224052429, 0.19015629589557648, 0.1672474443912506, 0.1286318153142929, 0.03437832370400429, 0.6894237995147705, 0.1507517695426941, 0.31551530957221985, 0.0726846307516098, 0.16821728646755219, 0.1113935112953186, 0.2770495116710663, 0.15512508153915405, 0.10208503901958466, 0.13401266932487488, 0.010746078565716743, 0.368354469537735, 0.2507885694503784, 0.25665634870529175, 0.3021230399608612, 0.16571205854415894, 0.12513233721256256, 0.036923717707395554, 0.11412409693002701, 0.37175318598747253, 0.26090162992477417, 0.14519065618515015, 0.21462330222129822, 0.2838594615459442, 0.05379004776477814, 0.16136714816093445, 0.01158955879509449, 0.2683958411216736, 0.01456355955451727, 0.2378947138786316, 0.12042959034442902, 0.3085807263851166, 0.012230277992784977, 0.020064176991581917, 0.23214708268642426, 0.22398698329925537, 0.14747892320156097, 0.025454474613070488, 0.1682419627904892, 0.40241602063179016, 0.09513192623853683, 0.11653883755207062, 0.13469168543815613, 0.14248283207416534, 0.21204067766666412, 0.1185682937502861, 0.22073380649089813, 0.3263883888721466, 0.4671775698661804, 0.8772484064102173, 0.09455976635217667, 0.07984836399555206, 0.15960685908794403, 0.1209748238325119, 0.274148553609848, 0.011170722544193268, 0.013903114944696426]
val step Loss: [0.27831900119781494, 0.32255929708480835, 0.40074288845062256, 0.24864982068538666, 0.33195894956588745, 0.6097080707550049, 0.5000717043876648, 0.661894679069519, 0.9446054100990295, 0.685282289981842, 0.8677663207054138, 0.8704558610916138, 0.9568873047828674, 0.4657043516635895, 0.43353354930877686, 0.2994527816772461]
Train step Accs: [0.9427853753837566, 0.8465140478668054, 0.9570967245886514, 0.9604285467426992, 0.9668260176734753, 0.9933307682441965, 0.840063227475212, 0.9610632183908046, 0.9198239270554944, 0.981786643538595, 0.9589626239511823, 0.9721229449606862, 0.929384965831435, 0.9610224544555853, 0.9748633879781421, 0.9673074224779009, 1.0, 0.9051032110091743, 0.9338111941436633, 0.9335553441167143, 0.9250741839762612, 0.9572301425661914, 0.9698101927962935, 0.9929703858809452, 0.9721733004579077, 0.9055246368942582, 0.9336367640581412, 0.9643789344388147, 0.9446195407474111, 0.9267469879518072, 0.9893846409023055, 0.9587385794282346, 1.0, 0.9303521962801741, 0.9995241871530531, 0.9379111842105263, 0.9720996216897856, 0.92014440433213, 0.9998527679623086, 0.997613721103654, 0.9450820862995787, 0.9450072358900145, 0.9665924276169265, 0.9961434080845594, 0.9602749140893471, 0.896031858910539, 0.9800732600732601, 0.9715221415349565, 0.967391304347826, 0.9684542586750788, 0.9466645689112649, 0.9713240673006583, 0.9443339960238568, 0.9180505975477262, 0.8827668812696512, 0.7892954811824456, 0.9785863790049911, 0.9837064108420892, 0.9605693950177936, 0.9717914438502674, 0.9297817127156159, 1.0, 0.9993751952514839]
val step Accs: [0.9350615344330977, 0.925071263743722, 0.9101489175322237, 0.9410357444413172, 0.9240218987848845, 0.859589525831564, 0.8797012536676447, 0.8443089969524314, 0.7700715679895901, 0.8435699399288954, 0.8088962108731467, 0.8019476246874588, 0.7686227224008575, 0.9033643521832498, 0.8953981723237598, 0.9345169471985243]
Preds: [17, 188, 324, 324, 422, 143, 143, 14, 14, 209, 287, 145, 145, 111, 111, 85, 85, 146, 146, 438, 438, 335, 14, 14, 14, 287, 145, 145, 145, 486, 265, 428, 85, 85, 85, 207, 207, 207, 19, 19, 454, 454, 454, 454, 414, 56, 56, 170, 170, 312, 187, 187, 187, 187, 1, 1, 1, 1, 1, 408, 408, 391, 391, 391, 228, 73, 73, 321, 321, 287, 287, 287, 287, 284, 284, 284, 284, 284, 426, 284, 450, 450, 450, 450, 450, 293, 293, 98, 169, 349, 349, 349, 234, 234, 234, 234, 261, 25, 25, 106, 346, 426, 426, 480, 85, 85, 85, 299, 330, 330, 388, 388, 116, 309, 398, 398, 398, 398, 464, 464, 464, 330, 330, 139, 139, 315, 319, 319, 450, 450, 450, 450, 413, 413, 43, 43, 43, 276, 276, 174, 174, 174, 284, 284, 284, 355, 355, 355, 355, 426, 426, 450, 450, 293, 293, 43, 43, 43, 276, 276, 346, 346, 346, 428, 428, 85, 146, 285, 285, 285, 285, 285, 285, 337, 337, 324, 324, 422, 422, 31, 162, 232, 232, 172, 172, 115, 115, 267, 267, 267, 267, 213, 3, 3, 3, 14, 188, 188, 464, 120, 120, 120, 271, 271, 271, 31, 162, 232, 232, 232, 232, 172, 172, 115, 115, 273, 273, 273, 273, 84, 84, 84, 84, 355, 355, 355, 452, 452, 452, 263, 48, 48, 414, 414, 170, 170, 170, 170, 170, 244, 28, 2, 2, 2, 2, 2, 63, 63, 2, 63, 63, 63, 63, 63, 63, 63, 63, 63, 63, 244, 63, 244, 73, 320, 249, 441, 441, 441, 441, 441, 153, 153, 424, 497, 497, 497, 122, 122, 216, 198, 127, 371, 114, 180, 443, 443, 486, 486, 460, 240, 240, 285, 285, 285, 285, 300, 134, 134, 134, 88, 42, 42, 42, 147, 147, 380, 380, 288, 288, 288, 213, 213, 213, 246, 246, 246, 246, 246, 246, 246, 246, 19, 19, 19, 454, 454, 454, 414, 414, 170, 170, 170, 170, 170, 28, 28, 28, 28, 2, 2, 244, 2, 63, 244, 63, 63, 63, 63, 63, 63, 63, 63, 63, 63, 63, 435, 63, 63, 63, 163, 244, 63, 63, 63, 63, 73, 73, 244, 73, 321, 7, 7, 7, 7, 7, 7, 398, 398, 374, 374, 374, 374, 374, 378, 378, 378, 43, 43, 276, 276, 276, 346, 346, 346, 284, 284, 284, 405, 405, 405, 206, 206, 206, 206, 206, 206, 98, 167, 197, 197, 226, 321, 75, 287, 287, 287, 287, 284, 284, 284, 284, 284, 284, 284, 426, 426, 426, 426, 426, 426, 426, 450, 450, 282, 413, 388, 94, 94, 94, 199, 467, 337, 337, 337, 207, 207, 207, 464, 464, 464, 468, 467, 467, 467, 467, 313, 200, 375, 76, 76, 465, 349, 393, 155, 155, 155, 441, 441, 148, 148, 153, 153, 153, 182, 182, 182, 182, 182, 182, 132, 88, 88, 88, 182, 497, 497, 497, 43, 399, 70, 70, 70, 65, 65, 46, 46, 46, 46, 146, 146, 146, 464, 464, 464, 324, 324, 464, 464, 286, 468, 406, 406, 406, 359, 324, 464, 464, 464, 355, 355, 355, 355, 263, 263, 17, 83, 403, 403, 403, 403, 403, 403, 403, 403, 403, 403, 403, 403, 403, 403, 403, 403, 403, 403, 403, 403, 403, 403, 403, 403, 403, 403, 403, 403, 403, 403, 403, 403, 403, 403, 403, 403, 403, 403, 403, 403, 403, 403, 403, 403, 403, 403, 403, 403, 403, 403, 403, 403, 403, 403, 403, 403, 403, 403, 403, 403, 403, 403, 403, 403, 403, 403, 403, 403, 403, 403, 403, 403, 403, 403]

ep277
Train step Loss: [0.21088069677352905, 0.0771690160036087, 0.1909838318824768, 0.45090189576148987, 0.49720826745033264, 0.21492792665958405, 0.08289987593889236, 0.30216240882873535, 0.17621520161628723, 0.253324031829834, 0.04349357634782791, 0.24391813576221466, 0.103892020881176, 0.16717571020126343, 0.22112973034381866, 0.11864088475704193, 0.44093677401542664, 0.04596010595560074, 0.2615407407283783, 0.079454705119133, 0.45025721192359924, 0.01454436220228672, 0.0929558277130127, 0.32722270488739014, 0.05615120753645897, 0.4324245750904083, 0.056766338646411896, 0.17469680309295654, 0.2279231995344162, 0.010029599070549011, 0.18382567167282104, 0.2804923355579376, 0.6149241924285889, 0.3725612163543701, 0.09413192421197891, 0.13119147717952728, 0.0531989224255085, 0.2681179642677307, 0.14962367713451385, 0.17577914893627167, 0.010349644348025322, 0.4772948920726776, 0.2863754332065582, 0.16751621663570404, 0.16314519941806793, 0.013058521784842014, 0.012099129147827625, 0.0818629190325737, 0.7603484392166138, 0.451894611120224, 0.13622170686721802, 0.16464439034461975, 0.18615520000457764, 0.3131466507911682, 0.43708762526512146, 0.1767740100622177, 0.23821817338466644, 0.13426409661769867, 0.20226263999938965, 0.06047755479812622, 0.010908231139183044, 0.46989452838897705, 0.31943103671073914]
val step Loss: [0.8291926980018616, 0.3797292113304138, 0.7755191326141357, 0.4716595411300659, 0.6603660583496094, 0.5314061045646667, 0.3233861029148102, 0.5748872756958008, 0.3274178206920624, 0.8686379790306091, 0.18482045829296112, 0.797147274017334, 0.589230477809906, 0.4925763010978699, 0.6226634383201599, 0.9080091118812561]
Train step Accs: [0.9450530342549122, 0.9809941520467836, 0.9540264880499315, 0.8892708780976938, 0.8918479064950436, 0.9481665288116901, 0.9821157926644438, 0.9217859892224788, 0.9587123862841148, 0.9403837006500714, 0.9908753920729969, 0.9372141372141373, 0.9772234273318872, 0.9572838415083222, 0.9425151275980005, 0.9708696875879539, 0.8856684755796744, 0.9904341427520236, 0.9317299260929475, 0.9838759213759214, 0.8876873165456511, 0.9990095741168703, 0.9787777031564808, 0.916625956684579, 0.9889041095890411, 0.8907000686341798, 0.9881346578366446, 0.956395769955092, 0.9437919463087249, 1.0, 0.9530181818181818, 0.9262442811590185, 0.8420566502463054, 0.9075109566268702, 0.9776438877437768, 0.9698928121059268, 0.9886628358440752, 0.9345238095238095, 0.9616497829232996, 0.9576140830627243, 1.0, 0.8799750273138754, 0.9315673289183223, 0.9588589449541285, 0.9585740453712837, 0.9996984773104176, 0.9996529585285442, 0.9819694868238558, 0.8027849250794612, 0.8875482025127504, 0.9658167553936677, 0.9583868894601543, 0.953241537578887, 0.9181114551083591, 0.9045952525867316, 0.9545810493343775, 0.9426058437686344, 0.9661068702290077, 0.9492236676458246, 0.9856325847398522, 0.9998232903339813, 0.881437428824497, 0.9182389937106918]
val step Accs: [0.7974033385647026, 0.9204865556978233, 0.8177686556223428, 0.8926021136818052, 0.8451159522136331, 0.8685612788632326, 0.9240719910011248, 0.8707060463937127, 0.9243174603174603, 0.796801872074883, 0.9637744668419514, 0.8154334621755936, 0.8610112936344969, 0.8915350444225074, 0.8592067244549514, 0.7909422622880447]
Preds: [17, 17, 17, 309, 309, 309, 473, 398, 324, 324, 434, 301, 339, 8, 8, 259, 354, 354, 420, 213, 213, 213, 324, 19, 19, 19, 454, 454, 454, 439, 78, 170, 170, 170, 170, 392, 237, 237, 237, 237, 237, 237, 237, 28, 244, 244, 244, 28, 63, 392, 63, 63, 63, 63, 63, 63, 63, 63, 63, 63, 63, 63, 63, 63, 63, 63, 63, 63, 63, 63, 63, 63, 63, 63, 63, 63, 63, 63, 63, 392, 244, 289, 289, 289, 287, 287, 287, 284, 284, 284, 284, 111, 85, 240, 240, 240, 314, 314, 243, 197, 414, 414, 414, 414, 47, 392, 392, 244, 80, 102, 321, 102, 102, 102, 102, 320, 320, 479, 331, 331, 307, 307, 61, 61, 167, 167, 457, 35, 401, 7, 196, 479, 473, 65, 429, 360, 171, 171, 171, 171, 171, 246, 3, 19, 3, 3, 197, 226, 320, 188, 188, 188, 340, 203, 399, 70, 70, 70, 138, 65, 174, 319, 319, 240, 251, 251, 241, 431, 443, 486, 486, 264, 264, 468, 468, 443, 443, 240, 271, 150, 150, 35, 342, 68, 68, 224, 26, 26, 494, 444, 448, 324, 324, 324, 464, 464, 464, 464, 459, 50, 271, 143, 458, 96, 96, 66, 68, 68, 68, 261, 25, 25, 106, 499, 284, 284, 306, 306, 306, 85, 59, 59, 452, 452, 48, 414, 170, 82, 170, 392, 392, 392, 392, 392, 392, 392, 392, 392, 392, 73, 289, 320, 320, 345, 345, 345, 132, 122, 236, 32, 32, 239, 259, 75, 371, 180, 180, 319, 319, 319, 319, 240, 388, 64, 64, 199, 374, 132, 132, 132, 132, 132, 359, 325, 34, 444, 324, 324, 324, 246, 246, 246, 246, 246, 246, 3, 3, 14, 14, 440, 440, 287, 284, 284, 265, 306, 85, 85, 59, 59, 59, 59, 59, 406, 42, 42, 147, 147, 147, 337, 41, 324, 324, 324, 301, 301, 8, 32, 32, 259, 259, 354, 354, 284, 284, 265, 376, 460, 17, 403, 403, 403, 403, 403, 403, 403, 403, 403, 403, 403, 403, 403, 403, 403, 403, 403, 403, 403, 403, 403, 403, 403, 403, 403, 403, 403, 403, 403, 403, 403, 403, 403, 403, 403, 403, 403, 403, 403, 403, 403, 403, 403, 403, 403, 403, 403, 403, 403, 403, 403, 403, 403, 403, 403, 403, 403, 403, 403, 403, 403, 403, 403, 403, 403, 403, 403, 403, 403, 403, 403, 403, 403, 403, 403, 403, 403, 403, 403, 403, 403, 403, 403, 403, 403, 403, 403, 403, 403, 403, 403, 403, 403, 403, 403, 403, 403, 403, 403, 403, 403, 403, 403, 403, 403, 403, 403, 403, 403, 403, 403, 403, 403, 403, 403, 403, 403, 403, 403, 403, 403, 403, 403, 403, 403, 403, 403, 403, 403, 403, 403, 403, 403, 403, 403, 403, 403, 403, 403, 403, 403, 403, 403, 403, 403, 403, 403, 403, 403, 403, 403, 403, 403, 403, 403, 403, 403, 403, 403, 403, 403, 403, 403, 403, 403, 403, 403, 403, 403, 403, 403, 403, 403, 403, 403, 403, 403, 403, 403, 403, 403, 403, 403, 403, 403, 403, 403, 403, 403, 403, 403, 403, 403, 403, 403, 403, 403, 403, 403, 403, 403, 403, 403, 403, 403, 403, 403, 403, 403, 403, 403, 403, 403, 403, 403, 403, 403, 403, 403, 403, 403, 403, 403, 403, 403, 403, 403, 403, 403, 403, 403, 403, 403, 403, 403, 403, 403, 403, 403, 403, 403, 403, 403, 403, 403, 403, 403, 403, 403, 403, 403, 403, 403, 403, 403, 403, 403, 403, 403, 403, 403, 403, 403, 403, 403, 403, 403, 403, 403, 403, 403]

ep278
Train step Loss: [0.27242007851600647, 0.05822926014661789, 0.32425814867019653, 0.11914928257465363, 0.25485238432884216, 0.12032884359359741, 0.48136916756629944, 0.22370748221874237, 0.08450771123170853, 0.08651988208293915, 0.33557072281837463, 0.08748654276132584, 0.04491471126675606, 0.37350431084632874, 0.012368718162178993, 0.11694885045289993, 0.1646805852651596, 0.2374497503042221, 0.18135428428649902, 0.21783657371997833, 0.15307945013046265, 0.05868574231863022, 0.11573534458875656, 0.011637400835752487, 0.4739716351032257, 0.3283947706222534, 0.3017416298389435, 0.07756472378969193, 0.1575419008731842, 0.010418779216706753, 0.010663088411092758, 0.4179408550262451, 0.5511438846588135, 0.2920854687690735, 0.12905165553092957, 0.3185129463672638, 0.12848065793514252, 0.40407830476760864, 0.3313157260417938, 0.20769932866096497, 0.17791733145713806, 0.46818414330482483, 0.059360943734645844, 0.3163629472255707, 0.06774599850177765, 0.23555591702461243, 0.011653287336230278, 0.3950529098510742, 0.22809769213199615, 0.32695260643959045, 0.49079808592796326, 0.11933814734220505, 0.3287854492664337, 0.08105380833148956, 0.166724294424057, 0.08490664511919022, 0.22088362276554108, 0.18436866998672485, 0.2106115221977234, 0.2056276649236679, 0.23769715428352356, 0.12794779241085052, 0.2707653045654297]
val step Loss: [0.5893850922584534, 0.5553864240646362, 0.592033863067627, 0.5325204730033875, 0.45029547810554504, 0.6732726693153381, 0.8345395922660828, 0.24378985166549683, 0.9095295667648315, 0.6412748694419861, 0.19055141508579254, 0.6350853443145752, 1.036659836769104, 0.28682518005371094, 0.7187834978103638, 0.10479369014501572]
Train step Accs: [0.9355882352941176, 0.9880636604774535, 0.9233884029802397, 0.9700147468458136, 0.9337171538234426, 0.970389914980944, 0.8824107033263778, 0.9424646883503952, 0.9796803034408019, 0.9824504910642409, 0.9147320776755731, 0.9801628423390082, 0.9906836964688205, 0.9024486054733534, 0.9998514998514999, 0.9727152706469121, 0.9618104667609618, 0.9432367149758454, 0.9544634180202693, 0.9436682520808561, 0.9641232289093982, 0.9866162350887402, 0.9736806947227789, 0.9998492386552088, 0.8738377685155498, 0.9140893470790378, 0.9219559585492227, 0.9814672997396232, 0.9599832682654769, 0.9998270793705689, 1.0, 0.8933353621424224, 0.860204081632653, 0.9243356853325326, 0.9675886645172238, 0.9193737196371086, 0.968609865470852, 0.9113503455608719, 0.9141007194244605, 0.9500172950536147, 0.9537909376401974, 0.8822585351619492, 0.9863636363636363, 0.916797762628911, 0.9854153455928979, 0.9427406199021208, 0.9998506124887959, 0.8978043912175648, 0.9409104612601749, 0.9136615292533293, 0.8973786118558237, 0.9712155366741807, 0.9204658901830283, 0.9797716150081566, 0.9571784232365145, 0.980246913580247, 0.9473612622415669, 0.955227677435767, 0.9470664928292047, 0.9477221807318895, 0.9422344154854443, 0.9696185286103542, 0.9307997731140102]
val step Accs: [0.8693830371333622, 0.8787081339712919, 0.8643998361327325, 0.8759620318111853, 0.8950168699714508, 0.8392878338278932, 0.7996117664625952, 0.9439474419904949, 0.7808474313208132, 0.8472447325769854, 0.9567496723460026, 0.8444796771403863, 0.7499351827845476, 0.9398042414355628, 0.85001833516685, 0.9778663125276671]
Preds: [17, 17, 296, 217, 479, 331, 360, 360, 360, 360, 143, 465, 458, 458, 458, 192, 445, 351, 351, 351, 432, 432, 330, 330, 330, 434, 434, 434, 200, 219, 219, 219, 19, 19, 19, 19, 19, 19, 454, 454, 102, 102, 102, 102, 102, 102, 170, 82, 170, 102, 392, 392, 392, 63, 63, 63, 63, 63, 63, 63, 63, 63, 73, 244, 289, 320, 321, 7, 7, 309, 479, 479, 398, 324, 177, 143, 143, 129, 401, 401, 196, 196, 70, 65, 46, 46, 46, 46, 146, 438, 285, 251, 81, 324, 191, 191, 191, 251, 314, 10, 241, 241, 241, 241, 431, 106, 106, 153, 153, 153, 182, 182, 182, 182, 182, 182, 497, 122, 129, 259, 259, 208, 345, 100, 375, 122, 129, 129, 36, 36, 449, 494, 377, 87, 490, 236, 236, 129, 401, 20, 74, 106, 106, 494, 106, 387, 387, 206, 206, 206, 35, 35, 401, 401, 401, 354, 219, 219, 109, 109, 278, 278, 207, 207, 207, 207, 207, 207, 207, 207, 207, 207, 454, 229, 414, 170, 170, 170, 170, 392, 392, 392, 392, 392, 392, 392, 63, 63, 63, 63, 63, 63, 63, 392, 392, 73, 244, 7, 287, 287, 460, 460, 460, 284, 284, 43, 43, 35, 81, 109, 109, 153, 387, 387, 387, 387, 122, 337, 146, 207, 207, 207, 207, 246, 246, 454, 454, 143, 338, 338, 338, 338, 338, 338, 400, 400, 400, 324, 324, 324, 286, 464, 464, 355, 355, 31, 31, 99, 338, 338, 338, 338, 338, 400, 400, 400, 324, 374, 286, 464, 313, 10, 10, 398, 398, 398, 331, 331, 106, 481, 481, 284, 206, 206, 450, 450, 375, 375, 375, 98, 413, 413, 37, 303, 243, 32, 384, 478, 107, 395, 395, 374, 374, 355, 264, 264, 264, 406, 302, 387, 387, 98, 98, 98, 98, 98, 98, 13, 170, 170, 75, 188, 441, 287, 98, 481, 98, 98, 98, 13, 13, 170, 392, 392, 392, 392, 392, 63, 63, 63, 63, 63, 63, 63, 63, 63, 63, 63, 63, 63, 63, 63, 63, 63, 63, 63, 63, 63, 63, 63, 63, 63, 63, 73, 73, 7, 66, 7, 287, 284, 284, 284, 284, 284, 111, 111, 314, 94, 10, 10, 251, 241, 331, 331, 398, 331, 443, 324, 301, 301, 324, 324, 246, 246, 246, 246, 246, 246, 246, 246, 143, 99, 338, 338, 338, 338, 338, 400, 400, 400, 219, 374, 477, 374, 132, 132, 132, 132, 88, 88, 375, 375, 387, 8, 8, 122, 259, 259, 354, 354, 354, 354, 106, 106, 213, 213, 213, 213, 3, 143, 458, 259, 208, 75, 321, 354, 25, 106, 213, 325, 325, 34, 41, 19, 19, 3, 19, 454, 32, 32, 384, 384, 384, 213, 213, 213, 180, 443, 171, 171, 416, 458, 208, 445, 213, 213, 464, 355, 240, 240, 240, 239, 239, 259, 20, 20, 74, 420, 213, 213, 213, 213, 246, 246, 303, 442, 303, 117, 170, 170, 392, 82, 392, 392, 392, 392, 392, 392, 392, 392, 392, 289, 7, 7, 7, 127, 213, 213, 213, 213, 246, 246, 246, 246, 454, 229, 170, 197, 197, 197, 32, 32, 32, 32, 354, 107, 395, 374, 374, 374, 264, 264, 443, 120, 120, 240, 35, 35, 32, 401, 32, 354, 196, 473, 443, 171, 171, 324, 324, 324, 143, 24, 371, 107, 395, 395, 213, 213, 213, 213, 213, 19, 454, 229, 17, 17, 219, 278, 278, 278, 403, 403, 403, 403, 403, 403, 403, 403, 403, 403, 403, 403, 403, 403, 403, 403, 403, 403, 403, 403, 403, 403, 403, 403, 403, 403, 403, 403, 403, 403]

ep279
Train step Loss: [0.020150672644376755, 0.3075003921985626, 0.12638163566589355, 0.2127082794904709, 0.18040364980697632, 0.26794669032096863, 0.23691773414611816, 0.25496411323547363, 0.24142922461032867, 0.45189860463142395, 0.1982753872871399, 0.20469550788402557, 0.1601763218641281, 0.25543227791786194, 0.33419203758239746, 0.397693932056427, 0.16531206667423248, 0.06594762951135635, 0.22356687486171722, 0.24269531667232513, 0.11107838898897171, 0.3057418167591095, 0.39272966980934143, 0.24487073719501495, 0.1703166961669922, 0.06830260157585144, 0.014491444453597069, 0.10503695160150528, 0.2093387097120285, 0.01213898602873087, 0.009979248978197575, 0.14491647481918335, 0.17890313267707825, 0.09636440128087997, 0.2087319940328598, 0.25889334082603455, 0.13999119400978088, 0.22128506004810333, 0.016639241948723793, 0.15759393572807312, 0.51174396276474, 0.3171289265155792, 0.07487794756889343, 0.20940129458904266, 0.602974534034729, 0.29683876037597656, 0.23074518144130707, 0.20514871180057526, 0.41354551911354065, 0.08434191346168518, 0.051243193447589874, 0.01088168565183878, 0.29602888226509094, 0.13131007552146912, 0.24280793964862823, 0.5112752318382263, 0.21534496545791626, 0.11107674241065979, 0.2954464852809906, 0.2647866904735565, 0.4087153375148773, 0.08742118626832962, 0.5821382999420166]
val step Loss: [0.22144773602485657, 0.9712793231010437, 0.7115601897239685, 0.6176763772964478, 0.4681186079978943, 0.4283643066883087, 0.6080076098442078, 0.892037034034729, 0.37813451886177063, 0.6512609124183655, 0.40875867009162903, 0.9580212831497192, 0.18351636826992035, 0.6657912135124207, 0.6394323110580444, 0.34943607449531555]
Train step Accs: [0.9977353149327671, 0.918359166221272, 0.9697472026523001, 0.9462816100553644, 0.9582320125876126, 0.9306870229007633, 0.939488551888195, 0.9330087306917394, 0.9404927940492794, 0.8862881086548187, 0.9514043691484618, 0.9459082455052696, 0.9617176128093159, 0.9383749458796363, 0.9137591446257738, 0.8950293300401359, 0.9584095824322076, 0.9836516424751719, 0.9446116797110174, 0.9505783385909569, 0.9731869963878855, 0.9210341435998314, 0.9205502526670409, 0.9383054565396216, 0.9605531981769605, 0.9837280489769615, 0.999314411079117, 0.9740444951511694, 0.9484139205420388, 0.9998609179415855, 1.0, 0.9646133682830931, 0.9563120981881941, 0.9767851424911944, 0.9471053727613494, 0.9338377334191886, 0.9646395626921763, 0.9464627151051626, 0.9983530961791831, 0.9613090686649335, 0.8873509056103667, 0.9185303514376997, 0.9842753931151721, 0.9441528730991792, 0.8533010813887308, 0.926309645410769, 0.9418380938286222, 0.9490120215558934, 0.8940709136383699, 0.9795081967213115, 0.9900908340214699, 0.9998465551634188, 0.9247282234759874, 0.9680316638757802, 0.9385491169172384, 0.8801364300795842, 0.947787610619469, 0.9742088607594936, 0.9235739048219351, 0.935672514619883, 0.8961466165413534, 0.9802360691737579, 0.8411646007494955]
val step Accs: [0.9512264689104393, 0.769864777849324, 0.8285753312389018, 0.8621903153153153, 0.8897338403041825, 0.8987133862578702, 0.8524617711309024, 0.8103785103785104, 0.9124931205283434, 0.8521038744618803, 0.9039947609692207, 0.7727401129943503, 0.9623274897426334, 0.844589889987467, 0.8439745153856582, 0.9177361666316011]
Preds: [17, 17, 30, 324, 422, 143, 164, 164, 164, 14, 287, 287, 145, 111, 111, 111, 330, 438, 438, 335, 14, 14, 14, 411, 287, 145, 145, 486, 486, 428, 85, 85, 299, 207, 207, 19, 19, 454, 454, 454, 56, 56, 56, 170, 312, 312, 187, 187, 187, 1, 1, 1, 1, 408, 408, 391, 391, 228, 228, 321, 321, 320, 287, 287, 287, 287, 284, 284, 284, 284, 284, 284, 426, 426, 426, 450, 293, 293, 293, 122, 349, 349, 349, 234, 234, 234, 261, 25, 25, 106, 346, 346, 426, 480, 480, 85, 85, 299, 388, 388, 116, 10, 398, 398, 398, 398, 464, 464, 464, 139, 315, 315, 315, 315, 426, 450, 450, 450, 450, 413, 413, 250, 250, 43, 276, 346, 346, 284, 284, 284, 284, 426, 426, 426, 426, 426, 426, 413, 413, 413, 43, 43, 276, 276, 346, 346, 499, 428, 428, 146, 240, 240, 285, 285, 406, 337, 337, 324, 324, 422, 368, 31, 162, 232, 232, 172, 115, 115, 267, 267, 267, 267, 324, 3, 3, 3, 188, 188, 464, 464, 120, 120, 271, 271, 31, 162, 232, 232, 232, 232, 172, 172, 115, 273, 273, 273, 273, 151, 84, 84, 84, 355, 355, 355, 452, 452, 452, 263, 263, 414, 414, 170, 170, 170, 170, 28, 28, 244, 2, 2, 2, 2, 2, 2, 2, 63, 63, 63, 63, 63, 63, 63, 63, 63, 244, 321, 249, 249, 249, 249, 320, 7, 7, 345, 153, 497, 497, 497, 122, 122, 216, 58, 58, 110, 110, 110, 443, 443, 486, 460, 240, 240, 285, 285, 285, 300, 134, 134, 88, 88, 88, 42, 42, 42, 147, 380, 288, 288, 213, 213, 213, 246, 246, 246, 246, 246, 246, 246, 19, 19, 19, 454, 454, 454, 454, 414, 170, 170, 170, 170, 28, 40, 40, 40, 40, 2, 40, 40, 63, 63, 63, 63, 2, 63, 63, 2, 63, 244, 63, 63, 63, 63, 63, 63, 63, 63, 63, 63, 244, 73, 73, 321, 102, 102, 320, 7, 7, 7, 152, 152, 152, 152, 374, 374, 378, 378, 43, 43, 43, 276, 276, 346, 346, 346, 284, 284, 284, 284, 284, 405, 405, 206, 206, 206, 206, 206, 167, 35, 35, 259, 259, 74, 437, 437, 437, 284, 284, 284, 284, 284, 284, 426, 426, 426, 426, 426, 426, 426, 206, 282, 282, 388, 388, 348, 94, 199, 467, 337, 337, 264, 207, 207, 464, 464, 468, 468, 467, 467, 467, 467, 245, 245, 497, 349, 349, 349, 155, 155, 155, 155, 441, 148, 148, 148, 153, 153, 182, 182, 182, 182, 182, 182, 182, 182, 182, 497, 497, 497, 43, 43, 276, 70, 70, 65, 46, 46, 46, 428, 146, 146, 146, 146, 219, 219, 464, 464, 286, 374, 374, 374, 132, 337, 324, 324, 464, 464, 355, 355, 355, 355, 263, 263, 17, 83, 403, 403, 403, 403, 403, 403, 403, 403, 403, 403, 403, 403, 403, 403, 403, 403, 403, 403, 403, 403, 403, 403, 403, 403, 403, 403, 403, 403, 403, 403, 403, 403, 403, 403, 403, 403, 403, 403, 403, 403, 403, 403, 403, 403, 403, 403, 403, 403, 403, 403, 403, 403, 403, 403, 403, 403, 403, 403, 403, 403, 403, 403, 403, 403, 403, 403, 403, 403, 403, 403, 403, 403, 403, 403, 403, 403, 403, 403, 403, 403, 403, 403, 403, 403, 403, 403, 403, 403, 403, 403, 403, 403, 403, 403, 403, 403, 403, 403, 403, 403, 403, 403, 403, 403, 403, 403, 403, 403, 403, 403, 403, 403, 403, 403, 403, 403, 403, 403, 403, 403, 403, 403, 403, 403, 403, 403]

ep280
Train step Loss: [0.2199321687221527, 0.3347892761230469, 0.4703693091869354, 0.09238242357969284, 0.2959020137786865, 0.34768179059028625, 0.23856376111507416, 0.15069666504859924, 0.21513135731220245, 0.070517398416996, 0.16710586845874786, 0.3284374475479126, 0.25316309928894043, 0.3621797561645508, 0.32871317863464355, 0.19631843268871307, 0.33132556080818176, 0.39722874760627747, 0.15165230631828308, 0.20634198188781738, 0.0526890754699707, 0.1954146772623062, 0.3766500949859619, 0.0204783845692873, 0.14982113242149353, 0.012099763378500938, 0.24522754549980164, 0.05039924010634422, 0.1377473622560501, 0.1930493861436844, 0.14058084785938263, 0.1579650640487671, 0.3019140660762787, 0.2582275867462158, 0.09388758987188339, 0.060481827706098557, 0.1529398262500763, 0.29219692945480347, 0.341342031955719, 0.07266301661729813, 0.15417169034481049, 0.20859405398368835, 0.010252617299556732, 0.10623879730701447, 0.15817081928253174, 0.24382226169109344, 0.011059424839913845, 0.4903041422367096, 0.145254984498024, 0.05582179129123688, 0.3343202471733093, 0.2928166389465332, 0.22786705195903778, 0.27006229758262634, 0.4264966547489166, 0.2640286087989807, 0.33554166555404663, 0.2376633882522583, 0.3227806091308594, 0.066677026450634, 0.569686233997345, 0.008843855001032352, 0.34061893820762634]
val step Loss: [0.5670645236968994, 0.25987374782562256, 0.7526536583900452, 0.7131401300430298, 0.6189284324645996, 0.700096845626831, 0.8989025354385376, 0.6412167549133301, 0.17647667229175568, 0.14050932228565216, 0.3199036419391632, 0.1326884776353836, 0.756117045879364, 0.6144564747810364, 1.1488288640975952, 0.6016230583190918]
Train step Accs: [0.947005742411813, 0.9158669646378336, 0.8824028268551237, 0.9779735682819384, 0.9241389126103046, 0.9095611053642678, 0.9428910577683989, 0.9637989154330939, 0.943918730865572, 0.9859922178988327, 0.9597374179431072, 0.9187410586552217, 0.9331426528423311, 0.9086165772212283, 0.9148158560584763, 0.9529776674937965, 0.9145830322300911, 0.8932231910662384, 0.9609604957397366, 0.950797057020233, 0.987177530148069, 0.9511863382197371, 0.9122137404580153, 0.9976555173491716, 0.9621993127147767, 0.9995006657789614, 0.9398376148010116, 0.9875268817204301, 0.9655641141821477, 0.9480607082630691, 0.9641808573106283, 0.9621430863009304, 0.9198070545673802, 0.9333120102350871, 0.979053405820275, 0.9871019108280255, 0.9624688462102331, 0.9289473684210526, 0.9350933488914819, 0.9832589285714286, 0.9631825703254274, 0.9476223294279807, 1.0, 0.9752028164702281, 0.9610273256682097, 0.9391845196959226, 0.9995982860203535, 0.8853123811937651, 0.963301400147384, 0.9877289377289378, 0.9149020645844362, 0.9230769230769231, 0.9451989892608971, 0.9324381032312211, 0.8936367858801673, 0.9320978717243377, 0.9153662308449318, 0.9390662765551456, 0.9184376794945434, 0.9860259032038173, 0.8465104623480767, 1.0, 0.9228915662650602]
val step Accs: [0.8700246055869156, 0.9426900584795321, 0.8209594517418618, 0.8316498316498316, 0.8600717580727832, 0.8357171501136211, 0.7953734465362372, 0.8456172677020268, 0.9601982796325995, 0.9685464874601635, 0.9249724669603524, 0.9703318550237039, 0.8238166282381663, 0.8557137360523278, 0.7437192273702815, 0.8499866059469595]
Preds: [17, 17, 287, 287, 284, 284, 319, 450, 450, 450, 169, 169, 76, 76, 349, 234, 234, 234, 234, 234, 234, 261, 25, 106, 25, 106, 284, 428, 428, 330, 388, 388, 10, 10, 10, 309, 479, 398, 398, 324, 324, 422, 186, 162, 162, 232, 232, 172, 172, 115, 273, 267, 267, 267, 324, 324, 3, 3, 14, 14, 411, 188, 188, 171, 443, 443, 271, 178, 143, 96, 54, 232, 232, 86, 238, 6, 336, 336, 440, 145, 145, 145, 486, 486, 460, 468, 406, 406, 406, 42, 132, 32, 32, 32, 32, 239, 82, 310, 107, 107, 107, 395, 395, 286, 286, 264, 264, 264, 120, 120, 120, 120, 120, 207, 178, 178, 143, 233, 233, 170, 170, 170, 312, 312, 170, 170, 82, 170, 170, 187, 187, 187, 244, 2, 2, 2, 2, 244, 392, 316, 316, 392, 244, 73, 73, 73, 244, 287, 287, 100, 293, 293, 43, 43, 8, 129, 144, 208, 27, 346, 106, 174, 426, 319, 348, 348, 348, 199, 199, 250, 250, 98, 197, 129, 401, 401, 7, 7, 217, 473, 109, 443, 313, 313, 406, 285, 324, 324, 324, 324, 116, 116, 94, 199, 331, 324, 116, 116, 116, 94, 398, 331, 331, 84, 138, 138, 138, 138, 138, 182, 497, 497, 8, 8, 32, 239, 208, 441, 437, 153, 346, 426, 426, 319, 348, 94, 94, 250, 250, 303, 375, 98, 98, 13, 170, 414, 414, 170, 392, 392, 392, 392, 28, 2, 2, 244, 2, 2, 2, 2, 2, 244, 244, 73, 73, 73, 73, 320, 7, 7, 70, 65, 481, 284, 206, 206, 167, 240, 35, 35, 82, 66, 66, 323, 323, 142, 397, 106, 153, 182, 182, 182, 387, 150, 349, 234, 234, 234, 234, 234, 25, 25, 25, 100, 481, 481, 375, 497, 497, 98, 98, 13, 197, 226, 226, 226, 226, 226, 442, 287, 287, 287, 284, 284, 284, 480, 480, 480, 480, 480, 480, 480, 480, 480, 282, 282, 282, 388, 388, 94, 94, 195, 195, 195, 250, 250, 250, 250, 250, 109, 278, 278, 403, 403, 403, 207, 207, 207, 143, 239, 32, 32, 354, 384, 180, 180, 106, 153, 182, 387, 349, 349, 234, 234, 234, 261, 25, 25, 148, 148, 148, 148, 153, 182, 182, 182, 182, 406, 132, 42, 42, 380, 134, 132, 132, 98, 13, 13, 17, 170, 170, 170, 170, 392, 392, 392, 392, 312, 187, 187, 187, 187, 391, 391, 392, 392, 73, 73, 73, 320, 107, 107, 323, 323, 323, 323, 273, 106, 387, 153, 182, 182, 182, 182, 182, 182, 182, 182, 182, 182, 182, 182, 182, 345, 122, 122, 129, 259, 259, 208, 75, 107, 107, 323, 323, 273, 106, 387, 387, 387, 375, 98, 98, 17, 17, 17, 219, 278, 278, 278, 278, 278, 278, 278, 278, 278, 278, 278, 403, 403, 403, 403, 403, 403, 403, 403, 403, 403, 403, 403, 403, 403, 403, 403, 403, 403, 403, 403, 403, 403, 403, 403, 403, 403, 403, 403, 403, 403, 403, 403, 403, 403, 403, 403, 403, 403, 403, 403, 403, 403, 403, 403, 403, 403, 403, 403, 403, 403, 403, 403, 403, 403, 403, 403, 403, 403, 403, 403, 403, 403, 403, 403, 403, 403, 403, 403, 403, 403, 403, 403, 403, 403, 403, 403, 403, 403, 403, 403, 403, 403, 403, 403, 403, 403, 403, 403, 403, 403, 403, 403, 403, 403, 403, 403, 403, 403, 403, 403, 403, 403, 403, 403, 403, 403, 403, 403, 403, 403, 403, 403, 403, 403, 403, 403, 403, 403, 403, 403, 403, 403, 403, 403, 403, 403, 403, 403, 403, 403, 403, 403]

ep281
Train step Loss: [0.4264413118362427, 0.15876731276512146, 0.06078428402543068, 0.27015888690948486, 0.011925953440368176, 0.3091219365596771, 0.15602149069309235, 0.14409323036670685, 0.22669290006160736, 0.11115740984678268, 0.11475269496440887, 0.474615216255188, 0.03148283064365387, 0.39062756299972534, 0.2935551404953003, 0.014975281432271004, 0.10366599261760712, 0.07550238817930222, 0.14371640980243683, 0.033795714378356934, 0.5383970737457275, 0.14672672748565674, 0.3601253926753998, 0.3071666955947876, 0.2074020504951477, 0.2510150074958801, 0.5471859574317932, 0.09937882423400879, 0.3930917978286743, 0.23483237624168396, 0.1593010276556015, 0.22909730672836304, 0.1591106653213501, 0.08980823308229446, 0.38483911752700806, 0.18359918892383575, 0.08234698325395584, 0.23280106484889984, 0.571384847164154, 0.17950476706027985, 0.18546448647975922, 0.45864173769950867, 0.2790438234806061, 0.1654983013868332, 0.3301205337047577, 0.18595965206623077, 0.43800607323646545, 0.13587036728858948, 0.16884396970272064, 0.16587384045124054, 0.486876517534256, 0.0825529620051384, 0.2171175181865692, 0.01065392978489399, 0.012361005879938602, 0.24402646720409393, 0.11295653879642487, 0.012264229357242584, 0.2036384791135788, 0.3677964508533478, 0.23499074578285217, 0.229963019490242, 0.27814552187919617]
val step Loss: [0.6197178363800049, 0.5302266478538513, 0.2529805302619934, 0.6845360398292542, 1.0158908367156982, 0.6766754388809204, 0.45811885595321655, 0.46204209327697754, 0.8871157169342041, 0.6730408072471619, 0.4995097815990448, 0.3796555697917938, 0.6465036869049072, 0.43221744894981384, 0.30848926305770874, 0.5592556595802307]
Train step Accs: [0.8904087282201596, 0.9606993656196813, 0.986559512262713, 0.9331554556944249, 1.0, 0.9241144212242478, 0.9614589208497838, 0.9644128113879004, 0.9387694145758662, 0.971873762049386, 0.9727229973350054, 0.904274632777686, 0.9938944614042738, 0.9069567706842256, 0.929269617159924, 0.9984443061605476, 0.9765743839367204, 0.9825507164136758, 0.9648112603966731, 0.9937638580931264, 0.8685581933989577, 0.9622008172796264, 0.9095180357684147, 0.9221411192214112, 0.9475844647931797, 0.9355612682090831, 0.8587114697711338, 0.9773002014775016, 0.8977700550246163, 0.9410538850848467, 0.9599283270891025, 0.9396584927461805, 0.9608391608391609, 0.977190036383991, 0.898326359832636, 0.9556119213696893, 0.9817409766454352, 0.943731778425656, 0.8516579406631762, 0.9543313829028115, 0.9543124908478547, 0.8950102694212879, 0.9289040670599192, 0.9569876900796525, 0.9140486069946651, 0.9548617003224165, 0.8857269897732325, 0.9672153824872043, 0.9583193277310924, 0.9565487274984482, 0.8768764215314633, 0.9821958456973294, 0.9460425808548676, 0.9998430141287284, 0.9998521147589471, 0.9392617972278461, 0.969813055470426, 0.9995684695051784, 0.9474118942731278, 0.9048924808774715, 0.9395150546229682, 0.9416319237641453, 0.9290799561883899]
val step Accs: [0.8548539114043355, 0.876994185179663, 0.940632118451025, 0.8377627925426419, 0.7600308641975309, 0.835674700347983, 0.8973460864879429, 0.894676074406671, 0.7910467765715051, 0.8475308641975309, 0.8894997251236944, 0.9087790425697801, 0.8580034423407917, 0.8986659825551565, 0.9264767784481549, 0.8856174539292523]
Preds: [17, 17, 17, 251, 251, 241, 331, 443, 443, 432, 330, 330, 330, 360, 200, 434, 434, 324, 324, 324, 324, 324, 301, 301, 303, 303, 303, 309, 479, 479, 331, 331, 106, 284, 284, 284, 284, 426, 426, 426, 375, 98, 98, 98, 263, 13, 13, 82, 82, 170, 170, 392, 392, 392, 63, 63, 63, 63, 63, 63, 63, 63, 63, 63, 63, 63, 63, 63, 73, 244, 289, 289, 20, 320, 241, 431, 486, 486, 460, 460, 169, 150, 35, 77, 164, 224, 494, 494, 422, 186, 99, 99, 338, 338, 338, 338, 400, 400, 400, 444, 213, 324, 246, 246, 246, 246, 422, 99, 99, 338, 338, 338, 400, 400, 400, 485, 374, 374, 374, 132, 132, 345, 132, 132, 497, 122, 122, 129, 401, 401, 401, 401, 354, 354, 354, 74, 213, 213, 422, 324, 301, 251, 239, 196, 309, 217, 473, 398, 213, 301, 301, 143, 143, 129, 310, 108, 310, 395, 395, 395, 213, 41, 19, 19, 19, 454, 229, 229, 414, 414, 237, 237, 237, 237, 237, 237, 392, 47, 392, 392, 392, 392, 392, 392, 392, 392, 392, 392, 392, 392, 73, 73, 289, 7, 287, 287, 284, 460, 460, 460, 169, 35, 35, 35, 401, 354, 196, 473, 278, 278, 324, 324, 324, 129, 458, 259, 401, 354, 354, 354, 445, 213, 213, 213, 286, 286, 374, 132, 132, 132, 132, 122, 217, 309, 398, 398, 324, 324, 143, 251, 259, 259, 354, 196, 70, 65, 65, 46, 46, 46, 146, 146, 24, 252, 324, 324, 143, 99, 338, 338, 338, 400, 400, 213, 213, 286, 374, 374, 132, 132, 88, 182, 182, 182, 182, 497, 43, 8, 122, 236, 197, 259, 188, 188, 301, 301, 251, 8, 473, 65, 65, 346, 138, 174, 319, 348, 348, 199, 241, 241, 431, 431, 460, 460, 460, 85, 468, 406, 406, 406, 467, 467, 499, 460, 460, 35, 35, 35, 342, 224, 68, 68, 115, 115, 115, 336, 267, 213, 213, 213, 213, 246, 246, 246, 3, 14, 188, 188, 188, 171, 171, 171, 37, 233, 170, 449, 224, 433, 68, 68, 115, 97, 336, 75, 287, 284, 284, 284, 284, 284, 306, 406, 59, 59, 59, 452, 263, 263, 414, 17, 17, 219, 264, 278, 278, 278, 278, 301, 301, 301, 301, 403, 403, 403, 403, 403, 403, 403, 403, 403, 403, 403, 403, 403, 403, 403, 403, 403, 403, 403, 403, 403, 403, 403, 403, 403, 403, 403, 403, 403, 403, 403, 403, 403, 403, 403, 403, 403, 403, 403, 403, 403, 403, 403, 403, 403, 403, 403, 403, 403, 403, 403, 403, 403, 403, 403, 403, 403, 403, 403, 403, 403, 403, 403, 403, 403, 403, 403, 403, 403, 403, 403, 403, 403, 403, 403, 403, 403, 403, 403, 403, 403, 403, 403, 403, 403, 403, 403, 403, 403, 403, 403, 403, 403, 403, 403, 403, 403, 403, 403, 403, 403, 403, 403, 403, 403, 403, 403, 403, 403, 403, 403, 403, 403, 403, 403, 403, 403, 403, 403, 403, 403, 403, 403, 403, 403, 403, 403, 403, 403, 403, 403, 403, 403, 403, 403, 403, 403, 403, 403, 403, 403, 403, 403, 403, 403, 403, 403, 403, 403, 403, 403, 403, 403, 403, 403, 403, 403, 403, 403, 403, 403, 403, 403, 403, 403, 403, 403, 403, 403, 403, 403, 403, 403, 403, 403, 403, 403, 403, 403, 403, 403, 403, 403, 403, 403, 403, 403, 403, 403, 403, 403, 403, 403, 403, 403, 403, 403, 403, 403, 403, 403, 403, 403, 403, 403, 403, 403, 403, 403, 403, 403, 403, 403, 403, 403, 403, 403, 403, 403]

ep282
Train step Loss: [0.010688687674701214, 0.22715020179748535, 0.10999955981969833, 0.3420671224594116, 0.09498070925474167, 0.8022950291633606, 0.22629868984222412, 0.08212488889694214, 0.024716900661587715, 0.3523111939430237, 0.375092089176178, 0.30309930443763733, 0.1392003297805786, 0.08066781610250473, 0.38961705565452576, 0.45306336879730225, 0.11675117164850235, 0.11641630530357361, 0.30691370368003845, 0.3459015488624573, 0.09051094204187393, 0.2301476150751114, 0.010237048380076885, 0.1263207346200943, 0.17456679046154022, 0.14080595970153809, 0.16607637703418732, 0.01420641504228115, 0.09481525421142578, 0.2784053385257721, 0.30194881558418274, 0.4906225800514221, 0.06319541484117508, 0.2199416607618332, 0.011138404719531536, 0.2421836256980896, 0.3735921084880829, 0.44442659616470337, 0.041148509830236435, 0.06419650465250015, 0.010947966016829014, 0.20389783382415771, 0.2685355842113495, 0.06373729556798935, 0.33618322014808655, 0.20257894694805145, 0.21865926682949066, 0.7335807085037231, 0.3765142560005188, 0.24953435361385345, 0.553879976272583, 0.31206583976745605, 0.28855791687965393, 0.10308313369750977, 0.33619505167007446, 0.5880699753761292, 0.0917421206831932, 0.14751137793064117, 0.13337448239326477, 0.03977794945240021, 0.12835721671581268, 0.16162216663360596, 0.24429181218147278]
val step Loss: [0.5641459226608276, 0.7777328491210938, 0.5754035711288452, 0.2453405112028122, 0.5455054044723511, 0.43820953369140625, 0.813524067401886, 0.3475448191165924, 1.1183385848999023, 0.30441004037857056, 0.7349334955215454, 0.584309995174408, 0.2724541127681732, 0.648058295249939, 0.4632890522480011, 0.636235773563385]
Train step Accs: [1.0, 0.946474214403849, 0.97303187142468, 0.9126704458403554, 0.9766912257200268, 0.8165383327753599, 0.942916533418612, 0.979269632070291, 0.9964034401876466, 0.9101770548438175, 0.9024390243902439, 0.9242382271468144, 0.9633371354081799, 0.981262055662717, 0.9037884982284001, 0.8857345635202271, 0.9712357383898441, 0.9681679177092021, 0.9259968102073365, 0.9083451648525004, 0.9770764641230962, 0.9416703490941228, 0.999859432105707, 0.9702510917030568, 0.9548325096101044, 0.9668075778925943, 0.9572815533980582, 0.9987694200892171, 0.9796985542909874, 0.9312709966405375, 0.9207741576162629, 0.8726359338061466, 0.9854386603567529, 0.9434278530521022, 1.0, 0.939401888772298, 0.9069698759598346, 0.8891621577307756, 0.9910517283647953, 0.9859289617486339, 0.9996796925048046, 0.9488088485536018, 0.9292517006802721, 0.9851609657947686, 0.9121762016899848, 0.9469832202784719, 0.9468054350968488, 0.828922357069747, 0.9044127818508784, 0.939018580276322, 0.8615841584158416, 0.9192357096981374, 0.9251245330012453, 0.9749328558639212, 0.9144169217923741, 0.8532055122828041, 0.9772796584324489, 0.9639845648134915, 0.9690808979246082, 0.9923747276688453, 0.9678238780694327, 0.9589591078066915, 0.9416201117318436]
val step Accs: [0.8708572993700356, 0.8206514741856573, 0.8653895935801191, 0.9433351322180248, 0.8755697917949982, 0.896327975224893, 0.8060020090406831, 0.9156643964642805, 0.7310620242106577, 0.9315068493150684, 0.8255100763549881, 0.8708106559725007, 0.9361669479822003, 0.8610573343261355, 0.8946562938400714, 0.8489965736661772]
Preds: [17, 17, 309, 479, 473, 398, 360, 340, 330, 17, 36, 259, 36, 108, 168, 168, 494, 382, 382, 406, 406, 467, 467, 337, 337, 301, 301, 203, 129, 129, 196, 196, 70, 473, 473, 429, 213, 324, 171, 246, 246, 246, 246, 246, 246, 19, 19, 19, 454, 225, 226, 414, 414, 82, 83, 287, 287, 284, 460, 215, 215, 35, 35, 35, 259, 441, 441, 276, 153, 153, 153, 497, 399, 399, 70, 70, 70, 70, 70, 138, 138, 138, 387, 387, 146, 146, 207, 324, 324, 324, 464, 464, 3, 457, 457, 129, 401, 401, 7, 354, 364, 276, 276, 109, 109, 109, 278, 213, 213, 324, 246, 246, 301, 8, 8, 354, 354, 354, 420, 84, 240, 240, 240, 240, 35, 35, 77, 68, 54, 54, 323, 224, 336, 196, 239, 374, 43, 153, 153, 182, 182, 497, 497, 8, 364, 276, 276, 276, 346, 284, 319, 428, 146, 388, 388, 388, 94, 94, 303, 303, 303, 303, 303, 199, 398, 324, 324, 464, 19, 99, 129, 129, 401, 354, 354, 20, 107, 68, 323, 374, 374, 387, 387, 387, 182, 182, 182, 182, 182, 182, 182, 182, 182, 182, 182, 182, 98, 122, 129, 36, 401, 401, 354, 354, 384, 107, 323, 323, 106, 387, 387, 375, 387, 122, 98, 13, 414, 414, 170, 414, 47, 392, 392, 392, 392, 312, 305, 17, 392, 63, 392, 392, 63, 63, 21, 408, 391, 73, 228, 228, 20, 287, 7, 66, 7, 188, 422, 177, 258, 31, 68, 68, 232, 172, 172, 115, 267, 213, 213, 213, 286, 374, 374, 132, 132, 406, 250, 43, 375, 375, 43, 122, 36, 259, 449, 68, 68, 224, 224, 267, 106, 106, 387, 284, 206, 206, 206, 206, 206, 206, 376, 206, 206, 206, 85, 85, 85, 85, 85, 85, 468, 468, 468, 467, 467, 467, 499, 284, 206, 460, 169, 35, 314, 35, 35, 164, 75, 106, 68, 68, 115, 115, 115, 267, 106, 213, 213, 213, 301, 43, 43, 129, 259, 259, 259, 354, 354, 20, 354, 354, 196, 196, 278, 171, 213, 213, 213, 246, 246, 246, 246, 246, 246, 454, 454, 454, 229, 170, 414, 414, 47, 47, 47, 47, 47, 47, 47, 80, 73, 320, 7, 7, 208, 153, 153, 387, 153, 345, 387, 132, 99, 338, 338, 338, 338, 338, 400, 400, 400, 324, 422, 422, 301, 3, 246, 246, 246, 246, 246, 246, 246, 24, 99, 338, 338, 338, 338, 338, 400, 6, 272, 213, 213, 213, 213, 3, 3, 3, 19, 17, 17, 17, 414, 17, 219, 403, 403, 403, 301, 301, 301, 301, 301, 301, 301, 403, 403, 403, 403, 403, 403, 403, 403, 403, 403, 403, 403, 403, 403, 403, 403, 403, 403, 403, 403, 403, 403, 403, 403, 403, 403, 403, 403, 403, 403, 403, 403, 403, 403, 403, 403, 403, 403, 403, 403, 403, 403, 403, 403, 403, 403, 403, 403, 403, 403, 403, 403, 403, 403, 403, 403, 403, 403, 403, 403, 403, 403, 403, 403, 403, 403, 403, 403, 403, 403, 403, 403, 403, 403, 403, 403, 403, 403, 403, 403, 403, 403, 403, 403, 403, 403, 403, 403, 403, 403, 403, 403, 403, 403, 403, 403, 403, 403, 403, 403, 403, 403, 403, 403, 403, 403, 403, 403, 403, 403, 403, 403, 403, 403, 403, 403, 403, 403, 403, 403, 403, 403, 403, 403, 403, 403, 403, 403, 403, 403, 403, 403, 403, 403, 403, 403, 403, 403, 403, 403, 403, 403, 403, 403, 403, 403, 403, 403, 403, 403, 403, 403, 403, 403, 403, 403, 403, 403, 403, 403, 403, 403, 403, 403, 403]

ep283
Train step Loss: [0.028538566082715988, 0.5324983596801758, 0.36278584599494934, 0.2167745977640152, 0.1317167431116104, 0.17336343228816986, 0.5012831687927246, 0.06426087021827698, 0.1166999340057373, 0.35422801971435547, 0.5298677682876587, 0.01224567461758852, 0.08901047706604004, 0.21837572753429413, 0.3197111189365387, 0.19766974449157715, 0.048271093517541885, 0.11536286771297455, 0.5371416807174683, 0.19654206931591034, 0.17846626043319702, 0.12022721767425537, 0.01021486148238182, 0.12361391633749008, 0.27718955278396606, 0.011628791689872742, 0.4369282126426697, 0.1421201527118683, 0.14878207445144653, 0.1493389755487442, 0.09303788095712662, 0.07114819437265396, 0.1380455642938614, 0.4872584939002991, 0.21445824205875397, 0.15660028159618378, 0.010355141945183277, 0.22886395454406738, 0.18922695517539978, 0.20840561389923096, 0.3703451454639435, 0.08827704936265945, 0.1843031793832779, 0.2011815309524536, 0.16145160794258118, 0.06523074209690094, 0.0466613844037056, 0.3289412260055542, 0.349653422832489, 0.2816388010978699, 0.42151859402656555, 0.10941917449235916, 0.12269821017980576, 0.07250910252332687, 0.5432589054107666, 0.18285486102104187, 0.3948087692260742, 0.1684650480747223, 0.23998470604419708, 0.47588783502578735, 0.23518326878547668, 0.2266550362110138, 0.27098700404167175]
val step Loss: [0.6689597964286804, 0.7418497800827026, 1.0261346101760864, 0.6479717493057251, 0.5104988813400269, 0.6150842308998108, 0.4041283130645752, 0.6177545785903931, 0.5701094269752502, 0.5226189494132996, 0.34342288970947266, 0.7284851670265198, 0.15520429611206055, 0.5546292066574097, 0.484253466129303, 0.5802987217903137]
Train step Accs: [0.9952694711944585, 0.8660702363466417, 0.9077520634406862, 0.9467839630804731, 0.9658317872603587, 0.9557713052858684, 0.8679546775130738, 0.9874083298740833, 0.9725552506138957, 0.9072286012526096, 0.8641343007540191, 0.9997064004697592, 0.9784576959100842, 0.9476158495634655, 0.91954425942156, 0.9523375834851244, 0.9885365490546375, 0.973257698541329, 0.8776275052957471, 0.9524024702515439, 0.9575748457950956, 0.9714804976932756, 0.9998461538461538, 0.9693481076413872, 0.9289921986944754, 0.9997064004697592, 0.8880680905733098, 0.9627242152466368, 0.9643725854914866, 0.9624060150375939, 0.9795260357891343, 0.9834710743801653, 0.9639065817409767, 0.8805857487922706, 0.9471026049973419, 0.9618252311362958, 1.0, 0.9424778761061947, 0.9514942183511038, 0.9451444376152428, 0.9056994818652849, 0.9774842767295597, 0.9547715965626413, 0.9477917741690697, 0.9595306920591736, 0.9840496977837475, 0.9898425596749619, 0.9130105900151286, 0.908669966469743, 0.9300045255694674, 0.8916679453736381, 0.9759754917768462, 0.9739323349972269, 0.9845671267252196, 0.8552412645590682, 0.9531965155765539, 0.8947209196793223, 0.9627644957405881, 0.9427772874374816, 0.9001242621932277, 0.9403663765103287, 0.9391657882848968, 0.9261290322580645]
val step Accs: [0.850480541988341, 0.8210279797855294, 0.7725641733370135, 0.8537012113055181, 0.885153657480883, 0.8598339323336225, 0.905382348379091, 0.8573853989813243, 0.8632600628033115, 0.8772174353775976, 0.9177899372747899, 0.8274070021881839, 0.9647102990864723, 0.8752928207248174, 0.8820405310971349, 0.8686423708450141]
Preds: [17, 196, 217, 217, 217, 217, 217, 473, 473, 65, 264, 264, 264, 264, 264, 264, 264, 264, 264, 264, 468, 468, 468, 467, 337, 337, 337, 324, 328, 3, 454, 197, 197, 197, 259, 354, 345, 109, 109, 109, 285, 288, 285, 313, 313, 337, 337, 337, 360, 360, 360, 360, 434, 434, 434, 200, 200, 398, 398, 324, 434, 434, 339, 339, 33, 33, 250, 250, 250, 250, 345, 153, 100, 424, 424, 424, 424, 182, 497, 497, 497, 122, 43, 75, 208, 208, 106, 481, 481, 481, 481, 426, 426, 306, 306, 372, 396, 396, 396, 313, 313, 406, 406, 495, 380, 134, 84, 84, 84, 375, 375, 375, 375, 375, 375, 98, 98, 98, 48, 48, 48, 48, 414, 414, 170, 170, 170, 170, 170, 170, 187, 187, 187, 12, 12, 12, 12, 12, 12, 12, 408, 408, 408, 391, 391, 321, 75, 478, 66, 66, 232, 172, 172, 172, 115, 267, 267, 267, 444, 374, 374, 374, 374, 139, 139, 293, 293, 497, 349, 349, 349, 349, 234, 234, 234, 261, 261, 25, 25, 30, 324, 324, 324, 464, 464, 464, 464, 180, 486, 486, 486, 486, 315, 315, 315, 315, 282, 282, 282, 388, 203, 53, 466, 466, 22, 448, 448, 448, 448, 324, 464, 464, 464, 464, 464, 315, 315, 315, 315, 315, 480, 480, 480, 480, 480, 282, 282, 282, 85, 299, 313, 334, 382, 406, 406, 406, 406, 406, 406, 380, 467, 467, 499, 302, 100, 375, 98, 375, 98, 98, 98, 13, 13, 414, 414, 414, 414, 414, 414, 414, 170, 187, 187, 187, 187, 187, 187, 391, 391, 244, 244, 244, 320, 320, 320, 83, 300, 222, 374, 337, 337, 313, 313, 24, 24, 310, 310, 107, 107, 395, 395, 485, 286, 464, 139, 139, 139, 139, 496, 216, 216, 81, 81, 81, 139, 139, 139, 240, 240, 186, 99, 107, 107, 107, 400, 400, 152, 422, 143, 143, 458, 144, 144, 27, 27, 27, 437, 437, 284, 284, 405, 405, 405, 206, 460, 460, 215, 35, 35, 35, 35, 441, 437, 100, 100, 426, 426, 375, 375, 98, 98, 98, 263, 263, 13, 13, 13, 414, 170, 170, 237, 237, 28, 244, 2, 2, 341, 2, 341, 12, 63, 63, 408, 408, 63, 391, 73, 73, 244, 321, 321, 412, 287, 287, 287, 486, 486, 460, 460, 460, 150, 150, 342, 342, 342, 342, 224, 224, 196, 116, 94, 479, 199, 464, 464, 443, 443, 258, 31, 31, 342, 232, 172, 172, 115, 273, 273, 151, 151, 486, 460, 240, 240, 35, 310, 310, 107, 161, 395, 395, 487, 494, 116, 285, 81, 302, 302, 302, 497, 497, 497, 497, 458, 208, 208, 441, 100, 153, 153, 387, 387, 387, 387, 372, 372, 406, 467, 467, 467, 467, 337, 41, 41, 41, 19, 19, 19, 19, 454, 454, 454, 454, 414, 414, 414, 102, 102, 47, 47, 170, 47, 392, 392, 392, 392, 392, 73, 244, 320, 320, 7, 7, 7, 217, 217, 217, 217, 473, 65, 65, 264, 264, 264, 264, 264, 264, 264, 264, 264, 264, 468, 468, 468, 468, 468, 467, 337, 337, 41, 41, 41, 19, 19, 19, 19, 454, 17, 83, 470, 403, 403, 403, 403, 403, 403, 403, 403, 403, 403, 403, 403, 403, 403, 403, 403, 403, 403, 403, 403, 403, 403, 403, 403, 403, 403, 403, 403, 403, 403, 403, 403, 403, 403, 403, 403, 403, 403, 403, 403, 403, 403, 403, 403, 403, 403, 403, 403, 403, 403, 403, 403, 403, 403, 403, 403, 403, 403, 403, 403, 403, 403, 403, 403, 403, 403, 403, 403, 403, 403, 403]

ep284
Train step Loss: [0.3146781325340271, 0.010126713663339615, 0.08249003440141678, 0.15244172513484955, 0.010784353129565716, 0.07479339838027954, 0.25617143511772156, 0.3344137668609619, 0.08279209583997726, 0.3779618740081787, 0.10581619292497635, 0.22282831370830536, 0.08225572109222412, 0.29170453548431396, 0.2630048394203186, 0.0102631701156497, 0.18173834681510925, 0.36359211802482605, 0.20532917976379395, 0.10802875459194183, 0.22670626640319824, 0.17981015145778656, 0.20399515330791473, 0.4004891812801361, 0.07333193719387054, 0.012304562143981457, 0.08097001910209656, 0.268551230430603, 0.09755372256040573, 0.12413854151964188, 0.18935872614383698, 0.44054678082466125, 0.3796808123588562, 0.2650255560874939, 0.486450731754303, 0.14951102435588837, 0.14437542855739594, 0.12184509634971619, 0.05095139890909195, 0.14150004088878632, 0.050636354833841324, 0.011192425154149532, 0.029647912830114365, 0.18701452016830444, 0.2951759696006775, 0.31592750549316406, 0.13411544263362885, 0.3250202536582947, 0.40449288487434387, 0.020191499963402748, 0.4051254093647003, 0.2145410031080246, 0.13591933250427246, 0.3801633417606354, 0.05959717556834221, 0.4197925329208374, 0.27267274260520935, 0.24528776109218597, 0.21235278248786926, 0.5343717932701111, 0.8666156530380249, 0.13961094617843628, 0.38333529233932495]
val step Loss: [0.7492168545722961, 0.7677658200263977, 0.1959090530872345, 0.495615154504776, 0.38728663325309753, 0.7210533618927002, 0.4377375841140747, 0.7995892763137817, 0.409839928150177, 0.3288528025150299, 0.21968941390514374, 0.8589025735855103, 0.9875047206878662, 0.4993809759616852, 0.8746656775474548, 0.23042109608650208]
Train step Accs: [0.9419978517722879, 1.0, 0.9791752861674252, 0.9629579922158099, 0.9998643883916464, 0.9812869733188458, 0.9308527131782945, 0.9131293188548865, 0.9810293632464533, 0.9046653144016227, 0.9752399499234943, 0.940813101565867, 0.981123595505618, 0.9278826565258727, 0.9291793313069909, 1.0, 0.9588865096359743, 0.9063315926892951, 0.9456701185652109, 0.9742289818335446, 0.9441202217683105, 0.9529020639977837, 0.9449425609414401, 0.9001618122977346, 0.9842967375118451, 0.9990868969715416, 0.9825604439159731, 0.931408493736633, 0.9758897818599311, 0.970353146345008, 0.9577756532823455, 0.8920853213584058, 0.9036647803826462, 0.9334241186261159, 0.8743535988819008, 0.9667999304710586, 0.9664902998236331, 0.9699074074074074, 0.9896858884200657, 0.9644753708112067, 0.9900630914826498, 0.9997031760166222, 0.9954031117397454, 0.9513214872330894, 0.9241369091717292, 0.9193194999355587, 0.9681361850720209, 0.9133333333333333, 0.8960320752108392, 0.9971084337349397, 0.8933383233532934, 0.9467218252475869, 0.9644927536231884, 0.9019422713784732, 0.9877235525916944, 0.9080939141180105, 0.9297150610583447, 0.9407048857964, 0.9485938521909745, 0.8640304781923279, 0.781841310224201, 0.9637670740474479, 0.9009375]
val step Accs: [0.8191903019213175, 0.8150556458672003, 0.9528450623477139, 0.895045045045045, 0.913417052214144, 0.8328786791098349, 0.9039657853810265, 0.8137990762124712, 0.9064425051334702, 0.9257859733978234, 0.9504436860068259, 0.7875210792580101, 0.7762265656162745, 0.8804129624318898, 0.7995563095393449, 0.9453199617956065]
Preds: [17, 251, 251, 251, 241, 241, 431, 431, 486, 284, 284, 284, 284, 284, 284, 16, 284, 315, 315, 284, 284, 284, 284, 284, 284, 480, 480, 480, 480, 480, 85, 85, 85, 85, 146, 146, 264, 468, 468, 406, 467, 337, 337, 337, 324, 324, 464, 464, 464, 464, 120, 282, 282, 282, 282, 282, 413, 359, 345, 345, 132, 275, 303, 303, 303, 117, 219, 219, 324, 324, 464, 464, 318, 31, 162, 54, 54, 494, 482, 172, 172, 115, 273, 273, 273, 486, 460, 169, 215, 215, 401, 401, 320, 321, 345, 345, 141, 141, 186, 186, 323, 323, 323, 323, 323, 397, 397, 397, 7, 153, 153, 153, 88, 88, 346, 346, 284, 426, 426, 426, 426, 426, 282, 413, 413, 303, 303, 48, 48, 364, 345, 345, 345, 132, 324, 132, 132, 236, 32, 32, 75, 310, 310, 161, 107, 107, 395, 397, 397, 106, 106, 153, 153, 153, 182, 182, 182, 182, 497, 483, 483, 14, 226, 321, 209, 440, 188, 89, 191, 455, 236, 236, 239, 401, 239, 354, 354, 371, 286, 286, 264, 365, 330, 330, 303, 303, 303, 303, 42, 42, 42, 364, 364, 364, 217, 217, 473, 398, 213, 213, 213, 422, 143, 36, 75, 310, 107, 107, 395, 400, 213, 213, 213, 19, 19, 454, 454, 229, 170, 170, 170, 392, 244, 312, 312, 292, 292, 292, 292, 292, 292, 292, 292, 21, 1, 408, 408, 408, 391, 228, 56, 228, 228, 149, 228, 289, 209, 287, 287, 460, 460, 460, 178, 35, 77, 66, 68, 172, 224, 219, 152, 152, 152, 139, 139, 139, 139, 496, 274, 43, 43, 458, 208, 208, 208, 441, 106, 153, 153, 153, 387, 387, 387, 387, 413, 396, 467, 59, 303, 303, 303, 98, 98, 98, 48, 48, 48, 48, 170, 82, 225, 226, 287, 287, 287, 111, 438, 178, 178, 233, 36, 77, 77, 68, 68, 224, 97, 7, 196, 309, 309, 309, 479, 331, 443, 443, 240, 143, 143, 36, 77, 68, 119, 351, 428, 428, 428, 428, 146, 146, 146, 252, 34, 34, 324, 301, 301, 251, 251, 241, 241, 431, 431, 486, 376, 376, 376, 376, 376, 376, 376, 460, 460, 460, 282, 282, 385, 76, 239, 75, 131, 131, 397, 106, 106, 387, 255, 167, 143, 36, 77, 342, 224, 224, 273, 437, 151, 167, 167, 215, 35, 320, 7, 7, 127, 448, 448, 464, 464, 301, 301, 399, 42, 42, 147, 147, 106, 106, 284, 284, 284, 284, 426, 450, 450, 450, 413, 43, 43, 276, 276, 276, 346, 346, 426, 426, 426, 426, 206, 167, 215, 197, 401, 321, 354, 287, 287, 111, 111, 438, 438, 236, 36, 36, 108, 119, 351, 351, 443, 443, 443, 240, 236, 143, 75, 384, 371, 448, 324, 324, 324, 246, 246, 246, 246, 246, 246, 301, 243, 129, 401, 401, 354, 354, 284, 284, 319, 240, 35, 35, 35, 75, 68, 224, 86, 86, 238, 25, 26, 251, 251, 331, 331, 106, 374, 153, 182, 182, 182, 182, 497, 8, 364, 276, 276, 276, 346, 284, 284, 284, 376, 376, 460, 263, 263, 170, 170, 170, 392, 392, 392, 392, 392, 392, 392, 73, 63, 73, 73, 211, 435, 73, 73, 73, 63, 63, 63, 63, 63, 73, 73, 7, 7, 7, 7, 441, 153, 153, 387, 387, 387, 274, 236, 10, 303, 243, 32, 32, 384, 196, 65, 65, 284, 284, 426, 98, 98, 13, 48, 170, 170, 170, 392, 392, 392, 392, 63, 63, 63, 63, 63, 63, 63, 63, 63, 63, 63, 73, 73, 73, 320, 7, 7, 287, 284, 153, 424, 182, 182, 98]

ep285
Train step Loss: [0.13909751176834106, 0.20552341639995575, 0.4174228012561798, 0.13917580246925354, 0.38739505410194397, 0.13066354393959045, 0.15492407977581024, 0.10244238376617432, 0.06365378201007843, 0.1250721663236618, 0.24937087297439575, 0.19662711024284363, 0.2629951238632202, 0.32149773836135864, 0.2861452102661133, 0.1253877729177475, 0.11049488186836243, 0.016999030485749245, 0.1592913717031479, 0.13534368574619293, 0.46548622846603394, 0.2767350971698761, 0.2529870271682739, 0.41404587030410767, 0.08486849814653397, 0.1744152456521988, 0.28186485171318054, 0.6359595060348511, 0.2513321340084076, 0.010426509194076061, 0.03969036787748337, 0.2869953215122223, 0.3056897819042206, 0.01159115880727768, 0.19241362810134888, 0.23980848491191864, 0.171738401055336, 0.29341137409210205, 0.009449454955756664, 0.40081629157066345, 0.2116447538137436, 0.46637797355651855, 0.2425605207681656, 0.3659060597419739, 0.45575493574142456, 0.19408868253231049, 0.182630717754364, 0.08875753730535507, 0.15653347969055176, 0.2084088772535324, 0.20942242443561554, 0.051019612699747086, 0.31147804856300354, 0.09329919517040253, 0.0972907617688179, 0.05746356397867203, 0.1008722186088562, 0.11350207775831223, 0.4794212579727173, 0.23718905448913574, 0.14495015144348145, 0.15126997232437134, 0.010062135756015778]
val step Loss: [0.6808493733406067, 0.4144405126571655, 0.7230181694030762, 0.407722532749176, 0.4916331171989441, 0.8296392560005188, 0.5335402488708496, 0.2722908854484558, 0.545764684677124, 0.4624890089035034, 0.8461403250694275, 1.2391284704208374, 0.18725183606147766, 0.42085564136505127, 0.480763703584671, 0.6225886344909668]
Train step Accs: [0.9645606157793457, 0.9491027732463295, 0.8885964912280702, 0.9633235962349886, 0.9019438444924406, 0.9685585295066108, 0.9618263473053892, 0.9757750296459428, 0.9840416870216577, 0.9728641456582633, 0.934128253598953, 0.9519865009970855, 0.9288332315210751, 0.916401043175891, 0.9273504273504274, 0.9692015764122026, 0.9743164871582436, 0.9984715853827983, 0.9617404351087772, 0.96559849198869, 0.8824411455990403, 0.9279139115778555, 0.9358676726639582, 0.9088023088023088, 0.9807031888798038, 0.9551507729986224, 0.9279334770557438, 0.846636163362142, 0.9361867704280156, 0.9998572244431754, 0.990969086488364, 0.926073926073926, 0.9244186046511628, 0.9998641488928135, 0.9510993843447669, 0.9395245559038663, 0.95653644512092, 0.9251329415057374, 1.0, 0.8995895631779537, 0.9458245614035088, 0.87594045141668, 0.9373289902280131, 0.9053394468273924, 0.8803755299818292, 0.9524775427412344, 0.951105574587356, 0.9796654167868474, 0.9638100025131943, 0.9502422417179521, 0.9488781596137461, 0.9879145173176124, 0.9180182836921262, 0.9787037037037037, 0.9766536964980544, 0.9885358663609565, 0.9777650265385167, 0.9724437998549673, 0.8974576271186441, 0.9362653208363374, 0.9625594598741752, 0.9625259336099585, 1.0]
val step Accs: [0.8473091364205256, 0.9004284045177203, 0.8344677025812252, 0.9076124094574279, 0.8863566840012236, 0.8134936539746159, 0.880162295319519, 0.9365767719203144, 0.8703730170072889, 0.8982796286182414, 0.7969564025226213, 0.7156326865263734, 0.9564273109814035, 0.9018186984938903, 0.8907224055738907, 0.85]
Preds: [17, 196, 217, 217, 217, 217, 217, 473, 473, 65, 264, 264, 264, 264, 264, 264, 264, 264, 264, 264, 468, 468, 468, 467, 337, 337, 337, 324, 328, 3, 454, 197, 197, 197, 259, 354, 345, 109, 109, 109, 285, 288, 285, 313, 313, 337, 337, 337, 360, 360, 360, 360, 434, 434, 434, 200, 200, 398, 398, 324, 434, 434, 339, 339, 33, 33, 250, 250, 250, 250, 345, 153, 100, 424, 424, 424, 424, 182, 497, 497, 497, 122, 43, 75, 208, 208, 106, 481, 481, 481, 481, 426, 426, 306, 306, 372, 396, 396, 396, 313, 313, 406, 406, 495, 380, 134, 84, 84, 84, 375, 375, 375, 375, 375, 375, 98, 98, 98, 48, 48, 48, 48, 414, 414, 170, 170, 170, 170, 170, 170, 187, 187, 187, 12, 12, 12, 12, 12, 12, 12, 408, 408, 408, 391, 391, 321, 75, 478, 66, 66, 232, 172, 172, 172, 115, 267, 267, 267, 444, 374, 374, 374, 374, 139, 139, 293, 293, 497, 349, 349, 349, 349, 234, 234, 234, 261, 261, 25, 25, 30, 324, 324, 324, 464, 464, 464, 464, 180, 486, 486, 486, 486, 315, 315, 315, 315, 282, 282, 282, 388, 203, 53, 466, 466, 22, 448, 448, 448, 448, 324, 464, 464, 464, 464, 464, 315, 315, 315, 315, 315, 480, 480, 480, 480, 480, 282, 282, 282, 85, 299, 313, 334, 382, 406, 406, 406, 406, 406, 406, 380, 467, 467, 499, 302, 100, 375, 98, 375, 98, 98, 98, 13, 13, 414, 414, 414, 414, 414, 414, 414, 170, 187, 187, 187, 187, 187, 187, 391, 391, 244, 244, 244, 320, 320, 320, 83, 300, 222, 374, 337, 337, 313, 313, 24, 24, 310, 310, 107, 107, 395, 395, 485, 286, 464, 139, 139, 139, 139, 496, 216, 216, 81, 81, 81, 139, 139, 139, 240, 240, 186, 99, 107, 107, 107, 400, 400, 152, 422, 143, 143, 458, 144, 144, 27, 27, 27, 437, 437, 284, 284, 405, 405, 405, 206, 460, 460, 215, 35, 35, 35, 35, 441, 437, 100, 100, 426, 426, 375, 375, 98, 98, 98, 263, 263, 13, 13, 13, 414, 170, 170, 237, 237, 28, 244, 2, 2, 341, 2, 341, 12, 63, 63, 408, 408, 63, 391, 73, 73, 244, 321, 321, 412, 287, 287, 287, 486, 486, 460, 460, 460, 150, 150, 342, 342, 342, 342, 224, 224, 196, 116, 94, 479, 199, 464, 464, 443, 443, 258, 31, 31, 342, 232, 172, 172, 115, 273, 273, 151, 151, 486, 460, 240, 240, 35, 310, 310, 107, 161, 395, 395, 487, 494, 116, 285, 81, 302, 302, 302, 497, 497, 497, 497, 458, 208, 208, 441, 100, 153, 153, 387, 387, 387, 387, 372, 372, 406, 467, 467, 467, 467, 337, 41, 41, 41, 19, 19, 19, 19, 454, 454, 454, 454, 414, 414, 414, 102, 102, 47, 47, 170, 47, 392, 392, 392, 392, 392, 73, 244, 320, 320, 7, 7, 7, 217, 217, 217, 217, 473, 65, 65, 264, 264, 264, 264, 264, 264, 264, 264, 264, 264, 468, 468, 468, 468, 468, 467, 337, 337, 41, 41, 41, 19, 19, 19, 19, 454, 17, 83, 403, 403, 403, 403, 403, 403, 403, 403, 403, 403, 403, 403, 403, 403, 403, 403, 403, 403, 403, 403, 403, 403, 403, 403, 403, 403, 403, 403, 403, 403, 403, 403, 403, 403, 403, 403, 403, 403, 403, 403, 403, 403, 403, 403, 403, 403, 403, 403, 403, 403, 403, 403, 403, 403, 403, 403, 403, 403, 403, 403, 403, 403, 403, 403, 403, 403, 403, 403, 403, 403, 403, 403]

ep286
Train step Loss: [0.10657525062561035, 0.0597241073846817, 0.010225752368569374, 0.4344337582588196, 0.12058842927217484, 0.20439523458480835, 0.19382281601428986, 0.503439724445343, 0.009737717919051647, 0.07534559816122055, 0.3809777796268463, 0.20493431389331818, 0.08404337614774704, 0.2176162749528885, 0.009435280226171017, 0.42825713753700256, 0.419392466545105, 0.2808436155319214, 0.0951208844780922, 0.24879039824008942, 0.24101197719573975, 0.03294889256358147, 0.07961072772741318, 0.26324668526649475, 0.3338143825531006, 0.15029537677764893, 0.315714567899704, 0.39746972918510437, 0.05208149179816246, 0.40075555443763733, 0.42430320382118225, 0.10298795253038406, 0.09027570486068726, 0.027478478848934174, 0.0856468603014946, 0.010874162428081036, 0.19217059016227722, 0.17305399477481842, 0.6039285659790039, 0.3091747462749481, 0.1181911751627922, 0.2710656523704529, 0.28285038471221924, 0.42943117022514343, 0.08702944964170456, 0.20243094861507416, 0.09119117259979248, 0.24448490142822266, 0.009687814861536026, 0.32159265875816345, 0.24819815158843994, 0.2611926198005676, 0.2914990484714508, 0.25906801223754883, 0.10137245804071426, 0.21350550651550293, 0.48476868867874146, 0.024626972153782845, 0.0907614454627037, 0.41005468368530273, 0.17264142632484436, 0.050275690853595734, 0.4882824122905731]
val step Loss: [1.030762791633606, 0.6987592577934265, 0.46196243166923523, 0.21088634431362152, 1.0222790241241455, 0.5168689489364624, 0.22708839178085327, 0.7269132137298584, 0.4433053731918335, 0.21431726217269897, 0.4366854429244995, 0.9979307055473328, 0.5879823565483093, 0.5815975069999695, 0.43049055337905884, 0.6727414727210999]
Train step Accs: [0.9753755614062258, 0.9856759176365264, 0.9998433583959899, 0.882703465579426, 0.9705208492439286, 0.9491913918247803, 0.9500136574706365, 0.887038158691702, 1.0, 0.9818237831176833, 0.9034452166198432, 0.9483996410409812, 0.9794853338132086, 0.9460939401314188, 1.0, 0.8837090163934426, 0.8924188939317532, 0.9308547602501738, 0.975968884567301, 0.9309428950863213, 0.938719862227325, 0.9945142197199365, 0.982655410590944, 0.9305870904962699, 0.9136465324384787, 0.9621157969978557, 0.9214881334188583, 0.8986649713922441, 0.990080770865807, 0.8951852853665134, 0.8952315134761576, 0.9754992448397383, 0.9796348314606742, 0.9958327345883029, 0.9810964083175804, 0.9997238331952499, 0.9511531069827034, 0.9619154298515822, 0.8459026128266033, 0.9181127982646421, 0.9725458684880139, 0.9338483146067416, 0.9246713070378964, 0.8860240257837679, 0.9792769626380275, 0.9476291578202406, 0.9776872964169381, 0.935465609963204, 1.0, 0.9158282556327051, 0.9348004598456232, 0.9360253365003959, 0.9271758436944938, 0.9335682589402244, 0.9760027425437093, 0.9513808975834293, 0.8812438440973688, 0.9959248060996451, 0.9770992366412213, 0.8952332828027624, 0.9556994160954557, 0.9878524295140971, 0.913570052298376]
val step Accs: [0.7464613470213097, 0.8287737814192473, 0.8891799842808489, 0.9512876202295998, 0.765447991761071, 0.8803564408334426, 0.9492562213262894, 0.8201079622132253, 0.8953676272555885, 0.951545417735187, 0.8971233544612384, 0.7765122753733232, 0.8687264084999301, 0.8600292825768667, 0.9044002411091019, 0.8552959854842368]
Preds: [17, 17, 7, 217, 217, 217, 217, 217, 473, 473, 331, 443, 443, 443, 330, 330, 330, 330, 388, 64, 76, 76, 310, 99, 338, 338, 107, 395, 395, 106, 106, 153, 153, 481, 387, 387, 206, 167, 167, 35, 35, 35, 401, 7, 196, 217, 473, 65, 65, 222, 313, 313, 313, 285, 285, 337, 337, 290, 290, 290, 434, 434, 434, 339, 339, 199, 398, 464, 464, 464, 340, 340, 340, 116, 94, 199, 199, 84, 84, 84, 153, 43, 182, 182, 182, 182, 182, 497, 497, 497, 497, 497, 497, 43, 43, 259, 208, 208, 441, 106, 346, 346, 346, 265, 265, 265, 265, 85, 85, 85, 146, 468, 468, 468, 406, 406, 467, 467, 467, 467, 134, 375, 375, 375, 375, 98, 98, 48, 48, 48, 13, 13, 170, 82, 321, 187, 187, 170, 187, 2, 341, 341, 341, 260, 260, 260, 391, 391, 321, 320, 320, 320, 7, 7, 479, 479, 398, 290, 290, 290, 360, 360, 434, 252, 143, 465, 310, 161, 161, 395, 395, 395, 444, 213, 213, 360, 360, 360, 434, 434, 434, 434, 434, 398, 331, 331, 331, 180, 443, 486, 376, 376, 376, 376, 376, 282, 282, 460, 263, 263, 263, 414, 414, 414, 247, 312, 312, 126, 292, 292, 292, 23, 23, 23, 23, 23, 260, 391, 391, 391, 391, 391, 73, 244, 244, 320, 320, 320, 320, 7, 473, 473, 473, 290, 290, 290, 171, 171, 171, 434, 434, 252, 143, 36, 310, 310, 107, 107, 107, 107, 400, 400, 213, 213, 213, 213, 246, 246, 246, 246, 19, 19, 19, 454, 197, 197, 197, 414, 414, 414, 80, 225, 66, 66, 66, 68, 68, 115, 115, 273, 273, 486, 486, 486, 460, 460, 240, 240, 35, 183, 183, 183, 30, 30, 324, 324, 286, 464, 464, 464, 464, 139, 330, 330, 116, 116, 33, 250, 250, 147, 473, 398, 324, 324, 324, 324, 318, 318, 368, 368, 478, 453, 342, 342, 115, 168, 273, 273, 273, 265, 265, 376, 376, 460, 460, 460, 178, 178, 35, 35, 440, 287, 287, 111, 111, 111, 438, 438, 169, 150, 162, 232, 232, 172, 172, 115, 267, 267, 444, 286, 278, 139, 139, 139, 302, 497, 497, 497, 98, 14, 259, 440, 437, 287, 287, 125, 125, 125, 413, 348, 348, 216, 212, 219, 448, 448, 324, 464, 464, 374, 374, 374, 313, 251, 94, 199, 331, 134, 134, 153, 497, 497, 43, 43, 43, 364, 364, 100, 100, 153, 100, 182, 182, 182, 182, 98, 98, 98, 13, 13, 414, 414, 237, 237, 237, 237, 237, 237, 237, 237, 47, 47, 80, 80, 73, 73, 244, 321, 321, 320, 287, 287, 481, 297, 297, 293, 497, 497, 122, 122, 8, 8, 280, 354, 100, 100, 100, 346, 346, 426, 426, 426, 98, 98, 98, 98, 263, 193, 17, 83, 403, 403, 403, 403, 403, 403, 403, 403, 403, 403, 403, 403, 403, 403, 403, 403, 403, 403, 403, 403, 403, 403, 403, 403, 403, 403, 403, 403, 403, 403, 403, 403, 403, 403, 403, 403, 403, 403, 403, 403, 403, 403, 403, 403, 403, 403, 403, 403, 403, 403, 403, 403, 403, 403, 403, 403, 403, 403, 403, 403, 403, 403, 403, 403, 403, 403, 403, 403, 403, 403, 403, 403, 403, 403, 403, 403, 403, 403, 403, 403, 403, 403, 403, 403, 403, 403, 403, 403, 403, 403, 403, 403, 403, 403, 403, 403, 403, 403, 403, 403, 403, 403, 403, 403, 403, 403, 403, 403, 403, 403, 403, 403, 403, 403, 403, 403, 403, 403, 403, 403, 403, 403, 403, 403, 403, 403, 403, 403, 403, 403]

