ep532
Train step Loss: [0.13182120025157928, 0.052257273346185684, 0.23332829773426056, 0.20826227962970734, 0.007861573249101639, 0.05817314237356186, 0.026469724252820015, 0.06140004098415375, 0.14538317918777466, 0.047432791441679, 0.019979730248451233, 0.02688891999423504, 0.05324098840355873, 0.14505119621753693, 0.0017369275446981192, 0.1304246336221695, 0.00179342704359442, 0.13862833380699158, 0.10725541412830353, 0.18809601664543152, 0.08591516315937042, 0.20816011726856232, 0.2535149157047272, 0.058456286787986755, 0.18635593354701996, 0.12879131734371185, 0.20871180295944214, 0.12879154086112976, 0.17711791396141052, 0.34428727626800537, 0.1791948527097702, 0.02107655443251133, 0.07850025594234467, 0.30899354815483093, 0.11048348993062973, 0.35217615962028503, 0.10266321152448654, 0.21961025893688202, 0.11940529197454453, 0.15477605164051056, 0.1126771867275238, 0.20991654694080353, 0.1494709700345993, 0.05460267513990402, 0.001758411293849349, 0.20932330191135406, 0.09542033076286316, 0.14155229926109314, 0.0016429245006293058, 0.05830204486846924, 0.12318652123212814, 0.04989687725901604, 0.12489701807498932, 0.039714064449071884, 0.06345748156309128, 0.00226685986854136, 0.0024950699880719185, 0.0015774891944602132, 0.0023517836816608906, 0.10628875344991684, 0.047377295792102814, 0.008722568862140179, 0.0016645058058202267]
val step Loss: [0.1524207442998886, 0.2402791976928711, 0.14163784682750702, 0.443215936422348, 0.014532482251524925, 0.30028796195983887, 0.4917525053024292, 0.6600204110145569, 0.28989842534065247, 0.26707983016967773, 0.19034725427627563, 0.432384192943573, 0.3801579475402832, 0.19268153607845306, 0.0025864052586257458, 0.26757514476776123]
Train step Accs: [0.9646198129047733, 0.9866781263429308, 0.9377426312005751, 0.9427558947798828, 0.9982051282051282, 0.984444146439587, 0.9927807857837012, 0.982654296087132, 0.9615435795076513, 0.9867381910296528, 0.9950262896120506, 0.9926800865080685, 0.9849304482225657, 0.9575634759804506, 1.0, 0.9636107193229901, 1.0, 0.9607609988109393, 0.970317297850563, 0.9502979218136899, 0.9752502028671897, 0.9392506365951255, 0.9336834391792868, 0.9831818798318188, 0.9484747500640861, 0.9628459687123947, 0.9392505435477683, 0.9625636418089248, 0.950347965738758, 0.9065407956844235, 0.9500727096461464, 0.9949685534591195, 0.9785341053523514, 0.912526347485697, 0.9704107169144708, 0.903719368080607, 0.9752170084287332, 0.9377224199288257, 0.9663876710508835, 0.9576739997426991, 0.9680876979293545, 0.9394839929758206, 0.9616729424421732, 0.9847942754919499, 1.0, 0.9441196464989803, 0.974878236349654, 0.9622304628485098, 1.0, 0.9846174073100185, 0.9640540540540541, 0.9858080268579277, 0.9633235529474526, 0.9902696691687517, 0.9818771977278875, 1.0, 0.9998706004140787, 1.0, 0.9998433829287392, 0.9695015450759102, 0.9863494051346274, 0.9981285090455396, 1.0]
val step Accs: [0.9593718843469591, 0.9390979257115292, 0.9625490788281486, 0.8885945777500779, 0.9979671845506026, 0.9256345177664974, 0.8699882075471698, 0.8422766345402448, 0.9335048754062839, 0.9325266342233329, 0.9507772020725389, 0.8927130949179887, 0.9079519978900171, 0.9542636726821876, 0.9998603351955307, 0.932899628252788]
Preds: [17, 437, 284, 284, 284, 284, 426, 426, 426, 426, 450, 450, 413, 413, 250, 250, 250, 276, 276, 276, 174, 109, 109, 403, 171, 171, 324, 324, 318, 318, 31, 54, 96, 270, 232, 172, 115, 273, 273, 486, 486, 460, 460, 215, 458, 75, 208, 208, 441, 345, 345, 141, 141, 186, 323, 323, 323, 323, 142, 397, 397, 494, 494, 333, 255, 385, 385, 457, 401, 32, 239, 188, 183, 183, 110, 110, 110, 145, 486, 460, 460, 169, 169, 150, 54, 54, 482, 482, 482, 482, 115, 273, 267, 267, 267, 171, 171, 171, 246, 246, 246, 246, 324, 301, 236, 129, 401, 259, 354, 354, 106, 180, 486, 486, 486, 460, 468, 406, 406, 467, 380, 180, 486, 486, 460, 460, 215, 215, 8, 102, 102, 48, 98, 197, 82, 80, 80, 249, 321, 7, 7, 345, 109, 109, 403, 403, 171, 171, 301, 116, 301, 250, 250, 364, 364, 276, 276, 346, 346, 284, 315, 315, 315, 450, 450, 413, 43, 364, 276, 276, 276, 276, 276, 138, 182, 375, 98, 98, 98, 98, 98, 98, 98, 305, 305, 305, 102, 102, 102, 102, 102, 102, 102, 102, 102, 102, 102, 102, 442, 479, 287, 287, 287, 284, 284, 284, 426, 426, 426, 206, 206, 263, 13, 233, 233, 170, 170, 392, 392, 392, 63, 63, 63, 63, 63, 63, 63, 63, 63, 63, 63, 63, 63, 63, 63, 63, 63, 63, 63, 63, 63, 63, 63, 63, 63, 63, 63, 63, 63, 63, 63, 63, 63, 63, 63, 63, 392, 244, 289, 320, 321, 7, 309, 479, 331, 331, 290, 360, 360, 246, 246, 246, 252, 252, 143, 458, 75, 188, 30, 324, 301, 301, 129, 129, 259, 259, 354, 354, 106, 284, 284, 319, 319, 203, 203, 53, 65, 375, 375, 98, 197, 401, 401, 321, 7, 7, 473, 473, 476, 324, 464, 464, 301, 285, 251, 251, 251, 4, 364, 276, 276, 276, 153, 153, 153, 387, 387, 387, 387, 122, 122, 314, 32, 401, 75, 75, 310, 107, 107, 107, 395, 395, 106, 106, 139, 139, 302, 293, 497, 497, 98, 122, 233, 229, 170, 392, 392, 392, 312, 187, 187, 292, 23, 23, 149, 149, 149, 320, 320, 441, 441, 153, 153, 153, 132, 132, 132, 132, 245, 43, 129, 458, 75, 208, 208, 441, 441, 387, 387, 169, 186, 150, 162, 54, 482, 68, 238, 6, 272, 494, 494, 26, 26, 324, 324, 464, 464, 464, 464, 120, 120, 120, 120, 282, 282, 240, 385, 233, 77, 77, 270, 433, 160, 160, 221, 196, 196, 116, 195, 195, 246, 246, 19, 48, 197, 197, 197, 170, 226, 440, 83, 83, 89, 255, 19, 236, 236, 32, 401, 82, 321, 320, 354, 473, 473, 476, 171, 171, 171, 464, 464, 139, 139, 139, 497, 497, 497, 497, 122, 122, 236, 239, 239, 75, 310, 107, 395, 395, 106, 106, 153, 424, 424, 182, 182, 182, 182, 182, 42, 42, 42, 42, 42, 147, 147, 456, 337, 324, 324, 17, 83, 443, 443, 438, 438, 438, 438, 438, 438, 438, 443, 443, 443, 443, 443, 443, 443, 443, 443, 443, 403, 403, 403, 403, 443, 443, 443, 443, 443, 443, 443, 443, 443, 443, 443, 443, 443, 443, 443, 443, 443, 443, 443, 403, 403, 403, 403, 403, 403, 403, 403, 403, 403, 403, 403, 403, 403, 403, 403, 403, 403, 403, 403, 403, 403, 403, 403, 403, 403, 403, 403, 403, 403, 403, 403, 403, 403, 403, 403, 403, 403, 403, 403, 403, 403, 403, 403, 403, 403, 403, 403, 403, 403, 403, 403, 403, 403, 403, 403, 403]

ep533
Train step Loss: [0.0015429729828611016, 0.010011374950408936, 0.23824238777160645, 0.11912018805742264, 0.0016672417987138033, 0.090419240295887, 0.0016148571157827973, 0.1758398711681366, 0.02021515928208828, 0.3713971972465515, 0.06916928291320801, 0.12481660395860672, 0.330335408449173, 0.1254708170890808, 0.051231078803539276, 0.13379043340682983, 0.0015333914197981358, 0.0015724027762189507, 0.06991951912641525, 0.2022552490234375, 0.0038704907055944204, 0.1070401668548584, 0.1017165407538414, 0.08704329282045364, 0.06664524227380753, 0.07536680996417999, 0.19720076024532318, 0.054474569857120514, 0.1553972065448761, 0.1277150809764862, 0.008824079297482967, 0.03973383828997612, 0.12088535726070404, 0.408282995223999, 0.14519183337688446, 0.12695278227329254, 0.0851321667432785, 0.05904291197657585, 0.11478498578071594, 0.1106470450758934, 0.2950405180454254, 0.0015079219592735171, 0.1431705355644226, 0.2266595959663391, 0.18125060200691223, 0.12924963235855103, 0.26047131419181824, 0.18576446175575256, 0.1775466501712799, 0.06632496416568756, 0.17247265577316284, 0.0014318833127617836, 0.08132459968328476, 0.09115451574325562, 0.24961653351783752, 0.09305053949356079, 0.15804429352283478, 0.0537298358976841, 0.32062017917633057, 0.21362587809562683, 0.02866765856742859, 0.015198269858956337, 0.05407853052020073]
val step Loss: [0.8399981260299683, 0.3711740970611572, 0.2041231095790863, 0.5156428217887878, 0.35416379570961, 0.2889603078365326, 0.29368579387664795, 0.6116887927055359, 0.37858206033706665, 0.27554675936698914, 0.25050535798072815, 0.3027363121509552, 0.5417119860649109, 0.19295713305473328, 0.12160828709602356, 0.5924534797668457]
Train step Accs: [1.0, 0.9974751459681237, 0.933876311430149, 0.9680332568807339, 1.0, 0.9746332518337408, 1.0, 0.9518421415758245, 0.9946278825995807, 0.8949579831932774, 0.9821889870836166, 0.9642710472279261, 0.9082368082368082, 0.965460910151692, 0.986281868771839, 0.9626815940290551, 1.0, 1.0, 0.9793914246196403, 0.9416977012970336, 0.9992326580724371, 0.9695044472681067, 0.9708761329305136, 0.9757795100222717, 0.9799340690841336, 0.9807959570435881, 0.9461623412479293, 0.9863499863499864, 0.9568175096125406, 0.9627546366676801, 0.9979577126381547, 0.9891415994130595, 0.965512484480618, 0.8858028678465315, 0.9587122852605746, 0.963766329800345, 0.9772091163534586, 0.9838174824247248, 0.9678830292426893, 0.9713021491782554, 0.9197488740275692, 1.0, 0.9598186366479049, 0.9348674471807293, 0.9525496646842971, 0.9648174831892411, 0.9275202860679411, 0.9485181577848893, 0.9541399673325794, 0.9811559778305622, 0.9546735268896239, 1.0, 0.9783171122335839, 0.9745095589154067, 0.9372645798155604, 0.9741786883258576, 0.956541085731237, 0.9857732252098449, 0.9114232478142468, 0.9419371196754563, 0.9922212618841832, 0.9960699281745494, 0.9853875476493011]
val step Accs: [0.7950146219189528, 0.9001639099985099, 0.9485417621010841, 0.8824882004114728, 0.9113869245201328, 0.9272603670972128, 0.929685534591195, 0.8468457517928771, 0.9139018371264053, 0.9350915375752145, 0.9366412213740458, 0.923536771861532, 0.8649091654145609, 0.9513669821240799, 0.969047619047619, 0.8434065934065934]
Preds: [17, 17, 5, 251, 251, 251, 241, 331, 431, 486, 486, 460, 460, 169, 35, 36, 449, 371, 371, 494, 494, 99, 99, 99, 338, 338, 338, 338, 60, 400, 400, 360, 200, 434, 464, 464, 464, 331, 355, 355, 282, 282, 282, 282, 330, 240, 216, 219, 324, 464, 464, 464, 464, 464, 255, 43, 43, 43, 43, 345, 345, 345, 109, 109, 109, 41, 324, 246, 246, 246, 246, 246, 3, 3, 197, 197, 259, 259, 7, 473, 473, 398, 398, 286, 464, 464, 464, 464, 180, 315, 315, 284, 319, 319, 319, 319, 450, 450, 450, 413, 43, 43, 364, 276, 276, 276, 276, 346, 346, 346, 346, 284, 284, 284, 265, 265, 265, 265, 265, 85, 85, 85, 85, 85, 299, 388, 313, 406, 406, 303, 217, 359, 359, 473, 291, 275, 275, 207, 207, 19, 358, 465, 465, 75, 134, 134, 302, 153, 497, 169, 349, 349, 349, 155, 441, 441, 441, 441, 148, 148, 148, 153, 182, 182, 182, 182, 387, 372, 372, 182, 387, 406, 406, 134, 134, 182, 100, 100, 375, 375, 98, 98, 98, 98, 98, 13, 229, 170, 170, 170, 170, 28, 28, 28, 28, 187, 187, 82, 1, 12, 12, 260, 260, 391, 391, 391, 73, 73, 73, 73, 244, 321, 320, 320, 451, 420, 213, 213, 213, 213, 213, 213, 246, 246, 246, 422, 76, 36, 310, 310, 310, 323, 323, 395, 395, 395, 374, 374, 374, 374, 132, 182, 182, 182, 182, 375, 98, 98, 98, 48, 48, 414, 170, 170, 170, 82, 28, 2, 244, 2, 2, 2, 244, 244, 316, 73, 73, 73, 244, 321, 287, 287, 287, 287, 287, 111, 111, 111, 111, 438, 348, 348, 348, 466, 250, 65, 302, 497, 497, 122, 122, 239, 75, 384, 384, 371, 180, 180, 443, 443, 443, 460, 169, 167, 35, 35, 77, 77, 342, 115, 115, 273, 273, 106, 284, 284, 486, 460, 460, 169, 169, 150, 150, 39, 232, 232, 232, 172, 172, 115, 115, 267, 267, 267, 267, 267, 324, 3, 3, 3, 3, 188, 188, 464, 464, 464, 120, 271, 271, 31, 31, 162, 232, 232, 172, 172, 115, 115, 273, 273, 106, 499, 265, 265, 265, 265, 85, 85, 85, 59, 59, 59, 59, 452, 452, 48, 17, 83, 443, 443, 438, 438, 438, 438, 438, 438, 438, 438, 438, 438, 438, 438, 438, 438, 438, 438, 438, 438, 438, 438, 438, 438, 438, 438, 438, 438, 438, 438, 438, 438, 438, 438, 438, 438, 438, 438, 438, 438, 438, 438, 438, 438, 438, 438, 438, 438, 438, 438, 438, 438, 438, 438, 438, 438, 438, 438, 438, 438, 438, 438, 438, 438, 438, 438, 438, 438, 438, 438, 438, 438, 438, 438, 438, 438, 438, 438, 438, 438, 438, 438, 438, 438, 438, 438, 438, 438, 438, 438, 438, 438, 438, 438, 438, 438, 438, 438, 438, 438, 438, 438, 438, 438, 438, 438, 438, 438, 438, 438, 438, 438, 438, 438, 438, 438, 438, 438, 438, 438, 438, 438, 438, 438, 438, 438, 438, 438, 438, 438, 438, 438, 438, 438, 438, 438, 438, 438, 438, 438, 438, 438, 438, 438, 438, 438, 438, 438, 438, 438, 438, 438, 438, 438, 438, 438, 438, 438, 438, 438, 438, 438, 438, 438, 438, 438, 438, 438, 438, 438, 438, 438, 438, 438, 438, 438, 438, 438, 438, 438, 438, 438, 438, 438, 438, 438, 438, 438, 438, 438, 438, 438, 438, 438, 438, 438, 438, 438, 438, 438, 438, 438, 438, 438, 438, 438, 438, 438, 438, 438, 438, 438, 438, 438, 438, 438, 438, 438, 438, 438, 438, 438]

ep534
Train step Loss: [0.0027937234845012426, 0.010018713772296906, 0.15114203095436096, 0.042600683867931366, 0.037686824798583984, 0.3852747678756714, 0.0960734412074089, 0.2137945145368576, 0.14771123230457306, 0.12742578983306885, 0.2811950445175171, 0.11186191439628601, 0.1063031330704689, 0.02931690216064453, 0.2547072172164917, 0.19760379195213318, 0.07160183787345886, 0.2730361223220825, 0.26221683621406555, 0.0016688014147803187, 0.11299633979797363, 0.18311573565006256, 0.0015337115619331598, 0.048296719789505005, 0.07577091455459595, 0.21566323935985565, 0.1563451588153839, 0.012760943733155727, 0.001454430865123868, 0.029112640768289566, 0.001448964700102806, 0.0509045347571373, 0.14833307266235352, 0.16579784452915192, 0.11468801647424698, 0.041836366057395935, 0.2439526468515396, 0.2118731141090393, 0.10355345159769058, 0.2642994821071625, 0.20611461997032166, 0.17989684641361237, 0.09728381037712097, 0.10643946379423141, 0.11698981374502182, 0.0018007156904786825, 0.03746236860752106, 0.07522033900022507, 0.0015142053598538041, 0.13527898490428925, 0.12730030715465546, 0.0014553986256942153, 0.128582164645195, 0.15774080157279968, 0.129032701253891, 0.14027740061283112, 0.0016534616006538272, 0.005522374529391527, 0.060821760445833206, 0.11163569986820221, 0.0012567377416417003, 0.23954051733016968, 0.0018372669583186507]
val step Loss: [0.47411778569221497, 0.6004155278205872, 0.40328651666641235, 0.38736799359321594, 0.3568103611469269, 0.08113667368888855, 0.1947060227394104, 0.29614633321762085, 0.4188879430294037, 0.14302055537700653, 0.1969141662120819, 0.43643298745155334, 0.617392361164093, 0.5797591805458069, 0.02397283725440502, 0.11667385697364807]
Train step Accs: [0.9997316516838857, 0.9976362132135681, 0.9585442275247047, 0.9866981968666864, 0.9910702019508174, 0.8936926265916494, 0.9726905392225164, 0.9401386263390044, 0.9608545647558386, 0.9651960784313726, 0.9186003226206726, 0.9666008805222408, 0.9719626168224299, 0.9915802318486883, 0.9286332714904143, 0.9474342928660826, 0.9796529024536206, 0.924923323109748, 0.9278266756939743, 1.0, 0.968223337192847, 0.9481491205040693, 1.0, 0.9867142329929881, 0.9808483472833026, 0.9432222368594388, 0.9555004567401801, 0.9957901067508645, 1.0, 0.991858361333678, 1.0, 0.9845994372871316, 0.9564812350279478, 0.9523744541484717, 0.967860422405877, 0.9892431809450634, 0.9303386316516932, 0.9437136352137617, 0.9741801272638277, 0.9300615137737362, 0.9415926748057714, 0.9506783493499152, 0.9708836803028097, 0.9685779508526924, 0.9662477051263946, 1.0, 0.9910888331940964, 0.97898493259318, 1.0, 0.9633649932157394, 0.9657931034482758, 1.0, 0.9647286197455307, 0.9569271175311884, 0.9637141280353201, 0.9622867404968573, 1.0, 0.9986187845303868, 0.9820627802690582, 0.9668909825033647, 1.0, 0.9349010229839245, 1.0]
val step Accs: [0.8784513805522209, 0.8645806941981251, 0.8960549346977246, 0.901654174205221, 0.9125600549073438, 0.9805535841022002, 0.9500707759619097, 0.9292613636363637, 0.8955499801927902, 0.9629311578646057, 0.9523747048018892, 0.8857894736842106, 0.8472462764114999, 0.8577857785778578, 0.9953435868491605, 0.9696192542907871]
Preds: [17, 17, 145, 145, 486, 460, 460, 169, 169, 349, 205, 205, 234, 234, 155, 25, 25, 148, 148, 387, 348, 348, 348, 398, 398, 398, 324, 360, 434, 434, 339, 200, 248, 473, 398, 398, 360, 360, 360, 360, 360, 360, 434, 434, 434, 246, 19, 19, 19, 454, 454, 454, 414, 414, 414, 414, 249, 80, 80, 80, 80, 321, 320, 188, 188, 188, 171, 171, 434, 434, 339, 339, 250, 345, 43, 153, 43, 43, 43, 285, 285, 285, 285, 285, 84, 139, 139, 496, 496, 293, 274, 122, 8, 75, 354, 354, 420, 420, 360, 360, 360, 360, 434, 434, 19, 19, 19, 454, 454, 48, 414, 414, 414, 414, 102, 414, 82, 82, 47, 140, 184, 184, 321, 320, 7, 7, 7, 309, 473, 473, 398, 398, 360, 360, 360, 360, 434, 434, 434, 246, 246, 246, 246, 19, 19, 454, 454, 197, 197, 197, 7, 7, 7, 219, 219, 219, 219, 219, 219, 485, 286, 286, 286, 378, 468, 406, 467, 380, 499, 180, 486, 315, 315, 315, 315, 282, 282, 388, 348, 348, 250, 250, 250, 250, 138, 138, 153, 497, 497, 349, 349, 349, 349, 234, 234, 234, 261, 261, 25, 25, 148, 148, 153, 153, 182, 98, 98, 98, 98, 98, 197, 197, 197, 440, 188, 188, 356, 356, 257, 368, 368, 31, 342, 342, 342, 168, 168, 273, 444, 444, 444, 171, 324, 324, 324, 252, 422, 77, 478, 342, 172, 115, 115, 273, 273, 486, 486, 460, 460, 460, 178, 35, 35, 35, 411, 100, 100, 100, 182, 182, 182, 182, 182, 182, 182, 182, 182, 375, 375, 375, 98, 98, 98, 13, 226, 259, 321, 209, 287, 287, 426, 426, 426, 426, 98, 98, 98, 98, 13, 17, 83, 83, 55, 55, 55, 55, 55, 403, 438, 438, 438, 438, 438, 438, 438, 438, 438, 438, 438, 438, 438, 438, 438, 438, 438, 438, 438, 438, 438, 438, 438, 438, 438, 438, 438, 438, 438, 438, 438, 438, 438, 438, 438, 438, 438, 438, 438, 438, 438, 438, 438, 438, 438, 438, 438, 438, 438, 438, 438, 438, 438, 438, 438, 438, 438, 438, 438, 438, 438, 438, 438, 438, 438, 438, 438, 438, 438, 438, 438, 438, 438, 438, 438, 438, 438, 438, 438, 438, 438, 438, 438, 438, 438, 438, 438, 438, 438, 438, 438, 438, 438, 438, 438, 438, 438, 438, 438, 438, 438, 438, 438, 438, 438, 438, 438, 438, 438, 438, 438, 438, 438, 438, 438, 438, 438, 438, 438, 438, 438, 438, 438, 438, 438, 438, 438, 438, 438, 438, 438, 438, 438, 438, 438, 438, 438, 438, 438, 438, 438, 438, 438, 438, 438, 438, 438, 438, 438, 438, 438, 438, 438, 438, 438, 438, 438, 438, 438, 438, 438, 438, 438, 438, 438, 438, 438, 438, 438, 438, 438, 438, 438, 438, 438, 438, 438, 438, 438, 438, 438, 438, 438, 438, 438, 438, 438, 438, 438, 438, 438, 438, 438, 438, 438, 438, 438, 438, 438, 438, 438, 438, 438, 438, 438, 438, 438, 438, 438, 438, 438, 438, 438, 438, 438, 438, 438, 438, 438, 438, 438, 438, 438, 438, 438, 438, 438, 438, 438, 438, 438, 438, 438, 438, 438, 438, 438, 438, 438, 438, 438, 438, 438, 438, 438, 438, 438, 438, 438, 438, 438, 438, 438, 438, 438, 438, 438, 438, 438, 438, 438, 438, 438, 438, 438, 438, 438, 438, 438, 438, 438, 438, 438, 438, 438, 438, 438, 438, 438, 438, 438, 438, 438, 438, 438, 438, 438, 438, 438, 438, 438, 438, 438, 438, 438, 438, 438, 438, 438, 438, 438, 438]

ep535
Train step Loss: [0.12171989679336548, 0.2768351137638092, 0.0014488623710349202, 0.1085180789232254, 0.3253527879714966, 0.07431650906801224, 0.1093040406703949, 0.24332673847675323, 0.26771071553230286, 0.06411230564117432, 0.059102460741996765, 0.2357141375541687, 0.08310383558273315, 0.1224595233798027, 0.2013145536184311, 0.2680685222148895, 0.09424710273742676, 0.25620806217193604, 0.15326257050037384, 0.001569183892570436, 0.04208169877529144, 0.23107124865055084, 0.13349248468875885, 0.194350928068161, 0.0015312511241063476, 0.0349201075732708, 0.1719459444284439, 0.0014854618348181248, 0.21509034931659698, 0.032392822206020355, 0.06405806541442871, 0.2193402498960495, 0.045024383813142776, 0.060585785657167435, 0.06450507044792175, 0.1283060610294342, 0.10997775942087173, 0.08566977828741074, 0.45528659224510193, 0.15639378130435944, 0.09590776264667511, 0.02573375217616558, 0.09702807664871216, 0.0016332637751474977, 0.06331025063991547, 0.08117537200450897, 0.050880465656518936, 0.20306575298309326, 0.03437185287475586, 0.1377648413181305, 0.10890170931816101, 0.08512736856937408, 0.11477096378803253, 0.017221907153725624, 0.1654764860868454, 0.05172637477517128, 0.10672242939472198, 0.05653807893395424, 0.1399754136800766, 0.1822582334280014, 0.08551876991987228, 0.09448742121458054, 0.001477432786487043]
val step Loss: [0.2620261013507843, 0.0801478922367096, 0.3994744122028351, 0.23858024179935455, 0.8618388772010803, 0.16526536643505096, 0.32264891266822815, 0.35447996854782104, 0.4971543252468109, 0.3795047700405121, 0.39760738611221313, 0.48834261298179626, 0.3744838535785675, 0.5648988485336304, 0.30460041761398315, 0.487224817276001]
Train step Accs: [0.9667388811010578, 0.922417258475144, 1.0, 0.9705285926727052, 0.906576980568012, 0.9782405968293441, 0.9677500313715648, 0.9376344086021505, 0.9205157268347974, 0.9808590102707749, 0.9814463111760409, 0.9342542170274937, 0.9775182115046471, 0.9674879349758699, 0.9441056910569106, 0.9269169903610991, 0.9738249366732339, 0.931567625705835, 0.9574325231636901, 1.0, 0.9904140593795766, 0.9369106122991101, 0.9629166666666666, 0.9475414522584333, 1.0, 0.9911450006149305, 0.9545326179045467, 1.0, 0.9380401704199635, 0.9899882980106618, 0.982035175879397, 0.9368292351582665, 0.9871472478345906, 0.982803206620119, 0.9825266953265844, 0.9632908096849778, 0.9685076016134037, 0.9758383945075257, 0.8762099522835719, 0.9559864138126238, 0.9743277935414133, 0.9922918100481762, 0.9735490498202363, 1.0, 0.9818095351325645, 0.9782700719627487, 0.9857516029446687, 0.9487543565251065, 0.9903676570343237, 0.9602523659305994, 0.970958622462092, 0.9767859817283211, 0.9686288759689923, 0.9957359211880605, 0.9549412577747063, 0.9848541278708877, 0.9694226170140076, 0.9847937180605758, 0.962390590809628, 0.948796098750381, 0.976039658496282, 0.9760824742268042, 1.0]
val step Accs: [0.9350614998016136, 0.9789143752671321, 0.8986824769433465, 0.9332181922855498, 0.791622621564482, 0.9596498427027766, 0.9155860349127182, 0.9127087682672234, 0.8784105218972995, 0.9152918341882712, 0.9021990740740741, 0.8826040554962646, 0.9035546982639846, 0.8675805965652305, 0.9262517790141027, 0.8712495252563616]
Preds: [17, 17, 32, 32, 75, 108, 108, 119, 119, 351, 380, 171, 171, 178, 143, 458, 445, 445, 445, 451, 30, 30, 324, 301, 301, 464, 199, 331, 331, 319, 319, 315, 315, 319, 319, 319, 203, 203, 64, 76, 76, 465, 164, 27, 351, 351, 351, 486, 486, 486, 376, 376, 460, 460, 282, 282, 263, 263, 263, 263, 414, 414, 414, 414, 414, 47, 47, 82, 80, 75, 66, 66, 66, 66, 115, 115, 273, 273, 106, 293, 293, 274, 58, 144, 27, 437, 486, 486, 460, 460, 150, 150, 150, 232, 232, 172, 172, 115, 115, 267, 267, 267, 267, 267, 213, 246, 246, 246, 246, 246, 246, 464, 464, 464, 275, 116, 43, 250, 43, 276, 70, 70, 65, 65, 426, 426, 426, 426, 426, 426, 282, 282, 282, 282, 98, 215, 8, 259, 354, 65, 180, 180, 315, 113, 113, 206, 167, 215, 215, 364, 364, 276, 100, 100, 182, 182, 375, 98, 98, 98, 98, 13, 414, 414, 414, 170, 82, 170, 244, 28, 2, 244, 2, 63, 244, 2, 63, 244, 163, 244, 73, 289, 435, 66, 66, 66, 68, 172, 172, 115, 115, 267, 267, 267, 267, 360, 434, 434, 434, 434, 339, 398, 398, 398, 464, 464, 464, 464, 330, 330, 378, 43, 43, 43, 276, 276, 153, 153, 153, 387, 387, 387, 387, 387, 387, 58, 360, 324, 324, 464, 464, 464, 315, 315, 282, 282, 282, 282, 413, 43, 43, 364, 276, 276, 100, 346, 139, 293, 293, 122, 122, 402, 183, 183, 183, 110, 110, 464, 139, 139, 139, 139, 375, 185, 49, 49, 269, 323, 224, 397, 106, 88, 387, 88, 216, 216, 114, 89, 89, 446, 446, 199, 199, 120, 330, 330, 330, 379, 77, 368, 453, 168, 168, 490, 422, 99, 99, 99, 338, 338, 338, 60, 60, 395, 298, 139, 139, 139, 175, 251, 10, 10, 217, 473, 473, 398, 398, 360, 360, 434, 301, 301, 143, 259, 345, 345, 81, 278, 374, 374, 378, 43, 8, 345, 276, 346, 174, 174, 426, 426, 426, 319, 348, 348, 175, 43, 43, 345, 81, 81, 403, 171, 360, 360, 434, 339, 200, 248, 76, 465, 465, 183, 451, 451, 30, 324, 324, 301, 143, 129, 259, 74, 74, 351, 351, 351, 264, 264, 120, 120, 120, 120, 120, 37, 271, 271, 99, 99, 99, 436, 338, 338, 447, 427, 427, 427, 56, 56, 312, 312, 126, 126, 292, 1, 1, 1, 1, 1, 1, 1, 408, 408, 408, 149, 228, 244, 321, 321, 412, 287, 287, 111, 111, 460, 460, 169, 150, 77, 342, 232, 172, 172, 115, 115, 267, 267, 267, 267, 267, 246, 246, 246, 246, 246, 246, 246, 117, 32, 197, 32, 32, 219, 219, 219, 219, 219, 152, 485, 374, 374, 374, 374, 374, 374, 374, 374, 132, 132, 98, 98, 98, 197, 197, 197, 197, 197, 80, 75, 75, 155, 155, 155, 25, 25, 106, 106, 387, 293, 58, 58, 27, 27, 437, 437, 486, 151, 460, 169, 150, 150, 342, 232, 172, 172, 115, 267, 267, 267, 267, 213, 246, 246, 3, 3, 3, 3, 188, 30, 324, 422, 422, 349, 349, 402, 25, 106, 106, 284, 206, 319, 348, 348, 203, 399, 250, 276, 276, 138, 346, 346, 372, 372, 406, 467, 467, 467, 443, 443, 443, 463, 203, 43, 175, 81, 81, 431, 443, 403, 403, 325, 325, 171, 464, 464, 324, 301, 301, 173, 406, 473, 464, 464, 464, 120, 120, 120, 355, 355, 282, 263, 263, 263, 414, 414, 414, 414, 170, 170, 187, 187, 187, 187, 187, 244, 391, 73, 244, 244, 320, 320]

ep536
Train step Loss: [0.23401246964931488, 0.022453004494309425, 0.26382017135620117, 0.1054418608546257, 0.12655586004257202, 0.10951463133096695, 0.19378343224525452, 0.19493301212787628, 0.18229931592941284, 0.09126709401607513, 0.32655560970306396, 0.22135645151138306, 0.36609703302383423, 0.12472312897443771, 0.0983409434556961, 0.14807933568954468, 0.0727558359503746, 0.231105238199234, 0.024674532935023308, 0.06317900866270065, 0.12182990461587906, 0.08513222634792328, 0.25957420468330383, 0.0761682391166687, 0.07439889013767242, 0.00908172782510519, 0.20412461459636688, 0.02855202928185463, 0.04954859986901283, 0.0645739957690239, 0.12546394765377045, 0.07388211041688919, 0.0936570093035698, 0.08214697241783142, 0.05141768977046013, 0.13222157955169678, 0.26306983828544617, 0.3194873034954071, 0.019651547074317932, 0.10968683660030365, 0.1004529520869255, 0.021725500002503395, 0.001715787686407566, 0.00333878374658525, 0.21500404179096222, 0.16975553333759308, 0.2350483536720276, 0.0019454923458397388, 0.2349041998386383, 0.0650939792394638, 0.0351560153067112, 0.1257031410932541, 0.17134836316108704, 0.021278487518429756, 0.12642596662044525, 0.008767688646912575, 0.07103191316127777, 0.4475620985031128, 0.04754205048084259, 0.002062368905171752, 0.17947448790073395, 0.006712699308991432, 0.0018058709101751447]
val step Loss: [0.34757426381111145, 0.0013901889324188232, 0.30986952781677246, 0.04464631527662277, 0.9034128189086914, 0.3882388770580292, 0.2753196656703949, 0.2121836096048355, 0.3158623278141022, 0.0022257561795413494, 0.5297979712486267, 0.4604989290237427, 0.5282624363899231, 0.4770945906639099, 0.250567227602005, 0.5603632926940918]
Train step Accs: [0.935031847133758, 0.9938850387280881, 0.9263019116677653, 0.9716277951430632, 0.9659837142106645, 0.9697115384615385, 0.9461672707746006, 0.9510800508259212, 0.9533342732271254, 0.9753224901850813, 0.9097529630158504, 0.9377076411960132, 0.9039499509322866, 0.9657577679137603, 0.973954003879191, 0.9599273945825189, 0.9795290339844795, 0.9368392881038405, 0.9934136771300448, 0.9818479768057481, 0.9639121338912134, 0.9737728585178056, 0.9350156016822684, 0.9787531450936539, 0.9798973481608212, 0.9979317476732161, 0.9431123073158796, 0.9922470257986901, 0.9868252750063955, 0.9822724734785037, 0.9636363636363636, 0.9793489172522587, 0.9728245951139171, 0.9782996841093257, 0.9838251986379115, 0.96503204235163, 0.9295947605403193, 0.9114854927129296, 0.9942785375383757, 0.973399945989738, 0.9733674775928297, 0.9937793751727951, 1.0, 0.9993746091307066, 0.9423358853233426, 0.9515615041427661, 0.9349977165474197, 1.0, 0.933055017146265, 0.9819467428915301, 0.9914741474147415, 0.9650124955373081, 0.9518146150073565, 0.9948905109489051, 0.9657514859892443, 0.9977734483718341, 0.9834497418767082, 0.8741901461503692, 0.9864176570458404, 0.9998636487592037, 0.948468515840673, 0.9986044151230652, 1.0]
val step Accs: [0.918141592920354, 1.0, 0.9212378801965733, 0.9883222468588322, 0.7831023296962548, 0.9047382166397214, 0.9328763579927574, 0.9459119496855346, 0.9154250657318141, 1.0, 0.8716421692853522, 0.8772891324689213, 0.8685714285714285, 0.880955612868196, 0.9356128498552323, 0.8634113411341134]
Preds: [17, 309, 479, 479, 398, 278, 17, 17, 465, 77, 77, 54, 142, 108, 119, 351, 351, 494, 498, 468, 468, 468, 468, 467, 337, 337, 337, 337, 434, 339, 339, 94, 479, 331, 331, 84, 84, 84, 426, 426, 16, 375, 375, 375, 98, 98, 98, 98, 13, 13, 414, 259, 170, 187, 187, 442, 442, 187, 341, 2, 2, 244, 341, 341, 341, 2, 163, 2, 163, 244, 63, 63, 63, 244, 73, 73, 73, 73, 320, 320, 320, 7, 7, 7, 7, 219, 420, 420, 213, 213, 213, 213, 213, 213, 246, 246, 246, 246, 246, 246, 246, 3, 3, 3, 464, 188, 177, 177, 301, 216, 259, 354, 109, 109, 109, 403, 171, 171, 171, 171, 171, 246, 246, 246, 246, 246, 324, 422, 186, 99, 338, 338, 338, 338, 338, 400, 400, 400, 30, 464, 171, 171, 252, 252, 143, 36, 310, 310, 54, 107, 395, 395, 485, 286, 286, 464, 365, 365, 315, 315, 315, 315, 282, 282, 282, 282, 282, 413, 413, 43, 43, 43, 276, 138, 138, 138, 182, 182, 182, 182, 182, 182, 182, 426, 282, 282, 282, 282, 303, 303, 94, 199, 331, 84, 302, 302, 496, 375, 375, 130, 130, 130, 402, 196, 196, 309, 398, 398, 464, 464, 264, 468, 406, 406, 88, 43, 43, 43, 276, 276, 174, 174, 387, 413, 348, 348, 33, 398, 398, 398, 398, 464, 464, 443, 355, 355, 282, 460, 263, 263, 263, 263, 414, 414, 414, 187, 187, 187, 187, 187, 47, 47, 244, 392, 392, 73, 73, 73, 244, 75, 75, 310, 310, 323, 377, 397, 106, 106, 374, 153, 153, 424, 182, 182, 182, 182, 182, 182, 182, 497, 497, 497, 497, 122, 122, 129, 36, 310, 323, 108, 119, 437, 106, 106, 481, 481, 139, 293, 81, 81, 299, 299, 146, 324, 324, 422, 301, 143, 259, 354, 345, 109, 109, 109, 355, 355, 355, 355, 355, 355, 355, 355, 355, 355, 287, 287, 460, 460, 169, 215, 35, 259, 354, 431, 265, 111, 428, 428, 438, 438, 368, 31, 449, 449, 351, 486, 486, 443, 443, 240, 240, 449, 449, 449, 324, 324, 324, 477, 464, 464, 132, 132, 132, 381, 465, 465, 465, 259, 441, 441, 100, 100, 100, 100, 100, 375, 98, 98, 98, 48, 13, 13, 414, 170, 170, 170, 170, 28, 28, 28, 28, 63, 63, 63, 63, 244, 2, 2, 2, 2, 2, 63, 63, 63, 63, 63, 63, 244, 73, 73, 73, 73, 244, 321, 412, 287, 287, 287, 287, 284, 284, 284, 284, 450, 450, 450, 450, 16, 43, 43, 276, 276, 174, 387, 497, 497, 43, 43, 43, 8, 239, 219, 219, 464, 464, 476, 171, 171, 171, 171, 252, 252, 143, 99, 99, 338, 338, 445, 219, 219, 30, 477, 477, 374, 374, 132, 132, 186, 186, 186, 162, 482, 482, 482, 482, 482, 115, 273, 273, 106, 106, 424, 497, 497, 122, 122, 259, 310, 445, 445, 445, 351, 213, 213, 213, 324, 324, 19, 19, 19, 454, 197, 259, 7, 7, 188, 398, 398, 464, 171, 171, 252, 457, 457, 8, 364, 345, 109, 109, 109, 284, 284, 376, 376, 206, 206, 206, 167, 167, 35, 411, 100, 100, 100, 375, 98, 98, 98, 233, 259, 259, 441, 441, 100, 100, 100, 481, 387, 375, 98, 98, 98, 98, 13, 414, 414, 170, 170, 170, 170, 28, 2, 2, 2, 244, 2, 244, 63, 63, 63, 244, 63, 63, 392, 63, 73, 244, 73, 73, 73, 321, 320, 320, 7, 7, 487, 374, 374, 374, 374, 374, 374, 132, 132, 274, 274, 88, 288, 337, 337]

ep537
Train step Loss: [0.001691643032245338, 0.22550617158412933, 0.04956763982772827, 0.05266038328409195, 0.0016411388060078025, 0.12758702039718628, 0.16663019359111786, 0.16903366148471832, 0.05735073238611221, 0.0950506404042244, 0.11555539816617966, 0.0015154147986322641, 0.22891369462013245, 0.19326870143413544, 0.19824953377246857, 0.22630789875984192, 0.008466283790767193, 0.11434943228960037, 0.14664344489574432, 0.0016001776093617082, 0.0013433307176455855, 0.35436421632766724, 0.18823710083961487, 0.009423209354281425, 0.03820037841796875, 0.30103352665901184, 0.0805555209517479, 0.0838802307844162, 0.4058702290058136, 0.1297985464334488, 0.09588127583265305, 0.03780451789498329, 0.11852333694696426, 0.0013889175606891513, 0.12344351410865784, 0.07713737338781357, 0.08650083094835281, 0.20650072395801544, 0.07321521639823914, 0.20159949362277985, 0.0229160338640213, 0.11243701726198196, 0.13003036379814148, 0.06904193758964539, 0.0757707953453064, 0.12391430139541626, 0.0015882585430517793, 0.3247676193714142, 0.024244781583547592, 0.08555935323238373, 0.10346992313861847, 0.11560405045747757, 0.0013876453740522265, 0.0975027084350586, 0.08547999709844589, 0.14510048925876617, 0.05115325003862381, 0.21278634667396545, 0.24237562716007233, 0.14588981866836548, 0.2699022889137268, 0.001516116433776915, 0.19868671894073486]
val step Loss: [0.45614996552467346, 0.48891061544418335, 0.2794075310230255, 0.43035444617271423, 0.758453905582428, 0.12403998523950577, 0.17528578639030457, 0.4572634994983673, 0.5408130288124084, 0.028747426345944405, 0.8341695666313171, 0.17342594265937805, 0.32689234614372253, 0.2941635549068451, 0.12641799449920654, 0.38905060291290283]
Train step Accs: [1.0, 0.938764713662214, 0.9856300663227708, 0.9856, 1.0, 0.9651351014817582, 0.949799732977303, 0.9534819708230113, 0.983997672388711, 0.9744068248467076, 0.965587821414865, 1.0, 0.9343807763401109, 0.9479784366576819, 0.9448883990079912, 0.9379450661241099, 0.9980161541731614, 0.9700244435867748, 0.9598630136986301, 1.0, 1.0, 0.9017252396166134, 0.9473684210526315, 0.997612652939421, 0.9899930507296734, 0.918385423256991, 0.977850697292863, 0.9779954380786261, 0.8874404261283992, 0.9649122807017544, 0.9729552532371742, 0.9916570771001151, 0.9657070279424217, 1.0, 0.9664163822525598, 0.9789447912841229, 0.976854156296665, 0.9419181187136988, 0.9804008252284114, 0.9418911007025761, 0.9933190807055051, 0.9681562049534792, 0.9645141065830721, 0.979387346120813, 0.9770149253731343, 0.9660953334167397, 1.0, 0.9117972860703406, 0.9933822471586822, 0.9763899466869764, 0.9714178731902147, 0.9703057872125348, 1.0, 0.9734758511480601, 0.9760792639773531, 0.9594888526373029, 0.9856306546035125, 0.9404373565301438, 0.9288600288600288, 0.9605037206639955, 0.927696717040125, 1.0, 0.9465325569084172]
val step Accs: [0.8850393700787401, 0.880866003510825, 0.926508827152046, 0.8867403314917127, 0.8181939087644634, 0.9676568573014992, 0.9537087168381159, 0.8920376175548589, 0.8671410090556274, 0.9919229134193, 0.8014308855291576, 0.9607642940490082, 0.9170600995278806, 0.9216893972723273, 0.9704551503859462, 0.9050315835329994]
Preds: [17, 17, 17, 284, 486, 486, 460, 460, 169, 150, 349, 234, 234, 234, 261, 25, 25, 332, 332, 399, 399, 53, 473, 473, 473, 398, 360, 360, 360, 360, 434, 434, 434, 339, 339, 216, 81, 398, 398, 324, 360, 360, 360, 360, 360, 360, 434, 434, 434, 434, 434, 19, 19, 454, 454, 454, 417, 414, 414, 414, 249, 249, 249, 82, 80, 80, 80, 320, 321, 188, 188, 188, 290, 171, 171, 171, 434, 339, 399, 53, 345, 345, 100, 497, 497, 497, 122, 285, 285, 285, 285, 285, 241, 431, 431, 139, 139, 139, 293, 175, 122, 216, 458, 192, 192, 180, 470, 403, 290, 290, 171, 434, 434, 434, 19, 19, 19, 19, 454, 454, 414, 414, 414, 414, 414, 414, 102, 414, 47, 47, 140, 140, 73, 244, 244, 321, 7, 7, 7, 309, 309, 309, 309, 398, 398, 360, 360, 360, 360, 360, 434, 434, 434, 434, 434, 434, 434, 434, 19, 19, 454, 454, 197, 197, 197, 197, 7, 321, 7, 219, 219, 219, 219, 451, 30, 30, 286, 286, 286, 468, 468, 468, 468, 467, 380, 180, 486, 315, 315, 315, 315, 315, 315, 315, 450, 450, 203, 203, 53, 250, 250, 250, 138, 138, 138, 345, 345, 387, 186, 186, 186, 349, 349, 234, 234, 234, 234, 261, 25, 25, 374, 374, 153, 153, 153, 182, 182, 98, 98, 98, 98, 197, 259, 259, 183, 183, 183, 257, 171, 171, 257, 422, 31, 31, 342, 342, 342, 342, 115, 273, 26, 359, 171, 171, 171, 171, 171, 171, 252, 422, 143, 478, 342, 342, 342, 115, 115, 273, 273, 486, 486, 486, 460, 460, 460, 169, 35, 35, 35, 441, 441, 100, 100, 424, 424, 182, 182, 182, 182, 182, 182, 182, 182, 182, 182, 375, 375, 98, 98, 98, 13, 13, 226, 321, 75, 437, 437, 437, 405, 405, 405, 206, 98, 98, 98, 98, 13, 13, 17, 83, 83, 55, 55, 438, 438, 438, 438, 438, 438, 438, 438, 438, 438, 438, 438, 438, 438, 438, 438, 438, 438, 438, 438, 438, 438, 438, 438, 438, 438, 438, 438, 438, 438, 438, 438, 438, 438, 438, 438, 438, 438, 438, 438, 438, 438, 438, 438, 438, 438, 438, 438, 438, 438, 438, 438, 438, 438, 438, 438, 438, 438, 438, 438, 438, 438, 438, 438, 438, 438, 438, 438, 438, 438, 438, 438, 438, 438, 438, 438, 438, 438, 438, 438, 438, 438, 438, 438, 438, 438, 438, 438, 438, 438, 438, 438, 438, 438, 438, 438, 438, 438, 438, 438, 438, 438, 438, 438, 438, 438, 438, 438, 438, 438, 438, 438, 438, 438, 438, 438, 438, 438, 438, 438, 438, 438, 438, 438, 438, 438, 438, 438, 438, 438, 438, 438, 438, 438, 438, 438, 438, 438, 438, 438, 438, 438, 438, 438, 438, 438, 438, 438, 438, 438, 438, 438, 438, 438, 438, 438, 438, 438, 438, 438, 438, 438, 438, 438, 438, 438, 438, 438, 438, 438, 438, 438, 438, 438, 438, 438, 438, 438, 438, 438, 438, 438, 438, 438, 438, 438, 438, 438, 438, 438, 438, 438, 438, 438, 438, 438, 438, 438, 438, 438, 438, 438, 438, 438, 438, 438, 438, 438, 438, 438, 438, 438, 438, 438, 438, 438, 438, 438, 438, 438, 438, 438, 438, 438, 438, 438, 438, 438, 438, 438, 438, 438, 438, 438, 438, 438, 438, 438, 438, 438, 438, 438, 438, 438, 438, 438, 438, 438, 438, 438, 438, 438, 438, 438, 438, 438, 438, 438, 438, 438, 438, 438, 438, 438, 438, 438, 438, 438, 438, 438, 438, 438, 438, 438, 438, 438, 438]

ep538
Train step Loss: [0.15053075551986694, 0.07084362953901291, 0.1328018605709076, 0.07291989773511887, 0.12617167830467224, 0.1671914905309677, 0.20489884912967682, 0.26333412528038025, 0.1418040543794632, 0.08939950913190842, 0.0865616649389267, 0.060996994376182556, 0.0015663125086575747, 0.1506078839302063, 0.03495257347822189, 0.1781567931175232, 0.0014147991314530373, 0.11546678841114044, 0.1193593442440033, 0.367634654045105, 0.046641506254673004, 0.00965398270636797, 0.17056336998939514, 0.03618624806404114, 0.1321982443332672, 0.0016084566013887525, 0.02439521811902523, 0.14607860147953033, 0.1080431416630745, 0.07828482240438461, 0.14498481154441833, 0.22368092834949493, 0.0750722587108612, 0.21400737762451172, 0.08866238594055176, 0.12070142477750778, 0.0918320044875145, 0.017801038920879364, 0.19152414798736572, 0.1058117151260376, 0.0016469428082928061, 0.14238642156124115, 0.18880988657474518, 0.02856539934873581, 0.11671844869852066, 0.01770736090838909, 0.09359324723482132, 0.13302701711654663, 0.052683908492326736, 0.08989759534597397, 0.12431181222200394, 0.08778037130832672, 0.21407118439674377, 0.01688026264309883, 0.11306621879339218, 0.23867616057395935, 0.11589109897613525, 0.2081611007452011, 0.05170337110757828, 0.027201173827052116, 0.23280571401119232, 0.0523061528801918, 0.001632240484468639]
val step Loss: [0.22269339859485626, 0.53151935338974, 0.31099721789360046, 0.459219366312027, 0.41352522373199463, 0.7213246822357178, 0.33541521430015564, 0.13778723776340485, 0.2373535931110382, 0.2679559290409088, 0.4518558382987976, 0.2852291166782379, 0.0072756195440888405, 0.5935251712799072, 0.39470937848091125, 0.40431222319602966]
Train step Accs: [0.9591456179013392, 0.9803439803439803, 0.9634566422045829, 0.9785369570739142, 0.9647058823529412, 0.9529758806177339, 0.9440959912735206, 0.9280641767490795, 0.9612438035150969, 0.975653742110009, 0.9769030175090029, 0.9842618036472646, 1.0, 0.9556119213696893, 0.9909232365145229, 0.9493013972055888, 1.0, 0.9708209052003631, 0.9647278051377612, 0.8960291847902343, 0.9880523967180078, 0.9975867829961017, 0.9521876409562472, 0.9911169360710645, 0.9625603864734299, 1.0, 0.9939187184811629, 0.9563374311148792, 0.9697960251046025, 0.9789083471813882, 0.958041958041958, 0.9414780008543358, 0.978452122912151, 0.9402556744064702, 0.9747239590262072, 0.9658990814143702, 0.9744347379239465, 0.9950387596899225, 0.9442508710801394, 0.9707891294869931, 1.0, 0.96335558173014, 0.9459847723028301, 0.9924711596842745, 0.9672771672771673, 0.995272612669398, 0.9741063534166983, 0.9629124625034088, 0.9847457627118644, 0.9762335313872385, 0.9654027830971531, 0.9762962962962963, 0.9404195084287736, 0.9947448485686627, 0.9676680972818312, 0.9350491847459911, 0.9679446082831132, 0.944653349001175, 0.9843561973525873, 0.9936798658583774, 0.9352443190256944, 0.9843610934520025, 1.0]
val step Accs: [0.9421751340311463, 0.8704206241519674, 0.9197558433824624, 0.8943681318681319, 0.8982851158528603, 0.8256704980842912, 0.9170218812162546, 0.963298969072165, 0.938308309796343, 0.9288762446657184, 0.8814832767813864, 0.928400281888654, 0.9992697531765736, 0.8514292878635907, 0.9009950875425117, 0.9174254966887417]
Preds: [17, 17, 287, 287, 284, 265, 480, 85, 85, 146, 330, 388, 348, 64, 212, 199, 242, 374, 374, 10, 10, 473, 398, 398, 398, 213, 171, 246, 246, 246, 246, 246, 246, 246, 246, 318, 49, 49, 269, 323, 323, 219, 219, 213, 213, 360, 434, 246, 434, 434, 434, 19, 19, 19, 19, 454, 454, 454, 414, 414, 414, 414, 170, 47, 80, 80, 321, 75, 75, 66, 323, 323, 323, 323, 273, 273, 106, 153, 497, 274, 274, 122, 458, 192, 192, 445, 445, 351, 351, 403, 403, 290, 290, 290, 290, 360, 434, 434, 434, 434, 434, 434, 246, 434, 246, 246, 19, 248, 76, 465, 445, 445, 445, 351, 351, 171, 171, 171, 252, 183, 183, 183, 110, 110, 403, 403, 171, 171, 171, 252, 314, 76, 183, 183, 183, 183, 420, 213, 213, 213, 213, 213, 246, 246, 246, 246, 246, 246, 197, 197, 196, 75, 471, 258, 38, 38, 31, 31, 162, 232, 232, 172, 172, 115, 115, 267, 267, 267, 444, 286, 301, 301, 301, 132, 42, 42, 42, 147, 147, 147, 70, 88, 288, 374, 319, 348, 53, 53, 471, 368, 49, 49, 453, 219, 219, 219, 324, 324, 464, 464, 464, 464, 180, 315, 315, 315, 315, 315, 450, 450, 450, 413, 413, 175, 182, 182, 182, 182, 182, 182, 182, 182, 182, 182, 375, 375, 98, 98, 98, 98, 13, 229, 229, 414, 312, 312, 312, 23, 23, 23, 23, 23, 260, 260, 391, 244, 244, 73, 244, 321, 321, 320, 287, 287, 287, 353, 372, 372, 372, 467, 467, 499, 486, 486, 460, 460, 150, 150, 453, 54, 168, 168, 494, 494, 494, 38, 478, 342, 342, 172, 115, 273, 273, 273, 319, 319, 319, 348, 348, 348, 64, 64, 398, 398, 398, 324, 464, 464, 464, 464, 315, 315, 315, 315, 282, 282, 175, 175, 216, 241, 81, 431, 431, 443, 428, 443, 146, 438, 438, 325, 34, 324, 324, 301, 301, 301, 173, 337, 337, 464, 464, 464, 464, 464, 486, 376, 460, 460, 460, 263, 263, 263, 263, 13, 78, 78, 170, 170, 170, 244, 28, 244, 2, 2, 2, 2, 2, 2, 2, 2, 244, 63, 163, 316, 73, 73, 73, 244, 321, 320, 7, 7, 7, 479, 479, 290, 290, 290, 290, 290, 290, 434, 434, 434, 434, 434, 339, 339, 199, 199, 331, 110, 486, 486, 460, 460, 215, 35, 43, 182, 182, 182, 182, 88, 88, 88, 183, 324, 324, 324, 324, 324, 301, 301, 212, 280, 280, 420, 420, 420, 213, 213, 246, 246, 246, 19, 19, 454, 454, 129, 401, 259, 321, 354, 29, 380, 499, 498, 498, 468, 468, 468, 468, 120, 120, 120, 120, 282, 37, 37, 24, 24, 24, 310, 310, 107, 338, 338, 338, 338, 338, 447, 447, 363, 17, 83, 443, 403, 403, 438, 438, 438, 438, 438, 438, 438, 438, 438, 438, 438, 438, 438, 438, 438, 438, 438, 438, 438, 438, 438, 438, 438, 438, 438, 438, 438, 438, 438, 438, 438, 438, 438, 438, 438, 438, 438, 438, 438, 438, 438, 438, 438, 438, 438, 438, 438, 438, 438, 438, 438, 438, 438, 438, 438, 438, 438, 438, 438, 438, 438, 438, 438, 438, 438, 438, 438, 438, 438, 438, 438, 438, 438, 438, 438, 438, 438, 438, 438, 438, 438, 438, 438, 438, 438, 438, 438, 438, 438, 438, 438, 438, 438, 438, 438, 438, 438, 438, 438, 438, 403, 403, 403, 403, 403, 403, 403, 403, 403, 403, 403, 403, 403, 403, 403, 403, 403, 403, 403, 403, 403, 403, 403, 403, 403, 403, 403, 403, 403, 403, 403]

ep539
Train step Loss: [0.15946803987026215, 0.09559128433465958, 0.280134379863739, 0.0015005117747932673, 0.04531595855951309, 0.09600535035133362, 0.0984722226858139, 0.10763224214315414, 0.02115999534726143, 0.006621087901294231, 0.14736735820770264, 0.09241321682929993, 0.0016091428697109222, 0.02131529524922371, 0.0015108786756172776, 0.21279685199260712, 0.11392228305339813, 0.06715699285268784, 0.13234373927116394, 0.021718516945838928, 0.1651403307914734, 0.06338884681463242, 0.16781079769134521, 0.11631975322961807, 0.03327734023332596, 0.10417141765356064, 0.05708016827702522, 0.07038893550634384, 0.09890615195035934, 0.13241000473499298, 0.06395791471004486, 0.12722492218017578, 0.09686150401830673, 0.0724181979894638, 0.24234342575073242, 0.11197596788406372, 0.0015997817972674966, 0.25497961044311523, 0.0014125655870884657, 0.002582934685051441, 0.009787769988179207, 0.08883584290742874, 0.13053834438323975, 0.06906334310770035, 0.13643476366996765, 0.1508972942829132, 0.297146201133728, 0.0015226461691781878, 0.029737399891018867, 0.019253697246313095, 0.15364089608192444, 0.09192176908254623, 0.009192878380417824, 0.21495729684829712, 0.0027027358300983906, 0.1576417088508606, 0.09432407468557358, 0.058795515447854996, 0.05210099369287491, 0.010665046982467175, 0.2546035647392273, 0.08988398313522339, 0.001538734999485314]
val step Loss: [0.3266605734825134, 0.15510815382003784, 0.7496965527534485, 0.3432794213294983, 0.6089406609535217, 0.07779648154973984, 0.2394854575395584, 0.39667847752571106, 0.2800401449203491, 0.6283705830574036, 0.26209184527397156, 0.15961575508117676, 0.4485463798046112, 0.46304693818092346, 0.1732734739780426, 0.25418567657470703]
Train step Accs: [0.9538677201478272, 0.9725259321558732, 0.9244920373421197, 1.0, 0.9872650090964221, 0.972671285604311, 0.9742002063983488, 0.9692704970949, 0.9946018893387314, 0.9983307652799178, 0.9607865818392134, 0.9740449110527851, 1.0, 0.9949392712550608, 1.0, 0.9375597759256729, 0.9698520259991702, 0.9817678863322017, 0.9622077922077922, 0.9941615750169722, 0.9558714645342811, 0.9831675592960979, 0.9520130134200895, 0.968736797634136, 0.9905913978494624, 0.9735376044568245, 0.9853037659099856, 0.9790444258172674, 0.9719977709668431, 0.9637589549093973, 0.9820259340095006, 0.9657740226263783, 0.9730714192793027, 0.980979020979021, 0.9319342030629608, 0.9703981385729059, 1.0, 0.9337984265993766, 1.0, 0.999742301249839, 0.9974088789082743, 0.9758416859419172, 0.9656951250967243, 0.9796461354263669, 0.9618860510805501, 0.9556234718826406, 0.917041401767716, 1.0, 0.9923188405797101, 0.9948604992657856, 0.9566571179474406, 0.9746009715475364, 0.9976649153531816, 0.9381414701803051, 0.999752597723899, 0.9561391057487579, 0.9715837860426243, 0.9830487655079229, 0.9863247863247864, 0.9977893368010403, 0.9279774046759768, 0.9752660339373023, 1.0]
val step Accs: [0.9174263442991148, 0.9603924418604651, 0.8132843199391558, 0.916285924834193, 0.8475633528265107, 0.9792297111416781, 0.9418886198547215, 0.8913379194159764, 0.9278735632183908, 0.8427663203597457, 0.9348480288895576, 0.9590095960194289, 0.8871622567548649, 0.8941425546930134, 0.9580883461480476, 0.9405940594059405]
Preds: [17, 17, 17, 232, 482, 482, 482, 172, 172, 115, 115, 273, 273, 273, 486, 486, 376, 460, 460, 460, 169, 178, 35, 183, 183, 183, 183, 183, 451, 30, 30, 213, 213, 213, 213, 213, 213, 213, 213, 318, 368, 368, 368, 453, 453, 238, 6, 6, 272, 114, 114, 191, 277, 177, 301, 385, 457, 8, 345, 345, 473, 109, 109, 360, 360, 171, 171, 171, 246, 246, 246, 246, 246, 3, 19, 3, 454, 454, 197, 226, 259, 320, 72, 72, 72, 437, 437, 437, 284, 284, 284, 284, 306, 265, 306, 85, 85, 468, 468, 468, 468, 468, 468, 468, 468, 468, 468, 396, 396, 452, 452, 263, 263, 225, 225, 225, 225, 225, 225, 7, 7, 75, 75, 310, 310, 107, 107, 395, 395, 470, 443, 443, 443, 443, 443, 271, 271, 271, 271, 150, 150, 39, 39, 86, 86, 68, 68, 68, 68, 68, 68, 68, 66, 68, 68, 68, 68, 115, 115, 115, 267, 267, 267, 444, 252, 252, 143, 458, 192, 192, 27, 27, 196, 196, 399, 70, 70, 65, 65, 284, 284, 426, 426, 426, 426, 426, 282, 282, 167, 167, 35, 35, 35, 225, 441, 100, 100, 100, 497, 497, 98, 98, 98, 129, 129, 259, 441, 441, 437, 437, 437, 426, 426, 426, 426, 426, 426, 426, 413, 413, 452, 452, 452, 48, 48, 417, 417, 417, 417, 414, 414, 170, 414, 312, 187, 187, 341, 341, 249, 2, 249, 341, 341, 244, 163, 163, 163, 391, 391, 244, 244, 73, 73, 244, 321, 320, 287, 287, 100, 481, 481, 481, 293, 293, 293, 98, 35, 35, 14, 411, 441, 437, 437, 437, 481, 481, 481, 426, 182, 182, 182, 375, 375, 98, 98, 98, 98, 197, 197, 197, 414, 197, 7, 7, 7, 7, 7, 4, 4, 4, 4, 4, 280, 280, 485, 213, 213, 213, 213, 246, 246, 246, 246, 252, 252, 143, 129, 414, 259, 75, 74, 420, 420, 213, 213, 213, 213, 213, 246, 246, 246, 246, 434, 19, 19, 303, 303, 414, 414, 414, 414, 249, 197, 80, 249, 80, 7, 7, 7, 7, 7, 65, 287, 287, 284, 284, 284, 284, 284, 284, 284, 284, 376, 376, 376, 460, 460, 460, 460, 460, 167, 167, 35, 14, 188, 188, 188, 324, 464, 464, 464, 464, 339, 116, 116, 250, 250, 250, 250, 345, 276, 276, 153, 182, 375, 375, 413, 122, 49, 49, 269, 269, 9, 9, 142, 142, 219, 485, 485, 374, 374, 374, 374, 139, 139, 139, 139, 497, 497, 497, 122, 122, 186, 310, 310, 107, 107, 107, 395, 395, 351, 443, 443, 271, 271, 150, 150, 342, 86, 68, 68, 115, 115, 267, 267, 267, 267, 213, 324, 324, 3, 3, 3, 183, 188, 188, 188, 264, 443, 120, 120, 271, 271, 150, 31, 162, 86, 86, 86, 238, 238, 336, 336, 437, 437, 437, 499, 499, 306, 468, 468, 468, 467, 467, 396, 245, 245, 35, 35, 35, 259, 259, 74, 441, 100, 302, 497, 38, 38, 31, 162, 54, 54, 224, 224, 494, 494, 50, 271, 31, 478, 478, 342, 342, 172, 115, 115, 267, 267, 267, 213, 246, 374, 374, 132, 132, 374, 352, 352, 352, 352, 352, 305, 439, 13, 78, 78, 82, 170, 28, 187, 187, 12, 12, 12, 12, 12, 12, 63, 163, 63, 63, 63, 392, 316, 73, 73, 244, 73, 244, 321, 320, 7, 7, 7, 398, 398, 398, 464, 464, 464, 464, 330, 330, 330, 199, 199, 335, 14, 84, 84, 350, 350, 153, 153, 153, 182, 182, 182, 182, 182, 98, 98, 98, 98, 98, 98, 48, 48, 414]

ep540
Train step Loss: [0.01697356626391411, 0.1498166173696518, 0.061881519854068756, 0.0987095981836319, 0.204238623380661, 0.14964590966701508, 0.06740930676460266, 0.046652086079120636, 0.043879326432943344, 0.17650087177753448, 0.08983690291643143, 0.001371119637042284, 0.03738706558942795, 0.02924402803182602, 0.06772981584072113, 0.40270552039146423, 0.19054794311523438, 0.11289139091968536, 0.034810129553079605, 0.041310641914606094, 0.15288308262825012, 0.10158847272396088, 0.13326279819011688, 0.21815335750579834, 0.16586486995220184, 0.18655513226985931, 0.08455405384302139, 0.1035725399851799, 0.1641068309545517, 0.15592458844184875, 0.015445757657289505, 0.09486465156078339, 0.2514016628265381, 0.08901099860668182, 0.0013983587268739939, 0.0878307893872261, 0.038822345435619354, 0.002583517460152507, 0.15372349321842194, 0.0015197538305073977, 0.008486545644700527, 0.007984229363501072, 0.10216980427503586, 0.15090544521808624, 0.19707706570625305, 0.10855674743652344, 0.07089009135961533, 0.14329731464385986, 0.2063988298177719, 0.172141894698143, 0.02664226107299328, 0.18398374319076538, 0.0016847377410158515, 0.15260738134384155, 0.022695960476994514, 0.0018238851334899664, 0.0014029996236786246, 0.3100275993347168, 0.04694833606481552, 0.21627755463123322, 0.10450096428394318, 0.18730376660823822, 0.025589395314455032]
val step Loss: [0.5759131908416748, 0.3791952133178711, 0.18800866603851318, 0.32966944575309753, 0.2511305809020996, 0.416031152009964, 0.09944575279951096, 0.6173325777053833, 0.31070417165756226, 0.11598177999258041, 0.6819183826446533, 0.16530229151248932, 0.44850558042526245, 0.4989490509033203, 0.21305981278419495, 0.24969597160816193]
Train step Accs: [0.9953369434416366, 0.9579545454545455, 0.9803633449104996, 0.9735671936758893, 0.9442637492607925, 0.9564986031661568, 0.9824316787506971, 0.9865115048928855, 0.9858503782572149, 0.94865776734634, 0.974802110817942, 1.0, 0.9899312377210217, 0.9920948616600791, 0.9804206905675353, 0.8963800296057058, 0.9450166835920499, 0.9687090670935817, 0.9903320188271212, 0.9878520891736751, 0.9581768742716561, 0.9705133961981739, 0.9632575757575758, 0.9347489804528196, 0.9542162088287549, 0.9476263828595435, 0.9772378159474934, 0.9734034987910681, 0.95715925028688, 0.9568754034861201, 0.9961595273264402, 0.9733241188666206, 0.9289572081429165, 0.9763549823430063, 1.0, 0.9756779424098406, 0.9897959183673469, 0.9997561570348695, 0.9604941818704209, 1.0, 0.9984204984204984, 0.9978589589187743, 0.9732522796352584, 0.9590060544904138, 0.9463142117454694, 0.9705380679175066, 0.9830171155632215, 0.9603760913364674, 0.9444150344097406, 0.9515067105596353, 0.9926068788171006, 0.9483895511032209, 1.0, 0.9560271882369261, 0.994806614732814, 0.9998770441411533, 1.0, 0.9134211263659289, 0.986261939029177, 0.9432185523541813, 0.9705123479542941, 0.9465167306637411, 0.9937137330754352]
val step Accs: [0.8586264192744392, 0.9078299196266528, 0.9495641344956414, 0.9173068864366531, 0.9482328209170937, 0.8936815723519325, 0.9778554778554779, 0.8367614306301585, 0.9262108980827447, 0.96949753195798, 0.8363334256438659, 0.9602421240885954, 0.8900804289544236, 0.8730218538055765, 0.9495884773662552, 0.9365437672435415]
Preds: [17, 17, 7, 309, 479, 331, 432, 443, 443, 330, 330, 330, 348, 348, 360, 360, 398, 434, 324, 324, 324, 324, 324, 301, 301, 10, 10, 309, 479, 331, 331, 84, 84, 284, 284, 426, 426, 426, 426, 450, 375, 375, 98, 263, 263, 263, 13, 13, 414, 414, 414, 170, 82, 170, 82, 312, 187, 187, 12, 12, 12, 12, 12, 12, 408, 408, 391, 73, 82, 321, 320, 320, 479, 331, 331, 486, 486, 486, 460, 460, 240, 368, 368, 342, 342, 168, 494, 494, 422, 422, 99, 99, 338, 338, 338, 338, 400, 400, 400, 30, 171, 171, 324, 246, 246, 422, 99, 99, 338, 338, 338, 338, 400, 400, 400, 286, 286, 374, 374, 378, 378, 88, 88, 497, 497, 122, 122, 35, 259, 259, 259, 259, 75, 354, 420, 420, 213, 213, 213, 434, 434, 339, 399, 217, 473, 473, 398, 360, 360, 360, 434, 434, 339, 310, 310, 310, 107, 107, 395, 395, 41, 41, 41, 19, 19, 19, 454, 454, 454, 13, 414, 414, 414, 237, 237, 237, 237, 170, 170, 47, 47, 47, 47, 163, 391, 391, 73, 73, 244, 321, 321, 321, 83, 83, 486, 486, 486, 486, 460, 460, 167, 167, 35, 35, 196, 473, 473, 429, 360, 360, 360, 434, 434, 143, 129, 259, 75, 445, 445, 445, 445, 219, 485, 485, 374, 374, 374, 132, 132, 132, 122, 216, 81, 166, 324, 324, 324, 324, 301, 378, 259, 280, 473, 65, 480, 480, 428, 85, 85, 146, 146, 146, 271, 368, 186, 99, 338, 338, 338, 338, 400, 400, 400, 485, 301, 301, 374, 132, 132, 132, 100, 100, 497, 497, 497, 497, 122, 335, 335, 188, 188, 324, 324, 324, 301, 339, 250, 250, 345, 345, 345, 372, 319, 355, 251, 251, 251, 251, 241, 431, 431, 443, 264, 264, 264, 264, 264, 468, 468, 467, 467, 486, 460, 169, 150, 150, 150, 342, 342, 342, 68, 68, 115, 26, 267, 444, 444, 324, 324, 324, 3, 3, 3, 3, 188, 188, 171, 171, 120, 120, 271, 271, 271, 31, 39, 342, 342, 68, 68, 115, 273, 273, 265, 265, 265, 265, 85, 85, 85, 299, 299, 299, 59, 59, 59, 452, 452, 263, 17, 83, 443, 443, 443, 438, 438, 438, 438, 438, 438, 438, 438, 438, 438, 438, 438, 438, 438, 438, 438, 438, 438, 438, 438, 438, 438, 438, 438, 438, 438, 438, 438, 438, 438, 438, 438, 438, 438, 438, 438, 438, 438, 438, 438, 438, 438, 438, 438, 438, 438, 438, 438, 438, 438, 438, 438, 438, 438, 438, 438, 438, 438, 438, 438, 438, 438, 438, 438, 438, 438, 438, 438, 438, 438, 438, 438, 438, 438, 438, 438, 438, 438, 438, 438, 438, 438, 438, 438, 438, 438, 438, 438, 438, 438, 438, 438, 438, 438, 438, 438, 438, 438, 438, 438, 438, 438, 438, 438, 438, 438, 438, 438, 438, 438, 438, 438, 438, 438, 438, 438, 438, 438, 438, 438, 438, 438, 438, 438, 438, 438, 438, 438, 438, 438, 438, 438, 438, 438, 438, 438, 438, 438, 438, 438, 438, 438, 438, 438, 438, 438, 438, 438, 438, 438, 438, 438, 438, 438, 438, 438, 438, 438, 438, 438, 438, 438, 438, 438, 438, 438, 438, 438, 438, 438, 438, 438, 438, 438, 438, 438, 438, 438, 438, 438, 438, 438, 438, 438, 438, 438, 438, 438, 438, 438, 438, 438, 438, 438, 438, 438, 438, 438, 438, 438, 438, 438, 438, 438, 438, 438, 438, 438, 438, 438, 438, 438, 438, 438, 438, 438, 438, 438, 438, 438, 438, 438, 438, 438, 438, 438, 438]

ep541
Train step Loss: [0.014302931725978851, 0.07674656808376312, 0.08397682011127472, 0.06283584237098694, 0.14596617221832275, 0.14820361137390137, 0.21768617630004883, 0.28232523798942566, 0.126055508852005, 0.13826794922351837, 0.21618984639644623, 0.03187180310487747, 0.27146464586257935, 0.07644686102867126, 0.11651821434497833, 0.1579543948173523, 0.17999079823493958, 0.19373825192451477, 0.13429750502109528, 0.12356451153755188, 0.008335616439580917, 0.17285782098770142, 0.20169542729854584, 0.07296764850616455, 0.001554603222757578, 0.18367844820022583, 0.05310150980949402, 0.09496571868658066, 0.0015886430628597736, 0.0016716906102374196, 0.20053476095199585, 0.0013099453644827008, 0.04171149432659149, 0.08372267335653305, 0.0014360873028635979, 0.0015054931864142418, 0.06282258778810501, 0.0013923825463280082, 0.09021904319524765, 0.0014375918544828892, 0.08047901839017868, 0.12654457986354828, 0.010441348887979984, 0.22839820384979248, 0.0020152076613157988, 0.10510674118995667, 0.03999050706624985, 0.1594761610031128, 0.029541678726673126, 0.050642866641283035, 0.07572753727436066, 0.03649366274476051, 0.10949584096670151, 0.2728841304779053, 0.25344908237457275, 0.04277396574616432, 0.19522543251514435, 0.19656164944171906, 0.11842097342014313, 0.09301923960447311, 0.05145573616027832, 0.010140218771994114, 0.0013917607720941305]
val step Loss: [0.2104826122522354, 0.6831823587417603, 0.13564713299274445, 0.3016709089279175, 0.3951135277748108, 0.5144585967063904, 0.2844269573688507, 0.28664448857307434, 0.7205214500427246, 0.25355517864227295, 0.15492725372314453, 0.4485526382923126, 0.7219994068145752, 0.3600216209888458, 0.3719339370727539, 0.11160197108983994]
Train step Accs: [0.9960843753947202, 0.9790984638630068, 0.9772670807453416, 0.9821583446908685, 0.959479739869935, 0.9618121097720342, 0.9399709110141479, 0.9206369925597181, 0.9669433962264151, 0.9584372402327515, 0.9390112842557765, 0.9919849718221666, 0.928051391862955, 0.9776283460493986, 0.9685440755936839, 0.9588846880907372, 0.9485314685314685, 0.9456660700588085, 0.963270603504218, 0.9689171606187653, 0.9974189848006882, 0.9518502643234747, 0.9441687344913151, 0.9794739429695182, 1.0, 0.9463564388431087, 0.9862196334706634, 0.9744122613326406, 1.0, 1.0, 0.9453949244368406, 1.0, 0.9882096629501473, 0.9770491803278688, 1.0, 1.0, 0.9808132147395171, 1.0, 0.9737238264677707, 1.0, 0.9780970982142857, 0.9641590678824722, 0.9971777986829727, 0.9358803099118355, 0.9998552403011002, 0.9722042663219134, 0.9891177613680529, 0.9563953488372093, 0.9916000541931987, 0.9863733144073811, 0.9795211998846265, 0.9903100775193798, 0.9675778766687858, 0.9204451772464963, 0.9320618126131143, 0.9891015080471424, 0.9461012311901504, 0.9450403920010595, 0.9681905811071331, 0.9739768157085403, 0.9875572082379863, 0.9979278905926233, 1.0]
val step Accs: [0.9400392266741384, 0.829954954954955, 0.9660554038236442, 0.9267901414612805, 0.9045932079159541, 0.8699592801786418, 0.9307518707684999, 0.9293422025129342, 0.8353658536585366, 0.9349352051835853, 0.9623617296365464, 0.8894636536890825, 0.8249120337790289, 0.914608622854751, 0.9050119331742243, 0.9700146781295869]
Preds: [17, 17, 287, 287, 284, 284, 111, 85, 85, 330, 388, 67, 67, 212, 34, 242, 359, 250, 250, 217, 217, 217, 473, 473, 398, 290, 171, 171, 246, 246, 246, 246, 246, 318, 471, 471, 49, 49, 269, 323, 9, 395, 219, 219, 213, 246, 246, 246, 246, 19, 19, 19, 454, 229, 229, 417, 170, 392, 392, 392, 392, 392, 392, 392, 392, 392, 244, 435, 289, 201, 289, 66, 66, 323, 323, 397, 106, 302, 274, 274, 122, 129, 129, 321, 75, 144, 445, 445, 351, 351, 403, 403, 290, 290, 290, 171, 434, 434, 434, 434, 434, 434, 246, 246, 19, 19, 143, 129, 401, 82, 75, 445, 445, 445, 180, 171, 171, 171, 416, 143, 458, 445, 445, 464, 464, 171, 171, 171, 301, 143, 129, 259, 75, 74, 74, 420, 213, 213, 213, 213, 246, 246, 246, 246, 246, 19, 117, 48, 197, 197, 197, 197, 197, 7, 188, 422, 31, 162, 162, 68, 68, 68, 68, 68, 115, 115, 267, 444, 286, 286, 286, 374, 374, 132, 42, 42, 42, 42, 42, 147, 147, 337, 337, 213, 213, 324, 246, 246, 143, 422, 422, 49, 323, 323, 219, 219, 219, 324, 464, 464, 464, 464, 180, 315, 315, 315, 315, 315, 450, 450, 450, 413, 303, 43, 43, 276, 276, 153, 182, 182, 182, 182, 182, 375, 98, 98, 98, 98, 233, 414, 170, 170, 392, 392, 392, 63, 63, 63, 63, 63, 63, 63, 63, 63, 63, 63, 63, 63, 63, 392, 73, 289, 320, 320, 82, 287, 287, 353, 353, 467, 499, 376, 376, 376, 460, 460, 169, 150, 150, 342, 224, 224, 494, 494, 236, 129, 36, 77, 66, 68, 115, 273, 273, 319, 319, 319, 388, 388, 348, 64, 64, 64, 64, 473, 473, 398, 324, 324, 464, 464, 464, 139, 319, 319, 282, 319, 203, 53, 53, 70, 70, 65, 46, 46, 46, 438, 438, 175, 175, 81, 166, 324, 324, 301, 301, 339, 10, 479, 398, 398, 464, 464, 464, 464, 486, 376, 376, 460, 460, 263, 263, 78, 78, 78, 170, 170, 392, 392, 392, 392, 63, 63, 63, 63, 63, 63, 63, 63, 63, 63, 63, 63, 63, 63, 63, 63, 63, 73, 392, 244, 289, 289, 321, 7, 309, 479, 473, 331, 290, 171, 171, 171, 171, 434, 434, 434, 3, 3, 335, 14, 14, 287, 287, 145, 111, 450, 450, 43, 43, 43, 182, 182, 43, 88, 109, 109, 207, 207, 324, 324, 324, 301, 8, 32, 239, 239, 75, 354, 371, 420, 213, 213, 246, 246, 19, 19, 454, 129, 401, 401, 401, 80, 80, 320, 321, 354, 380, 380, 499, 499, 288, 288, 288, 120, 120, 120, 282, 282, 37, 37, 37, 243, 243, 233, 310, 310, 107, 107, 107, 338, 338, 447, 447, 439, 17, 83, 443, 438, 438, 438, 438, 438, 438, 438, 438, 438, 438, 438, 438, 438, 443, 443, 443, 443, 443, 443, 443, 443, 443, 443, 443, 443, 443, 443, 443, 443, 443, 443, 443, 443, 443, 443, 443, 443, 443, 443, 443, 443, 443, 443, 443, 443, 443, 443, 443, 443, 443, 443, 443, 443, 443, 443, 443, 443, 443, 443, 443, 443, 443, 443, 443, 443, 443, 443, 443, 443, 443, 443, 443, 443, 443, 443, 443, 443, 443, 443, 443, 443, 443, 443, 443, 443, 443, 443, 443, 443, 443, 443, 443, 443, 443, 443, 443, 443, 443, 443, 443, 443, 443, 443, 443, 443, 443, 443, 443, 443, 443, 443, 443, 443, 443, 443, 443, 443, 443, 443, 443, 443, 443, 443, 443, 443, 443, 443, 443, 443, 443, 443, 443, 443]

ep542
Train step Loss: [0.08138097822666168, 0.0014902075054123998, 0.18352390825748444, 0.0735127180814743, 0.03520991653203964, 0.041171349585056305, 0.25989246368408203, 0.09761790931224823, 0.22315314412117004, 0.051442015916109085, 0.09959878772497177, 0.13074791431427002, 0.11686455458402634, 0.287527471780777, 0.14224934577941895, 0.24040216207504272, 0.23876726627349854, 0.07770805060863495, 0.10843174159526825, 0.0644913986325264, 0.0016013451386243105, 0.06410375237464905, 0.1303730607032776, 0.0995272547006607, 0.16623061895370483, 0.0031348499469459057, 0.10863655805587769, 0.07399659603834152, 0.09457290172576904, 0.08770950883626938, 0.06951849162578583, 0.1662038415670395, 0.33791783452033997, 0.06862933933734894, 0.23593318462371826, 0.2589571475982666, 0.2651653289794922, 0.17146898806095123, 0.13168780505657196, 0.0013328741770237684, 0.3034674823284149, 0.00866159237921238, 0.09675095230340958, 0.1703955978155136, 0.0013538019265979528, 0.029487786814570427, 0.044533710926771164, 0.11718805134296417, 0.2549096345901489, 0.06988141685724258, 0.30406907200813293, 0.25710365176200867, 0.11600235104560852, 0.14502590894699097, 0.013866615481674671, 0.014141391031444073, 0.10087773948907852, 0.2840994894504547, 0.07799950242042542, 0.30054736137390137, 0.13761179149150848, 0.1734749674797058, 0.0018210220150649548]
val step Loss: [0.3625375032424927, 0.5300876498222351, 0.2788831293582916, 0.4163186848163605, 0.41830530762672424, 0.35922902822494507, 0.18216641247272491, 0.46985340118408203, 0.558908224105835, 0.3443918526172638, 0.37728896737098694, 0.07196427881717682, 0.31994959712028503, 0.34221652150154114, 0.3811529278755188, 0.48645687103271484]
Train step Accs: [0.979465541490858, 1.0, 0.9480249480249481, 0.9811534646450333, 0.9898653153753834, 0.9881997804610319, 0.9242616928076869, 0.9743759957514604, 0.9393715341959334, 0.9863494539781591, 0.9738486125236089, 0.9664448944171247, 0.967746344130108, 0.9221531506075162, 0.9613259668508287, 0.9356098972652294, 0.9364168618266979, 0.9778713168971738, 0.9714958483083406, 0.9822503008423586, 1.0, 0.9820086260012323, 0.962019524100061, 0.9732592004236166, 0.9527197272862012, 0.9996364077081565, 0.9683159722222222, 0.9800806550164977, 0.9737685459940653, 0.9756895081034973, 0.9808585503166783, 0.9574759945130316, 0.906138141323081, 0.9805317448786867, 0.9314239612747075, 0.9267482052645573, 0.9270155232849274, 0.9509851033157136, 0.9619341563786008, 1.0, 0.9137529137529138, 0.998091299506919, 0.9709294390610073, 0.952119941963566, 1.0, 0.9919990301854771, 0.9862961065573771, 0.9682073203312851, 0.9270287539936102, 0.9809471213585531, 0.9177008491182234, 0.9296733842946491, 0.9679304446978335, 0.9613252197430696, 0.9957775364941489, 0.9965860985934726, 0.9710181451612904, 0.9193674856246733, 0.9785395763656634, 0.9142596533900882, 0.9613894455577823, 0.9501332318233726, 1.0]
val step Accs: [0.9144125958821154, 0.8833180207376297, 0.9311466874918651, 0.895123580494322, 0.8916053386553574, 0.9137068854981408, 0.9587566338134951, 0.8818526756509224, 0.8613076705349562, 0.9063047285464098, 0.9009292351679771, 0.981827296653716, 0.9194831013916501, 0.913749649957995, 0.9057726105177775, 0.884221980413493]
Preds: [17, 17, 309, 309, 309, 479, 331, 360, 360, 360, 360, 143, 465, 96, 465, 75, 192, 445, 445, 351, 470, 278, 443, 432, 330, 330, 388, 388, 94, 94, 199, 434, 434, 275, 275, 275, 19, 19, 19, 19, 19, 303, 48, 303, 48, 48, 48, 102, 102, 102, 102, 237, 249, 249, 102, 47, 47, 2, 244, 73, 73, 244, 321, 320, 320, 320, 7, 7, 479, 398, 398, 398, 324, 324, 324, 301, 378, 378, 345, 345, 346, 346, 346, 346, 284, 265, 206, 85, 146, 240, 285, 34, 34, 324, 324, 324, 301, 374, 236, 116, 10, 309, 479, 331, 331, 153, 153, 153, 424, 424, 182, 182, 182, 182, 182, 182, 182, 98, 98, 197, 345, 100, 100, 375, 497, 122, 122, 49, 453, 168, 168, 168, 494, 356, 257, 236, 236, 77, 77, 323, 224, 273, 273, 106, 106, 481, 481, 387, 293, 293, 215, 35, 8, 7, 345, 109, 109, 109, 109, 403, 403, 403, 403, 171, 171, 171, 171, 207, 207, 207, 207, 19, 454, 454, 454, 229, 229, 229, 170, 312, 312, 187, 292, 292, 1, 1, 23, 23, 408, 408, 149, 244, 321, 321, 287, 287, 287, 287, 287, 284, 284, 450, 450, 450, 450, 413, 413, 250, 250, 276, 65, 174, 174, 174, 426, 387, 146, 146, 146, 146, 324, 324, 324, 422, 422, 186, 186, 99, 338, 338, 338, 338, 338, 400, 400, 400, 400, 213, 213, 286, 171, 171, 318, 318, 99, 99, 99, 338, 338, 338, 338, 338, 400, 400, 400, 485, 286, 286, 330, 330, 116, 116, 10, 479, 479, 331, 331, 106, 284, 284, 426, 426, 426, 426, 426, 413, 413, 282, 282, 282, 271, 281, 281, 49, 453, 9, 9, 168, 371, 470, 286, 286, 464, 464, 139, 139, 139, 139, 139, 139, 293, 293, 375, 375, 98, 98, 98, 259, 441, 441, 100, 100, 100, 100, 182, 182, 375, 98, 98, 98, 98, 263, 13, 13, 13, 170, 170, 244, 170, 312, 187, 341, 341, 341, 12, 12, 12, 12, 260, 260, 260, 163, 163, 244, 316, 316, 316, 244, 73, 73, 244, 321, 412, 287, 287, 287, 287, 284, 284, 284, 284, 111, 111, 111, 438, 438, 388, 388, 348, 466, 359, 359, 359, 81, 444, 444, 213, 213, 213, 213, 246, 246, 246, 246, 246, 246, 246, 318, 186, 99, 338, 338, 338, 338, 338, 400, 400, 400, 485, 286, 286, 286, 468, 468, 406, 406, 406, 88, 387, 387, 387, 387, 245, 122, 35, 8, 259, 259, 354, 420, 420, 213, 213, 213, 213, 246, 246, 252, 143, 239, 198, 127, 127, 114, 114, 41, 41, 41, 324, 246, 246, 246, 246, 19, 19, 239, 239, 75, 445, 445, 351, 93, 171, 171, 171, 171, 171, 252, 416, 445, 445, 464, 464, 443, 443, 330, 330, 203, 314, 173, 280, 280, 29, 487, 337, 213, 213, 213, 213, 360, 275, 275, 275, 19, 19, 19, 454, 454, 414, 414, 170, 80, 80, 80, 80, 321, 320, 320, 354, 420, 420, 213, 213, 213, 246, 246, 246, 246, 246, 246, 246, 246, 246, 197, 32, 32, 239, 310, 310, 310, 395, 395, 395, 180, 180, 443, 365, 365, 365, 365, 330, 330, 330, 388, 203, 64, 212, 473, 473, 398, 288, 288, 213, 324, 318, 318, 368, 310, 310, 107, 107, 107, 395, 400, 41, 41, 19, 19, 19, 454, 17, 83, 443, 443, 443, 438, 438, 438, 438, 438, 438, 438, 438, 438, 443, 443, 443, 443, 443, 443, 443, 443, 443, 443, 443, 443, 443, 443, 443, 443, 443, 443, 443, 443, 443, 443, 443, 443, 443, 443]

ep543
Train step Loss: [0.17899692058563232, 0.12429437041282654, 0.05963359400629997, 0.20290464162826538, 0.18557220697402954, 0.157898411154747, 0.11357898265123367, 0.11240901798009872, 0.04844919219613075, 0.02885574661195278, 0.14673618972301483, 0.008890822529792786, 0.06845518946647644, 0.14027470350265503, 0.1348140835762024, 0.008001862093806267, 0.32616785168647766, 0.02754322439432144, 0.17295871675014496, 0.014035801403224468, 0.4087207019329071, 0.1186811551451683, 0.13818569481372833, 0.013572005555033684, 0.0937032401561737, 0.07137194275856018, 0.0014821476070210338, 0.0016286129830405116, 0.1420651525259018, 0.021266086027026176, 0.04710136726498604, 0.11510934680700302, 0.19794803857803345, 0.04465425759553909, 0.28540828824043274, 0.10820470750331879, 0.001712049008347094, 0.09235291182994843, 0.24577933549880981, 0.025581303983926773, 0.19246913492679596, 0.32920756936073303, 0.0970233604311943, 0.14626480638980865, 0.17064310610294342, 0.09506607800722122, 0.07782550156116486, 0.1506555676460266, 0.054734617471694946, 0.1491883099079132, 0.08182556182146072, 0.0819496288895607, 0.08798821270465851, 0.1295558512210846, 0.03712853044271469, 0.001521283877082169, 0.1311219483613968, 0.15133599936962128, 0.12657126784324646, 0.13739272952079773, 0.022442087531089783, 0.2035924792289734, 0.27730023860931396]
val step Loss: [0.408502459526062, 0.26127058267593384, 0.2223595529794693, 0.5753204822540283, 0.03397361561655998, 0.2347993403673172, 0.347458153963089, 0.4291975796222687, 0.5037791728973389, 0.44502750039100647, 0.17532718181610107, 0.5415991544723511, 0.14811567962169647, 0.2785327136516571, 0.5506935715675354, 0.30766573548316956]
Train step Accs: [0.9492565816396126, 0.9631920349977372, 0.9832424006235386, 0.9464033850493653, 0.9475051975051975, 0.9545454545454546, 0.968844342470716, 0.9663032705649157, 0.987605417837976, 0.9926805855531557, 0.9567699836867863, 0.9975978521972587, 0.9825026511134677, 0.9604043807919124, 0.9632312739201749, 0.9983940042826552, 0.9088393968737032, 0.9923735616804924, 0.9516082294986961, 0.9962940086473132, 0.8915355805243446, 0.9664717348927875, 0.9607206622301574, 0.9964234620886981, 0.9742340725548007, 0.9793734691246616, 1.0, 1.0, 0.960412147505423, 0.9948160947914095, 0.9876638396299152, 0.9676840215439856, 0.9472843450479234, 0.9860110803324099, 0.9215841584158416, 0.9701280227596017, 1.0, 0.9746353836398225, 0.9282440335071914, 0.9924664758173873, 0.9432008953553441, 0.9099878197320341, 0.973855198019802, 0.9597192554165395, 0.9526686807653575, 0.9741390513320338, 0.9771003500583431, 0.9601052777392991, 0.9845565315953528, 0.95868410827613, 0.9779421654337592, 0.9755858176910809, 0.9764939579539811, 0.9674249562525239, 0.9889076102218478, 1.0, 0.9641934293097084, 0.9593628496174589, 0.9652817302219693, 0.9597225926913844, 0.993434795583408, 0.9427673815052589, 0.922463768115942]
val step Accs: [0.8984493767102463, 0.9391245791245791, 0.9473762449829047, 0.8559088632949424, 0.9924263288350317, 0.9393097396899678, 0.9120225422667502, 0.8999637987208882, 0.8866897575457694, 0.8834763689109151, 0.9561752988047809, 0.867526211391329, 0.9615384615384616, 0.9301840010439776, 0.8662990013414816, 0.9221597300337457]
Preds: [17, 17, 7, 251, 251, 241, 241, 431, 486, 486, 460, 460, 169, 35, 77, 342, 342, 224, 168, 494, 356, 422, 99, 99, 338, 338, 338, 338, 338, 400, 400, 400, 30, 324, 324, 464, 464, 464, 464, 282, 111, 111, 111, 438, 438, 219, 219, 219, 219, 219, 464, 464, 464, 222, 134, 43, 43, 43, 364, 276, 276, 345, 109, 109, 213, 324, 246, 246, 246, 246, 246, 19, 3, 197, 197, 226, 226, 197, 7, 7, 217, 473, 473, 398, 398, 286, 286, 464, 464, 464, 139, 139, 319, 319, 319, 426, 450, 450, 413, 43, 250, 250, 276, 276, 276, 276, 276, 346, 346, 346, 426, 426, 426, 426, 426, 287, 287, 480, 480, 480, 85, 85, 299, 388, 388, 299, 303, 303, 381, 381, 303, 250, 250, 473, 275, 275, 275, 434, 434, 339, 8, 8, 239, 354, 29, 29, 100, 255, 130, 349, 349, 205, 234, 205, 261, 20, 25, 148, 148, 148, 148, 148, 153, 182, 182, 182, 182, 182, 16, 16, 16, 16, 16, 16, 16, 16, 16, 274, 98, 98, 98, 98, 13, 13, 78, 170, 20, 170, 170, 421, 28, 28, 28, 28, 2, 2, 2, 2, 20, 2, 2, 2, 2, 2, 316, 316, 316, 73, 20, 20, 73, 73, 289, 289, 320, 320, 354, 420, 213, 213, 213, 213, 213, 252, 143, 143, 129, 401, 401, 310, 310, 310, 310, 107, 107, 395, 397, 374, 374, 374, 132, 132, 182, 182, 375, 98, 98, 98, 13, 13, 170, 170, 170, 170, 20, 20, 249, 2, 47, 2, 2, 2, 2, 2, 20, 316, 20, 73, 73, 73, 20, 289, 20, 20, 287, 287, 284, 111, 111, 322, 348, 251, 251, 331, 331, 302, 302, 274, 274, 236, 32, 32, 239, 401, 259, 384, 371, 180, 180, 443, 460, 178, 178, 35, 96, 96, 401, 77, 68, 342, 172, 115, 273, 106, 284, 284, 284, 460, 169, 169, 169, 169, 150, 150, 86, 232, 232, 232, 68, 68, 172, 115, 267, 267, 267, 213, 324, 324, 3, 335, 14, 440, 188, 188, 188, 171, 271, 271, 143, 143, 36, 270, 342, 232, 232, 172, 172, 483, 336, 483, 287, 287, 284, 284, 284, 306, 306, 306, 396, 59, 388, 303, 303, 48, 48, 13, 17, 83, 55, 55, 438, 438, 438, 438, 438, 438, 438, 438, 438, 438, 438, 438, 438, 438, 438, 438, 438, 438, 438, 438, 438, 438, 438, 438, 438, 438, 438, 438, 438, 438, 438, 438, 438, 438, 438, 438, 438, 438, 438, 438, 438, 438, 438, 438, 438, 438, 438, 438, 438, 438, 438, 438, 438, 438, 438, 438, 438, 438, 438, 438, 438, 438, 438, 438, 438, 438, 438, 438, 438, 438, 438, 438, 438, 438, 438, 438, 438, 438, 438, 438, 438, 438, 438, 438, 438, 438, 438, 438, 438, 438, 438, 438, 438, 438, 438, 438, 438, 438, 438, 438, 438, 438, 438, 438, 438, 438, 438, 438, 438, 438, 438, 438, 438, 438, 438, 438, 438, 438, 438, 438, 438, 438, 438, 438, 438, 438, 438, 438, 438, 438, 438, 438, 438, 438, 438, 438, 438, 438, 438, 438, 438, 438, 438, 438, 438, 438, 438, 438, 438, 438, 438, 438, 438, 438, 438, 438, 438, 438, 438, 438, 438, 438, 438, 438, 438, 438, 438, 438, 438, 438, 438, 438, 438, 438, 438, 438, 438, 438, 438, 438, 438, 438, 438, 438, 438, 438, 438, 438, 438, 438, 438, 438, 438, 438, 438, 438, 438, 438, 438, 438, 438, 438, 438, 438, 438, 438, 438, 438, 438, 438, 438, 438, 438, 438, 438, 438, 438, 438, 438, 438]

ep544
Train step Loss: [0.0753307119011879, 0.25807735323905945, 0.18901631236076355, 0.188088059425354, 0.37380048632621765, 0.09675823897123337, 0.20134934782981873, 0.08693567663431168, 0.08470765501260757, 0.12570278346538544, 0.27500632405281067, 0.10228640586137772, 0.0013978391652926803, 0.035973891615867615, 0.23914901912212372, 0.24910172820091248, 0.1255161613225937, 0.20112642645835876, 0.025277484208345413, 0.0016285477904602885, 0.09948103129863739, 0.22047339379787445, 0.001414619036950171, 0.12659291923046112, 0.09932342171669006, 0.011791500262916088, 0.013122186064720154, 0.03858937695622444, 0.1778973489999771, 0.001561395009048283, 0.0014760568737983704, 0.01936657354235649, 0.006185712292790413, 0.09054715186357498, 0.14246518909931183, 0.03044847957789898, 0.06116827204823494, 0.08960723876953125, 0.20458146929740906, 0.0013902434147894382, 0.11201613396406174, 0.023157281801104546, 0.12275909632444382, 0.0012954267440363765, 0.03510156273841858, 0.07093740999698639, 0.20372672379016876, 0.06286162883043289, 0.024228280410170555, 0.08570404350757599, 0.07847782969474792, 0.054084412753582, 0.15498913824558258, 0.11836198717355728, 0.04283049330115318, 0.07696110755205154, 0.013545583933591843, 0.001530520268715918, 0.07441555708646774, 0.001347970450296998, 0.15717759728431702, 0.17056159675121307, 0.0013693065848201513]
val step Loss: [0.3612200915813446, 0.03670426458120346, 0.3642027676105499, 0.5829722881317139, 0.39187633991241455, 0.19130457937717438, 0.14989455044269562, 0.22035962343215942, 0.29921722412109375, 0.5015006065368652, 0.19541510939598083, 0.17709490656852722, 0.2920302450656891, 0.3515106439590454, 0.17590010166168213, 0.5134060382843018]
Train step Accs: [0.9782973956874825, 0.9253959433175882, 0.9471141622171371, 0.9465275093415797, 0.8945256520492978, 0.9713529128550794, 0.9429178470254957, 0.9748085947147443, 0.9752360103981392, 0.9677334732423925, 0.9214285714285714, 0.9736483978720772, 1.0, 0.990733079596227, 0.9376889706848955, 0.9285283109984305, 0.9693315858453473, 0.9428449258836944, 0.9924155695477962, 1.0, 0.9723846653671215, 0.9370123421761952, 1.0, 0.9638939036244966, 0.9714285714285714, 0.9964719717757742, 0.9966689798750867, 0.9908245189244297, 0.9507274224540214, 1.0, 1.0, 0.9952849812786021, 0.998383402936818, 0.9753201707577375, 0.9572376818994128, 0.9933943089430894, 0.9836448598130841, 0.9744492243514535, 0.942226255293406, 1.0, 0.968547418967587, 0.9942809317896499, 0.9653214858694311, 1.0, 0.9910411293606625, 0.9826791451320017, 0.9431764520698882, 0.9818315018315018, 0.9925550923168552, 0.9752493091433377, 0.9778031456113648, 0.9851472134595163, 0.9587008259834803, 0.9673696209746366, 0.988923601249645, 0.9796933835395374, 0.9970422535211267, 1.0, 0.9795011113855273, 1.0, 0.9541759053954176, 0.9519581056466302, 1.0]
val step Accs: [0.9074412716275144, 0.9915611814345991, 0.9115475692993453, 0.8459519204200056, 0.9014496998096354, 0.9556295063782585, 0.96054300938848, 0.9425550157187768, 0.9226747385800771, 0.8836708315381301, 0.9521101844831943, 0.9581772784019975, 0.9254183686915272, 0.9164599921681242, 0.9548882490058961, 0.8731294729993494]
Preds: [17, 425, 251, 241, 479, 331, 331, 331, 284, 284, 284, 284, 284, 284, 315, 315, 315, 315, 315, 315, 315, 315, 315, 284, 319, 319, 319, 319, 319, 480, 480, 480, 480, 480, 85, 85, 85, 146, 146, 146, 146, 468, 468, 468, 468, 337, 337, 337, 337, 324, 324, 464, 464, 464, 464, 464, 365, 315, 282, 282, 282, 282, 282, 413, 413, 203, 43, 250, 345, 345, 250, 250, 250, 250, 183, 183, 30, 30, 257, 257, 31, 31, 162, 232, 232, 232, 232, 232, 172, 172, 115, 273, 273, 273, 486, 486, 315, 460, 169, 215, 35, 35, 320, 100, 100, 100, 497, 497, 497, 186, 186, 186, 323, 323, 323, 323, 142, 397, 397, 494, 153, 153, 88, 88, 88, 431, 431, 431, 284, 284, 284, 284, 206, 206, 206, 450, 450, 450, 413, 413, 216, 216, 303, 364, 364, 345, 345, 345, 345, 387, 132, 132, 132, 394, 76, 310, 99, 99, 99, 338, 338, 338, 395, 395, 395, 487, 106, 106, 153, 153, 153, 182, 182, 182, 182, 387, 387, 387, 14, 35, 35, 440, 440, 440, 89, 89, 89, 330, 330, 240, 416, 416, 416, 239, 219, 398, 464, 286, 286, 171, 264, 264, 468, 468, 339, 339, 250, 250, 495, 495, 132, 132, 134, 399, 399, 217, 473, 420, 420, 213, 213, 213, 213, 252, 422, 310, 310, 310, 107, 107, 107, 400, 400, 213, 213, 213, 213, 246, 19, 19, 19, 454, 454, 229, 414, 414, 414, 312, 312, 312, 126, 292, 292, 292, 292, 21, 21, 21, 21, 21, 21, 21, 21, 21, 21, 408, 101, 149, 149, 228, 321, 321, 412, 287, 287, 111, 111, 460, 460, 460, 150, 150, 77, 342, 172, 172, 115, 485, 485, 152, 152, 374, 139, 139, 139, 139, 139, 496, 293, 293, 122, 122, 458, 208, 208, 441, 441, 153, 153, 153, 153, 387, 387, 372, 372, 372, 396, 396, 313, 406, 250, 250, 250, 250, 250, 375, 375, 98, 98, 98, 98, 13, 414, 259, 259, 287, 287, 287, 111, 111, 460, 460, 178, 178, 169, 77, 77, 66, 68, 224, 224, 494, 494, 116, 116, 309, 479, 398, 398, 464, 443, 443, 330, 240, 31, 77, 342, 342, 115, 273, 273, 273, 428, 428, 428, 146, 146, 146, 146, 252, 324, 324, 324, 301, 301, 116, 94, 241, 241, 431, 431, 431, 486, 486, 486, 376, 376, 376, 376, 376, 376, 480, 85, 85, 85, 85, 282, 240, 240, 76, 285, 285, 285, 285, 134, 139, 139, 293, 293, 293, 150, 478, 478, 342, 342, 115, 273, 273, 273, 319, 319, 319, 319, 167, 35, 53, 219, 219, 398, 464, 464, 464, 464, 330, 116, 116, 314, 250, 133, 345, 88, 106, 106, 284, 284, 284, 426, 426, 426, 450, 450, 450, 413, 413, 43, 43, 43, 70, 65, 65, 284, 426, 426, 426, 426, 426, 450, 450, 167, 215, 8, 280, 287, 287, 111, 111, 443, 443, 146, 240, 240, 150, 449, 449, 119, 119, 351, 443, 443, 443, 443, 240, 240, 240, 325, 183, 34, 41, 41, 324, 324, 324, 246, 246, 246, 246, 246, 246, 246, 301, 301, 8, 259, 354, 287, 287, 284, 284, 376, 460, 460, 169, 150, 150, 150, 54, 232, 172, 482, 224, 142, 485, 485, 485, 374, 374, 374, 498, 498, 134, 153, 153, 182, 182, 182, 182, 43, 43, 276, 276, 346, 346, 346, 284, 284, 376, 376, 376, 460, 263, 263, 263, 263, 229, 229, 321, 312, 312, 312, 187, 12, 12, 12, 12, 12, 12, 12, 12, 12, 12, 12, 163, 163, 391, 391, 244, 73, 73, 140, 321]

ep545
Train step Loss: [0.11936068534851074, 0.07901504635810852, 0.001793961157090962, 0.18879640102386475, 0.19523994624614716, 0.09233628958463669, 0.04132217913866043, 0.24290095269680023, 0.015933945775032043, 0.08728698641061783, 0.02269253320991993, 0.10905696451663971, 0.3394230902194977, 0.19943098723888397, 0.22196537256240845, 0.11524071544408798, 0.04558748006820679, 0.13118351995944977, 0.1878272145986557, 0.022576043382287025, 0.042255062609910965, 0.006714685820043087, 0.0013243102002888918, 0.11047479510307312, 0.17241021990776062, 0.10481683909893036, 0.0013245940208435059, 0.13866794109344482, 0.04677378013730049, 0.14965058863162994, 0.17734432220458984, 0.009956765919923782, 0.13204602897167206, 0.11613081395626068, 0.09047919511795044, 0.001752026961185038, 0.12707266211509705, 0.2056453377008438, 0.14305709302425385, 0.23298417031764984, 0.0929139256477356, 0.20211443305015564, 0.13980619609355927, 0.1571701020002365, 0.1439618468284607, 0.1322198212146759, 0.055952541530132294, 0.09023652970790863, 0.001390405697748065, 0.3376883864402771, 0.2076665461063385, 0.08309832215309143, 0.0011832915479317307, 0.1707780659198761, 0.026449890807271004, 0.07912316918373108, 0.13514608144760132, 0.14901210367679596, 0.04273756220936775, 0.06844253093004227, 0.0897165834903717, 0.27082911133766174, 0.19299198687076569]
val step Loss: [0.34148362278938293, 0.47326070070266724, 0.41344404220581055, 0.3541485369205475, 0.008145371451973915, 0.1271289587020874, 0.45507362484931946, 0.38795575499534607, 0.27560341358184814, 0.3150002956390381, 0.16163131594657898, 0.2826599180698395, 0.6670781373977661, 0.45549264550209045, 0.5084629058837891, 0.660323441028595]
Train step Accs: [0.968952483801296, 0.9760355029585799, 0.999866844207723, 0.9449872841654396, 0.9464902186421174, 0.9731293923108723, 0.9897464320354719, 0.9306434987483434, 0.9968333553239214, 0.9748864547154689, 0.9937433439829606, 0.9709531013615734, 0.9107367938581414, 0.9439956919763058, 0.9386079249217936, 0.9664669131709805, 0.9877269240603426, 0.9639615589962627, 0.9474225290057278, 0.9930194187079578, 0.9873925501432664, 0.9983208670431996, 1.0, 0.9683373753705201, 0.9543958053895867, 0.9727341580408988, 1.0, 0.9599292869770183, 0.9871877001921845, 0.9573549257759784, 0.9515347334410339, 0.9968688845401175, 0.9633272446255444, 0.9695417416585906, 0.9749809499618999, 1.0, 0.9645358366860378, 0.9416630387461907, 0.9589653145208701, 0.9370965320522444, 0.9723122238586156, 0.9398407549395459, 0.960848774656306, 0.9548625943329062, 0.9595011210762332, 0.9646799116997793, 0.9824208266237252, 0.9776961094918262, 1.0, 0.9113642678521812, 0.9380016606698035, 0.9760901883052527, 1.0, 0.9523240371845949, 0.9938524590163934, 0.9786610878661088, 0.9612301064975469, 0.9630980777325663, 0.9880866944165351, 0.9797992164544564, 0.974993313720246, 0.9268390727589442, 0.9480481361901967]
val step Accs: [0.9118114406779662, 0.8738337278930511, 0.8949439542093967, 0.9137682110513191, 0.9987823028007036, 0.9688935555847225, 0.8871997956055186, 0.9011976047904192, 0.9298086866597725, 0.9216664419576648, 0.9586912065439673, 0.9292655044298371, 0.8445562435500515, 0.8851624494684833, 0.8780127889818002, 0.8391214010092015]
Preds: [17, 17, 287, 319, 319, 319, 319, 450, 450, 413, 43, 43, 364, 276, 276, 276, 153, 153, 153, 182, 182, 182, 182, 497, 497, 497, 98, 98, 98, 98, 259, 58, 72, 72, 110, 110, 110, 486, 460, 240, 240, 240, 325, 34, 398, 324, 121, 301, 378, 250, 250, 250, 65, 109, 387, 387, 403, 146, 171, 171, 252, 99, 99, 99, 338, 338, 338, 338, 338, 60, 400, 298, 290, 171, 171, 360, 339, 339, 200, 250, 242, 242, 116, 116, 33, 471, 471, 77, 478, 342, 232, 172, 172, 115, 267, 267, 267, 286, 286, 464, 464, 139, 139, 355, 355, 319, 282, 450, 413, 216, 43, 43, 276, 276, 153, 153, 297, 297, 182, 182, 182, 387, 372, 372, 372, 334, 59, 59, 59, 59, 406, 467, 467, 467, 467, 275, 275, 251, 236, 236, 212, 479, 331, 331, 106, 106, 481, 481, 481, 481, 426, 426, 426, 426, 282, 282, 452, 263, 263, 13, 414, 414, 414, 82, 170, 312, 312, 187, 187, 187, 12, 12, 12, 12, 12, 12, 408, 391, 391, 391, 244, 73, 140, 244, 321, 320, 320, 7, 30, 448, 324, 324, 324, 464, 464, 464, 486, 486, 486, 460, 460, 169, 169, 349, 234, 234, 261, 25, 25, 485, 286, 286, 464, 464, 464, 464, 264, 468, 468, 450, 406, 413, 313, 94, 183, 451, 324, 324, 324, 464, 378, 378, 88, 274, 274, 122, 478, 478, 342, 342, 172, 115, 273, 273, 151, 151, 151, 240, 240, 35, 35, 219, 485, 286, 286, 286, 286, 278, 374, 252, 219, 219, 219, 477, 477, 374, 132, 132, 132, 132, 375, 375, 375, 98, 98, 129, 259, 208, 208, 208, 441, 441, 437, 441, 441, 153, 138, 426, 426, 426, 282, 263, 263, 193, 17, 83, 443, 403, 403, 403, 403, 403, 403, 403, 443, 443, 443, 443, 443, 443, 443, 443, 443, 443, 443, 443, 443, 443, 443, 443, 443, 443, 443, 443, 443, 443, 443, 443, 443, 443, 443, 443, 443, 443, 443, 443, 443, 443, 443, 443, 443, 443, 443, 443, 443, 443, 443, 443, 443, 443, 443, 443, 443, 443, 443, 443, 443, 443, 443, 443, 443, 443, 443, 443, 443, 443, 443, 443, 443, 443, 443, 443, 443, 443, 443, 443, 443, 443, 443, 443, 443, 443, 443, 443, 443, 443, 443, 443, 443, 443, 443, 443, 443, 443, 443, 443, 443, 443, 443, 443, 443, 443, 443, 443, 443, 443, 443, 443, 443, 443, 443, 443, 443, 443, 443, 443, 443, 443, 443, 443, 443, 443, 443, 443, 443, 443, 443, 443, 443, 443, 443, 443, 443, 443, 443, 443, 443, 443, 443, 443, 443, 443, 443, 443, 443, 443, 443, 443, 443, 443, 443, 443, 443, 443, 443, 443, 443, 443, 443, 443, 443, 443, 443, 443, 443, 443, 443, 443, 443, 443, 443, 443, 443, 443, 443, 443, 443, 443, 443, 443, 443, 443, 443, 443, 443, 443, 443, 443, 443, 443, 443, 443, 443, 443, 443, 443, 443, 443, 443, 443, 443, 443, 443, 443, 443, 443, 443, 443, 443, 443, 443, 443, 443, 443, 443, 443, 443, 443, 443, 443, 443, 443, 443, 443, 443, 443, 443, 443, 443, 443, 443, 443, 443, 443, 443, 443, 443, 443, 443, 443, 443, 443, 443, 443, 443, 443, 443, 443, 443, 443, 443, 443, 443, 443, 443, 443, 443, 443, 443, 443, 443, 443, 443, 443, 443, 443, 443, 443, 443, 443, 443, 443, 443, 443, 443, 443, 443, 443, 443, 443, 443, 443, 443, 443, 443, 443, 443, 443, 443, 443, 443, 443, 443, 443, 443, 443, 443, 443, 443, 443]

ep546
Train step Loss: [0.3336429297924042, 0.07145888358354568, 0.06661301106214523, 0.12737034261226654, 0.08063692599534988, 0.07115647196769714, 0.020311085507273674, 0.003627388272434473, 0.14062665402889252, 0.03978279232978821, 0.006163455080240965, 0.10684346407651901, 0.07597921043634415, 0.05847322940826416, 0.2694895565509796, 0.1969222128391266, 0.16022145748138428, 0.21307794749736786, 0.13106700778007507, 0.2510243356227875, 0.17955292761325836, 0.06583181768655777, 0.04102160409092903, 0.021152649074792862, 0.09273803234100342, 0.09166548401117325, 0.057415835559368134, 0.27285417914390564, 0.17978444695472717, 0.10183737426996231, 0.14451493322849274, 0.02190529741346836, 0.018900925293564796, 0.1636820137500763, 0.0026958195958286524, 0.20433275401592255, 0.05865449085831642, 0.08659762144088745, 0.022619640454649925, 0.14757852256298065, 0.0014393511228263378, 0.08533910661935806, 0.10406571626663208, 0.03156577795743942, 0.19606029987335205, 0.13850988447666168, 0.11447476595640182, 0.16202953457832336, 0.3682752549648285, 0.024089189246296883, 0.16890756785869598, 0.012978517450392246, 0.2561127245426178, 0.06902363896369934, 0.14578531682491302, 0.15858158469200134, 0.08960843831300735, 0.12725526094436646, 0.0017445537960156798, 0.1092442199587822, 0.0014983818400651217, 0.044624097645282745, 0.09657982736825943]
val step Loss: [0.3950778841972351, 0.5285863876342773, 0.09991468489170074, 0.0395662784576416, 0.13712812960147858, 0.3859589397907257, 0.08598196506500244, 0.37873366475105286, 0.24532228708267212, 0.21089987456798553, 0.1397055685520172, 0.5038368701934814, 0.154351606965065, 0.02143857069313526, 0.11299259215593338, 0.7114657163619995]
Train step Accs: [0.9098499515972894, 0.9805292746469217, 0.98097936058276, 0.9637477036129822, 0.9777809839849949, 0.9839076969788978, 0.994234465086483, 0.9994534025690079, 0.9609124866595518, 0.9903065551920514, 0.9987277353689568, 0.97, 0.9797365754812564, 0.9832330730833226, 0.9255884586180714, 0.9458952725324762, 0.9519967728922952, 0.9399570024570024, 0.9642550757792393, 0.9298712827341322, 0.949486301369863, 0.9818844984802432, 0.9894145950280674, 0.9931662870159453, 0.975157955198162, 0.9744964687418258, 0.9825747724317295, 0.9218525953541726, 0.9490237190407548, 0.9721502590673575, 0.957819225251076, 0.994408945686901, 0.9955339017458384, 0.9558690306716707, 0.9995819980493242, 0.9439584472389284, 0.9842957833560034, 0.9754138266796495, 0.9947587482657623, 0.9571823204419889, 1.0, 0.9758177570093458, 0.9703161141094834, 0.9910572623683831, 0.9490227152667723, 0.9587076209794263, 0.9675035045240219, 0.9552667749593903, 0.8994830557151062, 0.9929514097180564, 0.9524473574117975, 0.9959833980452537, 0.9281894576012223, 0.9787204058624577, 0.9632772291000139, 0.9564223268325488, 0.9774242424242424, 0.9648002174503941, 1.0, 0.9699074074074074, 1.0, 0.9871562013492475, 0.9753269183320997]
val step Accs: [0.9009954997954452, 0.8650856389986825, 0.974455732946299, 0.9895104895104895, 0.9714040606233915, 0.9090509666080844, 0.9780600461893765, 0.9053453615187829, 0.9369236444116562, 0.9451327433628318, 0.9659881473846946, 0.878247179218053, 0.9601253204215323, 0.994457077885162, 0.9726636143280366, 0.8245105148658448]
Preds: [17, 451, 360, 360, 360, 301, 143, 17, 321, 321, 320, 7, 196, 70, 473, 109, 429, 360, 360, 434, 434, 434, 19, 19, 454, 454, 454, 408, 149, 82, 82, 66, 66, 66, 68, 68, 68, 115, 115, 267, 267, 470, 139, 139, 139, 443, 443, 443, 443, 85, 146, 240, 240, 240, 216, 34, 166, 324, 324, 324, 301, 349, 349, 261, 25, 25, 183, 30, 186, 186, 99, 338, 338, 338, 338, 338, 400, 400, 267, 267, 290, 360, 246, 246, 434, 3, 3, 3, 14, 226, 321, 209, 145, 145, 145, 460, 460, 178, 215, 259, 29, 100, 100, 497, 497, 122, 368, 49, 453, 224, 168, 106, 106, 496, 496, 274, 274, 8, 82, 364, 345, 345, 81, 81, 81, 474, 324, 324, 324, 246, 434, 339, 339, 339, 217, 398, 398, 398, 398, 434, 434, 434, 199, 199, 331, 275, 282, 282, 452, 263, 263, 193, 17, 83, 443, 443, 443, 438, 438, 438, 438, 438, 438, 438, 438, 438, 443, 443, 443, 443, 443, 443, 443, 443, 443, 443, 443, 443, 443, 443, 443, 443, 443, 443, 443, 443, 443, 443, 443, 443, 443, 443, 443, 443, 443, 443, 443, 443, 443, 443, 443, 443, 443, 443, 443, 443, 443, 443, 443, 443, 443, 443, 443, 443, 443, 443, 443, 443, 443, 443, 443, 443, 443, 443, 443, 443, 443, 443, 443, 443, 443, 443, 443, 443, 443, 443, 443, 443, 443, 443, 443, 443, 443, 443, 443, 443, 443, 443, 443, 443, 443, 443, 443, 443, 443, 443, 443, 443, 443, 443, 443, 443, 443, 443, 443, 443, 443, 443, 443, 443, 443, 443, 443, 443, 443, 443, 443, 443, 443, 443, 443, 443, 443, 443, 443, 443, 443, 443, 443, 443, 443, 443, 443, 443, 443, 443, 443, 443, 443, 443, 443, 443, 443, 443, 443, 443, 443, 443, 443, 443, 443, 443, 443, 443, 443, 443, 443, 443, 443, 443, 443, 443, 443, 443, 443, 443, 443, 443, 443, 443, 443, 443, 443, 443, 443, 443, 443, 443, 443, 443, 443, 443, 443, 443, 443, 443, 443, 443, 443, 443, 443, 443, 443, 443, 443, 443, 443, 443, 443, 443, 443, 443, 443, 443, 443, 443, 443, 443, 443, 443, 443, 443, 443, 443, 443, 443, 443, 443, 443, 443, 443, 443, 443, 443, 443, 443, 443, 443, 443, 443, 443, 443, 443, 443, 443, 443, 443, 443, 443, 443, 443, 443, 443, 443, 443, 443, 443, 443, 443, 443, 443, 443, 443, 443, 443, 443, 443, 443, 443, 443, 443, 443, 443, 443, 443, 443, 443, 443, 443, 443, 443, 443, 443, 443, 443, 443, 443, 443, 443, 443, 443, 443, 443, 443, 443, 443, 443, 443, 443, 443, 443, 443, 443, 443, 443, 443, 443, 443, 443, 443, 443, 443, 443, 443, 443, 443, 443, 443, 443, 443, 443, 443, 443, 443, 443, 443, 443, 443, 443, 443, 443, 443, 443, 443, 443, 443, 443, 443, 443, 443, 443, 443, 443, 443, 443, 443, 443, 443, 443, 443, 443, 443, 443, 443, 443, 443, 443, 443, 443, 443, 443, 443, 443, 443, 443, 443, 443, 443, 443, 443, 443, 443, 443, 443, 443, 443, 443, 443, 443, 443, 443, 443, 443, 443, 443, 443, 443, 443, 443, 443, 443, 443, 443, 443, 443, 443, 443, 443, 443, 443, 443, 443, 443, 443, 443, 443, 443, 443, 443, 443, 443, 443, 443, 443, 443, 443, 443, 443, 443, 443, 443, 443, 443, 443, 443, 443, 443, 443, 443, 443, 443, 443, 443, 443, 443, 443, 443, 443, 443, 443, 443, 443, 443, 443, 443, 443, 443, 443, 443, 443]

ep547
Train step Loss: [0.04422268643975258, 0.0015423087170347571, 0.05156267434358597, 0.16554944217205048, 0.0647103413939476, 0.001502372557297349, 0.08301657438278198, 0.11691012233495712, 0.16177260875701904, 0.18416234850883484, 0.10803929716348648, 0.1356104463338852, 0.03894656524062157, 0.02399720810353756, 0.2100716084241867, 0.16816815733909607, 0.21994072198867798, 0.1779581755399704, 0.20170822739601135, 0.0381292924284935, 0.08641313761472702, 0.021506035700440407, 0.09900594502687454, 0.0017198738642036915, 0.020102908834815025, 0.20720559358596802, 0.12944963574409485, 0.026404980570077896, 0.04494504630565643, 0.0433882400393486, 0.1301574558019638, 0.13202202320098877, 0.08907771110534668, 0.012865688651800156, 0.021425921469926834, 0.16845889389514923, 0.016591167077422142, 0.2262348085641861, 0.1251574009656906, 0.13528282940387726, 0.12690183520317078, 0.16436998546123505, 0.05099469795823097, 0.058956604450941086, 0.08960495889186859, 0.0018064189935103059, 0.09612475335597992, 0.15478192269802094, 0.0014284655917435884, 0.0015255033504217863, 0.11146458238363266, 0.096820168197155, 0.021503809839487076, 0.0014576000394299626, 0.10891437530517578, 0.02009408362209797, 0.008522514253854752, 0.002014793921262026, 0.0013771639205515385, 0.0167133379727602, 0.022211819887161255, 0.05039075016975403, 0.055092137306928635]
val step Loss: [0.4016370475292206, 0.11774914711713791, 0.2251121699810028, 0.4105863571166992, 0.533862292766571, 0.33949875831604004, 0.36859413981437683, 0.41956451535224915, 0.1235070452094078, 0.8570213913917542, 0.5531010031700134, 0.2899913787841797, 0.0027447091415524483, 0.4588717520236969, 0.37897399067878723, 0.34835511445999146]
Train step Accs: [0.9874158618671349, 1.0, 0.9852424455375967, 0.9547635366689513, 0.9800780161604904, 1.0, 0.9769311890324281, 0.9680810639645345, 0.9539957939011566, 0.9504694516260715, 0.9698420296792724, 0.9613217603167352, 0.9897890635496439, 0.9935897435897436, 0.9459497402779727, 0.9527896995708155, 0.9375926474948117, 0.947095144541117, 0.941631419939577, 0.9885453873629757, 0.9759865005192108, 0.9944642151047846, 0.9716083916083916, 1.0, 0.9951750587653099, 0.9413924394887137, 0.9679322341551959, 0.9935992122107337, 0.9867283950617284, 0.987556904400607, 0.9678855754958845, 0.9640127388535031, 0.9770101107366393, 0.9963141480011342, 0.994129924341247, 0.952447910008948, 0.9964935940660823, 0.9371386212008895, 0.9662816938802602, 0.962340900144338, 0.9655816850957795, 0.9557883976488628, 0.9850968703427719, 0.9842696629213483, 0.9737196765498652, 1.0, 0.974167776298269, 0.9564359041853119, 1.0, 1.0, 0.969668626402993, 0.9716455696202532, 0.9934475806451613, 1.0, 0.9694077337249143, 0.994103000917311, 0.9974937343358395, 0.9998485766202302, 1.0, 0.9951091045899172, 0.9941777720274292, 0.9873268493958149, 0.9843860894251242]
val step Accs: [0.8947038152610441, 0.9697106690777577, 0.9434761558944565, 0.9005712731229597, 0.8702702702702703, 0.9150956191509562, 0.9124753077039963, 0.8870117583457224, 0.9744427090728383, 0.8024337866857552, 0.8610399397136398, 0.9261858349577647, 0.999333866240341, 0.887302036199095, 0.9093257556187032, 0.9064835386790547]
Preds: [17, 17, 297, 297, 297, 297, 293, 98, 98, 129, 129, 401, 14, 441, 441, 437, 297, 297, 297, 297, 297, 182, 182, 98, 98, 98, 98, 13, 13, 13, 170, 392, 392, 392, 63, 63, 63, 63, 63, 63, 63, 63, 392, 392, 435, 435, 435, 244, 66, 66, 66, 66, 66, 68, 68, 68, 115, 115, 267, 267, 267, 267, 213, 213, 246, 246, 3, 3, 3, 14, 411, 188, 188, 464, 264, 443, 120, 240, 178, 143, 96, 96, 96, 86, 68, 483, 226, 14, 287, 145, 145, 111, 111, 264, 468, 406, 406, 406, 406, 406, 245, 130, 8, 8, 239, 354, 420, 420, 324, 324, 422, 143, 129, 401, 401, 164, 164, 168, 180, 180, 486, 486, 376, 376, 460, 460, 263, 263, 78, 170, 170, 170, 321, 312, 187, 187, 187, 23, 260, 392, 392, 392, 392, 392, 73, 244, 321, 149, 289, 289, 321, 321, 287, 287, 284, 284, 284, 284, 265, 265, 265, 85, 85, 85, 146, 299, 299, 219, 219, 219, 219, 219, 464, 464, 464, 464, 355, 355, 460, 460, 167, 167, 14, 259, 411, 411, 188, 145, 443, 443, 443, 120, 178, 178, 143, 96, 96, 96, 54, 482, 482, 142, 447, 447, 397, 196, 495, 495, 380, 288, 288, 337, 337, 301, 236, 129, 129, 401, 259, 354, 354, 100, 100, 182, 497, 122, 186, 269, 342, 494, 494, 494, 494, 129, 129, 270, 270, 433, 433, 68, 224, 494, 41, 303, 303, 303, 303, 48, 48, 170, 170, 170, 170, 170, 237, 305, 392, 392, 392, 392, 63, 63, 63, 63, 63, 63, 63, 63, 244, 289, 305, 435, 320, 320, 66, 66, 115, 115, 115, 115, 444, 444, 213, 213, 213, 213, 213, 3, 3, 14, 14, 411, 411, 188, 171, 443, 120, 240, 178, 143, 129, 77, 342, 224, 336, 336, 209, 209, 287, 287, 460, 460, 460, 306, 468, 406, 467, 467, 467, 467, 495, 245, 217, 217, 473, 473, 398, 398, 324, 399, 76, 310, 354, 445, 180, 324, 143, 99, 310, 75, 270, 66, 68, 224, 224, 196, 303, 303, 303, 303, 303, 303, 48, 48, 170, 170, 170, 170, 392, 392, 392, 392, 392, 392, 392, 63, 63, 63, 63, 63, 63, 244, 392, 392, 73, 73, 320, 320, 320, 287, 287, 284, 284, 284, 265, 85, 480, 111, 85, 85, 146, 146, 299, 299, 219, 219, 219, 219, 464, 180, 139, 443, 355, 169, 169, 169, 35, 14, 411, 188, 188, 188, 264, 443, 443, 240, 178, 416, 143, 96, 77, 54, 54, 482, 397, 221, 221, 26, 444, 495, 495, 487, 337, 41, 290, 171, 171, 143, 143, 314, 33, 33, 398, 398, 398, 331, 331, 324, 324, 324, 416, 458, 354, 420, 445, 324, 99, 239, 239, 401, 384, 66, 66, 164, 494, 494, 41, 324, 477, 19, 48, 17, 17, 17, 219, 403, 403, 403, 240, 240, 240, 240, 240, 240, 240, 240, 240, 240, 240, 240, 403, 403, 403, 403, 403, 403, 403, 403, 403, 403, 403, 403, 403, 403, 403, 403, 403, 403, 403, 403, 403, 403, 403, 403, 403, 403, 403, 403, 403, 403, 403, 403, 403, 403, 403, 403, 403, 403, 403, 403, 403, 403, 403, 403, 403, 403, 403, 403, 403, 403, 403, 403, 403, 403, 403, 403, 403, 403, 403, 403, 403, 403, 403, 403, 403, 403, 403, 403, 403, 403, 403, 403, 403, 403, 403, 403, 403, 403, 403, 403, 403, 403, 403, 403, 403, 403, 403, 403, 403, 403, 403, 403, 403, 403, 403, 403, 403, 403, 403, 403, 403, 403, 403, 403, 403, 403, 403, 403, 403, 403]

ep548
Train step Loss: [0.27643194794654846, 0.08972058445215225, 0.153886616230011, 0.08920162916183472, 0.09472459554672241, 0.02743414044380188, 0.02531866356730461, 0.07804927229881287, 0.23487184941768646, 0.15534937381744385, 0.1271243840456009, 0.27146390080451965, 0.08074933290481567, 0.20040354132652283, 0.3240179121494293, 0.2926707863807678, 0.05352335050702095, 0.1233324259519577, 0.1880626082420349, 0.051356349140405655, 0.20655779540538788, 0.04480630159378052, 0.30260851979255676, 0.05465900897979736, 0.18240614235401154, 0.012545869685709476, 0.19383271038532257, 0.08977953344583511, 0.15990819036960602, 0.2835153341293335, 0.03416962921619415, 0.0014545327285304666, 0.0506388321518898, 0.12693874537944794, 0.151917964220047, 0.001293183071538806, 0.13061842322349548, 0.040010541677474976, 0.18737618625164032, 0.05402982234954834, 0.22840310633182526, 0.04769951105117798, 0.1264144629240036, 0.06076063588261604, 0.009887211956083775, 0.1340678185224533, 0.17200422286987305, 0.0777343213558197, 0.2079605758190155, 0.0014709472889080644, 0.0012999101309105754, 0.00140564504545182, 0.016068626195192337, 0.10440564155578613, 0.03271596133708954, 0.0012496787821874022, 0.07890412211418152, 0.046664513647556305, 0.09098697453737259, 0.0090103168040514, 0.1399538815021515, 0.10480432957410812, 0.06400022655725479]
val step Loss: [0.16955865919589996, 0.49233371019363403, 0.16729018092155457, 0.20806531608104706, 0.5356929898262024, 0.3706006705760956, 0.18934762477874756, 0.43795785307884216, 0.19886255264282227, 0.48027241230010986, 0.38825711607933044, 0.18756066262722015, 0.776370644569397, 0.378938764333725, 0.32515794038772583, 0.34240978956222534]
Train step Accs: [0.9241454446411549, 0.9767795964979064, 0.9569602272727272, 0.9741316669088795, 0.9722717913520933, 0.992494788047255, 0.9928913192071087, 0.9785770960063476, 0.9357283613763832, 0.9577979339884102, 0.9631236442516269, 0.9252795200436323, 0.9780161568004238, 0.941398865784499, 0.9072454715802624, 0.9190604216782228, 0.9842098719383314, 0.9656399558228004, 0.9515450456985347, 0.9869034126684296, 0.9428194677535363, 0.9885141029369002, 0.9210910151691949, 0.985752688172043, 0.951204746337329, 0.9973684210526316, 0.9461085509472607, 0.9746108508387487, 0.9555992141453831, 0.9251035001881822, 0.9899100081810744, 1.0, 0.9873918417799753, 0.9650592317817399, 0.9556372227326421, 1.0, 0.9632620744259699, 0.9878310665712241, 0.9465189111057577, 0.9847339342832219, 0.9348446179252364, 0.987836545032117, 0.9658549497088407, 0.983453981385729, 0.9975150405440754, 0.9637595757218621, 0.9518969388961116, 0.9785694785694786, 0.9394117647058824, 1.0, 1.0, 1.0, 0.9961913467397928, 0.9695930839171263, 0.9916469268171051, 1.0, 0.9769063856168629, 0.9867788461538461, 0.9772605671482076, 0.9976775956284153, 0.9613733905579399, 0.969785451313952, 0.9816871810267187]
val step Accs: [0.9622841563162678, 0.8796852074162999, 0.9586137763139052, 0.9480570456626979, 0.8590976832407533, 0.9081128971016327, 0.9574134738641219, 0.8912588874947721, 0.9544210017716218, 0.8801612509161983, 0.8999872919049434, 0.9513605889312475, 0.8199006348330113, 0.9047619047619048, 0.9177431147940531, 0.9088258680095415]
Preds: [17, 17, 188, 188, 443, 443, 171, 240, 236, 143, 129, 239, 259, 75, 108, 377, 106, 106, 132, 132, 132, 274, 35, 401, 82, 82, 401, 66, 68, 68, 172, 115, 273, 273, 273, 319, 319, 319, 240, 240, 173, 280, 219, 219, 324, 324, 324, 3, 58, 58, 72, 110, 110, 486, 486, 428, 146, 146, 146, 438, 438, 173, 205, 261, 25, 106, 106, 284, 284, 284, 376, 460, 460, 169, 35, 35, 126, 126, 101, 101, 101, 149, 228, 82, 75, 164, 115, 273, 273, 151, 151, 460, 169, 215, 173, 280, 280, 485, 286, 286, 286, 468, 468, 468, 132, 132, 186, 186, 186, 186, 162, 162, 232, 172, 172, 273, 273, 106, 293, 293, 293, 186, 162, 342, 342, 224, 168, 267, 267, 444, 324, 318, 368, 31, 31, 162, 342, 86, 68, 160, 97, 97, 494, 336, 196, 336, 259, 320, 473, 331, 264, 264, 264, 264, 264, 468, 468, 468, 337, 337, 337, 337, 34, 191, 324, 324, 464, 303, 303, 250, 250, 250, 250, 250, 241, 100, 100, 153, 182, 182, 98, 182, 182, 375, 375, 375, 98, 98, 193, 17, 83, 443, 403, 403, 403, 403, 403, 403, 403, 403, 403, 403, 403, 403, 403, 403, 403, 403, 403, 403, 403, 403, 403, 403, 403, 403, 403, 403, 403, 403, 403, 443, 443, 443, 443, 443, 443, 443, 443, 443, 443, 443, 443, 443, 443, 443, 443, 443, 443, 443, 443, 443, 443, 443, 443, 443, 443, 443, 443, 443, 443, 443, 443, 443, 443, 443, 443, 443, 443, 443, 443, 443, 443, 443, 443, 443, 443, 443, 443, 443, 443, 443, 443, 443, 443, 443, 443, 443, 443, 443, 443, 443, 443, 443, 443, 443, 443, 443, 443, 443, 443, 443, 443, 443, 443, 443, 443, 443, 443, 443, 443, 443, 443, 443, 443, 443, 443, 443, 443, 443, 443, 443, 443, 443, 443, 443, 443, 443, 443, 443, 443, 443, 443, 443, 443, 443, 443, 443, 443, 443, 443, 443, 443, 443, 443, 443, 443, 443, 443, 443, 443, 443, 443, 443, 443, 443, 443, 443, 443, 443, 443, 443, 443, 443, 443, 443, 443, 443, 443, 443, 443, 443, 443, 443, 443, 443, 443, 443, 443, 443, 443, 443, 443, 443, 443, 443, 443, 443, 443, 443, 443, 443, 443, 443, 443, 443, 443, 443, 443, 443, 443, 443, 443, 443, 443, 443, 443, 443, 443, 443, 443, 443, 443, 443, 443, 443, 443, 443, 443, 443, 443, 443, 443, 443, 443, 443, 443, 443, 443, 443, 443, 443, 443, 443, 443, 443, 443, 443, 443, 443, 443, 443, 443, 443, 443, 443, 443, 443, 443, 443, 443, 443, 443, 443, 443, 443, 443, 443, 443, 443, 443, 443, 443, 443, 443, 443, 443, 443, 443, 443, 443, 443, 443, 443, 443, 443, 443, 443, 443, 443, 443, 443, 443, 443, 443, 443, 443, 443, 443, 443, 443, 443, 443, 443, 443, 443, 443, 443, 443, 443, 443, 443, 443, 443, 443, 443, 443, 443, 443, 443, 443, 443, 443, 443, 443, 443, 443, 443, 443, 443, 443, 443, 443, 443, 443, 443, 443, 443, 443, 443, 443, 443, 443, 443, 443, 443, 443, 443, 443, 443, 443, 443, 443, 443, 443, 443, 443, 443, 443, 443, 443, 443, 443, 443, 443, 443, 443, 443, 443, 443, 443, 443, 443, 443, 443, 443, 443, 443, 443, 443, 443, 443, 443, 443, 443, 443, 443, 443, 443, 443, 443, 443, 443, 443, 443, 443, 443, 443, 443, 443, 443, 443, 443, 443, 443, 443, 443, 443, 443, 443, 443, 443, 443, 443, 443, 443, 443, 443, 443, 443]

ep549
Train step Loss: [0.23459434509277344, 0.010937731713056564, 0.012237804010510445, 0.17266665399074554, 0.04680361971259117, 0.22540035843849182, 0.21904471516609192, 0.15472844243049622, 0.12530517578125, 0.19103771448135376, 0.10160509496927261, 0.0013015486765652895, 0.28972434997558594, 0.36680135130882263, 0.11205467581748962, 0.011521929875016212, 0.11959029734134674, 0.043312158435583115, 0.0586814284324646, 0.02265903167426586, 0.017619410529732704, 0.04911661148071289, 0.04920370131731033, 0.24654261767864227, 0.2291579693555832, 0.10277964174747467, 0.1034221202135086, 0.10402348637580872, 0.07760792225599289, 0.23883235454559326, 0.05214577540755272, 0.27101558446884155, 0.12259358167648315, 0.002338872756808996, 0.10565492510795593, 0.020787576213479042, 0.15566052496433258, 0.0014663331676274538, 0.016023054718971252, 0.06553059071302414, 0.13822226226329803, 0.07705875486135483, 0.151300311088562, 0.010588756762444973, 0.002458070870488882, 0.10428013652563095, 0.0014231590321287513, 0.2548339068889618, 0.08282367885112762, 0.06384126096963882, 0.0012818584218621254, 0.16478131711483002, 0.0013267750618979335, 0.0013111738953739405, 0.038690052926540375, 0.0700988918542862, 0.06059985235333443, 0.0013802776811644435, 0.001367076300084591, 0.0010791999520733953, 0.045363083481788635, 0.02527534030377865, 0.0012698661303147674]
val step Loss: [0.14879973232746124, 0.07744096219539642, 0.42412179708480835, 0.39614588022232056, 0.2330196350812912, 0.5776514410972595, 0.5814483165740967, 0.5166630744934082, 0.3740680515766144, 0.23079916834831238, 0.09874704480171204, 0.3973466455936432, 0.3861643075942993, 0.407783567905426, 0.08041108399629593, 0.3412133753299713]
Train step Accs: [0.9338172502134927, 0.9969592259847961, 0.9964476021314387, 0.9537534390148041, 0.986737400530504, 0.9394418872266973, 0.9371974355619521, 0.958824229441866, 0.9627321749550629, 0.9478098788443616, 0.9702309437992257, 1.0, 0.9185280641466208, 0.9012146752602875, 0.9707470182046454, 0.9974345818368394, 0.9667256637168141, 0.988482800982801, 0.9828690989930692, 0.9936939461883408, 0.9949048002145348, 0.9872695346795435, 0.9876836325864372, 0.9276559384790658, 0.9357785839043397, 0.9726391494684178, 0.9706023518118551, 0.9694589877835951, 0.9777777777777777, 0.9312350835322196, 0.9850456937136527, 0.9219325781356627, 0.9645643263255322, 0.9998480704952902, 0.9686434901158828, 0.9937364490484221, 0.9576898932831136, 1.0, 0.9956028368794326, 0.9829328914664457, 0.9647263948497854, 0.9795231038663613, 0.9565607380830343, 0.9973943254198031, 0.9995875154681699, 0.9716047612218557, 1.0, 0.9272306855277476, 0.9769543605964753, 0.9849098784406874, 1.0, 0.9535070140280562, 1.0, 1.0, 0.989335731722986, 0.9821248741188319, 0.9834580543521071, 1.0, 1.0, 1.0, 0.9876907295807155, 0.9941260517542467, 1.0]
val step Accs: [0.9651963284038756, 0.9805463024650233, 0.8986630013744845, 0.9038183396008099, 0.9384513567174056, 0.8563915857605178, 0.8634695685182842, 0.8727535091171454, 0.9039806347498656, 0.9394126738794436, 0.9755660739414097, 0.9006048941435248, 0.9045978534517026, 0.8969934175413627, 0.9790480804166162, 0.9167268351383875]
Preds: [17, 17, 17, 482, 482, 482, 482, 482, 172, 172, 115, 115, 273, 273, 486, 486, 460, 460, 460, 167, 167, 183, 183, 183, 183, 183, 451, 30, 30, 30, 213, 213, 360, 464, 464, 278, 368, 368, 31, 453, 453, 453, 198, 168, 168, 191, 191, 191, 301, 301, 314, 196, 196, 473, 473, 473, 429, 360, 213, 324, 246, 246, 246, 246, 246, 3, 3, 3, 454, 454, 226, 226, 259, 72, 72, 437, 437, 437, 284, 284, 284, 284, 265, 265, 85, 85, 85, 85, 85, 468, 468, 468, 468, 468, 59, 59, 59, 452, 452, 452, 263, 225, 225, 225, 225, 225, 225, 7, 75, 75, 310, 310, 107, 107, 395, 395, 395, 443, 443, 443, 443, 240, 271, 271, 271, 150, 39, 39, 39, 86, 390, 390, 160, 160, 160, 160, 66, 66, 68, 68, 68, 115, 115, 115, 267, 267, 267, 267, 252, 252, 143, 458, 192, 27, 242, 399, 399, 70, 70, 65, 65, 284, 284, 284, 426, 426, 426, 206, 282, 169, 35, 35, 35, 35, 441, 441, 100, 100, 153, 375, 98, 98, 76, 76, 259, 259, 441, 441, 437, 437, 426, 426, 426, 426, 426, 413, 413, 413, 303, 303, 303, 303, 48, 48, 48, 417, 417, 417, 237, 237, 237, 237, 249, 249, 249, 249, 249, 2, 2, 249, 249, 163, 163, 73, 73, 73, 244, 244, 321, 320, 287, 287, 297, 297, 297, 297, 481, 387, 497, 43, 98, 458, 458, 208, 441, 100, 100, 100, 100, 375, 375, 375, 375, 375, 98, 98, 98, 98, 197, 197, 197, 414, 197, 7, 7, 7, 7, 4, 4, 4, 4, 4, 280, 485, 374, 374, 213, 213, 213, 246, 246, 246, 252, 143, 129, 401, 259, 192, 192, 420, 213, 213, 213, 213, 213, 246, 246, 246, 246, 434, 305, 454, 454, 48, 414, 414, 414, 414, 197, 80, 414, 7, 7, 7, 7, 287, 287, 287, 106, 284, 284, 284, 284, 284, 284, 284, 284, 284, 206, 206, 206, 206, 167, 167, 167, 35, 440, 188, 188, 188, 324, 464, 301, 301, 339, 33, 195, 250, 250, 276, 276, 276, 276, 138, 174, 387, 387, 169, 186, 49, 269, 269, 323, 323, 168, 219, 485, 485, 374, 374, 374, 374, 374, 132, 132, 132, 497, 122, 122, 122, 310, 310, 107, 107, 107, 395, 395, 395, 443, 271, 271, 150, 150, 162, 86, 86, 238, 224, 267, 267, 267, 267, 213, 213, 324, 3, 3, 3, 183, 188, 188, 464, 464, 443, 443, 271, 271, 31, 31, 54, 86, 86, 238, 6, 273, 273, 437, 437, 486, 486, 486, 468, 468, 406, 467, 467, 245, 245, 215, 35, 35, 259, 259, 441, 100, 100, 497, 497, 38, 31, 162, 54, 224, 224, 494, 494, 50, 50, 368, 31, 31, 342, 68, 115, 115, 267, 267, 267, 444, 213, 246, 374, 303, 303, 303, 352, 352, 352, 305, 305, 439, 78, 78, 170, 170, 244, 187, 187, 12, 12, 12, 12, 12, 12, 12, 408, 408, 392, 73, 244, 73, 244, 244, 321, 320, 320, 7, 7, 398, 398, 398, 398, 464, 464, 464, 374, 116, 199, 374, 374, 84, 84, 495, 495, 495, 16, 182, 182, 182, 43, 250, 250, 98, 98, 98, 98, 98, 48, 48, 48, 48, 102, 102, 102, 102, 102, 102, 102, 321, 321, 320, 188, 188, 188, 171, 171, 171, 171, 171, 252, 252, 252, 143, 314, 196, 196, 196, 473, 398, 398, 360, 360, 360, 213, 324, 246, 246, 301, 301, 399, 217, 473, 65, 65, 65, 319, 46, 46, 240, 240, 240, 325, 34, 34, 34, 242, 313, 313, 94, 199]

ep550
Train step Loss: [0.002364401239901781, 0.0011933412170037627, 0.13650110363960266, 0.09700531512498856, 0.2582783102989197, 0.13605280220508575, 0.013986112549901009, 0.06145329028367996, 0.10666890442371368, 0.16931326687335968, 0.0010909201810136437, 0.04552306607365608, 0.3111892640590668, 0.28166791796684265, 0.12396314740180969, 0.001102205365896225, 0.05745674669742584, 0.0010621232213452458, 0.0857386365532875, 0.3921637535095215, 0.1305525153875351, 0.1421651691198349, 0.29339152574539185, 0.2455632984638214, 0.12277510017156601, 0.27530637383461, 0.19719025492668152, 0.005782181862741709, 0.21179242432117462, 0.05299891158938408, 0.1228039413690567, 0.14192628860473633, 0.16847017407417297, 0.07776191830635071, 0.28855374455451965, 0.27250000834465027, 0.08953675627708435, 0.23889502882957458, 0.13876032829284668, 0.21043451130390167, 0.237346813082695, 0.08556254208087921, 0.14774876832962036, 0.20147380232810974, 0.24568937718868256, 0.14420199394226074, 0.19942092895507812, 0.2268279790878296, 0.10554613918066025, 0.07979199290275574, 0.29058173298835754, 0.09143692255020142, 0.05491228774189949, 0.08609253913164139, 0.0012565060751512647, 0.10332564264535904, 0.07686833292245865, 0.13900229334831238, 0.03829849883913994, 0.2563943862915039, 0.16660773754119873, 0.019563468173146248, 0.0011789370328187943]
val step Loss: [0.19367006421089172, 0.32001468539237976, 0.11152547597885132, 0.24788233637809753, 0.9098636507987976, 0.9158786535263062, 0.3295869529247284, 0.32579150795936584, 0.11656177788972855, 0.476561963558197, 0.24879780411720276, 0.4842149019241333, 0.16468369960784912, 0.4816899299621582, 0.4736383557319641, 0.001562354271300137]
Train step Accs: [0.9997391757955139, 1.0, 0.9663231238205835, 0.9722222222222222, 0.9298892988929889, 0.9637896051194007, 0.9963522668056279, 0.9834744605299098, 0.9694114433975147, 0.9535359438924605, 1.0, 0.9867558022199798, 0.910127613358675, 0.9222348592550469, 0.9663982227159122, 1.0, 0.9839669622251913, 1.0, 0.9758032526775089, 0.8972464741437206, 0.9628120893561104, 0.9629871828407011, 0.9173001310615989, 0.9315147164393396, 0.9645773144077378, 0.9168897027750388, 0.9454311085648811, 0.9986409350366947, 0.9407125756935643, 0.9857538035961273, 0.9659650082012028, 0.9625639644492324, 0.9538139474028523, 0.9811839629468809, 0.9207214765100671, 0.9195695270461626, 0.9749571635692632, 0.9350802644003777, 0.9619194648141001, 0.943093775046754, 0.9322133804892425, 0.9773795907993392, 0.9601763814248312, 0.9416301023800027, 0.9303435114503816, 0.9606350872588899, 0.9459422283356259, 0.935055458260362, 0.9689143950263032, 0.9773659176644252, 0.9215950424356729, 0.9724383489384149, 0.9856202123370514, 0.9761284722222222, 1.0, 0.9700165737532017, 0.9787234042553191, 0.9646222995505292, 0.9909873553941351, 0.9317160826594789, 0.9545578231292517, 0.9948992937483652, 1.0]
val step Accs: [0.9532, 0.9233009708737864, 0.9719913032357079, 0.9361856417693981, 0.7732135781270638, 0.7797202797202797, 0.916569654637175, 0.9189604404045577, 0.9713471347134713, 0.8797215227373723, 0.9319473319473319, 0.8896733111849391, 0.9574873096446701, 0.8791240045506257, 0.878103277060576, 1.0]
Preds: [17, 17, 309, 309, 479, 479, 398, 360, 360, 360, 360, 360, 360, 434, 434, 434, 434, 434, 434, 434, 434, 3, 3, 197, 259, 259, 287, 287, 145, 486, 486, 460, 460, 169, 169, 35, 35, 35, 259, 441, 441, 441, 100, 424, 424, 424, 424, 497, 182, 182, 441, 441, 441, 441, 424, 424, 424, 424, 182, 182, 182, 43, 98, 14, 441, 441, 437, 125, 125, 125, 125, 413, 348, 348, 466, 466, 466, 479, 65, 65, 65, 426, 426, 426, 426, 426, 426, 426, 98, 98, 98, 263, 263, 13, 13, 414, 414, 170, 102, 170, 170, 170, 28, 28, 2, 2, 2, 2, 2, 341, 341, 341, 244, 2, 163, 316, 244, 73, 73, 73, 244, 321, 320, 321, 287, 287, 287, 287, 284, 284, 319, 319, 319, 413, 413, 348, 43, 43, 276, 276, 138, 138, 138, 138, 297, 297, 182, 297, 182, 182, 182, 182, 182, 182, 182, 182, 182, 182, 182, 182, 372, 372, 372, 406, 406, 406, 406, 406, 406, 467, 134, 153, 153, 153, 153, 182, 182, 182, 182, 182, 182, 375, 98, 98, 98, 98, 13, 13, 417, 417, 237, 237, 237, 102, 47, 47, 47, 82, 435, 435, 80, 289, 321, 320, 320, 83, 83, 55, 55, 120, 120, 120, 240, 240, 252, 314, 314, 196, 309, 309, 479, 398, 398, 464, 171, 171, 464, 301, 301, 399, 250, 250, 380, 134, 175, 106, 284, 284, 426, 319, 319, 319, 330, 330, 271, 150, 77, 77, 342, 342, 342, 68, 68, 26, 26, 267, 267, 267, 213, 360, 360, 360, 246, 246, 246, 246, 246, 246, 246, 246, 246, 246, 246, 19, 19, 454, 197, 197, 239, 7, 188, 188, 448, 448, 464, 464, 464, 252, 252, 143, 143, 77, 478, 342, 172, 115, 115, 273, 273, 499, 486, 486, 376, 376, 460, 460, 169, 263, 263, 263, 263, 414, 414, 414, 414, 414, 312, 312, 187, 187, 187, 292, 292, 292, 23, 23, 408, 408, 391, 391, 244, 321, 321, 412, 287, 287, 287, 287, 111, 111, 460, 460, 169, 77, 77, 77, 342, 342, 342, 115, 267, 267, 267, 30, 324, 324, 464, 464, 464, 58, 58, 58, 265, 110, 486, 486, 486, 486, 486, 443, 240, 240, 385, 35, 36, 310, 310, 161, 395, 395, 106, 106, 139, 293, 293, 293, 122, 35, 77, 77, 342, 172, 115, 115, 273, 273, 273, 443, 432, 330, 330, 330, 330, 330, 388, 388, 116, 10, 10, 473, 398, 398, 398, 360, 434, 434, 434, 434, 434, 246, 434, 434, 464, 199, 331, 331, 486, 486, 460, 460, 460, 263, 35, 259, 127, 83, 287, 145, 111, 443, 443, 240, 240, 368, 449, 449, 449, 351, 351, 486, 486, 428, 330, 240, 240, 64, 76, 183, 183, 485, 257, 257, 257, 368, 31, 31, 162, 232, 232, 232, 172, 172, 115, 267, 267, 267, 267, 267, 267, 213, 246, 246, 246, 3, 3, 3, 14, 188, 188, 171, 171, 171, 171, 171, 171, 178, 143, 31, 96, 96, 232, 232, 86, 105, 105, 336, 27, 27, 437, 499, 499, 499, 306, 306, 306, 85, 85, 85, 334, 334, 334, 59, 59, 59, 452, 452, 263, 263, 414, 414, 414, 414, 312, 312, 187, 187, 187, 187, 187, 187, 1, 1, 1, 1, 1, 1, 1, 408, 408, 391, 149, 228, 321, 321, 321, 287, 287, 287, 287, 111, 111, 460, 460, 169, 150, 77, 77, 342, 342, 115, 115, 267, 267, 464, 464, 464, 464, 120, 282, 282, 282, 203, 173, 173, 280, 65, 109, 428, 443, 443, 438, 240, 240, 36, 449, 449, 351, 351, 443, 443]

ep551
Train step Loss: [0.10006214678287506, 0.031467922031879425, 0.13416245579719543, 0.26805493235588074, 0.2505006194114685, 0.11950501799583435, 0.15060219168663025, 0.0013546780683100224, 0.11613066494464874, 0.015107808634638786, 0.0722404420375824, 0.0017810346325859427, 0.09086359292268753, 0.21065524220466614, 0.017633210867643356, 0.0013604137348011136, 0.26715829968452454, 0.08595020323991776, 0.17445538938045502, 0.11674782633781433, 0.14269207417964935, 0.07796978950500488, 0.17895369231700897, 0.0013063251972198486, 0.17970973253250122, 0.027932152152061462, 0.04261799901723862, 0.0011913098860532045, 0.021946949884295464, 0.12207882851362228, 0.22601917386054993, 0.14378973841667175, 0.042824212461709976, 0.2877102494239807, 0.1537608504295349, 0.17625631392002106, 0.14094269275665283, 0.08597969263792038, 0.004928612150251865, 0.3247472941875458, 0.11381161212921143, 0.11751984804868698, 0.18092170357704163, 0.11652763932943344, 0.0534311942756176, 0.0386706106364727, 0.16789601743221283, 0.03591996431350708, 0.2521306276321411, 0.001444482710212469, 0.12949523329734802, 0.07247871160507202, 0.11254259198904037, 0.049493636935949326, 0.37303605675697327, 0.2649725377559662, 0.10291842371225357, 0.29591104388237, 0.28257930278778076, 0.05999525263905525, 0.04412967339158058, 0.04645887762308121, 0.4854760766029358]
val step Loss: [0.4364916980266571, 0.36350589990615845, 0.356254518032074, 0.3286682367324829, 0.6587150692939758, 0.6830081343650818, 0.25810185074806213, 0.1309037208557129, 0.17027144134044647, 0.7262030839920044, 0.0848589539527893, 0.2892274558544159, 0.20313328504562378, 0.16854533553123474, 0.4323570728302002, 0.6214918494224548]
Train step Accs: [0.9697065320290312, 0.9918918918918919, 0.9639916431117119, 0.9251827920421697, 0.9320245120290513, 0.9679586563307494, 0.9564439902925023, 1.0, 0.9695005156917637, 0.9965374883473166, 0.9787521992150494, 0.9998840041758497, 0.9780714084903008, 0.9408740359897172, 0.9955068800898624, 1.0, 0.9243243243243243, 0.975310489301212, 0.9521481862618987, 0.9695976154992548, 0.9611383108935129, 0.9760312151616499, 0.948503639795093, 1.0, 0.95274831243973, 0.9923629829290207, 0.9886363636363636, 1.0, 0.9940484429065743, 0.9643500643500643, 0.9368521549372614, 0.9610297255013511, 0.9879310344827587, 0.9236194119053311, 0.9594167010592929, 0.9524849107486837, 0.9568552253116012, 0.9755816926617233, 0.9985096870342772, 0.9164486844129867, 0.9693233524145017, 0.9680048661800487, 0.9483742534837425, 0.9654335961188599, 0.9853591160220995, 0.9889676910953507, 0.9529493407356002, 0.9898391193903472, 0.9337757899293031, 1.0, 0.9661675784624244, 0.9794020883993706, 0.9677787282577702, 0.9841121495327103, 0.9008159102498725, 0.9286974938228026, 0.9721561161351737, 0.9172527927182458, 0.9247340076185472, 0.9832606555071036, 0.9880519480519481, 0.9871895016403687, 0.8644029682932314]
val step Accs: [0.905505451608561, 0.9082410824108241, 0.9133232917978913, 0.9150568933580312, 0.8338921846788754, 0.8287266143633072, 0.9376759147567351, 0.9693978282329714, 0.9575505521296429, 0.8219814241486069, 0.9778185928228313, 0.9268259008698053, 0.9502906976744186, 0.9593551009348327, 0.8889931626223354, 0.8511800699300699]
Preds: [17, 100, 100, 100, 293, 497, 98, 98, 35, 129, 208, 208, 208, 441, 441, 287, 346, 346, 481, 426, 426, 426, 426, 426, 169, 167, 263, 225, 225, 225, 225, 225, 225, 225, 7, 7, 7, 345, 109, 109, 109, 374, 286, 286, 286, 286, 286, 286, 264, 468, 468, 468, 406, 467, 337, 337, 337, 337, 171, 324, 324, 324, 324, 3, 3, 3, 3, 3, 3, 188, 188, 188, 398, 398, 398, 360, 360, 434, 339, 203, 465, 465, 250, 250, 132, 132, 43, 43, 182, 182, 182, 497, 497, 43, 43, 364, 276, 100, 100, 100, 497, 497, 497, 497, 43, 98, 441, 441, 441, 346, 346, 346, 284, 426, 426, 306, 387, 85, 396, 396, 396, 382, 382, 382, 406, 406, 467, 467, 467, 134, 375, 375, 375, 375, 303, 303, 48, 48, 48, 13, 13, 414, 237, 47, 47, 47, 47, 80, 80, 80, 82, 320, 320, 7, 7, 7, 420, 213, 324, 324, 324, 3, 3, 3, 58, 58, 110, 110, 145, 486, 486, 315, 315, 315, 450, 450, 450, 450, 413, 35, 173, 219, 219, 219, 219, 219, 464, 464, 464, 443, 443, 355, 355, 355, 355, 452, 263, 263, 263, 229, 229, 229, 312, 312, 312, 312, 23, 23, 23, 23, 23, 23, 23, 23, 23, 23, 23, 260, 391, 391, 244, 244, 321, 320, 287, 287, 287, 287, 486, 486, 486, 460, 460, 169, 150, 150, 342, 232, 232, 172, 115, 115, 267, 267, 267, 267, 267, 246, 246, 246, 246, 246, 19, 3, 454, 197, 197, 197, 188, 188, 188, 145, 145, 365, 365, 330, 330, 330, 330, 339, 76, 310, 107, 107, 395, 395, 395, 494, 134, 175, 175, 88, 426, 426, 426, 284, 426, 486, 460, 460, 169, 169, 77, 478, 342, 172, 172, 115, 115, 267, 267, 267, 267, 213, 246, 246, 246, 301, 301, 301, 197, 197, 259, 354, 100, 100, 100, 100, 182, 182, 182, 182, 182, 182, 182, 182, 182, 182, 293, 293, 497, 497, 122, 122, 122, 465, 465, 183, 183, 183, 351, 171, 171, 171, 171, 171, 171, 252, 252, 216, 239, 219, 286, 286, 286, 286, 286, 286, 286, 264, 264, 264, 468, 468, 325, 337, 41, 41, 41, 41, 19, 19, 19, 19, 454, 454, 454, 414, 414, 442, 102, 170, 244, 187, 187, 292, 408, 408, 244, 408, 408, 244, 244, 412, 287, 287, 287, 287, 284, 486, 460, 460, 460, 460, 169, 150, 150, 150, 342, 172, 172, 115, 267, 267, 444, 444, 324, 324, 301, 301, 301, 173, 8, 259, 354, 100, 100, 100, 424, 424, 424, 497, 497, 122, 8, 259, 354, 100, 100, 100, 100, 182, 182, 375, 348, 348, 122, 117, 197, 197, 197, 226, 414, 82, 320, 209, 287, 287, 481, 481, 481, 481, 375, 98, 98, 98, 129, 259, 209, 411, 287, 437, 481, 481, 426, 426, 426, 98, 98, 98, 17, 83, 443, 443, 438, 438, 438, 438, 438, 438, 438, 438, 438, 438, 438, 438, 438, 438, 438, 438, 438, 438, 438, 438, 438, 438, 438, 438, 438, 438, 438, 438, 438, 438, 438, 438, 438, 438, 438, 438, 438, 438, 438, 438, 438, 438, 438, 438, 438, 438, 438, 438, 438, 438, 438, 438, 438, 438, 438, 438, 438, 438, 438, 438, 438, 438, 438, 438, 438, 438, 438, 438, 438, 438, 438, 438, 438, 438, 438, 438, 438, 438, 438, 438, 438, 438, 438, 438, 438, 438, 438, 438, 438, 438, 438, 438, 438, 438, 438, 438, 438, 438, 438, 438, 438, 438, 438, 438, 438, 438, 438, 438, 438, 438, 438, 438, 438, 438, 438, 438]

ep552
Train step Loss: [0.02429574355483055, 0.0017380836652591825, 0.16356070339679718, 0.04285445436835289, 0.05365050956606865, 0.14246563613414764, 0.13717135787010193, 0.19442179799079895, 0.0013148498255759478, 0.009665443561971188, 0.10480182617902756, 0.020939456298947334, 0.05649734288454056, 0.1789555549621582, 0.04484083876013756, 0.12648913264274597, 0.1155349463224411, 0.08680012822151184, 0.11439641565084457, 0.22573480010032654, 0.23797392845153809, 0.07600726187229156, 0.0013582374667748809, 0.008229708299040794, 0.15203148126602173, 0.32026442885398865, 0.35611170530319214, 0.03050374425947666, 0.01908891089260578, 0.03517594560980797, 0.18836455047130585, 0.01227120216935873, 0.09943573921918869, 0.13223791122436523, 0.13688550889492035, 0.14000006020069122, 0.33300164341926575, 0.002999449148774147, 0.09399371594190598, 0.0013663801364600658, 0.0016049023251980543, 0.061449743807315826, 0.1456579715013504, 0.12964199483394623, 0.32218095660209656, 0.00837485957890749, 0.0016461139312013984, 0.0012700909283012152, 0.0014682963956147432, 0.07866740226745605, 0.0011802619555965066, 0.0012746594147756696, 0.19777213037014008, 0.16713598370552063, 0.25229617953300476, 0.0011743593495339155, 0.03186623007059097, 0.11173073202371597, 0.12809929251670837, 0.0993780791759491, 0.18916060030460358, 0.09134021401405334, 0.04047149792313576]
val step Loss: [0.23135481774806976, 0.4710949957370758, 0.25742247700691223, 0.46338942646980286, 0.1861237734556198, 0.2491731494665146, 0.1297118216753006, 0.8003171682357788, 0.3409142792224884, 0.17083118855953217, 0.8011299967765808, 0.5902243256568909, 0.4470081925392151, 0.46122950315475464, 0.4658501148223877, 0.18187227845191956]
Train step Accs: [0.9921556322560402, 0.9998845532209651, 0.9564564564564565, 0.98733862959285, 0.983690648428252, 0.9610355303130366, 0.9598158745956705, 0.9456633970056789, 1.0, 0.9972690763052209, 0.9710457590552969, 0.9946222455403987, 0.9822097378277154, 0.9508117276472013, 0.987929083364768, 0.9660512209648601, 0.969678864824496, 0.975013361838589, 0.9693979693979694, 0.9353827786897478, 0.9345730027548209, 0.9784327821711, 1.0, 0.9981807155852032, 0.9587964217945243, 0.9111111111111111, 0.8964556962025316, 0.992939847500706, 0.9955375253549695, 0.9903067484662577, 0.9477365712023228, 0.9975273295158772, 0.9700214132762313, 0.9635345534007101, 0.9626538987688098, 0.9607289165136319, 0.9065151929920613, 0.999636803874092, 0.9746065335273112, 1.0, 1.0, 0.9832080200501253, 0.9643246187363834, 0.9633891213389121, 0.9100713456114153, 0.9978506949419688, 0.9998683344305465, 1.0, 1.0, 0.9770959988689382, 1.0, 1.0, 0.9470156803237229, 0.9538950715421304, 0.9272058823529412, 1.0, 0.9915989533122159, 0.9693513898788311, 0.9643669446550417, 0.9714758690946135, 0.9510402219140083, 0.9751340809361287, 0.9892275354703101]
val step Accs: [0.9400265476046821, 0.8795888399412628, 0.9390631477131408, 0.8877761009740706, 0.9545214869496441, 0.9387450874102182, 0.9728236523816635, 0.7939632545931758, 0.92047944322722, 0.9630702389572773, 0.791246269717209, 0.8544695916045012, 0.8836372658479097, 0.8929066397883332, 0.8838971583220568, 0.9590378661586092]
Preds: [17, 479, 398, 398, 360, 360, 360, 252, 457, 457, 35, 196, 473, 65, 46, 61, 486, 460, 460, 178, 35, 77, 342, 342, 115, 273, 486, 486, 486, 460, 460, 178, 178, 35, 192, 192, 445, 445, 213, 213, 213, 213, 434, 434, 19, 19, 454, 454, 229, 414, 414, 414, 414, 312, 187, 187, 187, 187, 187, 187, 187, 187, 12, 260, 260, 391, 391, 391, 73, 73, 289, 321, 321, 287, 287, 437, 287, 284, 284, 111, 111, 111, 111, 438, 438, 438, 285, 285, 34, 300, 300, 378, 378, 88, 88, 109, 109, 284, 284, 284, 376, 206, 206, 167, 167, 35, 35, 259, 354, 473, 65, 65, 443, 264, 264, 264, 264, 264, 264, 264, 264, 264, 264, 264, 264, 264, 264, 264, 468, 468, 468, 406, 467, 467, 337, 403, 290, 290, 290, 330, 330, 203, 94, 70, 70, 65, 65, 426, 426, 426, 426, 319, 438, 348, 175, 251, 241, 431, 486, 486, 486, 460, 460, 169, 150, 342, 342, 342, 224, 224, 257, 257, 50, 257, 31, 31, 31, 162, 482, 482, 482, 323, 115, 273, 273, 106, 106, 106, 387, 355, 355, 355, 271, 271, 150, 150, 39, 342, 342, 86, 142, 397, 397, 397, 494, 494, 38, 349, 205, 205, 261, 115, 470, 470, 470, 403, 403, 171, 171, 252, 325, 34, 34, 403, 403, 171, 171, 171, 171, 171, 171, 358, 358, 143, 196, 196, 196, 473, 473, 473, 429, 429, 360, 434, 434, 434, 19, 19, 19, 19, 454, 454, 454, 229, 414, 414, 414, 126, 126, 292, 292, 292, 292, 21, 21, 408, 408, 408, 408, 408, 408, 391, 73, 373, 66, 66, 66, 68, 68, 115, 115, 267, 267, 464, 464, 464, 443, 443, 443, 120, 120, 240, 240, 207, 324, 324, 324, 324, 324, 324, 301, 349, 349, 261, 261, 25, 420, 324, 324, 324, 422, 99, 99, 338, 338, 338, 338, 338, 400, 400, 444, 213, 213, 213, 246, 246, 246, 246, 434, 434, 3, 94, 199, 331, 145, 486, 486, 460, 460, 167, 215, 35, 441, 345, 100, 387, 387, 387, 122, 99, 99, 107, 395, 395, 134, 139, 139, 496, 274, 122, 122, 8, 8, 196, 473, 473, 398, 398, 360, 360, 171, 171, 434, 339, 339, 339, 33, 398, 398, 219, 219, 246, 246, 246, 398, 464, 464, 464, 120, 282, 282, 282, 263, 263, 48, 48, 414, 414, 414, 414, 414, 312, 312, 187, 292, 292, 292, 292, 23, 408, 408, 408, 408, 149, 320, 320, 320, 7, 251, 241, 241, 470, 403, 403, 290, 290, 290, 290, 290, 290, 360, 434, 434, 434, 434, 434, 434, 434, 434, 339, 339, 10, 309, 309, 479, 331, 331, 331, 331, 426, 426, 426, 426, 426, 426, 426, 282, 282, 282, 98, 98, 263, 48, 13, 13, 414, 414, 414, 414, 170, 187, 187, 82, 187, 187, 2, 2, 2, 2, 2, 244, 73, 73, 73, 244, 321, 320, 287, 287, 287, 287, 284, 284, 284, 206, 169, 150, 150, 150, 54, 54, 232, 232, 232, 172, 115, 273, 273, 106, 106, 106, 153, 153, 153, 182, 182, 182, 182, 387, 387, 387, 387, 293, 293, 293, 122, 122, 36, 36, 108, 449, 449, 119, 444, 444, 278, 301, 301, 378, 8, 345, 345, 100, 100, 153, 43, 43, 43, 259, 276, 276, 276, 174, 174, 174, 387, 387, 387, 413, 413, 348, 94, 199, 199, 398, 176, 135, 328, 301, 339, 8, 259, 29, 65, 319, 319, 460, 169, 169, 150, 99, 99, 436, 400, 400, 400, 324, 422, 99, 99, 338, 338, 338, 400, 400, 400, 213, 324, 324, 246]

ep553
Train step Loss: [0.29251912236213684, 0.2737509608268738, 0.2388572245836258, 0.36679041385650635, 0.25209900736808777, 0.2129622846841812, 0.00112282729241997, 0.24494914710521698, 0.11665476858615875, 0.06115781143307686, 0.0011578220874071121, 0.19720953702926636, 0.16258712112903595, 0.039007768034935, 0.04001713916659355, 0.0934629887342453, 0.02136203646659851, 0.3342663049697876, 0.0012243676465004683, 0.2681353688240051, 0.18820501863956451, 0.02017233334481716, 0.31023111939430237, 0.2184770405292511, 0.09267594665288925, 0.12963303923606873, 0.24864345788955688, 0.027630819007754326, 0.48592618107795715, 0.04064728319644928, 0.1702791303396225, 0.0010363637702539563, 0.22365731000900269, 0.2781067192554474, 0.18295635282993317, 0.24899065494537354, 0.27671608328819275, 0.03957658261060715, 0.06504520773887634, 0.06635604798793793, 0.11394859105348587, 0.035585541278123856, 0.13433189690113068, 0.06593368947505951, 0.09798374772071838, 0.05446716025471687, 0.0784420371055603, 0.03984503820538521, 0.019827891141176224, 0.3241100013256073, 0.030426131561398506, 0.15803392231464386, 0.26110386848449707, 0.036633338779211044, 0.038664501160383224, 0.05856006592512131, 0.18062618374824524, 0.10918723791837692, 0.06930385529994965, 0.09863276034593582, 0.06342486292123795, 0.18346305191516876, 0.2449214607477188]
val step Loss: [0.5229422450065613, 0.6039795875549316, 0.3923826813697815, 0.1606338769197464, 0.0037745542358607054, 0.17603902518749237, 0.38789603114128113, 0.7381070852279663, 0.1732061505317688, 0.2824366092681885, 0.737238347530365, 0.5977711081504822, 0.46232494711875916, 0.29627928137779236, 0.2672172486782074, 0.2749452292919159]
Train step Accs: [0.919714776178529, 0.9224982256919801, 0.9328751994109706, 0.8971673411092597, 0.9328706793006807, 0.9435966304480528, 1.0, 0.9345056770977569, 0.9683768534313082, 0.9845513164965073, 1.0, 0.9454475109620841, 0.9525850152059718, 0.9895561357702349, 0.9893078221722004, 0.9744483159117305, 0.9951766207972762, 0.9035513038920194, 1.0, 0.9272369714847591, 0.9478138222849083, 0.9947384710615909, 0.9156819300837026, 0.9408391608391609, 0.9732118199392433, 0.9638490164805954, 0.9301704400915798, 0.9922548589799796, 0.869177403369673, 0.9885186222346681, 0.9516036655211912, 1.0, 0.9372979961215255, 0.9267654751525719, 0.9515255203877958, 0.9285714285714286, 0.9213658260130348, 0.9896767182830752, 0.9807921579017088, 0.9820066730219257, 0.9685551280350272, 0.9897789702312508, 0.962254259501966, 0.9806089743589743, 0.972987012987013, 0.9847494553376906, 0.9763304910320494, 0.9882797731568999, 0.9943963321446765, 0.9107994389901823, 0.9917818940777459, 0.9530974650942118, 0.92809642560266, 0.9898363479758828, 0.9898059444853844, 0.9841056034482759, 0.9529846804014791, 0.9688581314878892, 0.9818796810823871, 0.973311982919669, 0.9827191867852605, 0.9446909198461994, 0.9388444990780578]
val step Accs: [0.8653717347622237, 0.8536831483350151, 0.9006744328632741, 0.9598575590806087, 0.9997116493656286, 0.9556521739130435, 0.9027269027269027, 0.8097731239092496, 0.9564384261624936, 0.9294167371090448, 0.8198069360028603, 0.8517314664333042, 0.8991941391941392, 0.9271894093686355, 0.9307940606843125, 0.9393439240767485]
Preds: [17, 17, 287, 287, 284, 284, 480, 480, 85, 85, 240, 240, 240, 314, 325, 34, 300, 242, 242, 196, 217, 217, 473, 473, 398, 398, 398, 171, 171, 171, 171, 246, 246, 246, 246, 246, 246, 246, 246, 318, 49, 49, 269, 323, 323, 219, 213, 213, 213, 213, 246, 360, 360, 360, 246, 246, 19, 19, 19, 19, 454, 454, 454, 454, 414, 414, 414, 170, 82, 47, 47, 47, 80, 80, 80, 75, 373, 66, 66, 323, 323, 323, 273, 273, 106, 106, 153, 497, 497, 274, 122, 35, 458, 445, 445, 445, 351, 351, 351, 403, 403, 403, 290, 290, 290, 290, 434, 434, 434, 434, 434, 434, 434, 434, 434, 434, 434, 246, 19, 248, 259, 465, 445, 445, 445, 445, 351, 171, 171, 171, 171, 171, 252, 143, 445, 445, 464, 464, 443, 403, 171, 171, 240, 252, 143, 143, 458, 183, 74, 25, 420, 420, 213, 213, 213, 213, 246, 246, 246, 246, 246, 246, 246, 246, 246, 246, 197, 7, 198, 22, 258, 258, 38, 31, 31, 162, 232, 232, 232, 172, 172, 115, 115, 267, 267, 267, 286, 286, 286, 286, 286, 468, 468, 42, 42, 42, 147, 42, 42, 42, 345, 88, 288, 288, 360, 360, 360, 434, 434, 434, 318, 368, 49, 453, 453, 219, 219, 219, 324, 324, 464, 464, 464, 464, 464, 180, 315, 315, 315, 315, 282, 282, 450, 450, 413, 413, 175, 43, 276, 276, 153, 153, 153, 182, 182, 182, 182, 182, 182, 182, 375, 375, 98, 98, 98, 98, 13, 229, 229, 414, 312, 312, 312, 187, 23, 23, 23, 23, 12, 12, 260, 260, 391, 391, 73, 244, 73, 244, 321, 321, 321, 287, 287, 353, 353, 306, 372, 467, 467, 499, 499, 486, 460, 460, 460, 150, 150, 150, 342, 342, 224, 168, 494, 494, 494, 494, 38, 478, 342, 342, 172, 115, 273, 273, 273, 319, 319, 319, 319, 388, 348, 348, 348, 250, 250, 398, 398, 398, 398, 464, 464, 464, 464, 443, 443, 139, 282, 282, 282, 282, 388, 203, 399, 70, 65, 431, 65, 443, 443, 443, 443, 146, 438, 438, 219, 219, 324, 324, 324, 324, 301, 301, 132, 58, 337, 337, 464, 464, 464, 264, 120, 120, 376, 376, 460, 460, 263, 263, 263, 263, 263, 13, 78, 170, 170, 170, 170, 244, 28, 28, 2, 2, 244, 341, 341, 12, 12, 12, 63, 63, 63, 163, 163, 163, 244, 316, 244, 73, 73, 321, 320, 7, 7, 7, 309, 479, 479, 331, 398, 290, 290, 360, 360, 360, 360, 434, 434, 434, 434, 434, 434, 3, 335, 14, 287, 145, 111, 111, 111, 450, 450, 450, 43, 182, 497, 43, 43, 345, 109, 109, 109, 290, 290, 324, 324, 324, 324, 301, 301, 143, 259, 192, 192, 79, 420, 420, 213, 213, 213, 246, 246, 246, 246, 19, 19, 454, 454, 197, 401, 401, 401, 321, 320, 188, 188, 498, 498, 498, 498, 468, 406, 406, 467, 288, 120, 120, 120, 282, 282, 37, 37, 271, 243, 243, 310, 107, 107, 338, 338, 338, 338, 338, 338, 400, 447, 447, 17, 17, 443, 403, 403, 438, 438, 438, 438, 438, 403, 403, 403, 403, 403, 403, 403, 403, 403, 403, 403, 403, 403, 403, 403, 403, 403, 403, 403, 403, 403, 403, 403, 403, 403, 403, 403, 403, 403, 403, 403, 403, 403, 403, 403, 403, 403, 403, 403, 403, 403, 403, 403, 403, 403, 403, 403, 403, 403, 403, 403, 403, 403, 403, 403, 403, 403, 403, 403, 403, 403, 403, 403, 403, 403, 403, 403, 403, 403, 403, 403, 403, 403, 403]

ep554
Train step Loss: [0.2752027213573456, 0.18500789999961853, 0.182581827044487, 0.0013094027526676655, 0.10800129920244217, 0.24880269169807434, 0.18498831987380981, 0.08293870836496353, 0.029864806681871414, 0.07415057718753815, 0.21527008712291718, 0.04664187505841255, 0.1554158478975296, 0.1821226328611374, 0.12854066491127014, 0.24880102276802063, 0.07591047137975693, 0.18743187189102173, 0.08581037819385529, 0.21894416213035583, 0.14726603031158447, 0.08004499971866608, 0.2956418991088867, 0.05392995476722717, 0.12317711114883423, 0.19390812516212463, 0.0012681190855801105, 0.1060299351811409, 0.11944476515054703, 0.001296312315389514, 0.1139308512210846, 0.11829312145709991, 0.0010634928476065397, 0.05840182304382324, 0.05042954161763191, 0.18009120225906372, 0.21087048947811127, 0.042532727122306824, 0.170853853225708, 0.20374652743339539, 0.2464953362941742, 0.07198473811149597, 0.24327689409255981, 0.07492495328187943, 0.09748144447803497, 0.06422563642263412, 0.16195906698703766, 0.11831086874008179, 0.1459461897611618, 0.12985007464885712, 0.0012201013742014766, 0.12465169280767441, 0.0012722430983558297, 0.10870324075222015, 0.2787209451198578, 0.17916344106197357, 0.21193355321884155, 0.11559584736824036, 0.05570046603679657, 0.020579684525728226, 0.20666030049324036, 0.11844466626644135, 0.10022035241127014]
val step Loss: [0.36170604825019836, 0.43478989601135254, 0.45146748423576355, 0.06678510457277298, 0.6619130969047546, 0.843359649181366, 0.2387159764766693, 0.34409698843955994, 0.001251876587048173, 0.13655522465705872, 0.3312850296497345, 0.2617088854312897, 0.21621103584766388, 0.5538302063941956, 0.23677021265029907, 0.06547369807958603]
Train step Accs: [0.9279393173198482, 0.9463450652227419, 0.9498661112764059, 1.0, 0.9679260668659962, 0.92858169277195, 0.9477728575149779, 0.9781088082901555, 0.9920110192837466, 0.9778142974527527, 0.9385644768856448, 0.9877472689695896, 0.954516003628353, 0.9486335199209747, 0.9622641509433962, 0.9338647770888692, 0.9804610626932808, 0.9495890410958904, 0.9754734977517373, 0.939349701393497, 0.9569069069069069, 0.9772569685203162, 0.9147093557275948, 0.9872189349112426, 0.9659509592173803, 0.9468023255813953, 1.0, 0.9697445972495088, 0.9693183395807302, 1.0, 0.9674841554147148, 0.9672884187082406, 1.0, 0.9850273538727325, 0.9861785031612998, 0.948301329394387, 0.9397060843290757, 0.9887126732390341, 0.9502895071317611, 0.9436695278969958, 0.9316647919010124, 0.9794601711652403, 0.933399356276306, 0.9782211789254043, 0.9726890756302521, 0.9822055137844612, 0.9562276163947473, 0.9699719738422528, 0.960423197492163, 0.9626334519572953, 1.0, 0.9666481378543635, 1.0, 0.9704352586914865, 0.923423944476576, 0.9469084268197234, 0.9381999730130887, 0.9677342256214149, 0.9840604026845637, 0.9941566030385665, 0.9394729220967275, 0.9679439018281993, 0.9676335877862595]
val step Accs: [0.9086834016393442, 0.8945626477541371, 0.8839073634204275, 0.9830551662632182, 0.8327314747941644, 0.7996936039831483, 0.9396733403582719, 0.914340570078275, 1.0, 0.9639764026609765, 0.9140510053948013, 0.936503375951731, 0.9428497543315232, 0.8579167311561677, 0.9406692406692406, 0.9842197545295149]
Preds: [17, 196, 217, 217, 217, 473, 473, 65, 264, 264, 264, 264, 264, 468, 468, 468, 468, 337, 337, 337, 337, 301, 301, 143, 197, 259, 354, 354, 473, 288, 288, 288, 288, 288, 290, 171, 171, 171, 434, 434, 339, 200, 398, 398, 398, 324, 324, 301, 301, 378, 378, 88, 88, 88, 88, 100, 297, 297, 297, 297, 293, 293, 497, 35, 458, 75, 208, 27, 437, 437, 284, 284, 426, 306, 306, 306, 396, 396, 396, 59, 59, 495, 59, 59, 59, 59, 59, 303, 303, 98, 98, 48, 263, 263, 263, 13, 13, 442, 442, 170, 170, 170, 28, 2, 244, 2, 2, 63, 63, 244, 63, 73, 244, 73, 321, 320, 320, 320, 7, 7, 398, 288, 360, 360, 360, 360, 434, 434, 434, 434, 434, 434, 434, 434, 246, 212, 152, 152, 422, 422, 349, 349, 205, 25, 25, 499, 486, 460, 460, 169, 150, 162, 232, 232, 342, 342, 115, 115, 470, 470, 290, 171, 171, 434, 434, 339, 64, 398, 398, 398, 324, 324, 464, 286, 301, 325, 325, 398, 324, 324, 286, 360, 120, 120, 286, 325, 34, 41, 41, 41, 41, 41, 19, 19, 19, 19, 454, 454, 454, 414, 414, 414, 170, 249, 187, 187, 187, 187, 187, 2, 12, 408, 408, 244, 73, 73, 73, 73, 321, 320, 320, 451, 451, 110, 290, 403, 403, 171, 171, 171, 171, 207, 171, 171, 171, 171, 171, 171, 252, 252, 325, 325, 131, 34, 300, 374, 374, 132, 132, 497, 497, 14, 14, 411, 411, 100, 100, 153, 424, 182, 182, 182, 182, 182, 375, 375, 375, 375, 98, 98, 98, 98, 414, 414, 414, 414, 414, 47, 170, 47, 47, 244, 244, 73, 73, 320, 320, 7, 7, 7, 374, 374, 374, 374, 132, 132, 132, 132, 467, 337, 337, 337, 213, 213, 213, 213, 213, 246, 246, 246, 246, 246, 19, 19, 197, 197, 197, 197, 197, 197, 414, 259, 209, 188, 188, 188, 403, 120, 120, 120, 120, 37, 37, 37, 314, 314, 32, 32, 239, 354, 354, 79, 79, 109, 109, 288, 171, 171, 171, 171, 464, 464, 464, 468, 468, 467, 337, 337, 337, 324, 324, 3, 3, 3, 58, 72, 110, 110, 486, 460, 460, 460, 271, 77, 77, 342, 232, 232, 172, 115, 115, 273, 267, 444, 444, 213, 213, 246, 19, 19, 19, 454, 229, 229, 414, 414, 312, 126, 126, 292, 292, 408, 408, 408, 408, 408, 408, 408, 73, 321, 320, 412, 188, 188, 188, 290, 290, 171, 171, 330, 330, 468, 468, 406, 467, 467, 467, 337, 337, 330, 330, 116, 94, 241, 241, 431, 486, 376, 376, 376, 376, 376, 460, 460, 167, 167, 167, 35, 225, 225, 414, 259, 320, 441, 441, 100, 100, 424, 182, 497, 98, 98, 98, 458, 208, 441, 437, 437, 481, 426, 426, 426, 426, 426, 426, 413, 413, 263, 263, 193, 17, 83, 443, 403, 438, 438, 438, 438, 438, 438, 403, 403, 403, 403, 403, 403, 403, 403, 403, 403, 403, 403, 403, 403, 403, 403, 403, 403, 403, 403, 403, 403, 403, 403, 403, 403, 403, 403, 403, 403, 403, 403, 403, 403, 403, 403, 403, 403, 403, 403, 403, 403, 403, 403, 403, 403, 403, 403, 403, 403, 403, 403, 403, 403, 403, 403, 403, 403, 403, 403, 403, 403, 403, 403, 403, 403, 403, 403, 403, 403, 403, 403, 403, 403, 403, 403, 403, 403, 403, 403, 403, 403, 403, 403, 403, 403, 403, 403, 403, 403, 403, 403, 403, 403, 403, 403, 403, 403, 403, 403, 403, 403, 403, 403, 403, 403, 403, 403, 403, 403]

ep555
Train step Loss: [0.20469844341278076, 0.12555846571922302, 0.09306412190198898, 0.0013649017782881856, 0.017688294872641563, 0.1873243749141693, 0.09309997409582138, 0.06116567552089691, 0.12549707293510437, 0.0017732210690155625, 0.0012090892996639013, 0.021168939769268036, 0.13408419489860535, 0.0011989526683464646, 0.17198529839515686, 0.0013032489223405719, 0.09624887257814407, 0.30149945616722107, 0.2181418538093567, 0.12271232157945633, 0.1231841892004013, 0.28702616691589355, 0.0012617213651537895, 0.08917062729597092, 0.0012443062150850892, 0.22381171584129333, 0.12308353185653687, 0.0014155488461256027, 0.02479236014187336, 0.078021340072155, 0.10800740867853165, 0.0644015520811081, 0.13236883282661438, 0.12255528569221497, 0.08084724843502045, 0.14744599163532257, 0.05390572175383568, 0.23115657269954681, 0.2685522139072418, 0.03454295173287392, 0.07471136748790741, 0.168645977973938, 0.28606826066970825, 0.2683297097682953, 0.136726975440979, 0.11160039901733398, 0.14845257997512817, 0.09054239839315414, 0.18631283938884735, 0.13332177698612213, 0.07553021609783173, 0.22677521407604218, 0.2924284338951111, 0.17458821833133698, 0.17141933739185333, 0.13663797080516815, 0.08956350386142731, 0.11689750105142593, 0.08124163746833801, 0.04430403560400009, 0.13734355568885803, 0.13428233563899994, 0.001102358684875071]
val step Loss: [0.5866866707801819, 0.10135617107152939, 0.37351468205451965, 0.28985390067100525, 0.47686439752578735, 0.3712970018386841, 0.6384671926498413, 0.18931043148040771, 0.39157599210739136, 0.3423803746700287, 0.001283837715163827, 0.44247761368751526, 0.19824784994125366, 0.6345349550247192, 0.27811184525489807, 0.6069520711898804]
Train step Accs: [0.9442938131624353, 0.9669709344222917, 0.9752103365384616, 1.0, 0.9956133479555068, 0.948327476246258, 0.9734573813107128, 0.9831255992329818, 0.9644962110580971, 0.999859392575928, 1.0, 0.9933703152482749, 0.9610619469026549, 1.0, 0.950209148562947, 1.0, 0.9724204171240395, 0.919202518363064, 0.9344166300688039, 0.9668118913377755, 0.9665404996214989, 0.9195768544481264, 1.0, 0.9746013828136024, 1.0, 0.9355539464156408, 0.9650708024275118, 1.0, 0.9928764431343651, 0.978140601808123, 0.9693011983304161, 0.981442484864438, 0.9620039834533476, 0.9659474915518586, 0.9769242447244573, 0.9590909090909091, 0.9840538183630247, 0.9402488425925926, 0.9221151341495181, 0.9906519938468821, 0.9805751765893037, 0.9538754764930114, 0.9208270983539655, 0.9292778756266089, 0.9612219451371571, 0.9665965606829148, 0.9562820994613553, 0.9760437097226113, 0.9492637215528782, 0.9617144600366077, 0.9781985797931979, 0.9386766334440753, 0.9194416169841501, 0.9525951136501762, 0.9491932257634351, 0.9646086282614311, 0.9733275663206459, 0.9686058622228835, 0.9774774774774775, 0.9863048121623319, 0.9619586678952218, 0.9624569323987169, 1.0]
val step Accs: [0.8567559863169898, 0.9747720744348695, 0.9038836212495129, 0.9283158871074599, 0.8794354306819681, 0.92013005371784, 0.8478964401294499, 0.9521488133418858, 0.9052428338036537, 0.9160477453580902, 1.0, 0.8869182557674357, 0.9475943745373797, 0.8502969762419006, 0.9284919309961046, 0.8484028153762859]
Preds: [17, 17, 296, 109, 278, 278, 296, 17, 385, 35, 77, 54, 86, 449, 224, 224, 273, 494, 494, 494, 498, 406, 406, 406, 467, 467, 337, 337, 135, 434, 339, 33, 10, 10, 10, 309, 479, 331, 331, 84, 84, 284, 426, 16, 16, 375, 98, 98, 98, 98, 48, 13, 13, 13, 170, 170, 170, 170, 28, 28, 28, 28, 28, 28, 28, 28, 2, 2, 2, 2, 2, 2, 1, 2, 2, 2, 1, 2, 163, 163, 316, 20, 316, 316, 73, 73, 73, 73, 289, 320, 7, 7, 7, 32, 32, 239, 354, 420, 213, 213, 213, 213, 213, 213, 213, 246, 252, 246, 246, 246, 246, 3, 335, 335, 188, 188, 188, 177, 236, 416, 129, 129, 129, 354, 354, 109, 109, 278, 278, 278, 171, 171, 171, 171, 246, 246, 246, 246, 246, 246, 324, 422, 186, 99, 338, 338, 338, 338, 338, 400, 400, 444, 444, 171, 171, 171, 252, 252, 314, 32, 32, 239, 36, 108, 108, 119, 351, 286, 286, 464, 464, 464, 264, 264, 264, 315, 315, 315, 315, 282, 282, 450, 413, 413, 250, 250, 250, 250, 250, 276, 138, 138, 138, 138, 182, 182, 182, 182, 182, 182, 182, 182, 250, 250, 250, 250, 10, 466, 10, 10, 466, 132, 134, 134, 496, 496, 274, 375, 274, 122, 236, 129, 129, 401, 401, 26, 217, 241, 431, 431, 464, 153, 182, 182, 182, 182, 182, 182, 182, 182, 182, 182, 182, 182, 182, 122, 116, 10, 64, 10, 10, 398, 398, 398, 464, 464, 464, 464, 120, 355, 263, 263, 263, 263, 78, 170, 170, 170, 170, 170, 170, 47, 47, 47, 2, 2, 2, 2, 2, 2, 2, 2, 2, 2, 316, 316, 73, 73, 73, 73, 73, 320, 155, 7, 25, 7, 153, 153, 153, 182, 182, 182, 182, 182, 182, 182, 182, 182, 182, 497, 335, 122, 129, 458, 259, 259, 441, 441, 420, 425, 142, 106, 284, 431, 284, 284, 98, 387, 122, 236, 285, 324, 324, 324, 324, 37, 24, 143, 401, 401, 401, 75, 7, 374, 65, 284, 284, 284, 240, 493, 85, 355, 355, 355, 355, 452, 263, 129, 287, 284, 284, 169, 35, 130, 402, 401, 401, 280, 420, 420, 264, 376, 240, 240, 143, 35, 239, 239, 108, 224, 351, 171, 486, 460, 240, 175, 35, 239, 239, 371, 371, 374, 374, 286, 374, 139, 374, 275, 48, 381, 381, 76, 76, 458, 401, 401, 401, 441, 441, 441, 153, 153, 387, 98, 98, 13, 170, 170, 170, 170, 170, 170, 170, 28, 392, 28, 2, 2, 2, 2, 2, 2, 2, 2, 2, 2, 2, 2, 2, 2, 2, 2, 2, 2, 2, 2, 2, 163, 316, 316, 73, 73, 73, 73, 73, 73, 7, 73, 7, 320, 7, 287, 284, 284, 206, 206, 206, 206, 450, 413, 413, 175, 182, 276, 346, 182, 182, 182, 182, 335, 335, 14, 14, 197, 197, 401, 239, 239, 239, 420, 286, 171, 171, 252, 252, 252, 143, 129, 75, 75, 208, 75, 377, 213, 286, 286, 464, 464, 286, 374, 132, 132, 132, 132, 132, 132, 76, 197, 162, 162, 482, 482, 482, 273, 273, 273, 273, 273, 106, 106, 284, 153, 43, 122, 129, 401, 401, 401, 401, 354, 354, 354, 213, 213, 286, 213, 213, 213, 3, 454, 454, 454, 233, 401, 401, 401, 80, 80, 441, 188, 264, 120, 120, 120, 203, 233, 457, 259, 226, 217, 473, 65, 65, 284, 315, 284, 284, 206, 206, 206, 240, 263, 35, 226, 287, 414, 287, 460, 497, 497, 98, 98, 98, 13, 129, 401, 401, 401, 354, 354]

ep556
Train step Loss: [0.006973553448915482, 0.366058886051178, 0.11269062012434006, 0.073104128241539, 0.050557028502225876, 0.2851656973361969, 0.06252428144216537, 0.09591744095087051, 0.14252711832523346, 0.30612853169441223, 0.47542259097099304, 0.15787041187286377, 0.04169270023703575, 0.1851433515548706, 0.09516914933919907, 0.05345972999930382, 0.006332825403660536, 0.13495764136314392, 0.06719281524419785, 0.019125819206237793, 0.19284768402576447, 0.013630682602524757, 0.19865931570529938, 0.11501644551753998, 0.1668221801519394, 0.1369095891714096, 0.14713194966316223, 0.16030919551849365, 0.10595095902681351, 0.0015872176736593246, 0.1271953284740448, 0.21335862576961517, 0.12021879851818085, 0.1573425829410553, 0.11128418147563934, 0.13482819497585297, 0.0892481580376625, 0.1156545951962471, 0.008333730511367321, 0.06211106479167938, 0.15408974885940552, 0.06130925938487053, 0.021401401609182358, 0.06829260289669037, 0.041819918900728226, 0.10834014415740967, 0.0013424076605588198, 0.05773396044969559, 0.10206610709428787, 0.10033126175403595, 0.0012723595136776567, 0.04751187935471535, 0.0013283680891618133, 0.1592922806739807, 0.09296520799398422, 0.10761521756649017, 0.10220334678888321, 0.001217461540363729, 0.10045794397592545, 0.009353320114314556, 0.0035773408599197865, 0.07243014127016068, 0.09122592210769653]
val step Loss: [0.29129084944725037, 0.38877514004707336, 0.006313979625701904, 0.18287675082683563, 0.36387455463409424, 0.33180680871009827, 0.17491474747657776, 0.31086814403533936, 0.001443265238776803, 0.2918812334537506, 0.548271894454956, 0.4004763066768646, 0.19867263734340668, 0.24284468591213226, 0.09525611251592636, 0.5765087008476257]
Train step Accs: [0.9980562394712972, 0.9021299541655433, 0.9671816984069949, 0.9773145309625997, 0.9876637222053001, 0.9240605427974948, 0.9813287016934433, 0.9753575980739272, 0.9589113489232395, 0.9182588708518891, 0.8667146110511806, 0.9553620784964069, 0.9890079309865034, 0.9521183253948358, 0.9729769422822735, 0.98632918245804, 0.9985491954629385, 0.9613084340290492, 0.9824011931394482, 0.9947509921905006, 0.946888831033585, 0.996040584013858, 0.9427994616419919, 0.9706619489901224, 0.9544025157232704, 0.9647854836229433, 0.956399625518256, 0.9556908267270668, 0.9712292938099389, 1.0, 0.964876867178038, 0.9424983476536682, 0.9689238702673362, 0.9555773714566205, 0.968852715604946, 0.9626121635094715, 0.9740721242432219, 0.9669237614951053, 0.9985385943935167, 0.9836375078665828, 0.9580214296198444, 0.9831847133757962, 0.994371931505209, 0.9818734947395107, 0.989192625556262, 0.9668856048166393, 1.0, 0.9835777126099706, 0.9685374149659864, 0.9707174231332357, 1.0, 0.9887293707231987, 1.0, 0.9564518720874177, 0.9730029073792054, 0.9688195991091314, 0.9717006802721089, 1.0, 0.9707703383729301, 0.9978826376285541, 0.9993586454592098, 0.9798056291808659, 0.9711771844660194]
val step Accs: [0.9247380526450294, 0.9014634146341464, 0.9995123735218823, 0.9551079515534492, 0.9071747627024009, 0.9154909903617824, 0.9566550522648084, 0.9229021913415286, 1.0, 0.9265377383830244, 0.8730099962976675, 0.8931349802101816, 0.9479717813051146, 0.9402409638554217, 0.9754317001263513, 0.858451290591174]
Preds: [17, 451, 398, 360, 360, 171, 171, 171, 171, 171, 171, 252, 252, 252, 252, 252, 143, 35, 205, 441, 441, 441, 346, 346, 346, 387, 306, 206, 206, 206, 285, 285, 467, 84, 84, 84, 496, 496, 274, 274, 274, 132, 132, 10, 10, 10, 10, 219, 398, 398, 398, 398, 286, 286, 286, 286, 286, 264, 264, 264, 468, 468, 468, 468, 467, 467, 499, 450, 426, 426, 426, 98, 98, 98, 263, 263, 263, 13, 13, 13, 102, 102, 170, 170, 170, 82, 28, 28, 2, 2, 2, 2, 2, 2, 2, 2, 2, 163, 163, 163, 391, 73, 140, 73, 140, 73, 320, 320, 373, 7, 7, 4, 4, 4, 219, 219, 219, 219, 219, 485, 213, 213, 213, 171, 171, 213, 213, 246, 246, 246, 246, 19, 19, 19, 454, 454, 454, 414, 414, 414, 249, 249, 249, 249, 249, 249, 249, 249, 249, 249, 249, 244, 2, 244, 316, 244, 73, 73, 244, 244, 320, 320, 320, 7, 7, 451, 360, 360, 360, 360, 360, 434, 434, 339, 212, 465, 192, 34, 420, 324, 360, 339, 339, 33, 77, 77, 478, 232, 232, 232, 172, 172, 115, 115, 267, 267, 267, 444, 171, 252, 252, 252, 314, 4, 4, 4, 4, 4, 4, 4, 280, 485, 444, 213, 213, 213, 213, 246, 246, 246, 246, 246, 246, 19, 454, 454, 454, 454, 454, 454, 197, 197, 80, 80, 80, 102, 102, 7, 478, 478, 107, 107, 54, 172, 395, 395, 470, 470, 403, 403, 403, 403, 171, 171, 207, 207, 207, 358, 454, 454, 197, 197, 197, 414, 197, 197, 7, 451, 451, 30, 30, 213, 213, 213, 252, 457, 457, 196, 196, 196, 473, 398, 324, 324, 324, 324, 464, 464, 464, 180, 315, 315, 315, 315, 315, 315, 315, 315, 450, 450, 450, 450, 293, 43, 43, 276, 276, 276, 138, 138, 138, 182, 182, 182, 182, 182, 182, 182, 182, 250, 250, 413, 426, 426, 426, 426, 426, 413, 413, 381, 250, 381, 203, 88, 88, 65, 426, 426, 426, 426, 426, 426, 426, 480, 480, 426, 480, 480, 480, 480, 85, 85, 282, 85, 388, 388, 195, 195, 195, 195, 195, 473, 398, 398, 324, 324, 324, 301, 301, 325, 285, 285, 34, 222, 222, 255, 245, 173, 349, 349, 349, 393, 234, 261, 25, 25, 148, 153, 153, 424, 424, 424, 182, 182, 387, 387, 497, 122, 43, 43, 88, 100, 100, 497, 43, 43, 43, 88, 346, 431, 265, 486, 486, 428, 428, 85, 85, 146, 146, 146, 464, 464, 464, 464, 464, 171, 240, 325, 325, 34, 464, 464, 464, 464, 443, 355, 460, 460, 263, 263, 263, 263, 229, 229, 229, 229, 170, 312, 312, 312, 292, 23, 23, 23, 23, 23, 23, 23, 23, 23, 23, 23, 260, 23, 260, 260, 260, 260, 391, 244, 73, 73, 73, 73, 321, 321, 320, 320, 287, 287, 437, 284, 284, 284, 284, 284, 284, 284, 284, 284, 284, 284, 284, 284, 284, 284, 480, 111, 85, 85, 85, 240, 285, 285, 34, 146, 207, 324, 324, 464, 464, 464, 464, 145, 315, 315, 315, 315, 315, 450, 450, 450, 175, 43, 43, 182, 182, 182, 182, 182, 182, 182, 182, 182, 182, 182, 182, 182, 182, 387, 413, 413, 413, 42, 406, 406, 406, 406, 406, 406, 406, 42, 88, 241, 241, 431, 426, 426, 480, 480, 480, 480, 480, 480, 480, 85, 85, 282, 282, 282, 282, 388, 388, 94, 94, 199, 398, 84, 84, 275, 275, 303, 375, 375, 98, 98, 98, 13, 233, 233, 414, 414, 188, 188, 451, 451, 485, 485, 303, 303]

ep557
Train step Loss: [0.08876799792051315, 0.13320939242839813, 0.05134912207722664, 0.029891207814216614, 0.16235694289207458, 0.008179811760783195, 0.21964947879314423, 0.20378153026103973, 0.0014786151004955173, 0.02184336818754673, 0.08241575211286545, 0.11888360232114792, 0.08908797800540924, 0.018009789288043976, 0.09195396304130554, 0.12007477879524231, 0.0859987810254097, 0.007213481701910496, 0.001929759862832725, 0.12049606442451477, 0.23448483645915985, 0.09724351763725281, 0.009191686287522316, 0.15237535536289215, 0.234439417719841, 0.0932028740644455, 0.0666927844285965, 0.10090474784374237, 0.09501366317272186, 0.21445028483867645, 0.08105652779340744, 0.2141222357749939, 0.06178269907832146, 0.20134148001670837, 0.3210958242416382, 0.19116640090942383, 0.1440575271844864, 0.022592011839151382, 0.0451437309384346, 0.21802130341529846, 0.1352517008781433, 0.21100811660289764, 0.0010885166702792048, 0.031659722328186035, 0.23978173732757568, 0.2818869352340698, 0.05183129012584686, 0.08126217871904373, 0.0012608926044777036, 0.04976176097989082, 0.11457963287830353, 0.03481311351060867, 0.06131858751177788, 0.17844362556934357, 0.12642042338848114, 0.1950691193342209, 0.1274479776620865, 0.01079670898616314, 0.0545518696308136, 0.031973231583833694, 0.0829332172870636, 0.09422138333320618, 0.0010679754195734859]
val step Loss: [0.2155863642692566, 0.4484100937843323, 0.35504090785980225, 0.281406968832016, 0.7169699668884277, 0.2858220040798187, 0.7889615297317505, 0.21518383920192719, 0.31705403327941895, 0.37264591455459595, 0.5396502017974854, 0.1722334921360016, 0.3610713481903076, 0.30265316367149353, 0.47419026494026184, 0.0009101577452383935]
Train step Accs: [0.9744130836190978, 0.9639303482587065, 0.9851980844579887, 0.991542365062279, 0.9527603870233352, 0.9977459559798462, 0.9399182132746147, 0.9444750620005511, 1.0, 0.9934162399414777, 0.9745865268253328, 0.9686524630207627, 0.975563433780704, 0.9944244827158965, 0.975975975975976, 0.9662305295950155, 0.9755322529393072, 0.9985153192063706, 0.9998653561330282, 0.9681565877884897, 0.9346172135045173, 0.9722557297949337, 0.9974814814814815, 0.9562760261748959, 0.9326883771631013, 0.9742372881355932, 0.9814737428611228, 0.972785337406276, 0.9729084783829309, 0.9382376081825334, 0.97708082026538, 0.9394769613947697, 0.9824561403508771, 0.9435525634386328, 0.9184055259749604, 0.9476805482340538, 0.9607721816606856, 0.9934976971010566, 0.9880999084608343, 0.9385113268608414, 0.9615266235764851, 0.940794701986755, 1.0, 0.9918230563002681, 0.9343696027633851, 0.922599442614644, 0.98531549869148, 0.978277734678045, 1.0, 0.9861631966895125, 0.964500063848806, 0.9902104747919726, 0.9829091356203123, 0.9527715306257442, 0.9639113705718456, 0.9486177449703286, 0.9621003905684942, 0.9971313826735514, 0.9853900339159927, 0.9913832199546485, 0.979194934418815, 0.9732025361885392, 1.0]
val step Accs: [0.9473545669913135, 0.889073482428115, 0.9139243471132451, 0.9300371849607492, 0.8180022573363431, 0.9346835443037975, 0.803424029348823, 0.9426151113540101, 0.9179791049430843, 0.9182479668997003, 0.8689272503082615, 0.961706638399364, 0.9127155172413793, 0.9241669858291842, 0.8724949172233517, 1.0]
Preds: [17, 17, 287, 287, 284, 284, 319, 450, 450, 450, 169, 169, 76, 76, 349, 234, 234, 234, 234, 234, 234, 261, 25, 106, 25, 106, 284, 428, 428, 330, 388, 388, 10, 10, 10, 309, 479, 398, 398, 324, 324, 422, 186, 162, 162, 232, 232, 172, 172, 115, 273, 267, 267, 267, 324, 324, 3, 3, 14, 14, 411, 188, 188, 171, 443, 443, 271, 178, 143, 96, 54, 232, 232, 86, 238, 6, 336, 336, 440, 145, 145, 145, 486, 486, 460, 468, 406, 406, 406, 42, 132, 32, 32, 32, 32, 239, 82, 310, 107, 107, 107, 395, 395, 286, 286, 264, 264, 264, 120, 120, 120, 120, 120, 207, 178, 178, 143, 233, 233, 170, 170, 170, 312, 312, 170, 170, 82, 170, 170, 187, 187, 187, 244, 2, 2, 2, 2, 244, 392, 316, 316, 392, 244, 73, 73, 73, 244, 287, 287, 100, 293, 293, 43, 43, 8, 129, 144, 208, 27, 346, 106, 174, 426, 319, 348, 348, 348, 199, 199, 250, 250, 98, 197, 129, 401, 7, 7, 217, 473, 109, 109, 313, 313, 406, 285, 337, 337, 337, 324, 340, 116, 94, 94, 199, 398, 340, 340, 116, 94, 94, 479, 331, 331, 138, 138, 138, 138, 138, 182, 497, 497, 43, 416, 32, 239, 208, 208, 27, 441, 346, 426, 426, 319, 348, 348, 94, 250, 250, 303, 375, 98, 98, 98, 13, 414, 414, 170, 170, 170, 170, 170, 28, 2, 2, 244, 2, 2, 2, 2, 2, 244, 244, 73, 73, 73, 73, 244, 320, 7, 70, 473, 106, 284, 405, 206, 206, 240, 385, 35, 82, 77, 270, 323, 323, 142, 397, 106, 153, 153, 153, 153, 387, 169, 349, 349, 349, 234, 234, 234, 261, 25, 25, 100, 100, 100, 302, 497, 497, 98, 98, 98, 197, 226, 226, 226, 226, 226, 442, 209, 287, 287, 284, 284, 284, 480, 480, 480, 480, 480, 480, 480, 480, 480, 282, 282, 282, 388, 388, 388, 388, 195, 195, 195, 250, 250, 250, 250, 250, 109, 109, 109, 403, 403, 403, 207, 207, 207, 252, 416, 32, 32, 239, 75, 131, 180, 106, 153, 153, 387, 349, 349, 349, 349, 234, 261, 261, 25, 148, 148, 148, 148, 153, 182, 182, 182, 182, 406, 132, 42, 42, 495, 134, 132, 132, 98, 98, 98, 98, 13, 13, 78, 78, 170, 170, 170, 170, 312, 187, 187, 187, 187, 391, 391, 392, 392, 73, 73, 73, 244, 310, 310, 323, 323, 323, 323, 273, 106, 106, 153, 153, 153, 182, 182, 182, 182, 182, 182, 182, 182, 182, 182, 182, 345, 122, 122, 236, 129, 129, 82, 75, 310, 310, 323, 323, 273, 106, 106, 106, 100, 375, 98, 98, 98, 98, 17, 83, 443, 443, 438, 438, 438, 438, 438, 438, 438, 438, 438, 438, 438, 438, 438, 438, 438, 438, 438, 438, 438, 438, 438, 438, 438, 438, 438, 438, 438, 438, 438, 438, 438, 438, 438, 438, 438, 438, 438, 438, 438, 438, 438, 438, 438, 438, 438, 438, 438, 438, 438, 438, 438, 438, 438, 438, 438, 438, 438, 438, 438, 438, 438, 438, 438, 438, 438, 438, 438, 438, 438, 438, 438, 438, 438, 438, 438, 438, 438, 438, 438, 438, 438, 438, 438, 438, 438, 438, 438, 438, 438, 438, 438, 438, 438, 438, 438, 438, 438, 438, 438, 438, 438, 438, 438, 438, 438, 438, 438, 438, 438, 438, 438, 438, 438, 438, 403, 403, 403, 403, 403, 403, 403, 403, 403, 403, 403, 403, 403, 403, 403, 403, 403, 403, 403, 403, 403, 403, 403, 403, 403, 403, 403, 403]

ep558
Train step Loss: [0.22038885951042175, 0.0258835107088089, 0.1671471893787384, 0.0021943000610917807, 0.17513351142406464, 0.10413104295730591, 0.1951109766960144, 0.2848733961582184, 0.05083593353629112, 0.17801804840564728, 0.0011887198779731989, 0.1708228588104248, 0.17427152395248413, 0.159277081489563, 0.1923062801361084, 0.11132289469242096, 0.02615642175078392, 0.241617351770401, 0.04031355679035187, 0.23205064237117767, 0.02865058183670044, 0.001328013720922172, 0.028955919668078423, 0.2364574819803238, 0.2131091207265854, 0.001202136860229075, 0.07022468745708466, 0.07116849720478058, 0.03393395617604256, 0.011253159493207932, 0.14182135462760925, 0.06482540816068649, 0.24452103674411774, 0.24812686443328857, 0.059200212359428406, 0.2961612045764923, 0.14717218279838562, 0.011167309246957302, 0.14728225767612457, 0.10316247493028641, 0.2972394824028015, 0.03691476956009865, 0.007330822292715311, 0.0745842382311821, 0.05436083301901817, 0.06152215227484703, 0.09680154919624329, 0.2593337297439575, 0.0012314912164583802, 0.2514890134334564, 0.18961434066295624, 0.052437230944633484, 0.0403362512588501, 0.11073509603738785, 0.15044842660427094, 0.11181404441595078, 0.1442323625087738, 0.05758364126086235, 0.06659974902868271, 0.06897085905075073, 0.22172217071056366, 0.0012663780944421887, 0.09126003831624985]
val step Loss: [0.2810463309288025, 0.2944624125957489, 0.33153340220451355, 0.4655827283859253, 0.266394704580307, 0.17643527686595917, 0.3420928120613098, 0.25414806604385376, 0.21635937690734863, 0.7137858867645264, 0.16382256150245667, 0.8567453026771545, 0.21794477105140686, 0.19341148436069489, 0.14168566465377808, 0.34309494495391846]
Train step Accs: [0.9345198565546553, 0.9916758284906549, 0.9513328776486671, 0.9997175939000282, 0.9496897760992716, 0.9694240040598833, 0.9483517950086747, 0.9199301208327267, 0.9869221804998057, 0.9489705882352941, 1.0, 0.9585817888799355, 0.9501197689164436, 0.9530477759472817, 0.9424316196477159, 0.9674732249107497, 0.9936624416277519, 0.9338711648942672, 0.98806330472103, 0.9388057689715595, 0.9926194645984489, 1.0, 0.9928766472753175, 0.9319437865150797, 0.9398583386992917, 1.0, 0.9805493689680772, 0.9795640326975477, 0.9917896087235407, 0.9974169741697417, 0.9592554594753041, 0.9808487186552769, 0.932844613169263, 0.9285507246376812, 0.9844834626378114, 0.9231995362990871, 0.9602087410306588, 0.9974362261248558, 0.9591573516766982, 0.9702086765513455, 0.9170595425178977, 0.9898115129903209, 0.9982484674089829, 0.9798583136546742, 0.984472049689441, 0.9840540540540541, 0.9724990035870865, 0.9284261895079301, 1.0, 0.9277973448929829, 0.948905109489051, 0.9856972586412396, 0.9892894855936039, 0.968512952626306, 0.9575579913331634, 0.9689195298372514, 0.9602143335565975, 0.982900404646913, 0.9807949977668602, 0.9803134796238244, 0.9376991150442477, 1.0, 0.9762447120078099]
val step Accs: [0.9308186195826645, 0.9248282365620369, 0.9155260611088069, 0.8965099369849734, 0.9361758474576272, 0.9592222522279233, 0.9133615710435118, 0.9351769630851199, 0.9457343412526998, 0.8217821782178217, 0.956672907194437, 0.7802560380097664, 0.9454384149046281, 0.9494007989347537, 0.9627572276227749, 0.9240346064570585]
Preds: [17, 17, 145, 145, 486, 486, 460, 460, 169, 169, 150, 349, 234, 234, 234, 234, 155, 25, 332, 332, 332, 399, 399, 53, 53, 53, 473, 473, 398, 398, 360, 360, 360, 434, 434, 434, 339, 339, 248, 248, 473, 398, 398, 398, 360, 360, 360, 171, 171, 360, 171, 171, 434, 246, 246, 246, 246, 246, 19, 19, 454, 454, 454, 454, 414, 414, 414, 249, 249, 249, 249, 80, 80, 80, 289, 321, 320, 188, 188, 188, 290, 290, 171, 171, 434, 434, 339, 250, 43, 345, 100, 100, 153, 497, 43, 43, 122, 285, 285, 285, 425, 251, 84, 84, 139, 139, 496, 496, 293, 274, 274, 122, 122, 8, 75, 192, 354, 420, 420, 278, 360, 171, 171, 171, 434, 434, 434, 19, 19, 19, 454, 454, 454, 48, 414, 414, 414, 414, 414, 102, 102, 102, 170, 82, 47, 47, 73, 244, 140, 321, 321, 320, 7, 7, 7, 309, 309, 309, 398, 398, 398, 213, 360, 360, 360, 360, 434, 434, 434, 434, 434, 434, 434, 434, 434, 434, 19, 19, 454, 454, 197, 197, 197, 7, 7, 7, 7, 7, 219, 219, 219, 219, 219, 485, 485, 286, 286, 286, 286, 468, 468, 468, 406, 406, 467, 467, 467, 499, 486, 315, 315, 315, 315, 315, 315, 450, 450, 450, 348, 35, 250, 250, 250, 138, 138, 138, 153, 153, 497, 497, 122, 122, 186, 186, 349, 349, 234, 234, 234, 234, 234, 261, 261, 25, 148, 374, 153, 153, 153, 153, 182, 182, 98, 98, 98, 98, 98, 197, 197, 239, 75, 127, 183, 183, 257, 257, 257, 257, 31, 31, 162, 162, 232, 232, 172, 172, 115, 273, 273, 444, 444, 444, 171, 166, 166, 324, 324, 422, 422, 77, 77, 478, 342, 232, 172, 115, 115, 273, 273, 273, 486, 486, 460, 460, 460, 169, 215, 35, 35, 35, 259, 441, 100, 100, 100, 424, 182, 182, 182, 182, 182, 182, 182, 182, 182, 182, 182, 375, 375, 375, 98, 98, 98, 98, 13, 13, 13, 321, 209, 437, 437, 437, 481, 405, 426, 426, 426, 98, 98, 98, 98, 263, 13, 13, 17, 83, 443, 403, 403, 403, 403, 403, 403, 403, 403, 403, 403, 403, 403, 403, 403, 403, 403, 403, 403, 403, 403, 403, 403, 403, 403, 403, 403, 403, 403, 403, 403, 403, 403, 403, 403, 403, 403, 403, 403, 403, 403, 403, 403, 403, 403, 403, 403, 403, 403, 403, 403, 403, 403, 403, 403, 403, 403, 403, 403, 403, 403, 403, 403, 403, 403, 403, 403, 403, 403, 403, 403, 403, 403, 403, 403, 403, 403, 403, 403, 403, 403, 403, 403, 403, 403, 403, 403, 403, 403, 403, 403, 403, 403, 403, 403, 403, 403, 403, 403, 403, 403, 403, 403, 403, 403, 403, 403, 403, 403, 403, 403, 403, 403, 403, 403, 403, 403, 403, 403, 403, 403, 403, 403, 403, 403, 403, 403, 403, 403, 403, 403, 403, 403, 403, 403, 403, 403, 403, 403, 403, 403, 403, 403, 403, 403, 403, 403, 403, 403, 403, 403, 403, 403, 403, 403, 403, 403, 403, 403, 403, 403, 403, 403, 403, 403, 403, 403, 403, 403, 403, 403, 403, 403, 403, 403, 403, 403, 403, 403, 403, 403, 403, 403, 403, 403, 403, 403, 403, 403, 403, 403, 403, 403, 403, 403, 403, 403, 403, 403, 403, 403, 403, 403, 403, 403, 403, 403, 403, 403, 403, 403, 403, 403, 403, 403, 403, 403, 403, 403, 403, 403, 403, 403, 403, 403, 403, 403, 403, 403, 403, 403, 403, 403, 403, 403, 403, 403, 403, 403, 403, 403, 403, 403, 403]

ep559
Train step Loss: [0.08737535029649734, 0.08576083183288574, 0.1745525449514389, 0.0013568185968324542, 0.06021084636449814, 0.08673276752233505, 0.18591679632663727, 0.04350678250193596, 0.14593324065208435, 0.04533529281616211, 0.05854613333940506, 0.019338155165314674, 0.10710033029317856, 0.001039343886077404, 0.012700668536126614, 0.0497712716460228, 0.06637664139270782, 0.12311001121997833, 0.20558540523052216, 0.0013509775744751096, 0.0010621384717524052, 0.06416486948728561, 0.05717407539486885, 0.21785026788711548, 0.20070071518421173, 0.0010344625916332006, 0.060837116092443466, 0.061648767441511154, 0.03140024468302727, 0.020376039668917656, 0.15807142853736877, 0.07756437361240387, 0.10598345100879669, 0.011672507040202618, 0.19222909212112427, 0.04915127903223038, 0.43419942259788513, 0.21058008074760437, 0.21500276029109955, 0.03896334022283554, 0.11320484429597855, 0.03358108922839165, 0.0011469867313280702, 0.28042975068092346, 0.10610636323690414, 0.2816985845565796, 0.07356346398591995, 0.11900060623884201, 0.046498753130435944, 0.060264620929956436, 0.08142554014921188, 0.21408545970916748, 0.09004677087068558, 0.11258771270513535, 0.0012241899967193604, 0.13946370780467987, 0.0939297005534172, 0.0011117137037217617, 0.13077513873577118, 0.0930354967713356, 0.02518679015338421, 0.09644103050231934, 0.00115289818495512]
val step Loss: [0.7647735476493835, 0.19565147161483765, 0.02242242731153965, 0.26319801807403564, 0.18838532269001007, 0.3480988144874573, 0.054171640425920486, 0.3196253776550293, 0.48722121119499207, 0.5701858401298523, 0.686616063117981, 0.13768212497234344, 0.08723203092813492, 0.15483836829662323, 0.1413125842809677, 0.2403319925069809]
Train step Accs: [0.9753052544930717, 0.9767096869900608, 0.9493670886075949, 1.0, 0.9828960718944775, 0.9743724536732816, 0.9507753592260635, 0.9877300613496932, 0.9600208360463602, 0.9871244635193133, 0.9822777854100838, 0.9949298431788705, 0.970910883766794, 1.0, 0.9964883846569422, 0.9871811641595815, 0.9816608549657755, 0.9661886792452831, 0.9415544297541085, 1.0, 1.0, 0.9813378574890935, 0.9826448651749856, 0.9350899742930592, 0.9454615286134938, 1.0, 0.9829465316066163, 0.9834710743801653, 0.9898671778721073, 0.994496644295302, 0.9550848538981753, 0.9780512560263892, 0.9731543624161074, 0.9973181889887995, 0.9454851104707013, 0.9861719605695509, 0.8844988986784141, 0.9399493548776077, 0.9392926761347814, 0.9881688625974724, 0.9697732997481109, 0.9910330426237562, 1.0, 0.9234200743494424, 0.971942912747324, 0.9197241379310345, 0.9803063457330415, 0.9692354094405067, 0.9871316432891519, 0.9844066739435522, 0.9768112308849336, 0.9393050193050193, 0.974134446989088, 0.9682151589242054, 1.0, 0.9614832535885167, 0.9714041826717883, 1.0, 0.9634723454599231, 0.9734501163268099, 0.9935302734375, 0.9718468468468469, 1.0]
val step Accs: [0.8156720580033463, 0.9512456059911356, 0.9946912545403744, 0.9364207221350078, 0.9548715273248989, 0.9142094560244026, 0.9862819968887003, 0.9175310539121526, 0.8752019888129273, 0.8598838677101742, 0.8303527682508575, 0.9646596858638743, 0.9763996328831782, 0.9599161645271156, 0.9673426781986281, 0.933305012744265]
Preds: [17, 17, 17, 284, 486, 486, 460, 460, 169, 150, 349, 234, 234, 234, 261, 25, 25, 332, 332, 399, 399, 53, 473, 473, 473, 398, 360, 360, 360, 360, 434, 434, 434, 339, 339, 216, 81, 398, 398, 324, 360, 360, 360, 360, 360, 360, 434, 434, 434, 434, 434, 19, 19, 454, 454, 454, 417, 414, 414, 414, 249, 249, 249, 82, 80, 80, 80, 320, 321, 188, 188, 188, 290, 171, 171, 171, 434, 339, 399, 53, 345, 345, 100, 497, 497, 497, 122, 285, 285, 285, 285, 285, 241, 431, 431, 139, 139, 139, 293, 175, 122, 216, 458, 192, 192, 180, 470, 403, 290, 290, 171, 434, 434, 434, 19, 19, 19, 19, 454, 454, 414, 414, 414, 414, 414, 414, 102, 414, 47, 47, 140, 140, 73, 244, 244, 321, 7, 7, 7, 309, 309, 309, 309, 398, 398, 360, 360, 360, 360, 360, 434, 434, 434, 434, 434, 434, 434, 434, 19, 19, 454, 454, 197, 197, 197, 197, 7, 321, 7, 219, 219, 219, 219, 451, 30, 30, 286, 286, 286, 468, 468, 468, 468, 467, 380, 180, 486, 315, 315, 315, 315, 315, 315, 315, 450, 450, 203, 203, 53, 250, 250, 250, 138, 138, 138, 345, 345, 387, 186, 186, 186, 349, 349, 234, 234, 234, 234, 261, 25, 25, 374, 374, 153, 153, 153, 182, 182, 98, 98, 98, 98, 197, 259, 259, 183, 183, 183, 257, 171, 171, 257, 422, 31, 31, 342, 342, 342, 342, 115, 273, 26, 359, 171, 171, 171, 171, 171, 171, 252, 422, 143, 478, 342, 342, 342, 115, 115, 273, 273, 486, 486, 486, 460, 460, 460, 169, 35, 35, 35, 441, 441, 100, 100, 424, 424, 182, 182, 182, 182, 182, 182, 182, 182, 182, 182, 375, 375, 98, 98, 98, 13, 13, 226, 321, 75, 437, 437, 437, 405, 405, 405, 206, 98, 98, 98, 98, 13, 13, 17, 83, 83, 55, 55, 438, 438, 438, 438, 438, 438, 438, 438, 438, 438, 438, 403, 403, 403, 403, 403, 403, 403, 443, 443, 443, 443, 443, 443, 443, 443, 443, 443, 443, 443, 443, 443, 443, 443, 443, 443, 443, 443, 443, 443, 443, 443, 443, 443, 443, 443, 443, 443, 443, 443, 443, 443, 443, 443, 443, 443, 443, 443, 443, 443, 443, 443, 443, 443, 443, 443, 443, 443, 443, 443, 443, 443, 443, 443, 443, 443, 443, 443, 443, 443, 443, 443, 443, 443, 443, 443, 443, 443, 443, 443, 443, 443, 443, 443, 443, 443, 443, 443, 443, 443, 443, 443, 443, 443, 443, 443, 443, 443, 443, 443, 443, 443, 443, 443, 443, 443, 443, 443, 443, 443, 443, 443, 443, 443, 443, 443, 443, 443, 443, 443, 443, 443, 443, 443, 443, 443, 443, 443, 443, 443, 443, 443, 443, 443, 443, 443, 443, 443, 443, 443, 443, 443, 443, 443, 443, 443, 443, 443, 443, 443, 443, 443, 443, 443, 443, 443, 443, 443, 443, 443, 443, 443, 443, 443, 443, 443, 443, 443, 443, 443, 443, 443, 443, 443, 443, 443, 443, 443, 443, 443, 443, 443, 443, 443, 443, 443, 443, 443, 443, 443, 443, 443, 443, 443, 443, 443, 443, 443, 443, 443, 443, 443, 443, 443, 443, 443, 443, 443, 443, 443, 443, 443, 443, 443, 443, 443, 443, 443, 443, 443, 443, 443, 443, 443, 443, 443, 443, 443, 443, 443, 443, 443, 443, 443, 443, 443, 443, 443, 443, 443, 443, 443, 443, 443, 443, 443, 443, 443, 443, 443, 443, 443, 443, 443, 443, 443, 443, 443, 443, 443, 443, 443, 443, 443, 443, 443, 443]

ep560
Train step Loss: [0.10129672288894653, 0.0012384701985865831, 0.2299213409423828, 0.20778271555900574, 0.20176582038402557, 0.0019862926565110683, 0.0010397389996796846, 0.22239257395267487, 0.1934170126914978, 0.0010075453901663423, 0.0440557599067688, 0.15630340576171875, 0.05101064220070839, 0.021413465961813927, 0.050912998616695404, 0.11509303003549576, 0.12702977657318115, 0.11306895315647125, 0.08190695196390152, 0.0011650962987914681, 0.210828498005867, 0.11181506514549255, 0.001009649597108364, 0.299360990524292, 0.1783994734287262, 0.018577853217720985, 0.0009986810619011521, 0.05663461610674858, 0.010154234245419502, 0.014398634433746338, 0.18719199299812317, 0.08132357150316238, 0.14625391364097595, 0.02001282200217247, 0.1343139261007309, 0.06205735728144646, 0.10224907100200653, 0.020621268078684807, 0.2117454558610916, 0.0902494490146637, 0.26809415221214294, 0.03387657552957535, 0.08925867080688477, 0.11073923110961914, 0.012526670470833778, 0.041551608592271805, 0.17007561028003693, 0.18742188811302185, 0.001019929302856326, 0.01240689679980278, 0.03775875270366669, 0.008485174737870693, 0.05740203708410263, 0.23972547054290771, 0.001025492325425148, 0.14812223613262177, 0.09799545258283615, 0.0011035578791052103, 0.282390296459198, 0.1306064873933792, 0.13988164067268372, 0.04611768200993538, 0.10944031924009323]
val step Loss: [0.24929890036582947, 0.04425707086920738, 0.14514394104480743, 0.10631802678108215, 0.30119121074676514, 0.5479238033294678, 0.22195784747600555, 0.8625357747077942, 0.47676363587379456, 0.13631105422973633, 0.7442757487297058, 0.505196750164032, 0.40305912494659424, 0.21440958976745605, 0.2031252533197403, 0.5367376208305359]
Train step Accs: [0.9712338104976141, 1.0, 0.9331089608750526, 0.9382570162481536, 0.9426874741057865, 0.9997625830959165, 1.0, 0.9345498416528427, 0.94750656167979, 1.0, 0.9880261696086903, 0.9572627830068685, 0.9855717848236552, 0.9941118743866536, 0.9851385727674388, 0.964899289099526, 0.963346104725415, 0.9665745856353591, 0.9782884534047652, 1.0, 0.9468308381138939, 0.9671416109334109, 1.0, 0.92112243473405, 0.9472117997153577, 0.994758373817438, 1.0, 0.9842158859470469, 0.9974619289340102, 0.996498139636682, 0.9490782519015083, 0.9751724137931035, 0.9574701605158458, 0.99488609948861, 0.9595415631041149, 0.983203125, 0.9714471122647631, 0.9955028107432854, 0.9418701442841287, 0.974483286552692, 0.9253361641896674, 0.9904133270469904, 0.9747625508819538, 0.97165991902834, 0.9964816262705238, 0.9883016790531242, 0.9518680119989091, 0.9461742090003782, 1.0, 0.9968059991667824, 0.9898105625717566, 0.9977193249201763, 0.9833134684147795, 0.9352448895596104, 1.0, 0.9569711849076108, 0.9720062208398134, 1.0, 0.9205020920502092, 0.9635633551457465, 0.9635861074390097, 0.9857160756797394, 0.9690147664003873]
val step Accs: [0.9324472458207728, 0.9893336844877535, 0.9667150970809668, 0.9778640776699029, 0.9243608424956948, 0.8620383297372763, 0.9472167450326103, 0.7960534856549396, 0.8770846201358864, 0.9665907365223994, 0.8121455576559546, 0.8662235147486498, 0.901164402550596, 0.9464190272581507, 0.9520795660036167, 0.8663366336633663]
Preds: [17, 196, 217, 217, 217, 217, 479, 473, 65, 264, 264, 264, 264, 264, 264, 264, 264, 468, 468, 468, 468, 337, 337, 337, 41, 19, 19, 454, 454, 197, 259, 320, 70, 473, 109, 109, 288, 288, 313, 285, 285, 285, 337, 337, 360, 360, 360, 434, 339, 339, 94, 398, 398, 324, 324, 324, 301, 301, 301, 248, 250, 43, 43, 345, 345, 100, 100, 424, 424, 497, 497, 497, 497, 43, 458, 208, 208, 208, 106, 106, 481, 481, 426, 426, 426, 306, 396, 396, 396, 396, 313, 406, 495, 147, 467, 84, 84, 84, 496, 375, 375, 375, 375, 303, 303, 117, 48, 48, 48, 48, 414, 414, 417, 170, 170, 170, 187, 187, 187, 187, 12, 12, 12, 12, 12, 408, 408, 408, 408, 391, 244, 75, 478, 66, 66, 232, 172, 172, 172, 115, 267, 267, 267, 444, 464, 139, 139, 139, 293, 497, 497, 349, 349, 349, 349, 234, 234, 234, 261, 25, 25, 444, 213, 324, 324, 464, 464, 464, 464, 486, 486, 315, 315, 376, 315, 282, 282, 282, 282, 282, 388, 388, 466, 466, 398, 448, 324, 324, 464, 464, 58, 58, 58, 110, 110, 315, 315, 315, 315, 480, 480, 480, 480, 480, 282, 85, 299, 299, 468, 59, 59, 406, 406, 406, 467, 467, 467, 499, 84, 496, 375, 375, 375, 98, 98, 263, 263, 13, 414, 414, 414, 414, 170, 82, 187, 187, 187, 187, 187, 187, 391, 73, 244, 244, 321, 320, 320, 320, 7, 34, 34, 337, 324, 313, 422, 143, 310, 310, 107, 107, 395, 395, 152, 222, 139, 139, 139, 496, 216, 14, 440, 139, 139, 139, 139, 139, 240, 240, 186, 310, 107, 107, 400, 400, 400, 422, 422, 143, 144, 144, 144, 27, 27, 437, 437, 486, 486, 486, 486, 486, 460, 460, 167, 35, 35, 35, 35, 441, 100, 100, 100, 375, 375, 375, 98, 98, 98, 98, 13, 13, 13, 414, 13, 170, 170, 170, 170, 2, 244, 2, 2, 244, 2, 1, 1, 408, 408, 408, 73, 73, 244, 321, 321, 412, 287, 287, 486, 486, 460, 460, 460, 169, 150, 342, 342, 342, 342, 168, 196, 196, 94, 479, 331, 331, 443, 443, 443, 169, 31, 342, 342, 342, 115, 115, 273, 486, 486, 486, 460, 240, 169, 150, 310, 342, 342, 168, 168, 494, 494, 494, 139, 139, 302, 139, 497, 497, 497, 8, 458, 208, 208, 441, 106, 106, 481, 387, 387, 387, 372, 396, 396, 467, 467, 337, 41, 41, 41, 41, 19, 19, 19, 454, 454, 454, 414, 414, 414, 414, 170, 82, 47, 47, 47, 47, 392, 392, 244, 73, 73, 320, 320, 7, 7, 7, 217, 217, 473, 473, 65, 264, 264, 264, 264, 264, 264, 264, 264, 264, 264, 468, 468, 468, 468, 468, 337, 337, 41, 41, 41, 19, 19, 19, 19, 17, 254, 443, 443, 443, 443, 438, 438, 438, 443, 443, 443, 443, 443, 443, 443, 443, 443, 443, 443, 443, 443, 443, 443, 443, 443, 443, 443, 443, 443, 443, 443, 443, 443, 443, 443, 443, 443, 443, 443, 443, 443, 443, 443, 443, 443, 443, 443, 443, 443, 443, 443, 443, 443, 443, 443, 443, 443, 443, 443, 443, 443, 443, 443, 443, 443, 443, 443, 443, 443, 443, 443, 443, 443, 443, 443, 443, 443, 443, 443, 443, 443, 443, 443, 443, 443, 443, 443, 443, 443, 443, 443, 443, 443, 443, 443, 443, 443, 443, 443, 443, 443, 443, 443, 443, 443, 443, 443, 443, 443, 443, 443, 443, 443, 443, 443, 443, 443, 443, 443, 443, 443, 443, 443, 443, 443, 443]

ep561
Train step Loss: [0.17799943685531616, 0.16026096045970917, 0.1584143489599228, 0.01721217855811119, 0.06728830933570862, 0.15990373492240906, 0.07154162973165512, 0.1792195588350296, 0.10049073398113251, 0.026136323809623718, 0.14547450840473175, 0.19284258782863617, 0.05857162922620773, 0.010430005379021168, 0.11831966042518616, 0.13825057446956635, 0.0011002178071066737, 0.06715032458305359, 0.07544806599617004, 0.15627843141555786, 0.18310804665088654, 0.20428739488124847, 0.0010988591238856316, 0.0010965446708723903, 0.026933087036013603, 0.19308245182037354, 0.019218645989894867, 0.06241968646645546, 0.042897067964076996, 0.08372224867343903, 0.12018007040023804, 0.3206639885902405, 0.10783948004245758, 0.0013679730473086238, 0.10761363804340363, 0.2362315058708191, 0.09789319336414337, 0.11381048709154129, 0.28879204392433167, 0.0011522318236529827, 0.17814099788665771, 0.09274909645318985, 0.05891125276684761, 0.001113307778723538, 0.15372006595134735, 0.0011244085617363453, 0.0009844028390944004, 0.07576807588338852, 0.0009958813898265362, 0.26332077383995056, 0.006557159591466188, 0.10311239957809448, 0.15657760202884674, 0.11910093575716019, 0.0021431713830679655, 0.04065660759806633, 0.11149264872074127, 0.1432078629732132, 0.0011679325252771378, 0.0011242564069107175, 0.09344785660505295, 0.001287983381189406, 0.25078627467155457]
val step Loss: [0.14858372509479523, 0.2822993993759155, 0.1262323409318924, 0.5672348737716675, 0.6810550689697266, 0.4832751154899597, 0.42446041107177734, 0.28330039978027344, 0.6540420055389404, 0.04915885999798775, 0.5515797138214111, 0.45147910714149475, 0.2223004847764969, 0.27552133798599243, 0.0738581046462059, 0.4423306882381439]
Train step Accs: [0.9465369059656218, 0.9538010917321262, 0.9594315559334387, 0.9955746093209791, 0.980405878236529, 0.9529529529529529, 0.9798648462281064, 0.9497473329590118, 0.9704663212435233, 0.9930416164860163, 0.9586172717135423, 0.9477346757477051, 0.9830681652313531, 0.997149584830834, 0.9665932927618801, 0.9627978263898564, 1.0, 0.9821812207759383, 0.9780192331709754, 0.9579126786416677, 0.946440586731261, 0.9410230941147256, 1.0, 1.0, 0.9920467456581724, 0.9443271767810026, 0.9947016525797906, 0.9830397912589693, 0.987193675889328, 0.9774883015049955, 0.9655400052812252, 0.9133250654540443, 0.9700161070499319, 1.0, 0.9680581910183428, 0.9337856514637517, 0.9741162549918652, 0.9694295216167818, 0.9164955509924709, 1.0, 0.9476388888888889, 0.9755117906193315, 0.9839510258107214, 1.0, 0.9583386095985817, 1.0, 1.0, 0.9789734075448361, 1.0, 0.92358981197493, 0.9983943949788352, 0.9710485133020345, 0.9544354264559305, 0.9673854447439353, 0.9996046910001317, 0.9881921824104235, 0.970055262819689, 0.9587170530327088, 1.0, 1.0, 0.972547937646572, 0.9998839368616528, 0.9262147570485902]
val step Accs: [0.963254593175853, 0.9253578732106339, 0.9668534636938119, 0.8575092618979766, 0.829743215285384, 0.8842781998831093, 0.893638313080772, 0.9308821618812524, 0.8426138978370916, 0.9885496183206107, 0.8634337430771309, 0.8849532037437005, 0.9451201853460759, 0.9279279279279279, 0.9825838315570574, 0.90948670944088]
Preds: [17, 17, 287, 284, 284, 315, 319, 450, 450, 450, 169, 76, 76, 349, 234, 234, 234, 234, 261, 25, 437, 499, 499, 499, 265, 428, 85, 85, 299, 299, 388, 67, 466, 359, 324, 324, 38, 38, 31, 31, 232, 232, 172, 172, 115, 115, 267, 267, 267, 267, 213, 213, 3, 3, 3, 464, 464, 464, 443, 271, 271, 271, 31, 162, 232, 232, 172, 172, 115, 273, 273, 273, 110, 486, 486, 486, 85, 330, 388, 388, 388, 379, 394, 394, 76, 465, 310, 310, 107, 107, 395, 395, 395, 395, 470, 403, 403, 403, 403, 403, 403, 403, 207, 207, 207, 19, 454, 454, 454, 229, 170, 170, 170, 170, 170, 170, 28, 2, 244, 2, 2, 2, 2, 2, 244, 392, 244, 244, 73, 321, 321, 320, 287, 287, 287, 481, 293, 293, 497, 497, 58, 58, 437, 437, 437, 426, 426, 426, 319, 319, 348, 348, 348, 348, 195, 250, 250, 32, 7, 7, 354, 473, 109, 288, 288, 288, 285, 337, 337, 337, 324, 324, 324, 324, 324, 464, 464, 324, 324, 301, 301, 116, 94, 331, 331, 138, 424, 424, 424, 497, 497, 497, 497, 98, 58, 208, 208, 441, 437, 426, 426, 426, 426, 426, 348, 348, 348, 381, 303, 452, 452, 452, 48, 13, 414, 414, 170, 170, 170, 2, 392, 244, 392, 392, 2, 392, 392, 73, 392, 244, 321, 320, 320, 7, 7, 70, 70, 346, 346, 46, 46, 206, 240, 169, 77, 269, 323, 323, 323, 168, 273, 106, 153, 153, 153, 497, 349, 349, 349, 349, 234, 155, 261, 25, 25, 148, 100, 100, 182, 182, 497, 497, 98, 98, 197, 197, 321, 321, 209, 287, 287, 287, 284, 284, 284, 284, 480, 480, 480, 480, 480, 480, 480, 282, 282, 282, 282, 282, 388, 388, 116, 195, 466, 250, 250, 276, 109, 109, 403, 403, 403, 207, 207, 207, 207, 464, 252, 325, 325, 285, 288, 288, 264, 330, 116, 76, 76, 465, 393, 155, 261, 261, 441, 148, 148, 153, 153, 153, 182, 182, 387, 182, 182, 182, 182, 182, 182, 100, 375, 375, 98, 98, 98, 98, 13, 13, 170, 170, 170, 170, 170, 187, 187, 187, 163, 163, 244, 73, 73, 75, 75, 75, 75, 320, 320, 320, 106, 106, 106, 153, 153, 424, 182, 182, 182, 182, 182, 182, 182, 182, 182, 182, 182, 274, 122, 122, 122, 36, 36, 310, 310, 107, 395, 395, 84, 84, 84, 496, 274, 98, 98, 98, 193, 17, 83, 443, 438, 438, 438, 438, 438, 438, 438, 438, 438, 438, 438, 438, 438, 438, 443, 443, 443, 443, 443, 443, 443, 443, 443, 443, 443, 443, 443, 443, 443, 443, 443, 443, 443, 443, 443, 443, 443, 443, 443, 443, 443, 443, 443, 443, 443, 443, 443, 443, 443, 443, 443, 443, 443, 443, 443, 443, 443, 443, 443, 443, 443, 443, 443, 443, 443, 443, 443, 443, 443, 443, 443, 443, 443, 443, 443, 443, 443, 443, 443, 443, 443, 443, 443, 443, 443, 443, 443, 443, 443, 443, 443, 443, 443, 443, 443, 443, 443, 443, 443, 443, 443, 443, 443, 443, 443, 443, 443, 443, 443, 443, 443, 443, 443, 443, 443, 443, 443, 443, 443, 443, 443, 443, 443, 443, 443, 443, 443, 443, 443, 443, 443, 443, 443, 443, 443, 443, 443, 443, 443, 443, 443, 443, 443, 443, 443, 443, 443, 443, 443, 443, 443, 443, 443, 443, 443, 443, 443, 443, 443, 443, 443, 443, 443, 443, 443, 443, 443, 443, 443, 443, 443, 443, 443, 443, 443, 443, 443, 443, 443, 443, 443, 443, 443, 443]

ep562
Train step Loss: [0.0009622727520763874, 0.06714963167905807, 0.15812011063098907, 0.053150326013565063, 0.18177424371242523, 0.08966302126646042, 0.08003664761781693, 0.1819513440132141, 0.05491191893815994, 0.20769040286540985, 0.024915486574172974, 0.20659497380256653, 0.17608581483364105, 0.11263171583414078, 0.22774846851825714, 0.16003964841365814, 0.16460618376731873, 0.22182819247245789, 0.09757799655199051, 0.0010276217944920063, 0.11930578947067261, 0.15296639502048492, 0.13990230858325958, 0.18657392263412476, 0.000985334045253694, 0.059535183012485504, 0.0010292845545336604, 0.16977433860301971, 0.07261351495981216, 0.10408728569746017, 0.28644078969955444, 0.139639750123024, 0.03881368413567543, 0.017634345218539238, 0.1583615392446518, 0.08069369196891785, 0.05899569392204285, 0.07986632734537125, 0.22186441719532013, 0.07138596475124359, 0.05614161118865013, 0.22383154928684235, 0.19353726506233215, 0.0653558224439621, 0.15238793194293976, 0.23697024583816528, 0.020719654858112335, 0.04673753306269646, 0.08468731492757797, 0.001329237362369895, 0.13068479299545288, 0.20558273792266846, 0.2679140269756317, 0.015065890736877918, 0.04495902359485626, 0.00093081034719944, 0.07510512322187424, 0.20274880528450012, 0.118625208735466, 0.00740427291020751, 0.10310032963752747, 0.1736232340335846, 0.08317861706018448]
val step Loss: [0.207427978515625, 0.27918127179145813, 0.3108585774898529, 0.5660080313682556, 0.10036686807870865, 0.35328570008277893, 0.24871701002120972, 0.33284804224967957, 0.8380948901176453, 0.6144696474075317, 0.3243942856788635, 0.47116369009017944, 0.14935798943042755, 0.24364720284938812, 0.520363450050354, 0.3237920105457306]
Train step Accs: [1.0, 0.9809755399799742, 0.9564729008705419, 0.9851222104144527, 0.9483443708609272, 0.9775956983740878, 0.9761814265805144, 0.9492706006045473, 0.9833156377976642, 0.9422031111673201, 0.993559411146162, 0.94344092389695, 0.9497095905935685, 0.9687454145267792, 0.9377801212760348, 0.9547632468996617, 0.9552038626609443, 0.9388145315487572, 0.9719057483169342, 1.0, 0.9672316384180791, 0.9564312473983627, 0.9612920448478377, 0.9466840052015605, 1.0, 0.9844681908548708, 1.0, 0.9516539440203562, 0.9802853021317519, 0.975013361838589, 0.9194754400092028, 0.9621763165551352, 0.9886685552407932, 0.9959876955998395, 0.9553744128212214, 0.9783473265576668, 0.9833136250164236, 0.9784077361239899, 0.941627504328469, 0.979684265010352, 0.9845732769345609, 0.9371208586094261, 0.946420463145149, 0.9813484176731386, 0.9564389128778258, 0.9325913747312508, 0.9941168029846463, 0.9873485151151951, 0.976961394769614, 0.9998787878787879, 0.9635234769111369, 0.9409542465370085, 0.9261709446943636, 0.9956376326886723, 0.9876543209876543, 1.0, 0.9773242630385488, 0.9449139280125196, 0.9688698052445944, 0.9980645941695899, 0.9709346795165978, 0.9502479603263477, 0.9777062174882338]
val step Accs: [0.9537781350482315, 0.9298570672313393, 0.9211223694466095, 0.8570490080147155, 0.9745415972116988, 0.9083825562397889, 0.9412081259249294, 0.916824452258588, 0.7923218586202012, 0.8434968017057569, 0.9318980667838312, 0.8879678166524442, 0.9574268063389739, 0.9445596571270566, 0.873621103117506, 0.9198657436542899]
Preds: [17, 309, 331, 398, 360, 360, 360, 360, 360, 434, 171, 3, 3, 3, 335, 14, 14, 14, 14, 411, 287, 346, 346, 387, 387, 285, 406, 406, 406, 406, 467, 84, 84, 496, 496, 274, 203, 399, 399, 217, 217, 217, 217, 473, 398, 398, 286, 286, 286, 286, 286, 286, 264, 468, 468, 468, 406, 467, 467, 499, 302, 426, 426, 98, 98, 98, 263, 263, 263, 13, 13, 414, 414, 414, 170, 170, 170, 170, 187, 187, 187, 28, 2, 2, 2, 2, 2, 163, 163, 163, 391, 391, 140, 73, 73, 244, 289, 320, 7, 4, 4, 4, 4, 4, 4, 4, 4, 280, 280, 444, 213, 213, 213, 213, 246, 246, 246, 19, 454, 454, 454, 414, 414, 414, 414, 414, 414, 170, 249, 249, 249, 249, 249, 249, 249, 392, 244, 2, 316, 244, 316, 73, 244, 73, 73, 73, 320, 7, 7, 309, 479, 398, 398, 360, 301, 399, 76, 76, 465, 354, 420, 420, 324, 422, 236, 36, 36, 239, 77, 478, 232, 172, 172, 115, 115, 267, 267, 444, 278, 301, 301, 173, 173, 4, 4, 4, 4, 4, 4, 280, 280, 444, 213, 213, 213, 213, 246, 246, 246, 19, 19, 454, 454, 454, 454, 454, 414, 414, 414, 197, 80, 82, 435, 435, 7, 32, 239, 310, 107, 107, 395, 470, 470, 403, 403, 403, 171, 171, 171, 207, 358, 454, 454, 414, 414, 414, 414, 414, 414, 414, 414, 445, 451, 30, 213, 422, 301, 143, 129, 129, 129, 7, 473, 473, 65, 398, 398, 360, 464, 464, 464, 180, 315, 315, 315, 315, 315, 315, 450, 450, 450, 413, 203, 250, 250, 250, 276, 138, 138, 138, 138, 138, 182, 182, 182, 182, 182, 182, 182, 182, 182, 387, 387, 413, 413, 406, 245, 250, 250, 380, 380, 106, 426, 426, 426, 426, 426, 426, 284, 284, 284, 284, 284, 480, 480, 480, 85, 85, 396, 313, 196, 196, 195, 217, 473, 473, 473, 290, 324, 324, 301, 252, 24, 465, 131, 34, 106, 255, 255, 130, 349, 349, 349, 234, 234, 155, 25, 148, 148, 148, 153, 153, 424, 182, 182, 182, 497, 122, 122, 122, 285, 134, 302, 302, 497, 43, 43, 8, 8, 354, 346, 46, 428, 428, 146, 146, 175, 241, 81, 166, 278, 278, 278, 37, 325, 325, 34, 337, 464, 464, 464, 355, 355, 263, 263, 263, 229, 229, 229, 229, 229, 312, 312, 312, 312, 23, 23, 23, 23, 23, 23, 23, 23, 23, 23, 23, 23, 23, 260, 260, 391, 391, 391, 391, 244, 73, 244, 73, 320, 320, 320, 7, 241, 431, 431, 284, 284, 284, 284, 284, 284, 284, 284, 480, 480, 480, 480, 85, 85, 85, 299, 240, 285, 285, 199, 337, 324, 324, 464, 464, 464, 464, 180, 315, 315, 315, 315, 450, 450, 43, 43, 43, 250, 276, 138, 138, 138, 138, 138, 182, 182, 182, 182, 182, 182, 182, 182, 182, 372, 372, 406, 406, 406, 406, 406, 495, 134, 88, 88, 88, 426, 426, 426, 480, 480, 480, 480, 480, 85, 85, 85, 285, 285, 334, 313, 313, 313, 94, 94, 250, 250, 250, 375, 375, 375, 375, 98, 98, 98, 197, 197, 226, 82, 82, 188, 188, 188, 340, 37, 24, 239, 239, 131, 131, 494, 134, 98, 98, 349, 349, 205, 234, 261, 261, 261, 244, 148, 148, 148, 153, 182, 182, 182, 182, 182, 122, 122, 251, 251, 251, 354, 249, 153, 153, 153, 153, 182, 182, 182, 182, 346, 387, 387, 206, 206, 167, 385, 233, 233, 164, 170, 192, 352, 155, 155, 25, 106, 139, 139, 375]

ep563
Train step Loss: [0.04479000344872475, 0.09684649109840393, 0.21698856353759766, 0.036259010434150696, 0.1350151151418686, 0.21902084350585938, 0.001175834215246141, 0.049144942313432693, 0.049527496099472046, 0.20908892154693604, 0.15103082358837128, 0.0009542224579490721, 0.16065804660320282, 0.12327728420495987, 0.2123270183801651, 0.15109482407569885, 0.10309603065252304, 0.0012095082784071565, 0.0468914695084095, 0.03395009785890579, 0.4430806636810303, 0.06482485681772232, 0.001003551995381713, 0.2539833188056946, 0.06318912655115128, 0.0010038715554401278, 0.23493708670139313, 0.1244003176689148, 0.06787363439798355, 0.07354076206684113, 0.061673421412706375, 0.06020399555563927, 0.2047516107559204, 0.1607188731431961, 0.061501696705818176, 0.062286391854286194, 0.16225945949554443, 0.06524431705474854, 0.052060943096876144, 0.2402210235595703, 0.16485744714736938, 0.16353853046894073, 0.08692789077758789, 0.053054217249155045, 0.05421789363026619, 0.1120438501238823, 0.025017159059643745, 0.001087001757696271, 0.1578475385904312, 0.0010536678601056337, 0.31124699115753174, 0.28331437706947327, 0.0031088991090655327, 0.22192439436912537, 0.21383918821811676, 0.21158625185489655, 0.0010663855355232954, 0.06896701455116272, 0.2539199888706207, 0.1597452312707901, 0.11615239083766937, 0.033904675394296646, 0.001022395328618586]
val step Loss: [0.20941895246505737, 0.2203420102596283, 0.04026928171515465, 0.6168277263641357, 0.30925285816192627, 0.07178817689418793, 0.1477103978395462, 0.4284256100654602, 0.7513725757598877, 0.7407158017158508, 0.27682816982269287, 0.33744364976882935, 0.3779890537261963, 0.43824008107185364, 0.37165361642837524, 0.30482807755470276]
Train step Accs: [0.9860494610019024, 0.9727261031776663, 0.9374913757416862, 0.9888331242158093, 0.9608772167320969, 0.9436559750212887, 1.0, 0.986578947368421, 0.9874348349151183, 0.9387298220808296, 0.9561018437225637, 1.0, 0.9547340626178801, 0.9671043538355217, 0.9395431023602171, 0.9564958283671037, 0.9709905305877048, 1.0, 0.9880334486735871, 0.9927585735756251, 0.8748732802317162, 0.981491344873502, 1.0, 0.9264106679837016, 0.9821191074331314, 1.0, 0.9343357704510967, 0.9671758206044849, 0.981434145028925, 0.9791697227519437, 0.9828963795255931, 0.9846965020576132, 0.9436679977181974, 0.9541498290332608, 0.984716432992295, 0.9827420901246404, 0.9557094540183605, 0.9810164424514201, 0.9857764876632801, 0.9345619658119658, 0.9520158625247852, 0.9599134639857471, 0.9757520746887967, 0.9856709837420777, 0.9865034089327953, 0.9694575471698114, 0.9933821791538643, 1.0, 0.9544997486173957, 1.0, 0.9133828045035824, 0.9260021965952773, 0.9993116503183618, 0.9350907029478458, 0.9397125832457063, 0.9372054338785695, 1.0, 0.9815016322089227, 0.9247696327877871, 0.9557876663328086, 0.9698825293676581, 0.9901338971106413, 1.0]
val step Accs: [0.949637334063227, 0.9417027820494898, 0.9912981455064194, 0.8550267453024276, 0.9154130377408287, 0.9811782905762537, 0.9639924935491438, 0.8953905249679898, 0.8227710843373494, 0.818976279650437, 0.9303135888501742, 0.9182417582417582, 0.9069335239456755, 0.8876953125, 0.9009089554462822, 0.9233167082294265]
Preds: [17, 451, 360, 360, 360, 301, 339, 143, 129, 82, 82, 320, 7, 70, 473, 109, 65, 290, 290, 290, 290, 434, 434, 434, 434, 19, 19, 19, 454, 454, 454, 454, 454, 414, 80, 80, 82, 82, 66, 66, 66, 66, 68, 68, 172, 115, 115, 267, 267, 267, 267, 464, 139, 139, 139, 139, 443, 486, 486, 111, 111, 111, 111, 438, 438, 438, 438, 216, 34, 34, 166, 324, 324, 324, 422, 349, 349, 261, 261, 25, 25, 420, 324, 324, 186, 99, 338, 338, 338, 338, 338, 338, 338, 400, 400, 400, 267, 267, 171, 171, 171, 171, 246, 434, 246, 3, 3, 3, 197, 226, 321, 209, 83, 145, 145, 486, 460, 460, 178, 178, 35, 259, 441, 100, 100, 100, 497, 497, 122, 122, 77, 310, 161, 395, 395, 487, 106, 106, 302, 496, 497, 122, 122, 8, 259, 364, 345, 345, 109, 109, 81, 81, 81, 474, 474, 171, 324, 324, 246, 434, 434, 339, 339, 303, 217, 398, 398, 398, 398, 360, 246, 434, 434, 464, 199, 199, 331, 334, 275, 282, 282, 452, 263, 263, 263, 13, 82, 17, 83, 443, 403, 403, 403, 403, 403, 403, 403, 403, 403, 403, 403, 403, 403, 403, 403, 403, 403, 403, 403, 403, 403, 403, 403, 403, 403, 403, 403, 403, 403, 403, 403, 403, 403, 403, 403, 403, 403, 403, 403, 403, 403, 403, 403, 403, 403, 403, 403, 403, 403, 403, 403, 403, 403, 403, 403, 403, 403, 403, 403, 403, 403, 403, 403, 403, 403, 403, 403, 403, 403, 403, 403, 403, 403, 403, 403, 403, 403, 403, 403, 403, 403, 403, 403, 403, 403, 403, 403, 403, 403, 403, 403, 403, 403, 403, 403, 403, 403, 403, 403, 403, 403, 403, 403, 403, 403, 403, 403, 403, 403, 403, 403, 403, 403, 403, 403, 403, 403, 403, 403, 403, 403, 403, 403, 403, 403, 403, 403, 403, 403, 403, 403, 403, 403, 403, 403, 403, 403, 403, 403, 403, 403, 403, 403, 403, 403, 403, 403, 403, 403, 403, 403, 403, 403, 403, 403, 403, 403, 403, 403, 403, 403, 403, 403, 403, 403, 403, 403, 403, 403, 403, 403, 403, 403, 403, 403, 403, 403, 403, 403, 403, 403, 403, 403, 403, 403, 403, 403, 403, 403, 403, 403, 403, 403, 403, 403, 403, 403, 403, 403, 403, 403, 403, 403, 403, 403, 403, 403, 403, 403, 403, 403, 403, 403, 403, 403, 403, 403, 403, 403, 403, 403, 403, 403, 403, 403, 403, 403, 403, 403, 403, 403, 403, 403, 403, 403, 403, 403, 403, 403, 403, 403, 403, 403, 403, 403, 403, 403, 403, 403, 403, 403, 403, 403, 403, 403, 403, 403, 403, 403, 403, 403, 403, 403, 403, 403, 403, 403, 403, 403, 403, 403, 403, 403, 403, 403, 403, 403, 403, 403, 403, 403, 403, 403, 403, 403, 403, 403, 403, 403, 403, 403, 403, 403, 403, 403, 403, 403, 403, 403, 403, 403, 403, 403, 403, 403, 403, 403, 403, 403, 403, 403, 403, 403, 403, 403, 403, 403, 403, 403, 403, 403, 403, 403, 403, 403, 403, 403, 403, 403, 403, 403, 403, 403, 403, 403, 403, 403, 403, 403, 403, 403, 403, 403, 403, 403, 403, 403, 403, 403, 403, 403, 403, 403, 403, 403, 403, 403, 403, 403, 403, 403, 403, 403, 403, 403, 403, 403, 403, 403, 403, 403, 403, 403, 403, 403, 403, 403, 403, 403, 403, 403, 403, 403, 403, 403, 403, 403, 403, 403, 403, 403, 403, 403, 403, 403, 403, 403, 403, 403, 403, 403, 403, 403, 403, 403, 403, 403, 403, 403, 403]

ep564
Train step Loss: [0.207948237657547, 0.13440647721290588, 0.0010534992907196283, 0.015994077548384666, 0.10521544516086578, 0.1192590668797493, 0.02177564427256584, 0.16953907907009125, 0.12174338102340698, 0.1808365285396576, 0.05630934238433838, 0.00101391167845577, 0.05224401131272316, 0.0009371874621137977, 0.1833731085062027, 0.2988945245742798, 0.06503148376941681, 0.02371099963784218, 0.17609527707099915, 0.14162927865982056, 0.08352196961641312, 0.11090657114982605, 0.22633719444274902, 0.061940234154462814, 0.15008096396923065, 0.17991283535957336, 0.07388795167207718, 0.1407303363084793, 0.0166922677308321, 0.14185431599617004, 0.13432972133159637, 0.08513660728931427, 0.11938493698835373, 0.11212749779224396, 0.0010577173670753837, 0.34656092524528503, 0.15106910467147827, 0.019132111221551895, 0.08387967944145203, 0.11383708566427231, 0.039493363350629807, 0.19481061398983002, 0.06253203004598618, 0.13477401435375214, 0.12034574151039124, 0.05053780972957611, 0.09555251151323318, 0.20927394926548004, 0.06395161896944046, 0.17132382094860077, 0.0133895855396986, 0.12444915622472763, 0.2112957090139389, 0.06212405860424042, 0.19743497669696808, 0.07554347813129425, 0.1299968957901001, 0.0013983503449708223, 0.0774092748761177, 0.11796993017196655, 0.14084894955158234, 0.21276473999023438, 0.0010887484531849623]
val step Loss: [0.5554715991020203, 0.14277464151382446, 0.3861410915851593, 0.6781195998191833, 0.5723198652267456, 0.4584340751171112, 0.27376118302345276, 0.1709461212158203, 0.4977622330188751, 0.28043413162231445, 0.2680087089538574, 0.36061543226242065, 0.3911900818347931, 0.32874318957328796, 0.19955220818519592, 0.48298171162605286]
Train step Accs: [0.9430635484265948, 0.9628726287262873, 1.0, 0.995905969360803, 0.9700249791840133, 0.9687589158345221, 0.9944502774861257, 0.9564047362755651, 0.9661781285231116, 0.9477707006369427, 0.9851166532582462, 1.0, 0.9845643576986861, 1.0, 0.9503443276549475, 0.9150088139007807, 0.9812581723085864, 0.993502658003544, 0.9490461538461539, 0.9610575670747591, 0.9793879816077374, 0.9689112804128779, 0.9367875647668393, 0.9828295042321644, 0.9607174434760641, 0.9503653660554253, 0.97898912724067, 0.9608288390576214, 0.9953891295235434, 0.9603895249374917, 0.9617861142217246, 0.9764238034370117, 0.9676048858204992, 0.9687590816623075, 1.0, 0.9010520708483154, 0.9582252205500779, 0.994308300395257, 0.9752568369266387, 0.9683354728284125, 0.9892309641454453, 0.9456366237482118, 0.9836358987471235, 0.962034216076869, 0.966321243523316, 0.9869559247562818, 0.9728239464356045, 0.9419438073394495, 0.9824951012410189, 0.9532982261640798, 0.9965016843741902, 0.9655640582572205, 0.9368333564205569, 0.9829148330313228, 0.9455128205128205, 0.9779310344827586, 0.9623559954567581, 1.0, 0.9785190359762487, 0.9676379750234994, 0.9607124148768988, 0.9362258953168044, 1.0]
val step Accs: [0.8583064176379722, 0.9615162871144421, 0.9054669703872438, 0.8284835277528522, 0.8552242814934193, 0.8954001260239446, 0.9316444311197721, 0.9567241162410366, 0.8722040713747172, 0.9434043161354866, 0.9322277148780099, 0.9139277818717759, 0.9034947884733292, 0.9167124039517014, 0.9526125452051378, 0.8821758329987957]
Preds: [17, 17, 451, 451, 351, 171, 171, 171, 240, 314, 314, 314, 401, 259, 75, 75, 131, 371, 139, 139, 426, 98, 98, 197, 197, 197, 82, 82, 82, 205, 205, 68, 261, 115, 115, 273, 273, 480, 480, 319, 319, 282, 388, 216, 239, 259, 219, 420, 324, 324, 324, 324, 422, 3, 58, 58, 110, 110, 110, 486, 428, 146, 146, 146, 146, 438, 173, 173, 280, 280, 25, 106, 106, 284, 284, 284, 405, 405, 206, 206, 206, 178, 35, 144, 27, 27, 27, 225, 225, 149, 228, 82, 75, 164, 164, 115, 273, 273, 151, 151, 240, 240, 35, 35, 259, 219, 219, 485, 485, 374, 374, 374, 374, 132, 406, 467, 456, 456, 186, 186, 186, 162, 162, 54, 482, 172, 115, 273, 273, 106, 293, 293, 497, 186, 162, 162, 9, 224, 224, 267, 267, 267, 444, 324, 318, 318, 31, 31, 162, 232, 232, 232, 68, 238, 224, 224, 273, 494, 494, 196, 196, 196, 217, 473, 473, 264, 264, 264, 264, 264, 264, 468, 468, 468, 337, 337, 337, 337, 337, 324, 324, 3, 3, 464, 303, 134, 134, 134, 250, 250, 250, 250, 276, 153, 153, 182, 182, 182, 321, 259, 441, 100, 375, 375, 303, 303, 98, 193, 17, 83, 443, 438, 438, 438, 438, 438, 438, 438, 438, 438, 438, 438, 438, 438, 438, 438, 438, 438, 438, 438, 438, 438, 438, 438, 438, 438, 438, 438, 438, 438, 438, 438, 438, 438, 438, 438, 438, 438, 438, 438, 438, 438, 438, 438, 438, 438, 438, 438, 438, 438, 438, 438, 438, 438, 438, 438, 438, 438, 438, 438, 438, 438, 438, 438, 438, 438, 438, 438, 438, 438, 438, 438, 438, 438, 438, 438, 438, 438, 438, 438, 438, 438, 438, 438, 438, 438, 438, 438, 438, 438, 438, 438, 438, 438, 438, 438, 438, 438, 438, 438, 438, 438, 438, 438, 438, 438, 438, 438, 438, 438, 438, 438, 438, 438, 438, 438, 438, 438, 438, 438, 438, 438, 438, 438, 438, 438, 438, 438, 438, 438, 438, 438, 438, 438, 438, 438, 438, 438, 438, 438, 438, 438, 438, 438, 438, 438, 438, 438, 438, 438, 438, 438, 438, 438, 438, 438, 438, 438, 438, 438, 438, 438, 438, 438, 438, 438, 438, 438, 438, 438, 438, 438, 438, 438, 438, 438, 438, 438, 438, 438, 438, 438, 438, 438, 438, 438, 438, 438, 438, 438, 438, 438, 438, 438, 438, 438, 438, 438, 438, 438, 438, 438, 438, 438, 438, 438, 438, 438, 438, 438, 438, 438, 438, 438, 438, 438, 438, 438, 438, 438, 438, 438, 438, 438, 438, 438, 438, 438, 438, 438, 438, 438, 438, 438, 438, 438, 438, 438, 438, 438, 438, 438, 438, 438, 438, 438, 438, 438, 438, 438, 438, 438, 438, 438, 438, 438, 438, 438, 438, 438, 438, 438, 438, 438, 438, 438, 438, 438, 438, 438, 438, 438, 438, 438, 438, 438, 438, 438, 438, 438, 438, 438, 438, 438, 438, 438, 438, 438, 438, 438, 438, 438, 438, 438, 438, 438, 438, 438, 438, 438, 438, 438, 438, 438, 438, 438, 438, 438, 438, 438, 438, 438, 438, 438, 438, 438, 438, 438, 438, 438, 438, 438, 438, 438, 438, 438, 438, 438, 438, 438, 438, 438, 438, 438, 438, 438, 438, 438, 438, 438, 438, 438, 438, 438, 438, 438, 438, 438, 438, 438, 438, 438, 438, 438, 438, 438, 438, 438, 438, 438, 438, 438, 438, 438, 438, 403, 403, 403, 403, 403, 403, 403, 403, 403, 403, 403, 403, 403, 403, 403, 403, 403, 403, 403, 403, 403, 403, 403, 403, 403]

ep565
Train step Loss: [0.09188152104616165, 0.29496392607688904, 0.11727243661880493, 0.13251367211341858, 0.07504292577505112, 0.10879810899496078, 0.1411735564470291, 0.35579633712768555, 0.20349465310573578, 0.3696824014186859, 0.00846059713512659, 0.12492720782756805, 0.21653838455677032, 0.0605735220015049, 0.12561175227165222, 0.0816093236207962, 0.0010904584778472781, 0.007158276624977589, 0.016697170212864876, 0.3166534900665283, 0.11711539328098297, 0.04827107861638069, 0.052873749285936356, 0.0772598385810852, 0.03714366257190704, 0.056705206632614136, 0.057550836354494095, 0.21067923307418823, 0.0757642388343811, 0.2196054309606552, 0.13753625750541687, 0.20565153658390045, 0.000990465166978538, 0.021044904366135597, 0.008485984988510609, 0.1311410665512085, 0.16559185087680817, 0.14609143137931824, 0.11625099182128906, 0.00618512649089098, 0.2309577614068985, 0.0821291133761406, 0.2820851802825928, 0.1049744114279747, 0.0336323007941246, 0.2221686691045761, 0.10039976984262466, 0.1684981882572174, 0.0010380741441622376, 0.15591885149478912, 0.07735598832368851, 0.015359276905655861, 0.020346228033304214, 0.06715187430381775, 0.2019251585006714, 0.21137411892414093, 0.04386192560195923, 0.07450710982084274, 0.26500651240348816, 0.17946328222751617, 0.08782367408275604, 0.019901160150766373, 0.09418550133705139]
val step Loss: [0.1383287012577057, 0.22327455878257751, 0.369834303855896, 0.22292892634868622, 0.39595773816108704, 0.5199773907661438, 0.7764376401901245, 0.5250385999679565, 0.3713528513908386, 0.2916966378688812, 0.12411357462406158, 0.005478223320096731, 0.4925452470779419, 0.3982870280742645, 0.36516931653022766, 0.3395427465438843]
Train step Accs: [0.9750313851304226, 0.9141121237227285, 0.9647535870243293, 0.9629052810420501, 0.9788643533123028, 0.9695064865587802, 0.9587745305661443, 0.9025261860751694, 0.9449754585378455, 0.8972673369425109, 0.997651663405088, 0.9649565461171853, 0.9430792725253366, 0.9830436625688851, 0.965990126165661, 0.9762928227172072, 1.0, 0.9987049987049987, 0.9955441533891439, 0.9139109046187482, 0.9665211062590975, 0.9867143587123147, 0.9847482791199892, 0.9793253536452666, 0.9895766310642131, 0.9841772151898734, 0.9828107810781078, 0.9404317697228145, 0.9784378123661288, 0.9391231499581123, 0.9633468149646107, 0.9454939609786311, 1.0, 0.9929280565755474, 0.9975783667429032, 0.9639778325123153, 0.9528301886792453, 0.9581363943281567, 0.9677750109857917, 0.9983496404573854, 0.9343035343035343, 0.9764004471494224, 0.9199365262550491, 0.9695196625391209, 0.9910809846592936, 0.9379412857673727, 0.9732485763475036, 0.9514084507042253, 1.0, 0.9585125221350873, 0.9772884642016342, 0.9960424028268551, 0.9942816297355254, 0.9798310853397202, 0.9443748433976447, 0.9380403458213257, 0.9873842437256745, 0.97877223178428, 0.9272881767419276, 0.9479455857856747, 0.975675312458003, 0.994267776716255, 0.974172517552658]
val step Accs: [0.9657342657342657, 0.9441126279863481, 0.907383136740935, 0.9437669376693767, 0.9050319953461314, 0.8689039718451483, 0.796114086436667, 0.8672589842195996, 0.9181262162913539, 0.9271436086270384, 0.9681684622918707, 0.999588590235875, 0.8827595200834637, 0.9049884132211246, 0.9107537441689173, 0.9091121495327102]
Preds: [17, 17, 309, 309, 479, 479, 398, 360, 360, 252, 143, 465, 465, 458, 458, 192, 445, 351, 351, 351, 351, 432, 432, 330, 330, 434, 434, 434, 434, 434, 219, 219, 19, 19, 19, 19, 19, 19, 454, 454, 454, 442, 442, 442, 442, 442, 442, 102, 102, 102, 237, 237, 237, 237, 47, 82, 47, 47, 2, 392, 244, 73, 73, 73, 244, 244, 7, 7, 7, 309, 479, 479, 331, 278, 278, 215, 215, 129, 129, 196, 196, 70, 65, 46, 46, 46, 46, 438, 438, 175, 251, 241, 34, 166, 278, 278, 301, 26, 251, 251, 251, 251, 251, 241, 431, 106, 153, 153, 153, 153, 182, 182, 182, 182, 182, 497, 98, 14, 197, 197, 440, 345, 345, 345, 387, 122, 281, 36, 36, 342, 224, 168, 494, 154, 422, 236, 129, 401, 401, 354, 377, 377, 87, 106, 496, 387, 206, 206, 169, 35, 35, 35, 401, 401, 401, 7, 354, 70, 65, 290, 171, 171, 171, 171, 207, 207, 207, 207, 207, 207, 358, 358, 454, 414, 414, 78, 170, 170, 170, 187, 187, 187, 187, 292, 292, 408, 23, 23, 408, 391, 391, 244, 73, 73, 73, 244, 244, 320, 83, 287, 111, 111, 460, 43, 43, 399, 70, 250, 250, 250, 138, 138, 138, 174, 426, 319, 299, 146, 219, 207, 207, 246, 246, 246, 246, 19, 143, 99, 338, 338, 338, 338, 338, 338, 338, 400, 400, 400, 324, 464, 464, 464, 464, 171, 171, 368, 99, 99, 436, 338, 338, 338, 338, 60, 60, 400, 464, 464, 464, 116, 94, 94, 10, 479, 398, 398, 331, 331, 84, 153, 426, 426, 426, 98, 426, 426, 426, 426, 413, 413, 282, 303, 303, 76, 76, 465, 465, 107, 107, 395, 395, 395, 180, 264, 264, 264, 139, 293, 293, 293, 293, 293, 182, 375, 375, 98, 98, 414, 82, 144, 208, 441, 441, 100, 100, 98, 98, 98, 98, 13, 13, 13, 13, 170, 170, 392, 392, 392, 28, 187, 187, 187, 187, 2, 12, 12, 12, 12, 12, 1, 1, 260, 260, 260, 260, 260, 63, 63, 244, 63, 63, 63, 73, 244, 320, 244, 287, 287, 287, 284, 284, 284, 284, 111, 111, 240, 314, 251, 251, 241, 241, 241, 241, 241, 431, 106, 213, 213, 360, 246, 246, 246, 246, 246, 246, 246, 246, 246, 246, 246, 99, 99, 338, 338, 338, 338, 338, 400, 400, 213, 286, 286, 171, 374, 468, 406, 337, 337, 337, 302, 375, 182, 122, 122, 186, 401, 401, 259, 354, 354, 354, 106, 106, 213, 213, 213, 246, 246, 143, 401, 259, 401, 401, 354, 445, 106, 106, 251, 34, 34, 41, 19, 19, 19, 246, 19, 454, 32, 219, 213, 384, 213, 213, 464, 264, 443, 171, 252, 416, 416, 354, 180, 180, 213, 264, 464, 240, 240, 143, 143, 239, 354, 354, 371, 180, 213, 213, 213, 246, 246, 246, 246, 246, 246, 246, 454, 454, 414, 414, 170, 47, 47, 226, 392, 80, 80, 80, 80, 7, 320, 7, 213, 106, 213, 213, 213, 246, 246, 246, 246, 246, 246, 246, 454, 454, 414, 226, 32, 401, 401, 82, 371, 107, 395, 213, 213, 443, 120, 120, 355, 355, 240, 203, 203, 399, 70, 473, 473, 473, 473, 473, 213, 213, 324, 324, 252, 24, 239, 239, 310, 107, 107, 213, 213, 395, 213, 41, 41, 19, 454, 454, 414, 17, 219, 120, 264, 264, 403, 403, 403, 403, 403, 403, 403, 403, 403, 403, 403, 403, 403, 403, 403, 403, 403, 403, 403, 403, 403, 403, 403, 403, 403, 403, 403, 403, 403, 403, 403, 403, 403]

ep566
Train step Loss: [0.12214629352092743, 0.16272518038749695, 0.023394279181957245, 0.004843246191740036, 0.011553984135389328, 0.1076502799987793, 0.2091260552406311, 0.17844095826148987, 0.0011553086806088686, 0.0582229346036911, 0.1091393232345581, 0.06935316324234009, 0.02374720759689808, 0.29096612334251404, 0.1168123334646225, 0.0011346508981660008, 0.1830451637506485, 0.021191559731960297, 0.0021271698642522097, 0.14271505177021027, 0.01579878479242325, 0.06570255011320114, 0.01811041869223118, 0.07640864700078964, 0.0010373134864494205, 0.024668630212545395, 0.17870751023292542, 0.05157250538468361, 0.07023876160383224, 0.04638812690973282, 0.0835910513997078, 0.03825592249631882, 0.15869078040122986, 0.18336503207683563, 0.07208406925201416, 0.09189043194055557, 0.07292400300502777, 0.0705973207950592, 0.18882949650287628, 0.046159688383340836, 0.18409322202205658, 0.13256613910198212, 0.1485980749130249, 0.1420906037092209, 0.046114396303892136, 0.2643554210662842, 0.14299626648426056, 0.12815146148204803, 0.09214329719543457, 0.09039539843797684, 0.24092718958854675, 0.02630692720413208, 0.10306039452552795, 0.47408345341682434, 0.11564208567142487, 0.30822741985321045, 0.10021570324897766, 0.03623364493250847, 0.0012335870414972305, 0.0743415579199791, 0.09686008840799332, 0.05144502595067024, 0.13603366911411285]
val step Loss: [0.2926146686077118, 0.4222036898136139, 0.642879843711853, 0.4714720845222473, 0.49487003684043884, 0.35691729187965393, 0.7255285382270813, 0.4823613166809082, 0.021997729316353798, 0.341854065656662, 0.022608090192079544, 0.1416930854320526, 0.19037777185440063, 0.36952391266822815, 0.4531555771827698, 0.3175927996635437]
Train step Accs: [0.9662905888827737, 0.9524617996604414, 0.9938846051582026, 0.9988550164591384, 0.9970479704797048, 0.9695775341790861, 0.9423863213975964, 0.9492705126489092, 1.0, 0.9819660014781966, 0.969248291571754, 0.979876615746181, 0.9938938468764679, 0.9222465154413775, 0.9673851389676688, 1.0, 0.9512370540851554, 0.9941440827999455, 0.9997194557441437, 0.9614317425083241, 0.9959736948060663, 0.9798750867453158, 0.9956436200112423, 0.9795864612142763, 1.0, 0.9930163846360462, 0.9507936507936507, 0.9843708609271523, 0.9804509318389156, 0.9874266554903605, 0.9744014263881814, 0.9892202155956881, 0.9574408511829764, 0.9479580773400795, 0.9835297673012995, 0.9760020103028019, 0.9788325006573757, 0.9815424238088425, 0.94579945799458, 0.9876814782226133, 0.9503833357442499, 0.9660048564490787, 0.9577943290212988, 0.9619257828666022, 0.9867541470661054, 0.922675585284281, 0.9570970328789093, 0.9651286130999734, 0.9720955933139936, 0.9753235028588625, 0.9308897939034926, 0.9927475592747559, 0.9704433497536946, 0.877733461697153, 0.9708166332665331, 0.9130222728011705, 0.9738144867118291, 0.990080677159106, 1.0, 0.9794190871369295, 0.9733233979135618, 0.9864432791917125, 0.9634678298800436]
val step Accs: [0.9285502958579882, 0.8964699683877766, 0.8398388665092374, 0.8785942492012779, 0.8796833027004101, 0.901577551305319, 0.8258532024310425, 0.8809063277148383, 0.9947312961011591, 0.9164445628997868, 0.9946306966998428, 0.9697816826411075, 0.9498546511627907, 0.9102100896560953, 0.8869277440706013, 0.9247385175079582]
Preds: [17, 17, 114, 317, 290, 171, 171, 171, 171, 171, 171, 252, 252, 422, 143, 143, 226, 226, 259, 441, 441, 148, 346, 387, 387, 372, 372, 406, 406, 406, 467, 134, 302, 497, 497, 413, 399, 217, 10, 10, 217, 217, 217, 473, 398, 398, 398, 286, 286, 286, 286, 286, 264, 468, 468, 468, 406, 467, 467, 499, 302, 302, 426, 98, 98, 263, 98, 263, 13, 13, 170, 170, 170, 392, 392, 392, 392, 63, 63, 63, 63, 63, 63, 63, 63, 63, 63, 63, 63, 63, 63, 63, 63, 63, 244, 289, 289, 289, 336, 320, 144, 7, 485, 374, 374, 280, 280, 280, 485, 213, 213, 213, 213, 246, 246, 246, 19, 19, 454, 454, 454, 414, 414, 82, 170, 392, 392, 392, 392, 392, 63, 63, 63, 63, 63, 63, 63, 63, 63, 63, 63, 63, 392, 244, 244, 289, 320, 320, 7, 7, 479, 398, 398, 360, 301, 143, 8, 129, 465, 354, 420, 420, 324, 422, 143, 314, 401, 401, 75, 66, 172, 172, 68, 115, 273, 444, 444, 444, 324, 301, 301, 314, 314, 76, 4, 4, 4, 261, 261, 25, 485, 444, 213, 213, 213, 246, 246, 246, 19, 19, 454, 454, 454, 454, 417, 80, 80, 392, 392, 392, 392, 392, 244, 80, 80, 75, 75, 108, 107, 119, 119, 351, 470, 403, 403, 403, 403, 171, 169, 178, 454, 454, 454, 226, 226, 226, 80, 80, 80, 80, 80, 320, 7, 7, 7, 7, 7, 236, 129, 129, 7, 7, 473, 473, 398, 398, 324, 360, 464, 464, 464, 139, 315, 319, 315, 315, 315, 315, 450, 450, 450, 43, 43, 364, 276, 276, 276, 276, 138, 138, 138, 182, 182, 182, 182, 182, 375, 98, 98, 98, 98, 381, 381, 426, 319, 319, 381, 303, 381, 381, 381, 241, 65, 426, 426, 284, 284, 284, 284, 284, 284, 284, 265, 480, 480, 480, 85, 85, 282, 282, 388, 388, 303, 303, 303, 212, 219, 398, 152, 152, 301, 422, 239, 75, 131, 34, 494, 255, 255, 130, 349, 349, 349, 234, 234, 261, 25, 25, 148, 148, 153, 153, 153, 182, 182, 182, 122, 497, 122, 88, 250, 153, 153, 497, 497, 43, 43, 43, 70, 354, 346, 46, 46, 428, 240, 175, 175, 241, 81, 166, 324, 286, 286, 468, 325, 325, 34, 337, 464, 464, 464, 443, 355, 460, 263, 263, 229, 229, 170, 170, 392, 392, 392, 392, 392, 63, 63, 63, 63, 63, 63, 63, 63, 63, 63, 63, 63, 63, 63, 63, 63, 63, 63, 63, 63, 63, 73, 73, 289, 289, 320, 320, 287, 287, 284, 284, 284, 284, 284, 284, 284, 284, 284, 284, 480, 480, 480, 85, 85, 85, 438, 240, 94, 94, 199, 324, 324, 324, 324, 464, 464, 464, 180, 315, 315, 315, 315, 450, 450, 43, 43, 276, 276, 276, 276, 138, 182, 182, 182, 182, 182, 182, 182, 182, 182, 182, 375, 375, 375, 375, 413, 251, 251, 251, 251, 241, 241, 132, 241, 88, 88, 241, 241, 426, 480, 480, 480, 480, 355, 282, 282, 282, 285, 282, 282, 282, 388, 303, 303, 303, 359, 303, 303, 303, 303, 303, 19, 454, 454, 229, 170, 170, 170, 187, 187, 292, 292, 102, 102, 102, 82, 75, 305, 305, 12, 12, 260, 392, 392, 392, 392, 392, 244, 289, 249, 320, 7, 7, 249, 249, 249, 249, 249, 375, 375, 98, 98, 249, 249, 249, 417, 170, 102, 102, 82, 237, 237, 40, 441, 441, 441, 375, 355, 355, 355, 385, 233, 13, 40, 40, 40, 40, 40, 40, 40, 40, 40, 40, 40, 40]

ep567
Train step Loss: [0.2371082603931427, 0.17254623770713806, 0.13863326609134674, 0.2692546248435974, 0.049692392349243164, 0.028593536466360092, 0.0010803001932799816, 0.1394236832857132, 0.03034287504851818, 0.22830703854560852, 0.10641513764858246, 0.07612334191799164, 0.01894473284482956, 0.017129337415099144, 0.213485985994339, 0.022858384996652603, 0.10238806158304214, 0.009342396631836891, 0.07354887574911118, 0.0011232877150177956, 0.10835933685302734, 0.043818287551403046, 0.18397299945354462, 0.08425279706716537, 0.14374803006649017, 0.2249501347541809, 0.038236528635025024, 0.20784565806388855, 0.001088069286197424, 0.11206839233636856, 0.19333398342132568, 0.2557899057865143, 0.07766155153512955, 0.0013305195607244968, 0.0959995687007904, 0.15810053050518036, 0.00803004577755928, 0.20136655867099762, 0.001039838301949203, 0.1536768525838852, 0.14994896948337555, 0.09306754171848297, 0.085739865899086, 0.11700104176998138, 0.022704292088747025, 0.11460966616868973, 0.006921831518411636, 0.20759032666683197, 0.1338077187538147, 0.07284283638000488, 0.0011385956313461065, 0.23606686294078827, 0.02127831056714058, 0.0599256232380867, 0.13111355900764465, 0.28182947635650635, 0.13768747448921204, 0.19462153315544128, 0.14149948954582214, 0.0027937733102589846, 0.14264053106307983, 0.19936025142669678, 0.001072144485078752]
val step Loss: [0.5488868355751038, 0.49674251675605774, 0.1815193146467209, 0.5973545908927917, 0.18732401728630066, 0.4297499358654022, 0.3154881000518799, 0.2073276787996292, 0.3821742534637451, 0.32395845651626587, 0.10131136327981949, 0.5939908027648926, 0.5180671811103821, 0.43507421016693115, 0.021202055737376213, 0.0008384030079469085]
Train step Accs: [0.9326333015137052, 0.9520275642724623, 0.9608689183157268, 0.9219781700579437, 0.9867978577655997, 0.9918947648153069, 1.0, 0.9605038708830862, 0.9924812030075187, 0.9334380802742466, 0.9714775370302362, 0.980763667920162, 0.9952105930412735, 0.9956090651558074, 0.9420485175202157, 0.9932651210983033, 0.9749962792082155, 0.9979721166032953, 0.9802581624905087, 1.0, 0.9704738585625811, 0.9862709205020921, 0.9493962827296161, 0.9767061193653992, 0.9600331674958541, 0.9403866017411834, 0.9885270170244264, 0.9407727503812913, 1.0, 0.967741935483871, 0.9454745059770676, 0.9338627782840776, 0.9780858676207513, 0.9998637973304276, 0.9744089373863342, 0.9564120532585845, 0.9977249747219413, 0.941930729550479, 1.0, 0.9574891236793039, 0.9567828889539994, 0.9731552162849872, 0.9761231542569903, 0.9671335459714325, 0.9937433439829606, 0.971666037023045, 0.998496651633183, 0.9465743944636679, 0.9613296034227414, 0.9795681448804272, 1.0, 0.934416880524665, 0.9939456585942115, 0.9844473007712082, 0.9638524987869966, 0.9251441894711008, 0.9604362160791275, 0.9451408712920442, 0.9615946843853821, 0.9995995728777363, 0.9590952839268527, 0.9447190426638917, 1.0]
val step Accs: [0.8600107066381156, 0.8751324152542372, 0.9555989946942195, 0.8571235651586766, 0.947855464159812, 0.8924842078122985, 0.9232575383094415, 0.9516424471852485, 0.902259660382404, 0.9239034256099102, 0.975762641036356, 0.8624241569070128, 0.8731863839285714, 0.8885570788652097, 0.9953863898500577, 1.0]
Preds: [17, 7, 7, 217, 217, 217, 217, 473, 473, 65, 264, 264, 264, 264, 264, 264, 264, 468, 468, 468, 468, 337, 337, 337, 207, 19, 454, 197, 197, 197, 197, 197, 7, 7, 345, 109, 109, 264, 264, 468, 468, 337, 337, 337, 324, 434, 434, 339, 339, 94, 94, 199, 398, 340, 340, 116, 33, 33, 466, 250, 250, 250, 250, 138, 276, 138, 138, 182, 182, 497, 497, 497, 122, 8, 32, 32, 259, 208, 441, 441, 346, 481, 426, 426, 426, 206, 348, 348, 199, 313, 495, 250, 147, 495, 380, 134, 84, 375, 182, 182, 375, 375, 303, 98, 98, 48, 48, 48, 414, 414, 414, 170, 170, 170, 28, 28, 28, 2, 20, 47, 2, 2, 20, 2, 2, 2, 2, 2, 47, 20, 316, 316, 73, 73, 73, 373, 66, 172, 172, 172, 224, 267, 444, 152, 374, 374, 139, 139, 293, 293, 497, 169, 349, 349, 234, 234, 234, 234, 261, 25, 25, 451, 30, 324, 324, 464, 464, 464, 180, 486, 486, 486, 376, 376, 376, 460, 460, 282, 282, 203, 381, 381, 250, 250, 359, 429, 324, 324, 324, 324, 3, 464, 464, 440, 145, 315, 315, 315, 315, 315, 480, 480, 480, 282, 85, 299, 299, 156, 156, 495, 495, 495, 42, 406, 406, 406, 467, 134, 182, 182, 375, 375, 375, 98, 98, 48, 13, 13, 414, 414, 414, 170, 47, 47, 20, 47, 47, 47, 47, 47, 47, 80, 80, 73, 73, 73, 289, 320, 320, 7, 288, 278, 324, 301, 236, 314, 239, 239, 239, 384, 371, 485, 485, 374, 374, 139, 139, 139, 255, 240, 251, 251, 241, 431, 431, 151, 240, 240, 143, 36, 310, 107, 107, 395, 278, 154, 143, 129, 129, 458, 144, 144, 27, 437, 437, 499, 486, 486, 486, 460, 460, 460, 178, 215, 35, 35, 401, 441, 208, 100, 100, 100, 375, 375, 98, 98, 263, 13, 13, 170, 170, 170, 28, 28, 28, 28, 20, 2, 2, 2, 2, 2, 2, 2, 20, 2, 2, 2, 20, 163, 316, 73, 73, 289, 289, 20, 83, 287, 55, 460, 240, 215, 35, 77, 342, 342, 342, 224, 494, 196, 309, 94, 479, 331, 443, 443, 443, 271, 31, 342, 342, 342, 342, 273, 273, 151, 151, 151, 240, 240, 314, 239, 239, 384, 371, 371, 87, 26, 251, 8, 331, 431, 302, 302, 497, 497, 122, 8, 239, 458, 208, 441, 153, 153, 153, 426, 426, 387, 387, 387, 406, 406, 467, 337, 41, 41, 19, 19, 19, 19, 454, 414, 414, 414, 442, 442, 237, 47, 47, 47, 47, 47, 47, 47, 47, 80, 80, 80, 80, 80, 80, 289, 320, 7, 7, 309, 309, 217, 479, 473, 65, 264, 264, 264, 264, 264, 264, 264, 264, 468, 468, 468, 468, 468, 337, 337, 41, 41, 19, 19, 19, 454, 454, 17, 83, 443, 443, 443, 403, 438, 438, 438, 403, 403, 403, 403, 403, 403, 403, 403, 403, 403, 403, 403, 403, 403, 403, 403, 403, 403, 403, 403, 403, 403, 403, 403, 403, 403, 403, 403, 403, 403, 403, 443, 443, 443, 443, 443, 443, 443, 443, 443, 443, 443, 443, 443, 443, 443, 443, 443, 443, 443, 443, 443, 443, 443, 443, 443, 443, 443, 443, 443, 443, 443, 443, 443, 443, 443, 443, 443, 443, 443, 443, 443, 443, 443, 443, 443, 443, 443, 443, 443, 443, 443, 443, 443, 443, 443, 443, 443, 443, 443, 443, 443, 443, 443, 443, 443, 443, 443, 443, 443, 443, 443, 443, 443, 443, 443, 443, 443, 443, 443, 443, 443, 443, 443, 443, 443, 443, 443]

ep568
Train step Loss: [0.044507723301649094, 0.4387117326259613, 0.019423361867666245, 0.12328509241342545, 0.1528645008802414, 0.12311311811208725, 0.08917807042598724, 0.02584473416209221, 0.08127888292074203, 0.17927154898643494, 0.0010153983021155, 0.047040823847055435, 0.1687435656785965, 0.19597412645816803, 0.06608317047357559, 0.21346862614154816, 0.07825412601232529, 0.06306295841932297, 0.25080621242523193, 0.0009537218138575554, 0.31233862042427063, 0.142964705824852, 0.23967023193836212, 0.0755118653178215, 0.18188440799713135, 0.25007936358451843, 0.0010601069079712033, 0.09463642537593842, 0.0011671651154756546, 0.029446594417095184, 0.17297367751598358, 0.032778915017843246, 0.0011552047217264771, 0.04093601182103157, 0.006827845238149166, 0.0991825982928276, 0.015024230815470219, 0.19149403274059296, 0.08925255388021469, 0.18514956533908844, 0.04292362555861473, 0.14931097626686096, 0.22959014773368835, 0.035068657249212265, 0.10587620735168457, 0.15442359447479248, 0.008987931534647942, 0.13397787511348724, 0.05655544623732567, 0.07977570593357086, 0.212416410446167, 0.08456157147884369, 0.03149144724011421, 0.24931970238685608, 0.05837945640087128, 0.07936404645442963, 0.0011015625204890966, 0.14387843012809753, 0.13770988583564758, 0.07093251496553421, 0.0011050115572288632, 0.03942221403121948, 0.1929231435060501]
val step Loss: [0.6756835579872131, 0.40492334961891174, 0.002542892936617136, 0.2176562249660492, 0.32619473338127136, 0.46836504340171814, 0.6828052997589111, 0.08379417657852173, 0.4384235143661499, 0.44070470333099365, 0.3562800884246826, 0.1046140268445015, 0.8728930354118347, 0.12935543060302734, 0.5079038739204407, 0.3782930076122284]
Train step Accs: [0.9877277798438081, 0.8791023842917252, 0.9947214890957078, 0.9651535380507343, 0.9571186440677966, 0.9648125755743652, 0.9728144989339019, 0.993083648701553, 0.9778161530286928, 0.9459949762768629, 1.0, 0.9867355727820845, 0.9527479469361971, 0.9489196952666417, 0.9819692914495, 0.9397825821424209, 0.9773296742632144, 0.9834039143870894, 0.9281553398058252, 1.0, 0.912568306010929, 0.9602747104767034, 0.9334442595673876, 0.9771001150747987, 0.94943669527897, 0.9307752545027408, 1.0, 0.9736733287388009, 1.0, 0.9919581825492562, 0.9527347252465735, 0.9914765605414891, 1.0, 0.9869349752215048, 0.9988689204474048, 0.9710605553696888, 0.996446631132978, 0.946768570662376, 0.973952937694243, 0.9493808049535604, 0.9873037542662116, 0.9573202276254527, 0.9388489208633094, 0.9906183932346723, 0.9711514235323759, 0.956594791374965, 0.9980240408364894, 0.9608678290962333, 0.9844010298349235, 0.9763137457934248, 0.9392456433516352, 0.9791129797911298, 0.9916901219675647, 0.9316980620680309, 0.9833269695812651, 0.9787589136701563, 1.0, 0.9610589502847469, 0.9623557187827911, 0.9797163336891871, 1.0, 0.9879832810867294, 0.9505813953488372]
val step Accs: [0.8458705944239874, 0.9039250146455771, 0.9994083715426711, 0.9476602650797944, 0.9171092869789151, 0.8747683346571353, 0.8369082370859247, 0.9785246130246827, 0.8933632664515224, 0.8873956158663883, 0.9120638599201751, 0.9754736568907345, 0.7768426768019546, 0.966055957960517, 0.8730099034724834, 0.9112918479288822]
Preds: [17, 217, 217, 217, 217, 473, 473, 65, 264, 264, 264, 264, 264, 264, 468, 468, 406, 467, 337, 337, 337, 337, 301, 385, 457, 129, 259, 7, 7, 8, 473, 109, 104, 468, 468, 468, 406, 337, 337, 337, 324, 434, 434, 339, 94, 94, 94, 199, 398, 324, 340, 340, 116, 94, 33, 250, 250, 106, 153, 153, 182, 182, 182, 182, 182, 182, 293, 497, 122, 143, 129, 129, 259, 144, 208, 27, 437, 437, 284, 426, 426, 426, 206, 306, 396, 396, 396, 406, 495, 495, 59, 467, 334, 59, 59, 375, 375, 303, 98, 98, 98, 263, 263, 263, 13, 417, 414, 170, 82, 170, 170, 170, 28, 244, 2, 2, 244, 12, 12, 163, 392, 63, 63, 392, 63, 244, 73, 73, 73, 320, 7, 7, 309, 479, 331, 398, 360, 360, 360, 434, 434, 434, 434, 434, 434, 434, 434, 3, 325, 188, 324, 324, 422, 422, 349, 349, 205, 205, 261, 25, 106, 284, 460, 460, 169, 150, 162, 342, 342, 232, 232, 342, 115, 273, 273, 470, 290, 171, 171, 360, 339, 339, 64, 398, 398, 398, 398, 398, 398, 286, 286, 286, 468, 285, 325, 337, 41, 324, 324, 324, 286, 286, 468, 325, 406, 467, 337, 41, 41, 41, 19, 19, 19, 19, 454, 454, 454, 229, 414, 414, 414, 170, 170, 312, 187, 187, 187, 187, 187, 12, 12, 12, 12, 392, 163, 163, 316, 391, 73, 73, 73, 73, 73, 320, 209, 83, 188, 188, 171, 171, 171, 171, 171, 246, 246, 464, 464, 464, 464, 120, 171, 240, 240, 314, 314, 239, 239, 239, 131, 106, 106, 106, 153, 497, 497, 43, 143, 129, 259, 208, 208, 100, 153, 153, 153, 182, 182, 182, 182, 182, 182, 375, 375, 375, 375, 98, 98, 13, 414, 414, 414, 414, 414, 414, 47, 249, 47, 244, 47, 47, 47, 244, 73, 73, 244, 73, 320, 425, 425, 425, 241, 331, 431, 374, 132, 132, 132, 132, 406, 313, 285, 34, 337, 213, 213, 213, 213, 213, 246, 246, 246, 246, 3, 3, 3, 197, 197, 197, 197, 197, 197, 197, 197, 197, 226, 226, 82, 209, 188, 188, 188, 278, 278, 278, 37, 37, 236, 314, 314, 32, 32, 32, 32, 32, 32, 32, 354, 354, 109, 286, 286, 286, 171, 286, 286, 286, 286, 468, 468, 468, 406, 406, 467, 337, 41, 324, 324, 3, 3, 3, 14, 14, 259, 440, 145, 145, 460, 460, 240, 385, 35, 36, 77, 342, 232, 232, 172, 115, 267, 267, 267, 267, 213, 213, 213, 213, 246, 19, 19, 454, 454, 229, 229, 414, 82, 312, 126, 126, 126, 292, 292, 408, 408, 408, 408, 408, 408, 408, 149, 392, 244, 73, 73, 289, 82, 83, 188, 188, 188, 264, 264, 264, 264, 468, 468, 406, 406, 467, 467, 337, 464, 464, 330, 388, 94, 251, 251, 241, 241, 431, 376, 376, 376, 376, 376, 376, 460, 460, 460, 263, 263, 263, 263, 225, 414, 414, 414, 226, 226, 209, 287, 287, 100, 100, 100, 375, 98, 143, 129, 129, 458, 458, 458, 208, 208, 441, 100, 426, 426, 426, 426, 426, 426, 98, 263, 263, 263, 193, 17, 83, 443, 403, 438, 438, 438, 438, 438, 438, 438, 438, 438, 438, 438, 438, 403, 403, 403, 403, 443, 443, 443, 443, 443, 443, 443, 443, 443, 443, 443, 443, 443, 443, 443, 443, 443, 443, 443, 443, 443, 443, 443, 443, 443, 443, 443, 443, 443, 443, 443, 443, 443, 443, 443, 443, 443, 443, 443, 443, 443, 443, 443, 443, 443, 443, 443, 443, 443, 443, 443, 443]

ep569
Train step Loss: [0.12316390872001648, 0.17744942009449005, 0.0010842026676982641, 0.04473656415939331, 0.038305722177028656, 0.14790169894695282, 0.0938917025923729, 0.0010679351398721337, 0.1685355305671692, 0.10718639194965363, 0.2404114454984665, 0.22846096754074097, 0.13828015327453613, 0.11305730789899826, 0.028700588271021843, 0.2049759477376938, 0.2815011739730835, 0.013875428587198257, 0.28685423731803894, 0.2515510320663452, 0.03031187132000923, 0.17120696604251862, 0.0009834987577050924, 0.07768137753009796, 0.08260270208120346, 0.017232265323400497, 0.13819915056228638, 0.11711318790912628, 0.03555368632078171, 0.01232225727289915, 0.19871848821640015, 0.022704781964421272, 0.007238874211907387, 0.0016871507978066802, 0.1961822211742401, 0.001071223639883101, 0.051588889211416245, 0.10864310711622238, 0.37199339270591736, 0.2634037137031555, 0.17719653248786926, 0.0011186270276084542, 0.401066392660141, 0.1061449870467186, 0.1310560256242752, 0.011805865913629532, 0.21566252410411835, 0.10346458852291107, 0.12021603435277939, 0.27928781509399414, 0.06841249763965607, 0.18688955903053284, 0.17602358758449554, 0.05159424990415573, 0.13551846146583557, 0.008810305967926979, 0.14417211711406708, 0.06641371548175812, 0.16097815334796906, 0.22439035773277283, 0.0916670486330986, 0.1882849931716919, 0.07004321366548538]
val step Loss: [0.16713778674602509, 0.5316301584243774, 0.3060707151889801, 0.2089127004146576, 0.2683342397212982, 0.5857471227645874, 0.2781006991863251, 0.31461605429649353, 0.28189948201179504, 0.7083950638771057, 0.39847588539123535, 0.130768820643425, 0.3548519015312195, 0.6925403475761414, 0.026362460106611252, 0.6371904611587524]
Train step Accs: [0.966311356757468, 0.9512033853477916, 1.0, 0.986644407345576, 0.9895042121253971, 0.9594683510988288, 0.9744034707158351, 1.0, 0.9508025577450084, 0.9697944343448469, 0.9313970956434652, 0.9331504475887958, 0.9606275902901125, 0.967558799675588, 0.9930475086906141, 0.943593574897273, 0.9265695944888054, 0.996614759647935, 0.9229661627069834, 0.926958129705455, 0.9914344157504474, 0.9534652233420431, 1.0, 0.9771278590176228, 0.9764226459030709, 0.9954874880350062, 0.9637112340754086, 0.9658865529551766, 0.9915420631324573, 0.9965022735222105, 0.9414193943101866, 0.9939865063068348, 0.9979364424267437, 0.9998651018481047, 0.9478787878787879, 1.0, 0.9871545348384585, 0.9682249209782067, 0.8968021226085742, 0.9260810810810811, 0.9515956020380799, 1.0, 0.8883501181151312, 0.9721813561588872, 0.9620302208446339, 0.9975118483412322, 0.9371458011334364, 0.9703570936164346, 0.965032154340836, 0.9263899765074393, 0.9789741529396009, 0.9488200170599943, 0.95305725818508, 0.9871119733924612, 0.963273705873041, 0.9979018044481746, 0.9585930543187889, 0.980226854690374, 0.9550019066988686, 0.9360112097150864, 0.976048663033836, 0.9497566909975669, 0.9805375347544022]
val step Accs: [0.9597262018465457, 0.8578939889157311, 0.9245643047958275, 0.9467471863848477, 0.9366627839254513, 0.8684510250569476, 0.9282553305618881, 0.9178263750828363, 0.9255694143167028, 0.8262797769893563, 0.9009823182711199, 0.9684473143528031, 0.9187032418952619, 0.823284561049445, 0.9928741092636579, 0.8408275279712899]
Preds: [17, 17, 287, 145, 284, 486, 460, 169, 169, 349, 349, 205, 234, 234, 234, 155, 25, 25, 148, 148, 148, 387, 387, 348, 399, 53, 473, 398, 398, 324, 360, 301, 339, 399, 399, 217, 217, 473, 398, 398, 360, 360, 360, 360, 360, 246, 246, 246, 246, 246, 19, 454, 454, 454, 414, 414, 414, 414, 170, 170, 47, 20, 47, 47, 47, 47, 80, 80, 80, 80, 20, 209, 188, 188, 171, 301, 339, 399, 399, 70, 70, 138, 138, 138, 138, 497, 43, 8, 32, 32, 354, 425, 425, 241, 431, 302, 496, 387, 274, 122, 8, 129, 129, 129, 259, 354, 420, 420, 360, 360, 360, 360, 434, 19, 19, 19, 19, 19, 48, 48, 48, 48, 417, 442, 442, 170, 20, 47, 20, 47, 47, 47, 20, 80, 80, 80, 80, 289, 20, 7, 7, 309, 309, 309, 473, 398, 398, 360, 360, 360, 434, 246, 246, 246, 246, 246, 19, 19, 454, 143, 414, 414, 226, 226, 226, 80, 7, 7, 32, 32, 32, 239, 445, 445, 445, 485, 286, 286, 286, 468, 468, 406, 406, 380, 380, 380, 499, 486, 315, 315, 315, 315, 450, 450, 450, 203, 203, 53, 53, 250, 70, 65, 138, 138, 138, 138, 182, 122, 98, 76, 186, 349, 349, 352, 234, 234, 234, 155, 155, 320, 7, 7, 309, 309, 182, 138, 138, 138, 497, 98, 197, 197, 197, 197, 7, 32, 239, 384, 371, 448, 278, 258, 31, 31, 342, 342, 342, 342, 224, 26, 26, 359, 359, 251, 359, 81, 166, 324, 422, 143, 129, 129, 478, 478, 172, 172, 115, 273, 273, 486, 486, 486, 460, 460, 169, 215, 35, 35, 401, 401, 441, 441, 441, 148, 43, 43, 276, 276, 182, 182, 182, 182, 182, 182, 182, 375, 375, 98, 98, 98, 13, 352, 352, 234, 234, 261, 441, 437, 437, 287, 481, 481, 98, 98, 98, 98, 98, 13, 17, 83, 443, 403, 403, 403, 438, 438, 438, 438, 438, 438, 438, 438, 438, 403, 403, 403, 403, 403, 403, 403, 403, 403, 403, 403, 403, 403, 403, 403, 403, 403, 403, 403, 403, 403, 403, 403, 403, 403, 403, 403, 403, 403, 443, 443, 443, 443, 443, 443, 443, 443, 443, 443, 443, 438, 438, 438, 438, 438, 438, 438, 438, 438, 438, 438, 438, 438, 438, 438, 438, 438, 438, 438, 438, 403, 403, 403, 443, 443, 443, 443, 443, 443, 443, 443, 443, 443, 443, 443, 443, 443, 443, 443, 438, 438, 438, 438, 438, 438, 438, 438, 438, 438, 438, 438, 438, 438, 438, 438, 443, 443, 443, 443, 443, 443, 443, 443, 443, 443, 443, 443, 443, 443, 443, 443, 443, 443, 443, 443, 443, 443, 443, 443, 443, 443, 443, 443, 443, 443, 443, 443, 443, 443, 443, 443, 443, 443, 443, 443, 443, 443, 443, 443, 443, 443, 443, 443, 443, 443, 443, 443, 443, 443, 443, 443, 443, 443, 443, 443, 443, 443, 443, 443, 443, 443, 443, 443, 443, 443, 443, 443, 443, 443, 443, 443, 443, 443, 443, 443, 443, 443, 443, 443, 443, 443, 443, 443, 443, 443, 443, 443, 443, 443, 443, 443, 443, 443, 443, 443, 443, 443, 443, 443, 443, 443, 443, 443, 443, 443, 443, 443, 443, 443, 443, 443, 443, 443, 443, 443, 443, 443, 443, 443, 443, 443, 443, 443, 443, 443, 443, 443, 443, 443, 443, 443, 443, 443, 443, 443, 443, 443, 443, 443, 443, 443, 443, 443, 443, 443, 443, 443, 443, 443, 443, 443, 443, 443, 443, 443, 443, 443, 443, 443, 443, 443, 443, 443, 443, 443, 443, 443]

ep570
Train step Loss: [0.05836481228470802, 0.06874671578407288, 0.21073195338249207, 0.054863519966602325, 0.07683452218770981, 0.20117537677288055, 0.16718906164169312, 0.008117800578474998, 0.06684190779924393, 0.05015094205737114, 0.14248861372470856, 0.001095459097996354, 0.2993626594543457, 0.04922246187925339, 0.12275991588830948, 0.056717466562986374, 0.0682438537478447, 0.028953419998288155, 0.04820258170366287, 0.23049628734588623, 0.024922072887420654, 0.11628784984350204, 0.13124679028987885, 0.18084172904491425, 0.13952447474002838, 0.001391776604577899, 0.15808066725730896, 0.3933449983596802, 0.05523503199219704, 0.09993667900562286, 0.009458388201892376, 0.001211709575727582, 0.07745923101902008, 0.14889614284038544, 0.0828893780708313, 0.1443268060684204, 0.08953648805618286, 0.200772225856781, 0.037910424172878265, 0.05933550000190735, 0.013443537056446075, 0.2897563874721527, 0.001063058734871447, 0.027352409437298775, 0.32259735465049744, 0.218221053481102, 0.01342885009944439, 0.3159937262535095, 0.26681557297706604, 0.11711552739143372, 0.13121819496154785, 0.012901254929602146, 0.0769953802227974, 0.3607536256313324, 0.16413579881191254, 0.11680756509304047, 0.11194247007369995, 0.1522388756275177, 0.10642622411251068, 0.10914316773414612, 0.2267087996006012, 0.08116549253463745, 0.0012295817723497748]
val step Loss: [0.18128353357315063, 0.649721086025238, 0.07875946164131165, 0.3624460697174072, 0.4297163784503937, 0.12454965710639954, 0.2818773686885834, 0.45045381784439087, 0.5311967730522156, 1.144783854484558, 0.22321490943431854, 0.04212316498160362, 0.24592724442481995, 0.227138489484787, 0.6587212681770325, 0.0008346832473762333]
Train step Accs: [0.9819378325399047, 0.9813432835820896, 0.9410060975609756, 0.9843256059009484, 0.9779139355941864, 0.941900731050404, 0.9535709004879491, 0.9978626389284696, 0.9819299786673359, 0.984375, 0.9600183823529411, 1.0, 0.9162588363240892, 0.9863740676993689, 0.9663496708119971, 0.9836317851147174, 0.9812849480771425, 0.992564534231201, 0.9876182526432944, 0.9380137447783318, 0.9934417270118868, 0.9703875968992248, 0.9664280424586522, 0.9495126218445389, 0.9602383268482491, 1.0, 0.9600345025876941, 0.8908255641129577, 0.9854520734194425, 0.9743216412971542, 0.9973361747469366, 1.0, 0.9775921002658564, 0.9596613545816733, 0.9763661202185793, 0.9569832402234637, 0.9752864835013116, 0.9423873640600725, 0.9889169472502806, 0.9836344592825347, 0.9968271485722169, 0.9161434351890609, 1.0, 0.9928562476500815, 0.9062585405848592, 0.9415265585478352, 0.9959642900819371, 0.911941635735313, 0.9247311827956989, 0.9681236416324559, 0.962654486835035, 0.9965030889381047, 0.9790016798656107, 0.8963002970564408, 0.9551095854238183, 0.9678424706049016, 0.9722383720930232, 0.9563160823594881, 0.9690161527165932, 0.9679630850362557, 0.9368787917903705, 0.9768015079019864, 1.0]
val step Accs: [0.9535775127768313, 0.8347961494903737, 0.9812098436174082, 0.921913665108606, 0.8944055944055944, 0.9680976762504924, 0.9287095526621116, 0.890308988764045, 0.8649882418038456, 0.7139287945034354, 0.9424924709594149, 0.9904544232320516, 0.9378404805140382, 0.9418236831247421, 0.8408323199567626, 1.0]
Preds: [17, 17, 251, 251, 251, 241, 241, 431, 486, 486, 460, 240, 150, 35, 36, 449, 371, 494, 191, 278, 99, 99, 338, 338, 338, 447, 400, 400, 298, 298, 324, 464, 464, 464, 180, 355, 282, 282, 282, 282, 240, 146, 219, 219, 219, 464, 464, 464, 464, 84, 153, 43, 43, 43, 345, 109, 109, 109, 109, 41, 207, 246, 246, 246, 3, 3, 3, 197, 197, 259, 259, 354, 420, 420, 420, 324, 324, 464, 464, 464, 464, 139, 315, 319, 319, 319, 319, 319, 450, 413, 413, 43, 43, 43, 276, 276, 276, 346, 346, 346, 346, 284, 265, 265, 265, 265, 480, 480, 480, 282, 282, 282, 299, 299, 203, 406, 406, 467, 467, 467, 467, 337, 275, 275, 41, 19, 19, 358, 465, 131, 131, 134, 134, 302, 134, 375, 349, 349, 349, 155, 25, 441, 441, 148, 148, 153, 153, 153, 182, 182, 182, 387, 387, 387, 406, 406, 406, 134, 16, 16, 16, 100, 375, 375, 98, 98, 98, 98, 13, 170, 170, 170, 170, 170, 82, 28, 28, 187, 187, 12, 12, 12, 23, 23, 260, 391, 391, 244, 73, 73, 73, 244, 321, 320, 412, 420, 444, 213, 213, 213, 213, 213, 246, 246, 252, 422, 36, 310, 310, 310, 323, 323, 395, 395, 374, 374, 374, 374, 374, 132, 182, 182, 375, 98, 98, 98, 98, 48, 13, 170, 170, 170, 244, 28, 2, 2, 2, 2, 2, 244, 184, 244, 73, 73, 321, 321, 287, 287, 287, 287, 284, 111, 111, 206, 240, 348, 285, 199, 134, 302, 293, 497, 122, 122, 122, 75, 75, 127, 241, 180, 443, 443, 443, 443, 178, 178, 35, 96, 77, 342, 342, 115, 273, 273, 273, 486, 486, 486, 460, 460, 169, 169, 150, 150, 342, 232, 232, 232, 172, 115, 115, 267, 267, 267, 267, 267, 324, 324, 3, 3, 3, 188, 188, 464, 120, 271, 271, 271, 31, 162, 232, 232, 172, 172, 115, 273, 273, 106, 499, 265, 265, 265, 85, 85, 85, 299, 59, 59, 59, 303, 48, 263, 17, 83, 443, 403, 438, 438, 438, 438, 438, 438, 438, 438, 438, 438, 438, 438, 438, 438, 438, 438, 438, 438, 438, 438, 438, 438, 438, 438, 438, 438, 438, 438, 438, 438, 438, 438, 438, 438, 438, 438, 438, 438, 438, 438, 438, 438, 438, 438, 438, 438, 438, 438, 438, 438, 438, 438, 438, 438, 438, 438, 438, 438, 438, 438, 438, 438, 438, 438, 438, 438, 438, 438, 438, 438, 438, 438, 438, 438, 438, 438, 438, 438, 438, 438, 438, 438, 438, 438, 438, 438, 438, 438, 438, 438, 438, 438, 438, 438, 438, 438, 438, 438, 438, 438, 438, 438, 438, 438, 438, 438, 438, 438, 438, 438, 438, 438, 438, 438, 438, 438, 438, 438, 438, 438, 438, 438, 438, 438, 438, 438, 438, 438, 438, 438, 438, 438, 438, 438, 438, 438, 438, 438, 438, 438, 438, 438, 438, 438, 438, 438, 438, 438, 438, 438, 438, 438, 438, 438, 438, 438, 438, 438, 438, 438, 438, 438, 438, 438, 438, 438, 438, 438, 438, 438, 438, 438, 438, 438, 438, 438, 438, 438, 438, 438, 438, 438, 438, 438, 438, 438, 438, 438, 438, 438, 438, 438, 438, 438, 438, 438, 438, 438, 438, 438, 438, 438, 438, 438, 438, 438, 438, 438, 438, 438, 438, 438, 438, 438, 438, 438, 438, 438, 438, 438, 438, 438, 438, 438, 438, 438, 438, 438, 438, 438, 438, 438, 438, 438, 438, 438, 438, 438, 438, 438, 438, 438, 438, 438, 438, 438, 438, 438, 438, 438, 438, 438, 438, 438]

ep571
Train step Loss: [0.07101952284574509, 0.07608698308467865, 0.09350034594535828, 0.09139522910118103, 0.10960476100444794, 0.1712932586669922, 0.0011358482297509909, 0.027312226593494415, 0.14052143692970276, 0.026676759123802185, 0.10320010036230087, 0.08626270294189453, 0.10187496989965439, 0.22949504852294922, 0.18416164815425873, 0.21648508310317993, 0.09506091475486755, 0.04413268342614174, 0.22920912504196167, 0.11222977936267853, 0.13115915656089783, 0.1867424100637436, 0.001017133705317974, 0.06409191340208054, 0.09283517301082611, 0.020028123632073402, 0.11790196597576141, 0.0011770304990932345, 0.25132760405540466, 0.06983863562345505, 0.07314226031303406, 0.12496618926525116, 0.1592627465724945, 0.16696590185165405, 0.06824134290218353, 0.10392117500305176, 0.016563577577471733, 0.04190056025981903, 0.12321323156356812, 0.2472294718027115, 0.3237572908401489, 0.17740939557552338, 0.17810089886188507, 0.37483102083206177, 0.0011861490784212947, 0.07634920626878738, 0.12943130731582642, 0.014572651125490665, 0.001107226125895977, 0.2168865203857422, 0.1136440560221672, 0.13403481245040894, 0.03187740966677666, 0.21743172407150269, 0.11801314353942871, 0.0012099668383598328, 0.16404296457767487, 0.06696232408285141, 0.03662746399641037, 0.10977127403020859, 0.0010165448766201735, 0.11320159584283829, 0.24713687598705292]
val step Loss: [0.5257815718650818, 0.6643441915512085, 0.7160015106201172, 0.38101691007614136, 0.29108184576034546, 0.11135455965995789, 0.3426300585269928, 0.23466528952121735, 0.621137261390686, 0.2294292449951172, 0.4634532332420349, 0.5014496445655823, 0.07298517972230911, 0.14009186625480652, 0.2614985704421997, 0.2556290626525879]
Train step Accs: [0.9795530194959582, 0.9788031723143475, 0.9758333333333333, 0.9746068574374839, 0.968981793661497, 0.9503113820060951, 1.0, 0.9920228777844672, 0.9626970901166517, 0.99289670117987, 0.9719613807697395, 0.9762141967621419, 0.9720782959124928, 0.9331404203472434, 0.9493219129193433, 0.9417789001122334, 0.9731853330007483, 0.9877424568965517, 0.93855528754602, 0.9685550935550935, 0.9615329819062545, 0.9467675181960896, 1.0, 0.9813986013986014, 0.9737882559671988, 0.9941741458038105, 0.9664980172295912, 1.0, 0.9345466155810983, 0.9825757575757575, 0.9810862619808307, 0.9645407843628618, 0.9561674627704412, 0.9554738043891919, 0.9793359966937595, 0.9712715463402448, 0.9964066477017518, 0.9873772791023843, 0.9638785705136416, 0.933462142253351, 0.9091137965760322, 0.9488674894886749, 0.9513432017543859, 0.8955477216346781, 1.0, 0.9790104947526237, 0.9641843492363833, 0.9963220269718022, 1.0, 0.9394068397899815, 0.9683597002497918, 0.9669586983729662, 0.9908268569244489, 0.9393346379647749, 0.9642410993129295, 1.0, 0.9524456521739131, 0.9833131067961165, 0.9901906604034264, 0.9672959319329966, 1.0, 0.9705627705627705, 0.9297404063205418]
val step Accs: [0.8694822541661367, 0.8434144352317521, 0.8194084068500259, 0.9048046124279309, 0.9340296139608673, 0.9725066629260766, 0.9115126966817261, 0.9403698578437539, 0.852637089386206, 0.9396754957703508, 0.8866572854036076, 0.8764705882352941, 0.979931682322801, 0.9640393365624541, 0.9350991540701705, 0.9344676937226949]
Preds: [17, 17, 212, 465, 384, 445, 180, 443, 330, 240, 17, 67, 76, 465, 192, 445, 351, 432, 330, 330, 330, 330, 35, 35, 465, 183, 451, 451, 451, 360, 360, 360, 213, 422, 186, 31, 162, 54, 232, 232, 232, 172, 115, 273, 273, 273, 151, 486, 120, 85, 146, 146, 219, 219, 219, 219, 477, 477, 464, 69, 223, 43, 43, 43, 364, 364, 276, 276, 345, 109, 109, 109, 324, 324, 464, 301, 422, 422, 349, 349, 205, 261, 25, 437, 106, 284, 284, 85, 85, 85, 299, 203, 399, 250, 276, 65, 65, 174, 372, 372, 372, 468, 468, 467, 467, 467, 486, 376, 376, 376, 376, 460, 263, 263, 263, 263, 414, 170, 170, 170, 170, 170, 28, 28, 2, 2, 2, 2, 2, 249, 163, 163, 73, 73, 73, 321, 321, 412, 83, 83, 55, 253, 253, 169, 150, 150, 9, 142, 142, 397, 494, 494, 494, 186, 99, 99, 338, 338, 338, 338, 400, 400, 444, 444, 171, 324, 246, 246, 246, 246, 318, 99, 99, 338, 338, 338, 338, 400, 400, 400, 30, 301, 301, 378, 378, 88, 88, 497, 497, 122, 129, 259, 192, 192, 420, 420, 420, 301, 252, 143, 458, 192, 183, 485, 485, 485, 286, 286, 301, 301, 173, 173, 465, 280, 381, 41, 429, 429, 213, 19, 19, 19, 454, 454, 454, 414, 80, 321, 321, 7, 7, 309, 309, 479, 398, 398, 360, 360, 360, 434, 360, 286, 286, 464, 264, 468, 468, 468, 132, 42, 43, 43, 88, 88, 346, 174, 426, 125, 125, 348, 348, 94, 398, 398, 464, 464, 222, 245, 245, 43, 43, 43, 276, 276, 174, 174, 387, 293, 293, 175, 175, 241, 199, 331, 331, 443, 376, 376, 376, 282, 282, 263, 263, 13, 78, 78, 170, 170, 20, 2, 392, 392, 392, 244, 392, 392, 244, 244, 73, 73, 244, 73, 321, 320, 320, 7, 147, 147, 380, 380, 374, 132, 132, 43, 182, 182, 182, 497, 497, 122, 122, 122, 129, 259, 164, 411, 287, 287, 106, 284, 284, 405, 405, 206, 206, 167, 167, 35, 35, 77, 77, 66, 172, 172, 115, 115, 267, 267, 286, 464, 464, 468, 139, 139, 293, 318, 186, 368, 49, 323, 9, 107, 395, 395, 286, 464, 464, 264, 120, 120, 120, 120, 240, 240, 457, 457, 345, 100, 497, 497, 122, 122, 212, 465, 161, 161, 487, 487, 374, 374, 132, 132, 132, 98, 98, 13, 17, 83, 443, 403, 403, 403, 403, 403, 403, 403, 403, 403, 403, 403, 403, 403, 403, 403, 403, 403, 443, 443, 443, 443, 443, 443, 443, 443, 443, 443, 443, 443, 443, 443, 443, 443, 443, 443, 443, 443, 443, 443, 443, 443, 443, 443, 443, 443, 443, 443, 443, 443, 443, 443, 443, 443, 443, 443, 443, 443, 443, 443, 443, 443, 443, 443, 443, 443, 443, 443, 443, 443, 443, 443, 443, 443, 443, 443, 443, 443, 443, 443, 443, 443, 443, 443, 443, 443, 443, 443, 443, 443, 443, 443, 443, 443, 443, 443, 443, 443, 443, 443, 443, 443, 443, 443, 443, 443, 443, 443, 443, 443, 443, 443, 443, 443, 443, 443, 443, 443, 443, 443, 443, 443, 443, 443, 443, 443, 443, 443, 443, 443, 443, 443, 443, 443, 443, 443, 443, 443, 443, 443, 443, 443, 443, 443, 443, 443, 443, 443, 443, 443, 443, 443, 443, 443, 443, 443, 443, 443, 443, 443, 443, 443, 443, 443, 443, 443, 443, 443, 443, 443, 443, 443, 443, 443, 443, 443, 443, 443, 443, 443, 443, 443, 443, 443, 443, 443, 443, 443, 443, 443, 443, 443]

ep572
Train step Loss: [0.12606383860111237, 0.19356079399585724, 0.01303164940327406, 0.17966720461845398, 0.23535463213920593, 0.21604284644126892, 0.3123483955860138, 0.14030855894088745, 0.08327113091945648, 0.0014004572294652462, 0.1031837910413742, 0.021817829459905624, 0.06963817775249481, 0.11670486629009247, 0.028846612200140953, 0.2099802941083908, 0.08531052619218826, 0.16296863555908203, 0.1323944479227066, 0.049428775906562805, 0.0009790777694433928, 0.056133951991796494, 0.015866661444306374, 0.15715420246124268, 0.0414561964571476, 0.17706537246704102, 0.12919491529464722, 0.10750555992126465, 0.022578680887818336, 0.2488468736410141, 0.08198506385087967, 0.16945300996303558, 0.005773586221039295, 0.06807950884103775, 0.3091985881328583, 0.0877302810549736, 0.0618789978325367, 0.19947341084480286, 0.08927752077579498, 0.0009941576281562448, 0.12644173204898834, 0.3311907947063446, 0.1439666450023651, 0.14545917510986328, 0.020064078271389008, 0.1156497448682785, 0.18292900919914246, 0.01754024624824524, 0.04310331866145134, 0.0011379860807210207, 0.05160320922732353, 0.011514256708323956, 0.26634809374809265, 0.13417977094650269, 0.02811659686267376, 0.030715540051460266, 0.15516726672649384, 0.06384870409965515, 0.09534381330013275, 0.06999622285366058, 0.017921235412359238, 0.03605508804321289, 0.1262768805027008]
val step Loss: [0.43817660212516785, 0.4081366956233978, 0.41677558422088623, 0.16725608706474304, 0.3417260944843292, 0.14987100660800934, 0.24716617166996002, 0.6244736313819885, 0.3056119382381439, 0.9279128909111023, 0.1764509081840515, 0.4399107098579407, 0.1412835270166397, 0.4312281906604767, 0.4007156193256378, 0.3531470000743866]
Train step Accs: [0.9644218551461246, 0.9481040686410186, 0.9964051072269741, 0.9511309690030718, 0.9368492224475997, 0.9391193214825142, 0.910564152552699, 0.9610226320201174, 0.9776193870277976, 1.0, 0.9694123619748699, 0.9936844934157485, 0.9811163565676201, 0.9658864090001814, 0.9916254805052169, 0.9385372714486638, 0.9763328667769436, 0.9540372670807453, 0.9603960396039604, 0.9862050311063024, 1.0, 0.9841799709724238, 0.9955577492596249, 0.9593246354566385, 0.9900123304562268, 0.9534740219671727, 0.9614003590664273, 0.9715457256461233, 0.9924922714559105, 0.9333514689880305, 0.9768247202983484, 0.9512639766650461, 0.9985813590580224, 0.9810972143263218, 0.9112417751644967, 0.9740494032750485, 0.9832451499118166, 0.9436870938973118, 0.9750067186240258, 1.0, 0.9651464109873024, 0.9077941925624045, 0.9568218534292847, 0.9611539560125678, 0.9945485043332402, 0.9689631176061239, 0.9487538504620554, 0.9951439472771418, 0.9881358071437587, 1.0, 0.9855533790401567, 0.9969711461820501, 0.9236092265943012, 0.9609892911779704, 0.9932912920971421, 0.9910409556313993, 0.9565714285714285, 0.9833080424886191, 0.9742037378257437, 0.9819985825655564, 0.995861030979556, 0.989782551742206, 0.9672535211267606]
val step Accs: [0.8969012452939473, 0.8995880535530381, 0.8866158577349913, 0.9629775502166207, 0.9151066042641706, 0.9607710058368399, 0.9369793066380006, 0.8452674897119341, 0.9202611032893895, 0.7787716955941255, 0.957197819814043, 0.8943052391799544, 0.9654455702779943, 0.8916591697725228, 0.9050201816347124, 0.9147432878002826]
Preds: [17, 17, 320, 7, 251, 241, 479, 331, 443, 432, 330, 330, 330, 330, 348, 64, 64, 398, 398, 398, 324, 324, 324, 301, 301, 301, 10, 309, 479, 331, 331, 106, 106, 284, 481, 481, 481, 481, 293, 426, 375, 375, 98, 98, 98, 263, 13, 13, 13, 414, 414, 414, 82, 82, 82, 187, 187, 187, 187, 12, 12, 12, 12, 260, 260, 391, 391, 140, 321, 321, 320, 320, 83, 287, 287, 486, 486, 460, 460, 460, 169, 150, 35, 342, 224, 168, 494, 494, 422, 99, 99, 99, 338, 338, 338, 338, 400, 400, 400, 30, 213, 246, 246, 246, 246, 422, 99, 99, 338, 338, 338, 338, 400, 400, 400, 286, 374, 374, 374, 378, 132, 345, 345, 345, 389, 313, 236, 35, 35, 239, 259, 259, 354, 420, 420, 420, 213, 213, 324, 246, 301, 339, 10, 217, 473, 473, 398, 290, 360, 360, 434, 434, 339, 76, 310, 310, 107, 107, 395, 395, 41, 41, 41, 19, 19, 19, 454, 454, 454, 13, 414, 414, 414, 414, 237, 237, 237, 237, 249, 47, 47, 47, 47, 163, 163, 391, 73, 244, 244, 321, 321, 412, 287, 287, 287, 486, 486, 460, 460, 460, 167, 35, 35, 35, 196, 473, 473, 398, 324, 324, 324, 434, 3, 143, 76, 458, 445, 445, 445, 445, 445, 445, 485, 485, 374, 374, 374, 132, 132, 132, 250, 81, 398, 398, 464, 464, 464, 301, 301, 143, 196, 70, 65, 65, 480, 46, 46, 46, 85, 146, 146, 438, 318, 368, 99, 99, 338, 338, 338, 338, 400, 400, 400, 485, 301, 301, 374, 378, 88, 100, 100, 497, 497, 497, 497, 497, 43, 345, 219, 420, 324, 324, 324, 301, 301, 301, 250, 250, 345, 65, 65, 174, 319, 319, 319, 348, 251, 265, 265, 265, 85, 85, 85, 264, 264, 468, 468, 468, 467, 467, 499, 486, 169, 169, 150, 150, 150, 232, 232, 232, 172, 172, 115, 267, 267, 267, 267, 267, 324, 324, 3, 3, 3, 3, 188, 188, 171, 171, 171, 171, 171, 271, 31, 31, 162, 232, 232, 172, 115, 273, 273, 273, 437, 265, 265, 265, 85, 85, 85, 85, 299, 59, 59, 59, 452, 452, 452, 452, 17, 83, 443, 443, 443, 438, 438, 438, 438, 438, 438, 438, 438, 438, 438, 403, 403, 403, 403, 403, 443, 443, 443, 443, 443, 443, 443, 443, 443, 443, 443, 443, 443, 443, 443, 443, 443, 443, 443, 443, 443, 443, 443, 443, 443, 443, 443, 443, 443, 443, 443, 443, 443, 443, 443, 443, 443, 443, 443, 443, 443, 443, 443, 443, 443, 443, 443, 443, 443, 443, 443, 443, 443, 443, 443, 443, 443, 443, 443, 443, 443, 443, 443, 443, 443, 443, 443, 443, 443, 443, 443, 443, 443, 443, 443, 443, 443, 443, 443, 443, 443, 443, 443, 443, 443, 443, 443, 443, 443, 443, 443, 443, 443, 443, 443, 443, 443, 443, 443, 443, 443, 443, 443, 443, 443, 443, 443, 443, 443, 443, 443, 443, 443, 443, 443, 443, 443, 443, 443, 443, 443, 443, 443, 443, 443, 443, 443, 443, 443, 443, 443, 443, 443, 443, 443, 443, 443, 443, 443, 443, 443, 443, 443, 443, 443, 443, 443, 443, 443, 443, 443, 443, 443, 443, 443, 443, 443, 443, 443, 443, 443, 443, 443, 443, 443, 443, 443, 443, 443, 443, 443, 443, 443, 443, 443, 443, 443, 443, 443, 443, 443, 443, 443, 443, 443, 443, 443, 443, 443, 443, 443, 443, 443, 443, 443, 443, 443, 443, 443, 443, 443, 443, 443, 443, 443, 443, 443, 443, 443, 443, 443, 443]

ep573
Train step Loss: [0.0011169861536473036, 0.013432432897388935, 0.12667326629161835, 0.1906108558177948, 0.15699972212314606, 0.06888687610626221, 0.015540797263383865, 0.06985099613666534, 0.02338465116918087, 0.13279837369918823, 0.14935319125652313, 0.15774644911289215, 0.1499907672405243, 0.07705054432153702, 0.06926879286766052, 0.05281625688076019, 0.12029676884412766, 0.29404979944229126, 0.24720194935798645, 0.20988279581069946, 0.16572311520576477, 0.05526245757937431, 0.1007922887802124, 0.038825325667858124, 0.08234942704439163, 0.15984505414962769, 0.10288830101490021, 0.2856585383415222, 0.08828271925449371, 0.2176087200641632, 0.07921711355447769, 0.07524506747722626, 0.17927344143390656, 0.006655489560216665, 0.17481230199337006, 0.15639089047908783, 0.0955263301730156, 0.08997403830289841, 0.15869656205177307, 0.001123355352319777, 0.050198279321193695, 0.09215953946113586, 0.17321833968162537, 0.07605750113725662, 0.0015253390884026885, 0.11345551908016205, 0.09995149821043015, 0.30776354670524597, 0.0014599538408219814, 0.06035763397812843, 0.01764843240380287, 0.16213366389274597, 0.02320277877151966, 0.1252237856388092, 0.046484388411045074, 0.10499022156000137, 0.08956531435251236, 0.21516337990760803, 0.08236335217952728, 0.0010988391004502773, 0.03774289786815643, 0.024120554327964783, 0.09077899158000946]
val step Loss: [0.29346752166748047, 0.09762851148843765, 0.4849793016910553, 0.23826317489147186, 0.3702031075954437, 0.14793427288532257, 0.6452628970146179, 0.19735078513622284, 0.3773605227470398, 0.3305404782295227, 0.2954239547252655, 0.10592032968997955, 0.37377071380615234, 0.4275907576084137, 0.21984869241714478, 0.43562987446784973]
Train step Accs: [1.0, 0.9964261168384879, 0.9660758792578233, 0.9453372137163103, 0.9549190234469422, 0.9810501381760758, 0.9955048409405256, 0.9808359740455711, 0.9935115494419933, 0.9607347264741115, 0.9596717467760844, 0.9573856535866033, 0.958420776495278, 0.9779163419069888, 0.9811666230708868, 0.9852429116232797, 0.9670675830469645, 0.922654268808115, 0.933920704845815, 0.9406952965235174, 0.9564645726807889, 0.983976498865002, 0.9726443768996961, 0.9902230369691415, 0.977882222836605, 0.9545054668845042, 0.9699747879899152, 0.919369427574622, 0.9737495102520569, 0.9380854800936768, 0.9781242446217066, 0.9785355250645292, 0.9493017607771707, 0.9984208448480063, 0.9518940663761314, 0.9572637517630466, 0.9739663093415007, 0.9737145787921528, 0.9512328020705626, 1.0, 0.9847643793551435, 0.9730312837108953, 0.9540983606557377, 0.9788703217787599, 1.0, 0.967341242149337, 0.972047612678882, 0.9175762664427651, 1.0, 0.9833735967031405, 0.9951750758202371, 0.9553431115767418, 0.9940017137960583, 0.9645416357795898, 0.985975525917778, 0.9699582027168234, 0.9751712328767124, 0.9397311750252927, 0.9760791861424251, 1.0, 0.9896600344665518, 0.9932642487046632, 0.9743211334120425]
val step Accs: [0.9297525648762824, 0.9763346175013758, 0.8690187116126268, 0.9408235614944096, 0.9155158407798538, 0.9614098634717192, 0.8353492001560671, 0.9454855195911414, 0.9103933315967699, 0.9208098058118717, 0.923610087007816, 0.9749363867684478, 0.9074457083764219, 0.8938992042440318, 0.9472922096727483, 0.8963855421686747]
Preds: [17, 17, 17, 66, 482, 482, 482, 482, 172, 172, 115, 273, 273, 486, 486, 460, 460, 460, 178, 35, 35, 35, 36, 192, 445, 445, 451, 30, 213, 219, 219, 219, 464, 464, 464, 278, 271, 31, 31, 342, 342, 342, 164, 164, 114, 277, 277, 277, 385, 457, 129, 129, 129, 196, 217, 473, 473, 429, 290, 171, 171, 246, 246, 3, 19, 19, 454, 454, 454, 225, 226, 414, 414, 226, 226, 287, 287, 287, 287, 284, 284, 284, 284, 284, 85, 85, 85, 85, 468, 468, 468, 468, 468, 468, 59, 59, 59, 245, 452, 263, 263, 225, 225, 225, 225, 225, 225, 226, 80, 7, 32, 32, 239, 107, 107, 395, 395, 180, 443, 443, 443, 120, 271, 271, 271, 271, 150, 39, 342, 86, 160, 160, 160, 160, 160, 160, 160, 68, 66, 66, 68, 68, 68, 115, 115, 267, 267, 267, 324, 143, 143, 458, 192, 192, 196, 196, 399, 217, 70, 70, 70, 65, 284, 284, 426, 426, 426, 169, 169, 169, 263, 263, 35, 414, 414, 209, 287, 100, 100, 375, 98, 98, 143, 129, 458, 414, 458, 144, 208, 437, 106, 426, 426, 426, 426, 426, 413, 413, 413, 303, 303, 414, 414, 414, 414, 414, 414, 414, 312, 312, 312, 187, 187, 187, 187, 82, 187, 187, 341, 341, 260, 260, 391, 391, 73, 244, 249, 73, 73, 244, 320, 320, 287, 287, 346, 481, 387, 387, 143, 143, 129, 129, 129, 259, 144, 208, 441, 100, 100, 100, 387, 387, 375, 98, 98, 98, 98, 98, 197, 197, 197, 414, 414, 414, 197, 7, 7, 4, 4, 4, 4, 4, 280, 280, 280, 213, 213, 213, 213, 246, 252, 422, 143, 129, 129, 401, 401, 401, 401, 401, 354, 354, 106, 213, 213, 213, 213, 246, 246, 454, 454, 454, 414, 414, 414, 47, 47, 47, 47, 47, 47, 80, 80, 80, 320, 7, 32, 32, 239, 420, 420, 284, 284, 284, 376, 206, 206, 206, 376, 206, 206, 460, 263, 35, 35, 226, 287, 287, 287, 188, 171, 171, 278, 251, 251, 133, 133, 364, 276, 276, 276, 276, 276, 387, 174, 426, 387, 413, 413, 76, 76, 77, 323, 9, 142, 397, 494, 494, 374, 374, 374, 374, 374, 43, 43, 345, 100, 497, 122, 122, 239, 239, 310, 107, 107, 395, 395, 395, 120, 443, 240, 31, 342, 342, 342, 224, 86, 86, 86, 6, 272, 267, 213, 324, 246, 3, 3, 14, 14, 226, 188, 188, 171, 464, 443, 178, 416, 143, 458, 96, 54, 115, 224, 86, 97, 226, 226, 287, 287, 460, 460, 306, 468, 406, 406, 467, 467, 337, 215, 401, 401, 401, 354, 354, 437, 351, 441, 387, 387, 186, 162, 68, 342, 224, 494, 494, 494, 236, 129, 36, 310, 478, 115, 115, 115, 273, 273, 267, 267, 41, 477, 185, 173, 280, 352, 352, 352, 352, 352, 439, 439, 170, 170, 170, 392, 392, 392, 187, 187, 12, 12, 12, 12, 12, 12, 1, 63, 40, 40, 244, 63, 140, 73, 73, 244, 244, 495, 217, 345, 70, 70, 331, 398, 374, 116, 116, 94, 199, 398, 479, 331, 331, 428, 153, 153, 182, 182, 182, 182, 182, 182, 182, 182, 182, 375, 98, 98, 13, 197, 414, 170, 47, 47, 47, 47, 47, 47, 47, 47, 80, 80, 73, 209, 287, 83, 171, 171, 177, 171, 171, 143, 8, 239, 32, 239, 239, 354, 354, 354, 264, 420, 324, 213, 324, 3, 3, 3, 8, 43, 217, 217, 217, 473, 65, 65, 284, 46, 46, 438, 388, 94, 199, 199, 331, 324, 324, 236, 132, 132, 236]

