ep174
Train step Loss: [2.0913710594177246, 1.4521572589874268, 1.5269806385040283, 1.9706337451934814, 2.054908275604248, 2.214362382888794, 2.235304594039917, 2.4426417350769043, 2.017695426940918, 1.7766190767288208, 2.0781290531158447, 1.575190782546997, 2.3068413734436035, 1.814623475074768, 2.149216651916504, 2.084239959716797, 1.6438828706741333, 1.542136788368225, 1.916995644569397, 1.471901535987854, 1.6825149059295654, 1.640493392944336, 2.130178689956665, 1.742516279220581, 2.3887758255004883, 2.272129535675049, 1.603414535522461, 2.1498076915740967, 2.0838232040405273, 1.7130861282348633, 1.437799096107483, 1.8118194341659546, 1.4376269578933716, 1.8742040395736694, 1.9506187438964844, 2.5562498569488525, 2.0303831100463867, 1.7586798667907715, 1.835371732711792, 1.9299196004867554, 1.4378479719161987, 2.197941780090332, 2.2886760234832764, 1.997913122177124, 2.205251455307007, 1.8991855382919312, 1.9363347291946411, 1.9545023441314697, 1.889774203300476, 2.205516815185547, 1.6452128887176514, 2.144618272781372, 2.2319650650024414, 1.3443523645401, 2.2036025524139404, 2.4354066848754883, 2.3116438388824463, 1.8864871263504028, 1.8769739866256714, 1.9058624505996704, 1.7956397533416748, 1.5147448778152466, 1.358247995376587]
val step Loss: [1.2826426029205322, 1.4778043031692505, 1.2084931135177612, 1.490845799446106, 1.157442331314087, 1.3390802145004272, 1.1785974502563477, 1.2617712020874023, 1.6242892742156982, 1.284919023513794, 1.573469877243042, 0.9901582598686218, 1.5739734172821045, 1.284459114074707, 1.2861857414245605, 1.3532164096832275]
Train step Accs: [0.5446699696340099, 0.7054455445544554, 0.6860114561350618, 0.5810355392156863, 0.5601035431160006, 0.5252882398155265, 0.5203867848509267, 0.48797003313643567, 0.5583787996882307, 0.6207378912397272, 0.5522295941984262, 0.6695355926125157, 0.5011494252873563, 0.6027137437992414, 0.5341137123745819, 0.5624339423222104, 0.6524171567924257, 0.6701356039104384, 0.5824681103530109, 0.6998109640831758, 0.6449379867320449, 0.6739208633093525, 0.5409035409035409, 0.6278656764610914, 0.5084915084915085, 0.4991654897932982, 0.6780401034928849, 0.517025217267417, 0.5715192887759962, 0.6368901368901368, 0.7037302725968436, 0.6101031661330487, 0.7052220595412396, 0.5858365758754864, 0.5673618007282357, 0.46047644829453166, 0.5483220509866052, 0.6114532019704434, 0.6121098806270675, 0.5941011235955056, 0.707463144963145, 0.5062845651080945, 0.4685383980181668, 0.5526683431126013, 0.5088098918083462, 0.626643154857326, 0.5728091728091728, 0.5602310231023102, 0.5996037189452827, 0.5030931023816888, 0.6486179477470655, 0.5212835625409299, 0.5147420147420148, 0.7320625401584921, 0.5044708177532109, 0.4647453326083016, 0.5234769687964339, 0.5844847438111687, 0.5853996878793133, 0.5816032732232156, 0.6114585434738753, 0.6838624338624338, 0.7200652528548124]
val step Accs: [0.7539931919350615, 0.6958056196552193, 0.7767488424477538, 0.7015198423867155, 0.7818133262117772, 0.7282377919320594, 0.7712723392904774, 0.7506293891612561, 0.659206245933637, 0.7464754198847615, 0.6677649643053267, 0.8305040136860113, 0.6767148981779206, 0.748604151753758, 0.7553851174934726, 0.724002766889555]
Preds: [17, 188, 324, 324, 422, 143, 143, 14, 14, 411, 287, 145, 145, 111, 111, 85, 85, 146, 146, 438, 438, 14, 14, 14, 14, 287, 145, 145, 145, 486, 376, 428, 85, 85, 85, 207, 207, 207, 19, 19, 454, 454, 454, 454, 414, 170, 170, 170, 170, 187, 187, 187, 187, 187, 1, 1, 1, 1, 1, 408, 408, 391, 391, 391, 321, 73, 73, 321, 321, 287, 287, 287, 287, 284, 284, 284, 284, 284, 426, 284, 450, 450, 450, 450, 450, 293, 293, 98, 169, 349, 349, 349, 234, 234, 234, 234, 261, 25, 25, 106, 346, 426, 426, 480, 85, 85, 85, 299, 330, 330, 388, 388, 116, 309, 398, 398, 398, 398, 464, 464, 464, 330, 330, 139, 139, 315, 319, 319, 450, 450, 450, 450, 413, 413, 43, 43, 43, 276, 276, 174, 174, 174, 284, 284, 284, 355, 355, 355, 355, 426, 426, 450, 450, 293, 293, 43, 43, 43, 276, 276, 346, 346, 346, 428, 428, 85, 146, 285, 285, 285, 285, 285, 285, 337, 337, 324, 324, 422, 422, 31, 162, 232, 232, 172, 172, 115, 115, 267, 267, 267, 267, 213, 3, 3, 3, 14, 188, 188, 464, 120, 120, 120, 271, 271, 271, 31, 162, 232, 232, 232, 232, 172, 172, 115, 115, 273, 273, 273, 273, 84, 84, 84, 84, 355, 355, 355, 452, 452, 452, 263, 48, 48, 414, 414, 170, 170, 170, 170, 170, 244, 28, 2, 2, 2, 2, 2, 63, 63, 2, 63, 63, 63, 63, 63, 63, 63, 63, 63, 63, 244, 63, 244, 73, 320, 249, 441, 441, 441, 441, 441, 153, 153, 424, 497, 497, 497, 122, 122, 216, 114, 114, 371, 114, 180, 443, 443, 486, 486, 460, 240, 240, 240, 285, 285, 34, 285, 84, 134, 134, 134, 88, 42, 42, 42, 147, 147, 380, 380, 288, 288, 288, 213, 213, 213, 246, 246, 246, 246, 246, 246, 246, 246, 19, 19, 454, 454, 414, 414, 414, 414, 170, 47, 47, 47, 47, 28, 28, 28, 28, 2, 2, 244, 2, 63, 244, 63, 63, 63, 63, 63, 63, 63, 63, 63, 63, 63, 73, 63, 63, 63, 73, 73, 63, 63, 73, 63, 73, 73, 244, 73, 321, 7, 7, 7, 7, 7, 7, 398, 398, 374, 374, 374, 374, 374, 378, 43, 378, 43, 276, 276, 276, 276, 346, 346, 346, 284, 284, 284, 206, 206, 206, 206, 206, 206, 206, 206, 206, 98, 167, 197, 197, 226, 321, 75, 287, 287, 284, 284, 284, 284, 284, 284, 284, 284, 284, 426, 450, 426, 426, 426, 426, 426, 450, 450, 282, 413, 388, 94, 94, 94, 199, 467, 337, 337, 337, 207, 207, 207, 464, 464, 464, 468, 467, 467, 467, 467, 313, 64, 98, 76, 76, 465, 155, 155, 155, 155, 155, 441, 441, 148, 148, 153, 153, 182, 182, 182, 182, 182, 182, 182, 132, 88, 88, 88, 182, 497, 497, 497, 43, 399, 70, 70, 70, 65, 65, 46, 46, 315, 315, 146, 146, 146, 464, 464, 464, 324, 324, 464, 464, 286, 468, 406, 406, 406, 359, 324, 464, 464, 464, 355, 355, 355, 355, 263, 263, 17, 188, 171, 171, 171, 171, 171, 171, 171, 171, 171, 171, 171, 171, 171, 171, 171, 171, 171, 171, 171, 171, 171, 171, 171, 171, 171, 171, 171, 171, 171, 171, 171, 171, 171, 171, 171, 171, 171, 171, 171, 171, 171, 171, 171, 171, 171, 171, 171, 171, 171, 171, 171, 171, 171, 171, 171, 171, 171, 171, 171, 171, 171, 171, 171, 171, 171, 171, 171, 171, 171, 171, 171, 171, 171]

ep175
Train step Loss: [1.8422967195510864, 1.7306907176971436, 2.068021297454834, 1.8311100006103516, 2.1122453212738037, 2.175794839859009, 2.3533740043640137, 1.5706660747528076, 1.9693679809570312, 1.4789835214614868, 1.881989598274231, 2.1700587272644043, 1.9830965995788574, 2.041851758956909, 1.7301729917526245, 1.9659099578857422, 1.057845950126648, 2.0629260540008545, 2.0657389163970947, 1.7465975284576416, 1.749812126159668, 2.285400152206421, 2.041308879852295, 2.0303220748901367, 1.9894332885742188, 1.8572999238967896, 1.8894258737564087, 1.8512489795684814, 1.5143924951553345, 2.088599443435669, 1.9750369787216187, 1.8286430835723877, 1.909286379814148, 2.337710380554199, 1.8237437009811401, 1.9179675579071045, 1.1964783668518066, 2.369009256362915, 2.2910280227661133, 1.974095106124878, 1.4555039405822754, 1.5943381786346436, 1.9976431131362915, 1.8919097185134888, 2.201725721359253, 2.1193490028381348, 2.0330095291137695, 1.4363325834274292, 1.6513274908065796, 2.2089385986328125, 1.1279113292694092, 2.2288339138031006, 2.3522510528564453, 1.6548302173614502, 2.2785022258758545, 1.875298261642456, 2.267522096633911, 2.065659523010254, 1.6143882274627686, 2.372072696685791, 1.9004569053649902, 1.5896642208099365, 1.2916836738586426]
val step Loss: [1.5551269054412842, 1.4738209247589111, 1.470175862312317, 1.0767302513122559, 1.6824042797088623, 1.5745861530303955, 1.4767624139785767, 1.5321654081344604, 1.3165791034698486, 1.1249732971191406, 1.2601451873779297, 1.1864330768585205, 1.0723681449890137, 1.3188575506210327, 0.9205639958381653, 1.3266626596450806]
Train step Accs: [0.5906677393403057, 0.6598559705242003, 0.5482825664290344, 0.6225839267548321, 0.5540372670807453, 0.5198293569284247, 0.47191193135826454, 0.6680046830573675, 0.571776550828191, 0.6961063627730294, 0.5777550672798502, 0.534572373602142, 0.5589408199074812, 0.5627456485120719, 0.6274837511606314, 0.5646054798622548, 0.8177641653905053, 0.5496447756021486, 0.5608444265160684, 0.6189538807649044, 0.6317667131999379, 0.4950213371266003, 0.5577654284878619, 0.571501272264631, 0.5596929609668463, 0.5814285714285714, 0.6145173745173745, 0.5908305856492385, 0.6924422673198041, 0.5397570850202429, 0.5729480869979362, 0.6100815418828762, 0.5647660365664704, 0.507551867219917, 0.6291725992722671, 0.5973569755771161, 0.7662712895377128, 0.4753175751728574, 0.48761567773543824, 0.5632049216346858, 0.6967460583696746, 0.6604327099376605, 0.5793221304471661, 0.5745777777777777, 0.5087889273356402, 0.5539711744863539, 0.5319278022144699, 0.7009618687736173, 0.6582633053221288, 0.512094395280236, 0.7826480710016301, 0.506052064334273, 0.5001860811313733, 0.6460823373173971, 0.5217105263157895, 0.5892494929006086, 0.49099378881987576, 0.5458502176196909, 0.6780373831775701, 0.4773132282385195, 0.5998862774829417, 0.6741759903235561, 0.7397959183673469]
val step Accs: [0.6738479098302183, 0.6961587708066581, 0.6960856179445829, 0.8009140245644102, 0.6399156711173577, 0.6751036116044997, 0.6975534308211474, 0.6831030548865509, 0.7386666666666667, 0.7874414976599063, 0.754601226993865, 0.77829928216455, 0.7955595482546202, 0.7382773938795657, 0.8414762280010507, 0.7430779137153896]
Preds: [17, 17, 17, 309, 309, 309, 473, 398, 324, 324, 434, 301, 339, 8, 8, 259, 354, 354, 420, 213, 213, 213, 324, 19, 19, 19, 454, 454, 454, 229, 170, 170, 170, 170, 170, 392, 201, 201, 201, 201, 201, 201, 201, 28, 244, 244, 244, 28, 63, 392, 63, 63, 63, 63, 63, 63, 63, 63, 63, 63, 63, 63, 63, 63, 63, 63, 63, 63, 63, 63, 63, 63, 63, 63, 63, 63, 63, 63, 63, 392, 244, 289, 289, 289, 287, 287, 287, 284, 284, 284, 284, 111, 85, 240, 240, 240, 240, 314, 239, 77, 197, 414, 414, 47, 47, 47, 392, 392, 244, 80, 102, 321, 102, 102, 102, 102, 320, 320, 479, 331, 331, 240, 293, 499, 499, 167, 167, 143, 35, 401, 7, 196, 479, 473, 65, 290, 360, 171, 171, 252, 252, 252, 246, 3, 454, 3, 3, 197, 226, 320, 188, 188, 171, 339, 203, 399, 70, 70, 70, 138, 65, 174, 319, 319, 240, 240, 251, 251, 431, 431, 443, 486, 460, 468, 264, 468, 467, 240, 240, 240, 271, 342, 342, 35, 342, 68, 68, 224, 26, 26, 494, 444, 464, 324, 324, 324, 464, 464, 464, 464, 271, 271, 271, 143, 458, 77, 270, 68, 68, 68, 68, 261, 25, 25, 106, 499, 284, 284, 306, 306, 306, 85, 59, 59, 452, 452, 48, 414, 170, 82, 170, 392, 392, 392, 392, 392, 392, 392, 392, 392, 392, 73, 289, 320, 320, 345, 109, 109, 132, 122, 239, 32, 32, 239, 354, 75, 371, 180, 180, 319, 319, 319, 319, 240, 240, 239, 212, 212, 199, 374, 132, 132, 132, 132, 132, 251, 324, 34, 213, 324, 324, 324, 246, 246, 246, 246, 246, 246, 3, 3, 14, 14, 145, 145, 287, 284, 284, 85, 306, 85, 85, 59, 59, 59, 59, 59, 406, 42, 42, 147, 147, 147, 337, 19, 324, 324, 324, 301, 301, 8, 32, 354, 354, 354, 354, 354, 284, 284, 85, 376, 460, 17, 171, 171, 171, 171, 171, 171, 171, 171, 171, 171, 171, 171, 171, 171, 171, 171, 171, 171, 171, 171, 171, 171, 171, 171, 171, 171, 171, 171, 171, 171, 171, 171, 171, 171, 171, 171, 171, 171, 171, 171, 171, 171, 171, 171, 171, 171, 171, 171, 171, 171, 171, 171, 171, 171, 171, 171, 171, 171, 171, 171, 171, 171, 171, 171, 171, 171, 171, 171, 171, 171, 171, 171, 171, 171, 171, 171, 171, 171, 171, 171, 171, 171, 171, 171, 171, 171, 171, 171, 171, 171, 171, 171, 171, 171, 171, 171, 171, 171, 171, 171, 171, 171, 171, 171, 171, 171, 171, 171, 171, 171, 171, 171, 171, 171, 171, 171, 171, 171, 171, 171, 171, 171, 171, 171, 171, 171, 171, 171, 171, 171, 171, 171, 171, 171, 171, 171, 171, 171, 171, 171, 171, 171, 171, 171, 171, 171, 171, 171, 171, 171, 171, 171, 171, 171, 171, 171, 171, 171, 171, 171, 171, 171, 171, 171, 171, 171, 171, 171, 171, 171, 171, 171, 171, 171, 171, 171, 171, 171, 171, 171, 171, 171, 171, 171, 171, 171, 171, 171, 171, 171, 171, 171, 171, 171, 171, 171, 171, 171, 171, 171, 171, 171, 171, 171, 171, 171, 171, 171, 171, 171, 171, 171, 171, 171, 171, 171, 171, 171, 171, 171, 171, 171, 171, 171, 171, 171, 171, 171, 171, 171, 171, 171, 171, 171, 171, 171, 171, 171, 171, 171, 171, 171, 171, 171, 171, 171, 171, 171, 171, 171, 171, 171, 171, 171, 171, 171, 171, 171, 171, 171, 171, 171, 171, 171, 171, 171, 171, 171]

ep176
Train step Loss: [2.165619134902954, 1.7675493955612183, 1.692383050918579, 1.9982517957687378, 2.373831272125244, 1.7746421098709106, 1.7043521404266357, 1.7705354690551758, 1.6764593124389648, 1.9128812551498413, 1.225635051727295, 1.7523188591003418, 2.2837445735931396, 2.1203536987304688, 1.3902008533477783, 1.602464199066162, 2.136863946914673, 1.3830909729003906, 1.8033864498138428, 1.8781914710998535, 1.9146816730499268, 1.5570136308670044, 2.2453079223632812, 1.4568041563034058, 1.828999638557434, 2.4690864086151123, 2.343635082244873, 2.1109108924865723, 2.17475962638855, 2.1814725399017334, 1.8205311298370361, 1.3912955522537231, 2.1380527019500732, 2.0680630207061768, 1.9617382287979126, 2.681884527206421, 1.9766666889190674, 2.5048394203186035, 2.259110450744629, 1.9493542909622192, 1.941012978553772, 1.7813851833343506, 1.985434889793396, 2.015648126602173, 1.735793113708496, 2.026874542236328, 1.7166175842285156, 1.6529839038848877, 1.9074851274490356, 1.847992181777954, 2.120269536972046, 1.8725563287734985, 2.050086736679077, 1.5462239980697632, 1.5700587034225464, 2.132683753967285, 1.9798760414123535, 1.8661998510360718, 1.7342579364776611, 2.15773344039917, 2.080565929412842, 1.97028648853302, 2.6338038444519043]
val step Loss: [1.2221683263778687, 1.2498397827148438, 1.5789849758148193, 1.0901216268539429, 1.0829100608825684, 1.6413613557815552, 1.3940457105636597, 1.242583990097046, 1.603658676147461, 1.3974918127059937, 1.1311852931976318, 1.2018883228302002, 1.686952829360962, 1.2032984495162964, 1.1788665056228638, 1.2295539379119873]
Train step Accs: [0.524640491194054, 0.6115013886619833, 0.6347323600973236, 0.5481936113823407, 0.4958217270194986, 0.6303742653881843, 0.6402058640049907, 0.625242139770526, 0.6342342342342342, 0.6001972710833471, 0.7613397129186603, 0.6160029229082937, 0.4909471794104444, 0.5306983283861897, 0.7224770642201835, 0.6673816454726521, 0.5556986477784932, 0.7048910056786958, 0.6148659244158695, 0.5738348323793949, 0.5978727054383256, 0.6719380345328385, 0.5159111111111111, 0.7030067895247333, 0.5927083333333333, 0.45548450565666504, 0.4826926421986432, 0.5276381909547738, 0.538506760728983, 0.5083912037037037, 0.6159380939451534, 0.7154471544715447, 0.5223304231027536, 0.550910530482977, 0.5864440078585462, 0.3886074005834485, 0.5723780191278975, 0.44983250917211676, 0.522558176349533, 0.5701130179991628, 0.5739480627690599, 0.6298747763864043, 0.5503938273589455, 0.5573227302849569, 0.6280750521195274, 0.561263655152052, 0.6564554692169755, 0.6575615308009675, 0.6010508538187277, 0.6110231688012664, 0.5587373901724699, 0.5818487394957983, 0.5389145312748687, 0.6709104938271605, 0.6758104738154613, 0.5384012539184952, 0.568793235972329, 0.5857637172516065, 0.6228828828828828, 0.552439024390244, 0.5335325985428732, 0.5516035871713026, 0.43421452446065023]
val step Accs: [0.7653518277705534, 0.7558612440191388, 0.6707633483544995, 0.8006670087224218, 0.7922398131326239, 0.6532937685459941, 0.7182320441988951, 0.7552418227564999, 0.6684774173521651, 0.728795245813074, 0.7908256880733945, 0.7705390602479101, 0.6323567539538502, 0.7681892332789559, 0.773010634396773, 0.7540947321823815]
Preds: [17, 17, 296, 217, 479, 331, 360, 360, 360, 360, 143, 465, 458, 458, 458, 445, 445, 351, 351, 351, 330, 330, 330, 330, 330, 434, 434, 434, 339, 219, 219, 219, 19, 19, 19, 19, 19, 19, 454, 454, 102, 102, 102, 102, 102, 102, 170, 82, 170, 102, 392, 392, 392, 63, 63, 63, 63, 63, 63, 63, 63, 63, 73, 244, 289, 320, 321, 7, 7, 309, 479, 479, 398, 324, 422, 143, 143, 129, 401, 196, 196, 70, 65, 46, 46, 46, 46, 85, 438, 285, 251, 251, 34, 495, 495, 495, 301, 32, 10, 251, 251, 251, 251, 241, 331, 106, 106, 153, 153, 153, 182, 182, 182, 182, 182, 497, 122, 143, 129, 259, 208, 345, 100, 100, 122, 122, 236, 36, 36, 449, 224, 377, 26, 395, 236, 236, 129, 401, 75, 108, 108, 377, 273, 106, 106, 405, 405, 206, 167, 215, 215, 401, 401, 321, 7, 7, 345, 109, 109, 109, 403, 403, 403, 403, 207, 207, 207, 207, 207, 207, 19, 454, 454, 454, 170, 170, 170, 392, 392, 392, 392, 392, 392, 392, 63, 63, 63, 63, 63, 63, 63, 392, 392, 244, 320, 289, 209, 209, 287, 287, 284, 284, 284, 450, 450, 215, 175, 88, 88, 153, 153, 153, 387, 387, 387, 109, 146, 207, 207, 207, 207, 246, 246, 19, 19, 422, 99, 99, 338, 338, 338, 338, 338, 338, 400, 400, 400, 30, 286, 464, 464, 464, 464, 31, 31, 99, 99, 338, 338, 338, 338, 338, 400, 400, 400, 485, 286, 464, 313, 116, 10, 10, 10, 309, 479, 479, 331, 106, 106, 284, 284, 284, 426, 426, 375, 375, 375, 98, 413, 413, 236, 303, 243, 32, 239, 478, 310, 310, 107, 395, 395, 180, 264, 264, 264, 468, 139, 139, 139, 293, 293, 375, 375, 375, 98, 98, 233, 233, 75, 411, 208, 287, 100, 481, 375, 375, 98, 98, 98, 13, 170, 170, 170, 170, 392, 63, 63, 63, 63, 63, 63, 63, 63, 63, 63, 63, 63, 63, 63, 63, 63, 63, 63, 63, 63, 63, 63, 63, 63, 63, 63, 73, 244, 289, 289, 321, 287, 287, 287, 284, 284, 284, 111, 111, 240, 240, 251, 348, 348, 251, 251, 88, 88, 309, 479, 114, 324, 324, 324, 324, 324, 246, 246, 246, 246, 246, 246, 246, 246, 422, 186, 99, 338, 338, 338, 338, 338, 400, 400, 219, 485, 477, 374, 374, 374, 374, 132, 88, 88, 497, 497, 387, 497, 497, 122, 129, 129, 401, 401, 401, 75, 354, 420, 420, 213, 213, 324, 422, 143, 129, 82, 401, 401, 261, 25, 420, 325, 325, 34, 41, 41, 324, 324, 19, 19, 32, 32, 32, 259, 75, 445, 445, 445, 180, 443, 171, 171, 416, 143, 458, 445, 445, 188, 464, 464, 443, 443, 240, 239, 239, 129, 401, 75, 354, 420, 324, 213, 213, 246, 246, 303, 442, 303, 117, 48, 48, 170, 82, 170, 244, 392, 392, 392, 392, 392, 392, 392, 289, 289, 320, 320, 127, 420, 213, 213, 213, 246, 246, 246, 246, 19, 454, 454, 197, 197, 197, 32, 32, 32, 32, 82, 310, 107, 395, 395, 395, 264, 264, 443, 120, 120, 240, 240, 35, 178, 239, 401, 32, 32, 196, 217, 473, 473, 252, 324, 324, 324, 422, 310, 239, 107, 107, 107, 395, 395, 395, 400, 213, 19, 19, 454, 17, 17, 451, 171, 171, 171, 171, 171, 171, 171, 171, 171, 171, 171, 171, 171, 171, 171, 171, 171, 171, 171, 171, 171, 171, 171, 171, 171, 171, 171, 171, 171, 171, 171, 171, 171, 171, 171, 171]

ep177
Train step Loss: [1.9283778667449951, 2.275876760482788, 1.8775444030761719, 2.0166735649108887, 1.8530964851379395, 1.7331312894821167, 1.484718680381775, 2.079392194747925, 2.434941291809082, 2.4505414962768555, 1.866655945777893, 1.7431846857070923, 2.1639583110809326, 2.0948219299316406, 1.7122300863265991, 2.023127794265747, 2.1130189895629883, 2.241241216659546, 2.345860481262207, 2.0908830165863037, 1.6516304016113281, 1.3491986989974976, 2.074864625930786, 2.133972644805908, 1.9268512725830078, 1.6568838357925415, 1.5107195377349854, 1.6477367877960205, 2.0006914138793945, 1.9499918222427368, 1.7230894565582275, 1.565181851387024, 1.891159176826477, 1.573064923286438, 1.3904783725738525, 1.7600855827331543, 2.1402082443237305, 1.543968915939331, 2.0105206966400146, 1.6470764875411987, 1.6098227500915527, 2.0689313411712646, 1.7104675769805908, 1.7786176204681396, 1.9335033893585205, 2.314692735671997, 1.87565279006958, 1.87126886844635, 2.4112911224365234, 2.1426825523376465, 2.0699095726013184, 1.9540133476257324, 2.197702169418335, 2.083176374435425, 1.1268304586410522, 1.1937148571014404, 2.3288826942443848, 1.7831873893737793, 1.8005961179733276, 1.7666312456130981, 2.0266125202178955, 1.7566275596618652, 0.8341392278671265]
val step Loss: [1.3374134302139282, 1.281224012374878, 1.2417618036270142, 0.9063385725021362, 1.0909628868103027, 1.3261640071868896, 1.4311498403549194, 1.5434634685516357, 1.6963229179382324, 1.305748701095581, 1.3134742975234985, 1.3659439086914062, 0.998344361782074, 1.644778847694397, 1.450376033782959, 1.4546366930007935]
Train step Accs: [0.577590480912246, 0.5126092804303968, 0.5880766926303176, 0.5612801125373659, 0.600640512409928, 0.6298261665141811, 0.7042295178941141, 0.5571679158029023, 0.4772125845339606, 0.46283118849356547, 0.5890856523310445, 0.6335632183908046, 0.5189706367535467, 0.5335723598435462, 0.6353526970954357, 0.5817204301075268, 0.5522620904836193, 0.4941573982824159, 0.46545974273463553, 0.5398009950248757, 0.6417910447761194, 0.7195141441585424, 0.5407621071808106, 0.5450833061091147, 0.5698757763975155, 0.6497854077253219, 0.681950274459154, 0.6545263526527754, 0.554601226993865, 0.5684423465947404, 0.6283564473295957, 0.6809453471196455, 0.5923076923076923, 0.6719410935296882, 0.7063057875035992, 0.6335734419041653, 0.557834169371496, 0.6713469387755102, 0.574627965227641, 0.6411700581395349, 0.6468401486988847, 0.5403964684324505, 0.6212583148558758, 0.6127794461127795, 0.5734851021091396, 0.49759930161501525, 0.6110857316887468, 0.5958949096880132, 0.4805485955426612, 0.5394566623544631, 0.5628559522155855, 0.5855232826187183, 0.5031507513330101, 0.5280668327715081, 0.7773768434264199, 0.7716903179450332, 0.4831763122476447, 0.611029842012873, 0.5925200704914823, 0.6250822909809085, 0.5670235546038543, 0.6542350406099785, 0.8633422154548915]
val step Accs: [0.7326012549914432, 0.7566001287830006, 0.7643764513044666, 0.8451576576576577, 0.7974978535508401, 0.7278948809197919, 0.7055956982019829, 0.6862026862026862, 0.6473582828838745, 0.7368421052631579, 0.7510150622134905, 0.7286723163841808, 0.8220813129429317, 0.6508842779557165, 0.6998779991866613, 0.6896696823059121]
Preds: [17, 17, 30, 324, 422, 143, 164, 164, 164, 14, 287, 287, 145, 111, 111, 111, 330, 438, 438, 14, 14, 14, 14, 411, 287, 145, 145, 486, 486, 428, 85, 85, 299, 207, 207, 19, 19, 454, 454, 454, 170, 170, 170, 170, 312, 312, 187, 187, 187, 1, 1, 1, 1, 408, 408, 391, 391, 321, 320, 321, 321, 320, 287, 287, 287, 287, 284, 284, 284, 284, 284, 284, 426, 426, 426, 450, 293, 293, 293, 122, 349, 349, 349, 234, 234, 234, 261, 25, 25, 106, 346, 346, 426, 480, 480, 85, 85, 299, 388, 388, 116, 10, 398, 398, 398, 398, 464, 464, 464, 139, 315, 315, 315, 315, 426, 450, 450, 450, 450, 413, 413, 250, 250, 43, 276, 346, 346, 284, 284, 284, 284, 426, 426, 426, 426, 426, 426, 413, 413, 413, 43, 43, 276, 276, 346, 346, 499, 428, 428, 146, 240, 240, 285, 285, 406, 337, 337, 324, 324, 422, 368, 31, 162, 232, 232, 172, 115, 115, 267, 267, 267, 267, 324, 3, 3, 3, 188, 188, 464, 464, 120, 120, 271, 271, 31, 162, 232, 232, 232, 232, 172, 172, 115, 273, 273, 273, 273, 151, 84, 84, 84, 355, 355, 355, 452, 452, 452, 263, 263, 414, 414, 170, 170, 170, 170, 28, 28, 244, 2, 2, 2, 2, 2, 2, 2, 63, 63, 63, 63, 63, 63, 63, 63, 63, 244, 321, 249, 249, 249, 249, 320, 7, 7, 345, 153, 497, 497, 497, 122, 122, 216, 183, 287, 110, 110, 110, 443, 443, 486, 460, 240, 240, 35, 285, 34, 34, 84, 134, 134, 88, 88, 88, 42, 42, 42, 147, 380, 288, 288, 213, 213, 213, 246, 246, 246, 246, 246, 246, 246, 19, 19, 454, 454, 414, 414, 414, 414, 170, 170, 170, 170, 28, 40, 40, 40, 40, 2, 40, 40, 63, 63, 63, 63, 73, 63, 63, 73, 63, 244, 63, 63, 63, 63, 63, 63, 63, 63, 63, 63, 244, 73, 73, 321, 102, 102, 320, 7, 7, 7, 152, 152, 152, 152, 374, 374, 378, 378, 43, 43, 276, 276, 276, 346, 346, 346, 284, 284, 284, 284, 284, 206, 206, 206, 206, 206, 206, 206, 167, 35, 35, 259, 259, 74, 437, 437, 437, 284, 284, 284, 284, 284, 284, 426, 426, 426, 426, 426, 426, 426, 206, 282, 282, 388, 388, 348, 94, 199, 467, 337, 337, 264, 207, 207, 464, 464, 468, 468, 467, 467, 467, 467, 245, 245, 43, 349, 349, 155, 155, 155, 155, 155, 441, 148, 148, 148, 153, 153, 182, 182, 182, 182, 182, 182, 182, 182, 182, 497, 497, 497, 43, 43, 276, 70, 70, 65, 46, 46, 315, 428, 146, 146, 146, 146, 219, 219, 464, 464, 286, 374, 374, 374, 132, 337, 324, 324, 464, 464, 355, 355, 355, 355, 263, 263, 17, 171, 171, 171, 171, 171, 171, 171, 171, 171, 171, 171, 171, 171, 171, 171, 171, 171, 171, 171, 171, 171, 171, 171, 171, 171, 171, 171, 171, 171, 171, 171, 171, 171, 171, 171, 171, 171, 171, 171, 171, 171, 171, 171, 171, 171, 171, 171, 171, 171, 171, 171, 171, 171, 171, 171, 171, 171, 171, 171, 171, 171, 171, 171, 171, 171, 171, 171, 171, 171, 171, 171, 171, 171, 171, 171, 171, 171, 171, 171, 171, 171, 171, 171, 171, 171, 171, 171, 171, 171, 171, 171, 171, 171, 171, 171, 171, 171, 171, 171, 171, 171, 171, 171, 171, 171, 171, 171, 171, 171, 171, 171, 171, 171, 171, 171, 171, 171, 171, 171, 171, 171, 171, 171, 171, 171, 171]

ep178
Train step Loss: [1.4364219903945923, 1.591575026512146, 1.5218727588653564, 1.5816587209701538, 1.8004646301269531, 1.94099760055542, 1.9871973991394043, 1.8398383855819702, 2.035576105117798, 2.136463165283203, 1.836532711982727, 1.2319525480270386, 1.7396152019500732, 2.1209988594055176, 2.0090816020965576, 2.014908790588379, 2.3743715286254883, 1.863433837890625, 1.898267149925232, 2.1430516242980957, 2.1960232257843018, 2.125502586364746, 2.06190824508667, 1.7661627531051636, 1.8706722259521484, 1.7127487659454346, 2.3591182231903076, 1.7573550939559937, 2.1207101345062256, 1.7116199731826782, 2.086364507675171, 1.546595811843872, 1.6152927875518799, 1.394033432006836, 1.9558595418930054, 1.9298185110092163, 1.9417353868484497, 1.7909437417984009, 1.9765101671218872, 1.9289835691452026, 1.999598741531372, 1.983076810836792, 2.1601765155792236, 2.10672926902771, 2.2614541053771973, 1.866603136062622, 2.306915521621704, 1.7999778985977173, 1.5784649848937988, 1.9011980295181274, 1.8970412015914917, 1.7452220916748047, 2.0378830432891846, 2.1961398124694824, 1.698229193687439, 1.5838536024093628, 1.8116568326950073, 1.6999430656433105, 2.173039436340332, 2.0325560569763184, 1.3571820259094238, 1.714336633682251, 1.8446487188339233]
val step Loss: [1.5137752294540405, 1.079410195350647, 1.6752455234527588, 1.449971318244934, 1.3919230699539185, 1.100713849067688, 1.3266655206680298, 1.0009979009628296, 1.0776796340942383, 1.3186304569244385, 1.43124258518219, 1.0077359676361084, 1.1953158378601074, 1.3989174365997314, 1.3268963098526, 1.485629916191101]
Train step Accs: [0.6959311424100156, 0.6584992343032159, 0.6843357118586476, 0.6707205837640621, 0.5999650471862985, 0.5913723300293173, 0.5574063057703748, 0.5854025583145221, 0.5795031055900621, 0.5367068273092369, 0.5903653410927902, 0.7582974800245851, 0.60625, 0.5685341519570223, 0.5616797900262467, 0.5705245628642798, 0.4906017776482588, 0.594599333684026, 0.6073032026339419, 0.5224019912881145, 0.5354134165366614, 0.5129740518962076, 0.5339694028623129, 0.6133951263268052, 0.5846702317290553, 0.6461257976298997, 0.4867270704180575, 0.6207908557306148, 0.5314386688263879, 0.6374288583863408, 0.5397412199630314, 0.6683280471227911, 0.6662018476555691, 0.7086869310291621, 0.5754450174679754, 0.5649002064693737, 0.5787427090084252, 0.6164359558437007, 0.5644599303135889, 0.5730912476722533, 0.5880498186977771, 0.5909779498400942, 0.510426249616682, 0.5510388437217706, 0.5129206730769231, 0.6059151440074326, 0.5151208218781652, 0.6006876227897839, 0.6704035874439462, 0.5853807106598985, 0.5767265534860722, 0.6269827733242367, 0.5500895911386219, 0.5285989155151303, 0.6447180074434583, 0.6542927228127555, 0.6105114969497888, 0.6483346243222309, 0.5115099492781896, 0.5522644754442958, 0.7096165020337013, 0.6271855611957134, 0.6089052750992626]
val step Accs: [0.7045882182660298, 0.8002599090318389, 0.6433466590519703, 0.7081930415263749, 0.7133521271143004, 0.7929421200374281, 0.7382798080472499, 0.8298236377994209, 0.7979297273655052, 0.7406124428432866, 0.7063601321585903, 0.8204618443187032, 0.7589854875898548, 0.7123252533025523, 0.7310945587678324, 0.689257969461559]
Preds: [17, 17, 287, 287, 284, 284, 319, 450, 450, 450, 169, 169, 76, 76, 349, 234, 234, 234, 234, 234, 234, 261, 25, 106, 25, 106, 284, 428, 428, 330, 388, 388, 10, 10, 10, 309, 479, 398, 398, 324, 324, 422, 186, 162, 162, 232, 232, 172, 172, 115, 273, 267, 267, 267, 324, 324, 3, 3, 14, 14, 411, 188, 188, 171, 443, 443, 271, 178, 143, 77, 54, 232, 232, 86, 336, 6, 336, 336, 336, 145, 145, 145, 486, 486, 460, 468, 406, 406, 406, 42, 132, 32, 32, 32, 32, 239, 82, 310, 107, 107, 107, 395, 395, 286, 286, 264, 264, 264, 120, 120, 120, 120, 120, 207, 178, 178, 143, 233, 233, 170, 170, 170, 312, 312, 170, 170, 28, 170, 170, 187, 187, 187, 244, 2, 2, 2, 2, 244, 392, 73, 73, 392, 244, 73, 73, 73, 244, 287, 287, 100, 293, 293, 43, 43, 8, 129, 144, 208, 27, 346, 106, 174, 426, 319, 348, 348, 348, 199, 199, 250, 250, 98, 197, 129, 401, 7, 7, 217, 473, 109, 109, 313, 313, 406, 285, 337, 337, 337, 324, 339, 116, 94, 94, 199, 398, 116, 94, 116, 94, 94, 479, 331, 331, 138, 138, 138, 138, 138, 182, 497, 497, 43, 8, 32, 239, 208, 208, 27, 441, 346, 426, 426, 319, 348, 348, 94, 250, 250, 303, 375, 98, 98, 98, 13, 414, 414, 170, 170, 170, 170, 170, 28, 2, 2, 244, 2, 2, 2, 2, 2, 244, 244, 73, 73, 73, 73, 244, 320, 7, 70, 473, 106, 284, 206, 206, 206, 240, 240, 35, 35, 82, 77, 224, 323, 323, 142, 196, 106, 153, 153, 387, 387, 387, 169, 349, 349, 155, 234, 234, 234, 25, 25, 25, 100, 100, 100, 497, 497, 497, 98, 98, 98, 197, 226, 226, 226, 226, 226, 442, 209, 287, 287, 284, 284, 284, 450, 480, 480, 480, 480, 480, 85, 85, 85, 282, 282, 282, 388, 388, 388, 388, 195, 195, 195, 250, 250, 250, 250, 250, 109, 109, 278, 403, 403, 403, 207, 207, 207, 252, 416, 32, 354, 239, 75, 34, 180, 106, 153, 153, 387, 349, 349, 155, 155, 234, 25, 25, 25, 148, 148, 148, 148, 153, 182, 182, 182, 182, 406, 132, 42, 42, 42, 134, 132, 132, 98, 98, 98, 98, 170, 170, 170, 170, 170, 170, 170, 170, 187, 187, 187, 187, 187, 391, 73, 392, 392, 73, 73, 73, 244, 310, 310, 323, 323, 323, 323, 273, 106, 106, 153, 153, 153, 182, 182, 182, 182, 182, 182, 182, 182, 182, 182, 182, 345, 122, 122, 239, 129, 129, 82, 75, 107, 107, 323, 323, 273, 106, 106, 106, 100, 375, 98, 98, 98, 98, 17, 188, 171, 171, 171, 171, 171, 171, 171, 171, 171, 171, 171, 171, 171, 171, 171, 171, 171, 171, 171, 171, 171, 171, 171, 171, 171, 171, 171, 171, 171, 171, 171, 171, 171, 171, 171, 171, 171, 171, 171, 171, 171, 171, 171, 171, 171, 171, 171, 171, 171, 171, 171, 171, 171, 171, 171, 171, 171, 171, 171, 171, 171, 171, 171, 171, 171, 171, 171, 171, 171, 171, 171, 171, 171, 171, 171, 171, 171, 171, 171, 171, 171, 171, 171, 171, 171, 171, 171, 171, 171, 171, 171, 171, 171, 171, 171, 171, 171, 171, 171, 171, 171, 171, 171, 171, 171, 171, 171, 171, 171, 171, 171, 171, 171, 171, 171, 171, 171, 171, 171, 171, 171, 171, 171, 171, 171, 171, 171, 171, 171, 171, 171, 171, 171, 171, 171, 171, 171, 171, 171, 171, 171, 171, 171]

ep179
Train step Loss: [1.7388252019882202, 1.5730646848678589, 1.3915926218032837, 1.7856557369232178, 1.4178566932678223, 1.4815973043441772, 1.5864366292953491, 1.92561936378479, 2.100074291229248, 2.054147720336914, 2.0796515941619873, 1.942211627960205, 1.811644196510315, 1.9255270957946777, 2.104672431945801, 1.4432264566421509, 2.1301658153533936, 1.815091609954834, 1.7312957048416138, 1.6900417804718018, 1.8457359075546265, 2.3953683376312256, 1.7498987913131714, 1.8265737295150757, 1.6276062726974487, 1.6753515005111694, 1.8959763050079346, 1.3643453121185303, 1.9528849124908447, 1.8003369569778442, 1.8180932998657227, 2.0744576454162598, 1.5289736986160278, 2.033846139907837, 1.9805928468704224, 1.9351651668548584, 2.1006827354431152, 2.2741804122924805, 1.5582808256149292, 1.64202880859375, 2.4110076427459717, 1.9831534624099731, 1.9455434083938599, 2.388631820678711, 1.6045855283737183, 1.3839302062988281, 1.8442647457122803, 1.7509214878082275, 2.2060420513153076, 1.488573670387268, 2.2030134201049805, 2.0461127758026123, 2.1629438400268555, 2.5346086025238037, 2.306061267852783, 1.9188324213027954, 1.8981001377105713, 1.9376736879348755, 1.8226544857025146, 1.9145275354385376, 1.9683390855789185, 2.040999174118042, 1.6570557355880737]
val step Loss: [1.2853366136550903, 1.5266715288162231, 1.4410802125930786, 1.107162594795227, 1.5756629705429077, 1.1895197629928589, 1.286002278327942, 1.1841498613357544, 1.288751482963562, 0.9825233817100525, 1.2999439239501953, 1.7035003900527954, 1.7162331342697144, 1.157379388809204, 1.1794260740280151, 1.0829373598098755]
Train step Accs: [0.6465116279069767, 0.6782966541420647, 0.7154648808596792, 0.6024803083626613, 0.7064986334649256, 0.6832694763729247, 0.6462053571428571, 0.5804651162790697, 0.564322212203186, 0.5713874496257916, 0.5360301342941369, 0.5700754535238401, 0.5989839119390347, 0.5981604820805582, 0.5180808656036446, 0.6965495001612383, 0.5268545994065282, 0.6113321661626612, 0.6297074511071602, 0.6405499420241842, 0.5909629629629629, 0.46100818612666955, 0.6082356305404633, 0.6041509433962264, 0.6490939044481054, 0.6350197109067017, 0.6173127821890082, 0.7222222222222222, 0.5762845849802372, 0.6181974248927039, 0.6078782452999105, 0.529326458266194, 0.6876595744680851, 0.5625103220478943, 0.5728486225504118, 0.5838442673206622, 0.559286463798531, 0.4805279452501222, 0.67281245277316, 0.6717146222446576, 0.45852687458526875, 0.5796145164090988, 0.5718404613166747, 0.47309225512528474, 0.6606946408926607, 0.7182280319535221, 0.6020908199934661, 0.6180227471566054, 0.50048828125, 0.6902148709228629, 0.5152623211446741, 0.5511919315403423, 0.5324400564174894, 0.4747679324894515, 0.48835725677830943, 0.5733333333333334, 0.5803317138549171, 0.6076599719757123, 0.5968271334792122, 0.5643139275287652, 0.5856181251026104, 0.5438344351825237, 0.6551859099804306]
val step Accs: [0.751851353170863, 0.6818249589980617, 0.7134111617312073, 0.7873859579531932, 0.6649948559670782, 0.7669802809640418, 0.7444429475953118, 0.7707504810776139, 0.7419916901219675, 0.8240740740740741, 0.7373556899395272, 0.6357399033213784, 0.6450086058519794, 0.7851462288353002, 0.7743791216500632, 0.7930523194238509]
Preds: [17, 17, 17, 251, 251, 241, 331, 443, 443, 330, 330, 330, 330, 360, 339, 434, 434, 324, 324, 324, 324, 324, 301, 301, 303, 303, 303, 309, 479, 479, 331, 331, 106, 284, 284, 284, 284, 426, 426, 426, 375, 98, 98, 98, 263, 13, 13, 82, 82, 170, 170, 392, 392, 392, 63, 63, 63, 63, 63, 63, 63, 63, 63, 63, 63, 63, 63, 63, 73, 244, 289, 289, 20, 320, 241, 431, 486, 486, 460, 460, 169, 150, 35, 77, 164, 224, 494, 494, 422, 186, 99, 99, 338, 338, 338, 338, 400, 400, 400, 444, 213, 324, 246, 246, 246, 246, 422, 99, 99, 338, 338, 338, 400, 400, 400, 485, 374, 374, 374, 132, 132, 345, 132, 132, 497, 122, 122, 129, 401, 401, 401, 82, 259, 354, 74, 420, 420, 324, 324, 301, 301, 239, 196, 309, 217, 473, 398, 398, 324, 324, 252, 252, 143, 36, 36, 310, 107, 107, 107, 395, 41, 41, 19, 19, 454, 454, 454, 417, 417, 237, 237, 237, 237, 237, 237, 170, 20, 170, 392, 392, 392, 392, 392, 392, 392, 392, 392, 392, 392, 73, 73, 289, 321, 209, 287, 287, 145, 486, 460, 460, 167, 215, 35, 401, 320, 196, 473, 473, 278, 324, 324, 324, 143, 143, 129, 401, 401, 82, 445, 445, 445, 445, 485, 485, 374, 374, 132, 132, 132, 122, 196, 10, 212, 473, 398, 324, 301, 301, 129, 129, 259, 196, 196, 70, 65, 46, 46, 46, 85, 146, 146, 146, 324, 324, 422, 99, 99, 338, 338, 338, 400, 400, 400, 485, 374, 374, 374, 132, 88, 182, 182, 182, 182, 497, 497, 43, 122, 122, 197, 259, 188, 188, 324, 301, 301, 8, 217, 70, 70, 276, 138, 174, 174, 319, 348, 94, 251, 251, 241, 431, 486, 486, 486, 85, 264, 468, 468, 468, 467, 467, 499, 486, 460, 167, 167, 169, 150, 342, 68, 68, 68, 68, 68, 336, 115, 267, 444, 444, 213, 213, 246, 246, 3, 14, 188, 188, 188, 171, 171, 171, 252, 385, 233, 36, 270, 433, 68, 68, 68, 68, 336, 321, 209, 287, 287, 284, 284, 284, 306, 306, 59, 59, 59, 452, 452, 452, 263, 17, 17, 188, 403, 403, 403, 403, 403, 403, 403, 403, 403, 403, 403, 403, 403, 403, 403, 403, 403, 403, 403, 403, 403, 403, 403, 403, 403, 403, 403, 403, 403, 403, 403, 403, 403, 403, 403, 403, 403, 403, 403, 403, 403, 403, 403, 403, 403, 403, 403, 403, 403, 403, 403, 403, 403, 403, 403, 403, 403, 403, 403, 403, 403, 403, 403, 403, 403, 403, 403, 403, 403, 403, 403, 403, 403, 403, 403, 403, 403, 403, 403, 403, 403, 403, 403, 403, 403, 403, 403, 403, 403, 403, 403, 403, 403, 403, 403, 403, 403, 403, 403, 403, 403, 403, 403, 403, 403, 403, 403, 403, 403, 403, 403, 403, 403, 403, 403, 403, 403, 403, 403, 403, 403, 403, 403, 403, 403, 403, 403, 403, 403, 403, 403, 403, 403, 403, 403, 403, 403, 403, 403, 403, 403, 403, 403, 403, 403, 403, 403, 403, 403, 403, 403, 403, 403, 403, 403, 403, 403, 403, 403, 403, 403, 403, 403, 403, 403, 403, 403, 403, 403, 403, 403, 403, 403, 403, 403, 403, 403, 403, 403, 403, 403, 403, 403, 403, 403, 403, 403, 403, 403, 403, 403, 403, 403, 403, 403, 403, 403, 403, 403, 403, 403, 403, 403, 403, 403, 403, 403, 403, 403, 403, 403, 403, 403, 403, 403, 403, 403, 403, 403, 403, 403, 403, 403, 403, 403, 403, 403, 403, 403, 403]

ep180
Train step Loss: [2.330756187438965, 1.6826388835906982, 1.5928789377212524, 1.5725303888320923, 1.2714951038360596, 1.9439077377319336, 1.9184846878051758, 2.0387959480285645, 1.9616656303405762, 2.0228755474090576, 1.6404857635498047, 2.1749143600463867, 2.0299627780914307, 2.0162856578826904, 2.224632740020752, 2.225860118865967, 1.8033447265625, 1.8145203590393066, 1.6604446172714233, 1.9336382150650024, 2.2882144451141357, 1.9317796230316162, 1.3010406494140625, 1.5932306051254272, 2.164137363433838, 1.6661961078643799, 1.490494966506958, 2.1078848838806152, 1.8695062398910522, 2.0873095989227295, 2.2426700592041016, 1.7672734260559082, 1.8892642259597778, 1.7138036489486694, 1.363731026649475, 2.258363723754883, 2.2750492095947266, 1.939292550086975, 1.5519068241119385, 1.6711993217468262, 1.3219118118286133, 1.9944757223129272, 2.107428550720215, 1.8322765827178955, 2.4467289447784424, 1.7740707397460938, 2.137753486633301, 1.4543828964233398, 1.7610456943511963, 1.7442291975021362, 1.7869209051132202, 2.1357288360595703, 1.9972338676452637, 1.598520040512085, 1.7199108600616455, 1.256212592124939, 2.156041383743286, 2.0696446895599365, 1.850757360458374, 2.1649985313415527, 1.5334036350250244, 1.3515019416809082, 2.0279929637908936]
val step Loss: [1.377303123474121, 1.3503528833389282, 1.0930057764053345, 1.1989552974700928, 1.3049845695495605, 1.133958101272583, 1.2316664457321167, 1.1728581190109253, 1.2621474266052246, 1.3347268104553223, 1.0923991203308105, 1.5579184293746948, 1.43770170211792, 1.1153433322906494, 1.0702826976776123, 1.0243501663208008]
Train step Accs: [0.4873704190392758, 0.6594805635715498, 0.6767317939609236, 0.6641473783656117, 0.752506162695152, 0.5617457430980327, 0.5824102047667002, 0.5517295597484276, 0.5599022004889975, 0.5567875337129158, 0.6491496859200245, 0.5066059225512528, 0.5503166783954961, 0.553508150248051, 0.5254362614611062, 0.5230411171450737, 0.6044096501038505, 0.5861337106473293, 0.6398275862068965, 0.5669684670621292, 0.4918451283505886, 0.5858605003790751, 0.7335834896810507, 0.6516927083333334, 0.5542993156798572, 0.6391218173502058, 0.7017199017199017, 0.5385826771653544, 0.6016038218734004, 0.5271897810218978, 0.49916411256617443, 0.6125173370319001, 0.5969897495783054, 0.6282884053264047, 0.7124953925543679, 0.5129643669446551, 0.5166130760986066, 0.5813556693035521, 0.6927608122771663, 0.6637211585665194, 0.7322586622197517, 0.5637405088583989, 0.535523159254475, 0.6148636916131273, 0.4570755411574142, 0.6130923302393747, 0.519051512673753, 0.7007575757575758, 0.6227317484878323, 0.6273535170959482, 0.626233220119683, 0.5291508238276299, 0.5711654387139986, 0.6682341495054321, 0.660486502521507, 0.7523422308644158, 0.5346324180690877, 0.5328872204994287, 0.6016012810248198, 0.5278663629460896, 0.6788491446345256, 0.7199307304785895, 0.5623973727422004]
val step Accs: [0.7250068474390577, 0.7271790910261362, 0.7971783587885063, 0.7647058823529411, 0.742515707773808, 0.7843975814776581, 0.7571572074334505, 0.7622083755977395, 0.7436665418694621, 0.7387574373875744, 0.7992239329077482, 0.6922085362360355, 0.7032376860518643, 0.788235294117647, 0.7900777961994644, 0.8218306412139011]
Preds: [17, 17, 309, 479, 473, 398, 360, 339, 330, 17, 36, 259, 36, 108, 168, 168, 494, 382, 382, 406, 406, 467, 467, 337, 337, 301, 301, 203, 129, 129, 196, 196, 70, 473, 473, 252, 213, 324, 171, 246, 246, 246, 246, 246, 246, 19, 19, 19, 454, 225, 226, 414, 414, 82, 83, 287, 287, 284, 460, 215, 215, 35, 35, 35, 259, 441, 441, 276, 153, 153, 153, 497, 399, 399, 70, 70, 70, 70, 70, 138, 138, 138, 387, 387, 146, 146, 207, 324, 324, 324, 464, 464, 3, 143, 143, 129, 401, 7, 7, 364, 276, 276, 345, 345, 109, 109, 213, 213, 324, 246, 246, 301, 301, 8, 8, 239, 259, 354, 84, 355, 180, 206, 240, 240, 169, 35, 77, 68, 54, 54, 323, 224, 336, 494, 494, 374, 134, 153, 153, 182, 182, 497, 497, 43, 43, 43, 276, 276, 346, 346, 319, 428, 428, 330, 330, 388, 388, 94, 303, 303, 303, 303, 303, 199, 398, 324, 324, 464, 19, 358, 76, 401, 401, 82, 401, 310, 66, 323, 395, 395, 106, 106, 153, 153, 153, 182, 182, 182, 182, 182, 182, 182, 182, 182, 182, 375, 122, 122, 122, 233, 401, 82, 75, 310, 323, 323, 273, 106, 106, 302, 387, 387, 98, 98, 263, 263, 170, 170, 170, 170, 170, 170, 82, 312, 201, 201, 12, 12, 12, 12, 12, 12, 249, 408, 408, 408, 149, 321, 320, 320, 289, 20, 320, 188, 188, 143, 31, 31, 232, 232, 232, 232, 232, 172, 115, 267, 267, 444, 286, 374, 374, 374, 374, 406, 250, 134, 497, 302, 274, 122, 122, 129, 36, 66, 342, 342, 342, 273, 273, 273, 106, 284, 284, 284, 284, 284, 284, 284, 376, 376, 376, 376, 85, 85, 85, 85, 85, 85, 468, 468, 468, 467, 467, 467, 499, 284, 284, 460, 460, 240, 35, 35, 35, 77, 77, 401, 75, 68, 68, 68, 68, 115, 267, 273, 267, 444, 444, 324, 301, 301, 143, 129, 401, 401, 401, 401, 401, 401, 196, 196, 473, 473, 213, 213, 213, 213, 246, 246, 246, 246, 246, 19, 454, 454, 414, 414, 414, 170, 170, 82, 170, 82, 47, 47, 20, 80, 73, 321, 320, 7, 441, 441, 441, 148, 153, 109, 387, 132, 186, 338, 338, 338, 338, 338, 338, 400, 400, 213, 324, 30, 324, 324, 246, 246, 246, 246, 246, 246, 246, 252, 99, 338, 338, 338, 338, 338, 338, 31, 395, 400, 324, 324, 213, 324, 324, 324, 454, 454, 454, 454, 414, 17, 171, 171, 171, 171, 171, 171, 171, 171, 171, 171, 171, 171, 171, 171, 171, 171, 171, 171, 171, 171, 171, 171, 171, 171, 171, 171, 171, 171, 264, 264, 264, 264, 264, 264, 264, 264, 264, 264, 264, 264, 264, 264, 264, 264, 264, 264, 264, 264, 264, 264, 264, 264, 264, 264, 264, 264, 264, 264, 264, 264, 264, 264, 264, 264, 264, 264, 264, 264, 264, 264, 264, 264, 264, 264, 264, 264, 264, 264, 264, 264, 264, 264, 264, 264, 264, 264, 264, 264, 264, 264, 264, 264, 264, 264, 171, 171, 171, 171, 171, 171, 171, 171, 171, 171, 171, 171, 171, 171, 171, 171, 171, 171, 171, 171, 171, 171, 171, 171, 171, 171, 171, 171, 171, 171, 171, 171, 171, 171, 171, 171, 171, 171, 171, 171, 171, 171, 171, 171, 171, 171, 171, 171, 171, 171, 171, 171, 171, 171, 171, 171, 171, 171, 171, 171, 171, 171, 171, 171, 171, 171, 171, 171, 171, 171, 171, 171, 171, 171, 171, 171, 171, 171, 171, 171, 171, 171, 171, 171]

ep181
Train step Loss: [2.056475877761841, 1.779939889907837, 2.1314826011657715, 2.041828155517578, 2.370288848876953, 1.7697830200195312, 1.4444761276245117, 1.906130075454712, 1.6759941577911377, 1.6826884746551514, 1.6315524578094482, 1.9876991510391235, 1.85341477394104, 1.5489987134933472, 2.3751964569091797, 1.6734793186187744, 1.416085124015808, 1.9768610000610352, 2.3696935176849365, 1.4135499000549316, 1.8871965408325195, 1.2724297046661377, 1.8030906915664673, 1.9615631103515625, 1.4317879676818848, 1.7311140298843384, 1.6571807861328125, 1.3642911911010742, 1.4176928997039795, 2.090031623840332, 2.0180866718292236, 1.7654783725738525, 1.6514595746994019, 2.2193477153778076, 1.3659088611602783, 2.009096622467041, 1.61167573928833, 1.9777941703796387, 1.5588496923446655, 2.310853958129883, 1.8580269813537598, 1.3749662637710571, 2.0001728534698486, 1.8012272119522095, 1.3607335090637207, 1.9833534955978394, 2.0088860988616943, 1.6450824737548828, 1.6597977876663208, 1.8270208835601807, 1.8666924238204956, 1.7393426895141602, 2.3019731044769287, 1.2522993087768555, 1.8783451318740845, 2.0774717330932617, 1.7962133884429932, 2.233262062072754, 1.9598966836929321, 2.313910961151123, 1.7304085493087769, 1.776087999343872, 1.696902871131897]
val step Loss: [1.3710099458694458, 1.6000272035598755, 1.4932597875595093, 1.3894768953323364, 1.0625120401382446, 1.2588952779769897, 0.9949394464492798, 1.1360210180282593, 1.201954960823059, 1.5513776540756226, 1.1763229370117188, 1.1092900037765503, 1.1711372137069702, 0.9170064330101013, 1.0447096824645996, 1.3329710960388184]
Train step Accs: [0.5533344532168655, 0.6182240578213732, 0.5236612702366127, 0.5426557863501483, 0.4726009088479016, 0.6052382455033134, 0.7012095456031383, 0.5813253012048193, 0.6233593304165874, 0.6542913608130999, 0.6412254294315566, 0.5521792510742787, 0.5873196043457111, 0.6688684164783592, 0.46960961950255314, 0.6375, 0.7061209439528023, 0.5599309695638531, 0.4939199344172701, 0.6986103591409493, 0.5843710521566504, 0.747152254131237, 0.6360549239627934, 0.5923596918723472, 0.6934948556256223, 0.6370207416719045, 0.6362597911227154, 0.7171183079973562, 0.7064824988227908, 0.5490461168694607, 0.5659971305595409, 0.6207183239108747, 0.6437268395976707, 0.49985714285714283, 0.7201166180758017, 0.5753276792598304, 0.658027223568898, 0.6174242424242424, 0.6738821859474805, 0.48051529790660225, 0.6007183478000598, 0.7099984688409126, 0.5586218158066623, 0.6143970655662541, 0.7195541714473037, 0.5558427173712387, 0.5578465063001146, 0.6571809693196976, 0.6342648845686513, 0.587431693989071, 0.6013370291863688, 0.6218671679197995, 0.4781318338019369, 0.7694877505567929, 0.5863628748534093, 0.5476229643033393, 0.6047468788585539, 0.5132719020767432, 0.5877574702639977, 0.471521630198764, 0.6248777306814477, 0.6206279485928095, 0.6504132231404959]
val step Accs: [0.7143532377501182, 0.667447306791569, 0.6966602263317693, 0.7216689098250336, 0.8120040398210936, 0.7453216011897386, 0.8171242438343416, 0.7862086979234687, 0.7663431344561804, 0.6737202230106437, 0.7744561590818096, 0.7859682713347921, 0.7729946189463146, 0.8357447981259474, 0.8085255066387141, 0.7476972366840208]
Preds: [17, 196, 217, 217, 217, 217, 217, 473, 473, 65, 264, 264, 264, 264, 264, 264, 264, 264, 264, 264, 468, 468, 468, 467, 337, 337, 337, 324, 328, 3, 454, 197, 197, 197, 259, 354, 345, 109, 109, 109, 285, 288, 285, 313, 313, 337, 337, 337, 360, 360, 360, 360, 434, 434, 434, 339, 200, 398, 398, 324, 434, 434, 339, 339, 33, 33, 250, 250, 250, 250, 345, 153, 100, 424, 424, 424, 424, 182, 497, 497, 497, 122, 43, 75, 208, 208, 106, 481, 481, 481, 481, 426, 426, 306, 306, 372, 396, 396, 396, 313, 313, 406, 406, 495, 380, 134, 84, 84, 84, 375, 375, 375, 375, 375, 375, 98, 98, 98, 48, 48, 48, 48, 414, 414, 170, 170, 170, 170, 170, 170, 187, 187, 187, 12, 12, 12, 12, 12, 12, 12, 408, 408, 408, 391, 391, 321, 75, 66, 66, 66, 232, 172, 172, 172, 115, 267, 267, 267, 444, 374, 374, 374, 374, 139, 139, 293, 293, 497, 349, 349, 349, 349, 234, 234, 234, 261, 261, 25, 25, 30, 324, 324, 324, 464, 464, 464, 464, 180, 486, 486, 486, 486, 315, 315, 315, 315, 282, 282, 282, 388, 203, 53, 53, 53, 199, 448, 448, 464, 464, 324, 464, 464, 464, 464, 464, 315, 315, 315, 315, 315, 315, 282, 480, 480, 480, 282, 282, 282, 85, 299, 313, 59, 467, 406, 406, 406, 406, 406, 406, 380, 467, 467, 499, 302, 100, 375, 98, 375, 98, 98, 98, 13, 13, 414, 414, 414, 414, 414, 414, 414, 170, 187, 187, 187, 187, 187, 187, 391, 391, 244, 244, 244, 320, 320, 320, 83, 331, 380, 374, 337, 337, 313, 313, 24, 239, 310, 310, 107, 107, 395, 395, 485, 286, 464, 139, 139, 139, 139, 496, 216, 216, 81, 81, 81, 139, 139, 139, 240, 240, 285, 186, 99, 395, 395, 395, 400, 400, 152, 422, 143, 143, 458, 144, 144, 27, 27, 27, 437, 437, 284, 284, 206, 405, 206, 206, 169, 169, 215, 35, 35, 35, 35, 441, 437, 100, 100, 426, 426, 375, 98, 98, 98, 98, 13, 13, 170, 170, 170, 170, 170, 170, 201, 201, 28, 244, 2, 2, 2, 2, 73, 12, 63, 63, 73, 73, 73, 73, 73, 73, 244, 321, 321, 83, 287, 287, 284, 486, 486, 460, 460, 169, 150, 342, 342, 342, 342, 342, 224, 494, 196, 116, 94, 331, 331, 464, 464, 443, 443, 271, 31, 31, 342, 232, 172, 172, 115, 273, 273, 151, 169, 486, 460, 240, 35, 35, 77, 310, 395, 395, 395, 395, 395, 374, 494, 116, 285, 81, 302, 302, 497, 497, 497, 497, 497, 458, 208, 441, 441, 100, 153, 153, 387, 387, 387, 387, 372, 372, 406, 467, 467, 467, 467, 337, 19, 19, 19, 19, 19, 19, 19, 229, 414, 414, 414, 414, 170, 170, 102, 102, 47, 47, 244, 47, 392, 392, 392, 392, 392, 73, 321, 320, 320, 7, 7, 7, 217, 473, 473, 473, 473, 65, 65, 264, 264, 264, 264, 264, 468, 468, 468, 468, 468, 468, 468, 468, 468, 468, 467, 337, 324, 19, 19, 19, 19, 19, 19, 19, 414, 17, 451, 171, 171, 171, 171, 171, 171, 171, 171, 171, 171, 171, 171, 171, 171, 171, 171, 171, 171, 171, 171, 171, 171, 171, 171, 171, 171, 171, 171, 171, 171, 171, 171, 171, 171, 171, 171, 171, 171, 171, 171, 171, 171, 171, 171, 171, 171, 171, 171, 171, 171, 171, 171, 171, 171, 171, 171, 171, 171, 171, 171, 171, 171, 171, 171, 171, 171, 171, 171, 171, 171]

ep182
Train step Loss: [1.7633674144744873, 1.493627667427063, 2.394449472427368, 1.5307230949401855, 2.0864851474761963, 1.8765524625778198, 2.106707811355591, 2.3148200511932373, 1.4166542291641235, 1.8194222450256348, 2.067413330078125, 1.9461084604263306, 1.916242003440857, 1.5930979251861572, 1.6196539402008057, 1.565061092376709, 1.8654121160507202, 1.9154430627822876, 1.9953484535217285, 1.5268936157226562, 2.2302398681640625, 1.8973453044891357, 1.935737133026123, 2.1514394283294678, 1.9447753429412842, 1.536917805671692, 1.6904844045639038, 1.7033554315567017, 1.4670238494873047, 1.8770816326141357, 1.7680357694625854, 2.138144016265869, 1.4511052370071411, 2.751941680908203, 1.9422693252563477, 1.7728228569030762, 1.6961321830749512, 1.675437092781067, 1.511513590812683, 2.2728190422058105, 1.8212023973464966, 1.5200567245483398, 1.8754748106002808, 1.7255768775939941, 1.818554162979126, 1.439483642578125, 2.221693515777588, 1.9062552452087402, 1.9949778318405151, 2.0463156700134277, 2.3783609867095947, 1.9153445959091187, 1.924944519996643, 1.7156527042388916, 2.0410163402557373, 2.0342204570770264, 2.27392315864563, 1.7755433320999146, 1.679545283317566, 1.64138662815094, 1.9787542819976807, 0.9555160999298096, 2.2231783866882324]
val step Loss: [1.1364961862564087, 1.5011566877365112, 1.0903775691986084, 1.3745293617248535, 1.4341943264007568, 1.472679615020752, 1.1284699440002441, 1.2920386791229248, 1.1112350225448608, 1.3247653245925903, 1.2315616607666016, 1.4396798610687256, 1.0798466205596924, 0.8587228655815125, 1.1276909112930298, 0.9729735255241394]
Train step Accs: [0.6195997458703939, 0.6749897666803111, 0.5046973663945787, 0.6841347538151454, 0.538218677301429, 0.5898841215158158, 0.544613803733516, 0.49435825105782794, 0.7115911165196227, 0.6175220163984209, 0.547748052827633, 0.5682382133995038, 0.5598474801061007, 0.6773168283706925, 0.6503186968838527, 0.6795780451623538, 0.5799713291009625, 0.5717791411042945, 0.5596915319590686, 0.6850662658833174, 0.516686430628494, 0.5835706790586119, 0.5719674985490424, 0.5264221773029165, 0.5829056804105468, 0.6706108090821874, 0.6198262646908533, 0.6354203935599284, 0.6933804060017652, 0.5984650555192684, 0.6354904739411117, 0.5074092167399447, 0.7021171836533727, 0.40738413197172035, 0.5693340641271581, 0.6322089227421109, 0.6414077362079899, 0.6502281502281503, 0.6700984780662489, 0.5169563016703222, 0.5971150620597115, 0.6823965211789338, 0.5795558259811379, 0.6167982770997846, 0.6110837033382668, 0.6956731542544635, 0.5408290586441148, 0.5700015368065161, 0.5373478117801909, 0.5630718048239535, 0.4538568557736899, 0.5735731272294887, 0.5691768826619965, 0.629104687061465, 0.5691479820627803, 0.5467625899280576, 0.5246840775063184, 0.6190872520460535, 0.6391883322764743, 0.6501185770750988, 0.5594501718213059, 0.82995670995671, 0.5478787878787879]
val step Accs: [0.7879688929551693, 0.6945104414155309, 0.7953275046581625, 0.71996996996997, 0.7065432914738929, 0.6936109117013639, 0.7744945567651633, 0.7461027713625866, 0.7920944558521561, 0.7305018137847642, 0.7661433447098976, 0.7135815280840576, 0.7965696051057041, 0.8573272153713795, 0.7857236069424507, 0.8161413562559694]
Preds: [17, 251, 251, 251, 241, 241, 431, 431, 486, 284, 284, 284, 284, 284, 284, 16, 284, 315, 315, 284, 284, 284, 284, 284, 284, 480, 480, 480, 480, 480, 85, 85, 85, 85, 146, 146, 264, 468, 468, 406, 467, 337, 337, 337, 324, 324, 464, 464, 464, 464, 120, 282, 282, 282, 282, 282, 413, 285, 345, 345, 132, 275, 303, 303, 303, 117, 219, 219, 324, 324, 464, 464, 318, 31, 162, 54, 54, 494, 482, 172, 172, 115, 273, 273, 273, 486, 460, 169, 215, 215, 401, 401, 320, 321, 345, 345, 141, 186, 186, 186, 323, 323, 323, 323, 323, 397, 397, 397, 7, 153, 153, 153, 88, 88, 346, 346, 284, 426, 426, 426, 426, 426, 282, 413, 413, 303, 303, 48, 48, 364, 345, 345, 345, 132, 324, 132, 132, 236, 32, 32, 75, 310, 310, 310, 107, 107, 395, 397, 397, 106, 106, 153, 153, 153, 182, 182, 182, 182, 497, 14, 411, 14, 226, 321, 209, 440, 188, 271, 495, 251, 236, 236, 239, 401, 239, 354, 354, 371, 286, 286, 264, 180, 330, 330, 303, 303, 303, 303, 42, 42, 42, 364, 364, 364, 217, 217, 473, 398, 213, 213, 213, 422, 143, 36, 75, 310, 107, 107, 395, 400, 213, 213, 213, 19, 19, 454, 454, 229, 170, 170, 170, 392, 244, 312, 312, 292, 292, 292, 292, 292, 292, 292, 292, 21, 1, 408, 408, 408, 391, 321, 244, 321, 320, 321, 320, 289, 287, 287, 287, 460, 460, 460, 178, 35, 77, 66, 68, 172, 224, 219, 152, 152, 152, 139, 139, 139, 139, 496, 274, 43, 43, 458, 208, 208, 208, 441, 106, 153, 153, 153, 387, 387, 387, 387, 413, 396, 467, 59, 303, 303, 303, 98, 98, 98, 48, 48, 48, 48, 170, 82, 244, 244, 287, 287, 287, 111, 438, 178, 178, 233, 36, 77, 77, 68, 68, 224, 482, 7, 196, 309, 309, 309, 479, 331, 443, 443, 240, 143, 143, 36, 77, 68, 183, 351, 428, 428, 428, 428, 146, 146, 146, 252, 34, 34, 324, 301, 301, 251, 251, 241, 241, 431, 431, 486, 376, 376, 376, 376, 376, 376, 376, 460, 460, 460, 282, 282, 150, 76, 239, 75, 34, 34, 397, 106, 106, 387, 8, 167, 143, 36, 77, 342, 224, 224, 273, 437, 151, 167, 167, 215, 35, 320, 7, 7, 114, 351, 351, 464, 464, 301, 301, 399, 42, 42, 42, 147, 106, 106, 284, 284, 284, 284, 426, 450, 450, 450, 413, 43, 43, 276, 276, 276, 346, 346, 426, 426, 426, 426, 206, 167, 215, 197, 401, 321, 354, 287, 287, 111, 111, 438, 438, 236, 36, 36, 449, 183, 351, 351, 443, 443, 443, 240, 236, 143, 75, 371, 371, 464, 324, 324, 324, 246, 246, 246, 246, 246, 246, 301, 186, 129, 401, 259, 354, 287, 287, 319, 460, 167, 167, 35, 75, 77, 342, 86, 86, 323, 336, 26, 26, 26, 479, 479, 331, 374, 153, 153, 153, 182, 182, 497, 43, 43, 43, 364, 276, 346, 346, 346, 284, 376, 376, 460, 263, 263, 233, 233, 13, 392, 392, 392, 392, 392, 392, 392, 63, 63, 392, 244, 73, 435, 63, 63, 392, 63, 63, 63, 63, 63, 392, 244, 289, 320, 320, 320, 441, 153, 153, 387, 387, 387, 496, 122, 348, 303, 243, 32, 32, 32, 196, 70, 65, 65, 65, 426, 98, 98, 98, 48, 48, 417, 82, 170, 170, 244, 392, 63, 63, 63, 63, 63, 63, 63, 63, 63, 63, 63, 73, 392, 244, 289, 320, 320, 287, 287, 153, 424, 182, 182, 375, 98]

ep183
Train step Loss: [2.0263469219207764, 1.6395111083984375, 1.8271498680114746, 2.1839044094085693, 1.8439494371414185, 1.848552942276001, 1.3880223035812378, 2.0201170444488525, 1.4588782787322998, 1.5261458158493042, 1.5881602764129639, 2.150895595550537, 1.9225010871887207, 1.6664377450942993, 2.0928149223327637, 1.29330575466156, 2.091883897781372, 1.6956521272659302, 2.015263795852661, 1.8296537399291992, 2.123736619949341, 1.3698906898498535, 1.5621919631958008, 2.0520670413970947, 1.4282445907592773, 1.4556248188018799, 2.06001877784729, 2.292297601699829, 1.882231593132019, 2.0973081588745117, 1.9233826398849487, 1.7468019723892212, 1.7266976833343506, 1.408238410949707, 2.2202670574188232, 1.9737519025802612, 2.319561004638672, 1.9172276258468628, 1.9555214643478394, 1.8554601669311523, 1.8878238201141357, 1.9570549726486206, 1.3986185789108276, 2.065307378768921, 1.8220524787902832, 1.6673388481140137, 1.6287460327148438, 1.8348679542541504, 1.8077961206436157, 1.7527176141738892, 1.8995845317840576, 1.778491735458374, 2.1008474826812744, 1.9287666082382202, 1.6327943801879883, 2.0338149070739746, 2.0541858673095703, 1.7840535640716553, 1.8921475410461426, 1.9215772151947021, 1.7415928840637207, 1.7174798250198364, 2.0262153148651123]
val step Loss: [1.032706618309021, 1.303233027458191, 0.8617371320724487, 1.0828684568405151, 0.9957880973815918, 1.5025008916854858, 1.181635856628418, 0.8994118571281433, 1.5324199199676514, 1.248795986175537, 1.2716466188430786, 1.3446065187454224, 1.493726134300232, 1.4581414461135864, 1.1137515306472778, 1.3041390180587769]
Train step Accs: [0.5439729397293973, 0.6542597187758478, 0.6005146836209506, 0.5341937398012164, 0.602020202020202, 0.5916561314791403, 0.7231033823810433, 0.5353709283971876, 0.7012269938650306, 0.6725649082189515, 0.6663140395949826, 0.5241707571024841, 0.5787682333873582, 0.6296415886341621, 0.5477164838762482, 0.7439182614336685, 0.5232616308154077, 0.6373211759157366, 0.5604506473852362, 0.6062149770759042, 0.5495510475557034, 0.7123740294069056, 0.6843889384478145, 0.5388349514563107, 0.6913459977269037, 0.6932482721956407, 0.5549795790135092, 0.5016795431642593, 0.6064516129032258, 0.527345629510826, 0.5878367975365666, 0.6230703986429177, 0.6294838145231846, 0.72, 0.5178098322048866, 0.5675144021357313, 0.5119444042275952, 0.6075619295958279, 0.5686209193870753, 0.6162620649312665, 0.5867195242814668, 0.5750221959159515, 0.7153551532033426, 0.5295304475421864, 0.5967741935483871, 0.6376537369914853, 0.6488960689283791, 0.5980718085106383, 0.6016344725111441, 0.6200068870523416, 0.577983088005011, 0.6227736337342061, 0.5373516720604099, 0.5784864507600793, 0.66109375, 0.5560281607509534, 0.5383445945945946, 0.6133246244284781, 0.5980779131628625, 0.5784145504461222, 0.6145234493192133, 0.6187125748502994, 0.5585412667946257]
val step Accs: [0.8037825059101655, 0.7445151239776711, 0.8545010915628611, 0.7969113024463578, 0.8253288467421229, 0.6868403473613894, 0.7694537023619765, 0.8392736143108822, 0.6857224524796341, 0.7475423265974878, 0.7492459555799287, 0.7320306094561355, 0.696077100583684, 0.7046035805626598, 0.7864564234201198, 0.7278985507246377]
Preds: [17, 196, 217, 217, 217, 217, 217, 473, 473, 65, 264, 264, 264, 264, 264, 264, 264, 264, 264, 264, 468, 468, 468, 467, 337, 337, 337, 324, 328, 3, 454, 197, 197, 197, 259, 354, 345, 109, 109, 109, 285, 288, 285, 313, 313, 337, 337, 337, 360, 360, 360, 360, 434, 434, 434, 339, 200, 398, 398, 324, 434, 434, 339, 339, 33, 33, 250, 250, 250, 250, 345, 153, 100, 424, 424, 424, 424, 182, 497, 497, 497, 122, 43, 75, 208, 208, 106, 481, 481, 481, 481, 426, 426, 306, 306, 372, 396, 396, 396, 313, 313, 406, 406, 406, 380, 134, 84, 84, 84, 375, 375, 375, 375, 375, 375, 98, 98, 98, 48, 48, 48, 48, 414, 414, 170, 170, 170, 170, 170, 170, 187, 187, 187, 12, 12, 12, 12, 12, 12, 12, 408, 408, 408, 391, 391, 321, 75, 66, 66, 66, 232, 172, 172, 172, 115, 267, 267, 267, 444, 374, 374, 374, 374, 139, 139, 293, 293, 497, 349, 349, 349, 349, 234, 234, 234, 261, 261, 25, 25, 30, 324, 324, 324, 464, 464, 464, 464, 180, 486, 486, 486, 486, 315, 315, 315, 315, 282, 282, 282, 388, 203, 53, 53, 53, 199, 448, 464, 464, 464, 324, 464, 464, 464, 464, 464, 315, 315, 315, 315, 315, 315, 282, 480, 480, 480, 282, 282, 282, 85, 299, 313, 59, 467, 406, 406, 406, 406, 406, 406, 380, 467, 467, 499, 302, 100, 375, 98, 375, 98, 98, 98, 13, 13, 414, 414, 414, 414, 414, 414, 414, 170, 187, 187, 187, 187, 187, 187, 391, 391, 244, 244, 244, 320, 320, 320, 83, 331, 380, 374, 337, 337, 313, 313, 24, 239, 310, 310, 107, 107, 395, 395, 485, 286, 464, 139, 139, 139, 139, 496, 216, 216, 81, 81, 81, 139, 139, 139, 240, 240, 240, 186, 99, 395, 395, 395, 400, 400, 152, 422, 143, 143, 458, 144, 144, 27, 27, 27, 437, 437, 284, 284, 206, 206, 206, 206, 169, 169, 215, 35, 35, 35, 35, 441, 437, 100, 100, 426, 426, 375, 375, 98, 98, 98, 13, 13, 170, 170, 170, 170, 170, 170, 201, 201, 28, 244, 2, 2, 2, 2, 2, 12, 63, 63, 408, 408, 63, 73, 73, 73, 244, 321, 321, 83, 287, 287, 284, 486, 486, 460, 460, 169, 150, 342, 342, 342, 342, 342, 224, 494, 196, 116, 94, 331, 331, 464, 464, 443, 443, 271, 31, 31, 342, 232, 172, 172, 115, 273, 273, 151, 169, 486, 460, 240, 35, 35, 77, 310, 395, 395, 374, 395, 106, 374, 494, 116, 285, 81, 302, 302, 497, 497, 497, 497, 497, 458, 208, 208, 441, 100, 153, 153, 387, 387, 387, 387, 372, 372, 406, 467, 467, 467, 467, 337, 19, 19, 19, 19, 19, 19, 19, 414, 414, 414, 414, 414, 170, 170, 102, 102, 47, 47, 392, 47, 392, 392, 392, 392, 392, 73, 244, 320, 320, 7, 7, 7, 217, 217, 217, 217, 473, 171, 65, 264, 264, 264, 264, 468, 468, 468, 468, 468, 468, 468, 468, 468, 468, 468, 467, 337, 337, 19, 19, 19, 19, 19, 19, 19, 414, 17, 171, 171, 171, 171, 171, 171, 171, 171, 171, 171, 171, 171, 171, 171, 171, 171, 171, 171, 171, 171, 171, 171, 171, 171, 171, 171, 171, 171, 171, 171, 171, 171, 171, 171, 171, 171, 171, 171, 171, 171, 171, 171, 171, 171, 171, 171, 171, 171, 171, 171, 171, 171, 171, 171, 171, 171, 171, 171, 171, 171, 171, 171, 171, 171, 171, 171, 171, 171, 171, 171, 171]

ep184
Train step Loss: [1.8643162250518799, 1.9386810064315796, 2.034543991088867, 1.6729387044906616, 1.9240093231201172, 1.7136861085891724, 1.6872388124465942, 2.1625137329101562, 1.9053308963775635, 1.5067527294158936, 2.034749984741211, 1.8071997165679932, 1.7542682886123657, 1.8055473566055298, 1.6988424062728882, 1.9735643863677979, 1.7319023609161377, 1.8179740905761719, 1.794360637664795, 2.0467820167541504, 1.5105830430984497, 2.076742172241211, 2.05350399017334, 1.9785720109939575, 1.7595086097717285, 1.2090802192687988, 1.9093502759933472, 2.3156051635742188, 1.5397734642028809, 1.9612702131271362, 2.060573101043701, 1.8245216608047485, 1.3872056007385254, 1.8406230211257935, 1.8452624082565308, 1.6738260984420776, 1.5333757400512695, 1.8313499689102173, 2.1789162158966064, 1.623181939125061, 2.10723614692688, 1.546629786491394, 2.1918764114379883, 1.3877220153808594, 1.9412343502044678, 1.6864070892333984, 2.2338643074035645, 1.718890905380249, 1.584848165512085, 1.4093818664550781, 1.563732624053955, 2.0743346214294434, 1.5630707740783691, 1.511823058128357, 1.517810344696045, 1.1958736181259155, 1.998962163925171, 1.7807565927505493, 2.2487149238586426, 1.7441328763961792, 1.6831140518188477, 2.3461215496063232, 2.3241448402404785]
val step Loss: [1.4037561416625977, 1.4411882162094116, 1.0029417276382446, 1.1144224405288696, 1.1450543403625488, 0.8505001664161682, 0.9930630922317505, 1.4482307434082031, 1.4066720008850098, 1.1033005714416504, 1.4497150182724, 1.1875165700912476, 1.2819433212280273, 1.4120935201644897, 0.9694401025772095, 1.2580586671829224]
Train step Accs: [0.5842120262182958, 0.5580935251798561, 0.5515575545560553, 0.6350723483339971, 0.5675204739501656, 0.6228882833787466, 0.6290153892126102, 0.5637683107109259, 0.5840059790732437, 0.6764753964361615, 0.5482804232804233, 0.6201337677928315, 0.6051197357555739, 0.6040431676546587, 0.6241199877563514, 0.5650196078431372, 0.6156109865470852, 0.6050670640834576, 0.6189901774943994, 0.5580736543909348, 0.6760237780713342, 0.5708249127319492, 0.5220163083765752, 0.5761861313868614, 0.6160204388337842, 0.7601626016260162, 0.5867624223602484, 0.4995380351093317, 0.6812822402358143, 0.5608313106796117, 0.5554069864616413, 0.5973534971644613, 0.7217244294167371, 0.6171717171717171, 0.5914257875933745, 0.6269631472554813, 0.6654294803817603, 0.5910511363636364, 0.5313014827018122, 0.6555053729948607, 0.5206099954703307, 0.6949887568262126, 0.5239858338699291, 0.7299355594610427, 0.5834562076083751, 0.6311243718592965, 0.5142574583814076, 0.6413174685290567, 0.6615741636047187, 0.6872224120259651, 0.6656881930854534, 0.5693077295465547, 0.6666182662988239, 0.7099873976055451, 0.6722016018753663, 0.770926517571885, 0.5667669887533661, 0.6097322011757021, 0.5257817697937458, 0.6198000644953241, 0.630967952910399, 0.4961731327527052, 0.5022479126525369]
val step Accs: [0.7155078550318867, 0.7022635745035412, 0.8225045847524234, 0.7978591374495811, 0.7909371781668383, 0.8496920456034596, 0.8199638537466982, 0.7024291497975709, 0.7045515755453811, 0.7882305304359563, 0.6980741101901512, 0.7690458111870413, 0.74234586886621, 0.7086383601756955, 0.8329113924050633, 0.7557269222045815]
Preds: [17, 17, 7, 217, 217, 217, 217, 217, 473, 473, 65, 443, 443, 443, 330, 330, 330, 330, 388, 64, 76, 76, 310, 99, 338, 338, 107, 395, 395, 106, 106, 153, 153, 481, 387, 387, 206, 167, 167, 35, 35, 35, 401, 7, 196, 217, 473, 65, 65, 29, 313, 313, 313, 285, 285, 337, 337, 290, 290, 290, 434, 434, 434, 339, 339, 199, 398, 464, 464, 464, 116, 116, 116, 116, 94, 199, 199, 84, 84, 84, 153, 43, 182, 182, 182, 182, 182, 497, 497, 497, 497, 497, 497, 43, 43, 259, 208, 208, 441, 106, 346, 346, 346, 265, 265, 265, 265, 85, 85, 85, 146, 468, 468, 468, 406, 406, 467, 467, 467, 467, 134, 375, 375, 375, 375, 98, 98, 48, 48, 48, 13, 13, 170, 82, 321, 187, 187, 170, 187, 2, 12, 12, 12, 260, 260, 260, 391, 391, 321, 320, 320, 320, 7, 7, 479, 479, 398, 290, 290, 290, 360, 360, 434, 252, 143, 465, 310, 310, 371, 395, 395, 395, 444, 213, 213, 360, 360, 360, 434, 434, 434, 434, 434, 398, 331, 331, 331, 180, 443, 486, 376, 376, 376, 376, 376, 282, 282, 460, 263, 263, 263, 414, 414, 414, 126, 312, 312, 126, 292, 292, 292, 23, 23, 23, 23, 23, 391, 391, 391, 391, 391, 391, 73, 244, 244, 320, 320, 320, 320, 7, 473, 473, 473, 290, 290, 290, 171, 171, 171, 434, 434, 252, 143, 36, 310, 310, 107, 107, 107, 107, 400, 400, 213, 213, 213, 213, 246, 246, 246, 246, 19, 19, 19, 454, 197, 197, 197, 414, 414, 414, 80, 244, 66, 66, 66, 68, 68, 115, 115, 273, 273, 486, 486, 486, 460, 460, 240, 240, 240, 35, 183, 183, 183, 30, 30, 324, 324, 286, 464, 464, 464, 464, 139, 330, 330, 116, 116, 33, 250, 250, 147, 473, 398, 324, 324, 324, 324, 318, 318, 368, 368, 478, 453, 342, 342, 273, 168, 273, 273, 470, 265, 265, 376, 376, 460, 460, 460, 178, 178, 35, 35, 440, 287, 284, 111, 111, 111, 438, 438, 150, 342, 232, 232, 232, 172, 172, 115, 267, 267, 444, 286, 278, 139, 139, 139, 302, 497, 497, 497, 98, 14, 259, 440, 437, 287, 287, 319, 319, 330, 413, 348, 348, 216, 212, 219, 464, 464, 324, 464, 464, 374, 374, 374, 313, 251, 199, 199, 331, 134, 134, 153, 497, 497, 43, 43, 276, 276, 276, 100, 100, 153, 100, 182, 182, 182, 182, 98, 98, 98, 13, 170, 170, 170, 249, 249, 249, 201, 201, 201, 201, 201, 47, 47, 80, 80, 73, 73, 321, 321, 287, 320, 287, 287, 481, 297, 297, 293, 497, 497, 122, 122, 8, 354, 280, 354, 100, 100, 100, 346, 346, 426, 426, 426, 98, 98, 98, 98, 13, 17, 17, 451, 55, 264, 171, 171, 171, 171, 171, 171, 171, 171, 171, 171, 171, 171, 171, 171, 171, 171, 171, 171, 171, 171, 171, 171, 171, 171, 171, 171, 171, 171, 171, 171, 171, 171, 171, 171, 171, 171, 171, 171, 171, 171, 171, 171, 171, 171, 171, 171, 171, 171, 171, 171, 171, 171, 171, 171, 171, 171, 171, 171, 171, 171, 171, 171, 171, 171, 171, 171, 171, 171, 171, 171, 171, 171, 171, 171, 171, 171, 171, 171, 171, 171, 171, 171, 171, 171, 171, 171, 171, 171, 171, 171, 171, 171, 171, 171, 171, 171, 171, 171, 171, 171, 171, 171, 171, 171, 171, 171, 171, 171, 171, 171, 171, 171, 171, 171, 171, 171, 171, 171, 171, 171, 171, 171, 171, 171, 171, 171, 171]

ep185
Train step Loss: [2.0601089000701904, 1.7359294891357422, 1.7582567930221558, 1.9835948944091797, 1.9526331424713135, 1.7858576774597168, 1.66708242893219, 1.761986255645752, 1.536267638206482, 1.7456867694854736, 1.4970601797103882, 1.727583646774292, 1.6726455688476562, 1.386636734008789, 1.740402102470398, 2.0847482681274414, 1.5386279821395874, 2.1401443481445312, 1.574256181716919, 1.7331510782241821, 1.7907778024673462, 1.7323105335235596, 1.6586638689041138, 1.7493455410003662, 1.6698483228683472, 1.4975601434707642, 2.068450927734375, 1.6578313112258911, 1.9070156812667847, 2.1450774669647217, 1.2508193254470825, 1.1292909383773804, 1.4291601181030273, 1.6686514616012573, 1.3744713068008423, 1.863931655883789, 2.061070680618286, 2.1858789920806885, 1.7261096239089966, 1.4755842685699463, 1.2214393615722656, 2.044919490814209, 1.939419150352478, 2.0544400215148926, 1.7788877487182617, 1.9328513145446777, 1.3983405828475952, 1.6599851846694946, 2.176906108856201, 2.2634570598602295, 1.3302067518234253, 1.6163197755813599, 1.7126920223236084, 1.7031433582305908, 2.1944291591644287, 1.6179248094558716, 1.8971025943756104, 1.9417521953582764, 1.848495602607727, 1.3566755056381226, 2.0039055347442627, 2.02378249168396, 3.0099587440490723]
val step Loss: [1.3717211484909058, 1.176587462425232, 1.476646900177002, 1.1579022407531738, 1.1109219789505005, 0.7395564913749695, 1.6458083391189575, 1.2142505645751953, 1.4684593677520752, 1.180938482284546, 1.2712422609329224, 1.1058645248413086, 0.9862747192382812, 1.143570899963379, 0.7078991532325745, 1.6287015676498413]
Train step Accs: [0.5463902787705504, 0.618065018493284, 0.6076947842884739, 0.5855997484672222, 0.5746737554374094, 0.6229938721914211, 0.6358755723985473, 0.62755671253254, 0.6748440748440748, 0.6235716617695071, 0.6841709298826362, 0.621665582303188, 0.6524919981710106, 0.7102400600150037, 0.6330924420355315, 0.5288640595903166, 0.6766883214987158, 0.5444762064906675, 0.6479037267080745, 0.6285913528591353, 0.6219096965210955, 0.6121519873927508, 0.6380424746075716, 0.6080111946825258, 0.6482467413255003, 0.6767195767195767, 0.5454545454545454, 0.6338371526084836, 0.5868160275743214, 0.5791459182133696, 0.7455857515737755, 0.7781483245990154, 0.7025026436376454, 0.649486301369863, 0.7192644483362521, 0.6162280701754386, 0.5365727131246758, 0.49940369707811566, 0.6183251524616986, 0.6826820738938726, 0.7560541310541311, 0.5671954504639329, 0.5765151515151515, 0.5643564356435643, 0.612304120719675, 0.564920979237682, 0.7149032992036405, 0.6494531358161428, 0.5007751937984496, 0.5039713440274101, 0.7259354013431404, 0.6415343915343915, 0.6220794392523364, 0.6222402817282947, 0.5221099178774479, 0.6587858450274557, 0.562774078284879, 0.5649133032201661, 0.5939546599496222, 0.7326649958228906, 0.5773353751914242, 0.546692607003891, 0.3704217536071032]
val step Accs: [0.7236463133640553, 0.766008911521324, 0.7042375324300951, 0.771668219944082, 0.7842265387315703, 0.8846520495710201, 0.6638605818933688, 0.75472179683512, 0.6948408342480791, 0.77296216036006, 0.7556370551480576, 0.794891640866873, 0.815896074870792, 0.781360065023029, 0.893374613003096, 0.6540729416903254]
Preds: [17, 296, 481, 481, 293, 98, 98, 129, 129, 129, 401, 401, 401, 259, 208, 208, 441, 346, 426, 426, 426, 206, 206, 98, 98, 98, 233, 414, 414, 414, 80, 80, 80, 80, 80, 80, 320, 7, 7, 7, 473, 109, 286, 286, 286, 286, 286, 264, 468, 468, 468, 468, 468, 468, 337, 337, 337, 337, 171, 171, 324, 246, 246, 3, 3, 3, 197, 197, 197, 197, 7, 7, 473, 398, 398, 360, 360, 339, 399, 53, 250, 250, 70, 138, 138, 153, 153, 153, 182, 182, 182, 497, 98, 98, 117, 8, 197, 280, 100, 100, 100, 497, 497, 43, 32, 32, 129, 208, 208, 441, 106, 346, 284, 405, 426, 206, 206, 206, 396, 285, 467, 467, 313, 313, 94, 199, 134, 302, 100, 100, 182, 182, 98, 98, 98, 48, 48, 13, 414, 414, 414, 170, 47, 47, 47, 47, 47, 47, 47, 47, 80, 80, 80, 73, 20, 320, 7, 309, 479, 398, 324, 324, 422, 143, 129, 458, 183, 144, 180, 180, 180, 315, 315, 315, 319, 330, 388, 348, 64, 64, 212, 76, 465, 354, 420, 464, 324, 464, 464, 464, 464, 120, 460, 460, 460, 263, 263, 233, 414, 414, 170, 170, 170, 170, 170, 28, 28, 20, 28, 2, 2, 2, 2, 2, 2, 2, 2, 2, 2, 2, 316, 20, 20, 73, 73, 289, 20, 83, 287, 145, 486, 460, 178, 178, 35, 35, 77, 232, 232, 232, 172, 172, 115, 267, 267, 444, 444, 213, 246, 246, 246, 19, 19, 454, 197, 197, 197, 197, 197, 7, 479, 479, 331, 443, 443, 443, 330, 240, 314, 314, 76, 76, 239, 310, 107, 395, 395, 374, 106, 88, 88, 88, 426, 426, 265, 265, 265, 85, 85, 240, 240, 240, 314, 129, 36, 478, 342, 172, 172, 267, 267, 267, 444, 444, 213, 324, 246, 3, 3, 197, 197, 401, 226, 226, 226, 226, 411, 148, 153, 153, 153, 182, 182, 182, 182, 182, 182, 182, 182, 426, 426, 413, 413, 122, 239, 32, 32, 32, 401, 401, 75, 371, 171, 371, 171, 171, 171, 240, 116, 239, 239, 239, 239, 180, 264, 286, 171, 171, 171, 171, 171, 171, 434, 434, 37, 303, 303, 41, 19, 19, 19, 19, 19, 454, 454, 414, 442, 442, 442, 170, 170, 170, 28, 28, 2, 2, 2, 2, 2, 2, 2, 73, 20, 73, 73, 73, 289, 320, 83, 287, 145, 284, 460, 460, 240, 35, 239, 35, 36, 342, 342, 342, 342, 494, 267, 444, 444, 324, 324, 324, 301, 3, 335, 440, 14, 226, 226, 188, 411, 100, 424, 424, 497, 497, 122, 122, 76, 76, 32, 441, 441, 100, 100, 182, 497, 98, 98, 98, 170, 170, 170, 244, 244, 80, 80, 80, 80, 80, 80, 287, 441, 287, 481, 481, 169, 150, 349, 155, 196, 155, 155, 441, 441, 437, 153, 481, 481, 481, 206, 98, 98, 170, 17, 188, 171, 171, 171, 171, 171, 171, 171, 171, 171, 171, 171, 171, 171, 171, 171, 171, 171, 171, 171, 171, 171, 171, 403, 403, 403, 403, 403, 403, 403, 403, 403, 403, 403, 403, 403, 403, 403, 403, 403, 403, 403, 403, 403, 403, 403, 403, 403, 403, 403, 403, 403, 403, 403, 403, 403, 403, 403, 403, 403, 403, 403, 403, 403, 403, 403, 403, 171, 171, 171, 171, 171, 171, 171, 171, 171, 171, 171, 171, 171, 171, 171, 171, 171, 171, 171, 171, 171, 171, 171, 171, 171, 171, 171, 171, 171, 171, 171, 171, 171, 171, 171, 171, 171, 171, 171, 171, 171, 171, 171, 171, 171, 171, 171, 171, 171, 171]

ep186
Train step Loss: [1.6215810775756836, 1.8411422967910767, 1.682121992111206, 1.2735170125961304, 2.0146024227142334, 1.606166958808899, 1.399060845375061, 2.2699360847473145, 2.1856577396392822, 2.475498914718628, 1.574034571647644, 1.3584007024765015, 1.863722324371338, 1.3358817100524902, 1.9037078619003296, 1.5156285762786865, 1.725093960762024, 1.260490894317627, 1.6245567798614502, 1.9334794282913208, 2.4398033618927, 1.8264392614364624, 1.9186046123504639, 1.7466795444488525, 2.088510751724243, 1.770941972732544, 2.081807851791382, 1.3754947185516357, 1.604058861732483, 1.4155396223068237, 1.2776507139205933, 1.9185492992401123, 1.9670201539993286, 1.55122709274292, 1.6397879123687744, 1.9566949605941772, 1.540140986442566, 1.7247687578201294, 1.9930168390274048, 1.724063754081726, 2.1541028022766113, 1.9003037214279175, 1.4973948001861572, 1.8215818405151367, 1.8557591438293457, 1.5941853523254395, 1.9828838109970093, 1.7073971033096313, 1.240408182144165, 1.6574139595031738, 1.3807098865509033, 1.797011137008667, 2.5644309520721436, 1.594110131263733, 1.666074275970459, 1.5238802433013916, 2.1636884212493896, 1.4944690465927124, 1.9148008823394775, 2.0626180171966553, 1.879982352256775, 1.6838384866714478, 1.4329172372817993]
val step Loss: [0.9350813627243042, 1.5053728818893433, 1.1262203454971313, 1.2040854692459106, 1.1974128484725952, 1.200721025466919, 1.0606509447097778, 1.062427043914795, 1.368634581565857, 1.171798825263977, 0.9347435235977173, 1.1208702325820923, 1.1310909986495972, 1.1938610076904297, 1.5648061037063599, 0.9171575307846069]
Train step Accs: [0.6547537619699042, 0.607679714243191, 0.6410176853862861, 0.7438696408796076, 0.5447253705318221, 0.6627925239516256, 0.7364217252396166, 0.5040518638573744, 0.5110712148414124, 0.4661214953271028, 0.6666666666666666, 0.7137109254100897, 0.5940054495912807, 0.7252124645892352, 0.5876815063028562, 0.6742556917688266, 0.6324744773942635, 0.7487437185929648, 0.6535276073619631, 0.6044197031039136, 0.4592945378776604, 0.6124295714529623, 0.5820132856412877, 0.631138694009714, 0.5327882256745707, 0.6084385488253157, 0.530296329057939, 0.7229885057471265, 0.6600867354568566, 0.7112481739977277, 0.7346136398003932, 0.598951507208388, 0.573990398192601, 0.669638667292351, 0.6505280259951259, 0.568885047536733, 0.667646626488314, 0.6236373074926458, 0.5521097360966155, 0.6215266687959119, 0.517589476904252, 0.579952620669233, 0.6876009041007427, 0.5934877475662974, 0.6097955581703192, 0.6732734592753175, 0.560338429568057, 0.619334826813717, 0.7351476933289081, 0.636933461909354, 0.7134964483030781, 0.6149879129734085, 0.45507527926177754, 0.6675461741424802, 0.6613461828037946, 0.6722934953860005, 0.5151120751988431, 0.6948822728157229, 0.5750169721656483, 0.5704835407150732, 0.575511432009627, 0.6263610315186247, 0.6906648294867379]
val step Accs: [0.8294551235727706, 0.6821593153390388, 0.7911991840303074, 0.7618498590827568, 0.7685983827493261, 0.7581812916304662, 0.8052998258273202, 0.8027375201288245, 0.7274531695819377, 0.7713430504945341, 0.8269839086783111, 0.7819789797487824, 0.7851437699680511, 0.7581168831168831, 0.6764593179205518, 0.8337456704601682]
Preds: [17, 17, 287, 287, 284, 315, 450, 450, 450, 450, 43, 43, 43, 276, 276, 276, 276, 153, 153, 182, 182, 182, 182, 182, 182, 182, 387, 98, 98, 98, 98, 197, 197, 197, 197, 82, 226, 83, 83, 83, 55, 55, 322, 322, 251, 10, 10, 309, 398, 398, 398, 301, 378, 43, 153, 153, 153, 153, 153, 387, 387, 387, 109, 146, 146, 324, 324, 422, 186, 99, 99, 338, 338, 338, 338, 338, 400, 400, 400, 278, 171, 171, 171, 378, 173, 8, 8, 100, 100, 100, 100, 497, 379, 122, 77, 243, 76, 129, 36, 478, 232, 172, 172, 115, 115, 267, 267, 324, 324, 464, 464, 464, 315, 319, 319, 319, 450, 450, 413, 250, 43, 276, 276, 276, 153, 153, 182, 182, 182, 182, 182, 182, 182, 182, 182, 413, 426, 413, 413, 303, 303, 195, 199, 199, 413, 413, 413, 413, 348, 303, 10, 10, 10, 10, 309, 309, 479, 479, 331, 331, 106, 153, 153, 481, 481, 387, 387, 387, 355, 375, 452, 263, 263, 13, 13, 170, 170, 170, 170, 20, 170, 249, 20, 28, 2, 20, 249, 249, 20, 20, 20, 2, 2, 20, 20, 20, 20, 20, 2, 316, 73, 73, 73, 289, 20, 20, 320, 7, 7, 30, 324, 324, 3, 464, 464, 464, 486, 486, 486, 460, 460, 215, 215, 349, 205, 205, 205, 261, 261, 261, 25, 420, 420, 324, 324, 324, 464, 464, 331, 139, 426, 426, 319, 348, 348, 94, 219, 219, 398, 464, 464, 339, 116, 94, 199, 302, 302, 497, 122, 122, 129, 129, 36, 342, 172, 115, 273, 273, 151, 486, 460, 240, 240, 215, 35, 35, 259, 354, 29, 420, 286, 286, 286, 278, 374, 374, 324, 219, 219, 219, 246, 246, 477, 477, 132, 132, 98, 98, 98, 98, 98, 98, 129, 129, 401, 401, 82, 20, 208, 208, 441, 441, 441, 441, 441, 153, 153, 375, 98, 98, 98, 98, 13, 17, 17, 188, 83, 171, 171, 171, 171, 171, 171, 171, 403, 403, 403, 403, 403, 403, 403, 403, 403, 403, 403, 403, 403, 403, 403, 403, 403, 403, 403, 403, 403, 403, 403, 403, 403, 403, 403, 403, 403, 403, 403, 403, 403, 403, 403, 403, 403, 403, 403, 403, 403, 403, 403, 403, 403, 403, 403, 403, 403, 403, 403, 403, 403, 403, 403, 403, 403, 403, 403, 403, 403, 403, 403, 403, 403, 403, 403, 403, 403, 403, 403, 403, 403, 403, 403, 403, 403, 403, 403, 403, 403, 403, 403, 403, 403, 403, 403, 403, 403, 403, 403, 403, 403, 403, 403, 403, 403, 403, 403, 403, 403, 403, 403, 403, 403, 403, 403, 403, 403, 403, 403, 403, 403, 403, 403, 403, 403, 403, 403, 403, 403, 403, 403, 403, 403, 403, 403, 403, 403, 403, 403, 403, 403, 403, 403, 403, 403, 403, 403, 403, 403, 403, 403, 403, 403, 403, 403, 403, 403, 403, 403, 403, 403, 403, 403, 403, 403, 403, 403, 403, 403, 403, 403, 403, 403, 403, 403, 403, 403, 403, 403, 403, 403, 403, 403, 403, 403, 403, 403, 403, 403, 403, 403, 403, 403, 403, 403, 403, 403, 403, 403, 403, 403, 403, 403, 403, 403, 403, 403, 403, 403, 403, 403, 403, 403, 403, 403, 403, 403, 403, 403, 403, 403, 403, 403, 403, 403, 403, 403, 403, 403, 403, 403, 403, 403, 403, 403, 403, 403, 403, 403, 403, 403, 403, 403, 403, 403, 403, 403, 403, 403, 403, 403, 403, 403, 403, 403, 403, 403, 403, 403, 403, 403, 403, 403, 403, 403, 403, 403, 403, 403, 403, 403, 403, 403, 403]

ep187
Train step Loss: [2.2849860191345215, 1.3778959512710571, 1.625603199005127, 2.1164658069610596, 2.1706883907318115, 2.03322434425354, 1.7030421495437622, 1.0192201137542725, 1.5369952917099, 1.5345184803009033, 1.5537649393081665, 1.7622530460357666, 1.6042065620422363, 1.9951307773590088, 1.7616310119628906, 1.5738328695297241, 2.1759464740753174, 1.6689140796661377, 1.352616310119629, 2.211125612258911, 1.6150516271591187, 1.7341057062149048, 1.9556660652160645, 1.8572657108306885, 1.7805808782577515, 1.4131598472595215, 2.314154863357544, 1.7085824012756348, 1.5346431732177734, 1.9545128345489502, 2.0167813301086426, 2.040396213531494, 2.1901862621307373, 1.7496470212936401, 2.282315492630005, 2.3265206813812256, 1.5558186769485474, 2.0714223384857178, 1.9367897510528564, 1.725123643875122, 1.5067386627197266, 1.8125735521316528, 1.7126567363739014, 1.6566330194473267, 1.586399793624878, 1.848362684249878, 1.6950280666351318, 1.7653294801712036, 1.8241488933563232, 1.473434329032898, 1.7761285305023193, 1.5006258487701416, 1.3596892356872559, 1.5428377389907837, 2.031235456466675, 2.1182000637054443, 1.785266637802124, 1.7984094619750977, 2.0440175533294678, 1.5228148698806763, 1.216187596321106, 1.650436282157898, 1.7227071523666382]
val step Loss: [1.1561002731323242, 1.0560243129730225, 0.9337348937988281, 0.962417721748352, 1.277504324913025, 0.9060472249984741, 1.5384175777435303, 1.075432538986206, 1.222828984260559, 1.1531912088394165, 1.0250444412231445, 1.2077891826629639, 1.5587575435638428, 0.9407702088356018, 1.3964587450027466, 1.5867189168930054]
Train step Accs: [0.5012260912211869, 0.7133094695737064, 0.6609105180533752, 0.522207267833109, 0.510299488677867, 0.5524338942307693, 0.6291345329905741, 0.8049169859514687, 0.6713367397395748, 0.6691595441595442, 0.6584518167456556, 0.6211830653488715, 0.6540832049306625, 0.5782622333751568, 0.6154893617021276, 0.6609386281588447, 0.5071368597816961, 0.6377330069666729, 0.7081210191082803, 0.5315424086930275, 0.6494464944649446, 0.621573398215734, 0.5619075397404113, 0.5764341590612777, 0.6157031374422679, 0.7163554410817772, 0.4624546866908338, 0.6447441601779755, 0.6768149882903981, 0.5803181534622582, 0.56896, 0.5493965131873044, 0.5131034482758621, 0.6218502519798416, 0.5067066210045662, 0.5237432327919567, 0.6820972291355567, 0.5564026762097402, 0.5783701704066138, 0.6223195409241921, 0.6891254752851711, 0.5992094861660079, 0.6269389047166825, 0.6548080309968298, 0.6664782362916902, 0.5951279679309281, 0.6340254105980787, 0.629641747096352, 0.595762291011422, 0.7031992397846056, 0.5996249413970933, 0.6804545454545454, 0.7182012847965739, 0.6598802395209581, 0.5475739472533877, 0.5245367192862045, 0.5979333744602098, 0.6059654631083202, 0.570718781053329, 0.6839769926047659, 0.7585796805980293, 0.6480694624053205, 0.5996124031007752]
val step Accs: [0.7677338355304457, 0.7993660018491613, 0.8311778612154082, 0.817743729148647, 0.7457951070336392, 0.8348933957358294, 0.6854838709677419, 0.7935204538668259, 0.7565593724641602, 0.7769129287598945, 0.8083174696148777, 0.7602713426340714, 0.6741231703949185, 0.8290836037706691, 0.719833394585324, 0.6811464397671294]
Preds: [17, 17, 284, 486, 460, 460, 169, 215, 35, 35, 458, 208, 441, 441, 100, 153, 387, 497, 122, 129, 129, 129, 458, 208, 441, 441, 346, 481, 481, 405, 206, 98, 98, 263, 263, 13, 414, 414, 414, 170, 170, 170, 170, 28, 28, 28, 28, 28, 28, 28, 2, 28, 2, 28, 2, 2, 2, 2, 2, 2, 2, 2, 20, 2, 2, 20, 435, 435, 2, 163, 20, 316, 316, 316, 73, 20, 73, 73, 289, 320, 83, 287, 111, 111, 111, 240, 240, 186, 99, 54, 54, 338, 338, 338, 338, 400, 400, 400, 444, 213, 213, 213, 246, 246, 246, 246, 246, 246, 422, 186, 338, 338, 338, 338, 338, 338, 400, 400, 400, 485, 286, 286, 374, 374, 374, 132, 132, 132, 132, 132, 132, 132, 132, 132, 132, 132, 132, 132, 132, 303, 303, 381, 117, 117, 117, 197, 197, 197, 197, 197, 401, 401, 401, 320, 354, 420, 213, 213, 213, 213, 246, 246, 246, 301, 378, 132, 43, 43, 43, 43, 276, 276, 174, 319, 319, 480, 480, 480, 480, 85, 282, 282, 282, 388, 303, 303, 309, 309, 479, 398, 324, 278, 301, 143, 143, 129, 196, 7, 7, 70, 65, 319, 265, 428, 428, 428, 146, 146, 207, 207, 3, 358, 358, 143, 129, 414, 197, 197, 287, 197, 197, 7, 79, 236, 374, 374, 374, 374, 374, 132, 132, 43, 132, 132, 132, 132, 132, 132, 132, 132, 217, 354, 53, 345, 65, 134, 274, 129, 129, 129, 196, 196, 196, 473, 473, 252, 213, 19, 324, 246, 246, 19, 19, 454, 414, 414, 170, 170, 170, 170, 170, 170, 47, 47, 47, 47, 47, 2, 2, 2, 2, 2, 2, 73, 73, 73, 73, 73, 73, 20, 320, 83, 287, 111, 284, 319, 319, 203, 53, 250, 250, 276, 276, 174, 109, 438, 64, 146, 324, 324, 324, 464, 301, 251, 251, 251, 241, 431, 431, 331, 443, 443, 319, 330, 388, 348, 33, 33, 466, 199, 81, 81, 290, 290, 290, 171, 434, 246, 434, 301, 301, 354, 354, 239, 32, 354, 180, 106, 284, 405, 206, 240, 240, 401, 75, 224, 224, 224, 494, 106, 219, 485, 152, 374, 132, 153, 153, 153, 153, 182, 182, 43, 276, 276, 346, 346, 426, 319, 428, 85, 330, 388, 388, 94, 199, 398, 324, 10, 116, 116, 33, 33, 331, 250, 153, 153, 43, 276, 182, 182, 153, 182, 387, 387, 387, 387, 251, 239, 239, 35, 77, 77, 75, 226, 226, 287, 155, 25, 387, 387, 387, 387, 122, 239, 239, 36, 224, 162, 196, 494, 494, 416, 8, 280, 355, 486, 443, 240, 240, 199, 199, 464, 464, 464, 464, 120, 330, 368, 453, 114, 114, 114, 106, 494, 313, 338, 338, 436, 395, 395, 395, 106, 199, 199, 199, 348, 348, 212, 76, 76, 239, 371, 395, 106, 485, 286, 286, 139, 139, 496, 496, 496, 274, 274, 43, 8, 129, 458, 441, 441, 437, 426, 426, 426, 426, 348, 348, 303, 303, 303, 303, 303, 48, 170, 401, 401, 7, 7, 219, 374, 286, 286, 468, 374, 468, 467, 337, 337, 19, 19, 19, 454, 170, 170, 170, 187, 244, 170, 170, 392, 392, 47, 47, 47, 47, 47, 2, 2, 2, 2, 2, 2, 73, 2, 2, 73, 73, 73, 73, 73, 73, 289, 7, 320, 188, 171, 324, 324, 301, 339, 33, 250, 250, 331, 319, 319, 153, 387, 293, 122, 122, 43, 129, 458, 441, 441, 106, 284, 284, 284, 319, 319, 319, 203, 381, 381, 303, 303, 117, 48, 414, 414, 414, 170, 47, 47, 47, 80, 80, 80]

ep188
Train step Loss: [1.8116633892059326, 1.689677357673645, 1.5523767471313477, 1.7322725057601929, 2.113475799560547, 1.7055175304412842, 1.6532936096191406, 1.3609371185302734, 2.034057855606079, 1.6242083311080933, 1.3770930767059326, 1.8284703493118286, 1.634330153465271, 1.2834068536758423, 1.9045653343200684, 1.3847349882125854, 1.810326337814331, 1.8664525747299194, 2.1150639057159424, 1.367007851600647, 1.7591440677642822, 1.8322688341140747, 1.79032301902771, 1.474202275276184, 1.7880988121032715, 1.8454725742340088, 1.6645828485488892, 1.9126132726669312, 1.3752782344818115, 1.5656912326812744, 1.6292614936828613, 1.271214246749878, 1.5496488809585571, 1.3114054203033447, 1.608304500579834, 1.774165153503418, 1.2146201133728027, 1.3575371503829956, 1.506288766860962, 1.2160553932189941, 1.1616568565368652, 1.1794172525405884, 1.3678919076919556, 1.0466933250427246, 1.4901435375213623, 1.2115594148635864, 1.7700238227844238, 1.5298621654510498, 1.4292651414871216, 1.7150791883468628, 1.0488744974136353, 1.8007285594940186, 1.4746216535568237, 1.1305434703826904, 1.6884559392929077, 1.5864442586898804, 1.3015947341918945, 1.1778851747512817, 0.9370545744895935, 0.8064628839492798, 1.5262988805770874, 1.370692491531372, 1.458478331565857]
val step Loss: [0.8970859050750732, 1.1473978757858276, 0.8033627867698669, 0.9695038795471191, 0.8476043343544006, 0.9325806498527527, 0.9924272894859314, 1.053096055984497, 1.0064045190811157, 0.9876561164855957, 0.8339599967002869, 1.323121190071106, 0.9435805678367615, 1.2204333543777466, 0.8154926896095276, 1.0634108781814575]
Train step Accs: [0.6025886864813039, 0.6306292170092578, 0.6690660112359551, 0.6076886718134552, 0.5125251943564642, 0.6461346188180682, 0.6354019746121298, 0.7125, 0.5314193642888531, 0.6637122890744844, 0.7099863201094391, 0.58896, 0.6370870870870871, 0.7313786465274693, 0.5833452773398309, 0.7062080536912752, 0.6126924871675221, 0.568150917743032, 0.5522138680033417, 0.7188562596599691, 0.6185680566483084, 0.5973670712942384, 0.6333476949590694, 0.6855177043128041, 0.5920527769254372, 0.5826072386058981, 0.6337362790051411, 0.6066036170565787, 0.7146182495344506, 0.6643898836994646, 0.6577017114914425, 0.7253868389729637, 0.6542083578575633, 0.7305472636815921, 0.6427901157335002, 0.6338311315336014, 0.7524957619137314, 0.7115063924402446, 0.6780715396578538, 0.7531044558071585, 0.7605677741382, 0.7700619736214842, 0.7143893240498984, 0.794656619284124, 0.7002377954958735, 0.7455852476949524, 0.6278801843317973, 0.6704229700524853, 0.6921494686321563, 0.6446010158938227, 0.8018619712608783, 0.603456116416553, 0.6898859315589354, 0.7700926822520404, 0.6265077138849929, 0.6591787884367519, 0.7366876310272537, 0.7616838487972508, 0.8223481781376518, 0.8516380655226209, 0.6805293005671077, 0.7072603719599427, 0.6900921658986175]
val step Accs: [0.8372425629290617, 0.771815446339017, 0.8518848322944494, 0.8138110749185667, 0.8430321592649311, 0.8254814814814815, 0.8097268487674883, 0.7934248645925179, 0.8055901480559015, 0.8106033345328055, 0.8492508143322476, 0.730593607305936, 0.8232632807939287, 0.7618796198521647, 0.8584981140701794, 0.7967741935483871]
Preds: [17, 17, 287, 287, 284, 284, 480, 480, 85, 85, 240, 240, 240, 314, 325, 34, 84, 242, 242, 196, 217, 217, 473, 473, 398, 398, 398, 171, 171, 171, 171, 246, 246, 246, 246, 246, 246, 246, 246, 318, 318, 318, 269, 323, 323, 219, 213, 213, 213, 213, 246, 360, 360, 360, 246, 246, 19, 19, 19, 19, 454, 454, 454, 454, 414, 414, 414, 170, 82, 47, 47, 47, 80, 80, 80, 75, 66, 66, 66, 323, 323, 323, 273, 273, 106, 106, 153, 497, 497, 274, 122, 35, 458, 445, 445, 445, 351, 351, 351, 403, 403, 403, 290, 290, 290, 290, 434, 434, 434, 434, 434, 434, 434, 434, 434, 434, 434, 246, 19, 248, 259, 465, 445, 445, 445, 445, 351, 171, 171, 171, 171, 171, 252, 143, 445, 445, 464, 464, 443, 403, 171, 171, 240, 252, 143, 143, 458, 183, 74, 25, 420, 420, 213, 213, 213, 213, 246, 246, 246, 246, 246, 246, 246, 246, 246, 246, 197, 7, 127, 26, 31, 31, 162, 31, 31, 162, 232, 232, 232, 172, 172, 115, 115, 267, 267, 267, 286, 286, 286, 286, 286, 468, 468, 42, 42, 42, 147, 42, 42, 42, 345, 88, 288, 288, 360, 360, 360, 434, 434, 434, 318, 368, 77, 453, 453, 219, 219, 219, 324, 324, 464, 464, 464, 464, 464, 180, 315, 315, 315, 315, 282, 282, 450, 450, 413, 413, 175, 43, 276, 276, 153, 153, 153, 182, 182, 182, 182, 182, 182, 182, 375, 375, 98, 98, 98, 98, 13, 229, 229, 414, 312, 312, 312, 187, 23, 23, 23, 23, 12, 12, 260, 260, 391, 391, 73, 244, 73, 244, 321, 321, 321, 287, 287, 83, 83, 306, 372, 467, 467, 499, 499, 486, 460, 460, 460, 150, 150, 150, 342, 342, 224, 168, 494, 494, 494, 494, 162, 478, 342, 342, 172, 115, 273, 273, 273, 319, 319, 319, 319, 388, 348, 348, 348, 250, 250, 398, 398, 398, 398, 464, 464, 464, 464, 443, 443, 139, 282, 282, 282, 282, 388, 203, 399, 70, 65, 431, 65, 443, 443, 443, 443, 146, 438, 438, 219, 219, 324, 324, 324, 324, 301, 301, 132, 58, 337, 337, 464, 464, 464, 264, 120, 120, 376, 376, 460, 460, 263, 263, 263, 263, 263, 13, 78, 170, 170, 170, 170, 244, 28, 28, 2, 2, 244, 12, 12, 12, 12, 12, 63, 63, 63, 201, 2, 2, 244, 73, 244, 73, 73, 321, 320, 7, 7, 7, 309, 479, 479, 331, 398, 290, 290, 360, 360, 360, 360, 434, 434, 434, 434, 434, 434, 3, 335, 14, 287, 145, 111, 111, 111, 450, 450, 450, 43, 182, 497, 43, 43, 345, 109, 109, 109, 290, 290, 324, 324, 324, 324, 301, 301, 143, 259, 445, 445, 79, 420, 420, 213, 213, 213, 246, 246, 246, 246, 19, 19, 454, 454, 197, 401, 401, 321, 320, 209, 482, 487, 395, 395, 395, 468, 468, 468, 468, 288, 120, 120, 120, 282, 282, 37, 37, 271, 77, 243, 310, 310, 310, 338, 338, 338, 338, 338, 338, 338, 447, 447, 17, 17, 403, 403, 403, 403, 403, 403, 403, 403, 403, 403, 403, 403, 403, 403, 403, 403, 403, 403, 403, 403, 403, 403, 403, 403, 403, 403, 403, 403, 403, 403, 403, 403, 403, 403, 403, 403, 403, 403, 403, 403, 403, 403, 403, 403, 403, 403, 403, 403, 403, 403, 403, 403, 403, 403, 403, 403, 403, 403, 403, 403, 403, 403, 403, 403, 403, 403, 403, 403, 403, 403, 403, 403, 403, 403, 403, 403, 403, 403, 403, 403, 403, 403, 403]

ep189
Train step Loss: [1.5900170803070068, 1.7897595167160034, 1.4312142133712769, 1.5386154651641846, 1.3318161964416504, 1.3108820915222168, 1.2645509243011475, 1.7141276597976685, 1.64289128780365, 1.4354922771453857, 1.4571993350982666, 1.5889145135879517, 1.5043641328811646, 1.682917833328247, 1.2279785871505737, 1.4169734716415405, 1.431443452835083, 1.2010034322738647, 1.8929429054260254, 1.3396292924880981, 1.671358585357666, 1.083464503288269, 1.3923283815383911, 1.7878915071487427, 1.035232663154602, 1.2626668214797974, 1.543295979499817, 1.5120422840118408, 1.083928108215332, 1.0762720108032227, 1.416986107826233, 1.7051893472671509, 1.061362624168396, 1.470915675163269, 1.3227728605270386, 1.0392088890075684, 1.1597352027893066, 1.7204782962799072, 1.361061453819275, 1.6263376474380493, 1.3989317417144775, 1.263256311416626, 1.4200875759124756, 1.470861792564392, 0.8831814527511597, 1.8859238624572754, 1.601407766342163, 1.0730414390563965, 1.5705240964889526, 1.259155511856079, 1.3138561248779297, 1.7461929321289062, 1.8204563856124878, 1.4389501810073853, 1.23611581325531, 1.6905665397644043, 1.6153171062469482, 0.9814294576644897, 1.4553145170211792, 1.8356550931930542, 1.6829177141189575, 1.4966826438903809, 1.367772102355957]
val step Loss: [1.4259047508239746, 0.6454641222953796, 0.8990142345428467, 0.7266566157341003, 0.9987220168113708, 1.2314666509628296, 0.7347950339317322, 0.6420580148696899, 1.3188673257827759, 1.0246788263320923, 1.0775527954101562, 1.2002265453338623, 0.7397244572639465, 0.8790457844734192, 1.12885582447052, 0.8557237982749939]
Train step Accs: [0.6585409571607815, 0.6128720836685438, 0.6829139538975894, 0.6777231777231777, 0.7183426443202979, 0.7184070241455002, 0.7469471825805503, 0.6398188581594695, 0.6450402144772118, 0.6911573472041612, 0.6818902175479038, 0.7000975292587777, 0.7104304635761589, 0.6206120612061206, 0.7496859860039476, 0.6915036583544871, 0.701725918277032, 0.7479351483634139, 0.5699236641221374, 0.717306052855925, 0.649812473954716, 0.7919487648673376, 0.7129954841946814, 0.5956235545276641, 0.7940098773299347, 0.7390268798911195, 0.6651134826394108, 0.6747757073844031, 0.7803986103492412, 0.7799823633156967, 0.7043445552003009, 0.6136475208640157, 0.7938953073741264, 0.6933926107619194, 0.7251184834123223, 0.7917972087724295, 0.7493251754543818, 0.6045159083133766, 0.7054794520547946, 0.6569389373513085, 0.7005614472863381, 0.7610942249240121, 0.7001630354231511, 0.6774675227713902, 0.8352066401521702, 0.5990361445783132, 0.6405038759689923, 0.7858658397258038, 0.6651210716125708, 0.7466687568584418, 0.7379423868312757, 0.61921875, 0.5960695389266818, 0.6924833887043189, 0.7457860864235366, 0.6477438136826783, 0.6413218699623858, 0.8072889805741791, 0.6811852331606217, 0.5954162768942938, 0.6391165439644395, 0.6665270798436628, 0.7200956937799043]
val step Accs: [0.6982981620149762, 0.893595041322314, 0.8365384615384616, 0.8834203330847626, 0.8121479304433015, 0.7452570379436965, 0.8785877914027759, 0.9007222772978332, 0.7320700092117384, 0.8058823529411765, 0.7959347419096015, 0.7568178393852645, 0.8792740662809048, 0.8377374660762749, 0.7730610065411827, 0.8390297684674752]
Preds: [17, 287, 111, 111, 111, 111, 293, 43, 43, 43, 364, 276, 276, 153, 153, 387, 387, 387, 42, 406, 406, 406, 406, 380, 499, 499, 284, 284, 426, 426, 426, 426, 426, 426, 426, 426, 426, 413, 348, 348, 195, 10, 10, 309, 479, 331, 331, 307, 307, 426, 426, 306, 167, 167, 35, 35, 36, 77, 478, 342, 68, 68, 115, 115, 267, 267, 448, 464, 464, 464, 464, 180, 486, 284, 265, 85, 85, 85, 240, 285, 285, 285, 34, 134, 134, 132, 132, 251, 251, 251, 241, 431, 486, 486, 460, 240, 240, 35, 35, 77, 342, 342, 224, 494, 494, 422, 99, 338, 338, 338, 338, 338, 338, 400, 400, 400, 324, 324, 246, 246, 246, 246, 422, 99, 338, 338, 338, 338, 338, 338, 400, 400, 400, 374, 374, 374, 132, 132, 132, 132, 132, 132, 100, 497, 497, 129, 129, 129, 401, 401, 401, 74, 420, 213, 213, 213, 301, 143, 129, 129, 401, 354, 354, 74, 420, 213, 213, 324, 301, 301, 173, 173, 280, 280, 280, 280, 485, 213, 213, 213, 246, 246, 246, 19, 19, 454, 229, 170, 170, 170, 170, 82, 170, 187, 170, 292, 292, 292, 201, 201, 201, 408, 408, 391, 391, 73, 391, 391, 244, 73, 73, 73, 289, 66, 66, 66, 172, 172, 172, 115, 267, 267, 267, 267, 213, 246, 246, 246, 246, 246, 246, 246, 246, 246, 246, 301, 8, 354, 354, 354, 354, 354, 354, 84, 284, 284, 376, 460, 240, 240, 239, 35, 77, 224, 342, 342, 232, 172, 267, 494, 219, 152, 374, 374, 132, 139, 153, 153, 182, 182, 182, 182, 43, 43, 43, 276, 276, 276, 276, 346, 346, 284, 376, 376, 376, 376, 460, 263, 263, 263, 170, 170, 170, 170, 170, 170, 170, 170, 170, 47, 47, 2, 2, 2, 392, 392, 392, 73, 73, 73, 73, 287, 320, 7, 217, 473, 65, 476, 360, 330, 116, 94, 94, 195, 479, 331, 406, 88, 109, 109, 337, 41, 324, 324, 246, 246, 422, 186, 338, 338, 338, 338, 338, 338, 400, 400, 400, 464, 464, 464, 120, 240, 240, 239, 239, 378, 32, 239, 208, 100, 100, 250, 250, 250, 394, 394, 32, 32, 32, 354, 445, 445, 445, 180, 403, 171, 171, 416, 416, 458, 192, 192, 464, 443, 171, 171, 239, 8, 354, 354, 354, 354, 354, 420, 213, 213, 246, 246, 246, 246, 246, 246, 19, 19, 454, 414, 229, 170, 170, 126, 126, 326, 326, 408, 408, 391, 391, 391, 244, 73, 244, 73, 320, 320, 320, 7, 276, 276, 346, 346, 387, 387, 387, 240, 240, 35, 77, 354, 164, 188, 226, 226, 188, 171, 139, 139, 139, 139, 293, 122, 122, 35, 77, 68, 224, 494, 494, 106, 106, 497, 8, 416, 8, 208, 144, 27, 486, 443, 35, 94, 94, 94, 199, 199, 171, 207, 207, 31, 368, 368, 453, 453, 168, 494, 278, 278, 99, 338, 436, 436, 60, 60, 397, 106, 426, 426, 413, 413, 299, 143, 99, 338, 338, 338, 338, 338, 338, 400, 400, 213, 213, 324, 324, 464, 3, 358, 186, 338, 338, 338, 338, 338, 338, 395, 395, 273, 240, 169, 271, 116, 94, 251, 251, 431, 431, 486, 460, 146, 85, 146, 219, 219, 219, 219, 219, 324, 324, 324, 246, 246, 246, 246, 246, 19, 19, 454, 170, 414, 170, 47, 47, 47, 82, 82, 20, 155, 155, 380, 155, 25, 331, 331, 331, 217, 287, 320, 320, 7, 7, 42, 42, 42, 147, 147, 467, 337, 337, 19, 207, 19, 19, 19, 170, 17, 301, 171, 171, 171, 171, 171]

ep190
Train step Loss: [1.8671563863754272, 1.3593008518218994, 1.3165664672851562, 1.4114463329315186, 1.0200189352035522, 1.497945785522461, 1.4113740921020508, 1.3970448970794678, 2.0905814170837402, 1.1968735456466675, 1.6245942115783691, 1.6848548650741577, 1.8589626550674438, 1.6785908937454224, 1.7388426065444946, 1.169496774673462, 1.4583728313446045, 1.371644139289856, 1.269368052482605, 1.9047361612319946, 1.8733664751052856, 2.006911516189575, 1.159387230873108, 1.5327883958816528, 1.3007172346115112, 1.6816798448562622, 1.4855313301086426, 1.2785872220993042, 1.2903355360031128, 1.3735663890838623, 1.2038519382476807, 0.8350491523742676, 1.197106957435608, 1.2561546564102173, 1.8310905694961548, 0.9858061075210571, 1.4940266609191895, 0.7761890888214111, 1.184571623802185, 1.2008005380630493, 1.577288031578064, 1.7332475185394287, 1.3356913328170776, 1.6350305080413818, 1.7213566303253174, 1.2553361654281616, 1.2761907577514648, 1.170685052871704, 1.5157251358032227, 1.4628864526748657, 1.6494239568710327, 1.0627288818359375, 1.9358144998550415, 1.3218814134597778, 1.25316321849823, 1.2205904722213745, 1.2413619756698608, 1.3262659311294556, 1.418922781944275, 1.226460337638855, 1.1442015171051025, 1.2343074083328247, 0.786190390586853]
val step Loss: [1.486735463142395, 0.5863310098648071, 1.0277940034866333, 0.7871989607810974, 1.0030596256256104, 0.9006221294403076, 0.6133765578269958, 0.54048752784729, 0.9642993807792664, 0.7777321338653564, 1.0165075063705444, 0.7289559245109558, 0.6493989825248718, 0.6385902166366577, 0.7423909902572632, 0.5647712349891663]
Train step Accs: [0.6029512697323267, 0.7270875763747454, 0.7197703035274815, 0.7084864951254595, 0.8026421781859191, 0.6766031195840555, 0.6919768648969301, 0.7041942604856513, 0.5633069955675467, 0.7665167762020062, 0.6441736481340442, 0.6213933849401829, 0.5805084745762712, 0.6511592200214955, 0.6191813211171864, 0.7664312873438349, 0.683921568627451, 0.703030303030303, 0.7304079835632521, 0.5569510610653963, 0.5856929955290611, 0.5726439790575916, 0.7665089877010407, 0.6777331686226066, 0.7333225910409281, 0.6274329300368228, 0.6820368220268701, 0.721629340147302, 0.7368501999384804, 0.706240737691421, 0.7430555555555556, 0.8583320487128102, 0.7522542498152254, 0.7475116124751161, 0.5972515856236786, 0.8052899936265137, 0.7015427769985975, 0.8619111195880221, 0.7517762660619803, 0.7562173779551735, 0.6422950350550866, 0.6035320088300221, 0.7111327491074326, 0.6445880452342488, 0.6214506172839506, 0.7448589626933576, 0.7302875035582124, 0.753048309924371, 0.6886517943743938, 0.6802674438539346, 0.6315651604453176, 0.7837686567164179, 0.558729652090648, 0.7153272295693456, 0.7495275725820306, 0.7460949952183615, 0.7395833333333334, 0.7115416187818092, 0.690084985835694, 0.7561309977151561, 0.7570571630204658, 0.7394495412844037, 0.8697708257548199]
val step Accs: [0.6793132096372196, 0.9079112599413981, 0.7933852636955689, 0.8568641114982578, 0.8005544207761891, 0.8319945541184479, 0.8991790292380816, 0.9188968890096454, 0.8078721745908028, 0.8598016407493572, 0.7910976226605969, 0.8804615584078828, 0.8956684993965401, 0.8985078639602097, 0.8693446088794926, 0.9187894073139975]
Preds: [17, 287, 319, 319, 499, 240, 215, 35, 35, 75, 77, 351, 270, 168, 196, 441, 441, 350, 350, 348, 348, 250, 250, 199, 250, 250, 250, 132, 88, 88, 81, 431, 284, 284, 315, 284, 284, 206, 206, 169, 215, 35, 259, 354, 114, 114, 114, 470, 264, 403, 403, 264, 264, 264, 264, 264, 264, 264, 264, 264, 264, 264, 468, 468, 468, 406, 467, 337, 337, 264, 264, 171, 330, 330, 116, 10, 479, 479, 331, 65, 307, 426, 426, 426, 413, 348, 94, 94, 199, 331, 145, 486, 460, 169, 169, 150, 150, 342, 342, 224, 224, 494, 324, 422, 99, 99, 99, 338, 338, 338, 338, 400, 400, 213, 213, 213, 246, 246, 246, 246, 246, 246, 99, 99, 99, 338, 338, 338, 400, 400, 400, 324, 360, 374, 374, 374, 42, 42, 42, 147, 236, 288, 337, 420, 324, 324, 324, 246, 301, 301, 301, 143, 259, 196, 196, 473, 398, 360, 360, 360, 434, 434, 434, 434, 318, 77, 77, 342, 342, 342, 115, 168, 267, 267, 339, 339, 33, 398, 398, 398, 398, 398, 464, 468, 245, 245, 42, 43, 43, 441, 153, 153, 153, 387, 387, 122, 122, 122, 285, 398, 398, 398, 398, 464, 464, 464, 315, 315, 282, 282, 282, 282, 282, 263, 263, 263, 229, 259, 312, 312, 312, 126, 23, 23, 23, 23, 23, 23, 23, 23, 391, 101, 101, 101, 101, 149, 149, 321, 320, 320, 7, 276, 276, 153, 346, 346, 346, 346, 206, 206, 206, 206, 167, 35, 35, 445, 445, 351, 139, 139, 139, 139, 293, 293, 122, 186, 162, 54, 224, 224, 273, 494, 497, 175, 175, 81, 81, 443, 443, 443, 330, 388, 94, 199, 199, 331, 290, 290, 290, 434, 368, 368, 453, 453, 168, 168, 278, 278, 99, 99, 338, 436, 436, 395, 395, 106, 139, 139, 293, 293, 413, 122, 77, 77, 478, 342, 68, 342, 115, 273, 267, 267, 267, 444, 213, 246, 246, 246, 246, 19, 454, 454, 454, 414, 170, 170, 237, 249, 249, 47, 20, 249, 47, 20, 47, 80, 73, 289, 321, 320, 287, 287, 287, 64, 330, 206, 206, 206, 169, 215, 35, 35, 259, 259, 441, 441, 441, 153, 153, 153, 387, 372, 372, 372, 467, 467, 467, 467, 245, 245, 245, 43, 43, 276, 473, 65, 65, 46, 46, 438, 146, 438, 219, 219, 464, 464, 286, 468, 468, 337, 337, 337, 464, 464, 464, 180, 315, 486, 315, 460, 460, 460, 169, 349, 349, 349, 234, 234, 261, 25, 25, 499, 499, 265, 265, 376, 376, 85, 460, 263, 263, 263, 263, 414, 414, 414, 414, 312, 312, 312, 209, 287, 292, 292, 23, 12, 12, 260, 391, 391, 244, 391, 244, 244, 73, 244, 320, 320, 287, 287, 287, 287, 287, 265, 265, 265, 85, 85, 85, 85, 85, 146, 207, 207, 207, 19, 19, 17, 403, 403, 403, 403, 403, 403, 403, 403, 403, 403, 403, 403, 403, 403, 403, 403, 403, 403, 403, 403, 403, 403, 403, 403, 403, 403, 403, 403, 403, 403, 403, 403, 403, 403, 403, 403, 403, 403, 403, 403, 403, 403, 403, 403, 403, 403, 403, 403, 403, 403, 403, 403, 403, 403, 403, 403, 403, 403, 403, 403, 403, 403, 403, 403, 403, 403, 403, 403, 403, 403, 403, 403, 403, 403, 403, 403, 403, 403, 403, 403, 403, 403, 403, 403, 403, 403, 403, 403, 403, 403, 403, 403, 403, 403, 403, 403, 403, 403, 403, 403, 403, 403, 403, 403, 403, 403, 403, 403, 403, 403, 403, 403, 403, 403, 403, 403, 403, 403, 403, 403, 403, 403]

ep191
Train step Loss: [0.6787334680557251, 0.6910375356674194, 1.0400044918060303, 1.3204219341278076, 1.2154645919799805, 0.8499341607093811, 0.9197306632995605, 1.8160820007324219, 1.1058400869369507, 0.8908553719520569, 1.3840367794036865, 1.1788727045059204, 1.698645830154419, 1.8076802492141724, 1.703234314918518, 1.5351448059082031, 1.8561300039291382, 1.3073186874389648, 1.222843050956726, 1.3161612749099731, 1.662203073501587, 1.4867404699325562, 1.6329349279403687, 1.2896382808685303, 1.991212248802185, 1.4459019899368286, 1.4620614051818848, 1.1741714477539062, 1.1462067365646362, 1.2699614763259888, 1.419740915298462, 1.5510603189468384, 0.9363913536071777, 1.7107841968536377, 1.1702238321304321, 1.671080231666565, 1.3804454803466797, 1.0690890550613403, 1.1964808702468872, 1.4944069385528564, 1.6121114492416382, 1.5682315826416016, 1.391264796257019, 1.5442355871200562, 0.9715609550476074, 1.2765580415725708, 1.2654145956039429, 1.1978297233581543, 1.1556185483932495, 1.9381036758422852, 1.6315397024154663, 1.224676251411438, 1.346555471420288, 1.1643356084823608, 1.0978095531463623, 1.287033200263977, 1.5020356178283691, 1.7502750158309937, 1.2448252439498901, 1.0622106790542603, 1.699129343032837, 1.2776398658752441, 0.6891130208969116]
val step Loss: [1.1763145923614502, 1.1896190643310547, 1.1416698694229126, 0.9175471663475037, 0.7284227609634399, 0.7639981508255005, 1.0012367963790894, 0.6327460408210754, 0.6486787796020508, 1.047682762145996, 0.7158439755439758, 0.9097289443016052, 0.9917539358139038, 1.0666375160217285, 0.8126676678657532, 0.6637037992477417]
Train step Accs: [0.8860635696821516, 0.8805484147386461, 0.782787466326386, 0.7178972040850494, 0.7446777272059903, 0.8478296748638389, 0.8205625606207565, 0.606993006993007, 0.7694529698501534, 0.8258875739644971, 0.7037804246504402, 0.7538559389410081, 0.6413415468856948, 0.5996911196911197, 0.6254422643936958, 0.6626486915146709, 0.5819041986989947, 0.7273809523809524, 0.7378028542980418, 0.7255619445896497, 0.6408059654132953, 0.6804910914807606, 0.6322730799069046, 0.7366437233693871, 0.5553292600135777, 0.6864914707238359, 0.6755513247659845, 0.748457847840987, 0.7587175673442407, 0.7406466903673607, 0.6912344057780696, 0.6604004279382546, 0.8192280453257791, 0.6219420681374757, 0.7560025957170668, 0.6529209621993127, 0.7050706566916043, 0.7776579352850539, 0.7419245729748013, 0.6775115061101412, 0.6489928909952607, 0.655840099937539, 0.6919642857142857, 0.6757852077001013, 0.8136023916292975, 0.7187077588537443, 0.7284787735849056, 0.7384426085428019, 0.7543103448275862, 0.5616641901931649, 0.6386978450252178, 0.7544193119178864, 0.7113536406580876, 0.7522477522477522, 0.779449423815621, 0.7264067736814253, 0.6749258160237389, 0.6039203484754201, 0.7316256157635468, 0.7847572395908371, 0.632089429557784, 0.7276918500892327, 0.8877923976608187]
val step Accs: [0.7626074498567336, 0.7548720668169163, 0.7735564221914706, 0.8191018342820999, 0.8733788871844931, 0.8634756595050312, 0.8009608785175018, 0.8980928810598341, 0.8889323936309058, 0.7867370007535796, 0.8757358587151267, 0.8156331998342771, 0.8044648719632305, 0.7822505439850793, 0.8473713184695844, 0.8953379953379953]
Preds: [17, 17, 251, 251, 251, 251, 241, 431, 486, 486, 460, 169, 169, 35, 77, 342, 342, 224, 168, 494, 494, 422, 99, 99, 338, 338, 338, 338, 338, 400, 400, 400, 30, 324, 324, 464, 464, 464, 464, 355, 111, 111, 111, 438, 438, 219, 219, 219, 219, 464, 464, 464, 464, 84, 255, 43, 43, 43, 43, 276, 276, 345, 109, 109, 109, 41, 324, 246, 246, 246, 246, 3, 3, 197, 197, 197, 82, 197, 7, 7, 217, 473, 473, 398, 398, 360, 464, 464, 464, 464, 315, 315, 315, 319, 426, 426, 450, 450, 450, 450, 43, 43, 250, 276, 276, 276, 276, 346, 346, 346, 426, 426, 426, 426, 426, 284, 284, 284, 265, 265, 85, 85, 299, 299, 406, 406, 406, 406, 406, 42, 217, 473, 473, 278, 275, 275, 275, 275, 37, 37, 24, 8, 239, 354, 354, 106, 100, 8, 169, 349, 349, 349, 234, 234, 261, 261, 25, 148, 148, 148, 148, 148, 153, 153, 182, 182, 387, 372, 406, 406, 406, 406, 406, 406, 406, 134, 134, 302, 98, 98, 98, 98, 98, 13, 78, 82, 170, 170, 170, 82, 170, 28, 28, 28, 187, 187, 187, 12, 12, 23, 23, 23, 260, 260, 391, 249, 244, 244, 73, 249, 73, 73, 73, 73, 244, 320, 354, 420, 213, 213, 213, 213, 213, 252, 422, 143, 36, 36, 259, 310, 310, 310, 323, 323, 323, 395, 395, 374, 374, 374, 132, 132, 182, 182, 182, 98, 98, 98, 13, 13, 414, 170, 82, 170, 170, 170, 244, 2, 2, 2, 2, 2, 2, 102, 244, 244, 73, 316, 73, 73, 244, 289, 244, 287, 287, 287, 111, 111, 111, 240, 240, 251, 251, 251, 81, 106, 302, 88, 274, 274, 122, 32, 32, 239, 401, 82, 371, 371, 180, 443, 240, 460, 240, 35, 35, 35, 75, 401, 401, 224, 66, 172, 172, 273, 273, 273, 499, 284, 486, 460, 169, 150, 150, 150, 342, 342, 342, 232, 232, 232, 68, 68, 115, 267, 267, 267, 267, 267, 324, 324, 3, 3, 14, 440, 188, 171, 171, 120, 120, 271, 271, 143, 82, 270, 270, 433, 160, 172, 172, 97, 336, 226, 387, 287, 284, 284, 284, 306, 306, 306, 467, 59, 313, 59, 303, 303, 48, 170, 17, 83, 171, 171, 171, 171, 171, 171, 171, 171, 171, 171, 171, 171, 171, 171, 171, 403, 403, 403, 403, 403, 403, 403, 403, 403, 403, 403, 403, 403, 403, 403, 403, 403, 403, 403, 403, 403, 403, 403, 403, 403, 403, 403, 403, 403, 403, 403, 403, 403, 403, 403, 403, 403, 403, 403, 403, 403, 403, 403, 403, 403, 403, 403, 403, 403, 403, 403, 403, 403, 403, 403, 403, 403, 403, 403, 403, 403, 403, 403, 403, 403, 403, 403, 403, 403, 403, 403, 403, 403, 403, 403, 403, 403, 403, 403, 403, 403, 403, 403, 403, 403, 403, 403, 403, 403, 403, 403, 403, 403, 403, 403, 403, 403, 403, 403, 403, 403, 403, 403, 403, 403, 403, 403, 403, 403, 403, 403, 403, 403, 403, 403, 403, 403, 403, 403, 403, 403, 403, 403, 403, 403, 403, 403, 403, 403, 403, 403, 403, 403, 403, 403, 403, 403, 403, 403, 403, 403, 403, 403, 403, 403, 403, 403, 403, 403, 403, 403, 403, 403, 403, 403, 403, 403, 403, 403, 403, 403, 403, 403, 403, 403, 403, 403, 403, 403, 403, 403, 403, 403, 403, 403, 403, 403, 403, 403, 403, 403, 403, 403, 403, 403, 403, 403, 403, 403, 403, 403, 403, 403, 403, 403, 403, 403, 403, 403, 403, 403, 403, 403, 403, 403]

ep192
Train step Loss: [1.117902159690857, 1.7501845359802246, 1.1652135848999023, 1.8063474893569946, 1.0556331872940063, 1.1969718933105469, 1.5440266132354736, 1.4279264211654663, 1.1793376207351685, 1.5060200691223145, 1.3907160758972168, 1.2103902101516724, 1.3677129745483398, 1.535248041152954, 1.4853894710540771, 1.4264942407608032, 1.1934893131256104, 1.7691171169281006, 1.0422848463058472, 0.8131833672523499, 0.9728800058364868, 1.0579626560211182, 1.0796033143997192, 1.125442385673523, 1.5375583171844482, 1.5724596977233887, 1.7005468606948853, 1.6314412355422974, 1.549548864364624, 1.5101239681243896, 1.7074004411697388, 1.2380610704421997, 1.491564393043518, 1.2858022451400757, 1.353247880935669, 1.4616390466690063, 1.4512579441070557, 1.5145082473754883, 1.0408042669296265, 1.281146764755249, 1.6771650314331055, 0.968855619430542, 0.7707560062408447, 1.352144479751587, 1.2264620065689087, 1.273310661315918, 1.3990973234176636, 1.368888258934021, 1.3989405632019043, 1.237971305847168, 1.5797168016433716, 1.4874012470245361, 0.9512180685997009, 1.2431004047393799, 1.5184473991394043, 0.8256000280380249, 1.485491394996643, 0.957638144493103, 1.4137300252914429, 1.0574241876602173, 1.458498239517212, 1.2803279161453247, 1.6050984859466553]
val step Loss: [0.9972779750823975, 1.050930142402649, 0.7326170206069946, 1.1019223928451538, 0.8672520518302917, 1.0593355894088745, 0.8429802656173706, 1.0300194025039673, 0.7641541957855225, 0.6633358001708984, 0.9318968057632446, 0.8339672088623047, 1.117357850074768, 0.7646476030349731, 0.8885349631309509, 1.0885374546051025]
Train step Accs: [0.7564679415073116, 0.6058795025036343, 0.7567143081514057, 0.593564284678939, 0.7877372702621271, 0.7442533354766114, 0.6526563550773369, 0.6840006645622196, 0.7605258778498918, 0.6673988076561029, 0.6864038895641604, 0.7501973788094111, 0.7022516139190679, 0.6820011500862565, 0.6794197127008961, 0.6970730831388041, 0.7528435290501075, 0.5976994323274574, 0.792411755559011, 0.848180677540778, 0.8019915741095366, 0.7854300051912095, 0.7736249387954953, 0.7740369051472968, 0.6612367547050451, 0.657805506578055, 0.6122562674094707, 0.6530139103554868, 0.6499110320284698, 0.667180574291771, 0.6146757085724222, 0.7395865956780457, 0.6763140385894877, 0.727561196736174, 0.7190598017268948, 0.6715481171548117, 0.6941474904874071, 0.6644560240012632, 0.7861635220125787, 0.726793607616457, 0.6337103756458595, 0.8031994667555408, 0.8610018806633613, 0.7192179700499168, 0.7303158887317304, 0.7204743083003953, 0.6871468926553672, 0.7113172541743971, 0.6861710895005769, 0.7574941662179142, 0.6348840779978504, 0.668003702560938, 0.8065835605765485, 0.7232664665929553, 0.6540284360189573, 0.8445104960059446, 0.6703380755698333, 0.807785153892577, 0.6972612879348631, 0.7739000992391664, 0.6777831480586435, 0.7154193460117663, 0.644808743169399]
val step Accs: [0.8050420168067227, 0.7893266686268744, 0.8652403445401501, 0.7802135231316726, 0.8342634652822842, 0.7846757778423961, 0.8368557656655543, 0.7974912711754817, 0.8587834427057042, 0.8935995623632386, 0.8144938952343442, 0.8410771592018976, 0.7741690696615572, 0.8606498194945849, 0.8327308120133482, 0.7710666421883605]
Preds: [17, 17, 196, 309, 479, 479, 398, 398, 360, 360, 360, 252, 252, 35, 259, 164, 127, 420, 41, 324, 213, 213, 360, 246, 246, 19, 19, 19, 454, 454, 454, 454, 414, 170, 82, 170, 170, 170, 170, 201, 237, 237, 237, 237, 237, 28, 201, 12, 12, 12, 12, 12, 12, 12, 12, 12, 244, 12, 12, 12, 63, 244, 2, 2, 63, 63, 63, 392, 63, 63, 63, 63, 63, 392, 244, 73, 73, 73, 289, 289, 321, 321, 320, 287, 287, 287, 284, 284, 284, 284, 284, 486, 443, 330, 330, 330, 388, 388, 77, 243, 243, 197, 414, 414, 414, 249, 197, 197, 197, 197, 7, 7, 7, 7, 309, 479, 331, 331, 331, 315, 315, 315, 315, 460, 450, 167, 167, 457, 457, 196, 473, 398, 398, 324, 324, 171, 171, 171, 171, 171, 171, 171, 171, 434, 434, 3, 3, 197, 259, 188, 188, 339, 331, 58, 399, 399, 250, 345, 65, 65, 174, 319, 319, 388, 94, 199, 331, 145, 145, 145, 264, 264, 264, 468, 468, 443, 443, 443, 169, 150, 150, 342, 342, 342, 342, 342, 115, 267, 267, 267, 267, 267, 324, 324, 464, 464, 464, 368, 31, 271, 271, 31, 31, 342, 232, 232, 86, 86, 68, 336, 273, 27, 437, 499, 499, 499, 306, 306, 85, 146, 146, 59, 59, 59, 452, 452, 263, 414, 414, 414, 414, 414, 47, 47, 47, 47, 80, 244, 321, 320, 320, 345, 100, 100, 100, 497, 132, 122, 122, 122, 216, 310, 384, 371, 180, 180, 443, 443, 486, 486, 443, 240, 240, 240, 285, 34, 134, 134, 88, 88, 134, 313, 285, 285, 34, 41, 324, 324, 324, 324, 246, 246, 246, 246, 324, 3, 3, 464, 14, 440, 145, 145, 145, 265, 265, 450, 85, 85, 85, 85, 299, 468, 468, 406, 406, 406, 467, 467, 337, 337, 337, 324, 324, 324, 324, 19, 301, 173, 259, 354, 354, 106, 355, 376, 376, 376, 376, 376, 17, 403, 403, 403, 403, 403, 403, 403, 403, 403, 403, 403, 403, 403, 403, 403, 403, 403, 403, 403, 403, 403, 403, 403, 403, 403, 403, 403, 403, 403, 403, 403, 403, 403, 403, 403, 403, 403, 403, 403, 403, 403, 403, 403, 403, 403, 403, 403, 403, 403, 403, 403, 403, 403, 403, 403, 403, 403, 403, 403, 403, 403, 403, 403, 403, 403, 403, 403, 403, 403, 403, 403, 403, 403, 403, 403, 403, 403, 403, 403, 403, 403, 403, 403, 403, 403, 403, 403, 403, 403, 403, 403, 403, 403, 403, 403, 403, 403, 403, 403, 403, 403, 403, 403, 403, 403, 403, 403, 403, 403, 403, 403, 403, 403, 403, 403, 403, 403, 403, 403, 403, 403, 403, 403, 403, 403, 403, 403, 403, 403, 403, 403, 403, 403, 403, 403, 403, 403, 403, 403, 403, 403, 403, 403, 403, 403, 403, 403, 403, 403, 403, 403, 403, 403, 403, 403, 403, 403, 403, 403, 403, 403, 403, 403, 403, 403, 403, 403, 403, 403, 403, 403, 403, 403, 403, 403, 403, 403, 403, 403, 403, 403, 403, 403, 403, 403, 403, 403, 403, 403, 403, 403, 403, 403, 403, 403, 403, 403, 403, 403, 403, 403, 403, 403, 403, 403, 403, 403, 403, 403, 403, 403, 403, 403, 403, 403, 403, 403, 403, 403, 403, 403, 403, 403, 403, 403, 403, 403, 403, 403, 403, 403, 403, 403, 403, 403, 403, 403, 403, 403, 403, 403, 403, 403, 403, 403, 403, 403, 403, 403, 403, 403, 403, 403, 403, 403, 403, 403, 403, 403, 403, 403, 403, 403, 403, 403, 403, 403, 403, 403, 403, 403]

ep193
Train step Loss: [1.1297804117202759, 1.8744494915008545, 1.4440081119537354, 1.2827012538909912, 1.2742137908935547, 1.0985995531082153, 1.3346599340438843, 1.373150110244751, 1.244400978088379, 1.7091068029403687, 0.9813196659088135, 1.0856003761291504, 1.7757829427719116, 1.140812873840332, 1.065577745437622, 1.418857455253601, 1.500554084777832, 1.3540630340576172, 1.093490719795227, 1.3536964654922485, 1.2593926191329956, 1.4879639148712158, 1.2178945541381836, 1.6909362077713013, 1.1666826009750366, 1.5991934537887573, 1.6445590257644653, 1.5069153308868408, 1.5091458559036255, 1.371937870979309, 1.2359349727630615, 1.1883103847503662, 1.045275330543518, 0.9851527810096741, 1.0119730234146118, 0.6502357125282288, 1.1847355365753174, 1.571336269378662, 1.2195600271224976, 1.61564302444458, 1.5278106927871704, 1.342421293258667, 1.596689224243164, 1.6439021825790405, 1.2036889791488647, 1.1513949632644653, 1.4806902408599854, 1.2124780416488647, 1.5225306749343872, 1.0041435956954956, 0.9744611382484436, 1.4899877309799194, 1.6384811401367188, 1.1346731185913086, 0.9869904518127441, 1.4762452840805054, 1.1151819229125977, 0.8671284914016724, 1.6477489471435547, 1.1001471281051636, 1.5373190641403198, 1.503098964691162, 0.9076629877090454]
val step Loss: [0.842222273349762, 0.8090357184410095, 0.6990329027175903, 0.6343158483505249, 0.7666957974433899, 1.1880416870117188, 0.878278911113739, 1.1213103532791138, 0.8270435333251953, 1.0423310995101929, 0.8883047103881836, 0.9912697672843933, 0.8009814620018005, 1.1582233905792236, 0.9096146821975708, 0.9960398077964783]
Train step Accs: [0.7601193807125536, 0.5757759273277819, 0.6776834445118254, 0.7157829839704068, 0.7103956156876178, 0.7793973141172618, 0.7230429614535575, 0.6849450239639132, 0.739577905158937, 0.6123333333333333, 0.81520487082442, 0.7754691689008043, 0.585878170948457, 0.7688247712878254, 0.7888320288982541, 0.69348830278647, 0.6737588652482269, 0.70757551795034, 0.7656128328920729, 0.6978723404255319, 0.7324028215518535, 0.6571514423076923, 0.7412161078132521, 0.6458333333333334, 0.7538051153302997, 0.6561016949152543, 0.6405940594059406, 0.6665578053559765, 0.6752511415525114, 0.7241756524456946, 0.7278921220723917, 0.7453039491199527, 0.7895322939866369, 0.7960836000753154, 0.7915990625563367, 0.8918108012707378, 0.7466508394098694, 0.6416270296867311, 0.7419088507265522, 0.646445792502722, 0.6577405857740586, 0.7120994739359159, 0.6436482975523041, 0.6254266211604096, 0.7372159090909091, 0.7544388609715242, 0.6742162891855408, 0.7340622683469237, 0.6651844101490976, 0.7877997914494265, 0.8001686340640809, 0.669140689427676, 0.6390265228796269, 0.766447985004686, 0.8019306399713979, 0.6672853045385524, 0.7546280713564456, 0.8362196932211776, 0.6346343525433281, 0.7688458972648432, 0.660901380342591, 0.6761788493819625, 0.8175035868005739]
val step Accs: [0.8406384927384535, 0.8535175525165656, 0.8723837999456374, 0.8977777777777778, 0.8623052122514777, 0.752925068459049, 0.8278492372120849, 0.7703991965854883, 0.8421670826604023, 0.7911001236093943, 0.8318768206408655, 0.8046282245827011, 0.8520516825216528, 0.7625299835879308, 0.820218996689585, 0.799497487437186]
Preds: [17, 17, 7, 212, 384, 445, 180, 180, 443, 330, 330, 143, 457, 35, 127, 114, 114, 284, 443, 443, 330, 330, 330, 240, 35, 239, 29, 420, 420, 398, 360, 360, 360, 360, 360, 434, 318, 186, 186, 186, 162, 162, 482, 482, 482, 482, 115, 273, 273, 273, 273, 151, 319, 330, 330, 146, 299, 219, 219, 219, 324, 324, 477, 477, 477, 374, 132, 43, 43, 43, 364, 364, 276, 364, 276, 345, 345, 345, 132, 219, 477, 477, 152, 374, 301, 422, 143, 349, 205, 259, 25, 287, 287, 284, 284, 284, 284, 206, 206, 206, 413, 203, 8, 364, 276, 276, 346, 346, 499, 306, 306, 468, 468, 406, 406, 467, 467, 376, 376, 376, 376, 460, 460, 460, 263, 263, 263, 13, 414, 170, 82, 170, 170, 170, 28, 12, 12, 12, 20, 12, 12, 12, 12, 2, 12, 391, 391, 391, 289, 321, 321, 412, 287, 287, 287, 460, 253, 169, 150, 150, 150, 323, 224, 224, 494, 494, 494, 494, 186, 99, 99, 99, 338, 338, 338, 338, 400, 400, 400, 444, 213, 171, 246, 246, 246, 246, 246, 246, 99, 99, 99, 338, 338, 338, 400, 400, 400, 400, 290, 360, 434, 339, 434, 250, 250, 250, 497, 497, 497, 122, 259, 280, 445, 420, 420, 420, 213, 301, 301, 143, 458, 192, 354, 420, 420, 213, 213, 213, 246, 246, 374, 374, 301, 173, 280, 280, 41, 41, 41, 246, 246, 246, 19, 19, 19, 454, 454, 454, 414, 82, 320, 320, 7, 7, 309, 309, 398, 398, 398, 398, 360, 360, 360, 286, 286, 464, 464, 464, 464, 330, 330, 330, 203, 203, 399, 250, 250, 250, 250, 276, 276, 346, 174, 426, 426, 350, 413, 274, 219, 219, 464, 464, 340, 116, 116, 116, 43, 43, 276, 276, 276, 138, 153, 387, 387, 497, 175, 175, 175, 464, 464, 331, 180, 376, 376, 376, 376, 376, 460, 263, 263, 263, 13, 78, 78, 170, 170, 170, 28, 28, 2, 392, 244, 392, 392, 392, 392, 392, 244, 392, 73, 244, 73, 321, 320, 320, 7, 7, 241, 241, 431, 106, 153, 153, 182, 182, 182, 182, 182, 182, 497, 497, 122, 122, 122, 129, 197, 259, 259, 411, 437, 437, 437, 284, 481, 481, 405, 206, 206, 206, 167, 35, 35, 35, 77, 478, 66, 172, 172, 172, 115, 273, 267, 267, 485, 286, 374, 374, 374, 374, 132, 33, 368, 49, 49, 453, 323, 219, 107, 395, 395, 395, 286, 464, 264, 264, 264, 120, 120, 120, 240, 240, 385, 36, 36, 364, 364, 43, 248, 394, 394, 212, 212, 477, 477, 487, 487, 374, 374, 374, 116, 33, 132, 132, 98, 17, 17, 188, 403, 403, 403, 403, 403, 403, 403, 403, 403, 403, 403, 403, 403, 403, 403, 403, 403, 403, 403, 403, 403, 403, 403, 403, 403, 403, 403, 403, 403, 403, 403, 403, 403, 403, 403, 403, 403, 403, 403, 403, 403, 403, 403, 403, 403, 403, 403, 403, 403, 403, 403, 403, 403, 403, 403, 403, 403, 403, 403, 403, 403, 403, 403, 403, 403, 403, 403, 403, 403, 403, 403, 403, 403, 403, 403, 403, 403, 403, 403, 403, 403, 403, 403, 403, 403, 403, 403, 403, 403, 403, 403, 403, 403, 403, 403, 403, 403, 403, 403, 403, 403, 403, 403, 403, 403, 403, 403, 403, 403, 403, 403, 403, 403, 403, 403, 403, 403, 403, 403, 403, 403, 403, 403, 403, 403, 403, 403, 403, 403, 403, 403, 403, 403, 403, 403, 403, 403, 403, 403, 403, 403, 403, 403, 403, 403, 403, 403, 403, 403, 403, 403, 403]

ep194
Train step Loss: [1.2466440200805664, 1.2715340852737427, 1.5611599683761597, 0.8548671007156372, 0.9775645136833191, 1.3365436792373657, 1.2485796213150024, 1.6949553489685059, 1.0795493125915527, 1.1881754398345947, 1.4757351875305176, 1.1380112171173096, 1.0966405868530273, 1.1238919496536255, 0.8923985958099365, 1.5855542421340942, 1.2314486503601074, 1.5638465881347656, 1.1764273643493652, 1.556054711341858, 1.5371378660202026, 1.3273245096206665, 1.387811541557312, 0.912875235080719, 1.2215187549591064, 0.8594125509262085, 1.0208685398101807, 1.4846973419189453, 1.1287139654159546, 1.19403874874115, 1.8506025075912476, 1.359427809715271, 1.3321994543075562, 1.659225583076477, 1.2189329862594604, 1.3459631204605103, 1.3344271183013916, 1.3104076385498047, 1.8417434692382812, 1.0881528854370117, 1.1372764110565186, 1.4115831851959229, 1.2799166440963745, 1.3307069540023804, 1.0079214572906494, 0.9102558493614197, 0.9783039689064026, 2.1147890090942383, 1.423821210861206, 1.3593333959579468, 1.7343770265579224, 1.8024041652679443, 2.1324567794799805, 0.8370816111564636, 0.9294317364692688, 1.0832171440124512, 1.2661659717559814, 1.2104451656341553, 1.2293035984039307, 1.2053896188735962, 1.1409950256347656, 1.335976004600525, 1.708846092224121]
val step Loss: [0.776157021522522, 1.052040934562683, 0.9942856431007385, 0.6973068118095398, 0.9984456300735474, 0.6356016397476196, 0.9197077751159668, 0.8731271028518677, 1.1746197938919067, 0.9249486327171326, 0.7666696906089783, 0.9280347228050232, 0.7885851860046387, 0.920754611492157, 0.9061778783798218, 0.8745778799057007]
Train step Accs: [0.7365387532231155, 0.7253708040593286, 0.6650124069478908, 0.831468181058961, 0.8053486797562627, 0.7095098993833171, 0.7239074550128535, 0.6141828763976107, 0.7718446601941747, 0.754663902872372, 0.6725300016439257, 0.7604201400466822, 0.7787769784172662, 0.7602786272511043, 0.8150460433900422, 0.637524557956778, 0.729572338489536, 0.6452397498262682, 0.7425699928212491, 0.6323409793395152, 0.6664514045850823, 0.7078591749644382, 0.6925894618202311, 0.8147290412227883, 0.7354873069412391, 0.8250792393026941, 0.7864707153663281, 0.6795084689471936, 0.7598490566037736, 0.7396636299929923, 0.5808392239434501, 0.7046563192904657, 0.7141007194244604, 0.6299483648881239, 0.7407938785270206, 0.7062165232916734, 0.7096239854232235, 0.7154030327214684, 0.5921072007068179, 0.7718769816106531, 0.7536855036855037, 0.6794250898297141, 0.7239158437097467, 0.7009263343625938, 0.7873916689963657, 0.8182326621923938, 0.803972366148532, 0.5188184135552557, 0.693826334281412, 0.6995037945125511, 0.5856839121190645, 0.589537925021796, 0.5295154185022026, 0.8386630532971996, 0.8156434269857787, 0.7811714672337136, 0.7172972218344269, 0.7409796060658881, 0.7511232130701158, 0.7407356194690266, 0.7613636363636364, 0.7062631737428485, 0.6619519094766619]
val step Accs: [0.8591010939765388, 0.7892174759644639, 0.8083275180274483, 0.8724727838258165, 0.8043363994743759, 0.8882534775888717, 0.8198564269267236, 0.8272374619008035, 0.7476278334211913, 0.8173709606667642, 0.8545786004767915, 0.806567825966468, 0.8479202204435113, 0.8280813214739517, 0.8236088195590221, 0.829995913363302]
Preds: [17, 17, 30, 324, 422, 143, 164, 164, 164, 14, 287, 287, 145, 111, 111, 111, 330, 438, 438, 335, 14, 14, 14, 411, 287, 145, 145, 486, 486, 428, 85, 85, 299, 207, 207, 19, 19, 454, 454, 454, 170, 170, 170, 170, 312, 312, 187, 187, 187, 1, 1, 1, 1, 408, 408, 391, 391, 321, 228, 321, 321, 320, 287, 287, 287, 287, 284, 284, 284, 284, 284, 284, 426, 426, 426, 450, 293, 293, 293, 122, 349, 349, 349, 234, 234, 234, 261, 25, 25, 106, 346, 346, 426, 480, 480, 85, 85, 299, 388, 388, 116, 10, 398, 398, 398, 398, 464, 464, 464, 139, 315, 315, 315, 315, 426, 450, 450, 450, 450, 413, 413, 250, 250, 43, 276, 346, 346, 284, 284, 284, 284, 426, 426, 426, 426, 426, 426, 413, 413, 413, 43, 43, 276, 276, 346, 346, 499, 428, 428, 146, 240, 240, 285, 285, 406, 337, 337, 324, 324, 422, 368, 31, 162, 232, 232, 172, 115, 115, 267, 267, 267, 267, 324, 3, 3, 3, 188, 188, 464, 464, 120, 120, 271, 271, 31, 162, 232, 232, 232, 232, 172, 172, 115, 273, 273, 273, 273, 151, 84, 84, 84, 355, 355, 355, 452, 452, 452, 263, 263, 414, 414, 170, 170, 170, 170, 28, 28, 244, 2, 2, 2, 2, 2, 2, 2, 63, 63, 63, 63, 63, 63, 63, 63, 63, 244, 321, 249, 249, 249, 249, 320, 7, 7, 345, 153, 497, 497, 497, 122, 122, 216, 58, 58, 110, 110, 110, 443, 443, 486, 460, 240, 240, 240, 285, 285, 285, 106, 134, 134, 88, 88, 88, 42, 42, 42, 147, 380, 288, 288, 213, 213, 213, 246, 246, 246, 246, 246, 246, 246, 19, 19, 19, 454, 414, 414, 414, 414, 170, 170, 47, 47, 28, 40, 40, 40, 40, 2, 40, 40, 63, 63, 63, 63, 2, 63, 63, 2, 63, 244, 63, 63, 63, 63, 63, 63, 63, 63, 63, 63, 73, 73, 73, 321, 102, 102, 320, 7, 7, 7, 152, 152, 152, 152, 374, 374, 378, 378, 43, 43, 276, 276, 276, 346, 346, 346, 284, 284, 284, 284, 284, 206, 206, 206, 206, 206, 206, 206, 167, 35, 35, 259, 259, 74, 437, 437, 437, 284, 284, 284, 284, 284, 284, 426, 426, 426, 426, 426, 426, 426, 206, 282, 282, 388, 388, 348, 199, 199, 467, 337, 337, 264, 207, 207, 464, 464, 468, 468, 467, 467, 467, 467, 245, 245, 497, 349, 349, 155, 155, 155, 155, 155, 441, 148, 148, 148, 153, 153, 182, 182, 182, 182, 182, 182, 182, 182, 182, 497, 497, 497, 43, 43, 276, 70, 70, 65, 46, 46, 46, 428, 146, 146, 146, 146, 219, 219, 464, 464, 286, 374, 374, 374, 132, 337, 324, 324, 464, 464, 355, 355, 355, 355, 263, 263, 17, 143, 171, 171, 171, 171, 171, 171, 171, 171, 171, 171, 403, 403, 403, 403, 403, 403, 403, 403, 403, 403, 403, 403, 403, 403, 403, 403, 403, 403, 403, 403, 403, 403, 403, 403, 403, 403, 403, 403, 403, 403, 403, 403, 403, 403, 403, 403, 403, 403, 403, 403, 403, 403, 403, 403, 403, 403, 403, 403, 403, 403, 403, 403, 403, 403, 403, 403, 403, 403, 403, 403, 403, 403, 403, 403, 403, 403, 403, 403, 403, 403, 403, 403, 403, 403, 403, 403, 403, 403, 403, 403, 403, 403, 403, 403, 403, 403, 403, 403, 403, 403, 403, 403, 403, 403, 403, 403, 403, 403, 403, 403, 403, 403, 403, 403, 403, 403, 403, 403, 403, 403, 403, 403, 403, 403, 403]

ep195
Train step Loss: [0.8961467742919922, 1.3341516256332397, 1.422296166419983, 1.877719759941101, 1.1195404529571533, 1.2814077138900757, 1.1294405460357666, 1.441685438156128, 1.2085126638412476, 1.209851861000061, 1.0005720853805542, 1.2713514566421509, 1.0246468782424927, 1.841745376586914, 1.06863534450531, 1.2318115234375, 1.5076394081115723, 1.690799593925476, 1.4897043704986572, 1.231347918510437, 1.411236047744751, 1.4710355997085571, 1.2920571565628052, 1.0496068000793457, 1.016650915145874, 1.8391834497451782, 0.9609144330024719, 1.216800570487976, 0.9202806949615479, 1.1162965297698975, 1.543184757232666, 1.5918759107589722, 1.4276903867721558, 1.4153019189834595, 1.2594870328903198, 1.303085446357727, 0.9482611417770386, 1.3199069499969482, 1.1491801738739014, 1.3086328506469727, 1.3180972337722778, 1.1125245094299316, 0.9666168093681335, 1.0493505001068115, 1.0720072984695435, 1.2807117700576782, 1.6191856861114502, 1.2300916910171509, 1.387229561805725, 1.062791109085083, 1.811244249343872, 1.2319568395614624, 1.5157527923583984, 1.3850828409194946, 1.5303122997283936, 1.2154877185821533, 1.6913528442382812, 1.2891496419906616, 1.2372123003005981, 1.2704588174819946, 1.3154276609420776, 1.5284104347229004, 1.3447209596633911]
val step Loss: [0.7995955348014832, 0.9040295481681824, 1.012842059135437, 0.8482747077941895, 0.9827531576156616, 0.9455744028091431, 1.2715007066726685, 0.4964374899864197, 0.9470723271369934, 1.0596168041229248, 0.803862452507019, 0.8598184585571289, 0.7158311605453491, 0.749897837638855, 0.6131402850151062, 1.019077181816101]
Train step Accs: [0.8349073737740647, 0.7125689240774777, 0.6806661839246922, 0.5779801593755082, 0.7566686425607587, 0.7205709487825357, 0.7586262495969043, 0.6876669285153182, 0.7334492020856376, 0.7362888482632541, 0.799664241745943, 0.718917166477549, 0.7808195592286501, 0.5796207800215816, 0.7797397769516728, 0.7294429708222812, 0.6611102374587199, 0.6107480029048656, 0.6610840438489647, 0.7226471566345195, 0.6984550829677666, 0.6844936708860759, 0.7172926124638878, 0.7802245250431779, 0.8104096576291312, 0.584173249795696, 0.801303425280388, 0.7339016869218211, 0.8189715079916609, 0.7464411321386702, 0.6566465256797583, 0.6630803242446573, 0.6815561959654178, 0.6871757925072046, 0.7166927219037693, 0.7305782710280374, 0.7962000649561546, 0.720153098778154, 0.7698000314911038, 0.7028186274509803, 0.7137989778534923, 0.7663755458515283, 0.7963908750425605, 0.7780730897009966, 0.7632393084622384, 0.7183349530288305, 0.6477847160273565, 0.7307905943343825, 0.7018837018837019, 0.7722500403811985, 0.588072505880725, 0.7314958191390524, 0.660377358490566, 0.6918800539083558, 0.6495557749259625, 0.7516011770815302, 0.6242221884959781, 0.7261423220973783, 0.7471051412691061, 0.7230166503428012, 0.7040768141035731, 0.6528573527251359, 0.7010785824345146]
val step Accs: [0.8437132784958872, 0.8177152075084323, 0.7908957806468787, 0.8433916716958358, 0.8035087719298246, 0.811686654758867, 0.7351710203492567, 0.9294117647058824, 0.8054381515919977, 0.7843010474589422, 0.8473330009970089, 0.8365899191039203, 0.8643769264641127, 0.8609658192434011, 0.8951540532455878, 0.7909325311559948]
Preds: [17, 17, 217, 217, 217, 473, 473, 65, 264, 264, 264, 264, 264, 264, 468, 468, 468, 467, 337, 337, 337, 337, 301, 301, 422, 129, 401, 7, 7, 7, 473, 109, 264, 271, 468, 468, 337, 337, 337, 171, 171, 434, 434, 339, 339, 33, 94, 398, 398, 324, 324, 301, 301, 416, 8, 43, 43, 43, 276, 276, 153, 182, 182, 182, 182, 481, 293, 293, 122, 129, 129, 458, 75, 208, 208, 437, 437, 481, 405, 405, 405, 426, 206, 396, 396, 285, 315, 426, 426, 480, 480, 480, 315, 282, 282, 303, 98, 98, 98, 48, 48, 48, 417, 170, 170, 170, 170, 392, 392, 63, 63, 63, 63, 63, 63, 63, 63, 63, 63, 63, 63, 63, 63, 63, 63, 73, 392, 244, 289, 289, 82, 7, 309, 479, 331, 290, 290, 360, 360, 434, 434, 434, 434, 434, 434, 434, 3, 3, 457, 188, 188, 324, 422, 422, 349, 349, 205, 205, 25, 25, 106, 284, 486, 460, 460, 150, 150, 77, 342, 68, 68, 68, 115, 273, 470, 470, 290, 171, 360, 360, 339, 200, 200, 200, 398, 398, 398, 398, 324, 464, 286, 286, 468, 303, 199, 41, 41, 41, 324, 286, 286, 286, 468, 468, 59, 337, 41, 41, 41, 19, 19, 19, 454, 454, 454, 414, 417, 417, 170, 392, 392, 392, 392, 392, 63, 63, 63, 63, 63, 63, 63, 63, 63, 63, 63, 63, 63, 63, 63, 63, 392, 244, 289, 289, 320, 83, 188, 188, 171, 171, 171, 171, 464, 464, 464, 464, 464, 464, 464, 171, 171, 240, 24, 314, 314, 239, 239, 384, 371, 106, 106, 153, 88, 274, 497, 43, 129, 129, 458, 208, 208, 441, 441, 153, 153, 153, 182, 182, 182, 182, 182, 375, 375, 375, 98, 98, 98, 98, 414, 414, 170, 392, 392, 392, 392, 392, 63, 63, 63, 63, 63, 392, 392, 392, 244, 289, 320, 320, 7, 7, 374, 374, 374, 374, 132, 132, 132, 132, 132, 132, 285, 34, 41, 213, 213, 213, 213, 213, 246, 246, 246, 246, 19, 454, 233, 414, 197, 197, 197, 249, 249, 80, 392, 244, 80, 320, 321, 127, 188, 188, 403, 278, 120, 37, 37, 37, 314, 314, 129, 401, 401, 401, 82, 321, 320, 7, 354, 473, 473, 109, 171, 171, 171, 286, 286, 286, 286, 468, 468, 468, 468, 467, 337, 337, 41, 324, 324, 3, 3, 335, 14, 226, 209, 145, 145, 145, 460, 460, 178, 178, 233, 36, 77, 270, 68, 68, 68, 224, 196, 196, 444, 213, 213, 213, 213, 19, 19, 19, 48, 417, 82, 417, 170, 392, 392, 392, 392, 392, 392, 63, 63, 63, 63, 63, 63, 63, 63, 63, 63, 63, 392, 73, 289, 289, 320, 209, 188, 188, 171, 171, 171, 264, 264, 468, 468, 406, 406, 467, 337, 337, 337, 464, 301, 116, 251, 251, 251, 241, 241, 431, 376, 376, 376, 376, 376, 376, 460, 460, 460, 169, 169, 225, 352, 352, 352, 80, 80, 80, 226, 209, 287, 287, 297, 297, 375, 497, 98, 98, 129, 129, 14, 14, 411, 287, 297, 297, 481, 426, 426, 426, 426, 426, 206, 98, 98, 263, 229, 82, 17, 83, 403, 403, 403, 403, 403, 403, 403, 403, 403, 403, 403, 403, 403, 403, 403, 403, 403, 403, 403, 403, 403, 403, 403, 403, 403, 403, 403, 403, 403, 403, 403, 403, 403, 403, 403, 403, 403, 403, 403, 403, 403, 403, 403, 403, 403, 403, 403, 403, 403, 403, 403, 403, 403, 403, 403, 403, 403, 403, 403, 403, 403, 403, 403, 403, 403, 403, 403, 403, 403, 403]

ep196
Train step Loss: [1.1446267366409302, 1.0551002025604248, 1.2284717559814453, 1.4405438899993896, 1.1389275789260864, 0.880045473575592, 1.1706159114837646, 1.2774282693862915, 1.0892057418823242, 1.4985404014587402, 1.2609091997146606, 1.6614469289779663, 1.0825258493423462, 0.9104462265968323, 1.1946148872375488, 1.009210467338562, 1.423888921737671, 1.3175874948501587, 0.9188681244850159, 1.5458308458328247, 1.3874107599258423, 0.8125216960906982, 1.709722638130188, 1.1018171310424805, 1.0305880308151245, 0.7394962310791016, 1.4646209478378296, 0.9805645942687988, 1.4626481533050537, 1.1707360744476318, 1.4790186882019043, 1.248319387435913, 1.2141001224517822, 1.2591153383255005, 0.7383769750595093, 1.3826061487197876, 1.3528543710708618, 1.1509331464767456, 1.0346746444702148, 0.998429536819458, 1.1127257347106934, 1.2904796600341797, 1.1306240558624268, 0.9872853755950928, 1.5953832864761353, 1.3969714641571045, 1.620336651802063, 1.350409746170044, 1.193006157875061, 1.371605634689331, 1.3522449731826782, 1.1469470262527466, 0.9379730820655823, 0.8630082011222839, 1.5221312046051025, 0.9935380220413208, 1.2219678163528442, 1.2218996286392212, 1.4159520864486694, 1.5022855997085571, 1.7345637083053589, 1.6527727842330933, 0.6350298523902893]
val step Loss: [0.7713675498962402, 0.7293168902397156, 0.7720345258712769, 0.5785172581672668, 0.5485472083091736, 1.0642528533935547, 0.8626577854156494, 0.5174503922462463, 0.8297141790390015, 0.591413676738739, 0.7441616654396057, 1.406927227973938, 0.49631553888320923, 0.7738879323005676, 1.0509284734725952, 0.7783639430999756]
Train step Accs: [0.7559956676466038, 0.7748996716526815, 0.744537022480742, 0.6745831227892876, 0.7551976573938507, 0.830279157389964, 0.7409687348128948, 0.7175088857981765, 0.7653582115824679, 0.6534100819815105, 0.7427804955026037, 0.6301661695781849, 0.7776169802219006, 0.8196125907990315, 0.7310541310541311, 0.7839385017991495, 0.6756190226647452, 0.689453125, 0.8171067552243642, 0.6553851283761254, 0.692440754194776, 0.8438076085134909, 0.6389401308066409, 0.7646888567293777, 0.7819745125134346, 0.8488053985044683, 0.6797734088637121, 0.7923774396803442, 0.672619926199262, 0.7331515977585946, 0.6719223771983021, 0.7229618821812877, 0.7466821499668215, 0.7245426303072143, 0.8596491228070176, 0.7071713147410359, 0.6988027725267801, 0.75, 0.7941480206540448, 0.7881664293624426, 0.759142053445851, 0.7163319321189475, 0.7554721701063164, 0.8088168459324345, 0.6306636155606408, 0.6905089408528198, 0.6359743040685225, 0.7026011126146444, 0.7425892316999395, 0.7028964306612053, 0.6985450384175249, 0.7437243642329778, 0.8106164383561644, 0.8235403842566685, 0.6420079260237781, 0.7965886409000181, 0.7375323554788611, 0.727582065652522, 0.6825592125499846, 0.6636650868878357, 0.601734382527702, 0.6365422396856582, 0.8858695652173914]
val step Accs: [0.8542451463343959, 0.8646648640956311, 0.8496221974482844, 0.8959156785243741, 0.9119988626670458, 0.7783805239481344, 0.8328453214513049, 0.9185967763781661, 0.8420920291677143, 0.8980404164115126, 0.8604333989998485, 0.6870141455333248, 0.9210915445624411, 0.8488658457550227, 0.785600976205003, 0.8474017047016772]
Preds: [17, 17, 17, 7, 217, 217, 217, 217, 473, 473, 65, 443, 443, 443, 330, 330, 240, 314, 35, 76, 310, 310, 107, 107, 395, 395, 395, 106, 153, 153, 481, 387, 387, 206, 167, 167, 35, 35, 320, 7, 354, 473, 473, 65, 288, 468, 313, 313, 285, 285, 34, 337, 337, 171, 171, 434, 434, 3, 3, 464, 464, 464, 464, 464, 340, 116, 116, 466, 199, 199, 106, 153, 153, 424, 182, 182, 182, 182, 182, 497, 497, 497, 497, 122, 43, 259, 208, 441, 441, 441, 346, 346, 346, 265, 265, 265, 85, 85, 146, 468, 468, 468, 406, 406, 406, 406, 467, 467, 134, 375, 98, 98, 98, 98, 98, 48, 13, 13, 414, 414, 170, 187, 187, 187, 187, 82, 2, 2, 2, 2, 391, 244, 244, 321, 320, 7, 7, 7, 309, 309, 398, 398, 290, 360, 360, 360, 252, 252, 143, 465, 192, 445, 445, 395, 395, 444, 444, 213, 213, 360, 324, 434, 434, 434, 434, 464, 464, 331, 331, 443, 443, 376, 376, 376, 376, 460, 460, 263, 263, 263, 263, 414, 414, 414, 312, 312, 312, 312, 23, 23, 23, 23, 23, 23, 23, 260, 391, 391, 391, 391, 289, 20, 321, 320, 320, 7, 7, 309, 473, 473, 288, 290, 290, 360, 171, 434, 434, 252, 143, 310, 310, 310, 107, 107, 107, 400, 400, 213, 213, 213, 213, 246, 246, 246, 19, 19, 454, 454, 414, 414, 414, 414, 244, 244, 244, 66, 66, 66, 66, 115, 115, 273, 273, 273, 151, 460, 460, 240, 240, 285, 53, 280, 34, 324, 324, 324, 324, 286, 171, 171, 464, 464, 464, 139, 139, 116, 116, 116, 217, 195, 195, 359, 324, 324, 324, 324, 318, 31, 368, 31, 453, 342, 342, 273, 273, 273, 273, 265, 284, 376, 460, 460, 169, 169, 178, 35, 35, 440, 287, 287, 111, 111, 460, 169, 169, 150, 232, 342, 172, 172, 115, 267, 267, 444, 286, 286, 374, 139, 132, 132, 497, 98, 98, 98, 98, 440, 287, 287, 319, 199, 199, 348, 348, 348, 212, 77, 310, 219, 395, 395, 395, 374, 374, 374, 116, 94, 199, 331, 134, 134, 153, 182, 182, 43, 43, 43, 364, 276, 100, 100, 100, 100, 182, 375, 98, 98, 98, 13, 13, 13, 414, 170, 237, 249, 249, 47, 47, 47, 47, 80, 80, 80, 73, 320, 321, 320, 320, 287, 100, 497, 481, 182, 182, 375, 497, 122, 122, 8, 458, 100, 100, 100, 346, 346, 346, 426, 206, 98, 98, 263, 13, 13, 17, 83, 171, 171, 171, 171, 171, 171, 171, 438, 438, 438, 438, 438, 438, 438, 438, 438, 438, 438, 438, 438, 438, 438, 438, 438, 438, 438, 438, 438, 438, 438, 438, 438, 438, 438, 438, 438, 438, 438, 438, 438, 438, 438, 438, 438, 438, 438, 438, 438, 438, 438, 438, 438, 438, 438, 438, 438, 438, 438, 438, 438, 438, 438, 438, 438, 438, 438, 438, 438, 438, 438, 438, 438, 438, 438, 438, 438, 438, 438, 438, 438, 438, 438, 438, 438, 438, 438, 438, 438, 438, 438, 438, 438, 438, 438, 438, 438, 438, 438, 438, 438, 438, 438, 438, 438, 438, 438, 438, 438, 438, 438, 438, 438, 438, 438, 438, 438, 438, 438, 438, 438, 438, 438, 438, 438, 438, 438, 438, 438, 438, 438, 438, 438, 438, 438, 438, 438, 438, 438, 438, 438, 438, 438, 438, 438, 438, 438, 438, 438, 438, 438, 438, 438, 438, 438, 438, 438, 438, 438, 438, 438, 438, 438, 438, 438, 438, 438, 438, 438, 438, 438, 438, 438, 438, 438, 438, 438]

ep197
Train step Loss: [0.8593729138374329, 1.555570363998413, 1.0309438705444336, 1.1661447286605835, 1.3051862716674805, 1.4019917249679565, 1.4720066785812378, 1.2728157043457031, 0.9540826082229614, 0.8471916317939758, 1.0498905181884766, 0.9657631516456604, 1.3585413694381714, 0.8989721536636353, 1.7386060953140259, 0.9727393984794617, 1.1985057592391968, 1.2473562955856323, 1.0965088605880737, 1.5093621015548706, 1.1969804763793945, 1.6554757356643677, 1.4989938735961914, 1.4383817911148071, 1.7669204473495483, 0.5605090260505676, 1.1230932474136353, 1.1102524995803833, 1.3365859985351562, 1.1470961570739746, 1.3025182485580444, 0.8470991849899292, 1.1507923603057861, 1.5108959674835205, 1.2972477674484253, 1.4852818250656128, 1.5222182273864746, 1.5290888547897339, 1.5639855861663818, 1.183719277381897, 1.5041800737380981, 1.4441953897476196, 1.3154301643371582, 1.2427188158035278, 0.869740903377533, 1.0088458061218262, 1.2480820417404175, 1.1964002847671509, 1.3797767162322998, 0.9775286912918091, 1.425365686416626, 1.1286925077438354, 1.1219860315322876, 1.214742660522461, 1.6411420106887817, 1.094914436340332, 1.002934217453003, 0.9920186996459961, 1.407320499420166, 1.2410237789154053, 1.2888472080230713, 1.0088356733322144, 1.9385926723480225]
val step Loss: [0.6388296484947205, 0.8686558604240417, 0.7573656439781189, 0.9846125245094299, 0.7207129597663879, 0.734405517578125, 0.9183799624443054, 1.0095832347869873, 1.281341552734375, 0.6983004808425903, 0.7958365678787231, 0.8626213669776917, 0.9636592864990234, 1.1007156372070312, 0.5372974872589111, 0.5098013877868652]
Train step Accs: [0.8225511391984035, 0.6498158687646468, 0.7722788556395922, 0.765322076297686, 0.6993777777777778, 0.6931396786155748, 0.6773306311522872, 0.7271086314407614, 0.7955868832362857, 0.8317845329973225, 0.7743255531979387, 0.8012777404169469, 0.7042917780223236, 0.8199765441751369, 0.6076607818411097, 0.7952224052718286, 0.7391227135499912, 0.7222454964390448, 0.7657628750200546, 0.6729813664596274, 0.7447884733292459, 0.6212858821554473, 0.6682553191489362, 0.6892553886348791, 0.6075506165321967, 0.9052258635961028, 0.7666071138541497, 0.7574639382757464, 0.6991352586066243, 0.7491666666666666, 0.711270702037227, 0.8253097345132744, 0.7422930377554555, 0.6621287128712872, 0.7136401673640167, 0.657504581042812, 0.6371753246753247, 0.6373626373626373, 0.6546327583140672, 0.7520863309352518, 0.6538752077353075, 0.6700125470514429, 0.7235108820160366, 0.7283218464497515, 0.8197079295755425, 0.791693705386113, 0.7099546804188155, 0.7361129791526564, 0.6978030189807204, 0.7919163977255264, 0.6789189189189189, 0.7703168044077136, 0.7536611684908278, 0.7225994180407371, 0.6379957564876775, 0.7630120110871573, 0.7836691410392365, 0.7894655783151086, 0.6794781876841072, 0.7248277021348126, 0.7119628339140535, 0.7816964285714286, 0.5475773496789259]
val step Accs: [0.8848970251716247, 0.8337496530668888, 0.8563633883508389, 0.7972176016936338, 0.86126013724267, 0.8558908045977012, 0.8170809432759719, 0.7944261312556188, 0.7254521179754825, 0.8697108822434545, 0.8498860742527812, 0.8301315988504009, 0.7921580640220555, 0.7676615035889687, 0.9143769081321121, 0.9148337595907928]
Preds: [17, 287, 486, 486, 460, 460, 215, 215, 35, 35, 259, 259, 208, 441, 100, 100, 153, 43, 98, 259, 208, 441, 437, 346, 481, 481, 481, 387, 387, 169, 263, 263, 263, 17, 233, 414, 414, 249, 249, 249, 237, 187, 187, 12, 12, 249, 82, 249, 249, 249, 249, 75, 201, 201, 201, 201, 201, 201, 201, 201, 201, 40, 40, 408, 391, 391, 228, 289, 321, 321, 321, 83, 110, 110, 486, 460, 460, 169, 150, 150, 338, 338, 338, 338, 338, 400, 400, 400, 213, 213, 213, 360, 360, 434, 434, 246, 246, 422, 99, 338, 338, 338, 338, 338, 400, 400, 400, 213, 213, 152, 374, 374, 374, 132, 132, 132, 132, 132, 132, 100, 100, 182, 182, 182, 497, 497, 497, 98, 197, 197, 197, 197, 197, 197, 249, 259, 183, 451, 451, 30, 213, 213, 213, 213, 246, 246, 246, 246, 301, 301, 43, 43, 43, 276, 276, 346, 174, 319, 480, 480, 480, 480, 282, 282, 282, 282, 388, 388, 94, 398, 398, 324, 324, 324, 301, 301, 301, 8, 8, 241, 431, 431, 265, 428, 428, 428, 428, 403, 207, 207, 207, 3, 3, 3, 3, 197, 197, 440, 79, 79, 380, 288, 288, 288, 374, 313, 374, 374, 374, 132, 132, 132, 132, 132, 132, 132, 132, 132, 374, 132, 132, 153, 134, 43, 43, 43, 196, 196, 473, 473, 109, 213, 213, 213, 246, 246, 246, 246, 19, 19, 454, 454, 454, 229, 414, 414, 126, 126, 126, 126, 292, 23, 23, 23, 23, 23, 149, 149, 149, 321, 321, 412, 287, 287, 287, 111, 319, 319, 319, 348, 413, 43, 43, 345, 345, 109, 109, 403, 171, 171, 171, 324, 464, 464, 324, 301, 464, 331, 180, 443, 486, 319, 282, 282, 388, 388, 94, 199, 199, 331, 403, 290, 290, 171, 171, 171, 246, 3, 301, 301, 143, 280, 29, 437, 106, 284, 405, 206, 206, 271, 368, 77, 269, 323, 224, 168, 494, 374, 374, 374, 374, 139, 88, 497, 497, 43, 88, 109, 346, 346, 428, 428, 428, 85, 85, 146, 146, 146, 219, 219, 219, 219, 152, 152, 382, 382, 245, 245, 43, 43, 43, 276, 276, 276, 346, 293, 293, 293, 293, 240, 240, 216, 58, 192, 183, 183, 351, 139, 139, 139, 139, 293, 293, 122, 323, 269, 54, 168, 168, 494, 494, 241, 114, 331, 443, 443, 330, 330, 299, 299, 464, 464, 464, 464, 340, 330, 216, 216, 183, 183, 278, 99, 338, 338, 436, 60, 395, 395, 499, 319, 413, 413, 379, 471, 49, 269, 107, 395, 395, 400, 485, 464, 464, 378, 139, 139, 255, 348, 348, 43, 58, 441, 437, 437, 481, 426, 306, 372, 372, 396, 467, 467, 303, 303, 243, 243, 32, 259, 354, 473, 109, 286, 286, 286, 286, 468, 468, 468, 337, 337, 337, 41, 324, 19, 19, 454, 454, 414, 414, 414, 170, 170, 170, 47, 47, 244, 2, 2, 2, 2, 2, 244, 435, 435, 435, 435, 435, 320, 320, 320, 451, 451, 30, 30, 324, 464, 434, 301, 378, 378, 88, 88, 100, 100, 293, 497, 497, 497, 43, 98, 441, 106, 106, 306, 372, 372, 396, 396, 396, 406, 132, 98, 98, 98, 98, 98, 98, 414, 414, 414, 170, 170, 47, 47, 244, 80, 80, 321, 321, 320, 441, 441, 346, 346, 346, 346, 265, 85, 85, 282, 271, 271, 77, 77, 323, 323, 224, 273, 106, 106, 153, 182, 182, 182, 375, 98, 98, 98, 13, 13, 417, 414, 170, 249, 170, 249, 249, 28, 28, 28, 2, 244, 2, 244, 63, 63, 63, 63, 63, 63]

ep198
Train step Loss: [0.9852725267410278, 1.1063179969787598, 1.1130778789520264, 0.7002440690994263, 1.32493257522583, 1.7247893810272217, 1.2227368354797363, 1.1744520664215088, 0.9266723990440369, 1.7401177883148193, 1.636908769607544, 1.2984477281570435, 1.4470926523208618, 1.6096817255020142, 1.3721281290054321, 1.1007001399993896, 1.3333052396774292, 1.3011120557785034, 1.2324509620666504, 1.5388439893722534, 1.1651434898376465, 0.7860438227653503, 1.6877484321594238, 1.5917402505874634, 1.1628239154815674, 1.6172354221343994, 1.2236682176589966, 1.1960701942443848, 0.8647810220718384, 1.1893366575241089, 1.5633121728897095, 1.2558790445327759, 1.2232235670089722, 1.4193171262741089, 1.5178592205047607, 1.4776798486709595, 1.4264191389083862, 2.121448040008545, 1.0412311553955078, 1.3597947359085083, 1.3043097257614136, 1.4565569162368774, 1.2408206462860107, 1.0078186988830566, 1.1267077922821045, 0.9057420492172241, 1.2903157472610474, 0.9316352009773254, 1.360715389251709, 1.1879661083221436, 1.3658382892608643, 1.3012053966522217, 1.5973647832870483, 1.1988605260849, 0.8120395541191101, 1.0865888595581055, 0.9190692901611328, 0.6821852326393127, 0.5203315615653992, 1.5116586685180664, 0.8633109331130981, 1.0736583471298218, 1.261379599571228]
val step Loss: [0.9130074381828308, 0.8276107311248779, 0.7700322270393372, 0.825016975402832, 0.9520280361175537, 0.6353188157081604, 0.48253363370895386, 1.1553983688354492, 1.0399940013885498, 0.8427443504333496, 0.6742590665817261, 0.7121397852897644, 0.8374714255332947, 0.8948190808296204, 0.8500574827194214, 0.5934790372848511]
Train step Accs: [0.7948391207390889, 0.75970602332641, 0.7597224040853738, 0.8607023167710913, 0.7110824326504275, 0.603394298896029, 0.7410786155084519, 0.7336422613531047, 0.800822561692127, 0.595381251708117, 0.6301641199773628, 0.7279181112762093, 0.6658506731946144, 0.6253829321663019, 0.6943549754195626, 0.7625178826895566, 0.7016851373918324, 0.7205104263927793, 0.7285083248386001, 0.6482538616521155, 0.7503649635036497, 0.84440813362382, 0.611292719167905, 0.6243955701138668, 0.7446623093681917, 0.6391517128874388, 0.7346268189641684, 0.7514015416958655, 0.8177892918825561, 0.7388993120700438, 0.640404999208986, 0.7337315309651053, 0.7557054686378643, 0.6886000541565124, 0.6535557506584724, 0.6543659832953682, 0.676668306279718, 0.52, 0.7860184528034067, 0.6937022900763359, 0.7120653741387598, 0.6585912965455362, 0.7153941103861753, 0.7828097592090576, 0.7550925206033277, 0.8117963367501261, 0.710257740875281, 0.8147321428571429, 0.6824551569506726, 0.7339754234473597, 0.7048605820508914, 0.7153248470821624, 0.6351273148148148, 0.7402496099843994, 0.8410942062394344, 0.7682269009918218, 0.806795797767564, 0.8690064260998517, 0.9219021844190992, 0.6633946100303408, 0.8267234988880652, 0.7598144773894319, 0.7068042813455657]
val step Accs: [0.8178580201424711, 0.8328802588996764, 0.8447188987520906, 0.8334617162224619, 0.8046462513199577, 0.8832656612529002, 0.9204272363150868, 0.7537096304917079, 0.7860613422411176, 0.835195530726257, 0.8772244447510001, 0.86427732079906, 0.8364854215918046, 0.8273195876288659, 0.8281726995202792, 0.8968074150360453]
Preds: [17, 17, 296, 109, 278, 278, 330, 385, 35, 35, 77, 54, 54, 323, 224, 273, 273, 494, 487, 395, 406, 406, 406, 406, 406, 467, 337, 337, 337, 328, 116, 200, 33, 10, 10, 309, 479, 331, 331, 106, 284, 284, 426, 426, 426, 426, 375, 98, 98, 98, 98, 13, 13, 82, 82, 170, 170, 392, 392, 392, 63, 63, 63, 63, 63, 63, 63, 63, 63, 63, 63, 63, 63, 63, 63, 63, 63, 63, 63, 63, 63, 63, 63, 63, 63, 392, 244, 289, 289, 321, 7, 7, 7, 32, 32, 354, 354, 420, 420, 213, 213, 213, 246, 246, 246, 246, 246, 246, 246, 246, 246, 3, 3, 3, 188, 188, 422, 143, 236, 143, 129, 401, 259, 354, 354, 109, 109, 278, 171, 171, 171, 171, 171, 171, 246, 246, 246, 246, 246, 246, 324, 422, 99, 99, 338, 338, 338, 338, 338, 400, 400, 400, 444, 360, 360, 434, 339, 339, 76, 129, 401, 321, 75, 108, 183, 183, 351, 286, 286, 464, 464, 464, 464, 180, 315, 315, 315, 315, 315, 315, 315, 450, 450, 450, 43, 43, 43, 364, 276, 276, 276, 276, 182, 182, 182, 182, 182, 182, 182, 182, 182, 182, 182, 303, 59, 59, 59, 59, 132, 132, 132, 132, 132, 132, 274, 375, 98, 98, 98, 197, 197, 80, 321, 321, 7, 7, 309, 479, 479, 398, 398, 464, 139, 139, 153, 182, 182, 182, 182, 182, 182, 182, 375, 375, 387, 413, 413, 348, 10, 10, 217, 473, 398, 398, 464, 464, 464, 315, 486, 460, 460, 460, 263, 263, 78, 78, 170, 170, 392, 392, 392, 392, 392, 392, 63, 63, 63, 63, 63, 63, 63, 63, 63, 392, 392, 73, 40, 289, 289, 66, 323, 323, 323, 323, 106, 106, 153, 153, 132, 132, 182, 182, 182, 182, 182, 182, 182, 182, 274, 122, 122, 129, 129, 129, 82, 75, 310, 323, 323, 323, 115, 273, 106, 106, 387, 387, 387, 319, 348, 94, 94, 199, 199, 499, 271, 385, 143, 129, 401, 321, 320, 7, 345, 345, 65, 346, 319, 240, 240, 285, 376, 376, 460, 460, 169, 167, 14, 287, 287, 287, 287, 460, 215, 215, 32, 32, 32, 321, 354, 106, 486, 486, 460, 240, 35, 35, 77, 77, 449, 449, 106, 351, 486, 486, 460, 240, 240, 35, 239, 77, 75, 106, 371, 324, 485, 286, 464, 374, 132, 303, 303, 381, 98, 170, 170, 170, 401, 259, 75, 208, 441, 100, 100, 98, 98, 98, 98, 98, 170, 170, 170, 170, 170, 392, 392, 392, 63, 63, 63, 63, 63, 63, 63, 63, 63, 63, 63, 63, 63, 63, 63, 63, 63, 63, 63, 63, 63, 63, 63, 63, 63, 63, 63, 63, 63, 63, 73, 73, 73, 287, 287, 287, 240, 240, 240, 284, 284, 284, 284, 450, 450, 450, 43, 276, 276, 276, 276, 182, 182, 182, 182, 43, 122, 122, 43, 197, 129, 401, 32, 32, 354, 264, 476, 416, 416, 171, 171, 252, 252, 143, 143, 458, 75, 445, 445, 445, 445, 445, 219, 213, 477, 477, 132, 132, 132, 132, 132, 122, 186, 478, 478, 323, 482, 482, 482, 482, 482, 323, 483, 470, 443, 106, 153, 497, 274, 215, 129, 401, 401, 401, 75, 75, 445, 445, 445, 213, 171, 171, 171, 19, 454, 170, 143, 233, 401, 401, 401, 320, 196, 196, 479, 479, 340, 116, 116, 385, 445, 401, 401, 7, 7, 217, 70, 65, 65, 319, 284, 284, 284, 206, 206, 206, 167, 14, 14, 287, 188, 411, 411, 100, 297, 98, 98, 98, 76, 233, 401, 401, 75, 75]

ep199
Train step Loss: [0.8505380153656006, 0.9018449187278748, 0.9132188558578491, 0.6298617124557495, 1.645387053489685, 1.211281180381775, 1.1699470281600952, 1.4248545169830322, 1.5231151580810547, 1.3265326023101807, 0.8505372405052185, 1.2123969793319702, 1.370354413986206, 1.4709680080413818, 1.342840552330017, 0.907385528087616, 0.9522212743759155, 1.971323013305664, 1.6106809377670288, 1.4330986738204956, 1.5446841716766357, 1.2405232191085815, 1.4650874137878418, 1.0406813621520996, 1.3985822200775146, 1.3202940225601196, 1.8782039880752563, 1.083586573600769, 1.570065975189209, 1.1947541236877441, 0.6472894549369812, 1.3487210273742676, 1.080929160118103, 1.3808351755142212, 1.4532549381256104, 1.0757231712341309, 1.205338954925537, 0.9625621438026428, 1.2107371091842651, 1.503071904182434, 0.838340163230896, 1.4077657461166382, 1.41869056224823, 1.4581049680709839, 1.0768381357192993, 0.8268081545829773, 1.2076289653778076, 1.1346417665481567, 1.3321597576141357, 1.2855077981948853, 1.3620717525482178, 1.509271264076233, 1.0185261964797974, 1.3605457544326782, 0.9703208208084106, 1.3794851303100586, 1.4052094221115112, 1.34324049949646, 0.982932448387146, 0.9325467348098755, 1.4363378286361694, 0.8592008352279663, 1.5227746963500977]
val step Loss: [0.7917609810829163, 1.188974142074585, 0.5206570625305176, 0.532651960849762, 1.0577603578567505, 1.4827111959457397, 0.7535591125488281, 0.7635728120803833, 0.766090989112854, 0.5164057016372681, 0.6307922005653381, 0.9596722722053528, 0.7494403123855591, 1.0850938558578491, 1.103394627571106, 0.522872805595398]
Train step Accs: [0.8262470706394376, 0.8108399622488877, 0.8164234218392826, 0.8847329616975365, 0.6293103448275862, 0.7566029476141836, 0.7401969561324978, 0.6725053078556263, 0.6457432533174295, 0.6960164400885236, 0.8247955948606708, 0.7294079794079794, 0.6952703743645047, 0.661319073083779, 0.6906365779723813, 0.8110785033015407, 0.7983193277310925, 0.5566757885640213, 0.6185868176008764, 0.6893507972665148, 0.6505638524839987, 0.7233333333333334, 0.671679951872462, 0.7730031948881789, 0.6896006326611309, 0.7001442481067436, 0.5609328660016177, 0.7690974956686092, 0.652462979752191, 0.7384708737864077, 0.8784581335300627, 0.6913544668587897, 0.7704457704457705, 0.7001675041876047, 0.6583703233988586, 0.7678207739307535, 0.7432180278455577, 0.7975916655391693, 0.729876615746181, 0.6498483155037522, 0.824056671967616, 0.6767132513891227, 0.68697450034459, 0.6543331688866962, 0.7645161290322581, 0.8355960572810117, 0.741898713564566, 0.7550889565635519, 0.717469682071452, 0.7085454545454546, 0.6871621621621622, 0.6592054550844945, 0.7797058823529411, 0.6749869994799792, 0.7949233864726822, 0.6898162097017174, 0.67545820295038, 0.692196947883674, 0.8030718595721339, 0.7996019900497513, 0.6739270732494353, 0.8250830564784053, 0.6529389741669787]
val step Accs: [0.8463362580033199, 0.7544404973357016, 0.910218253968254, 0.9079660781315168, 0.774853436447549, 0.6798282072596287, 0.8564662544402052, 0.8501390311722523, 0.8532345397549159, 0.9112313541971336, 0.8882157796047887, 0.805771643663739, 0.8601100412654745, 0.7721309211434885, 0.7590377637414326, 0.9082650121870153]
Preds: [17, 17, 296, 109, 278, 278, 330, 385, 35, 35, 77, 54, 54, 323, 224, 273, 273, 494, 487, 395, 406, 406, 406, 406, 406, 467, 337, 337, 337, 328, 116, 200, 33, 10, 10, 309, 479, 331, 331, 106, 284, 284, 426, 426, 426, 426, 375, 98, 98, 98, 98, 13, 13, 82, 82, 170, 170, 392, 392, 392, 63, 63, 63, 63, 63, 63, 63, 63, 63, 63, 63, 63, 63, 63, 63, 63, 63, 63, 63, 63, 63, 63, 63, 63, 63, 392, 244, 289, 289, 321, 7, 7, 7, 32, 32, 354, 354, 420, 420, 213, 213, 213, 246, 246, 246, 246, 246, 246, 246, 246, 246, 3, 3, 3, 188, 188, 422, 143, 236, 143, 129, 401, 259, 354, 354, 109, 109, 278, 171, 171, 171, 171, 171, 171, 246, 246, 246, 246, 246, 246, 324, 422, 99, 99, 338, 338, 338, 338, 338, 400, 400, 400, 444, 360, 360, 434, 339, 339, 76, 129, 401, 321, 75, 108, 183, 183, 351, 286, 286, 464, 464, 464, 464, 180, 315, 315, 315, 315, 315, 315, 315, 450, 450, 450, 43, 43, 43, 364, 276, 276, 276, 276, 182, 182, 182, 182, 182, 182, 182, 182, 182, 182, 182, 303, 59, 59, 59, 59, 132, 132, 132, 132, 132, 132, 274, 375, 98, 98, 98, 197, 197, 80, 321, 321, 7, 7, 309, 479, 479, 398, 398, 464, 139, 139, 153, 182, 182, 182, 182, 182, 182, 182, 375, 375, 387, 413, 413, 348, 10, 10, 217, 473, 398, 398, 464, 464, 464, 315, 486, 460, 460, 460, 263, 263, 78, 78, 170, 170, 392, 392, 392, 392, 392, 392, 63, 63, 63, 63, 63, 63, 63, 63, 63, 392, 392, 73, 40, 289, 289, 373, 323, 323, 323, 323, 106, 106, 153, 153, 132, 132, 182, 182, 182, 182, 182, 182, 182, 182, 274, 122, 122, 129, 129, 129, 82, 75, 310, 323, 323, 323, 115, 273, 106, 106, 387, 387, 387, 319, 348, 94, 94, 199, 199, 499, 271, 385, 143, 129, 401, 321, 320, 7, 345, 345, 65, 346, 319, 240, 240, 285, 376, 376, 460, 460, 169, 167, 14, 287, 287, 287, 287, 460, 215, 215, 32, 32, 32, 354, 354, 106, 486, 486, 460, 240, 35, 35, 77, 36, 449, 449, 106, 351, 486, 486, 460, 169, 35, 35, 239, 77, 75, 371, 371, 324, 485, 286, 464, 374, 132, 303, 303, 381, 98, 48, 170, 170, 401, 354, 75, 441, 441, 100, 98, 98, 98, 98, 98, 98, 170, 170, 170, 170, 170, 392, 392, 392, 63, 63, 63, 63, 63, 63, 63, 63, 63, 63, 63, 63, 63, 63, 63, 63, 63, 63, 63, 63, 63, 63, 63, 63, 63, 63, 63, 63, 63, 63, 73, 73, 244, 289, 320, 287, 287, 240, 240, 284, 284, 284, 284, 450, 450, 43, 43, 276, 276, 276, 276, 182, 182, 182, 182, 43, 122, 122, 43, 197, 129, 401, 32, 354, 354, 264, 476, 416, 416, 171, 171, 252, 239, 143, 143, 458, 75, 445, 445, 445, 445, 445, 219, 213, 477, 477, 132, 132, 132, 132, 132, 122, 99, 478, 478, 323, 482, 482, 482, 482, 482, 323, 483, 470, 443, 153, 153, 497, 274, 129, 129, 401, 401, 401, 75, 75, 445, 445, 445, 213, 171, 171, 171, 454, 454, 229, 143, 233, 401, 401, 401, 320, 196, 196, 479, 331, 340, 116, 116, 385, 445, 401, 401, 7, 7, 217, 70, 65, 65, 319, 284, 284, 284, 206, 206, 206, 167, 14, 14, 287, 188, 145, 145, 100, 297, 98, 98, 98, 76, 233, 401, 401, 75, 75]

ep200
Train step Loss: [1.4401302337646484, 1.413763403892517, 1.055661916732788, 1.4066107273101807, 1.5820714235305786, 1.7052803039550781, 1.597489833831787, 1.0968925952911377, 1.273240089416504, 1.0536879301071167, 1.121442198753357, 1.2493857145309448, 1.2748881578445435, 1.3128823041915894, 1.1036126613616943, 1.3122719526290894, 1.286834478378296, 1.0542000532150269, 0.7464243769645691, 1.3018087148666382, 1.14089834690094, 0.8819838166236877, 1.3520785570144653, 1.3884676694869995, 1.1533282995224, 0.9327195882797241, 0.8126042485237122, 1.3796443939208984, 1.5779656171798706, 1.450437307357788, 0.7809634804725647, 0.9755176901817322, 1.2451391220092773, 1.496361494064331, 1.4239228963851929, 1.0781292915344238, 0.9305220246315002, 0.7550339698791504, 1.48170006275177, 1.101669192314148, 1.2431552410125732, 1.2220913171768188, 1.3406739234924316, 1.7242735624313354, 0.9291425943374634, 1.4223825931549072, 1.3664319515228271, 1.3619520664215088, 0.941030740737915, 1.2624250650405884, 1.162668228149414, 1.276841402053833, 1.1843751668930054, 1.0826337337493896, 0.7236841320991516, 1.044346809387207, 1.042743444442749, 0.8121368885040283, 1.6455484628677368, 1.5983022451400757, 1.771520733833313, 1.1077133417129517, 1.6331185102462769]
val step Loss: [0.640720784664154, 1.0604432821273804, 0.7126112580299377, 1.0613242387771606, 0.9312212467193604, 0.9171757102012634, 0.7028435468673706, 0.87605220079422, 0.7292214035987854, 0.7539831399917603, 0.5104694962501526, 0.7164249420166016, 0.9764787554740906, 0.8126183748245239, 1.0723860263824463, 1.158492922782898]
Train step Accs: [0.6795606494746896, 0.6705406771096514, 0.777916518016411, 0.6904239148792434, 0.6298571428571429, 0.6129659070835541, 0.6377433190366216, 0.7617349970291146, 0.7239431798733528, 0.7726154291503835, 0.7525957170668397, 0.7217490992466427, 0.7311656005685856, 0.7304434479322371, 0.7865778868056772, 0.7126751980499695, 0.7111252586344103, 0.7664559315730755, 0.8501603787994502, 0.7024339566636985, 0.7447954578541273, 0.8204119850187266, 0.7129898403483309, 0.6891500321957501, 0.7462442362040755, 0.8071682464454977, 0.8429491571878854, 0.6883693400414324, 0.6454928390901432, 0.6541501976284585, 0.8413762939203966, 0.7954468802698145, 0.7198367346938775, 0.6711855028358003, 0.6763219939373526, 0.7581548599670511, 0.7989974937343358, 0.8557089084065245, 0.6671784373933811, 0.7683512841756421, 0.7174726540011515, 0.7227480916030534, 0.7086829624224735, 0.598549556809025, 0.8181566947630233, 0.6756591982929432, 0.680661205383265, 0.7038727727875129, 0.7952492472398796, 0.7150569886022795, 0.7270479643975606, 0.7168141592920354, 0.7435064935064936, 0.7705355740537144, 0.8547075383171724, 0.7665148063781321, 0.7754914569171413, 0.8314163654288531, 0.6080144204104271, 0.6291634689178818, 0.5788177339901478, 0.7486928655759825, 0.6201034737620104]
val step Accs: [0.8857715430861723, 0.7782483739222508, 0.8641571194762684, 0.7782580222658808, 0.8064560629052283, 0.812826899128269, 0.8632682862073543, 0.8204628185127405, 0.8558852298663189, 0.8522601984564498, 0.9153666146645866, 0.8590861067089276, 0.8056211913941053, 0.8333974112520826, 0.7732805842970176, 0.7625525105021004]
Preds: [17, 17, 309, 309, 479, 479, 398, 290, 360, 360, 360, 434, 434, 434, 434, 434, 434, 3, 3, 3, 3, 197, 226, 226, 440, 287, 287, 284, 460, 460, 178, 215, 129, 129, 401, 208, 208, 441, 441, 148, 153, 153, 497, 143, 129, 129, 208, 208, 441, 441, 100, 153, 153, 497, 43, 129, 129, 129, 458, 208, 441, 437, 125, 426, 426, 413, 348, 348, 466, 466, 479, 331, 65, 284, 426, 426, 426, 426, 426, 98, 452, 263, 263, 13, 417, 48, 414, 170, 170, 170, 82, 170, 187, 187, 187, 2, 435, 2, 244, 12, 2, 2, 2, 163, 244, 244, 63, 244, 244, 73, 73, 73, 244, 287, 287, 287, 284, 284, 319, 319, 413, 413, 250, 250, 250, 138, 138, 138, 138, 138, 138, 138, 182, 182, 182, 182, 182, 182, 182, 182, 182, 182, 182, 182, 182, 372, 406, 406, 406, 406, 406, 467, 331, 134, 153, 153, 153, 182, 182, 182, 182, 182, 375, 98, 98, 98, 263, 263, 13, 414, 417, 417, 417, 417, 170, 170, 47, 82, 435, 435, 80, 73, 73, 73, 320, 209, 83, 83, 55, 443, 438, 438, 416, 314, 314, 32, 32, 32, 354, 473, 286, 286, 264, 264, 264, 468, 406, 406, 467, 467, 134, 88, 88, 426, 426, 319, 319, 282, 330, 388, 379, 77, 77, 342, 342, 68, 68, 68, 115, 267, 267, 267, 267, 324, 324, 3, 464, 464, 464, 171, 171, 171, 171, 171, 246, 246, 252, 24, 314, 32, 32, 32, 239, 354, 420, 420, 464, 464, 271, 385, 143, 129, 77, 77, 342, 172, 115, 273, 106, 355, 284, 486, 460, 460, 460, 263, 263, 263, 263, 229, 229, 414, 414, 312, 312, 312, 187, 292, 292, 1, 1, 23, 23, 408, 408, 391, 391, 244, 73, 73, 320, 412, 287, 287, 287, 111, 240, 240, 240, 35, 35, 77, 68, 342, 172, 273, 267, 267, 267, 324, 301, 464, 464, 464, 464, 315, 284, 284, 376, 376, 460, 460, 460, 460, 240, 35, 239, 77, 77, 401, 354, 108, 196, 397, 441, 387, 387, 387, 167, 167, 35, 35, 77, 342, 342, 273, 273, 443, 315, 319, 319, 319, 330, 330, 388, 94, 64, 10, 10, 217, 473, 398, 398, 398, 398, 434, 434, 246, 246, 434, 434, 434, 3, 197, 440, 145, 145, 240, 169, 35, 401, 8, 354, 354, 354, 287, 443, 240, 240, 35, 35, 239, 310, 107, 371, 106, 180, 486, 460, 240, 169, 35, 35, 239, 239, 239, 371, 371, 324, 180, 257, 31, 31, 162, 232, 232, 232, 172, 115, 267, 273, 267, 213, 213, 213, 246, 246, 246, 3, 3, 14, 14, 145, 188, 171, 171, 171, 264, 120, 178, 178, 143, 96, 96, 342, 342, 86, 160, 483, 336, 82, 188, 287, 145, 284, 284, 306, 306, 85, 468, 467, 59, 59, 59, 59, 59, 452, 263, 229, 312, 170, 170, 312, 23, 23, 23, 187, 187, 1, 1, 12, 1, 1, 1, 1, 1, 1, 391, 391, 391, 391, 228, 244, 321, 287, 287, 240, 240, 240, 169, 77, 77, 77, 77, 342, 68, 224, 273, 267, 273, 213, 464, 464, 139, 120, 460, 240, 35, 35, 8, 354, 354, 109, 346, 428, 428, 240, 240, 35, 342, 371, 371, 180, 486, 443, 240, 240, 240, 239, 239, 239, 106, 324, 324, 324, 246, 213, 246, 246, 246, 246, 246, 301, 8, 32, 354, 354, 354, 355, 355, 355, 355, 355, 263, 263, 263, 263, 170, 170, 170, 170, 392, 392, 392, 28, 28, 28, 2, 73, 187, 187, 12, 73, 73, 73, 73, 73, 73, 73, 287]

ep201
Train step Loss: [0.8662107586860657, 1.337380290031433, 1.13163423538208, 1.6041724681854248, 1.5260987281799316, 1.24275803565979, 1.0142453908920288, 0.9002329707145691, 1.0108033418655396, 0.9498434066772461, 1.2332210540771484, 1.1926536560058594, 1.2195229530334473, 1.3184782266616821, 1.2891629934310913, 1.1921707391738892, 1.5192101001739502, 1.4262568950653076, 1.277590036392212, 0.7675703167915344, 0.9244930744171143, 1.287641167640686, 1.165082573890686, 1.0707927942276, 0.9206084609031677, 1.3890599012374878, 1.5058152675628662, 1.074082374572754, 1.2395305633544922, 1.234174132347107, 1.1961225271224976, 1.1161937713623047, 0.9200839400291443, 1.1755001544952393, 0.8851717710494995, 1.0523420572280884, 1.5183675289154053, 1.4102749824523926, 1.2932649850845337, 0.8200008273124695, 1.2388553619384766, 1.2872284650802612, 1.1791462898254395, 0.9959251284599304, 1.4774835109710693, 1.2953014373779297, 1.1951628923416138, 1.4092586040496826, 1.3026273250579834, 1.1243242025375366, 1.2936545610427856, 1.474896788597107, 1.145757794380188, 1.3347584009170532, 1.1089218854904175, 1.6321126222610474, 1.0608937740325928, 1.447962999343872, 1.123476505279541, 1.0605192184448242, 1.1159635782241821, 1.291211724281311, 1.49454665184021]
val step Loss: [0.7410538792610168, 0.8272090554237366, 0.7065618634223938, 0.9127843976020813, 0.654074490070343, 1.0226579904556274, 0.6603711843490601, 0.8551861643791199, 1.375200629234314, 0.6901413798332214, 0.637018620967865, 0.8785880208015442, 0.7488299608230591, 0.539923369884491, 0.986308753490448, 0.9471560120582581]
Train step Accs: [0.8167053364269141, 0.7011459129106188, 0.7506430868167202, 0.6501317625174392, 0.6588119091293918, 0.736013986013986, 0.7703703703703704, 0.8135622615331252, 0.7834639106517753, 0.7884460222688398, 0.7240131578947369, 0.7324701530183285, 0.7230335214072353, 0.6987433862433863, 0.7102834541858932, 0.7494795281054824, 0.6574898785425102, 0.671060606060606, 0.717116125481563, 0.8466442358774571, 0.805996192893401, 0.7074670571010249, 0.7403255528255528, 0.7672125934170775, 0.8132377110413865, 0.6696110073042296, 0.6673777486051854, 0.762400228050171, 0.7144308943089431, 0.7204958100558659, 0.7379796397807361, 0.7496900185988841, 0.8078688524590164, 0.7336106489184692, 0.8113071660064818, 0.7640578051223351, 0.6440779610194902, 0.678980058842759, 0.7310525454247832, 0.8333333333333334, 0.7182451963951709, 0.7170755326016786, 0.735719298245614, 0.795472660608959, 0.6499192535438723, 0.7015425888665325, 0.7462616086888084, 0.7012027242428633, 0.7043756670224119, 0.7454490747705732, 0.7159839063643014, 0.6570242214532872, 0.7534361381159906, 0.7089276281035394, 0.7532623626373627, 0.6153103891926665, 0.7507418397626113, 0.6538718291054739, 0.7463500721963742, 0.7690437601296597, 0.7516223231667748, 0.7248927038626609, 0.6543946932006633]
val step Accs: [0.858345715700842, 0.8299128479055383, 0.8666214382632293, 0.8172878475173, 0.8718142060021113, 0.7840616966580977, 0.874507744814912, 0.8337915864723673, 0.6941833537665169, 0.8656546489563567, 0.8835734870317002, 0.8225925379737502, 0.8505789152955515, 0.9063974829575249, 0.7995190862639014, 0.8067837674136886]
Preds: [17, 17, 17, 145, 284, 284, 284, 450, 450, 450, 43, 43, 43, 43, 276, 276, 153, 153, 138, 182, 182, 182, 182, 182, 182, 182, 98, 98, 98, 98, 98, 197, 226, 226, 226, 209, 287, 287, 110, 145, 111, 111, 322, 322, 76, 10, 10, 479, 398, 398, 398, 301, 399, 43, 43, 250, 138, 138, 138, 153, 387, 387, 109, 146, 146, 324, 324, 422, 99, 99, 338, 338, 338, 338, 338, 338, 395, 395, 395, 278, 278, 278, 374, 378, 416, 8, 259, 208, 100, 100, 100, 375, 122, 122, 122, 233, 82, 75, 75, 66, 68, 68, 68, 224, 25, 267, 444, 448, 324, 464, 464, 58, 315, 486, 319, 319, 72, 72, 203, 7, 364, 276, 276, 276, 276, 153, 153, 182, 182, 182, 182, 375, 98, 98, 98, 98, 426, 426, 282, 282, 59, 282, 282, 282, 413, 413, 413, 303, 413, 303, 303, 303, 303, 303, 309, 309, 479, 479, 331, 331, 106, 481, 481, 481, 481, 182, 387, 293, 375, 98, 263, 263, 263, 78, 170, 170, 170, 170, 170, 392, 392, 392, 392, 392, 392, 392, 392, 63, 63, 63, 63, 63, 63, 63, 63, 63, 63, 63, 392, 392, 392, 392, 244, 244, 289, 289, 321, 7, 7, 420, 324, 324, 324, 464, 464, 464, 110, 486, 486, 460, 460, 169, 349, 349, 234, 234, 234, 234, 261, 25, 25, 485, 324, 324, 324, 464, 464, 464, 139, 139, 426, 426, 426, 413, 348, 10, 10, 473, 398, 398, 340, 340, 116, 94, 199, 302, 88, 274, 122, 122, 129, 129, 75, 342, 68, 115, 273, 273, 151, 151, 151, 240, 240, 215, 35, 129, 259, 354, 354, 420, 286, 286, 286, 286, 374, 374, 374, 374, 374, 246, 246, 246, 477, 132, 132, 132, 98, 98, 375, 98, 98, 98, 13, 401, 82, 401, 321, 75, 208, 441, 441, 437, 437, 437, 481, 481, 375, 375, 98, 98, 98, 13, 13, 17, 17, 403, 403, 403, 403, 403, 403, 403, 403, 403, 403, 403, 438, 438, 438, 438, 438, 403, 403, 403, 403, 403, 403, 403, 403, 403, 403, 403, 403, 403, 403, 403, 403, 403, 403, 403, 403, 403, 403, 403, 403, 403, 403, 403, 403, 403, 403, 403, 403, 403, 403, 403, 403, 403, 403, 403, 403, 403, 403, 403, 403, 403, 403, 403, 403, 403, 403, 403, 403, 403, 403, 403, 403, 403, 403, 403, 403, 403, 403, 403, 403, 403, 403, 403, 403, 403, 403, 403, 403, 403, 403, 403, 403, 403, 403, 403, 403, 403, 403, 403, 403, 403, 403, 403, 403, 403, 403, 403, 403, 403, 403, 403, 403, 403, 403, 403, 403, 403, 403, 403, 403, 403, 403, 403, 403, 403, 403, 403, 403, 403, 403, 403, 403, 403, 403, 403, 403, 403, 403, 403, 403, 403, 403, 403, 403, 403, 403, 403, 403, 403, 403, 403, 403, 403, 403, 403, 403, 403, 403, 403, 403, 403, 403, 403, 403, 403, 403, 403, 403, 403, 403, 403, 403, 403, 403, 403, 403, 403, 403, 403, 403, 403, 403, 403, 403, 403, 403, 403, 403, 403, 403, 403, 403, 403, 403, 403, 403, 403, 403, 403, 403, 403, 403, 403, 403, 403, 403, 403, 403, 403, 403, 403, 403, 403, 403, 403, 403, 403, 403, 403, 403, 403, 403, 403, 403, 403, 403, 403, 403, 403, 403, 403, 403, 403, 403, 403, 403, 403, 403, 403, 403, 403, 403, 403, 403, 403, 403, 403, 403, 403, 403, 403, 403, 403, 403, 403, 403, 403, 403, 403, 403, 403, 403, 403, 403, 403, 403, 403, 403, 403, 403, 403, 403, 403, 403, 403]

ep202
Train step Loss: [0.9526513814926147, 0.9840654134750366, 0.8804680705070496, 0.9338231086730957, 1.3955397605895996, 1.3537694215774536, 1.4025124311447144, 1.2345775365829468, 0.8849979639053345, 1.132577657699585, 1.1772297620773315, 1.3008315563201904, 0.9413629770278931, 1.3467323780059814, 1.1607376337051392, 1.419523000717163, 1.2084038257598877, 1.1771903038024902, 1.3796441555023193, 1.104606032371521, 1.3729037046432495, 1.6834394931793213, 1.577553629875183, 0.9197641611099243, 1.3454509973526, 1.3684083223342896, 1.0978816747665405, 1.4839285612106323, 1.4654303789138794, 0.960885763168335, 0.472833514213562, 1.449824571609497, 0.9437878131866455, 1.3552827835083008, 0.9715481996536255, 0.5658302903175354, 0.8503434062004089, 1.3093703985214233, 0.9973872900009155, 1.137953758239746, 1.2485805749893188, 1.2309705018997192, 1.2807011604309082, 1.0500469207763672, 0.8296458125114441, 1.4267950057983398, 1.7329659461975098, 1.0914463996887207, 0.8521948456764221, 1.428781509399414, 0.783210039138794, 1.5471562147140503, 1.1344362497329712, 1.3930115699768066, 1.634607195854187, 1.3376128673553467, 1.3552502393722534, 0.994347870349884, 0.9627218842506409, 1.297271728515625, 0.98330157995224, 1.1709506511688232, 1.1968899965286255]
val step Loss: [0.893400251865387, 0.9328691363334656, 1.0599339008331299, 0.5800697803497314, 0.5666980147361755, 0.757003128528595, 0.7637706995010376, 0.8310644030570984, 0.7682092785835266, 1.0261974334716797, 0.8855865597724915, 0.8233217597007751, 0.7857816219329834, 0.6701350808143616, 0.5636236071586609, 1.0305414199829102]
Train step Accs: [0.7957071091490333, 0.799488926746167, 0.8117299162148842, 0.8043666608906602, 0.6827672605790646, 0.6979969183359014, 0.6757488576747335, 0.7230249000922225, 0.8077189338871582, 0.7505659309564233, 0.7459322286908494, 0.705550472705093, 0.7919427973491454, 0.698983841412627, 0.7333836858006042, 0.6609490221224752, 0.7299406806119263, 0.7547304026177266, 0.6999487967229903, 0.7528839221341024, 0.6975986277873071, 0.6142442797292942, 0.6414626075446724, 0.8030050083472454, 0.6902251353662012, 0.6810596937897815, 0.7563567362428842, 0.6568277651638015, 0.6746134020618557, 0.7886942387574499, 0.9211561743341404, 0.6626448642641689, 0.8043386392449641, 0.6886123571118506, 0.8049628575944365, 0.902110106298588, 0.8198486122792262, 0.7037951249614317, 0.7927256792287467, 0.74579795529371, 0.7237831420656905, 0.7217449890517096, 0.7128760146426866, 0.7788147456836211, 0.8293437550887478, 0.6924882629107981, 0.5891915641476274, 0.7648539778449144, 0.8192902638762511, 0.6919889502762431, 0.8369443107045418, 0.6271875, 0.7546202826525858, 0.6831204694511563, 0.6329402305012061, 0.6914188293237356, 0.692669015265895, 0.7776717557251909, 0.7852894240533875, 0.7078437132784959, 0.7860236788911349, 0.7441558441558441, 0.7301204819277108]
val step Accs: [0.8186005976095617, 0.8036890645586298, 0.782808902532617, 0.8975043373815561, 0.8972472408981352, 0.8518886679920478, 0.849961724929829, 0.8338839698691688, 0.8511927788523533, 0.784370477568741, 0.8193622853845044, 0.8374233128834356, 0.852937293729373, 0.8757025225460724, 0.9042372881355932, 0.7881280569141841]
Preds: [17, 309, 479, 479, 331, 278, 278, 17, 465, 465, 77, 269, 54, 54, 224, 224, 273, 494, 494, 382, 468, 406, 406, 406, 406, 467, 337, 337, 337, 340, 116, 33, 10, 10, 10, 309, 479, 331, 331, 84, 426, 426, 426, 426, 426, 375, 375, 98, 98, 98, 263, 263, 13, 13, 13, 414, 102, 82, 305, 312, 305, 187, 187, 187, 187, 187, 12, 12, 12, 12, 12, 2, 12, 2, 163, 2, 244, 435, 435, 435, 435, 435, 244, 63, 244, 73, 73, 73, 73, 320, 7, 7, 7, 32, 32, 354, 354, 420, 420, 213, 213, 213, 213, 246, 246, 246, 246, 246, 246, 246, 3, 3, 3, 188, 188, 188, 422, 143, 236, 416, 129, 129, 259, 354, 354, 425, 109, 278, 403, 403, 171, 171, 171, 171, 246, 246, 246, 246, 246, 246, 246, 422, 99, 99, 338, 338, 338, 338, 338, 400, 400, 400, 444, 324, 464, 171, 252, 314, 314, 239, 239, 239, 36, 108, 107, 395, 395, 286, 286, 286, 464, 464, 264, 264, 264, 315, 315, 315, 315, 282, 282, 282, 450, 413, 203, 250, 250, 250, 276, 276, 138, 138, 138, 138, 182, 182, 182, 182, 182, 182, 182, 182, 182, 372, 59, 59, 59, 406, 406, 406, 467, 467, 134, 302, 302, 302, 375, 375, 375, 98, 122, 385, 197, 197, 196, 309, 309, 479, 479, 398, 398, 84, 84, 88, 88, 88, 43, 43, 43, 43, 182, 182, 182, 387, 387, 242, 242, 116, 33, 10, 10, 309, 398, 398, 398, 464, 464, 120, 355, 460, 460, 178, 263, 263, 263, 414, 414, 414, 414, 187, 187, 187, 187, 187, 170, 2, 2, 392, 392, 2, 2, 392, 392, 73, 244, 73, 73, 73, 373, 373, 323, 323, 323, 397, 106, 106, 153, 153, 153, 182, 182, 182, 182, 182, 182, 182, 182, 182, 387, 122, 122, 122, 129, 129, 129, 401, 310, 270, 323, 323, 115, 273, 106, 106, 387, 387, 387, 319, 348, 94, 94, 199, 199, 81, 271, 385, 385, 457, 197, 414, 401, 7, 354, 354, 346, 84, 428, 240, 240, 285, 285, 355, 355, 355, 460, 167, 285, 440, 287, 287, 460, 169, 35, 458, 32, 401, 32, 239, 354, 106, 486, 460, 169, 240, 35, 239, 239, 36, 107, 395, 180, 486, 486, 460, 240, 240, 240, 239, 239, 371, 371, 371, 324, 485, 286, 286, 374, 132, 88, 132, 98, 98, 98, 98, 401, 401, 401, 354, 208, 441, 441, 387, 98, 98, 98, 98, 98, 13, 170, 170, 170, 170, 170, 170, 392, 47, 47, 392, 28, 392, 2, 2, 2, 2, 2, 2, 244, 63, 73, 73, 2, 2, 2, 73, 73, 73, 73, 435, 435, 392, 73, 73, 73, 391, 73, 73, 73, 287, 287, 287, 240, 240, 240, 240, 240, 240, 284, 284, 450, 450, 88, 276, 276, 276, 276, 276, 174, 174, 413, 348, 33, 248, 394, 212, 32, 32, 32, 32, 32, 180, 264, 264, 476, 476, 171, 252, 252, 310, 143, 458, 458, 354, 27, 445, 445, 445, 445, 219, 219, 477, 374, 374, 132, 132, 132, 132, 274, 122, 99, 162, 232, 323, 482, 482, 482, 482, 323, 483, 55, 240, 387, 153, 43, 122, 129, 129, 401, 401, 401, 354, 75, 445, 445, 445, 213, 213, 171, 252, 454, 454, 233, 143, 401, 197, 197, 401, 414, 188, 196, 309, 479, 398, 340, 278, 385, 445, 401, 401, 401, 7, 8, 354, 100, 346, 284, 460, 460, 315, 450, 450, 206, 206, 35, 14, 35, 354, 411, 100, 387, 182, 182, 98, 98, 129, 401, 401, 401, 414, 401, 441]

ep203
Train step Loss: [0.851230800151825, 0.8424647450447083, 1.1185576915740967, 1.4196383953094482, 1.1563881635665894, 1.088087797164917, 1.1086276769638062, 1.716721534729004, 1.358466386795044, 1.1619619131088257, 0.6093807816505432, 1.231579303741455, 1.584754228591919, 0.8619279265403748, 1.0918251276016235, 0.7979777455329895, 1.38383150100708, 1.128920078277588, 1.33875572681427, 1.175235629081726, 1.4438700675964355, 0.6330698728561401, 0.8655237555503845, 0.7630210518836975, 0.5122851729393005, 1.181968331336975, 1.0385948419570923, 1.2199140787124634, 1.243247628211975, 0.8828716278076172, 0.9612891674041748, 1.1023377180099487, 1.0239636898040771, 1.224264144897461, 1.1954444646835327, 1.0638868808746338, 1.4140974283218384, 1.2454286813735962, 1.2221224308013916, 0.9129362106323242, 0.8170021772384644, 0.5974408984184265, 0.834053635597229, 1.0040403604507446, 0.8494091629981995, 1.2577528953552246, 1.2517961263656616, 1.2815401554107666, 1.4204875230789185, 1.2686477899551392, 1.6447118520736694, 1.2402547597885132, 1.2238566875457764, 1.1381312608718872, 0.6556166410446167, 1.3007757663726807, 1.2680824995040894, 1.261797547340393, 1.1778827905654907, 1.551926851272583, 0.9091344475746155, 0.968692421913147, 2.208095073699951]
val step Loss: [0.9792470335960388, 0.38275352120399475, 0.5854249596595764, 0.9257689714431763, 0.38606634736061096, 0.7080945372581482, 1.0596065521240234, 0.8835974931716919, 0.4322354793548584, 0.7098761796951294, 0.6168463826179504, 0.5611200332641602, 0.6333486437797546, 0.916713297367096, 0.7500394582748413, 0.9385350346565247]
Train step Accs: [0.823682256867112, 0.8226042428675933, 0.7520142018298511, 0.6739472030169704, 0.7356488181379643, 0.7501674480910918, 0.7413046723391551, 0.6096887934999233, 0.6945771284068558, 0.7329219920669898, 0.8886789211475692, 0.7302988078649946, 0.6333231521075138, 0.8146390566580385, 0.7493112947658402, 0.8357784431137725, 0.6857578065498857, 0.7582651972982581, 0.6978543278353525, 0.7321642088481467, 0.6699100692908743, 0.8813179230636536, 0.8141025641025641, 0.8409129912476403, 0.9138461538461539, 0.7409849866704084, 0.7666210254069679, 0.7208696983616598, 0.7225806451612903, 0.8090461771385314, 0.8011934673366834, 0.7484532725496581, 0.7805609719514024, 0.7167570737428529, 0.7274764679515913, 0.7803084907020326, 0.6757007610915167, 0.7144272036975899, 0.7247510668563301, 0.8052186696067622, 0.8339860378001022, 0.8779712085704721, 0.8226351351351351, 0.7739329000526963, 0.8100550122249389, 0.7054510678992668, 0.7142220240748997, 0.7326326161931351, 0.6780327868852459, 0.7126750939528528, 0.6236559139784946, 0.7221974095578383, 0.7211633256654617, 0.7559550561797753, 0.8660196987253765, 0.7063272727272727, 0.7098221705168689, 0.7187032418952618, 0.7241637918104095, 0.6339652448657188, 0.8181502086230876, 0.7834087481146305, 0.4780297661233168]
val step Accs: [0.7977253095306651, 0.9470302684180468, 0.8913153885220925, 0.8038882138517619, 0.944640434192673, 0.8621466099574681, 0.775765843978668, 0.8229948066935949, 0.92856159669649, 0.8657180969319698, 0.8866583541147132, 0.8940059515374805, 0.8790611134964935, 0.8120788619915148, 0.848868374032162, 0.8011653313911143]
Preds: [17, 17, 309, 479, 473, 398, 360, 340, 330, 17, 36, 259, 36, 108, 168, 168, 494, 382, 382, 406, 406, 467, 467, 337, 337, 301, 301, 203, 129, 129, 196, 196, 70, 473, 473, 429, 213, 324, 171, 246, 246, 246, 246, 246, 246, 19, 19, 19, 454, 225, 226, 414, 414, 82, 83, 287, 287, 284, 460, 215, 215, 35, 35, 35, 259, 441, 441, 276, 153, 153, 153, 497, 399, 399, 70, 70, 70, 70, 70, 138, 138, 138, 387, 387, 146, 146, 207, 324, 324, 324, 464, 464, 3, 457, 457, 129, 401, 7, 7, 364, 276, 276, 345, 345, 109, 109, 213, 213, 324, 246, 246, 301, 301, 8, 8, 239, 259, 354, 180, 151, 180, 206, 240, 169, 35, 77, 77, 54, 54, 323, 224, 336, 494, 494, 374, 134, 153, 153, 182, 182, 497, 497, 43, 43, 43, 276, 276, 346, 346, 319, 428, 428, 330, 330, 388, 388, 388, 303, 303, 303, 303, 303, 199, 398, 324, 324, 464, 19, 358, 76, 129, 401, 82, 401, 310, 66, 323, 395, 395, 106, 106, 153, 153, 153, 182, 182, 182, 182, 182, 182, 182, 182, 182, 182, 375, 122, 122, 122, 233, 401, 82, 75, 310, 323, 323, 273, 106, 106, 302, 387, 387, 98, 98, 263, 263, 13, 414, 414, 170, 170, 170, 82, 312, 305, 305, 12, 12, 12, 12, 12, 12, 21, 408, 408, 408, 149, 149, 228, 228, 289, 82, 320, 188, 188, 177, 31, 31, 162, 162, 232, 232, 232, 172, 115, 267, 267, 444, 286, 374, 374, 374, 374, 406, 250, 134, 302, 302, 274, 122, 122, 129, 36, 478, 342, 342, 342, 115, 273, 273, 106, 284, 284, 284, 284, 284, 284, 284, 376, 376, 376, 376, 85, 85, 85, 85, 85, 85, 468, 468, 468, 467, 467, 467, 499, 284, 284, 460, 460, 240, 240, 240, 35, 35, 35, 401, 75, 68, 68, 68, 68, 172, 115, 273, 267, 444, 444, 324, 301, 301, 143, 129, 129, 401, 401, 401, 401, 401, 196, 196, 473, 65, 213, 213, 213, 213, 246, 246, 246, 246, 246, 19, 19, 19, 454, 454, 414, 414, 170, 82, 170, 82, 47, 47, 47, 80, 73, 320, 320, 7, 441, 441, 441, 148, 153, 387, 387, 132, 186, 99, 338, 338, 338, 338, 338, 400, 400, 400, 30, 30, 324, 324, 246, 246, 246, 246, 246, 246, 246, 143, 99, 99, 338, 338, 338, 338, 338, 6, 395, 400, 400, 213, 213, 324, 324, 324, 19, 454, 454, 454, 454, 17, 301, 171, 171, 171, 171, 171, 171, 171, 171, 171, 171, 171, 171, 171, 171, 171, 403, 403, 403, 403, 403, 403, 403, 403, 403, 403, 403, 403, 403, 403, 403, 403, 403, 403, 403, 403, 403, 403, 403, 403, 403, 403, 403, 403, 403, 403, 403, 403, 403, 403, 403, 403, 403, 403, 403, 403, 403, 403, 403, 403, 403, 403, 403, 403, 403, 403, 403, 403, 403, 403, 403, 403, 403, 403, 403, 403, 403, 403, 403, 403, 403, 403, 403, 403, 403, 403, 403, 403, 403, 403, 403, 403, 403, 403, 403, 403, 403, 403, 403, 403, 403, 403, 403, 403, 403, 403, 403, 403, 403, 403, 403, 403, 403, 403, 403, 403, 403, 403, 403, 403, 403, 403, 403, 403, 403, 403, 403, 403, 403, 403, 403, 403, 403, 403, 403, 403, 403, 403, 403, 403, 403, 403, 403, 403, 403, 403, 403, 403, 403, 403, 403, 403, 403, 403, 403, 403, 403, 403, 403, 403, 403, 403, 403, 403, 403, 403, 403, 403, 403, 403, 403, 403, 403, 403, 403, 403, 403, 403, 403]

ep204
Train step Loss: [1.330399513244629, 0.6231955289840698, 1.1992120742797852, 1.2687488794326782, 0.9683026671409607, 1.1312224864959717, 1.1005510091781616, 1.071428894996643, 1.1426970958709717, 1.0591868162155151, 1.4538623094558716, 1.09801185131073, 1.1115707159042358, 0.9357659816741943, 1.0713467597961426, 1.2457005977630615, 0.9512006640434265, 1.32205069065094, 0.9857425093650818, 0.9580428600311279, 0.7313003540039062, 1.4437628984451294, 1.5848594903945923, 0.8758880496025085, 1.2061057090759277, 1.193695306777954, 1.783700704574585, 1.075348138809204, 1.1069525480270386, 0.717902660369873, 1.1490644216537476, 1.1098685264587402, 0.9537679553031921, 1.11326003074646, 1.0240557193756104, 1.5111521482467651, 0.884592592716217, 0.9072827696800232, 0.9340295195579529, 1.2125142812728882, 1.1203856468200684, 0.9048460721969604, 1.4455863237380981, 1.3725355863571167, 1.2162071466445923, 1.466275930404663, 1.3538062572479248, 1.0948582887649536, 0.8728170990943909, 0.9322535395622253, 1.404553771018982, 1.22316575050354, 1.157543420791626, 1.1313763856887817, 1.519096851348877, 0.9304582476615906, 0.487181693315506, 1.2202363014221191, 1.276313304901123, 1.309075951576233, 0.899324893951416, 0.9778788685798645, 1.0644484758377075]
val step Loss: [0.5788143277168274, 0.6485223770141602, 0.6790527701377869, 0.7552053928375244, 0.43387946486473083, 0.9377145171165466, 0.7974428534507751, 0.6677604913711548, 0.9259687662124634, 0.5065833330154419, 0.5101425051689148, 0.6373456120491028, 0.5569735765457153, 0.541419267654419, 0.48330268263816833, 0.7673755288124084]
Train step Accs: [0.6893796992481203, 0.8702377075871052, 0.7351753110357085, 0.7187954611579866, 0.7947269303201506, 0.7435193656602622, 0.7586463923673226, 0.7650974025974026, 0.7382140876317249, 0.7748995087092452, 0.68886925795053, 0.7529317269076305, 0.7563708934602394, 0.7952297059222116, 0.7675090252707581, 0.7159780410286044, 0.7832425786053048, 0.6977569562748438, 0.7816128519166534, 0.7919863597612958, 0.8510672188595094, 0.666310323762981, 0.6291816009557945, 0.8104704097116844, 0.734174899377973, 0.7214076246334311, 0.5997225647348952, 0.7596922612762106, 0.7483789340502925, 0.8529557055820847, 0.735399284862932, 0.7566844919786097, 0.7956047333640694, 0.7547412407585985, 0.7853965332106151, 0.6491822602033299, 0.8189773507206589, 0.7974985110184634, 0.7925124041497519, 0.7240274599542335, 0.7519950890116636, 0.8037520691557845, 0.6666666666666666, 0.7022779445523574, 0.7283048211508554, 0.6497645211930926, 0.6851485148514852, 0.7684547638110488, 0.8098689712851965, 0.812994262676384, 0.6723559890277354, 0.7263893106589736, 0.7333228445563247, 0.7354819976771196, 0.6397251308900523, 0.8036456667732651, 0.911934716082965, 0.7247521424970593, 0.6975384615384616, 0.7080171560541075, 0.8109657767425192, 0.7870210562651019, 0.7684108527131783]
val step Accs: [0.8989154013015185, 0.8749299719887955, 0.8706086095992083, 0.8510364362044548, 0.9288192213799307, 0.8017440369325468, 0.8444712626338814, 0.8682279469164715, 0.8032534904572819, 0.9084516565246789, 0.9092829790043576, 0.8748065614360879, 0.898542600896861, 0.8995909750626732, 0.9148909021309174, 0.8536779324055666]
Preds: [17, 479, 398, 360, 360, 171, 360, 360, 171, 434, 252, 252, 252, 252, 143, 205, 205, 441, 441, 148, 148, 346, 346, 306, 306, 306, 203, 203, 467, 65, 65, 84, 319, 319, 319, 175, 175, 251, 251, 251, 81, 81, 219, 219, 398, 398, 360, 464, 464, 464, 464, 264, 264, 468, 468, 58, 58, 450, 84, 84, 84, 426, 426, 450, 413, 98, 98, 263, 263, 13, 417, 417, 414, 414, 170, 170, 170, 170, 28, 82, 2, 2, 2, 2, 2, 2, 2, 2, 2, 316, 316, 73, 73, 289, 289, 320, 320, 320, 373, 4, 4, 219, 4, 219, 219, 219, 422, 280, 444, 444, 360, 213, 360, 213, 213, 246, 246, 246, 19, 19, 454, 454, 454, 414, 414, 414, 414, 414, 249, 249, 249, 47, 249, 249, 2, 244, 373, 23, 316, 244, 73, 73, 244, 244, 320, 320, 320, 7, 479, 398, 360, 360, 360, 171, 171, 252, 378, 173, 280, 34, 324, 324, 324, 324, 422, 143, 77, 478, 342, 342, 232, 172, 172, 115, 115, 267, 444, 171, 171, 252, 252, 301, 173, 280, 280, 4, 4, 4, 280, 280, 25, 444, 213, 213, 213, 213, 213, 246, 246, 246, 246, 19, 454, 454, 454, 454, 197, 197, 197, 197, 80, 80, 7, 7, 478, 310, 54, 54, 172, 395, 395, 470, 470, 403, 403, 403, 403, 403, 171, 207, 358, 358, 358, 225, 225, 225, 414, 197, 197, 451, 451, 451, 30, 213, 360, 360, 360, 422, 457, 457, 196, 196, 398, 398, 360, 360, 360, 360, 464, 464, 315, 315, 315, 315, 315, 315, 315, 450, 450, 450, 450, 175, 175, 43, 43, 43, 276, 276, 153, 153, 424, 497, 497, 497, 497, 175, 413, 250, 250, 413, 426, 426, 319, 319, 413, 413, 413, 381, 250, 42, 250, 88, 241, 431, 431, 426, 426, 426, 426, 426, 480, 480, 480, 480, 426, 426, 85, 85, 299, 299, 299, 299, 116, 399, 217, 473, 398, 324, 324, 324, 324, 464, 464, 464, 264, 264, 468, 382, 245, 173, 349, 349, 349, 234, 155, 155, 25, 148, 148, 153, 153, 153, 153, 387, 387, 387, 285, 134, 134, 134, 88, 88, 88, 88, 387, 497, 175, 175, 431, 431, 265, 265, 428, 85, 85, 146, 146, 146, 464, 464, 464, 464, 171, 171, 171, 325, 325, 464, 464, 464, 120, 443, 120, 120, 263, 263, 263, 263, 229, 229, 229, 312, 312, 312, 312, 292, 292, 292, 292, 23, 23, 23, 23, 23, 23, 23, 23, 260, 260, 260, 391, 391, 391, 73, 73, 244, 73, 320, 321, 320, 320, 287, 284, 284, 284, 284, 284, 284, 284, 284, 284, 284, 480, 85, 480, 85, 85, 85, 85, 85, 85, 146, 146, 207, 207, 207, 324, 464, 464, 464, 464, 464, 486, 315, 315, 315, 315, 282, 450, 450, 175, 43, 43, 276, 153, 153, 153, 297, 297, 182, 182, 182, 182, 182, 182, 372, 372, 372, 372, 372, 59, 59, 59, 467, 467, 467, 467, 134, 134, 175, 431, 431, 431, 431, 431, 480, 480, 480, 85, 85, 85, 85, 85, 299, 468, 468, 59, 467, 467, 275, 275, 275, 303, 303, 303, 303, 98, 98, 98, 233, 233, 414, 170, 209, 188, 188, 188, 19, 19, 303, 303, 282, 282, 282, 37, 303, 303, 102, 48, 48, 170, 170, 170, 249, 249, 249, 249, 249, 249, 249, 249, 201, 249, 249, 249, 249, 249, 249, 249, 249, 249, 249, 249, 249, 249, 249, 249, 73, 441, 346, 346, 284, 206, 206, 206, 167, 167, 167, 233, 170, 170, 170, 28, 28, 40, 40, 305, 237, 237, 102]

ep205
Train step Loss: [0.6377108693122864, 0.9380499124526978, 1.1185293197631836, 0.7555654644966125, 0.656420886516571, 1.195175290107727, 0.7733852863311768, 1.4889715909957886, 0.7007068991661072, 0.9131989479064941, 1.1932624578475952, 1.0117073059082031, 0.969115674495697, 1.1640900373458862, 1.0221538543701172, 1.1318243741989136, 0.8113234043121338, 1.3195993900299072, 0.6022186875343323, 1.09079909324646, 0.8658453822135925, 1.174253225326538, 0.9846221804618835, 1.0293155908584595, 1.000516414642334, 1.306471586227417, 0.3375158905982971, 0.9302772879600525, 1.0693930387496948, 0.684197723865509, 1.1732611656188965, 1.0003728866577148, 1.4621542692184448, 1.5330265760421753, 1.256018877029419, 1.1217024326324463, 1.3259152173995972, 0.9915409088134766, 1.3138011693954468, 0.6538548469543457, 0.9679577350616455, 0.5906670093536377, 1.04673171043396, 1.1247833967208862, 1.4153921604156494, 1.1954389810562134, 0.9154425263404846, 0.7823383808135986, 0.9826520681381226, 1.1536895036697388, 0.5761776566505432, 0.8505488038063049, 1.0484009981155396, 0.9690514206886292, 1.0298291444778442, 1.270833969116211, 1.1078227758407593, 1.0149195194244385, 1.016791820526123, 0.4370819628238678, 0.611038863658905, 0.6353747844696045, 0.5972938537597656]
val step Loss: [0.5975097417831421, 0.4253193438053131, 0.7287886738777161, 0.3672965466976166, 0.3806639015674591, 0.5045948624610901, 0.5946837663650513, 0.33194732666015625, 0.2444688230752945, 0.5458348989486694, 0.655053973197937, 0.48174959421157837, 0.520392894744873, 0.3463730216026306, 0.33047008514404297, 0.37147530913352966]
Train step Accs: [0.8760287165119944, 0.7929240374609782, 0.7503214193880174, 0.8441926345609065, 0.8706716057336125, 0.7272172187452297, 0.8390742734122713, 0.6483620826080077, 0.8623235969806367, 0.7915276851234156, 0.7432193869362863, 0.76151539929136, 0.796688289518607, 0.7377794153770573, 0.7772175831101308, 0.7461574289706567, 0.8259770889487871, 0.7160205511443251, 0.8868316041500399, 0.7558603093605486, 0.811699550017307, 0.7405454545454545, 0.7834081976417743, 0.768976897689769, 0.7738725726207671, 0.6950955943474647, 0.9474164688698192, 0.7970246238030095, 0.7670639219934995, 0.8621052631578947, 0.7307137129109864, 0.7746940182727116, 0.671219512195122, 0.6390183286735011, 0.7042930548649097, 0.7307112718505123, 0.7070181953212031, 0.7778803261036764, 0.7085723651860351, 0.869598180439727, 0.7929824561403509, 0.8886705959397512, 0.7626040137053353, 0.7432909063027143, 0.6628731650997856, 0.7152643335815339, 0.7992783040144339, 0.8349363507779349, 0.7771428571428571, 0.724688042963197, 0.8900332752337189, 0.8193374422187981, 0.7675694813241282, 0.7762707220167147, 0.7623158208066677, 0.7023169912693082, 0.7456112852664577, 0.7717702543372074, 0.7728739002932551, 0.9277885235332044, 0.8719422098177639, 0.8691226369365003, 0.8947712418300654]
val step Accs: [0.8847542349347404, 0.9227144203581527, 0.8563575871546362, 0.9444137931034483, 0.9443345577846849, 0.9124175164967007, 0.8852284803400637, 0.9541650059784775, 0.9772173489278753, 0.8969914572242169, 0.8712930011862396, 0.9143305944900918, 0.9056659308314937, 0.9526795044036424, 0.9538952745849297, 0.9412568306010929]
Preds: [17, 188, 213, 213, 213, 246, 246, 246, 19, 3, 197, 197, 321, 7, 7, 320, 354, 109, 109, 109, 109, 403, 171, 171, 360, 246, 246, 434, 434, 246, 246, 3, 212, 384, 114, 180, 180, 486, 486, 376, 376, 376, 376, 460, 460, 460, 167, 35, 35, 259, 287, 287, 287, 287, 284, 284, 284, 284, 426, 426, 450, 450, 203, 175, 88, 88, 182, 100, 497, 293, 293, 235, 235, 293, 293, 293, 413, 250, 250, 250, 345, 345, 174, 174, 387, 319, 240, 240, 285, 216, 183, 183, 183, 183, 351, 171, 171, 171, 171, 143, 143, 478, 96, 68, 68, 172, 115, 267, 267, 267, 464, 464, 464, 464, 180, 486, 486, 486, 460, 460, 460, 169, 169, 402, 402, 183, 183, 257, 257, 257, 31, 31, 162, 342, 68, 115, 267, 273, 273, 470, 278, 278, 264, 264, 468, 468, 468, 467, 467, 337, 337, 337, 324, 324, 301, 301, 301, 250, 43, 345, 345, 431, 431, 431, 284, 486, 376, 376, 376, 376, 460, 460, 240, 240, 285, 24, 77, 342, 107, 395, 395, 395, 41, 41, 213, 360, 360, 275, 303, 303, 19, 19, 19, 19, 19, 19, 454, 414, 229, 229, 312, 82, 82, 312, 312, 187, 12, 12, 12, 12, 408, 408, 408, 408, 391, 244, 321, 321, 321, 287, 287, 287, 287, 111, 111, 111, 460, 169, 240, 35, 77, 342, 342, 342, 224, 172, 172, 267, 267, 267, 464, 464, 464, 464, 315, 450, 282, 282, 282, 450, 450, 250, 53, 65, 276, 65, 319, 319, 387, 319, 146, 299, 434, 434, 434, 434, 246, 246, 246, 318, 318, 39, 269, 9, 54, 9, 400, 213, 213, 477, 477, 301, 301, 349, 349, 234, 234, 234, 234, 155, 155, 148, 25, 148, 148, 148, 153, 153, 153, 182, 182, 182, 182, 182, 182, 122, 122, 122, 98, 259, 197, 259, 183, 183, 451, 451, 30, 30, 324, 324, 324, 219, 219, 219, 219, 464, 464, 464, 464, 139, 139, 302, 497, 497, 497, 98, 129, 259, 354, 441, 441, 441, 153, 153, 153, 182, 182, 182, 182, 182, 182, 182, 182, 182, 182, 98, 98, 98, 98, 98, 229, 17, 83, 171, 171, 171, 171, 171, 171, 171, 171, 171, 171, 171, 171, 171, 171, 171, 171, 171, 171, 171, 171, 171, 171, 171, 171, 171, 171, 171, 171, 171, 171, 171, 171, 171, 171, 171, 171, 171, 171, 171, 171, 171, 171, 171, 171, 171, 171, 171, 171, 171, 171, 171, 171, 171, 171, 171, 171, 171, 171, 171, 171, 171, 171, 171, 171, 171, 171, 171, 171, 171, 171, 171, 171, 171, 171, 171, 171, 171, 171, 171, 171, 171, 171, 171, 171, 171, 171, 171, 171, 171, 171, 171, 171, 171, 171, 171, 171, 171, 171, 171, 171, 171, 171, 171, 171, 171, 171, 171, 171, 171, 171, 171, 171, 171, 171, 171, 171, 171, 171, 171, 171, 171, 171, 171, 171, 171, 171, 171, 171, 171, 171, 171, 171, 171, 171, 171, 171, 171, 171, 171, 171, 171, 171, 171, 171, 171, 171, 171, 171, 171, 171, 171, 171, 171, 171, 171, 171, 171, 171, 171, 171, 171, 171, 171, 171, 171, 171, 171, 171, 171, 171, 171, 171, 171, 171, 171, 171, 171, 171, 171, 171, 171, 171, 171, 171, 171, 171, 171, 171, 171, 171, 171, 171, 171, 171, 171, 171, 171, 171, 171, 171, 171, 171, 171, 171, 171, 171, 171, 171, 171, 171, 171, 171, 171, 171, 171, 171, 171, 171, 171, 171, 171, 171, 171, 171, 171, 171, 171, 171, 171, 171, 171, 171, 171, 171, 171, 171, 171]

ep206
Train step Loss: [0.875556468963623, 0.7611240148544312, 0.8720594644546509, 1.021680235862732, 0.8697137832641602, 0.7092085480690002, 0.6341286301612854, 0.70598965883255, 1.1973050832748413, 0.7705342769622803, 0.7978140711784363, 0.8285123705863953, 0.6311501264572144, 0.8488759994506836, 0.637749195098877, 0.9792205095291138, 0.4767061769962311, 0.882404088973999, 0.9501721858978271, 0.3680410385131836, 0.8314541578292847, 1.152655839920044, 1.2669553756713867, 0.37352603673934937, 0.6352055072784424, 0.9418095946311951, 0.8369160890579224, 0.5722531080245972, 0.30782756209373474, 0.6875201463699341, 0.580213189125061, 0.7410422563552856, 0.9838874936103821, 0.5694574117660522, 0.6420103311538696, 0.8505703806877136, 0.7551710605621338, 0.7024051547050476, 0.8914995789527893, 0.49235251545906067, 0.8720687627792358, 0.9031311273574829, 0.7825644016265869, 0.5578286051750183, 0.7819841504096985, 0.9294321537017822, 1.0270076990127563, 0.6219856142997742, 0.8606443405151367, 0.8080217838287354, 0.7663704752922058, 0.6816432476043701, 1.1191236972808838, 0.7494385838508606, 0.7268045544624329, 0.7942870259284973, 0.6855921149253845, 0.5295511484146118, 0.9796115159988403, 0.2449880689382553, 1.1122512817382812, 0.3806535601615906, 1.0543394088745117]
val step Loss: [0.4395371377468109, 0.48664405941963196, 0.3594962954521179, 0.41330158710479736, 0.6173533201217651, 0.6441155672073364, 0.635597825050354, 0.6716216206550598, 0.43032315373420715, 0.5513471364974976, 0.2381855994462967, 0.4633916914463043, 0.5368486046791077, 0.3448067307472229, 0.3349393606185913, 0.19222059845924377]
Train step Accs: [0.8060200668896321, 0.83746212796293, 0.808764367816092, 0.7764067796610169, 0.8122950819672131, 0.8533877759346689, 0.8724351837124225, 0.8557926829268293, 0.7212077382028567, 0.8264204100798247, 0.8143610685724009, 0.813882863340564, 0.8804049416609472, 0.8141689373297003, 0.8703564727954972, 0.7769033674963397, 0.9128329297820823, 0.8201512067461472, 0.7879945012983046, 0.9421182266009852, 0.8223733938019653, 0.7350668927831167, 0.7041933191186922, 0.9375304234950511, 0.8643023643023643, 0.7995981001096091, 0.8151300995823964, 0.884679356865644, 0.9532068654019874, 0.8600103824191037, 0.8817285822592873, 0.8477584866545738, 0.7746835443037975, 0.8810098086509085, 0.8686868686868687, 0.8115541090317331, 0.8294771634615384, 0.8442906574394463, 0.8011631562401761, 0.9045124218353896, 0.801845480137629, 0.7971524556071029, 0.8246268656716418, 0.8883632923368022, 0.8187258687258687, 0.7911218724778046, 0.7759212991880075, 0.87716955941255, 0.8044422984065669, 0.820199146514936, 0.8253254057528523, 0.8573983739837399, 0.7387958352195564, 0.8354782100029249, 0.8420071461861115, 0.8158177905308465, 0.8584351690207903, 0.891477621091355, 0.7678280207561157, 0.970853573907009, 0.7710443037974684, 0.9396967608545831, 0.7595465393794749]
val step Accs: [0.9218846869187849, 0.9088242795205305, 0.9459354838709677, 0.9300503637381086, 0.8801147516231315, 0.8702147525676938, 0.870517668535663, 0.8618921858008389, 0.9279763504434292, 0.8895141367005216, 0.9753846153846154, 0.9168911119661408, 0.9030619865571322, 0.9441884954587337, 0.9493979163847923, 0.9814094249891915]
Preds: [17, 17, 7, 217, 217, 217, 309, 473, 331, 331, 443, 443, 443, 330, 330, 330, 240, 64, 76, 77, 310, 107, 107, 107, 395, 395, 106, 106, 106, 405, 405, 206, 206, 167, 167, 167, 35, 197, 321, 320, 7, 217, 473, 65, 288, 382, 313, 285, 285, 34, 337, 337, 290, 360, 360, 434, 434, 339, 200, 398, 398, 324, 464, 464, 464, 464, 116, 116, 199, 134, 84, 134, 88, 88, 182, 182, 297, 297, 182, 293, 497, 497, 497, 497, 122, 122, 458, 208, 208, 287, 106, 284, 284, 284, 265, 428, 85, 85, 146, 146, 146, 468, 468, 468, 468, 467, 467, 467, 381, 375, 375, 375, 98, 98, 98, 48, 48, 417, 414, 82, 170, 170, 170, 187, 187, 187, 187, 187, 20, 260, 260, 391, 20, 82, 320, 320, 7, 7, 309, 479, 331, 398, 360, 290, 360, 434, 434, 434, 76, 465, 310, 107, 107, 395, 395, 213, 171, 171, 171, 360, 434, 434, 434, 434, 434, 219, 464, 464, 180, 443, 443, 443, 443, 376, 376, 460, 460, 178, 263, 263, 414, 414, 414, 414, 126, 312, 126, 126, 126, 292, 292, 292, 23, 408, 408, 408, 391, 391, 391, 73, 244, 244, 321, 320, 7, 7, 217, 473, 473, 65, 290, 290, 171, 171, 171, 171, 434, 252, 143, 36, 310, 310, 107, 107, 107, 400, 400, 213, 213, 213, 213, 246, 246, 246, 19, 19, 454, 197, 197, 197, 197, 197, 414, 80, 75, 66, 66, 68, 68, 115, 115, 273, 273, 486, 486, 432, 330, 388, 116, 116, 183, 183, 451, 30, 30, 324, 213, 171, 464, 464, 464, 464, 139, 240, 240, 252, 301, 216, 354, 29, 420, 420, 324, 324, 324, 464, 318, 318, 368, 77, 342, 342, 342, 273, 273, 273, 273, 486, 376, 376, 376, 460, 169, 169, 167, 35, 35, 440, 145, 145, 145, 486, 460, 169, 169, 150, 342, 342, 342, 342, 273, 267, 267, 278, 278, 278, 139, 139, 132, 132, 132, 98, 98, 98, 197, 440, 440, 287, 287, 319, 199, 319, 388, 348, 216, 219, 219, 219, 219, 464, 464, 139, 382, 313, 285, 285, 285, 331, 106, 153, 153, 497, 497, 43, 43, 43, 364, 100, 100, 100, 100, 100, 182, 182, 375, 98, 98, 98, 13, 414, 414, 170, 170, 102, 102, 47, 47, 47, 47, 47, 80, 80, 73, 321, 321, 321, 320, 287, 287, 100, 424, 424, 182, 375, 98, 122, 122, 8, 280, 29, 100, 100, 100, 100, 426, 426, 98, 263, 263, 13, 13, 17, 17, 83, 171, 171, 171, 171, 171, 438, 438, 438, 438, 438, 438, 438, 438, 438, 438, 438, 438, 438, 438, 438, 438, 438, 438, 438, 438, 438, 438, 438, 438, 438, 438, 438, 438, 438, 438, 438, 438, 438, 438, 438, 438, 438, 438, 438, 438, 438, 438, 438, 438, 438, 438, 438, 438, 438, 438, 438, 438, 438, 438, 438, 438, 438, 438, 438, 438, 438, 438, 438, 438, 438, 438, 438, 438, 438, 438, 438, 438, 438, 438, 438, 438, 438, 438, 438, 438, 438, 438, 438, 438, 438, 438, 438, 438, 438, 438, 438, 438, 438, 438, 438, 438, 438, 438, 438, 438, 438, 438, 438, 438, 438, 438, 438, 438, 438, 438, 438, 438, 438, 438, 438, 438, 438, 438, 438, 438, 438, 438, 438, 438, 438, 438, 438, 438, 438, 438, 438, 438, 438, 438, 438, 438, 438, 438, 438, 438, 438, 438, 438, 438, 438, 438, 438, 438, 438, 438, 438, 438, 438, 438, 438, 438, 438, 438, 438, 438, 438, 438, 438, 438, 438, 438, 438, 438, 438, 438, 438]

ep207
Train step Loss: [0.6728189587593079, 0.9043267965316772, 0.7059533596038818, 0.9506374001502991, 0.9077363610267639, 0.5627540946006775, 0.809090256690979, 0.5907342433929443, 0.9863160848617554, 0.6127861142158508, 0.5121613144874573, 1.1355735063552856, 0.8579955101013184, 0.8673796653747559, 0.7334449887275696, 0.7329481840133667, 0.8119180202484131, 1.47122061252594, 0.6107536554336548, 0.5922995805740356, 0.8259994387626648, 0.9094603657722473, 0.7005234360694885, 0.5723879337310791, 0.6768006086349487, 0.7153145670890808, 1.0985558032989502, 0.9846187233924866, 0.9159967303276062, 1.135993242263794, 0.6327843070030212, 0.7894899845123291, 0.9674673080444336, 1.1049693822860718, 0.7910980582237244, 0.538038432598114, 0.9689441919326782, 0.7953541874885559, 0.7420214414596558, 0.27317050099372864, 0.44667601585388184, 0.5306059718132019, 0.6520519256591797, 0.3548639714717865, 0.6375412940979004, 1.2511627674102783, 0.6866239309310913, 0.7409921288490295, 0.7043006420135498, 0.858144998550415, 1.0641663074493408, 0.9954153299331665, 0.8698334693908691, 0.5449715256690979, 0.5076944828033447, 1.0446536540985107, 0.4116753935813904, 0.9876631498336792, 1.0792644023895264, 1.1057323217391968, 0.6447358727455139, 0.6271593570709229, 0.45572152733802795]
val step Loss: [0.26061663031578064, 0.658247709274292, 0.3213318884372711, 0.4454725682735443, 0.34355300664901733, 0.4252574145793915, 0.6312655210494995, 0.4984142482280731, 0.5492344498634338, 0.4920024573802948, 0.3017234206199646, 0.5220746397972107, 0.3418425917625427, 0.37897878885269165, 0.6810518503189087, 0.2561553418636322]
Train step Accs: [0.8496594226402855, 0.801358234295416, 0.8465158371040724, 0.7954033348355115, 0.8014206300185299, 0.8881107220276805, 0.8220195879770348, 0.8858612539969415, 0.7773777377737774, 0.8814285714285715, 0.9015384615384615, 0.7316502257147635, 0.8023360287511231, 0.7995172968624296, 0.849053201082056, 0.8355419165852979, 0.8253142609449502, 0.652962515114873, 0.8746076037670039, 0.871870170015456, 0.81262611703661, 0.7971166841868148, 0.8518384350661112, 0.8809395732472656, 0.8599228047603731, 0.8419886003799874, 0.7642019837691614, 0.7753938987596379, 0.7948717948717948, 0.740549542048293, 0.8672934648581998, 0.840948127791137, 0.7826929286406199, 0.75, 0.8247659714238791, 0.895176848874598, 0.7819537431527693, 0.8222820599124874, 0.8427573062261754, 0.9637616052710393, 0.9227333631085306, 0.8928766624157406, 0.8641425389755011, 0.9404440444044404, 0.8632302405498282, 0.7101326559412927, 0.8479322696190166, 0.8331382711921084, 0.842028040430388, 0.8053876705232257, 0.7721460483746726, 0.7692429773051896, 0.8235674975720297, 0.8930472103004292, 0.8997791275538377, 0.7545099218280217, 0.9263865546218487, 0.7717287488061128, 0.7545215869311552, 0.7418553285477637, 0.8630874436199621, 0.8636514247846255, 0.9165829145728643]
val step Accs: [0.9666850981476361, 0.8714432196872597, 0.9446283478784231, 0.9178321678321678, 0.9419046279364186, 0.9259568379635149, 0.8677685950413223, 0.9072382290934645, 0.8946398184912082, 0.9078672242550967, 0.9516704922213721, 0.9076964118980926, 0.9455993520518359, 0.9378523665923693, 0.8562253685593344, 0.9685662596110357]
Preds: [17, 287, 284, 111, 460, 240, 215, 35, 35, 35, 77, 323, 323, 142, 397, 397, 397, 153, 153, 350, 413, 348, 195, 250, 250, 10, 309, 250, 250, 250, 250, 132, 43, 345, 88, 109, 109, 315, 315, 315, 113, 460, 167, 215, 35, 197, 197, 414, 7, 7, 473, 109, 109, 264, 264, 264, 264, 264, 264, 264, 264, 264, 264, 264, 264, 264, 264, 264, 468, 468, 406, 406, 406, 467, 467, 337, 288, 264, 120, 330, 330, 116, 10, 10, 10, 309, 479, 331, 307, 307, 307, 426, 319, 348, 251, 251, 251, 241, 241, 431, 486, 486, 460, 240, 150, 77, 342, 342, 342, 115, 224, 494, 494, 324, 422, 99, 99, 338, 338, 338, 338, 338, 400, 400, 400, 213, 213, 324, 246, 246, 246, 246, 246, 246, 246, 99, 99, 338, 338, 338, 338, 400, 400, 400, 400, 324, 324, 301, 301, 301, 42, 42, 42, 147, 147, 147, 337, 337, 41, 324, 464, 464, 464, 301, 236, 129, 129, 259, 196, 196, 309, 473, 473, 398, 398, 360, 434, 434, 434, 339, 243, 76, 465, 77, 342, 342, 342, 115, 224, 267, 267, 301, 339, 33, 217, 217, 473, 398, 398, 398, 374, 139, 378, 43, 43, 43, 43, 70, 70, 70, 138, 138, 153, 387, 387, 413, 348, 10, 10, 10, 398, 398, 398, 398, 464, 464, 464, 355, 355, 355, 355, 355, 355, 355, 263, 263, 13, 229, 229, 82, 247, 312, 312, 126, 292, 23, 23, 23, 23, 23, 23, 23, 23, 23, 101, 101, 101, 101, 149, 391, 228, 82, 289, 320, 320, 7, 276, 276, 153, 153, 346, 387, 387, 387, 387, 240, 240, 240, 35, 35, 114, 183, 183, 183, 183, 139, 139, 139, 139, 293, 293, 122, 122, 35, 36, 108, 108, 183, 437, 106, 302, 497, 122, 416, 458, 27, 27, 180, 443, 169, 388, 94, 94, 199, 331, 290, 290, 290, 434, 434, 379, 368, 453, 453, 453, 168, 494, 278, 278, 99, 338, 338, 338, 436, 60, 395, 106, 106, 426, 426, 426, 413, 379, 379, 76, 76, 77, 478, 342, 68, 115, 115, 267, 267, 267, 267, 213, 213, 246, 246, 246, 19, 19, 454, 414, 414, 417, 417, 414, 414, 170, 201, 170, 170, 47, 20, 47, 47, 2, 289, 47, 289, 47, 80, 73, 73, 289, 7, 287, 287, 287, 284, 284, 206, 169, 215, 215, 35, 35, 401, 414, 441, 441, 441, 148, 148, 153, 153, 153, 387, 372, 372, 406, 406, 467, 467, 499, 426, 426, 426, 413, 399, 399, 70, 70, 65, 46, 46, 46, 438, 438, 251, 251, 81, 324, 324, 286, 286, 468, 285, 285, 337, 324, 464, 464, 464, 180, 486, 486, 486, 113, 460, 169, 450, 169, 349, 349, 234, 234, 234, 234, 234, 261, 25, 25, 106, 284, 284, 376, 376, 460, 169, 263, 263, 263, 414, 414, 170, 170, 170, 170, 82, 312, 312, 289, 287, 58, 58, 58, 58, 58, 58, 58, 197, 102, 163, 163, 391, 391, 244, 73, 321, 73, 73, 320, 320, 321, 287, 287, 287, 287, 284, 265, 265, 85, 85, 85, 146, 146, 207, 207, 207, 19, 19, 19, 454, 17, 301, 171, 171, 171, 171, 171, 171, 171, 438, 438, 438, 438, 438, 438, 438, 438, 438, 438, 438, 438, 438, 171, 171, 171, 171, 171, 171, 171, 171, 171, 171, 171, 171, 171, 171, 171, 171, 171, 171, 171, 171, 171, 171, 171, 171, 171, 171, 171, 171, 171, 171, 171, 171, 171, 171, 171, 171, 171, 171, 171, 171, 171, 171, 171, 171, 171, 171, 171, 171, 171, 171, 171, 171]

