ep137
Train step Loss: [1.5824213027954102, 1.7395355701446533, 1.7531739473342896, 1.7640998363494873, 1.9589958190917969, 1.64411199092865, 1.8888208866119385, 1.785949945449829, 1.4579631090164185, 1.62864351272583, 1.7596343755722046, 1.6670329570770264, 2.272416830062866, 1.6094523668289185, 2.009364366531372, 1.8634414672851562, 1.645497441291809, 1.6144551038742065, 1.8023277521133423, 1.7938276529312134, 1.7547599077224731, 1.4929450750350952, 1.7550066709518433, 1.5017874240875244, 1.6381267309188843, 1.5417417287826538, 2.1686339378356934, 1.9951107501983643, 1.8517390489578247, 1.676231861114502, 1.9048634767532349, 1.7302740812301636, 1.984819769859314, 1.7622689008712769, 1.6718007326126099, 1.925172209739685, 1.959155797958374, 1.9958308935165405, 1.9816114902496338, 1.9995288848876953, 1.3826426267623901, 1.5446487665176392, 1.4816951751708984, 1.742811918258667, 1.5653122663497925, 1.5698864459991455, 1.723671555519104, 1.4885419607162476, 1.2664899826049805, 1.8333972692489624, 1.7995800971984863, 1.7209272384643555, 1.5952990055084229, 1.4766566753387451, 1.7285723686218262, 1.451294183731079, 1.6235694885253906, 1.5053670406341553, 1.5703637599945068, 1.6360766887664795, 1.7617418766021729, 1.904854655265808, 2.511289119720459]
val step Loss: [1.3369046449661255, 1.2838256359100342, 1.3159350156784058, 1.2576513290405273, 1.3664878606796265, 1.078039288520813, 1.363959550857544, 1.1282819509506226, 1.259032964706421, 1.25833261013031, 1.2945537567138672, 1.4514638185501099, 1.2003296613693237, 1.0640408992767334, 1.1132193803787231, 1.1958084106445312]
Train step Accs: [0.680035917390003, 0.6537112799532437, 0.6472348916761688, 0.6359377361341998, 0.5810977489978415, 0.6558293116586233, 0.5853956614726551, 0.6238668449992569, 0.7252301028695182, 0.6513748397207579, 0.6330442081701175, 0.6468766828217555, 0.5007651109410864, 0.6552702299193789, 0.5665943600867679, 0.6138097660223805, 0.6701602036232969, 0.6563013903423531, 0.6118665018541409, 0.6321629213483146, 0.6308625336927224, 0.6895228561895228, 0.6273488078319912, 0.7027528170018542, 0.6682857142857143, 0.7022363335173937, 0.5392839383391348, 0.5772768493328151, 0.5968599974049565, 0.6466476462196862, 0.5725576983876067, 0.6253746253746254, 0.572779331468904, 0.6129940046494555, 0.6484895429899303, 0.5934970694948367, 0.5652679147837314, 0.577458843393837, 0.5693309112927641, 0.5638784852267998, 0.7177655911235812, 0.7104015616285555, 0.7070091423595994, 0.6351727982162765, 0.6885245901639344, 0.6695607101205131, 0.6278610891870561, 0.7045454545454546, 0.7587939698492462, 0.6243692490353221, 0.6251329944437877, 0.6327232695747902, 0.6751841981501803, 0.6871493088818941, 0.6271697030555157, 0.6977668173722428, 0.6747797521278184, 0.6948898546380938, 0.6822254335260116, 0.6537400367872471, 0.6204542470789025, 0.5977831570900751, 0.4157434402332362]
val step Accs: [0.7514379622021364, 0.7695377880777649, 0.7662438519285529, 0.7702374527792768, 0.7478132314894665, 0.8203804748562159, 0.7448518332496233, 0.7969859440660774, 0.7772369898914264, 0.7743185277431853, 0.7711853798973589, 0.7320252076768834, 0.7919288015958263, 0.8321667907669397, 0.8055095013391149, 0.7963778756730299]
Preds: [17, 17, 309, 479, 473, 398, 360, 339, 330, 17, 36, 259, 422, 487, 168, 168, 494, 186, 186, 406, 406, 467, 467, 337, 337, 301, 301, 203, 129, 129, 196, 196, 70, 473, 473, 252, 213, 324, 171, 246, 246, 246, 246, 246, 246, 19, 19, 19, 454, 225, 226, 414, 414, 82, 83, 287, 287, 284, 460, 215, 215, 35, 35, 35, 259, 441, 441, 276, 153, 153, 153, 497, 399, 399, 70, 70, 70, 70, 70, 138, 138, 138, 387, 387, 146, 146, 207, 324, 324, 324, 464, 464, 3, 143, 143, 129, 401, 7, 7, 276, 276, 276, 345, 345, 109, 109, 213, 213, 324, 246, 246, 301, 301, 8, 8, 239, 259, 354, 106, 355, 180, 206, 240, 240, 169, 35, 77, 77, 54, 54, 323, 224, 336, 494, 494, 374, 134, 153, 153, 182, 182, 497, 497, 43, 43, 43, 276, 276, 346, 346, 319, 428, 428, 330, 330, 388, 388, 94, 303, 303, 303, 303, 303, 199, 398, 324, 324, 464, 454, 358, 76, 129, 401, 82, 401, 310, 66, 323, 395, 395, 106, 106, 153, 153, 153, 182, 182, 182, 182, 182, 182, 182, 182, 182, 182, 98, 122, 122, 122, 233, 401, 82, 75, 310, 323, 323, 273, 106, 106, 497, 387, 387, 98, 98, 13, 13, 13, 414, 414, 170, 170, 170, 28, 187, 201, 201, 12, 12, 12, 12, 12, 12, 73, 408, 408, 408, 244, 321, 321, 287, 287, 20, 320, 188, 188, 143, 31, 31, 162, 162, 232, 232, 232, 172, 115, 267, 267, 444, 286, 374, 374, 374, 374, 406, 250, 134, 497, 497, 274, 122, 122, 129, 36, 66, 342, 342, 342, 115, 273, 273, 106, 284, 284, 284, 284, 284, 284, 284, 376, 376, 376, 376, 85, 85, 85, 85, 85, 85, 468, 468, 468, 467, 467, 467, 499, 284, 284, 460, 460, 240, 35, 35, 35, 35, 35, 401, 75, 68, 68, 68, 68, 172, 267, 273, 267, 444, 246, 324, 301, 301, 143, 129, 129, 129, 401, 401, 401, 401, 196, 196, 473, 473, 213, 213, 213, 213, 213, 246, 246, 246, 246, 19, 454, 454, 414, 414, 414, 414, 414, 82, 170, 82, 47, 47, 47, 80, 73, 321, 321, 244, 441, 441, 441, 387, 153, 345, 387, 132, 186, 338, 338, 338, 338, 338, 338, 400, 400, 400, 30, 30, 324, 324, 246, 246, 246, 246, 246, 246, 246, 252, 99, 99, 338, 338, 338, 338, 338, 31, 395, 400, 400, 400, 213, 324, 324, 324, 19, 454, 454, 454, 414, 17, 451, 264, 264, 264, 264, 264, 264, 264, 264, 264, 264, 264, 264, 264, 264, 264, 264, 264, 264, 264, 264, 264, 264, 264, 264, 264, 264, 264, 264, 264, 264, 264, 264, 264, 264, 264, 264, 264, 264, 264, 264, 264, 264, 264, 264, 264, 264, 264, 264, 264, 264, 264, 264, 264, 264, 264, 264, 264, 264, 264, 264, 264, 264, 264, 264, 264, 264, 264, 264, 264, 264, 264, 264, 264, 264, 264, 264, 264, 264, 264, 264, 264, 264, 264, 264, 264, 264, 264, 264, 264, 264, 264, 264, 264, 264, 264, 264, 264, 264, 264, 264, 264, 264, 264, 264, 264, 264, 264, 264, 264, 264, 264, 264, 264, 264, 264, 264, 264, 264, 264, 264, 264, 264, 264, 264, 264, 264, 264, 264, 264, 264, 264, 264, 264, 264, 264, 264, 264, 264, 264, 264, 264, 264, 264, 264, 264, 264, 264, 264, 264, 264, 264, 264, 264, 264, 264, 264, 264, 264, 264, 264, 264, 264, 264, 264, 264, 264, 264, 264, 264, 264, 264, 264, 264, 264, 264, 264, 264]

ep138
Train step Loss: [1.7133656740188599, 2.3144187927246094, 1.9232896566390991, 1.4530540704727173, 2.2449097633361816, 1.8761435747146606, 2.0901598930358887, 2.206244945526123, 1.6443538665771484, 2.086005449295044, 1.8525108098983765, 1.4545488357543945, 1.7501308917999268, 2.0426695346832275, 1.6181138753890991, 2.6094295978546143, 1.8291999101638794, 2.1388370990753174, 1.7706818580627441, 1.8628400564193726, 1.9334110021591187, 2.049967050552368, 1.734462857246399, 2.1204001903533936, 1.885865330696106, 2.1489498615264893, 2.344942092895508, 1.9445693492889404, 2.005889415740967, 2.362614154815674, 1.9071425199508667, 1.7698386907577515, 1.893324613571167, 1.8099843263626099, 1.4944493770599365, 1.8313498497009277, 1.900446891784668, 1.9190318584442139, 1.5327603816986084, 1.7452882528305054, 2.0376460552215576, 2.2746732234954834, 1.958239197731018, 2.016981840133667, 1.5931822061538696, 1.6906157732009888, 2.0012331008911133, 1.5009119510650635, 1.9990912675857544, 1.711609959602356, 2.046696901321411, 2.0297677516937256, 1.9537475109100342, 2.007774591445923, 2.2420401573181152, 2.090111255645752, 1.7453773021697998, 1.9606854915618896, 2.3052539825439453, 1.8564192056655884, 2.1535391807556152, 2.11763858795166, 1.518087387084961]
val step Loss: [1.1173702478408813, 1.18088960647583, 1.1199190616607666, 0.9825676679611206, 1.0958561897277832, 1.1994491815567017, 1.0177403688430786, 1.181812047958374, 1.7242164611816406, 1.1670565605163574, 1.5231404304504395, 1.4310293197631836, 1.3096973896026611, 1.7235262393951416, 1.1645246744155884, 0.9865544438362122]
Train step Accs: [0.6909358638743456, 0.5243988187315427, 0.6052793124616329, 0.7356531244306795, 0.5382183908045977, 0.6357324301439458, 0.5959367945823928, 0.5665678164507569, 0.6803831145796382, 0.5924034471752314, 0.6333271478938579, 0.7427227286092326, 0.6645173525507302, 0.5719987228607918, 0.6874170231597581, 0.47846153846153844, 0.626904432132964, 0.5532780708364733, 0.6515939015939016, 0.6344316309719934, 0.6142810564069123, 0.5789725590299937, 0.6722812755519215, 0.5487197112905997, 0.6276544786843365, 0.5712879640044994, 0.5230743413324384, 0.617667005764666, 0.579032973532456, 0.517299294591871, 0.6147303963259058, 0.653774530869503, 0.6193635952345046, 0.6455078125, 0.7241490562994032, 0.6387163561076604, 0.6246210845402492, 0.6437633877080244, 0.7151285292878213, 0.6427070828331333, 0.5927582227351413, 0.5348163748848229, 0.6014066077854106, 0.5821362799263352, 0.6944164143962328, 0.6692307692307692, 0.5875158831003812, 0.7135753356539035, 0.5807761732851986, 0.6521603005635567, 0.5718210960158754, 0.5966077985661828, 0.597385831854123, 0.5914116327511617, 0.5331647828673408, 0.5773809523809523, 0.6610891390325525, 0.5929794520547945, 0.5083746898263027, 0.6243136058572301, 0.5416603887298478, 0.5546635527660195, 0.7186419364979566]
val step Accs: [0.8146017133358906, 0.8, 0.8052608632466212, 0.8425828511309837, 0.8247436234551669, 0.7920353982300885, 0.8304426611441884, 0.7872462110380326, 0.6542838456507521, 0.7976006191950464, 0.7130564289260302, 0.7280398395352055, 0.754956169925826, 0.654508353526336, 0.7967117393976644, 0.8467138523761375]
Preds: [17, 17, 287, 284, 284, 284, 426, 426, 426, 426, 426, 319, 413, 413, 348, 250, 250, 250, 276, 276, 346, 346, 346, 346, 428, 146, 146, 422, 422, 31, 162, 232, 232, 232, 172, 172, 115, 115, 273, 273, 273, 151, 460, 460, 215, 35, 233, 375, 375, 375, 497, 186, 186, 323, 323, 323, 323, 323, 323, 196, 494, 494, 109, 186, 467, 313, 236, 385, 385, 183, 351, 351, 351, 464, 464, 145, 443, 443, 169, 169, 169, 150, 150, 150, 482, 482, 482, 482, 482, 115, 115, 267, 267, 267, 267, 213, 213, 246, 246, 246, 246, 246, 246, 3, 301, 143, 259, 259, 354, 106, 499, 284, 265, 306, 306, 85, 468, 406, 406, 467, 467, 467, 315, 315, 315, 450, 450, 203, 203, 53, 381, 236, 169, 225, 225, 197, 197, 320, 320, 114, 114, 114, 114, 403, 403, 403, 403, 207, 207, 301, 301, 378, 43, 8, 276, 346, 346, 346, 284, 284, 284, 426, 426, 450, 450, 413, 413, 348, 250, 276, 276, 276, 276, 138, 138, 138, 138, 182, 182, 426, 426, 426, 413, 413, 282, 282, 303, 303, 303, 303, 303, 303, 303, 303, 303, 303, 303, 479, 331, 331, 499, 106, 284, 284, 481, 481, 481, 481, 426, 426, 375, 98, 263, 263, 13, 13, 170, 170, 170, 170, 170, 28, 28, 28, 12, 12, 12, 12, 244, 12, 12, 12, 12, 12, 12, 12, 12, 391, 391, 391, 63, 63, 63, 63, 244, 63, 63, 244, 63, 63, 63, 73, 244, 73, 73, 244, 321, 320, 7, 7, 7, 479, 398, 398, 398, 360, 360, 360, 360, 434, 246, 246, 246, 246, 246, 246, 246, 246, 246, 324, 301, 301, 143, 259, 259, 354, 106, 284, 284, 284, 284, 426, 450, 450, 413, 175, 293, 497, 497, 497, 98, 197, 7, 32, 473, 473, 398, 398, 464, 464, 464, 464, 374, 374, 116, 116, 250, 250, 250, 153, 153, 153, 153, 153, 153, 182, 182, 387, 497, 497, 122, 122, 122, 143, 310, 310, 107, 107, 107, 395, 395, 395, 106, 106, 153, 424, 424, 182, 293, 293, 497, 497, 98, 35, 229, 229, 312, 170, 312, 312, 126, 126, 23, 23, 408, 20, 20, 320, 441, 441, 441, 153, 153, 182, 387, 387, 413, 122, 122, 250, 76, 465, 259, 208, 441, 441, 441, 346, 206, 169, 150, 150, 162, 54, 172, 172, 115, 273, 273, 494, 278, 278, 325, 286, 464, 464, 464, 264, 264, 264, 120, 120, 120, 282, 282, 271, 271, 271, 77, 77, 342, 433, 433, 115, 224, 267, 267, 267, 213, 213, 246, 246, 246, 246, 19, 197, 197, 226, 440, 440, 440, 206, 405, 241, 168, 199, 8, 32, 239, 259, 354, 354, 398, 464, 171, 403, 171, 171, 464, 464, 464, 464, 139, 139, 139, 293, 497, 497, 497, 122, 122, 310, 310, 107, 107, 395, 395, 395, 106, 153, 424, 424, 424, 424, 497, 497, 497, 497, 497, 122, 122, 345, 42, 380, 288, 288, 337, 337, 324, 19, 301, 403, 403, 403, 403, 403, 403, 403, 403, 443, 443, 443, 443, 443, 443, 443, 443, 443, 443, 443, 443, 443, 443, 443, 443, 443, 443, 443, 443, 443, 443, 443, 443, 443, 443, 443, 443, 443, 443, 443, 443, 443, 443, 443, 443, 443, 443, 443, 443, 443, 443, 443, 443, 443, 443, 443, 443, 443, 443, 443, 443, 443, 443, 443, 443, 443, 443, 443, 443, 443, 443, 443, 443, 443, 443, 443, 443, 443, 443, 443, 443, 443, 443, 443, 443, 443, 443, 443, 443, 443, 443, 443, 443, 443, 443, 443, 443, 443, 443, 443]

ep139
Train step Loss: [1.4935219287872314, 2.1494526863098145, 1.6985795497894287, 2.1049201488494873, 2.375859260559082, 1.8060202598571777, 2.1786627769470215, 1.807916522026062, 2.4637398719787598, 1.4605592489242554, 2.113921880722046, 2.099436044692993, 1.882422924041748, 2.050401210784912, 1.867547631263733, 1.743226408958435, 2.0238559246063232, 1.8338861465454102, 1.7668945789337158, 2.5317394733428955, 1.8047056198120117, 1.9692108631134033, 1.6380012035369873, 1.8275940418243408, 2.03983211517334, 1.6151185035705566, 2.027463912963867, 2.1088707447052, 1.5802477598190308, 1.9040536880493164, 2.2065935134887695, 2.116433620452881, 1.898106336593628, 1.3272323608398438, 2.3452887535095215, 2.063572645187378, 1.4329636096954346, 1.5892691612243652, 1.4316257238388062, 2.1936304569244385, 1.7978496551513672, 2.3384785652160645, 2.145303249359131, 1.6861686706542969, 1.6982324123382568, 1.8581254482269287, 1.9992951154708862, 1.82186758518219, 2.5187854766845703, 1.9262722730636597, 1.9495062828063965, 2.193679094314575, 1.8403044939041138, 1.9241840839385986, 1.8049088716506958, 1.4701123237609863, 2.260617971420288, 2.3937158584594727, 1.8115466833114624, 2.0888094902038574, 1.5950289964675903, 1.9019558429718018, 2.372429847717285]
val step Loss: [1.4055484533309937, 1.1865273714065552, 1.3630930185317993, 1.1808887720108032, 1.4741593599319458, 1.4037587642669678, 1.3193426132202148, 1.2507039308547974, 1.094947338104248, 1.2678273916244507, 1.1085031032562256, 1.350832223892212, 0.9984107613563538, 1.2546106576919556, 1.3736213445663452, 0.9058153629302979]
Train step Accs: [0.7129865405602037, 0.5551187055799184, 0.6778720123361603, 0.5526460355246292, 0.5057740585774059, 0.6411733892090099, 0.5580083789880761, 0.6642491467576792, 0.4640551643192488, 0.7291777659385544, 0.6090638930163447, 0.5853956614726551, 0.632514817950889, 0.5762658723937921, 0.6246024862677074, 0.6726895734597157, 0.5819283025045016, 0.6449357827995448, 0.6505471231909636, 0.46101141924959216, 0.6388240142876769, 0.6003967043027159, 0.6856124872751951, 0.6219891856464034, 0.569838056680162, 0.6900492264416315, 0.562259531304652, 0.5504600345025877, 0.7168748900228752, 0.6276219013892672, 0.5539880629408573, 0.5627915321133836, 0.6487417615338527, 0.7566500772267033, 0.49721570926143027, 0.5963880722385553, 0.7382880736858821, 0.6857906318767684, 0.7278931319878031, 0.5414541745592306, 0.6367536646406865, 0.5011257639112254, 0.5547022170699899, 0.6867272456427826, 0.6724493301271041, 0.6191875540190147, 0.5949815498154981, 0.6232002617801047, 0.46790641871625677, 0.6070640176600441, 0.6149529625350718, 0.528747284576394, 0.6255261828590671, 0.6003949967083607, 0.6257494477753235, 0.7158469945355191, 0.5362295347706273, 0.513356401384083, 0.6384813190137649, 0.5770225978954632, 0.6917411064096537, 0.6154646324549237, 0.5010043041606886]
val step Accs: [0.7319930575643622, 0.8007027406886859, 0.7448137965508623, 0.7876513954713007, 0.7233761079507871, 0.733197035522617, 0.7577069395251214, 0.785308198683423, 0.8139338494018297, 0.7734599525178059, 0.8161045943304008, 0.7454368120384561, 0.8423485899214055, 0.7749435366015677, 0.7353388027955029, 0.8633427533306419]
Preds: [17, 196, 217, 217, 217, 217, 217, 473, 473, 65, 264, 264, 264, 264, 264, 264, 264, 264, 264, 264, 468, 468, 468, 467, 337, 337, 337, 324, 328, 3, 454, 197, 197, 197, 259, 354, 345, 109, 109, 109, 285, 288, 285, 313, 313, 337, 337, 337, 360, 360, 360, 360, 434, 434, 434, 339, 200, 398, 398, 324, 434, 434, 339, 339, 33, 33, 250, 250, 250, 250, 345, 153, 100, 424, 424, 424, 424, 182, 497, 497, 497, 122, 43, 75, 208, 208, 106, 481, 481, 481, 481, 426, 426, 306, 306, 372, 396, 396, 396, 313, 313, 406, 406, 406, 467, 134, 84, 84, 84, 375, 375, 375, 375, 375, 375, 98, 98, 98, 48, 48, 48, 48, 414, 414, 170, 170, 170, 170, 170, 170, 187, 187, 187, 12, 12, 12, 12, 12, 12, 12, 408, 408, 408, 391, 391, 321, 75, 66, 66, 66, 66, 172, 172, 172, 115, 267, 267, 267, 444, 374, 374, 374, 374, 139, 139, 293, 293, 497, 349, 349, 349, 349, 234, 234, 234, 261, 25, 25, 25, 30, 324, 324, 324, 464, 464, 464, 464, 180, 486, 486, 486, 486, 315, 315, 315, 315, 282, 282, 282, 388, 203, 53, 53, 88, 199, 324, 464, 464, 464, 324, 464, 464, 464, 464, 464, 315, 315, 315, 315, 315, 315, 450, 480, 480, 480, 282, 282, 282, 85, 299, 313, 59, 467, 406, 406, 406, 406, 406, 406, 467, 467, 467, 499, 302, 100, 375, 98, 375, 98, 98, 98, 13, 13, 414, 414, 414, 414, 414, 414, 414, 170, 187, 187, 187, 187, 187, 187, 391, 391, 244, 244, 244, 320, 320, 320, 83, 251, 380, 374, 337, 337, 313, 313, 310, 310, 310, 310, 107, 107, 395, 395, 485, 286, 464, 139, 139, 139, 139, 496, 216, 216, 81, 81, 81, 139, 139, 139, 240, 240, 240, 186, 99, 395, 395, 395, 400, 400, 152, 422, 143, 143, 458, 144, 144, 27, 27, 27, 437, 437, 284, 284, 206, 206, 206, 206, 460, 460, 215, 35, 35, 35, 35, 441, 437, 100, 100, 426, 426, 375, 375, 98, 98, 98, 13, 13, 13, 13, 170, 414, 170, 170, 249, 201, 28, 244, 2, 2, 47, 2, 47, 12, 63, 63, 408, 408, 63, 73, 73, 73, 244, 321, 321, 83, 287, 287, 287, 486, 486, 460, 460, 460, 150, 342, 342, 342, 342, 342, 224, 224, 196, 116, 94, 479, 199, 464, 464, 443, 443, 271, 31, 31, 342, 232, 172, 172, 115, 273, 273, 151, 169, 486, 460, 240, 240, 35, 77, 310, 107, 395, 395, 395, 395, 371, 494, 116, 285, 81, 302, 302, 497, 497, 497, 497, 497, 458, 208, 208, 441, 100, 153, 153, 387, 387, 387, 387, 372, 372, 406, 467, 467, 467, 467, 337, 41, 19, 19, 19, 19, 19, 19, 414, 414, 414, 414, 414, 414, 414, 102, 102, 47, 47, 392, 47, 392, 392, 392, 392, 392, 73, 244, 320, 320, 7, 7, 7, 217, 217, 217, 217, 473, 65, 65, 264, 264, 264, 264, 264, 264, 264, 264, 264, 264, 468, 468, 468, 468, 468, 467, 337, 337, 41, 19, 19, 19, 19, 19, 19, 454, 17, 451, 171, 171, 171, 171, 171, 171, 171, 171, 171, 171, 171, 171, 171, 171, 171, 171, 171, 171, 171, 171, 171, 171, 171, 171, 171, 171, 171, 171, 171, 171, 171, 171, 171, 171, 171, 171, 171, 171, 171, 171, 171, 171, 171, 171, 171, 171, 171, 171, 171, 171, 171, 171, 171, 171, 171, 171, 171, 171, 171, 171, 171, 171, 171, 171, 171, 171, 171, 171, 171, 171]

ep140
Train step Loss: [1.8982940912246704, 1.7953407764434814, 2.431586503982544, 2.000849962234497, 1.6693143844604492, 1.749183177947998, 2.017246961593628, 1.6821039915084839, 2.208270311355591, 1.5461437702178955, 1.605866551399231, 2.0171689987182617, 1.7603756189346313, 1.904249668121338, 1.8629131317138672, 1.4724688529968262, 1.8508334159851074, 1.7909387350082397, 1.901458978652954, 2.1301345825195312, 1.7438888549804688, 2.256509304046631, 1.6611169576644897, 2.154425621032715, 1.9858523607254028, 1.5619769096374512, 1.905140995979309, 2.3073227405548096, 1.6367096900939941, 1.8320306539535522, 1.9039878845214844, 1.6847025156021118, 1.9777060747146606, 1.9913243055343628, 2.1968395709991455, 1.533250093460083, 2.492337226867676, 1.7069995403289795, 1.8922104835510254, 2.0016489028930664, 2.3591580390930176, 1.993933916091919, 2.337372064590454, 2.155974864959717, 1.7606643438339233, 1.6737611293792725, 2.172161817550659, 2.1611313819885254, 2.4172451496124268, 2.110563039779663, 2.044997453689575, 2.2119085788726807, 1.8727461099624634, 1.7445305585861206, 1.9388632774353027, 1.4021270275115967, 1.873371958732605, 2.179663896560669, 2.0665647983551025, 1.8751639127731323, 1.9117172956466675, 2.436038017272949, 2.5339925289154053]
val step Loss: [1.3270715475082397, 1.5898983478546143, 1.4594857692718506, 1.0116900205612183, 1.3518143892288208, 1.625069260597229, 0.962958812713623, 1.193044662475586, 1.3517409563064575, 1.2679543495178223, 1.2843434810638428, 1.0191869735717773, 1.3230959177017212, 1.2734675407409668, 1.099666714668274, 1.2032314538955688]
Train step Accs: [0.6053089643167973, 0.6384747706422018, 0.5198993235803052, 0.5824211730109459, 0.6789328426862925, 0.6433776253750536, 0.5716510903426791, 0.6658690822081695, 0.5409634857318196, 0.7052058111380145, 0.6845865333095196, 0.5748007818373176, 0.6439506172839506, 0.6333028641072517, 0.6185078909612626, 0.7357815442561205, 0.6321718233703815, 0.6352292983309026, 0.6445171285935617, 0.5637604245640637, 0.6446769790718835, 0.5369072836890989, 0.6595469255663431, 0.5782364546972226, 0.5842044134727061, 0.6931581477327351, 0.6145231213872833, 0.5219359331476323, 0.6923557917773957, 0.6303339517625232, 0.6141807729160013, 0.6701778621999654, 0.5827215297934096, 0.5946306486576621, 0.5540540540540541, 0.7012290115977151, 0.47174368056673643, 0.6662598081952921, 0.6117076550051957, 0.5780414656408919, 0.5395760256214732, 0.5934883720930233, 0.5253753753753754, 0.5765407554671969, 0.6444320919029091, 0.6754234855010048, 0.533367644535941, 0.5392953929539296, 0.49107449364915895, 0.5567010309278351, 0.5852334419109664, 0.5548996458087367, 0.6098398169336384, 0.64375, 0.6054113231154207, 0.7482884890940933, 0.6141119221411192, 0.5535714285714286, 0.5881681877444589, 0.621832358674464, 0.6090310442144873, 0.48228554198703455, 0.456793893129771]
val step Accs: [0.7476438317625546, 0.6898247383684277, 0.7230550529852675, 0.8379117124504578, 0.750510650714911, 0.6755532548207583, 0.8568165596002855, 0.7969834087481147, 0.7529014250036727, 0.7708950800237108, 0.7631107700179074, 0.8310282621767889, 0.756266318537859, 0.7608035843329961, 0.8177045177045177, 0.7946194225721784]
Preds: [17, 451, 360, 360, 360, 301, 143, 17, 321, 321, 320, 7, 196, 70, 473, 109, 278, 360, 360, 434, 434, 434, 19, 19, 454, 454, 454, 408, 244, 82, 82, 66, 66, 66, 68, 68, 68, 115, 115, 267, 267, 470, 139, 139, 139, 443, 443, 443, 443, 85, 146, 240, 240, 240, 216, 34, 34, 324, 324, 324, 301, 349, 349, 25, 25, 25, 25, 30, 186, 186, 99, 338, 338, 338, 338, 338, 400, 400, 267, 267, 290, 360, 246, 246, 434, 3, 3, 3, 14, 14, 321, 411, 145, 145, 145, 460, 460, 178, 215, 259, 29, 100, 100, 497, 497, 122, 368, 77, 453, 224, 168, 106, 106, 496, 496, 274, 274, 8, 82, 276, 345, 345, 81, 81, 81, 368, 324, 324, 324, 246, 434, 339, 339, 339, 217, 398, 398, 398, 398, 434, 434, 434, 339, 199, 331, 275, 282, 282, 452, 263, 263, 17, 17, 188, 443, 443, 443, 443, 443, 443, 443, 443, 443, 443, 443, 443, 443, 443, 443, 443, 443, 443, 443, 443, 443, 443, 443, 443, 443, 443, 443, 443, 443, 443, 443, 443, 443, 443, 443, 443, 443, 443, 443, 443, 443, 443, 443, 443, 443, 443, 443, 443, 443, 443, 443, 443, 443, 443, 443, 443, 443, 443, 443, 443, 443, 443, 443, 443, 443, 443, 443, 443, 443, 443, 443, 443, 443, 443, 443, 443, 443, 443, 443, 443, 443, 443, 443, 443, 443, 443, 443, 443, 443, 443, 443, 443, 443, 443, 443, 443, 443, 443, 443, 443, 443, 443, 443, 443, 443, 443, 443, 443, 443, 443, 443, 443, 443, 443, 443, 443, 443, 443, 443, 443, 443, 443, 443, 443, 443, 443, 443, 443, 443, 443, 443, 443, 443, 443, 443, 443, 443, 443, 443, 443, 443, 443, 443, 443, 443, 443, 443, 443, 443, 443, 443, 443, 443, 443, 443, 443, 443, 443, 443, 443, 443, 443, 443, 443, 443, 443, 443, 443, 443, 443, 443, 443, 443, 443, 443, 443, 443, 443, 443, 443, 443, 443, 443, 443, 443, 443, 443, 443, 443, 443, 443, 443, 443, 443, 443, 443, 443, 443, 443, 443, 443, 443, 443, 443, 443, 443, 443, 443, 443, 443, 443, 443, 443, 443, 443, 443, 443, 443, 443, 443, 443, 443, 443, 443, 443, 443, 443, 443, 443, 443, 443, 443, 443, 443, 443, 443, 443, 443, 443, 443, 443, 443, 443, 443, 443, 443, 443, 443, 443, 443, 443, 443, 443, 443, 443, 443, 443, 443, 443, 443, 443, 443, 443, 443, 443, 443, 443, 443, 443, 443, 443, 443, 443, 443, 443, 443, 443, 443, 443, 443, 443, 443, 443, 443, 443, 443, 443, 443, 443, 443, 443, 443, 443, 443, 443, 443, 443, 443, 443, 443, 443, 443, 443, 443, 443, 443, 443, 443, 443, 443, 443, 443, 443, 443, 443, 443, 443, 443, 443, 443, 443, 443, 443, 443, 443, 443, 443, 443, 443, 443, 443, 443, 443, 443, 443, 443, 443, 443, 443, 443, 443, 443, 443, 443, 443, 443, 443, 443, 443, 443, 443, 443, 443, 443, 443, 443, 443, 443, 443, 443, 443, 443, 443, 443, 443, 443, 443, 443, 443, 443, 443, 443, 443, 443, 443, 443, 443, 443, 443, 443, 443, 443, 443, 443, 443, 443, 443, 443, 443, 443, 443, 443, 443, 443, 443, 443, 443, 443, 443, 443, 443, 443, 443, 443, 443, 443, 443, 443, 443, 443, 443, 443, 443, 443, 443, 443, 443, 443, 443, 443, 443, 443, 443, 443, 443, 443, 443, 443, 443, 443, 443, 443, 443, 443, 443, 443, 443, 443, 443, 443, 443, 443, 443, 443, 443, 443]

ep141
Train step Loss: [2.115704298019409, 2.0627291202545166, 1.395140290260315, 1.7459089756011963, 1.2427000999450684, 2.0362749099731445, 2.006207227706909, 1.656766653060913, 1.8140406608581543, 2.170003890991211, 1.8941367864608765, 1.7859916687011719, 2.240650177001953, 1.94338059425354, 2.38643479347229, 2.2788851261138916, 1.7186857461929321, 1.4404922723770142, 2.4447274208068848, 1.7206605672836304, 1.8768811225891113, 2.284362554550171, 2.060957431793213, 1.6123313903808594, 1.8528399467468262, 1.6319652795791626, 1.860142707824707, 1.8103069067001343, 1.9957900047302246, 2.0878448486328125, 1.9941213130950928, 2.236880302429199, 2.0332539081573486, 1.681702733039856, 2.111433744430542, 2.053910970687866, 1.8357936143875122, 2.3174500465393066, 1.8527929782867432, 1.5089654922485352, 1.9355342388153076, 2.05855655670166, 2.380282402038574, 2.2549309730529785, 1.7883753776550293, 2.3625595569610596, 1.945258617401123, 1.7268000841140747, 2.456880807876587, 1.6891841888427734, 1.6955749988555908, 1.8500114679336548, 2.0668418407440186, 2.3207054138183594, 1.7459999322891235, 1.6231067180633545, 1.4904357194900513, 1.7234047651290894, 1.6031708717346191, 2.1195056438446045, 2.4409666061401367, 2.427726984024048, 1.713847041130066]
val step Loss: [1.467451810836792, 1.0987598896026611, 1.1994351148605347, 1.1115515232086182, 1.1742466688156128, 1.719293475151062, 1.2951958179473877, 1.2320561408996582, 1.1860812902450562, 1.3684422969818115, 1.2280443906784058, 1.0872430801391602, 1.5090845823287964, 1.6433451175689697, 0.9209160208702087, 1.093213677406311]
Train step Accs: [0.5525547445255474, 0.5745471435206688, 0.7465958153437396, 0.6434450323339213, 0.7895710059171598, 0.5849856213107311, 0.5958499381613303, 0.658210332103321, 0.6290185405681238, 0.5477781490143668, 0.6036753943730688, 0.6481452739407109, 0.5185606599345755, 0.5946398659966499, 0.4934933243197566, 0.5358502538071066, 0.6465822038892163, 0.7487985212569316, 0.47852871897082805, 0.6550893394900622, 0.6082983822648292, 0.5222202067839652, 0.571284888106613, 0.6756467166692178, 0.6205832433266472, 0.6854334226988382, 0.6243268926195755, 0.6265248226950355, 0.5936643314042035, 0.556816285666611, 0.5888423571642237, 0.5314832846478416, 0.5739159551314248, 0.696916608269096, 0.5719976394216583, 0.5853341985723556, 0.6484232868405094, 0.5376640207354608, 0.6136701337295691, 0.7213216957605985, 0.6057347670250897, 0.5599629572464887, 0.5044451761606848, 0.5548487418716427, 0.6277658815132049, 0.48813255709807435, 0.5831027485703745, 0.6736966424835499, 0.49232527759634226, 0.6617892202259678, 0.68068669527897, 0.626969943135662, 0.5566343042071198, 0.512824314306894, 0.6571900220102714, 0.6891853126792886, 0.7122944960686205, 0.6590944212641013, 0.6798588740604388, 0.5910521955260978, 0.5095827103438901, 0.4747583243823845, 0.6707524685052775]
val step Accs: [0.7185674761758377, 0.8171566142929549, 0.7891316371681416, 0.8102927859945669, 0.7956643918105178, 0.6573102602534405, 0.7602594838527711, 0.775823562255723, 0.7941137998691955, 0.7524560675245606, 0.7695479535736103, 0.8117703694788784, 0.708728302351348, 0.6728386269762142, 0.8582677165354331, 0.7971440571188576]
Preds: [17, 17, 287, 287, 284, 319, 319, 319, 413, 293, 43, 43, 43, 153, 153, 153, 153, 138, 138, 297, 182, 182, 182, 182, 182, 293, 293, 497, 98, 98, 197, 197, 197, 197, 226, 209, 287, 287, 111, 111, 111, 111, 438, 388, 10, 10, 479, 479, 398, 398, 324, 301, 301, 378, 132, 53, 250, 70, 70, 138, 138, 138, 138, 138, 346, 426, 426, 426, 426, 426, 426, 426, 450, 450, 413, 203, 250, 250, 276, 481, 138, 138, 138, 138, 138, 182, 182, 98, 98, 14, 14, 14, 287, 287, 111, 111, 438, 438, 251, 251, 251, 241, 241, 431, 428, 428, 428, 428, 146, 146, 146, 252, 271, 186, 162, 54, 54, 482, 482, 482, 482, 482, 273, 168, 273, 290, 290, 290, 464, 464, 464, 464, 330, 314, 314, 32, 32, 239, 420, 420, 324, 339, 116, 116, 10, 10, 10, 250, 479, 331, 331, 284, 206, 450, 499, 431, 282, 240, 240, 388, 76, 36, 77, 342, 68, 172, 172, 267, 267, 267, 444, 213, 213, 246, 246, 246, 246, 339, 310, 8, 32, 32, 354, 420, 41, 324, 324, 143, 143, 129, 401, 270, 68, 68, 115, 273, 273, 273, 486, 376, 376, 376, 460, 460, 460, 178, 143, 35, 401, 270, 66, 68, 342, 224, 267, 464, 464, 464, 464, 464, 180, 180, 284, 85, 85, 85, 85, 85, 85, 146, 240, 239, 239, 129, 259, 183, 431, 106, 106, 106, 206, 167, 35, 35, 35, 270, 68, 68, 115, 273, 273, 284, 486, 376, 376, 460, 460, 263, 263, 170, 170, 170, 170, 170, 170, 170, 170, 28, 28, 28, 28, 2, 2, 2, 2, 2, 2, 2, 2, 2, 316, 316, 316, 316, 73, 73, 73, 289, 66, 172, 172, 115, 196, 7, 7, 153, 153, 153, 153, 153, 387, 387, 387, 387, 348, 348, 251, 251, 81, 324, 324, 324, 464, 464, 180, 315, 319, 319, 319, 319, 413, 348, 242, 242, 242, 250, 250, 250, 473, 324, 41, 324, 324, 324, 19, 301, 76, 129, 129, 259, 354, 106, 106, 284, 319, 319, 240, 240, 239, 239, 129, 36, 401, 66, 68, 68, 68, 68, 68, 68, 68, 267, 371, 444, 213, 213, 213, 213, 246, 246, 246, 246, 246, 246, 246, 19, 454, 414, 414, 414, 170, 170, 170, 170, 201, 47, 47, 47, 20, 20, 47, 47, 20, 47, 47, 80, 80, 73, 73, 73, 287, 320, 287, 287, 111, 460, 460, 77, 77, 77, 77, 77, 342, 224, 168, 464, 464, 31, 31, 342, 232, 482, 482, 68, 267, 267, 273, 106, 106, 153, 424, 182, 182, 182, 98, 98, 98, 98, 197, 197, 197, 226, 80, 80, 20, 20, 320, 7, 7, 7, 251, 398, 360, 213, 360, 246, 246, 246, 246, 3, 197, 197, 287, 188, 324, 324, 422, 99, 338, 338, 338, 338, 338, 338, 400, 400, 286, 286, 278, 278, 139, 203, 8, 8, 8, 8, 100, 100, 100, 100, 375, 98, 98, 48, 414, 414, 414, 414, 47, 170, 170, 170, 47, 28, 28, 47, 2, 20, 47, 47, 20, 2, 20, 2, 2, 73, 73, 73, 73, 287, 287, 287, 287, 287, 111, 111, 240, 77, 77, 77, 77, 77, 342, 68, 342, 267, 267, 267, 267, 213, 213, 213, 246, 246, 246, 301, 301, 43, 43, 276, 276, 276, 276, 346, 346, 428, 428, 428, 428, 428, 146, 240, 35, 35, 35, 36, 75, 108, 371, 324, 371, 445, 445, 445, 7, 196, 473, 278, 197, 143, 445, 445, 196, 309, 473, 278, 278, 301, 301, 251, 251, 241, 374, 374, 132, 132, 132, 132, 132, 132]

ep142
Train step Loss: [2.01682710647583, 2.3451216220855713, 1.7015691995620728, 1.754631519317627, 1.962250828742981, 2.012787342071533, 1.937492847442627, 1.4910341501235962, 1.6945525407791138, 1.7908811569213867, 1.7251652479171753, 2.003734588623047, 1.9469342231750488, 1.9104944467544556, 1.491822600364685, 1.4404672384262085, 2.208190679550171, 1.4091671705245972, 1.7465064525604248, 1.5718114376068115, 1.7228718996047974, 1.5456236600875854, 1.6994510889053345, 1.8736923933029175, 1.796014428138733, 2.186283826828003, 1.996545672416687, 2.409693717956543, 2.3421738147735596, 1.8047657012939453, 2.1308770179748535, 2.3526320457458496, 1.5421830415725708, 2.680164337158203, 1.6668168306350708, 2.487440586090088, 2.1322386264801025, 1.3218510150909424, 2.0103025436401367, 1.881151795387268, 1.8212006092071533, 1.6474767923355103, 1.7626909017562866, 2.031860828399658, 2.2084996700286865, 1.92020583152771, 1.8909194469451904, 2.4313547611236572, 2.1824190616607666, 1.562572956085205, 1.8980531692504883, 2.340348482131958, 2.013444662094116, 2.4574639797210693, 2.3332531452178955, 1.4917231798171997, 2.264921188354492, 1.7044880390167236, 1.94741952419281, 1.5068999528884888, 2.1099729537963867, 1.7746167182922363, 3.290255069732666]
val step Loss: [1.2846592664718628, 1.190912127494812, 1.0339046716690063, 1.2928993701934814, 1.0841383934020996, 1.2348589897155762, 0.9635385274887085, 1.415116548538208, 1.4266554117202759, 1.316758632659912, 1.356898546218872, 1.1639187335968018, 1.612354040145874, 1.2832329273223877, 1.2198513746261597, 1.2197893857955933]
Train step Accs: [0.5776035017326281, 0.5048197072474117, 0.6601201103716929, 0.6565752128666036, 0.6065300682991838, 0.5984313725490196, 0.6021879661859771, 0.7206392281019147, 0.6641932428165457, 0.6330668189605939, 0.6528227256382596, 0.6035730104827993, 0.5946222417068537, 0.6338153901089091, 0.7042859816582444, 0.7219215155615697, 0.5219403496743229, 0.7363636363636363, 0.6453122478618687, 0.695155861261525, 0.6532485875706214, 0.6959578207381371, 0.6670633739958346, 0.6145847969650133, 0.6610749743238616, 0.556747770893154, 0.5730710624740268, 0.4859359844810863, 0.5132893177585915, 0.6358187134502924, 0.566008316008316, 0.5101387406616862, 0.7114259316291962, 0.4524988024908191, 0.6713298791018998, 0.4893947963800905, 0.557707699695854, 0.7599151297535499, 0.5823327615780446, 0.6147631870742911, 0.6275229357798165, 0.6774193548387096, 0.6526297696803025, 0.5735485067705435, 0.5553394625176803, 0.6031601336979642, 0.6010869565217392, 0.45981863664790495, 0.5375713624440672, 0.6886002392753375, 0.6172858697341831, 0.49871930088895583, 0.5785638378624564, 0.4650595494332042, 0.502262443438914, 0.7073051152149044, 0.5352548444878684, 0.6576500422654269, 0.5981566820276498, 0.7097461388247825, 0.5532746823069403, 0.660251312231589, 0.34293193717277487]
val step Accs: [0.7622562674094707, 0.7954040029651593, 0.8369626696832579, 0.7654784240150094, 0.8189504764461146, 0.7772708976251174, 0.8413551693961745, 0.7314039096217314, 0.7245418216894033, 0.7555110220440882, 0.7426766998118786, 0.7918058985907308, 0.6853215513009328, 0.7511318825763108, 0.7834851426011648, 0.7872438406631361]
Preds: [17, 309, 479, 479, 331, 360, 360, 360, 252, 143, 35, 35, 196, 70, 65, 65, 46, 46, 46, 460, 460, 178, 35, 77, 342, 342, 342, 115, 273, 273, 486, 486, 486, 460, 460, 178, 178, 35, 183, 445, 445, 451, 213, 213, 213, 213, 246, 19, 19, 19, 19, 454, 454, 454, 414, 414, 414, 414, 126, 102, 187, 187, 187, 187, 12, 12, 12, 12, 12, 12, 391, 391, 391, 391, 391, 391, 73, 73, 289, 321, 320, 287, 287, 287, 287, 287, 284, 284, 284, 111, 111, 111, 111, 438, 438, 438, 313, 313, 250, 250, 250, 134, 378, 378, 88, 88, 109, 106, 284, 284, 284, 284, 206, 206, 206, 169, 167, 35, 35, 259, 114, 114, 114, 114, 114, 264, 264, 264, 264, 264, 264, 264, 264, 264, 264, 264, 264, 264, 264, 264, 264, 264, 468, 468, 468, 406, 406, 467, 337, 288, 288, 290, 290, 290, 330, 330, 388, 116, 250, 250, 70, 65, 65, 426, 426, 426, 426, 319, 319, 299, 348, 348, 10, 479, 331, 331, 486, 486, 486, 460, 169, 150, 150, 150, 342, 342, 342, 224, 224, 31, 31, 31, 31, 31, 31, 31, 232, 482, 482, 482, 323, 336, 168, 273, 273, 106, 106, 106, 109, 106, 355, 355, 355, 169, 169, 169, 150, 150, 342, 342, 433, 433, 336, 196, 196, 196, 196, 494, 494, 236, 368, 422, 164, 168, 115, 115, 273, 470, 403, 403, 403, 171, 171, 252, 252, 34, 34, 470, 403, 403, 171, 171, 171, 171, 171, 246, 246, 358, 252, 143, 143, 196, 196, 196, 309, 473, 473, 278, 252, 252, 434, 434, 434, 246, 19, 19, 19, 454, 454, 454, 454, 229, 229, 414, 414, 126, 126, 292, 292, 292, 292, 292, 292, 292, 408, 408, 408, 408, 408, 408, 408, 391, 244, 289, 66, 66, 66, 66, 68, 172, 115, 267, 267, 267, 267, 464, 464, 464, 464, 443, 443, 443, 240, 240, 240, 240, 325, 34, 324, 324, 324, 324, 301, 301, 422, 349, 349, 25, 25, 25, 420, 420, 324, 324, 99, 99, 99, 338, 338, 338, 338, 338, 338, 400, 400, 400, 213, 213, 213, 213, 246, 246, 246, 246, 246, 246, 3, 3, 14, 440, 440, 145, 145, 486, 460, 460, 169, 215, 35, 35, 441, 100, 100, 153, 387, 387, 122, 99, 99, 99, 107, 395, 395, 395, 134, 139, 139, 496, 497, 497, 43, 8, 8, 354, 473, 473, 109, 288, 290, 290, 290, 171, 434, 434, 434, 339, 339, 339, 398, 398, 398, 246, 246, 246, 246, 246, 246, 286, 464, 464, 264, 282, 282, 282, 282, 282, 263, 263, 263, 13, 414, 414, 414, 414, 414, 312, 312, 187, 187, 187, 23, 23, 23, 23, 23, 23, 23, 149, 321, 321, 320, 320, 7, 7, 241, 241, 241, 241, 470, 403, 403, 403, 403, 290, 290, 290, 290, 360, 434, 434, 434, 360, 360, 434, 434, 434, 434, 434, 339, 339, 10, 10, 479, 309, 479, 331, 331, 331, 331, 284, 426, 426, 426, 426, 426, 426, 282, 282, 282, 355, 355, 355, 263, 263, 263, 13, 13, 414, 414, 414, 414, 170, 170, 244, 249, 249, 244, 2, 2, 2, 2, 244, 2, 2, 73, 73, 73, 73, 244, 321, 321, 287, 287, 287, 287, 284, 284, 284, 206, 206, 206, 169, 150, 150, 54, 54, 54, 54, 482, 482, 482, 68, 168, 273, 273, 106, 106, 153, 153, 424, 182, 182, 182, 182, 182, 182, 387, 387, 387, 387, 293, 293, 293, 122, 122, 368, 368, 168, 232, 168, 168, 371, 444, 444, 278, 301, 301, 301, 8, 276]

ep143
Train step Loss: [1.9614635705947876, 1.947667121887207, 1.4330445528030396, 1.7854255437850952, 1.9375019073486328, 2.2450931072235107, 2.107389450073242, 1.9666880369186401, 1.8946977853775024, 2.3018665313720703, 2.0075132846832275, 1.9715486764907837, 1.449628472328186, 2.0024566650390625, 1.7922972440719604, 2.50256609916687, 2.2145824432373047, 1.7812622785568237, 2.061410903930664, 1.6295677423477173, 1.5847851037979126, 2.2964839935302734, 1.676708459854126, 1.8539167642593384, 2.0729172229766846, 1.4832006692886353, 2.155320167541504, 2.045177459716797, 1.5337026119232178, 1.9637891054153442, 2.2983837127685547, 1.3680381774902344, 1.7104427814483643, 2.203514337539673, 2.061823844909668, 1.9875372648239136, 1.7851132154464722, 1.7341428995132446, 2.2633330821990967, 1.67717444896698, 2.546372890472412, 2.1429052352905273, 1.8486889600753784, 1.9180909395217896, 2.30791974067688, 1.8535528182983398, 2.142313003540039, 2.0738906860351562, 2.0788562297821045, 2.1760034561157227, 1.635260820388794, 1.8196102380752563, 2.0892446041107178, 1.7802883386611938, 2.4288837909698486, 1.3289817571640015, 2.0940518379211426, 1.377269983291626, 1.750104546546936, 1.9709824323654175, 2.52872371673584, 1.4163460731506348, 1.0530695915222168]
val step Loss: [1.2002619504928589, 1.3314018249511719, 1.3913267850875854, 1.1051533222198486, 1.189191222190857, 1.1576892137527466, 1.6337939500808716, 1.1060240268707275, 1.2065820693969727, 1.232628345489502, 1.063152551651001, 1.3849787712097168, 1.6554023027420044, 1.0888128280639648, 1.4044605493545532, 0.7929463982582092]
Train step Accs: [0.5978470437017995, 0.6014598540145986, 0.7319935691318328, 0.6515151515151515, 0.6126354298578865, 0.5191994793361536, 0.5827944051737103, 0.5922494982244867, 0.5949836112298703, 0.5028443113772455, 0.5748955319832851, 0.5852737570799245, 0.7307008182141587, 0.5771586037966931, 0.6377574725104538, 0.4427262313860252, 0.5306520198440822, 0.6468611577821903, 0.5826128722382324, 0.6807944671040965, 0.6884178905206942, 0.5399654974123059, 0.6722817764165391, 0.6362607148633349, 0.574331550802139, 0.7246175243393602, 0.5394836176959082, 0.5712521228964027, 0.7017781541066892, 0.5992937853107345, 0.5143316759286342, 0.7443074003795066, 0.6663848495096382, 0.54337899543379, 0.5695156695156696, 0.583653044203503, 0.6651146131805158, 0.6501429933269781, 0.5319428238039673, 0.6693518857561332, 0.4500465404902265, 0.5519963564596934, 0.6218175687067948, 0.617495100659184, 0.5044941983984311, 0.6075833714024669, 0.5708006279434851, 0.5741678726483358, 0.5666868748105487, 0.5415562139404335, 0.6705659728195424, 0.6216643258426966, 0.5682434468213318, 0.6381709741550696, 0.5201012978790757, 0.7488171158197902, 0.5521610587075884, 0.7440442157423289, 0.6518873576992211, 0.5922671353251318, 0.4572628857650671, 0.7318505338078292, 0.8259677971908188]
val step Accs: [0.7873019771582954, 0.7484323678710063, 0.7348001562296576, 0.8171841155234657, 0.797776827704147, 0.800945307224848, 0.66653088934148, 0.8104715248009798, 0.7848068779674067, 0.7756625606569616, 0.8195433341517309, 0.7285172133369476, 0.6572011295889552, 0.8158285020897937, 0.7371114238198797, 0.8909366869037294]
Preds: [17, 479, 398, 360, 360, 171, 360, 360, 171, 434, 252, 252, 252, 252, 143, 349, 349, 441, 441, 441, 441, 346, 346, 306, 306, 306, 413, 203, 467, 65, 65, 84, 319, 319, 319, 319, 175, 251, 251, 251, 81, 81, 219, 219, 398, 398, 360, 464, 464, 464, 464, 264, 264, 468, 468, 169, 58, 293, 84, 84, 84, 426, 426, 450, 413, 98, 98, 263, 263, 13, 417, 417, 414, 414, 170, 170, 170, 170, 28, 28, 2, 2, 2, 2, 2, 2, 2, 2, 2, 316, 316, 73, 73, 289, 289, 320, 320, 320, 66, 371, 371, 219, 143, 219, 219, 219, 422, 152, 444, 444, 360, 213, 360, 213, 213, 246, 246, 246, 19, 19, 454, 454, 454, 414, 414, 414, 414, 414, 249, 249, 249, 47, 249, 249, 2, 244, 373, 249, 23, 244, 73, 73, 244, 244, 320, 320, 320, 7, 479, 398, 360, 360, 360, 171, 171, 252, 378, 345, 280, 34, 324, 324, 324, 324, 422, 143, 77, 478, 342, 342, 232, 172, 172, 115, 115, 267, 444, 171, 171, 252, 252, 301, 196, 280, 280, 143, 143, 143, 280, 280, 106, 444, 213, 213, 213, 213, 213, 246, 246, 246, 246, 19, 454, 454, 454, 454, 197, 197, 197, 197, 80, 80, 7, 7, 66, 310, 186, 54, 172, 395, 395, 470, 470, 403, 403, 403, 403, 403, 171, 207, 358, 358, 358, 225, 225, 225, 414, 197, 197, 451, 451, 451, 30, 213, 360, 360, 360, 422, 445, 445, 196, 196, 398, 398, 360, 360, 360, 360, 464, 464, 315, 315, 315, 315, 315, 315, 315, 450, 450, 450, 450, 175, 175, 43, 43, 43, 276, 276, 153, 153, 424, 497, 497, 497, 497, 175, 413, 250, 250, 413, 426, 426, 319, 319, 413, 413, 413, 381, 250, 345, 250, 88, 241, 431, 431, 426, 426, 426, 426, 426, 480, 480, 480, 480, 426, 426, 85, 85, 299, 299, 299, 299, 116, 399, 217, 473, 398, 324, 324, 324, 324, 464, 464, 464, 264, 264, 467, 467, 245, 42, 349, 349, 349, 234, 261, 25, 25, 148, 148, 153, 153, 153, 153, 387, 387, 387, 285, 134, 134, 134, 88, 88, 88, 88, 387, 497, 175, 241, 431, 431, 265, 265, 428, 85, 85, 146, 146, 146, 464, 464, 464, 464, 171, 171, 171, 325, 325, 464, 464, 464, 120, 443, 120, 120, 263, 263, 263, 263, 229, 229, 229, 312, 312, 312, 312, 292, 292, 292, 292, 23, 23, 23, 23, 23, 23, 23, 23, 391, 391, 391, 391, 391, 391, 73, 73, 244, 73, 320, 321, 320, 320, 287, 284, 284, 284, 284, 284, 284, 284, 284, 284, 284, 480, 85, 480, 85, 85, 85, 85, 85, 85, 146, 146, 207, 207, 207, 324, 464, 464, 464, 464, 464, 486, 315, 315, 315, 315, 282, 450, 450, 175, 43, 43, 276, 153, 153, 153, 297, 297, 182, 182, 182, 182, 182, 182, 372, 372, 372, 372, 372, 59, 59, 59, 467, 467, 467, 467, 134, 134, 175, 431, 431, 431, 431, 431, 265, 480, 480, 85, 85, 85, 85, 85, 299, 468, 468, 59, 467, 467, 275, 275, 275, 303, 303, 303, 303, 98, 98, 98, 17, 17, 414, 170, 209, 188, 188, 188, 19, 19, 303, 303, 282, 282, 282, 310, 303, 303, 102, 48, 48, 170, 170, 170, 249, 249, 249, 249, 249, 249, 249, 249, 249, 249, 249, 249, 249, 249, 249, 249, 249, 249, 249, 249, 249, 249, 249, 249, 73, 441, 320, 346, 284, 206, 206, 206, 167, 167, 167, 233, 170, 170, 170, 28, 28, 40, 40, 201, 201, 201, 249]

ep144
Train step Loss: [2.0974488258361816, 2.1123039722442627, 1.9413167238235474, 1.83626389503479, 2.351102828979492, 1.9443504810333252, 2.2461633682250977, 1.875988245010376, 1.3961843252182007, 1.943863868713379, 1.4602837562561035, 1.59798264503479, 1.6289989948272705, 2.0328245162963867, 1.9546771049499512, 1.7733519077301025, 1.7435975074768066, 2.2670204639434814, 1.973491907119751, 2.2327513694763184, 2.2740650177001953, 2.074929714202881, 1.9802539348602295, 1.8355889320373535, 2.02697491645813, 2.2493896484375, 1.7367817163467407, 2.0171985626220703, 1.7589589357376099, 2.0155999660491943, 2.2531044483184814, 1.856274962425232, 1.5010935068130493, 1.5988459587097168, 2.013817548751831, 2.0508310794830322, 2.185847520828247, 1.6135673522949219, 2.1622884273529053, 1.7653985023498535, 1.589972972869873, 1.9713554382324219, 1.8876293897628784, 1.7027640342712402, 2.2975196838378906, 2.2994284629821777, 1.8548669815063477, 1.9953876733779907, 1.7446962594985962, 1.8465361595153809, 2.068357467651367, 2.0840635299682617, 2.1840083599090576, 1.9920742511749268, 2.2654943466186523, 1.8005553483963013, 1.7393372058868408, 2.2434651851654053, 1.8856725692749023, 1.885419249534607, 1.8824710845947266, 1.467273473739624, 2.041440010070801]
val step Loss: [1.2036422491073608, 1.4541099071502686, 0.9455488324165344, 1.2679978609085083, 1.3133618831634521, 1.334425687789917, 1.1502892971038818, 1.2903809547424316, 1.1441917419433594, 1.1518893241882324, 1.117901086807251, 1.1458121538162231, 1.3244102001190186, 1.7139155864715576, 1.1861140727996826, 1.2679914236068726]
Train step Accs: [0.5745865139949109, 0.5590454195535027, 0.6142767689417659, 0.6255332595986728, 0.5101432827351398, 0.5885941268265003, 0.5290524433849821, 0.62490650710546, 0.7408321579689704, 0.594079277471149, 0.7308319738988581, 0.6769981120201385, 0.6629135631387494, 0.5829316193536869, 0.5995663775850567, 0.6329884357881923, 0.6480070339976554, 0.5141582289342715, 0.5934101087651952, 0.5187385740402194, 0.5319251080172828, 0.5460420032310178, 0.590586815507618, 0.6292898940376404, 0.5817805383022774, 0.5331707317073171, 0.6555237185609678, 0.592395556250978, 0.6739268680445151, 0.5755233494363929, 0.5203638908327501, 0.6155093616393926, 0.702819956616052, 0.6808819263127357, 0.5844987363100252, 0.5633035215204024, 0.5541245016865992, 0.6843764070238632, 0.5662225076256221, 0.642570281124498, 0.6786532698748458, 0.5984098200585856, 0.6225943033102387, 0.6577473553204729, 0.4993796526054591, 0.525077827741266, 0.6238395225464191, 0.6092964824120602, 0.6569173630454967, 0.6273512963904423, 0.576323034567146, 0.5731907894736842, 0.5394428152492668, 0.5731195684746778, 0.5263831602901436, 0.6346123480183168, 0.6561305498382829, 0.5255180086218885, 0.6075173415066947, 0.6382458121588557, 0.6164491272212612, 0.7138830162085976, 0.5641330166270784]
val step Accs: [0.7816076294277929, 0.7176557863501484, 0.8531944444444445, 0.7675350701402806, 0.7600552655818238, 0.7487656113854196, 0.7936219859994814, 0.7529753265602322, 0.7954191997737876, 0.8039671850128566, 0.8080438756855576, 0.8036725113903079, 0.747354336455419, 0.6603913430180848, 0.7825351379489849, 0.7608282273399535]
Preds: [17, 17, 287, 287, 284, 284, 319, 450, 450, 450, 169, 169, 76, 76, 349, 234, 234, 234, 234, 234, 234, 261, 25, 106, 25, 106, 284, 428, 428, 330, 388, 388, 10, 10, 10, 309, 479, 398, 398, 324, 324, 422, 186, 162, 162, 232, 232, 172, 172, 115, 273, 267, 267, 267, 324, 324, 3, 3, 14, 14, 411, 188, 188, 171, 443, 443, 271, 178, 143, 77, 54, 232, 232, 86, 336, 6, 336, 336, 336, 145, 145, 145, 486, 486, 460, 468, 406, 406, 406, 42, 132, 32, 32, 32, 32, 239, 82, 310, 107, 107, 107, 395, 395, 286, 286, 264, 264, 264, 120, 120, 120, 120, 120, 207, 178, 178, 143, 233, 233, 170, 170, 170, 312, 312, 170, 170, 28, 170, 170, 187, 187, 187, 244, 2, 2, 2, 2, 244, 392, 73, 73, 392, 244, 73, 73, 73, 244, 287, 287, 100, 293, 293, 43, 43, 8, 129, 144, 208, 27, 346, 106, 174, 426, 319, 348, 348, 348, 199, 199, 250, 250, 98, 197, 129, 401, 7, 7, 217, 473, 109, 109, 313, 313, 406, 285, 337, 337, 337, 324, 339, 116, 94, 94, 199, 398, 116, 199, 116, 94, 94, 479, 331, 331, 138, 138, 138, 138, 138, 182, 497, 497, 43, 8, 32, 239, 208, 208, 27, 441, 346, 426, 426, 319, 348, 348, 94, 250, 250, 303, 375, 98, 98, 98, 13, 414, 414, 170, 170, 170, 170, 170, 28, 2, 2, 244, 2, 2, 2, 2, 2, 244, 244, 73, 73, 73, 73, 244, 320, 7, 70, 473, 106, 284, 206, 206, 206, 240, 240, 35, 35, 82, 77, 342, 323, 323, 336, 196, 106, 153, 153, 153, 153, 387, 169, 349, 349, 155, 234, 234, 234, 261, 25, 25, 100, 100, 100, 497, 497, 497, 98, 98, 98, 197, 226, 226, 226, 226, 226, 442, 209, 287, 287, 284, 284, 284, 480, 480, 480, 480, 480, 480, 480, 480, 480, 282, 282, 282, 388, 388, 388, 388, 195, 195, 195, 250, 250, 250, 250, 250, 109, 109, 109, 403, 403, 403, 207, 207, 207, 252, 416, 32, 32, 239, 75, 180, 180, 106, 153, 153, 387, 349, 349, 155, 155, 234, 25, 25, 25, 148, 148, 148, 148, 153, 182, 182, 182, 182, 406, 132, 42, 42, 406, 134, 132, 132, 98, 98, 98, 98, 13, 13, 170, 170, 170, 170, 170, 170, 187, 187, 187, 187, 187, 391, 391, 392, 392, 73, 73, 73, 244, 310, 310, 323, 323, 323, 323, 273, 106, 106, 153, 153, 153, 182, 182, 182, 182, 182, 182, 182, 182, 182, 182, 182, 345, 122, 122, 239, 129, 129, 82, 75, 310, 310, 323, 323, 273, 106, 106, 106, 100, 375, 98, 98, 98, 98, 17, 451, 443, 443, 443, 443, 443, 443, 443, 443, 443, 443, 443, 443, 443, 443, 443, 443, 443, 443, 443, 443, 443, 443, 443, 443, 443, 443, 443, 443, 443, 443, 443, 443, 443, 443, 443, 443, 443, 443, 443, 443, 443, 443, 443, 443, 443, 443, 443, 443, 443, 443, 443, 443, 443, 443, 443, 443, 443, 443, 443, 443, 443, 443, 443, 443, 443, 443, 443, 443, 443, 443, 443, 443, 443, 443, 443, 443, 443, 443, 443, 443, 443, 443, 443, 443, 443, 443, 443, 443, 443, 443, 443, 443, 443, 443, 443, 443, 443, 443, 443, 443, 443, 443, 443, 443, 443, 443, 443, 443, 443, 443, 443, 443, 443, 443, 443, 443, 443, 443, 443, 443, 443, 443, 443, 443, 443, 443, 443, 443, 443, 443, 443, 443, 443, 443, 443, 443, 443, 443, 443, 443, 443, 443, 443]

ep145
Train step Loss: [2.4649553298950195, 1.8561453819274902, 1.7574188709259033, 1.888439416885376, 2.013157606124878, 1.9173697233200073, 2.1819448471069336, 1.9299935102462769, 2.5098915100097656, 1.5572272539138794, 1.9285885095596313, 2.012694835662842, 1.7040247917175293, 1.6070919036865234, 1.8507860898971558, 2.0811426639556885, 1.5237417221069336, 1.771283507347107, 2.134619951248169, 1.476696491241455, 1.7055262327194214, 1.758482813835144, 2.0243942737579346, 1.6978378295898438, 2.2488186359405518, 2.029250383377075, 2.1422665119171143, 1.4487724304199219, 2.000087022781372, 2.2688965797424316, 1.9011547565460205, 1.9055604934692383, 2.22648024559021, 2.299224376678467, 2.1420366764068604, 1.6707062721252441, 2.112840175628662, 1.9266971349716187, 1.7277718782424927, 1.7962232828140259, 1.5661169290542603, 1.84359872341156, 2.274043560028076, 2.4984006881713867, 1.676192045211792, 1.8902177810668945, 1.8780710697174072, 1.8605250120162964, 1.8216216564178467, 1.4154841899871826, 2.1836652755737305, 2.203111410140991, 2.136504888534546, 2.2414326667785645, 1.863778829574585, 2.047217607498169, 2.160043716430664, 1.9029920101165771, 1.8481009006500244, 1.9304618835449219, 2.2642388343811035, 1.8556549549102783, 1.9007627964019775]
val step Loss: [1.2521275281906128, 1.1284096240997314, 1.2305999994277954, 1.1569955348968506, 1.494314432144165, 1.08918035030365, 1.3807998895645142, 1.2832781076431274, 1.3407450914382935, 1.4556471109390259, 1.2660889625549316, 0.934993326663971, 1.4262956380844116, 1.3907972574234009, 1.0149157047271729, 1.240944266319275]
Train step Accs: [0.46045353982300885, 0.6163320398177831, 0.637061224489796, 0.6198872669460904, 0.5724070450097848, 0.6039867109634551, 0.5677190911773384, 0.5914654879292758, 0.4548965091133766, 0.7023190723710516, 0.587457627118644, 0.5770029673590504, 0.659432916204657, 0.6778297474275023, 0.6294529262086515, 0.5752061415979528, 0.6978633233268585, 0.6496526729084868, 0.5428478859549651, 0.7169435215946844, 0.6577847439916406, 0.6479941648431802, 0.5923443742750354, 0.6468720228644014, 0.5297849841381741, 0.5652684071575242, 0.5375814396948991, 0.7201473789984927, 0.5636520737327189, 0.5058219178082192, 0.6101842196732707, 0.5897705377474164, 0.5533723522853957, 0.5059032831958596, 0.5478538283062645, 0.6674248578391552, 0.5516233266656408, 0.6201512956703685, 0.647608125819135, 0.6286162816775062, 0.7146822948797039, 0.6023582895297628, 0.5311274894150855, 0.5200559701492538, 0.6773790394572398, 0.6046293400062559, 0.6233722306781667, 0.6236425690350605, 0.6224422442244224, 0.7248137350178167, 0.5227239727021925, 0.5280280280280281, 0.5656050955414013, 0.5264566929133858, 0.6430754383142995, 0.565331278890601, 0.5851931660766507, 0.6191261335531739, 0.6186359269932757, 0.5995934959349594, 0.5332038149063935, 0.6307944307944308, 0.6104336043360433]
val step Accs: [0.765796878997186, 0.7979397781299524, 0.7817834394904458, 0.7951582867783985, 0.7052554744525548, 0.8196986006458558, 0.7378665974565274, 0.7679213949626349, 0.7497398543184183, 0.7205539558480735, 0.7693995924126038, 0.8559701492537314, 0.7207615593834995, 0.7281320729596592, 0.8245257452574526, 0.7693295658874904]
Preds: [17, 287, 111, 111, 319, 319, 348, 215, 8, 43, 345, 276, 100, 497, 497, 497, 122, 345, 345, 406, 406, 380, 380, 499, 499, 284, 481, 426, 426, 481, 481, 16, 293, 293, 293, 348, 348, 250, 250, 250, 65, 65, 65, 426, 426, 426, 426, 206, 206, 169, 169, 77, 77, 342, 342, 342, 115, 267, 267, 464, 324, 464, 464, 464, 180, 315, 315, 319, 319, 319, 282, 330, 388, 299, 116, 250, 250, 250, 10, 479, 479, 331, 180, 486, 486, 486, 460, 169, 150, 150, 342, 342, 224, 494, 494, 422, 99, 99, 338, 338, 338, 400, 400, 400, 213, 213, 324, 246, 246, 422, 186, 99, 338, 338, 338, 338, 395, 395, 400, 400, 374, 374, 374, 374, 374, 374, 139, 302, 497, 497, 497, 122, 129, 259, 74, 183, 183, 420, 213, 213, 213, 252, 143, 143, 259, 445, 445, 420, 420, 213, 324, 324, 301, 301, 29, 183, 280, 280, 420, 213, 213, 213, 213, 246, 246, 19, 19, 19, 454, 454, 414, 414, 414, 414, 170, 187, 187, 292, 292, 1, 1, 408, 408, 408, 408, 391, 391, 391, 321, 289, 66, 66, 66, 66, 68, 172, 172, 115, 115, 267, 267, 267, 267, 213, 246, 246, 246, 246, 246, 246, 246, 246, 246, 301, 301, 8, 259, 354, 106, 106, 284, 284, 376, 206, 460, 169, 169, 150, 77, 342, 342, 172, 172, 224, 196, 485, 309, 479, 331, 84, 84, 153, 153, 497, 497, 497, 43, 43, 276, 276, 346, 346, 346, 284, 486, 376, 376, 376, 460, 460, 460, 263, 263, 263, 414, 414, 414, 414, 414, 170, 170, 244, 47, 47, 73, 244, 244, 244, 321, 321, 320, 7, 7, 479, 398, 290, 290, 290, 290, 434, 434, 378, 378, 250, 406, 406, 467, 337, 337, 301, 360, 434, 434, 422, 99, 99, 99, 338, 338, 338, 400, 400, 400, 324, 464, 464, 464, 464, 240, 240, 416, 8, 259, 100, 100, 100, 100, 497, 497, 122, 122, 239, 445, 445, 445, 464, 171, 171, 171, 171, 171, 252, 416, 183, 445, 464, 464, 443, 443, 240, 203, 8, 8, 183, 183, 420, 213, 213, 213, 246, 246, 246, 246, 246, 19, 19, 19, 454, 229, 414, 414, 414, 126, 187, 408, 408, 391, 391, 73, 244, 321, 320, 320, 7, 276, 276, 346, 346, 346, 346, 387, 293, 293, 167, 35, 35, 164, 445, 445, 351, 180, 139, 139, 139, 139, 293, 122, 122, 77, 323, 54, 168, 168, 494, 251, 496, 216, 216, 144, 114, 145, 443, 443, 240, 240, 94, 199, 199, 34, 374, 368, 368, 180, 216, 26, 26, 143, 278, 99, 99, 99, 436, 436, 60, 60, 298, 199, 413, 413, 169, 186, 99, 99, 338, 338, 338, 338, 400, 400, 400, 400, 213, 213, 324, 324, 422, 186, 99, 99, 338, 338, 338, 115, 273, 273, 273, 330, 275, 467, 116, 94, 199, 331, 331, 486, 443, 120, 85, 299, 299, 251, 219, 219, 246, 41, 41, 246, 246, 246, 19, 19, 19, 19, 454, 454, 414, 414, 414, 414, 170, 170, 244, 28, 28, 73, 73, 244, 320, 321, 320, 7, 7, 374, 374, 132, 217, 217, 473, 473, 337, 41, 41, 41, 19, 19, 19, 17, 451, 403, 443, 443, 443, 443, 443, 443, 443, 443, 443, 443, 443, 443, 443, 443, 443, 443, 443, 443, 443, 443, 443, 443, 443, 443, 443, 443, 443, 443, 443, 443, 443, 443, 443, 443, 443, 443, 443, 443, 443, 443, 443, 443, 443, 443, 443, 443, 443, 443, 443, 443, 443, 443, 443, 443, 443, 443, 443, 443, 443, 443, 443]

ep146
Train step Loss: [1.8178044557571411, 1.752063274383545, 2.1026792526245117, 1.8180665969848633, 2.1275041103363037, 1.6026712656021118, 2.158141851425171, 1.7459497451782227, 2.3671762943267822, 2.0500078201293945, 2.4026904106140137, 1.9009101390838623, 1.9752686023712158, 1.4514589309692383, 1.8912385702133179, 2.0119736194610596, 1.5901377201080322, 2.170793056488037, 1.781335473060608, 1.908172845840454, 1.6866921186447144, 1.7644927501678467, 2.281916856765747, 1.7445356845855713, 1.5369179248809814, 2.2928731441497803, 1.9066483974456787, 1.786074161529541, 1.8118150234222412, 1.9189296960830688, 1.90092933177948, 2.0705230236053467, 2.005571126937866, 1.9827756881713867, 1.564589023590088, 1.6453204154968262, 1.9683804512023926, 2.124986171722412, 1.9984595775604248, 2.1954193115234375, 1.973204255104065, 2.212312698364258, 1.8600305318832397, 1.3521509170532227, 2.228806495666504, 2.1277287006378174, 2.1564812660217285, 1.831939935684204, 2.138979911804199, 2.081038236618042, 1.320336103439331, 1.858110785484314, 2.430981397628784, 2.400458812713623, 2.134302854537964, 1.9095033407211304, 2.5912461280822754, 1.2528482675552368, 1.6809346675872803, 2.0304300785064697, 1.7474162578582764, 2.0499534606933594, 1.5547921657562256]
val step Loss: [1.045510172843933, 1.1619312763214111, 0.9297910928726196, 1.1911571025848389, 1.0790618658065796, 1.4147911071777344, 1.2912284135818481, 1.4042803049087524, 1.453999638557434, 1.5702159404754639, 1.181606411933899, 1.3347063064575195, 1.0749377012252808, 1.139566421508789, 1.1101895570755005, 1.431408405303955]
Train step Accs: [0.6285969882212614, 0.6539308176100629, 0.5471549827098396, 0.6389707022167106, 0.5436241610738255, 0.6912025540971976, 0.5751017087062652, 0.6362394096747745, 0.4807836099895319, 0.5799467021985343, 0.4866418667568482, 0.5994614607876136, 0.5843373493975904, 0.7212945784374356, 0.6123214543355937, 0.617172593235039, 0.6991386991386992, 0.5240019395506708, 0.6302944418201858, 0.6036687983843824, 0.6514806378132119, 0.6371215445370777, 0.5061805664215303, 0.6597814953909183, 0.6920962199312715, 0.5098533116017188, 0.605289492494639, 0.6342576342576343, 0.6409765438008617, 0.6001395673412422, 0.611875452570601, 0.5650730411686588, 0.5759377859103385, 0.5936034115138593, 0.6974992895709008, 0.6715781998934848, 0.6041962454645843, 0.5508710801393728, 0.5785199938716102, 0.5402135231316726, 0.5803973952245783, 0.5163743597702933, 0.6156346497643426, 0.7468739438999662, 0.5518384093419599, 0.5354009385839624, 0.5391711609423786, 0.660110372152257, 0.5619684082624544, 0.5551854655563967, 0.7733990147783252, 0.6351003602676274, 0.491630930972472, 0.471701244813278, 0.5481945253348864, 0.6009928106812735, 0.48108493932905066, 0.7754590984974958, 0.6600387972841901, 0.5732077279259141, 0.6416961130742049, 0.5578870139398386, 0.6993755575379126]
val step Accs: [0.8200280112044818, 0.7926449787835926, 0.8515647430376112, 0.7798281448091281, 0.8147452747527851, 0.7292926636865632, 0.7670546832701678, 0.7345205802571058, 0.7269620253164557, 0.6780937740199846, 0.7848989134919543, 0.7499655599944896, 0.8186666666666667, 0.8009511819834942, 0.8051771117166212, 0.7247367448734529]
Preds: [17, 17, 145, 145, 486, 460, 460, 169, 169, 349, 349, 205, 234, 234, 261, 25, 25, 148, 148, 387, 348, 348, 348, 398, 398, 398, 324, 360, 434, 434, 339, 339, 248, 473, 398, 398, 360, 360, 360, 360, 360, 360, 434, 434, 434, 246, 19, 19, 19, 454, 454, 454, 414, 414, 414, 414, 249, 80, 80, 80, 80, 321, 320, 188, 188, 188, 171, 171, 434, 434, 339, 339, 250, 345, 43, 153, 43, 43, 43, 129, 34, 34, 34, 34, 84, 139, 139, 496, 496, 293, 274, 122, 8, 75, 354, 354, 420, 420, 360, 360, 360, 360, 434, 434, 19, 19, 19, 454, 454, 48, 414, 414, 414, 414, 102, 414, 82, 82, 47, 20, 20, 20, 321, 320, 7, 7, 7, 309, 473, 473, 398, 398, 360, 360, 360, 360, 434, 434, 434, 246, 246, 246, 246, 19, 19, 454, 454, 197, 197, 197, 7, 7, 7, 219, 219, 219, 219, 219, 219, 485, 286, 286, 286, 378, 468, 406, 467, 467, 499, 180, 486, 315, 315, 315, 315, 282, 282, 388, 348, 348, 250, 250, 250, 250, 138, 138, 153, 497, 497, 349, 349, 349, 349, 234, 234, 234, 261, 261, 25, 25, 148, 148, 153, 153, 182, 98, 98, 98, 98, 98, 197, 197, 197, 244, 188, 188, 368, 368, 31, 368, 453, 31, 342, 342, 342, 168, 168, 273, 444, 444, 444, 171, 324, 324, 324, 252, 422, 77, 478, 342, 172, 115, 115, 273, 273, 486, 486, 460, 460, 460, 178, 35, 35, 35, 411, 100, 100, 100, 182, 182, 182, 182, 182, 182, 182, 182, 182, 375, 375, 375, 98, 98, 98, 13, 225, 259, 321, 209, 287, 287, 426, 426, 426, 426, 98, 98, 98, 98, 13, 17, 122, 403, 403, 403, 403, 403, 403, 403, 403, 443, 443, 443, 443, 443, 443, 443, 443, 443, 443, 443, 403, 403, 403, 403, 403, 403, 403, 403, 403, 403, 403, 403, 403, 403, 403, 403, 403, 403, 403, 403, 403, 403, 403, 403, 403, 403, 403, 403, 403, 403, 403, 403, 403, 403, 403, 403, 403, 403, 403, 403, 403, 403, 403, 403, 403, 403, 403, 403, 403, 403, 403, 403, 403, 403, 403, 403, 403, 403, 403, 403, 403, 403, 403, 403, 403, 403, 403, 403, 403, 403, 403, 403, 403, 403, 403, 403, 403, 403, 403, 403, 403, 403, 403, 403, 403, 403, 403, 403, 403, 403, 403, 403, 403, 403, 403, 403, 403, 403, 403, 403, 403, 403, 403, 403, 403, 403, 403, 403, 403, 403, 403, 403, 403, 403, 403, 403, 403, 403, 403, 403, 403, 403, 403, 403, 403, 403, 403, 403, 403, 403, 403, 403, 403, 403, 403, 403, 403, 403, 403, 403, 403, 403, 403, 403, 403, 403, 403, 403, 403, 403, 403, 403, 403, 403, 403, 403, 403, 403, 403, 403, 403, 403, 403, 403, 403, 403, 403, 403, 403, 403, 403, 403, 403, 403, 403, 403, 403, 403, 403, 403, 403, 403, 403, 403, 403, 403, 403, 403, 403, 403, 403, 403, 403, 403, 403, 403, 403, 403, 403, 403, 403, 403, 403, 403, 403, 403, 403, 403, 403, 403, 403, 403, 403, 403, 403, 403, 403, 403, 403, 403, 403, 403, 403, 403, 403, 403, 403, 403, 403, 403, 403, 403, 403, 403, 403, 403, 403, 403, 403, 403, 403, 403, 403, 403, 403, 403, 403, 403, 403, 403, 403, 403, 403, 403, 403, 403, 403, 403, 403, 403, 403, 403, 403, 403, 403, 403, 403, 403, 403, 403, 403, 403, 403, 403, 403, 403, 403, 403, 403, 403, 403, 403, 403, 403, 403, 403, 403, 403, 403, 403]

ep147
Train step Loss: [2.263913869857788, 1.8798108100891113, 1.7904605865478516, 1.5001347064971924, 1.9367014169692993, 1.8408938646316528, 1.7280350923538208, 1.8156614303588867, 1.8667243719100952, 1.8711259365081787, 1.729525089263916, 1.9794175624847412, 2.193411111831665, 1.740752100944519, 2.034496784210205, 2.633974552154541, 1.8110194206237793, 1.631575345993042, 2.0979316234588623, 1.9951449632644653, 1.8454432487487793, 2.1801950931549072, 2.011615753173828, 2.120708703994751, 2.438957929611206, 2.005465269088745, 1.909770131111145, 2.0118212699890137, 1.936320424079895, 1.6020058393478394, 1.7284226417541504, 2.2758448123931885, 1.9358137845993042, 1.9333930015563965, 2.1841235160827637, 1.9520766735076904, 1.8061182498931885, 2.1483263969421387, 2.0947885513305664, 1.9525657892227173, 1.6254688501358032, 1.821503758430481, 1.6737624406814575, 1.8389602899551392, 1.8771156072616577, 1.8837851285934448, 2.3244693279266357, 2.1291468143463135, 1.5389738082885742, 1.7543035745620728, 1.9272416830062866, 1.762679100036621, 1.6496269702911377, 1.8622074127197266, 2.112076997756958, 1.834283471107483, 2.4891793727874756, 2.0008676052093506, 2.077655076980591, 2.102993965148926, 2.277811050415039, 1.8414690494537354, 2.2783803939819336]
val step Loss: [1.1504507064819336, 1.404614806175232, 1.1718647480010986, 1.5418509244918823, 1.204280138015747, 1.0235551595687866, 1.0588854551315308, 1.3591991662979126, 1.4694586992263794, 1.0998406410217285, 1.6530377864837646, 1.1101120710372925, 1.0358697175979614, 1.4633771181106567, 1.4004560708999634, 1.067209005355835]
Train step Accs: [0.5527087316762269, 0.6281751035849397, 0.6393065628869626, 0.7067796610169491, 0.5933962264150944, 0.6197104677060133, 0.6491510277033066, 0.6298357918174228, 0.6315361139369278, 0.6306462821403752, 0.6526090064331665, 0.5837700254529121, 0.5257201646090535, 0.6730158730158731, 0.5760706798442647, 0.4540563499929209, 0.630576527110501, 0.6665455866327643, 0.5637393767705382, 0.5638404825737265, 0.6117554858934169, 0.5413914913223775, 0.5734387351778656, 0.542972385975799, 0.48841354723707664, 0.5991236022967664, 0.6050881277020286, 0.5892294946147473, 0.5921495956873315, 0.6826377295492487, 0.6601001669449081, 0.5225136071251856, 0.59226128562513, 0.5984873949579832, 0.5202156334231806, 0.5903923725705904, 0.617230461589735, 0.5421932327761925, 0.5636460271060324, 0.5836604157581043, 0.6760450160771704, 0.6344561804167856, 0.6798228474664583, 0.6128355075723497, 0.6101176830200215, 0.599664147774979, 0.5029565805034634, 0.5425176383215744, 0.6897991967871486, 0.6372765957446809, 0.5923329355608592, 0.6482823826032146, 0.6626639279507031, 0.6127858627858628, 0.5429960498328775, 0.6280691118520764, 0.4716546762589928, 0.5759110965844092, 0.5514665695026416, 0.5949706621961441, 0.5368143150484013, 0.6274633454201481, 0.5464550806245201]
val step Accs: [0.798773987206823, 0.7327586206896551, 0.7892239399969386, 0.7001838495262339, 0.7946052631578947, 0.8236230922362309, 0.8109051839914048, 0.739945999715788, 0.7111817026683609, 0.8079693308550185, 0.6706258565555048, 0.8038643313872672, 0.8265056777346558, 0.7103710502163367, 0.7337971439033321, 0.8211498973305955]
Preds: [17, 17, 287, 287, 319, 319, 319, 319, 348, 348, 348, 348, 250, 250, 250, 331, 138, 138, 138, 138, 182, 182, 182, 182, 182, 182, 182, 497, 497, 497, 98, 14, 14, 14, 287, 287, 287, 111, 111, 111, 111, 111, 438, 299, 388, 94, 94, 398, 398, 398, 324, 324, 301, 301, 378, 43, 88, 65, 138, 138, 153, 182, 297, 182, 297, 481, 426, 426, 284, 284, 284, 426, 426, 426, 426, 413, 413, 350, 182, 242, 497, 275, 116, 43, 43, 43, 276, 276, 346, 346, 346, 265, 111, 111, 111, 85, 438, 438, 240, 240, 251, 241, 241, 431, 431, 428, 428, 428, 146, 146, 146, 438, 186, 186, 186, 162, 54, 482, 482, 482, 336, 115, 273, 273, 470, 171, 403, 403, 290, 171, 171, 171, 434, 252, 252, 339, 239, 239, 354, 420, 420, 324, 301, 301, 301, 301, 250, 42, 42, 380, 84, 499, 426, 426, 426, 426, 319, 282, 282, 169, 169, 77, 342, 342, 342, 115, 115, 267, 267, 267, 213, 213, 324, 246, 246, 246, 246, 434, 434, 339, 339, 398, 398, 398, 324, 324, 324, 422, 422, 422, 478, 478, 342, 115, 115, 273, 273, 273, 265, 265, 265, 265, 85, 85, 282, 282, 169, 169, 77, 77, 342, 224, 224, 267, 464, 464, 464, 464, 464, 464, 180, 169, 58, 58, 486, 486, 486, 486, 85, 85, 146, 240, 183, 183, 183, 106, 110, 110, 139, 139, 293, 293, 293, 122, 77, 342, 342, 115, 273, 273, 273, 284, 486, 486, 376, 376, 460, 460, 460, 263, 263, 229, 229, 170, 312, 312, 312, 312, 292, 292, 292, 292, 292, 23, 23, 23, 1, 1, 391, 408, 391, 391, 391, 321, 66, 66, 66, 66, 68, 172, 115, 267, 273, 273, 378, 378, 153, 153, 88, 174, 319, 319, 426, 319, 319, 293, 348, 219, 219, 219, 464, 464, 464, 180, 315, 315, 319, 319, 319, 319, 348, 348, 348, 250, 406, 406, 81, 467, 337, 337, 41, 324, 324, 3, 301, 301, 301, 8, 354, 354, 106, 106, 284, 284, 405, 206, 206, 282, 388, 169, 77, 77, 77, 224, 164, 114, 431, 431, 114, 371, 371, 213, 213, 213, 213, 213, 213, 246, 246, 246, 246, 246, 246, 246, 246, 246, 19, 454, 454, 454, 414, 414, 414, 414, 249, 249, 249, 47, 187, 187, 2, 47, 244, 73, 73, 244, 321, 320, 287, 287, 287, 284, 284, 460, 460, 460, 169, 169, 150, 168, 168, 168, 494, 31, 31, 31, 31, 31, 232, 323, 323, 224, 273, 273, 106, 106, 424, 424, 424, 424, 182, 182, 497, 497, 497, 122, 122, 122, 197, 197, 197, 197, 7, 7, 7, 309, 473, 473, 473, 398, 398, 360, 360, 360, 434, 434, 434, 434, 434, 246, 246, 246, 422, 99, 338, 338, 338, 338, 338, 338, 338, 400, 400, 400, 286, 286, 286, 374, 374, 374, 203, 203, 216, 216, 81, 275, 275, 275, 275, 275, 303, 303, 48, 48, 48, 13, 414, 414, 414, 414, 170, 170, 170, 187, 187, 12, 12, 12, 12, 408, 408, 391, 321, 244, 321, 320, 287, 287, 287, 287, 284, 284, 460, 460, 460, 460, 169, 35, 77, 77, 342, 342, 168, 267, 267, 267, 267, 213, 213, 246, 246, 246, 301, 301, 301, 378, 276, 345, 109, 346, 346, 284, 284, 428, 376, 428, 428, 146, 240, 167, 169, 35, 371, 371, 371, 168, 485, 30, 301, 301, 32, 196, 196, 250, 250, 250, 196, 196, 309, 398, 398, 398, 398, 286, 286, 374, 374, 374, 374, 374, 132, 132, 132, 132, 132, 132, 285, 285, 288, 288]

ep148
Train step Loss: [1.9575340747833252, 2.213876247406006, 1.6262332201004028, 2.00927734375, 2.054225444793701, 2.557168483734131, 1.9397207498550415, 1.9528230428695679, 1.9565788507461548, 2.330132484436035, 1.6717956066131592, 1.8814200162887573, 1.896149754524231, 2.182873010635376, 1.9519473314285278, 2.3449463844299316, 1.4719713926315308, 1.4842727184295654, 1.797390103340149, 1.758367657661438, 1.8993353843688965, 2.4860825538635254, 2.060060501098633, 2.292808771133423, 1.9228440523147583, 2.28623366355896, 2.2255146503448486, 1.971129298210144, 2.346470594406128, 1.7017472982406616, 1.9749253988265991, 1.8666670322418213, 2.00581693649292, 2.036229372024536, 2.4513306617736816, 1.6589432954788208, 2.097278594970703, 1.8704441785812378, 1.9527982473373413, 1.4638962745666504, 2.176100730895996, 1.8515881299972534, 1.8005895614624023, 1.9538087844848633, 1.674272894859314, 1.7847784757614136, 2.330383539199829, 1.702581524848938, 2.1780710220336914, 2.17354416847229, 2.1350574493408203, 1.8940051794052124, 2.25636625289917, 2.4307873249053955, 1.5171785354614258, 1.4708882570266724, 2.062041997909546, 2.2141377925872803, 2.427257776260376, 1.5367053747177124, 1.9600365161895752, 2.146869659423828, 2.2497830390930176]
val step Loss: [1.458770990371704, 0.9784429669380188, 1.1205412149429321, 0.9958338737487793, 1.2026994228363037, 1.6485143899917603, 1.4674831628799438, 1.2247748374938965, 1.2914713621139526, 1.3011199235916138, 1.4829943180084229, 1.1744893789291382, 1.5435669422149658, 1.3029980659484863, 1.5212126970291138, 1.4336862564086914]
Train step Accs: [0.594770206022187, 0.5359436178543461, 0.6719107988391629, 0.5816688144329897, 0.5735842658528315, 0.4539322397669784, 0.5943728018757327, 0.5921319062771189, 0.582158273381295, 0.49247031566753546, 0.6610294117647059, 0.6056315104166666, 0.6045918367346939, 0.5648163962425278, 0.6044752092723761, 0.5477031802120141, 0.7258264097578222, 0.719785575048733, 0.6309261852370474, 0.6355125100887813, 0.6062791047018177, 0.47831572307207065, 0.6030629785904047, 0.5228758169934641, 0.595939751146038, 0.511673444795903, 0.5437421515278359, 0.5799453639723606, 0.5121371583771855, 0.662368943043355, 0.5689710610932476, 0.6404494382022472, 0.5644192256341789, 0.5799433765459693, 0.4702741702741703, 0.6634828586048098, 0.5522185330516148, 0.608038531805348, 0.5970849388507288, 0.7136701919310615, 0.5474673946011526, 0.6078055022392834, 0.6393647394718058, 0.5981863149216817, 0.67114556416882, 0.6219278646664539, 0.4852052672347018, 0.6615853658536586, 0.5235069885641678, 0.554829838432451, 0.5382357484937432, 0.604702022963368, 0.5125534950071327, 0.4917269906928645, 0.7165541157145464, 0.7120487885281028, 0.5944511825348696, 0.5333843797856049, 0.4814648729446936, 0.6968497704606617, 0.5730354632088737, 0.5408845052497614, 0.5218142548596112]
val step Accs: [0.7138595063737456, 0.8405144694533762, 0.8083344118027695, 0.8308521196653906, 0.7762000502638854, 0.6737751383452558, 0.7164575645756458, 0.7769871106337272, 0.766872852233677, 0.7555126347980042, 0.713756686325607, 0.7911957950065703, 0.6970516635109548, 0.7516170763260026, 0.7038359788359788, 0.7295703454085931]
Preds: [17, 7, 217, 217, 473, 473, 473, 476, 213, 360, 360, 252, 143, 36, 36, 75, 107, 107, 395, 395, 213, 171, 171, 171, 246, 3, 3, 3, 143, 197, 259, 354, 29, 109, 109, 288, 264, 313, 285, 337, 337, 337, 171, 360, 360, 434, 434, 339, 199, 398, 339, 339, 116, 116, 33, 33, 250, 250, 250, 250, 250, 250, 250, 43, 76, 129, 259, 441, 100, 100, 100, 497, 497, 497, 497, 43, 43, 208, 208, 106, 346, 346, 346, 306, 306, 372, 372, 396, 396, 396, 396, 396, 406, 406, 467, 303, 275, 275, 303, 303, 303, 303, 303, 48, 48, 48, 48, 417, 414, 414, 414, 170, 47, 170, 2, 244, 392, 392, 392, 244, 392, 392, 321, 321, 66, 66, 66, 66, 172, 172, 115, 115, 267, 267, 286, 286, 374, 468, 468, 139, 139, 274, 274, 399, 399, 10, 398, 398, 398, 324, 324, 324, 324, 3, 3, 3, 3, 440, 440, 145, 111, 111, 460, 240, 240, 114, 114, 65, 111, 111, 111, 438, 368, 453, 31, 168, 54, 168, 273, 443, 443, 443, 460, 240, 240, 35, 35, 251, 183, 183, 183, 41, 213, 213, 213, 246, 246, 246, 246, 246, 246, 246, 3, 197, 197, 259, 259, 354, 287, 287, 284, 284, 284, 376, 376, 376, 460, 460, 263, 263, 170, 170, 170, 170, 170, 170, 28, 28, 287, 287, 187, 244, 287, 287, 426, 153, 287, 287, 287, 321, 321, 320, 219, 219, 213, 213, 324, 301, 301, 143, 259, 259, 354, 284, 284, 284, 319, 319, 282, 17, 171, 171, 171, 171, 171, 171, 171, 171, 171, 171, 171, 171, 171, 171, 171, 171, 171, 171, 171, 171, 171, 171, 171, 171, 171, 171, 171, 171, 171, 171, 171, 171, 171, 171, 171, 171, 171, 171, 171, 171, 171, 171, 171, 171, 171, 171, 171, 171, 171, 171, 171, 171, 171, 171, 171, 171, 171, 171, 171, 171, 171, 171, 171, 171, 171, 171, 171, 171, 171, 171, 171, 171, 171, 171, 171, 171, 171, 171, 171, 171, 171, 171, 171, 171, 171, 171, 171, 171, 171, 171, 171, 171, 171, 171, 171, 171, 171, 171, 171, 171, 171, 171, 171, 171, 171, 171, 171, 171, 171, 171, 171, 171, 171, 171, 171, 171, 171, 171, 171, 171, 171, 171, 171, 171, 171, 171, 171, 171, 171, 171, 171, 171, 171, 171, 171, 171, 171, 171, 171, 171, 171, 171, 171, 171, 171, 171, 171, 171, 171, 171, 171, 171, 171, 171, 171, 171, 171, 171, 171, 171, 171, 171, 171, 171, 171, 171, 171, 171, 171, 171, 171, 171, 171, 171, 171, 171, 171, 171, 171, 171, 171, 171, 171, 171, 171, 171, 171, 171, 171, 171, 171, 171, 171, 171, 171, 171, 171, 171, 171, 171, 171, 171, 171, 171, 171, 171, 171, 171, 171, 171, 171, 171, 171, 171, 171, 171, 171, 171, 171, 171, 171, 171, 171, 171, 171, 171, 171, 171, 171, 171, 171, 171, 171, 171, 171, 171, 171, 171, 171, 171, 171, 171, 171, 171, 171, 171, 171, 171, 171, 171, 171, 171, 171, 171, 171, 171, 171, 171, 171, 171, 171, 171, 171, 171, 171, 171, 171, 171, 171, 171, 171, 171, 171, 171, 171, 171, 171, 171, 171, 171, 171, 171, 171, 171, 171, 171, 171, 171, 171, 171, 171, 171, 171, 171, 171, 171, 171, 171, 171, 171, 171, 171, 171, 171, 171, 171, 171, 171, 171, 171, 171, 171, 171, 171, 171, 171, 171, 171, 171, 171, 171, 171, 171, 171, 171, 171, 171, 171, 171, 171, 171, 171, 171, 171, 171, 171, 171, 171, 171, 171]

ep149
Train step Loss: [2.014486074447632, 1.8601243495941162, 2.139791488647461, 2.092834949493408, 2.077796697616577, 2.106292724609375, 2.131734848022461, 2.055823802947998, 2.5619852542877197, 2.300649642944336, 2.3344666957855225, 1.7321739196777344, 2.1953208446502686, 2.0535874366760254, 1.9826370477676392, 1.6552335023880005, 2.2891886234283447, 1.8989890813827515, 2.051046371459961, 1.5977463722229004, 1.5022199153900146, 1.8654066324234009, 2.177607297897339, 2.442415237426758, 2.022372007369995, 1.8701053857803345, 2.6608266830444336, 1.684020757675171, 1.9790838956832886, 2.572261095046997, 1.92686927318573, 1.8907496929168701, 2.222893238067627, 2.13692307472229, 2.48934006690979, 1.9643638134002686, 1.3904014825820923, 1.784600853919983, 2.6062328815460205, 2.6111507415771484, 2.0544979572296143, 2.165881395339966, 2.049960136413574, 1.960579514503479, 1.5045967102050781, 1.8430448770523071, 2.051997423171997, 1.8363615274429321, 2.1509594917297363, 2.226747989654541, 1.7435033321380615, 2.0445797443389893, 1.2432260513305664, 2.014224052429199, 1.6044856309890747, 2.294975996017456, 1.9070326089859009, 1.591101050376892, 1.4661718606948853, 1.6425952911376953, 1.8957549333572388, 2.2440438270568848, 1.6341434717178345]
val step Loss: [1.2069860696792603, 0.9526407718658447, 1.640194296836853, 1.0896611213684082, 1.7770200967788696, 1.3171157836914062, 1.6136903762817383, 1.224003553390503, 1.4154276847839355, 1.2572187185287476, 1.3565372228622437, 1.2343169450759888, 1.665514349937439, 0.9743802547454834, 1.2996947765350342, 1.2289067506790161]
Train step Accs: [0.5778411649902417, 0.6143114311431143, 0.532474408753971, 0.5631423097021425, 0.5564544495251494, 0.549282880683552, 0.5569661995053586, 0.5720930232558139, 0.43466172381835033, 0.5222027972027972, 0.4894113723528431, 0.6432775712515489, 0.5522574597719107, 0.5723874904652937, 0.5718364893297265, 0.6687756497948016, 0.5143673332213073, 0.5989145183175034, 0.5580246913580247, 0.676560900716479, 0.7030820431196643, 0.5990722332670643, 0.5330403645833334, 0.5165562913907285, 0.6016457574531229, 0.6012467323547155, 0.4525479195885928, 0.6597398209156953, 0.5852616064848931, 0.4329309188464118, 0.5894383906119027, 0.6098892765053845, 0.5361269664485591, 0.546016898008449, 0.4860540223135643, 0.5845729182640699, 0.7339710970893548, 0.6270973812137368, 0.4525904203323558, 0.4649835972043931, 0.5408378541289933, 0.569371727748691, 0.565302782324059, 0.6076973901552692, 0.7068454701387806, 0.639648599370131, 0.5562848703642927, 0.6347393087287639, 0.5488997555012225, 0.5359753126522657, 0.6351669017395393, 0.5780002902336381, 0.7688205771643664, 0.5686067019400353, 0.6779869787084286, 0.5091767881241566, 0.5937803692905733, 0.67680262199563, 0.7311202013845186, 0.6555114714507504, 0.610705596107056, 0.5296811397557666, 0.6698728959120577]
val step Accs: [0.7744227353463587, 0.837101607191501, 0.6627906976744186, 0.8060406527340395, 0.6390579942326178, 0.7546081328267905, 0.6854054054054054, 0.7697575674565128, 0.7287070463965771, 0.7593907318962179, 0.7521195574076736, 0.7727605565047596, 0.673050984623685, 0.8376688344172086, 0.7604446147949406, 0.7668234812845163]
Preds: [17, 17, 287, 287, 284, 284, 111, 85, 85, 330, 388, 116, 116, 212, 34, 242, 359, 250, 250, 217, 217, 217, 473, 473, 398, 290, 171, 171, 246, 246, 246, 246, 246, 318, 77, 77, 77, 77, 433, 323, 54, 395, 219, 219, 213, 246, 246, 246, 246, 19, 19, 19, 454, 229, 229, 417, 170, 392, 392, 392, 392, 392, 392, 392, 392, 392, 244, 435, 289, 201, 289, 66, 66, 323, 323, 482, 106, 302, 274, 274, 122, 129, 129, 321, 75, 144, 445, 445, 351, 351, 403, 403, 290, 290, 290, 171, 434, 434, 434, 434, 434, 434, 246, 246, 19, 19, 143, 129, 401, 82, 75, 445, 445, 445, 180, 171, 171, 171, 416, 143, 458, 445, 445, 464, 464, 171, 171, 171, 301, 143, 129, 259, 75, 74, 74, 420, 213, 213, 213, 213, 246, 246, 246, 246, 246, 19, 117, 48, 197, 197, 197, 197, 197, 7, 188, 422, 31, 162, 162, 68, 68, 68, 68, 68, 115, 115, 267, 444, 286, 286, 286, 374, 374, 132, 42, 42, 42, 42, 42, 42, 42, 337, 337, 213, 213, 324, 246, 246, 143, 422, 422, 77, 323, 323, 219, 219, 219, 324, 464, 464, 464, 464, 180, 315, 315, 315, 315, 315, 450, 450, 450, 413, 303, 43, 43, 276, 276, 153, 182, 182, 182, 182, 182, 375, 98, 98, 98, 98, 17, 414, 170, 170, 392, 392, 392, 63, 63, 63, 63, 63, 63, 63, 63, 63, 63, 63, 63, 63, 63, 392, 73, 289, 320, 320, 320, 287, 287, 83, 443, 468, 499, 376, 376, 376, 460, 460, 169, 150, 150, 342, 224, 224, 494, 494, 494, 129, 36, 77, 66, 68, 115, 273, 273, 319, 319, 319, 388, 388, 348, 64, 64, 64, 64, 473, 473, 398, 324, 324, 464, 464, 464, 139, 319, 319, 282, 319, 203, 53, 53, 70, 70, 65, 46, 46, 46, 438, 438, 175, 175, 81, 81, 324, 324, 301, 301, 339, 10, 479, 398, 398, 464, 464, 464, 464, 486, 376, 376, 460, 460, 263, 263, 78, 170, 170, 170, 170, 392, 392, 392, 392, 63, 63, 63, 63, 63, 63, 63, 63, 63, 63, 63, 63, 63, 63, 63, 63, 63, 73, 392, 244, 289, 289, 321, 7, 309, 479, 473, 331, 290, 171, 171, 171, 171, 434, 434, 434, 3, 3, 14, 14, 14, 287, 287, 145, 111, 450, 450, 43, 43, 43, 182, 182, 43, 88, 109, 109, 207, 207, 324, 324, 324, 301, 8, 32, 239, 239, 75, 354, 371, 420, 213, 213, 246, 246, 19, 19, 454, 129, 401, 401, 401, 80, 80, 320, 321, 354, 380, 380, 499, 499, 288, 288, 288, 120, 120, 120, 282, 282, 37, 325, 325, 77, 77, 233, 310, 310, 107, 107, 107, 395, 338, 447, 447, 233, 17, 351, 470, 171, 171, 403, 403, 403, 403, 403, 403, 403, 403, 403, 403, 403, 403, 403, 403, 403, 403, 403, 403, 403, 403, 403, 403, 403, 403, 403, 403, 403, 403, 403, 403, 403, 403, 403, 403, 403, 403, 403, 403, 403, 403, 403, 403, 403, 403, 403, 403, 403, 403, 403, 403, 403, 403, 403, 403, 403, 403, 403, 403, 403, 403, 403, 403, 403, 403, 403, 403, 403, 403, 403, 403, 403, 403, 403, 403, 403, 403, 403, 403, 403, 403, 403, 403, 403, 403, 403, 403, 403, 403, 403, 403, 403, 403, 403, 403, 403, 403, 403, 403, 403, 403, 403, 403, 403, 403, 403, 403, 403, 403, 403, 403, 403, 403, 403, 403, 403, 403, 403, 403, 403, 403, 403, 403, 403, 403, 403, 403, 403, 403, 403, 403, 403]

ep150
Train step Loss: [1.9954177141189575, 1.67763352394104, 2.4221394062042236, 2.194902181625366, 1.7246038913726807, 2.3628203868865967, 2.308903455734253, 1.9949538707733154, 1.9288184642791748, 2.207080602645874, 2.0570104122161865, 2.7121729850769043, 2.047713279724121, 2.333916664123535, 1.975276231765747, 1.9055391550064087, 1.9206979274749756, 1.8539319038391113, 2.205350399017334, 1.9049357175827026, 1.8161261081695557, 1.542549967765808, 1.5033167600631714, 1.7826611995697021, 2.012188196182251, 1.9974600076675415, 1.9741241931915283, 2.1311492919921875, 1.7235828638076782, 2.075331449508667, 2.165472984313965, 2.1549887657165527, 2.2028627395629883, 2.5572869777679443, 1.8860130310058594, 2.4358110427856445, 2.027742385864258, 2.059926748275757, 1.991391658782959, 1.7781567573547363, 2.0060088634490967, 1.875658631324768, 2.2774178981781006, 1.808252215385437, 2.330230712890625, 1.6013967990875244, 2.049880266189575, 2.190607786178589, 1.9219787120819092, 1.9280599355697632, 2.268172264099121, 2.7566282749176025, 1.8678191900253296, 2.235060691833496, 1.3604704141616821, 1.4107698202133179, 1.680243968963623, 1.904742956161499, 2.343764305114746, 1.9532662630081177, 1.806719183921814, 1.9461568593978882, 2.504218578338623]
val step Loss: [1.512966513633728, 1.6417834758758545, 1.2769911289215088, 1.3923991918563843, 1.5073719024658203, 1.5352636575698853, 1.5557094812393188, 1.572148084640503, 0.9827300906181335, 1.0483286380767822, 1.1476494073867798, 1.3026456832885742, 1.3193910121917725, 1.6277035474777222, 1.1681342124938965, 1.018190622329712]
Train step Accs: [0.5900054714572315, 0.6642349078971366, 0.5160432252701579, 0.5631298992161254, 0.652930934416715, 0.48118158644474435, 0.5186078566505858, 0.5843355822821942, 0.5837870538415003, 0.5264499681325685, 0.5631935437382908, 0.4270833333333333, 0.5832483860006796, 0.5128921005091148, 0.5796875, 0.6251014335948066, 0.6007118589225044, 0.6343598055105348, 0.532243816254417, 0.5953393434257527, 0.6164701975759588, 0.6967414442443098, 0.6985884306670357, 0.6290092658588738, 0.5667287399130975, 0.5964966195451752, 0.6064868442826411, 0.5651623787431463, 0.6586796246648794, 0.5585508241758241, 0.5399406192563269, 0.5245349867139061, 0.522737927801219, 0.442412117747928, 0.606065178032589, 0.4906841783750764, 0.5900193969317581, 0.5622523117569352, 0.5816631767873168, 0.634387936132466, 0.6113260640168836, 0.5919076971708551, 0.5110340479192939, 0.6327901658090337, 0.5048181535592167, 0.6740934234787953, 0.5701246269966649, 0.528489819833016, 0.60882800608828, 0.5971507037418469, 0.5248270561106841, 0.4226891949453358, 0.6054900580679219, 0.5067486758927046, 0.7361155188828943, 0.7164917541229385, 0.6648015387305473, 0.5987654320987654, 0.4840041279669763, 0.5861510791366906, 0.6234887737478411, 0.5955649419218585, 0.4858722358722359]
val step Accs: [0.6990173480528934, 0.6723776654751633, 0.7613374847705429, 0.7308333333333333, 0.6978925900747791, 0.6939822518025514, 0.6954484605087015, 0.6809557273366128, 0.8348023883992038, 0.8227173318753417, 0.7978868862647607, 0.7583804962995211, 0.7441729851165403, 0.679020979020979, 0.7915508615897721, 0.8396793587174348]
Preds: [17, 309, 479, 479, 331, 278, 443, 443, 271, 169, 150, 162, 54, 54, 224, 224, 273, 273, 273, 494, 494, 116, 264, 468, 468, 468, 468, 468, 467, 337, 337, 337, 337, 328, 434, 339, 33, 10, 309, 479, 331, 331, 331, 84, 84, 84, 426, 426, 426, 16, 375, 375, 375, 375, 98, 98, 98, 13, 13, 13, 13, 414, 102, 102, 442, 187, 187, 187, 187, 187, 187, 12, 12, 12, 12, 12, 12, 12, 12, 12, 2, 2, 2, 2, 244, 63, 73, 63, 73, 63, 63, 63, 63, 73, 244, 73, 7, 7, 7, 7, 7, 7, 7, 7, 354, 420, 420, 213, 213, 213, 213, 213, 213, 213, 246, 246, 246, 246, 246, 246, 246, 246, 246, 3, 3, 3, 188, 188, 188, 143, 143, 301, 143, 143, 8, 259, 354, 354, 109, 109, 278, 278, 171, 171, 171, 171, 171, 171, 246, 246, 246, 246, 246, 246, 246, 246, 422, 186, 338, 338, 338, 338, 338, 338, 400, 400, 400, 400, 213, 324, 324, 464, 464, 434, 434, 339, 143, 77, 77, 478, 232, 54, 172, 395, 395, 400, 286, 286, 464, 464, 464, 264, 264, 443, 315, 315, 315, 282, 282, 282, 282, 282, 203, 203, 203, 43, 43, 43, 43, 43, 276, 182, 182, 182, 182, 182, 182, 182, 182, 182, 182, 497, 497, 81, 499, 206, 275, 275, 59, 59, 59, 406, 406, 406, 406, 406, 134, 134, 302, 302, 375, 375, 375, 375, 122, 58, 465, 465, 196, 196, 309, 479, 398, 398, 464, 464, 464, 84, 84, 88, 88, 43, 43, 43, 43, 43, 276, 153, 174, 174, 387, 426, 319, 413, 348, 348, 348, 64, 219, 398, 398, 464, 464, 464, 365, 120, 120, 282, 282, 282, 282, 263, 263, 263, 263, 414, 414, 414, 414, 187, 187, 187, 187, 187, 187, 2, 2, 392, 392, 392, 392, 392, 392, 73, 244, 73, 73, 75, 75, 310, 323, 323, 323, 342, 482, 106, 106, 106, 153, 153, 153, 424, 182, 182, 182, 182, 182, 182, 182, 182, 182, 182, 182, 497, 497, 497, 122, 122, 122, 368, 310, 310, 323, 323, 115, 273, 106, 106, 106, 481, 387, 387, 293, 293, 293, 175, 81, 35, 207, 188, 324, 324, 324, 301, 143, 143, 35, 259, 354, 354, 345, 109, 109, 109, 355, 355, 355, 355, 376, 376, 376, 376, 376, 376, 376, 376, 376, 486, 460, 460, 460, 460, 169, 35, 259, 75, 354, 114, 180, 486, 486, 486, 460, 460, 169, 150, 150, 168, 168, 168, 183, 351, 486, 486, 486, 460, 240, 240, 240, 368, 168, 168, 168, 371, 324, 324, 324, 464, 464, 464, 378, 88, 88, 375, 375, 98, 98, 13, 417, 129, 259, 208, 441, 441, 441, 100, 100, 100, 182, 182, 375, 98, 98, 98, 48, 170, 170, 170, 170, 170, 170, 170, 170, 28, 28, 28, 63, 63, 63, 63, 392, 63, 63, 63, 73, 2, 2, 2, 2, 63, 63, 63, 63, 63, 63, 63, 63, 63, 63, 73, 73, 73, 73, 73, 73, 244, 321, 321, 287, 287, 287, 287, 287, 284, 284, 284, 284, 284, 450, 450, 450, 450, 450, 88, 88, 43, 276, 174, 174, 174, 387, 387, 387, 250, 250, 116, 116, 394, 32, 239, 354, 219, 398, 398, 464, 171, 171, 171, 171, 171, 171, 246, 252, 143, 310, 310, 338, 107, 107, 447, 400, 400, 400, 30, 477, 477, 374, 374, 374, 132, 132, 274, 186, 186, 186, 162, 482, 482, 482, 482, 482, 482, 482, 115, 273, 273, 106, 106, 424, 424, 293, 497, 497, 122, 122, 75, 310, 107, 445, 107]

ep151
Train step Loss: [2.6639676094055176, 1.8735394477844238, 2.033390760421753, 1.6663644313812256, 1.8664320707321167, 1.773041844367981, 2.4070966243743896, 2.34700083732605, 1.9555860757827759, 1.9945142269134521, 2.4516184329986572, 2.6053626537323, 1.81338369846344, 1.9711283445358276, 2.208332061767578, 2.343400001525879, 1.8856877088546753, 1.998459815979004, 2.3134243488311768, 1.9625370502471924, 1.475865125656128, 2.136603832244873, 1.654608130455017, 2.408846616744995, 2.0544164180755615, 1.7863028049468994, 1.888956069946289, 1.7663465738296509, 2.224602222442627, 2.1057019233703613, 1.8122320175170898, 2.7099623680114746, 1.7893680334091187, 2.0348286628723145, 2.1876001358032227, 2.141075849533081, 1.844240665435791, 1.7817431688308716, 1.7320424318313599, 2.365387201309204, 1.7000443935394287, 2.136829376220703, 1.6684380769729614, 2.486286163330078, 2.000375509262085, 1.8213601112365723, 2.1324381828308105, 1.8923689126968384, 2.466444253921509, 1.9277509450912476, 1.7714115381240845, 1.5369092226028442, 2.66058349609375, 2.618091106414795, 1.8375864028930664, 2.0292391777038574, 2.410939931869507, 2.581064224243164, 1.8903954029083252, 1.6758599281311035, 2.014890193939209, 2.1420459747314453, 2.5024678707122803]
val step Loss: [1.618189811706543, 1.5293266773223877, 1.2211087942123413, 1.4442427158355713, 1.3741707801818848, 1.7553074359893799, 1.257836937904358, 0.9848923683166504, 1.5464962720870972, 1.4768767356872559, 1.480805516242981, 1.5344712734222412, 1.3087542057037354, 1.1625645160675049, 1.4936319589614868, 1.5137174129486084]
Train step Accs: [0.4311826277144196, 0.6025842500436529, 0.573474001507159, 0.6703837323712692, 0.601673899566026, 0.6320769350085311, 0.47758049954860066, 0.5011527377521614, 0.5812551953449709, 0.574622892635315, 0.5085916442048517, 0.44326955354145686, 0.6286620356387799, 0.5945865996154415, 0.5302517297217724, 0.48747236551215917, 0.606832298136646, 0.5761194029850746, 0.5510204081632653, 0.5887298747763864, 0.713474524248005, 0.5622188905547226, 0.6582964057114722, 0.5100413919975472, 0.554804931599392, 0.6486405287667117, 0.6018329938900203, 0.6577678263864968, 0.5436539375693235, 0.5556135770234987, 0.6304914370811616, 0.4143581081081081, 0.6284667713239142, 0.5547158403869408, 0.5340659340659341, 0.536241610738255, 0.6090788160957765, 0.6435773783428321, 0.6370998843038951, 0.49045671438309474, 0.6587771203155819, 0.5368438483192581, 0.6572501340961917, 0.4865162355531095, 0.5840122982321291, 0.6296352815504349, 0.5482396750169262, 0.5980136763269294, 0.4701684270625178, 0.592742563463635, 0.6264874053469325, 0.6859855462661187, 0.4182871328092677, 0.441875, 0.6190184049079754, 0.5605839416058395, 0.5034297643900985, 0.41938221317040053, 0.6118689354521164, 0.676214196762142, 0.5692673805881353, 0.5528444503381514, 0.49512425290972006]
val step Accs: [0.6689466484268126, 0.6953784326858674, 0.7761091209699642, 0.7263339070567987, 0.7362694300518134, 0.6407525245538802, 0.7733473242392445, 0.8425420915342661, 0.6954949944382648, 0.7165863730213352, 0.7073770491803278, 0.7002326783867632, 0.7563979745449569, 0.7932289194747667, 0.6977393954787909, 0.6977932161830813]
Preds: [17, 287, 100, 387, 387, 98, 98, 35, 129, 129, 129, 401, 414, 458, 144, 27, 437, 426, 426, 426, 426, 426, 426, 426, 167, 263, 263, 414, 414, 414, 414, 414, 414, 414, 244, 244, 244, 7, 7, 7, 473, 109, 286, 286, 286, 286, 264, 264, 468, 468, 468, 406, 406, 467, 337, 337, 337, 171, 171, 171, 171, 3, 3, 3, 3, 3, 3, 197, 197, 197, 196, 196, 479, 398, 398, 360, 360, 116, 33, 33, 465, 309, 479, 331, 374, 374, 132, 153, 182, 182, 182, 182, 98, 98, 43, 8, 197, 321, 100, 100, 100, 497, 497, 43, 8, 129, 259, 144, 27, 27, 106, 106, 284, 426, 426, 426, 206, 206, 285, 285, 467, 467, 406, 406, 406, 467, 467, 134, 134, 100, 375, 375, 98, 98, 98, 48, 13, 13, 13, 13, 414, 414, 170, 170, 170, 47, 47, 47, 47, 80, 80, 80, 80, 289, 320, 320, 7, 309, 479, 331, 324, 324, 422, 143, 143, 458, 183, 144, 27, 351, 180, 486, 315, 319, 319, 282, 388, 348, 348, 64, 212, 76, 465, 354, 420, 464, 324, 464, 464, 464, 180, 355, 376, 460, 460, 263, 263, 13, 229, 229, 229, 126, 312, 312, 312, 292, 292, 292, 292, 292, 23, 23, 23, 23, 23, 391, 149, 391, 391, 391, 391, 244, 73, 73, 73, 244, 209, 287, 287, 111, 111, 460, 460, 178, 35, 35, 77, 232, 232, 68, 232, 172, 115, 267, 267, 267, 267, 324, 246, 246, 246, 19, 454, 197, 197, 197, 197, 197, 197, 7, 196, 473, 331, 443, 443, 443, 330, 330, 143, 76, 76, 36, 259, 310, 107, 395, 395, 106, 106, 88, 88, 88, 405, 405, 206, 206, 206, 206, 206, 206, 240, 240, 35, 35, 36, 77, 342, 342, 172, 267, 267, 267, 267, 444, 213, 324, 246, 3, 301, 197, 197, 197, 197, 197, 414, 82, 209, 287, 100, 100, 182, 182, 182, 182, 182, 182, 182, 182, 182, 387, 387, 206, 206, 122, 122, 239, 239, 401, 401, 259, 75, 371, 371, 106, 171, 171, 171, 171, 385, 239, 239, 32, 239, 354, 473, 264, 264, 264, 290, 264, 264, 264, 264, 264, 468, 468, 94, 199, 41, 41, 41, 19, 19, 454, 454, 454, 414, 414, 170, 170, 170, 170, 170, 187, 126, 292, 292, 408, 408, 408, 408, 408, 321, 73, 244, 73, 244, 209, 83, 287, 284, 284, 460, 240, 240, 77, 77, 77, 77, 77, 68, 342, 342, 494, 494, 267, 444, 324, 324, 324, 301, 3, 14, 14, 14, 14, 226, 411, 411, 100, 424, 424, 424, 43, 43, 43, 32, 32, 239, 208, 208, 100, 100, 98, 497, 497, 98, 98, 98, 170, 170, 170, 170, 170, 170, 392, 244, 80, 244, 209, 287, 100, 481, 481, 98, 98, 458, 129, 401, 401, 82, 144, 441, 441, 441, 346, 346, 206, 206, 206, 263, 263, 17, 188, 171, 171, 171, 171, 171, 171, 171, 171, 171, 171, 171, 171, 171, 171, 171, 171, 171, 171, 171, 171, 171, 171, 171, 171, 171, 171, 171, 171, 171, 171, 171, 171, 171, 171, 171, 171, 171, 171, 171, 171, 171, 171, 171, 171, 171, 171, 171, 171, 171, 171, 171, 171, 171, 171, 171, 171, 171, 171, 171, 171, 171, 171, 171, 171, 171, 171, 171, 171, 171, 171, 171, 171, 171, 171, 171, 171, 171, 171, 171, 171, 171, 171, 171, 171, 171, 171, 171, 171, 171, 171, 171, 171, 171, 171, 171, 171, 171, 171, 171, 171, 171, 171, 171, 171, 171, 171, 171, 171, 171, 171, 171, 171, 171, 171, 171, 171]

ep152
Train step Loss: [1.90878427028656, 2.1312437057495117, 2.5004351139068604, 2.5048115253448486, 1.7558296918869019, 2.4592957496643066, 1.7714649438858032, 2.2085721492767334, 1.6746494770050049, 1.6494485139846802, 1.8738714456558228, 2.251133680343628, 1.9525272846221924, 2.2824392318725586, 1.9052335023880005, 2.333547353744507, 2.115116596221924, 2.2151167392730713, 1.6917901039123535, 2.5809643268585205, 2.468513250350952, 2.150785207748413, 2.1151537895202637, 1.9047518968582153, 2.0380778312683105, 2.0070302486419678, 1.6352308988571167, 2.3299436569213867, 1.992370843887329, 2.0825273990631104, 2.0789692401885986, 2.1074438095092773, 1.375863790512085, 2.476670503616333, 2.3340060710906982, 2.0489799976348877, 1.4749293327331543, 2.2623291015625, 1.9119948148727417, 2.0519886016845703, 2.0254592895507812, 2.1215670108795166, 1.7160569429397583, 2.3706514835357666, 1.7586668729782104, 2.336263656616211, 2.32366681098938, 1.9846101999282837, 2.150444269180298, 1.8762972354888916, 1.9300678968429565, 1.8134329319000244, 2.187918186187744, 1.846132755279541, 1.862923264503479, 2.5493271350860596, 1.9628907442092896, 1.5218867063522339, 2.126614570617676, 2.5394487380981445, 1.9592868089675903, 2.1041228771209717, 2.4725630283355713]
val step Loss: [1.5543445348739624, 1.514682412147522, 1.2637163400650024, 1.2940040826797485, 1.903978943824768, 1.5815584659576416, 1.3051981925964355, 1.5602610111236572, 1.1747654676437378, 1.4634631872177124, 1.6072829961776733, 1.2255500555038452, 1.5816065073013306, 1.3346904516220093, 1.5787692070007324, 0.957473874092102]
Train step Accs: [0.6030402487476249, 0.5383304940374787, 0.4930366575956459, 0.4686212745335595, 0.6241310824230387, 0.4977544910179641, 0.6422899353647276, 0.5181804351133424, 0.6555468135326514, 0.6672592113768584, 0.6090534979423868, 0.5077376565954311, 0.5847566574839302, 0.49863294600136704, 0.5959247648902821, 0.4960458985889285, 0.5539906103286385, 0.5204363636363636, 0.6831268831603615, 0.4495603517186251, 0.48959911833585895, 0.5324310942399736, 0.5434389883396289, 0.5988994191378784, 0.557444225223858, 0.5693563009972802, 0.662621359223301, 0.4878275701659172, 0.5774580335731415, 0.5766645326504481, 0.553695724229367, 0.5516326868887784, 0.7406524926686217, 0.4577245115744541, 0.48497586797446673, 0.5558223289315727, 0.7206926406926407, 0.523168485192008, 0.628632175761871, 0.5711553175210405, 0.5961978524907586, 0.5728634661218931, 0.6565573770491804, 0.48943550930305896, 0.6501580611169653, 0.5076079263977353, 0.4943868739205527, 0.5804655870445344, 0.5628968853946175, 0.6221595128471706, 0.5885602280826799, 0.6374205549527205, 0.5439024390243903, 0.6215909090909091, 0.59232, 0.43887566924449734, 0.5823694356817385, 0.6927935222672065, 0.5535091391098088, 0.47053649956024624, 0.599679627202563, 0.5591861898890259, 0.4490578090067071]
val step Accs: [0.6979581673306773, 0.699685534591195, 0.7659990965216082, 0.7543147208121828, 0.6011329096435479, 0.680074701910645, 0.7561475409836066, 0.6917536015896671, 0.7807457627118644, 0.7147460685743748, 0.6727812247100081, 0.7806486341003902, 0.6789958605955402, 0.749793217535153, 0.6832819938392607, 0.8431804526336871]
Preds: [17, 17, 486, 486, 460, 460, 169, 178, 35, 35, 259, 208, 208, 441, 100, 153, 153, 497, 122, 129, 129, 129, 458, 208, 208, 437, 346, 346, 405, 405, 206, 98, 263, 263, 263, 13, 13, 414, 249, 249, 249, 249, 249, 249, 201, 249, 249, 201, 201, 170, 28, 249, 20, 201, 249, 244, 28, 40, 289, 40, 435, 435, 435, 102, 102, 249, 101, 101, 21, 249, 391, 391, 391, 391, 391, 321, 289, 320, 320, 287, 287, 287, 111, 111, 460, 169, 169, 99, 338, 338, 338, 338, 338, 338, 400, 400, 400, 444, 213, 213, 213, 246, 246, 246, 246, 246, 246, 422, 99, 99, 338, 338, 338, 338, 338, 400, 400, 400, 485, 286, 286, 286, 374, 374, 374, 132, 132, 134, 132, 132, 132, 132, 132, 132, 132, 132, 132, 132, 132, 132, 132, 132, 197, 197, 197, 197, 197, 197, 197, 414, 414, 414, 82, 354, 420, 213, 213, 213, 213, 246, 246, 434, 434, 374, 132, 132, 43, 43, 43, 250, 276, 276, 346, 174, 480, 480, 480, 480, 282, 282, 282, 282, 388, 303, 303, 217, 473, 473, 398, 324, 464, 301, 143, 129, 401, 197, 7, 7, 354, 276, 109, 265, 428, 428, 428, 146, 207, 207, 207, 3, 3, 3, 454, 197, 197, 197, 197, 197, 197, 7, 79, 380, 236, 236, 236, 236, 374, 374, 42, 42, 42, 147, 132, 132, 132, 132, 132, 132, 132, 217, 196, 479, 479, 331, 134, 153, 98, 76, 465, 197, 7, 217, 473, 473, 398, 213, 324, 324, 324, 246, 19, 19, 454, 454, 454, 454, 229, 229, 126, 126, 126, 126, 126, 292, 292, 292, 23, 23, 23, 23, 23, 23, 391, 391, 391, 391, 321, 392, 392, 392, 83, 287, 287, 319, 319, 319, 203, 348, 250, 250, 250, 276, 174, 109, 109, 403, 171, 324, 324, 324, 464, 301, 251, 251, 251, 251, 241, 241, 431, 486, 319, 319, 330, 388, 348, 242, 242, 250, 199, 199, 199, 290, 290, 290, 171, 324, 324, 3, 301, 301, 8, 129, 259, 259, 354, 354, 106, 284, 405, 206, 240, 240, 385, 35, 77, 68, 342, 224, 336, 25, 485, 152, 477, 374, 374, 153, 153, 153, 182, 43, 43, 43, 276, 346, 346, 346, 428, 428, 428, 330, 388, 388, 94, 199, 398, 398, 339, 199, 116, 94, 94, 199, 134, 153, 43, 43, 43, 276, 276, 276, 153, 387, 387, 387, 387, 240, 240, 239, 385, 77, 224, 145, 188, 287, 145, 411, 287, 497, 497, 497, 293, 497, 122, 122, 368, 323, 168, 224, 494, 494, 416, 416, 144, 27, 180, 443, 330, 388, 94, 199, 199, 464, 464, 464, 120, 330, 368, 368, 453, 453, 168, 168, 494, 278, 99, 338, 436, 436, 60, 395, 106, 199, 426, 426, 413, 388, 212, 212, 76, 239, 107, 107, 395, 485, 485, 286, 464, 139, 496, 496, 496, 496, 274, 8, 129, 129, 144, 208, 441, 437, 153, 426, 426, 372, 467, 348, 199, 250, 303, 98, 98, 98, 98, 197, 414, 320, 7, 473, 473, 264, 286, 286, 468, 468, 406, 406, 337, 337, 19, 324, 19, 454, 414, 170, 229, 229, 187, 170, 47, 47, 47, 28, 28, 187, 244, 187, 187, 187, 12, 40, 40, 12, 73, 392, 435, 435, 435, 392, 73, 73, 73, 320, 320, 7, 171, 324, 339, 199, 116, 94, 331, 331, 331, 153, 153, 387, 387, 387, 497, 43, 8, 129, 458, 208, 441, 106, 106, 387, 372, 372, 406, 406, 406, 413, 303, 98, 98, 98, 98, 98, 414, 414, 47, 47, 47, 47, 47, 47, 47, 47]

ep153
Train step Loss: [2.0647659301757812, 1.8032734394073486, 2.3472156524658203, 2.124140739440918, 2.3409197330474854, 2.401709794998169, 2.732217311859131, 2.351125478744507, 1.8346244096755981, 1.5760408639907837, 2.508765935897827, 1.8948025703430176, 1.7132625579833984, 1.806443452835083, 2.574495553970337, 1.8045543432235718, 1.8889415264129639, 2.196387767791748, 2.2656567096710205, 2.145378351211548, 2.3159983158111572, 2.341177463531494, 2.6650900840759277, 2.2404932975769043, 1.9999231100082397, 2.3305108547210693, 2.322782039642334, 2.474789619445801, 2.203803062438965, 2.1091079711914062, 2.362025260925293, 2.0105929374694824, 2.206141710281372, 1.6746528148651123, 2.295114755630493, 1.7876644134521484, 2.392028331756592, 2.1016974449157715, 1.7638877630233765, 2.2404768466949463, 2.166783571243286, 1.696759819984436, 1.4807296991348267, 1.9089789390563965, 2.3283045291900635, 2.1584584712982178, 2.130916118621826, 1.545433759689331, 1.7147598266601562, 1.8620096445083618, 2.2495195865631104, 2.578815221786499, 2.5015361309051514, 1.9609551429748535, 2.1938908100128174, 1.900233507156372, 1.6586353778839111, 1.8965145349502563, 2.200404644012451, 1.8193405866622925, 1.2611273527145386, 2.1460459232330322, 1.4907976388931274]
val step Loss: [1.1699825525283813, 1.346091389656067, 1.3912934064865112, 1.7917542457580566, 1.3707932233810425, 1.4884971380233765, 1.4321285486221313, 1.28216552734375, 1.233393669128418, 1.2869023084640503, 1.4012367725372314, 1.7212185859680176, 1.364294409751892, 1.1268279552459717, 1.5973329544067383, 2.174254894256592]
Train step Accs: [0.5594272076372315, 0.6278637770897832, 0.5072537112010796, 0.56, 0.4902362204724409, 0.5003921568627451, 0.4233957219251337, 0.4906578947368421, 0.6201690821256038, 0.6890486097976168, 0.47045280122793554, 0.6067771084337349, 0.6463414634146342, 0.6187303349990746, 0.4212055192447349, 0.6451424112368318, 0.6043743969121904, 0.5262781551662495, 0.5191165270373191, 0.5358565737051793, 0.49871421224069945, 0.49455300017292064, 0.42572283150548357, 0.5323452215531882, 0.5780293757649939, 0.4917562724014337, 0.4831441922563418, 0.5061997319034852, 0.5403736542115263, 0.5563036525837401, 0.5158765989465763, 0.5821479374110953, 0.5129415347137637, 0.6474493927125506, 0.5023341349554392, 0.6311835837303041, 0.48478437754271764, 0.5757951900698216, 0.6384557153671461, 0.5511111111111111, 0.5451263537906137, 0.6491201224177505, 0.7081187518933656, 0.5958299919807538, 0.4873573183066031, 0.5351201478743068, 0.5602326649318843, 0.6902757140498597, 0.6431753102131721, 0.6162120031176929, 0.517115804806992, 0.43697350283351205, 0.46849529780564264, 0.5870607028753994, 0.5198844089720654, 0.5967830378358618, 0.6680294358135732, 0.5958620689655172, 0.5395073576455535, 0.6342405913978495, 0.7647058823529411, 0.5308534677559534, 0.6937550040032026]
val step Accs: [0.7971053699445422, 0.7482884195193008, 0.7349813928761297, 0.6273774097554664, 0.7372431623350115, 0.7019294743845642, 0.7194354962417548, 0.74643011683254, 0.7712426978226234, 0.7643264698585959, 0.726860496132302, 0.6439716312056738, 0.7331864714267202, 0.7931218341775527, 0.6857489224137931, 0.5336294416243654]
Preds: [17, 309, 479, 479, 398, 278, 17, 17, 465, 77, 77, 54, 142, 232, 183, 351, 351, 494, 26, 468, 468, 468, 468, 467, 337, 337, 337, 337, 434, 339, 339, 94, 479, 331, 331, 84, 84, 84, 426, 426, 16, 375, 375, 375, 98, 98, 98, 98, 13, 13, 414, 259, 170, 187, 187, 442, 442, 187, 12, 2, 2, 244, 12, 12, 12, 2, 2, 2, 2, 244, 63, 63, 63, 244, 73, 73, 73, 73, 320, 320, 320, 7, 7, 7, 7, 219, 420, 420, 213, 213, 213, 213, 213, 213, 246, 246, 246, 246, 246, 246, 246, 3, 3, 3, 464, 188, 143, 143, 301, 114, 259, 354, 109, 109, 109, 403, 171, 171, 171, 171, 171, 246, 246, 246, 246, 246, 324, 422, 186, 99, 338, 338, 338, 338, 338, 400, 400, 400, 30, 464, 171, 171, 252, 252, 143, 36, 310, 310, 54, 107, 395, 395, 485, 286, 286, 464, 180, 365, 315, 315, 315, 315, 282, 282, 282, 282, 282, 413, 413, 43, 43, 43, 276, 138, 138, 138, 182, 182, 182, 182, 182, 182, 182, 426, 282, 282, 282, 282, 303, 303, 94, 199, 331, 84, 302, 302, 274, 375, 375, 58, 186, 186, 29, 196, 196, 309, 398, 398, 464, 464, 264, 468, 406, 406, 88, 43, 43, 43, 276, 276, 174, 174, 387, 413, 348, 348, 33, 398, 398, 398, 398, 464, 464, 443, 355, 355, 282, 460, 263, 263, 263, 263, 414, 414, 414, 187, 187, 187, 187, 187, 47, 47, 244, 392, 392, 73, 73, 73, 244, 75, 75, 310, 310, 323, 377, 196, 106, 106, 374, 153, 153, 424, 182, 182, 182, 182, 182, 182, 182, 497, 497, 497, 497, 122, 122, 129, 368, 310, 323, 338, 183, 437, 106, 106, 481, 481, 139, 293, 81, 81, 299, 299, 146, 324, 324, 422, 301, 143, 259, 354, 345, 109, 109, 109, 355, 355, 355, 355, 355, 355, 355, 355, 355, 355, 287, 287, 460, 460, 169, 215, 35, 259, 354, 431, 265, 111, 428, 428, 438, 438, 368, 31, 168, 168, 351, 486, 486, 443, 443, 240, 240, 449, 371, 371, 324, 324, 324, 477, 464, 464, 132, 132, 132, 303, 465, 465, 465, 259, 441, 441, 100, 100, 100, 100, 100, 375, 98, 98, 98, 48, 13, 13, 414, 170, 170, 170, 170, 28, 28, 28, 28, 63, 63, 63, 63, 244, 2, 2, 2, 2, 2, 63, 63, 63, 63, 63, 63, 244, 73, 73, 73, 73, 244, 321, 412, 287, 287, 287, 287, 284, 284, 284, 284, 450, 450, 450, 450, 16, 43, 43, 276, 276, 174, 387, 497, 497, 43, 43, 43, 8, 239, 219, 219, 464, 464, 476, 171, 171, 171, 171, 252, 252, 143, 99, 99, 338, 338, 273, 219, 219, 30, 477, 477, 374, 374, 132, 132, 186, 186, 186, 162, 482, 482, 482, 482, 482, 115, 273, 273, 106, 106, 424, 497, 497, 122, 122, 259, 310, 445, 445, 445, 351, 213, 213, 213, 324, 324, 19, 19, 19, 454, 197, 259, 7, 7, 188, 398, 398, 464, 171, 171, 252, 143, 143, 8, 276, 345, 109, 109, 109, 284, 284, 376, 376, 206, 206, 206, 167, 167, 35, 411, 100, 100, 100, 375, 98, 98, 98, 233, 259, 259, 441, 441, 100, 100, 100, 481, 387, 375, 98, 98, 98, 98, 13, 414, 414, 170, 170, 170, 170, 28, 2, 2, 2, 244, 2, 244, 63, 63, 63, 244, 63, 63, 392, 63, 73, 244, 73, 73, 73, 321, 320, 320, 7, 7, 371, 374, 374, 374, 374, 374, 374, 132, 132, 274, 274, 88, 288, 337, 337]

ep154
Train step Loss: [1.5648378133773804, 1.9233882427215576, 2.0065853595733643, 1.7789734601974487, 2.10711407661438, 2.0493836402893066, 2.413792848587036, 2.0036399364471436, 1.858392596244812, 2.3585994243621826, 2.2260613441467285, 2.3774218559265137, 1.7592055797576904, 2.138396978378296, 1.9175665378570557, 2.3304035663604736, 2.153284788131714, 2.029135227203369, 2.231764078140259, 2.145233154296875, 2.385389804840088, 2.0497336387634277, 2.0293898582458496, 1.7669718265533447, 2.171173572540283, 1.4393341541290283, 2.2346346378326416, 2.587768316268921, 2.250277042388916, 2.0754873752593994, 2.3484702110290527, 2.080610990524292, 1.9580657482147217, 1.918562650680542, 2.083103656768799, 2.299851179122925, 2.1659977436065674, 1.7913333177566528, 2.116473913192749, 1.9931334257125854, 1.9899697303771973, 2.53062105178833, 2.3926022052764893, 2.069256544113159, 2.298647880554199, 1.98988676071167, 2.05037522315979, 1.8537062406539917, 2.250246047973633, 2.2813851833343506, 2.379945993423462, 2.313925266265869, 1.953411340713501, 2.1563947200775146, 1.6578428745269775, 1.4015095233917236, 2.2103166580200195, 1.9235117435455322, 2.0014736652374268, 2.2983179092407227, 1.7192384004592896, 1.9820886850357056, 2.291672468185425]
val step Loss: [1.3559746742248535, 1.2471299171447754, 1.4965384006500244, 1.6736483573913574, 1.2029834985733032, 1.2953686714172363, 1.6582872867584229, 1.3778406381607056, 1.7398512363433838, 1.3248814344406128, 1.4038573503494263, 1.4598125219345093, 1.4558582305908203, 1.5257847309112549, 1.1632310152053833, 1.5506500005722046]
Train step Accs: [0.6862562767342384, 0.5833820947922762, 0.5751004016064257, 0.6295731707317073, 0.5310402684563759, 0.559574157794954, 0.49264705882352944, 0.5716334432812276, 0.600445434298441, 0.4928188016828667, 0.5234412759787337, 0.503784693019344, 0.6236775818639798, 0.5465135356849877, 0.5839639349541137, 0.4898973169923816, 0.5368435523783338, 0.5702292541168873, 0.5247358712057689, 0.5393596986817326, 0.5126050420168067, 0.5494825355756792, 0.570611369324276, 0.6395759717314488, 0.5603770229414903, 0.7138549170715363, 0.5162114678166427, 0.4476871443163578, 0.5276083216017519, 0.5653357531760436, 0.4788769351876148, 0.5704335465529495, 0.6077519379844961, 0.6023652578518806, 0.5948834196891192, 0.5175518925518926, 0.5426755967714236, 0.636778382172311, 0.539016393442623, 0.5831043956043956, 0.5802393372200061, 0.47927831368345836, 0.5329526161444668, 0.5548198336926393, 0.5066993228641407, 0.5715020576131687, 0.5839549146361678, 0.6082412660495671, 0.5471958584987058, 0.5063913470993117, 0.4838328657906393, 0.5096582466567607, 0.5886328192687575, 0.5256802201161724, 0.6695791466433668, 0.7316633922724296, 0.5161556214968678, 0.5901408450704225, 0.5874610812340787, 0.4892421543099904, 0.6547457627118644, 0.5757776307081403, 0.510915867944622]
val step Accs: [0.7385202135774218, 0.7607186606778277, 0.7089108910891089, 0.6549234767542593, 0.7818637142480559, 0.759863840321832, 0.6579681830867987, 0.742488748327454, 0.6398861942826175, 0.7467336683417085, 0.7327739638952454, 0.7213514902363823, 0.7198613429195019, 0.6847165276403223, 0.7865567713514282, 0.6856862745098039]
Preds: [17, 17, 17, 284, 486, 486, 460, 460, 169, 150, 349, 234, 234, 234, 261, 25, 25, 242, 54, 399, 399, 53, 473, 473, 473, 398, 360, 360, 360, 360, 434, 434, 434, 339, 339, 331, 81, 398, 398, 324, 360, 360, 360, 360, 360, 360, 434, 434, 434, 434, 434, 19, 19, 454, 454, 454, 417, 414, 414, 414, 249, 249, 249, 82, 80, 80, 80, 320, 321, 188, 188, 188, 290, 171, 171, 171, 434, 339, 399, 53, 345, 345, 100, 497, 497, 497, 122, 285, 34, 34, 34, 34, 431, 431, 431, 139, 139, 139, 293, 175, 122, 216, 458, 445, 445, 180, 470, 403, 290, 290, 171, 434, 434, 434, 19, 19, 19, 19, 454, 454, 414, 414, 414, 414, 414, 414, 102, 414, 47, 47, 20, 289, 73, 244, 244, 321, 7, 7, 7, 309, 309, 309, 309, 398, 398, 360, 360, 360, 360, 360, 434, 434, 434, 434, 434, 434, 434, 434, 19, 19, 454, 454, 197, 197, 197, 197, 7, 321, 7, 219, 219, 219, 219, 451, 30, 30, 286, 286, 286, 468, 468, 468, 468, 467, 467, 180, 486, 315, 315, 315, 315, 315, 315, 315, 450, 450, 203, 203, 53, 250, 250, 250, 138, 138, 138, 345, 345, 387, 186, 186, 186, 349, 349, 234, 234, 234, 234, 261, 25, 25, 374, 374, 153, 153, 153, 182, 182, 98, 98, 98, 98, 197, 259, 259, 183, 183, 183, 183, 171, 171, 31, 422, 31, 31, 342, 342, 342, 342, 115, 273, 26, 26, 171, 171, 171, 171, 171, 171, 252, 422, 143, 77, 342, 342, 342, 115, 115, 273, 273, 486, 486, 486, 460, 460, 460, 169, 35, 35, 35, 441, 441, 100, 100, 424, 424, 182, 182, 182, 182, 182, 182, 182, 182, 182, 182, 375, 375, 98, 98, 98, 13, 13, 225, 321, 75, 437, 437, 437, 405, 405, 405, 206, 98, 98, 98, 98, 13, 13, 17, 188, 403, 403, 403, 403, 403, 171, 171, 171, 171, 171, 171, 171, 171, 171, 403, 403, 403, 403, 403, 403, 403, 403, 403, 403, 403, 403, 403, 403, 403, 403, 403, 403, 403, 403, 403, 403, 403, 403, 403, 403, 403, 403, 403, 403, 403, 403, 403, 403, 403, 403, 403, 403, 403, 403, 403, 403, 403, 403, 403, 403, 403, 403, 403, 403, 403, 403, 403, 403, 403, 403, 403, 403, 403, 403, 403, 403, 403, 403, 403, 403, 403, 403, 403, 403, 403, 403, 403, 403, 403, 403, 403, 403, 403, 403, 403, 403, 403, 403, 403, 403, 403, 403, 403, 403, 403, 403, 403, 403, 403, 403, 403, 403, 403, 403, 403, 403, 403, 403, 403, 403, 403, 403, 403, 403, 403, 403, 403, 403, 403, 403, 403, 403, 403, 403, 403, 403, 403, 403, 403, 403, 403, 403, 403, 403, 403, 403, 403, 403, 403, 403, 403, 403, 403, 403, 403, 403, 403, 403, 403, 403, 403, 403, 403, 403, 403, 403, 403, 403, 403, 403, 403, 403, 403, 403, 403, 403, 403, 403, 403, 403, 403, 403, 403, 403, 403, 403, 403, 403, 403, 403, 403, 403, 403, 403, 403, 403, 403, 403, 403, 403, 403, 403, 403, 403, 403, 403, 403, 403, 403, 403, 403, 403, 403, 403, 403, 403, 403, 403, 403, 403, 403, 403, 403, 403, 403, 403, 403, 403, 403, 403, 403, 403, 403, 403, 403, 403, 403, 403, 403, 403, 403, 403, 403, 403, 403, 403, 403, 403, 403, 403, 403, 403, 403, 403, 403, 403, 403, 403, 403, 403, 403, 403, 403, 403, 403, 403, 403, 403, 403, 403, 403, 403, 403, 403, 403, 403, 403, 403, 403, 403]

ep155
Train step Loss: [2.0344197750091553, 2.3741276264190674, 1.9319469928741455, 1.8248603343963623, 2.211177110671997, 2.0235962867736816, 2.0606698989868164, 2.33514666557312, 1.7852381467819214, 2.3010833263397217, 2.1434099674224854, 1.814077377319336, 2.0138776302337646, 2.0159072875976562, 1.8021373748779297, 2.5251667499542236, 1.9146931171417236, 2.1862688064575195, 1.9141017198562622, 2.1457433700561523, 2.07627010345459, 2.2848024368286133, 2.0097334384918213, 2.1497747898101807, 2.2074239253997803, 2.3646843433380127, 2.387690782546997, 1.9829858541488647, 2.0060837268829346, 2.686086893081665, 2.0372347831726074, 1.9659672975540161, 1.7616393566131592, 1.7747292518615723, 1.8663280010223389, 2.0815253257751465, 2.020953416824341, 1.942030906677246, 1.7663488388061523, 1.841525673866272, 2.127872943878174, 2.369960069656372, 2.002136468887329, 2.192247152328491, 1.7162643671035767, 1.982734203338623, 1.9742298126220703, 1.882261037826538, 2.1792476177215576, 1.8302820920944214, 2.0828447341918945, 2.1706058979034424, 2.042949914932251, 2.118406295776367, 2.273270606994629, 2.11533784866333, 1.7347562313079834, 1.9654927253723145, 2.3862240314483643, 1.8314496278762817, 2.2645232677459717, 2.1406986713409424, 2.042882204055786]
val step Loss: [1.346283197402954, 1.3297325372695923, 1.4704790115356445, 1.0493749380111694, 1.3579914569854736, 1.3656917810440063, 1.2240517139434814, 1.508339285850525, 1.731005311012268, 1.4600794315338135, 1.4735041856765747, 1.6472183465957642, 1.3802849054336548, 1.8877172470092773, 1.2410755157470703, 1.4757145643234253]
Train step Accs: [0.5842604712041884, 0.4959921248769512, 0.5841006752608963, 0.6165057387502277, 0.5429597701149426, 0.5823878069432684, 0.5857035364936042, 0.5152177306071485, 0.6225611919120255, 0.5170762847111395, 0.5462980144739283, 0.6265804175242575, 0.567987862696757, 0.558109833971903, 0.6152824900427791, 0.47384615384615386, 0.586218836565097, 0.5222305953278071, 0.5992723492723493, 0.5439868204283361, 0.5531463971307466, 0.5121250797702617, 0.6140637775960752, 0.5255198487712666, 0.5197189845122145, 0.49128233970753654, 0.48867259607316665, 0.5846049508307901, 0.564985952979447, 0.41501511588847834, 0.575097805749277, 0.5865921787709497, 0.6362539586789323, 0.6318359375, 0.6270366188094854, 0.567287784679089, 0.5685415964971371, 0.6139396935244686, 0.6342182890855457, 0.5997899159663865, 0.5529428736295442, 0.5042780044754508, 0.5765456329735035, 0.5156537753222836, 0.6454759502186344, 0.579647435897436, 0.5743329097839899, 0.5963865406928559, 0.5209085439229844, 0.6044145272385724, 0.5501450160280873, 0.5616366497639448, 0.5712441503953526, 0.5499118730972601, 0.5065437239738251, 0.5662593984962406, 0.6530270763614238, 0.5804794520547946, 0.48681761786600497, 0.6298047589993899, 0.5008286876600874, 0.5330608670267114, 0.5815781200880227]
val step Accs: [0.7451732515023655, 0.7552560646900269, 0.706292690015986, 0.8218043135192005, 0.7455955824349197, 0.7381795195954488, 0.766114418845457, 0.7048899056334, 0.6400261608894703, 0.7091073271413829, 0.7214959457223233, 0.664960575459953, 0.7294672960215779, 0.6129320239765336, 0.7675169022741242, 0.7053589484327604]
Preds: [17, 17, 287, 284, 284, 284, 426, 426, 426, 426, 426, 319, 413, 413, 348, 250, 250, 250, 276, 276, 346, 346, 346, 346, 428, 146, 146, 422, 422, 31, 162, 232, 232, 232, 172, 172, 115, 115, 273, 273, 273, 151, 460, 460, 215, 35, 233, 375, 375, 375, 497, 186, 186, 323, 323, 323, 323, 323, 336, 196, 494, 494, 109, 26, 467, 313, 310, 385, 385, 183, 351, 351, 351, 464, 464, 110, 443, 443, 169, 169, 169, 150, 150, 150, 482, 482, 482, 482, 482, 115, 115, 267, 267, 267, 267, 213, 213, 246, 246, 246, 246, 246, 246, 3, 301, 143, 259, 259, 354, 106, 499, 284, 265, 306, 306, 85, 468, 406, 406, 467, 467, 467, 315, 315, 315, 450, 450, 203, 203, 53, 381, 236, 169, 225, 225, 197, 197, 320, 320, 114, 114, 114, 114, 403, 403, 403, 403, 207, 207, 301, 301, 378, 378, 8, 276, 346, 346, 346, 284, 284, 284, 426, 426, 450, 450, 413, 413, 348, 250, 276, 276, 276, 276, 138, 138, 138, 138, 182, 182, 426, 426, 426, 413, 413, 282, 282, 303, 303, 303, 303, 303, 303, 303, 303, 303, 303, 303, 479, 331, 331, 499, 106, 284, 284, 481, 481, 481, 481, 426, 426, 375, 98, 263, 263, 13, 13, 170, 170, 170, 170, 170, 28, 28, 28, 12, 12, 12, 12, 244, 12, 12, 12, 12, 12, 12, 12, 12, 391, 391, 391, 63, 63, 63, 63, 244, 63, 63, 244, 63, 63, 63, 73, 244, 73, 73, 244, 321, 320, 7, 7, 7, 479, 398, 398, 398, 360, 360, 360, 360, 434, 246, 246, 246, 246, 246, 246, 246, 246, 246, 324, 301, 301, 143, 259, 259, 354, 106, 284, 284, 284, 284, 426, 450, 450, 413, 175, 293, 497, 497, 497, 98, 197, 7, 32, 473, 473, 398, 398, 464, 464, 464, 464, 374, 374, 116, 116, 250, 250, 250, 153, 153, 153, 153, 153, 153, 182, 182, 387, 497, 497, 122, 122, 122, 143, 310, 310, 107, 107, 107, 395, 395, 395, 106, 106, 153, 424, 424, 182, 293, 293, 497, 497, 98, 35, 229, 229, 229, 170, 312, 312, 126, 292, 23, 23, 101, 149, 20, 320, 441, 441, 148, 153, 153, 182, 387, 387, 413, 122, 122, 250, 76, 465, 259, 208, 441, 441, 441, 346, 206, 169, 150, 150, 162, 54, 172, 172, 115, 273, 273, 494, 278, 278, 325, 286, 464, 464, 464, 264, 264, 264, 120, 120, 120, 282, 282, 271, 271, 271, 77, 77, 342, 433, 433, 115, 224, 267, 267, 267, 213, 213, 246, 246, 246, 246, 19, 197, 197, 226, 440, 440, 440, 440, 486, 26, 168, 116, 416, 32, 239, 259, 354, 354, 398, 464, 171, 403, 171, 171, 464, 464, 464, 464, 139, 139, 139, 293, 497, 497, 497, 122, 122, 310, 310, 107, 107, 395, 395, 395, 106, 153, 424, 424, 424, 424, 497, 497, 497, 497, 497, 122, 122, 345, 147, 380, 288, 288, 337, 337, 324, 19, 301, 403, 403, 403, 403, 403, 403, 403, 403, 403, 403, 403, 403, 403, 403, 403, 403, 403, 403, 403, 403, 403, 403, 403, 403, 403, 403, 403, 403, 403, 403, 403, 403, 403, 403, 403, 403, 403, 403, 403, 403, 403, 403, 403, 403, 403, 403, 403, 403, 403, 403, 403, 403, 403, 403, 403, 403, 403, 403, 403, 403, 403, 403, 403, 403, 403, 403, 403, 403, 403, 403, 403, 403, 403, 403, 403, 403, 403, 403, 403, 403, 403, 403, 403, 403, 403, 403, 403, 403, 403, 403, 403, 403, 403, 403, 403, 403, 403, 403, 403]

ep156
Train step Loss: [1.7279471158981323, 2.257101058959961, 1.7247657775878906, 2.124394416809082, 2.340146541595459, 2.0514872074127197, 2.400743007659912, 1.9455260038375854, 2.505310535430908, 1.7175599336624146, 2.2542612552642822, 2.11820650100708, 2.1070759296417236, 2.179572105407715, 2.1533002853393555, 1.7993131875991821, 2.235891342163086, 2.0042946338653564, 2.1698899269104004, 2.3994686603546143, 1.932159185409546, 2.034132719039917, 1.8419839143753052, 1.9065912961959839, 2.0741891860961914, 1.818527340888977, 2.185272693634033, 2.0137054920196533, 2.0298073291778564, 1.9098542928695679, 2.2736408710479736, 2.27337908744812, 2.0276708602905273, 1.597540259361267, 2.329439401626587, 2.1215991973876953, 1.5779556035995483, 1.878054141998291, 1.6359484195709229, 2.372103691101074, 2.087766647338867, 2.5822978019714355, 2.28002667427063, 1.7924562692642212, 1.9478083848953247, 1.9348690509796143, 2.02531099319458, 1.8928231000900269, 2.4518680572509766, 2.0518949031829834, 2.241633415222168, 2.372243881225586, 1.8019431829452515, 1.968774676322937, 1.8470715284347534, 1.5869642496109009, 2.2800748348236084, 2.7450661659240723, 1.8794300556182861, 2.0764143466949463, 1.5573248863220215, 2.008059024810791, 2.4364449977874756]
val step Loss: [1.641305685043335, 1.5047229528427124, 1.5482673645019531, 1.6795485019683838, 1.492391586303711, 1.6204220056533813, 1.3228528499603271, 1.2838720083236694, 1.2480332851409912, 1.3020540475845337, 1.2210122346878052, 1.6760177612304688, 1.15395188331604, 1.2722853422164917, 1.4479182958602905, 1.3024096488952637]
Train step Accs: [0.6396871589668971, 0.5132315136851656, 0.6504240555127216, 0.536348654092657, 0.5046025104602511, 0.5591059891740876, 0.5070899129874316, 0.6235068259385665, 0.45789319248826293, 0.6478423015450187, 0.5570579494799406, 0.5659945004582951, 0.5485182049110923, 0.5240633328107854, 0.54163052905464, 0.646771327014218, 0.5185791455229989, 0.5953503495366607, 0.5187080833039182, 0.4768352365415987, 0.5947245500755598, 0.5646933170582851, 0.6231761112996267, 0.5852859249549401, 0.5453778677462888, 0.6227144866385372, 0.5211612451906261, 0.5649798734905118, 0.6030265704733415, 0.6054208662489785, 0.5241454150841021, 0.511302475780409, 0.5942180946674656, 0.6682684056976146, 0.4838804220398593, 0.5562788744225116, 0.6823884389391773, 0.5983967305878655, 0.6621170320894438, 0.482442080722716, 0.5521987844118699, 0.4343840463171438, 0.5051441820026084, 0.6421868017279905, 0.5997938852627963, 0.5968885047536733, 0.5743173431734317, 0.5965314136125655, 0.4595080983803239, 0.5663828445285399, 0.516751939263905, 0.4713975380159305, 0.6164337430543863, 0.5698485845951283, 0.6009782265698959, 0.6768419069153948, 0.5230993678067758, 0.4065051903114187, 0.602631977008017, 0.5614973262032086, 0.6848456354803323, 0.5863384188626907, 0.4763271162123386]
val step Accs: [0.6621347989586347, 0.7009135628952916, 0.6942014496375906, 0.6507372301211164, 0.7101468448207435, 0.6612573473038589, 0.7472123835760199, 0.7645122681029324, 0.7694581280788177, 0.754841934274647, 0.7752932551319648, 0.6481816915145604, 0.7897981198952073, 0.7694964793410389, 0.7085992099665755, 0.7549454985870004]
Preds: [17, 196, 217, 217, 217, 217, 217, 473, 473, 65, 264, 264, 264, 264, 264, 264, 264, 264, 264, 264, 468, 468, 468, 467, 337, 337, 337, 324, 328, 3, 454, 197, 197, 197, 259, 354, 345, 109, 109, 109, 285, 288, 285, 313, 313, 337, 337, 337, 360, 360, 360, 360, 434, 434, 434, 339, 200, 398, 398, 324, 434, 434, 339, 339, 33, 33, 250, 250, 250, 250, 345, 153, 100, 424, 424, 424, 424, 182, 497, 497, 497, 122, 43, 75, 208, 208, 106, 481, 481, 481, 481, 426, 426, 306, 306, 372, 396, 396, 396, 313, 313, 406, 406, 406, 380, 134, 84, 84, 84, 375, 375, 375, 375, 375, 375, 98, 98, 98, 48, 48, 48, 48, 414, 414, 170, 170, 170, 170, 170, 170, 187, 187, 187, 12, 12, 12, 12, 12, 12, 12, 408, 408, 408, 391, 391, 321, 75, 66, 66, 66, 232, 172, 172, 172, 115, 267, 267, 267, 444, 374, 374, 374, 374, 139, 139, 293, 293, 497, 349, 349, 349, 349, 234, 234, 234, 261, 261, 25, 25, 30, 324, 324, 324, 464, 464, 464, 464, 180, 486, 486, 486, 486, 315, 315, 315, 315, 282, 282, 282, 388, 203, 53, 53, 88, 199, 448, 464, 464, 464, 324, 464, 464, 464, 464, 464, 315, 315, 315, 315, 315, 315, 315, 480, 480, 480, 282, 282, 282, 85, 299, 313, 59, 467, 406, 406, 406, 406, 406, 406, 467, 467, 467, 499, 302, 100, 375, 98, 375, 98, 98, 98, 13, 13, 414, 414, 414, 414, 414, 414, 414, 170, 187, 187, 187, 187, 187, 187, 391, 391, 244, 244, 244, 320, 320, 320, 83, 251, 380, 374, 337, 337, 313, 313, 310, 239, 310, 310, 107, 107, 395, 395, 485, 286, 464, 139, 139, 139, 139, 496, 216, 216, 81, 81, 81, 139, 139, 139, 240, 240, 240, 186, 99, 395, 395, 395, 400, 400, 152, 422, 143, 143, 458, 144, 27, 27, 27, 27, 437, 437, 284, 284, 206, 206, 206, 206, 169, 169, 215, 35, 35, 35, 35, 441, 437, 100, 100, 426, 426, 375, 375, 98, 98, 98, 13, 13, 170, 170, 170, 170, 170, 170, 201, 201, 28, 244, 2, 2, 2, 2, 2, 12, 63, 63, 73, 73, 63, 73, 73, 73, 244, 321, 321, 83, 287, 287, 287, 486, 486, 460, 460, 460, 150, 342, 342, 342, 342, 342, 224, 494, 196, 116, 94, 331, 199, 464, 464, 443, 443, 271, 31, 31, 342, 232, 172, 172, 115, 273, 273, 151, 169, 460, 460, 240, 35, 35, 77, 310, 107, 395, 374, 395, 395, 374, 494, 116, 285, 81, 302, 302, 302, 497, 497, 497, 497, 458, 208, 208, 441, 100, 153, 153, 387, 387, 387, 387, 372, 372, 406, 467, 467, 467, 467, 337, 19, 19, 19, 19, 19, 19, 19, 414, 414, 414, 414, 414, 170, 170, 102, 102, 47, 47, 392, 47, 392, 392, 392, 392, 392, 73, 244, 320, 320, 7, 7, 7, 217, 217, 217, 217, 473, 65, 65, 264, 264, 264, 264, 264, 264, 264, 264, 264, 264, 468, 468, 468, 468, 468, 467, 337, 337, 19, 19, 19, 19, 19, 454, 19, 414, 17, 451, 171, 171, 171, 171, 171, 171, 171, 171, 171, 171, 171, 171, 171, 171, 171, 171, 171, 171, 171, 171, 171, 171, 171, 171, 171, 171, 171, 171, 171, 171, 171, 171, 171, 171, 171, 171, 171, 171, 171, 171, 171, 171, 171, 171, 171, 171, 171, 171, 171, 171, 171, 171, 171, 171, 171, 171, 171, 171, 171, 171, 171, 171, 171, 171, 171, 171, 171, 171, 171, 171]

ep157
Train step Loss: [2.1463489532470703, 2.1243295669555664, 2.605213165283203, 2.1139779090881348, 1.8083000183105469, 1.767162561416626, 2.2284865379333496, 1.6323782205581665, 2.3534064292907715, 1.5769753456115723, 1.7256120443344116, 2.146829605102539, 1.8683513402938843, 1.8703397512435913, 1.9357842206954956, 1.6562483310699463, 2.017768144607544, 1.9127860069274902, 1.9675792455673218, 2.352813720703125, 1.7933212518692017, 2.2963860034942627, 1.9473720788955688, 2.248246669769287, 1.9698445796966553, 1.624167561531067, 2.1197471618652344, 2.3466155529022217, 2.1027488708496094, 1.8352763652801514, 2.11486554145813, 1.7694591283798218, 2.060689687728882, 1.908631682395935, 2.3906495571136475, 1.7736040353775024, 2.5746333599090576, 1.7690014839172363, 2.0758719444274902, 2.1727588176727295, 2.518293857574463, 2.0416817665100098, 2.382397413253784, 2.0158164501190186, 1.7333732843399048, 1.6966129541397095, 2.185316562652588, 2.352175712585449, 2.565455436706543, 2.0422821044921875, 2.389272451400757, 2.4011170864105225, 1.965301513671875, 1.921684980392456, 2.02912974357605, 1.4101158380508423, 2.0576395988464355, 2.221472978591919, 2.1325325965881348, 2.0289340019226074, 1.9976389408111572, 2.415062189102173, 2.5811591148376465]
val step Loss: [1.4047330617904663, 1.765270471572876, 1.478965163230896, 1.2076014280319214, 1.34160578250885, 1.9040077924728394, 1.305550217628479, 1.3318207263946533, 1.661620020866394, 1.2034101486206055, 1.4421744346618652, 1.306198239326477, 1.4698213338851929, 1.4423710107803345, 1.195082187652588, 1.2176953554153442]
Train step Accs: [0.5387293298520452, 0.5374139908256881, 0.4756960830580462, 0.5399444535206666, 0.6233670653173873, 0.6292327475353622, 0.5131690739167375, 0.661254486412579, 0.4903344584228291, 0.6853813559322034, 0.6356492230755492, 0.5322507893549843, 0.5948971193415638, 0.6250761730652041, 0.5869440459110473, 0.667984934086629, 0.578401922499249, 0.5838599902771026, 0.6154243415389912, 0.47930250189537527, 0.6226872914771004, 0.5137689424800391, 0.5771844660194175, 0.5460616178479284, 0.5787290525966484, 0.6587085402980292, 0.5440751445086706, 0.4963440111420613, 0.5612005627637955, 0.6059059987631417, 0.5416799744490578, 0.6339146952167156, 0.552501280519037, 0.5977988994497249, 0.5032042351629981, 0.6292193179851134, 0.44872001288037355, 0.6476024411508282, 0.5521302390024246, 0.5164949797887599, 0.48314778099740735, 0.5824806201550388, 0.5046546546546546, 0.591948310139165, 0.6355382619974059, 0.6518805627332759, 0.5158689312060387, 0.48390921409214094, 0.4574322004806042, 0.5545394080478883, 0.4786916395222584, 0.49165120593692024, 0.5763321346845375, 0.5809210526315789, 0.5775727244291523, 0.7325266677280687, 0.5536090835360908, 0.5177058111380145, 0.5514993481095176, 0.5745614035087719, 0.5683913452492945, 0.4730890999547716, 0.4433587786259542]
val step Accs: [0.7200731467154311, 0.6382549489345606, 0.7074179374515379, 0.7764110974443078, 0.7424861394805953, 0.5906561408049696, 0.7601713062098501, 0.7538461538461538, 0.6712208021154694, 0.782602252519265, 0.718981836786902, 0.7437161755862899, 0.7112271540469974, 0.7074721780604134, 0.7796092796092796, 0.7849956255468067]
Preds: [17, 451, 360, 360, 360, 301, 143, 17, 321, 321, 320, 7, 196, 70, 473, 109, 278, 360, 360, 434, 434, 434, 19, 19, 454, 454, 454, 408, 321, 82, 82, 66, 66, 66, 68, 68, 68, 115, 115, 267, 267, 470, 139, 139, 139, 443, 443, 443, 443, 85, 146, 240, 240, 240, 216, 34, 34, 324, 324, 324, 301, 349, 349, 25, 25, 25, 183, 30, 186, 186, 99, 338, 338, 338, 338, 338, 400, 400, 267, 267, 290, 360, 246, 246, 434, 3, 3, 3, 14, 226, 321, 411, 145, 145, 145, 460, 460, 178, 215, 259, 29, 100, 100, 497, 497, 122, 368, 77, 453, 224, 168, 106, 106, 496, 496, 274, 274, 8, 82, 364, 345, 345, 81, 81, 81, 41, 324, 324, 324, 246, 434, 339, 339, 339, 217, 398, 398, 398, 398, 434, 434, 434, 339, 199, 331, 275, 282, 282, 452, 263, 263, 17, 17, 188, 171, 171, 171, 171, 171, 171, 171, 171, 171, 171, 171, 171, 171, 171, 171, 171, 403, 403, 403, 403, 403, 403, 403, 403, 403, 403, 403, 403, 403, 403, 403, 403, 403, 403, 403, 403, 403, 403, 403, 403, 403, 403, 403, 403, 403, 403, 403, 403, 403, 403, 403, 403, 403, 403, 403, 403, 403, 403, 403, 403, 403, 403, 403, 403, 403, 403, 403, 403, 403, 403, 403, 403, 403, 403, 403, 403, 403, 403, 403, 403, 403, 403, 403, 403, 403, 403, 403, 403, 403, 403, 403, 403, 403, 403, 403, 403, 403, 403, 403, 403, 403, 403, 403, 403, 403, 403, 403, 403, 403, 403, 403, 403, 403, 403, 403, 403, 403, 403, 403, 403, 403, 403, 403, 403, 403, 403, 403, 403, 403, 403, 403, 403, 403, 403, 403, 403, 403, 403, 403, 403, 403, 403, 403, 403, 403, 403, 403, 403, 403, 403, 403, 403, 403, 403, 403, 403, 403, 403, 403, 403, 403, 403, 403, 403, 403, 403, 403, 403, 403, 403, 403, 403, 403, 403, 403, 403, 403, 403, 403, 403, 403, 403, 403, 403, 403, 403, 403, 403, 403, 403, 403, 403, 403, 403, 403, 403, 403, 403, 403, 403, 403, 403, 403, 403, 403, 403, 403, 403, 403, 403, 403, 403, 403, 403, 403, 403, 403, 403, 403, 403, 403, 403, 403, 403, 403, 403, 403, 403, 403, 403, 403, 403, 403, 403, 403, 403, 403, 403, 403, 403, 403, 403, 403, 403, 403, 403, 403, 403, 403, 403, 403, 403, 403, 403, 403, 403, 403, 403, 403, 403, 403, 403, 403, 403, 403, 403, 403, 403, 403, 403, 403, 403, 403, 403, 403, 403, 403, 403, 403, 403, 403, 403, 403, 403, 403, 403, 403, 403, 403, 403, 403, 403, 403, 403, 403, 403, 403, 403, 403, 403, 403, 403, 403, 403, 403, 403, 403, 403, 403, 403, 403, 403, 403, 403, 403, 403, 403, 403, 403, 403, 403, 403, 403, 403, 403, 403, 403, 403, 403, 403, 403, 403, 403, 403, 403, 403, 403, 403, 403, 403, 403, 403, 403, 403, 403, 403, 403, 403, 403, 403, 403, 403, 403, 403, 403, 403, 403, 403, 403, 403, 403, 403, 403, 403, 403, 403, 403, 403, 403, 403, 403, 403, 403, 403, 403, 403, 403, 403, 403, 403, 403, 403, 403, 403, 403, 403, 403, 403, 403, 403, 403, 403, 403, 403, 403, 403, 403, 403, 403, 403, 403, 403, 403, 403, 403, 403, 403, 403, 403, 403, 403, 403, 403, 403, 403, 403, 403, 403, 403, 403, 403, 403, 403, 403, 403, 403, 403, 403, 403, 403, 403, 403, 403, 403, 403, 403, 403, 403, 403, 403, 403, 403, 403, 403, 403, 403]

ep158
Train step Loss: [2.260801315307617, 2.113206148147583, 1.4639129638671875, 1.7518895864486694, 1.4137777090072632, 2.2432029247283936, 1.9821276664733887, 1.752258539199829, 1.8682948350906372, 2.267132043838501, 2.117682933807373, 1.7359617948532104, 2.3393232822418213, 1.8682324886322021, 2.339634895324707, 2.3123891353607178, 1.9288021326065063, 1.6593682765960693, 2.4766829013824463, 1.6223552227020264, 2.0348398685455322, 2.1663308143615723, 2.3720715045928955, 1.6151880025863647, 1.935661792755127, 1.723311185836792, 1.8312699794769287, 1.8423858880996704, 2.109689235687256, 2.1721572875976562, 2.1225523948669434, 2.2712228298187256, 2.0647518634796143, 1.5976955890655518, 2.246086597442627, 2.35858154296875, 1.8393268585205078, 2.5388004779815674, 1.7700001001358032, 1.668144702911377, 2.060234785079956, 2.0927915573120117, 2.4624664783477783, 2.365506172180176, 2.1160013675689697, 2.4730587005615234, 1.993830919265747, 1.7033863067626953, 2.5700204372406006, 1.8555034399032593, 2.0775036811828613, 2.065985918045044, 2.1311018466949463, 2.520017147064209, 1.7777326107025146, 1.6354471445083618, 1.5933564901351929, 1.8310638666152954, 1.6276119947433472, 2.1964967250823975, 2.683164119720459, 2.480346202850342, 1.6251698732376099]
val step Loss: [1.4846398830413818, 1.3569687604904175, 1.2755998373031616, 1.588186264038086, 1.26620352268219, 1.7802361249923706, 1.362795352935791, 1.3707822561264038, 1.1653152704238892, 1.5539371967315674, 1.3533729314804077, 1.1950944662094116, 1.666467547416687, 2.065680503845215, 0.9519557356834412, 1.3065768480300903]
Train step Accs: [0.5005839416058394, 0.548382102492646, 0.7128860843573563, 0.6294826572604351, 0.7294748520710059, 0.5079461177538974, 0.5859557509962897, 0.616389913899139, 0.5955094403810172, 0.5080187103240895, 0.5404130752967963, 0.649386931553624, 0.48385720381169106, 0.5979899497487438, 0.4857191144160892, 0.513007614213198, 0.5813199764289924, 0.678373382624769, 0.45515491936945096, 0.6625175667536639, 0.5522768124625524, 0.5354616361327771, 0.4962283127985919, 0.6565130874024185, 0.589569510877951, 0.6423592493297587, 0.6156160912258474, 0.6043971631205673, 0.5554371002132196, 0.5252794927415317, 0.5489081663176787, 0.512009087958455, 0.5426084044868575, 0.7040995094604064, 0.5221304219533786, 0.5079493835171967, 0.6334141904184354, 0.47918354122792806, 0.6257429420505201, 0.6679135494596842, 0.5604301075268817, 0.5456088902608427, 0.4654264076391175, 0.5202148713599095, 0.5289079229122056, 0.445290341842066, 0.5685297915513743, 0.6704909735110511, 0.4570542129327237, 0.6027042044823115, 0.5574248927038626, 0.5525588952071486, 0.5331715210355987, 0.4536693847294292, 0.6329787234042553, 0.6784279977051061, 0.679771265189421, 0.6220058723535775, 0.6597637674489952, 0.5532725766362884, 0.4299306782655974, 0.4509935553168636, 0.672795369424583]
val step Accs: [0.7070396557024285, 0.7454384186517993, 0.7585730088495575, 0.6795955327497736, 0.7676970426870066, 0.63101239950947, 0.733182907911437, 0.7266890005583473, 0.7930673642903858, 0.6962778469627785, 0.7272449602932193, 0.7713322902876399, 0.6699495260371784, 0.547927645634525, 0.8415652588880935, 0.7345653086938261]
Preds: [17, 17, 287, 287, 284, 319, 319, 319, 413, 293, 43, 43, 43, 153, 153, 153, 153, 138, 138, 297, 182, 182, 182, 182, 182, 293, 293, 497, 98, 98, 197, 197, 197, 197, 226, 209, 287, 287, 111, 111, 111, 111, 438, 388, 10, 10, 479, 479, 398, 398, 324, 301, 301, 378, 132, 53, 250, 70, 70, 138, 138, 138, 138, 138, 346, 426, 426, 426, 426, 426, 426, 426, 450, 450, 413, 203, 250, 250, 276, 481, 138, 138, 138, 138, 138, 182, 182, 98, 98, 335, 14, 14, 287, 287, 111, 111, 438, 438, 251, 251, 251, 241, 241, 431, 428, 428, 428, 428, 146, 146, 146, 252, 271, 186, 162, 54, 54, 482, 482, 482, 142, 196, 273, 168, 273, 290, 290, 290, 464, 464, 464, 464, 330, 314, 314, 32, 32, 239, 420, 420, 324, 339, 116, 116, 10, 10, 10, 250, 479, 331, 331, 284, 206, 206, 499, 499, 282, 240, 240, 388, 76, 36, 77, 342, 68, 172, 172, 267, 267, 267, 444, 213, 213, 246, 246, 246, 246, 339, 310, 354, 32, 354, 354, 420, 41, 324, 324, 143, 143, 129, 401, 270, 68, 68, 115, 273, 273, 315, 486, 376, 376, 376, 460, 460, 460, 178, 143, 35, 401, 270, 68, 68, 224, 224, 267, 464, 464, 464, 464, 464, 180, 486, 284, 85, 85, 85, 85, 85, 85, 146, 240, 239, 239, 129, 259, 183, 431, 106, 106, 106, 206, 167, 35, 35, 35, 224, 68, 68, 115, 273, 273, 284, 486, 376, 376, 460, 460, 263, 263, 170, 170, 170, 170, 170, 170, 170, 170, 28, 28, 28, 28, 2, 2, 2, 2, 2, 2, 2, 2, 2, 316, 73, 73, 73, 73, 73, 73, 289, 66, 115, 172, 267, 196, 7, 7, 153, 153, 153, 153, 182, 387, 387, 387, 387, 348, 348, 251, 251, 81, 324, 324, 324, 464, 464, 180, 315, 319, 319, 319, 319, 413, 348, 10, 10, 199, 250, 250, 250, 473, 324, 41, 324, 324, 324, 19, 301, 76, 129, 129, 259, 354, 106, 106, 284, 319, 319, 240, 240, 239, 239, 75, 36, 401, 66, 68, 68, 68, 68, 68, 68, 68, 267, 371, 444, 213, 213, 246, 246, 246, 246, 246, 246, 246, 246, 246, 19, 414, 414, 414, 170, 170, 47, 47, 47, 201, 47, 47, 47, 80, 20, 47, 47, 80, 80, 80, 80, 80, 73, 320, 287, 287, 320, 287, 287, 111, 240, 460, 77, 77, 77, 77, 342, 342, 494, 324, 464, 464, 31, 31, 31, 232, 482, 482, 68, 267, 267, 273, 106, 387, 153, 424, 182, 182, 182, 98, 98, 98, 98, 197, 197, 197, 287, 80, 80, 20, 20, 320, 7, 7, 7, 251, 398, 360, 213, 360, 246, 246, 246, 246, 3, 197, 197, 287, 188, 324, 324, 422, 338, 338, 338, 338, 338, 338, 338, 400, 400, 286, 286, 278, 278, 139, 203, 8, 8, 8, 8, 100, 100, 100, 100, 98, 98, 98, 48, 414, 414, 414, 414, 47, 47, 47, 392, 47, 28, 28, 47, 2, 20, 47, 47, 20, 2, 20, 2, 2, 73, 73, 73, 287, 287, 287, 287, 240, 240, 111, 111, 240, 77, 77, 77, 77, 342, 342, 68, 342, 267, 267, 267, 213, 246, 246, 246, 246, 246, 246, 301, 32, 43, 43, 276, 276, 276, 276, 346, 346, 428, 428, 146, 146, 146, 146, 240, 35, 35, 35, 342, 75, 108, 371, 324, 371, 445, 445, 445, 7, 196, 473, 278, 197, 143, 445, 445, 196, 309, 473, 278, 278, 301, 301, 251, 251, 241, 374, 374, 132, 132, 132, 132, 132, 132]

ep159
Train step Loss: [2.097665786743164, 2.522634983062744, 1.8767406940460205, 1.8335684537887573, 1.865354299545288, 2.3886210918426514, 1.8593884706497192, 1.6008613109588623, 2.079359531402588, 1.7255347967147827, 1.7640209197998047, 2.060314416885376, 1.9101048707962036, 1.8505998849868774, 1.4873454570770264, 1.7070354223251343, 2.305067300796509, 1.7273356914520264, 2.0351173877716064, 1.8656679391860962, 1.845244288444519, 1.8437449932098389, 1.7702349424362183, 2.0560433864593506, 1.8656985759735107, 2.256500720977783, 2.1205952167510986, 2.5630736351013184, 2.3501288890838623, 1.941006064414978, 2.020120620727539, 2.4416582584381104, 1.7737042903900146, 2.636162519454956, 1.6705219745635986, 2.6181626319885254, 2.2936112880706787, 1.3234453201293945, 1.9531573057174683, 1.9349045753479004, 1.8994110822677612, 1.5815752744674683, 1.9955267906188965, 2.034593343734741, 2.3168673515319824, 2.118966817855835, 1.9700812101364136, 2.431217908859253, 2.162752866744995, 1.833277702331543, 2.040595054626465, 2.3143606185913086, 2.042893171310425, 2.681095838546753, 2.4255402088165283, 1.6392186880111694, 2.3652946949005127, 1.856346607208252, 1.985507607460022, 1.6022586822509766, 2.254941701889038, 1.7931311130523682, 3.203007221221924]
val step Loss: [1.4026286602020264, 1.5831083059310913, 1.0191636085510254, 1.4760524034500122, 1.3045306205749512, 1.295319676399231, 1.2481669187545776, 1.6960784196853638, 1.469393014907837, 1.2840664386749268, 1.481886386871338, 1.4511315822601318, 1.5864652395248413, 1.3561391830444336, 1.507298231124878, 1.460215449333191]
Train step Accs: [0.5478752507751231, 0.44341306676187076, 0.5992533679597468, 0.6213812677388836, 0.6186906546726637, 0.48470588235294115, 0.6066633515663848, 0.6782752902155887, 0.5554152194505841, 0.6342090234151914, 0.6280115066522833, 0.5781780599438949, 0.5854157533245653, 0.629887520085699, 0.6908104061388733, 0.6424221921515562, 0.48800137127185467, 0.6379073756432247, 0.5709214135872196, 0.5972486462754281, 0.6108757062146892, 0.6045694200351494, 0.6335911930972925, 0.5582408318111564, 0.6280383430332078, 0.5307541181804443, 0.5229256129657848, 0.4377165027019537, 0.4982224479431183, 0.5957602339181286, 0.5748440748440748, 0.47385272145144075, 0.6361256544502618, 0.4413220501357177, 0.6550949913644214, 0.4481052036199095, 0.512405954858332, 0.7431042924759262, 0.5862778730703259, 0.5814984951686996, 0.5981651376146789, 0.6862170087976539, 0.5771742866964593, 0.5575959933222037, 0.5051272984441302, 0.5452749924035247, 0.5605590062111802, 0.4538774233896185, 0.5309365838605153, 0.6053666039993164, 0.5701849836779108, 0.49811661895434683, 0.556095339304691, 0.40264026402640263, 0.4613876319758673, 0.6607288772675274, 0.5036638983878847, 0.6059171597633136, 0.5754224270353303, 0.6770814841114858, 0.5109621561234464, 0.6454588834102115, 0.35364112327463115]
val step Accs: [0.7245125348189415, 0.6931060044477391, 0.8318721719457014, 0.7011525060305548, 0.7514427593611596, 0.7525828525426003, 0.7600950118764845, 0.6554963188626555, 0.7096596389692711, 0.7538606625014735, 0.6996775060467616, 0.7063780328345198, 0.6905989199803633, 0.7238206513801665, 0.6968791996416306, 0.7119502647939212]
Preds: [17, 309, 479, 331, 331, 360, 360, 360, 252, 143, 35, 35, 196, 70, 65, 65, 46, 46, 46, 460, 460, 178, 35, 77, 342, 342, 342, 115, 273, 273, 486, 486, 486, 460, 460, 178, 178, 35, 183, 445, 445, 451, 213, 213, 213, 213, 246, 19, 19, 19, 19, 454, 454, 454, 414, 414, 414, 414, 442, 102, 187, 187, 187, 187, 12, 12, 12, 12, 12, 12, 391, 391, 391, 391, 391, 391, 73, 73, 289, 321, 320, 287, 287, 287, 287, 287, 284, 284, 284, 111, 111, 111, 111, 438, 438, 438, 313, 313, 250, 250, 250, 134, 378, 378, 88, 88, 109, 106, 284, 284, 284, 284, 206, 206, 206, 169, 167, 35, 35, 259, 127, 114, 114, 114, 114, 264, 264, 264, 264, 264, 264, 264, 264, 264, 264, 264, 264, 264, 264, 264, 264, 264, 468, 468, 468, 406, 406, 467, 337, 288, 288, 290, 290, 290, 330, 330, 388, 116, 250, 250, 70, 65, 65, 426, 426, 426, 426, 319, 319, 299, 348, 348, 10, 479, 331, 331, 486, 486, 486, 460, 169, 150, 150, 150, 342, 342, 342, 224, 224, 31, 31, 31, 31, 31, 31, 31, 232, 482, 482, 482, 323, 336, 168, 273, 273, 106, 106, 106, 109, 106, 355, 355, 355, 169, 169, 169, 150, 150, 342, 342, 433, 433, 336, 196, 196, 196, 196, 494, 494, 236, 368, 453, 164, 168, 115, 115, 273, 470, 403, 403, 403, 171, 171, 252, 252, 34, 34, 470, 403, 403, 171, 171, 171, 171, 171, 246, 246, 358, 252, 143, 143, 196, 196, 196, 309, 473, 473, 290, 403, 403, 434, 434, 434, 246, 19, 19, 19, 454, 454, 454, 454, 229, 229, 414, 414, 126, 126, 126, 292, 292, 292, 292, 292, 292, 408, 408, 408, 408, 408, 408, 408, 391, 244, 289, 66, 66, 66, 66, 68, 172, 115, 267, 267, 267, 267, 464, 464, 464, 464, 443, 443, 443, 240, 240, 240, 240, 325, 34, 324, 324, 324, 324, 301, 301, 422, 349, 349, 261, 25, 25, 420, 420, 324, 324, 99, 99, 99, 338, 338, 338, 338, 338, 338, 400, 400, 400, 213, 213, 213, 213, 246, 246, 246, 246, 246, 246, 3, 3, 14, 440, 440, 145, 145, 486, 460, 460, 169, 215, 35, 35, 441, 100, 100, 153, 387, 387, 122, 99, 99, 99, 107, 395, 395, 395, 134, 139, 139, 496, 497, 497, 43, 8, 8, 354, 473, 473, 109, 288, 290, 290, 290, 171, 434, 434, 434, 339, 339, 339, 398, 398, 398, 246, 246, 246, 246, 246, 246, 286, 464, 464, 264, 282, 282, 282, 282, 282, 263, 263, 263, 13, 414, 414, 414, 414, 414, 312, 312, 187, 187, 187, 23, 23, 23, 23, 23, 23, 23, 149, 149, 149, 320, 320, 7, 7, 241, 241, 241, 241, 470, 403, 403, 403, 403, 290, 290, 290, 290, 360, 434, 434, 434, 360, 360, 434, 434, 434, 434, 434, 339, 339, 10, 10, 479, 309, 479, 331, 331, 331, 331, 284, 426, 426, 426, 426, 426, 426, 282, 282, 282, 355, 355, 355, 452, 263, 263, 13, 13, 414, 414, 414, 414, 170, 170, 244, 249, 249, 244, 2, 2, 2, 2, 244, 2, 2, 73, 73, 73, 73, 244, 321, 321, 287, 287, 287, 287, 284, 284, 284, 206, 206, 206, 169, 150, 150, 54, 54, 54, 54, 482, 482, 482, 68, 168, 273, 273, 106, 106, 153, 153, 424, 182, 182, 182, 182, 182, 182, 387, 387, 387, 387, 293, 293, 293, 122, 122, 368, 368, 168, 232, 232, 168, 371, 444, 444, 278, 301, 301, 301, 8, 276]

ep160
Train step Loss: [1.96829354763031, 1.9385801553726196, 1.5355013608932495, 1.703433871269226, 2.0086348056793213, 2.124455213546753, 2.505568027496338, 2.0269274711608887, 1.9612058401107788, 2.375875473022461, 2.1336188316345215, 2.0951309204101562, 1.6640677452087402, 2.0856435298919678, 2.125136375427246, 2.5954909324645996, 2.1339218616485596, 1.955757737159729, 2.0698435306549072, 1.6538113355636597, 1.549872636795044, 2.471864700317383, 1.8351784944534302, 2.16953706741333, 2.0896644592285156, 1.5584049224853516, 2.2315433025360107, 2.0608444213867188, 1.7263967990875244, 2.035348415374756, 2.384488105773926, 1.4970756769180298, 1.6164063215255737, 2.4802443981170654, 2.2009363174438477, 2.10357928276062, 2.0517961978912354, 1.748278021812439, 2.315866470336914, 1.6721937656402588, 2.611149549484253, 2.1404836177825928, 1.9983116388320923, 1.9116989374160767, 2.4106407165527344, 1.7659821510314941, 2.140674591064453, 2.0882248878479004, 2.110084295272827, 2.31599760055542, 1.6769959926605225, 2.0091445446014404, 2.322371482849121, 1.784517526626587, 2.4489798545837402, 1.5144383907318115, 2.2102162837982178, 1.3417929410934448, 1.8758466243743896, 1.9232367277145386, 2.5855607986450195, 1.6936523914337158, 1.232464075088501]
val step Loss: [1.5066661834716797, 1.4096934795379639, 1.4724594354629517, 1.1369816064834595, 1.3014178276062012, 1.1582146883010864, 1.7466427087783813, 1.3032780885696411, 1.3429100513458252, 1.3438328504562378, 1.0643028020858765, 1.5782907009124756, 1.795030951499939, 1.4802533388137817, 1.5570732355117798, 1.196271538734436]
Train step Accs: [0.5854755784061697, 0.5956204379562043, 0.6905144694533762, 0.6645833333333333, 0.5811172083860983, 0.5369345916042955, 0.4663859226951421, 0.5672379187895631, 0.5656263360410432, 0.4787425149700599, 0.5252330440372871, 0.53980490874764, 0.6643543223052295, 0.5496019595835885, 0.5414279076970729, 0.4095074455899198, 0.534549964564139, 0.5944707499618146, 0.5609990393852066, 0.6625288171661642, 0.6852469959946595, 0.47843588269120185, 0.623617491917645, 0.5463367297428433, 0.5585561497326204, 0.6877607788595271, 0.5109467008908349, 0.5556584838659874, 0.6331922099915326, 0.5634180790960452, 0.48376718338695524, 0.6986084756483238, 0.6723030098072371, 0.46464646464646464, 0.5193732193732193, 0.552627189324437, 0.5757521489971347, 0.6331426755640293, 0.5192532088681447, 0.6600146466495789, 0.4185541421036302, 0.544253833308031, 0.5747765975383577, 0.6114377338321753, 0.46935773819251514, 0.619004111466423, 0.5500784929356358, 0.5557163531114327, 0.5422855410730525, 0.4939965694682676, 0.6523309822810941, 0.5574087078651685, 0.4843326303103344, 0.6227634194831014, 0.5068059512503957, 0.6879242954124666, 0.508095171054484, 0.7381360777587193, 0.6050029958058718, 0.5937316930287053, 0.4406204556471158, 0.6622775800711744, 0.7742377526550188]
val step Accs: [0.7006017438290556, 0.712750074649149, 0.7032938419476631, 0.8073646209386282, 0.76172153341884, 0.7891964888588792, 0.6219959266802444, 0.7530618493570116, 0.7437443859874246, 0.7360955580440462, 0.8098453228578444, 0.6667118460287341, 0.6104486978349545, 0.7035189429688553, 0.686324676986056, 0.7729835212489159]
Preds: [17, 479, 398, 360, 360, 171, 360, 360, 171, 434, 252, 252, 252, 252, 143, 349, 349, 441, 441, 441, 441, 346, 346, 306, 306, 306, 413, 203, 467, 65, 65, 84, 319, 319, 319, 175, 175, 251, 251, 251, 81, 81, 219, 219, 398, 398, 360, 464, 464, 464, 464, 264, 264, 468, 468, 58, 58, 293, 84, 84, 84, 426, 426, 450, 413, 98, 98, 263, 263, 13, 417, 417, 414, 414, 170, 170, 170, 170, 28, 28, 2, 2, 2, 2, 2, 2, 2, 2, 2, 316, 316, 73, 73, 289, 289, 320, 320, 320, 373, 152, 465, 219, 143, 219, 219, 219, 422, 152, 444, 444, 360, 213, 360, 213, 213, 246, 246, 246, 19, 19, 454, 454, 454, 414, 414, 414, 414, 414, 249, 249, 249, 47, 249, 249, 2, 244, 373, 249, 23, 244, 73, 73, 244, 244, 320, 320, 320, 7, 479, 398, 360, 360, 360, 171, 171, 252, 378, 173, 280, 34, 324, 324, 324, 324, 422, 143, 77, 478, 342, 342, 232, 172, 172, 115, 115, 267, 444, 171, 171, 252, 252, 301, 173, 280, 280, 280, 280, 465, 280, 280, 106, 444, 213, 213, 213, 213, 213, 246, 246, 246, 246, 19, 454, 454, 454, 454, 197, 197, 197, 197, 80, 80, 7, 7, 66, 310, 186, 54, 172, 395, 395, 470, 470, 403, 403, 403, 403, 403, 171, 207, 358, 358, 358, 225, 225, 225, 414, 197, 197, 451, 451, 451, 30, 213, 360, 360, 360, 422, 445, 445, 196, 196, 398, 398, 360, 360, 360, 360, 464, 464, 315, 315, 315, 315, 315, 315, 315, 450, 450, 450, 450, 175, 175, 43, 43, 43, 276, 276, 153, 153, 424, 497, 497, 497, 497, 175, 413, 250, 250, 413, 426, 426, 319, 319, 413, 413, 413, 381, 250, 42, 250, 88, 241, 431, 431, 426, 426, 426, 426, 426, 480, 480, 480, 480, 426, 426, 85, 85, 299, 299, 299, 299, 116, 399, 217, 473, 398, 324, 324, 324, 324, 464, 464, 464, 264, 264, 468, 467, 245, 42, 349, 349, 349, 234, 261, 25, 25, 148, 148, 153, 153, 153, 153, 387, 387, 387, 285, 134, 134, 134, 88, 88, 88, 88, 387, 497, 175, 175, 431, 431, 265, 265, 428, 85, 85, 146, 146, 146, 464, 464, 464, 464, 171, 171, 171, 325, 325, 464, 464, 464, 120, 443, 120, 120, 263, 263, 263, 263, 229, 229, 229, 312, 312, 312, 312, 292, 292, 292, 292, 23, 23, 23, 23, 23, 23, 23, 23, 391, 391, 391, 391, 391, 391, 73, 73, 244, 73, 320, 321, 320, 320, 287, 284, 284, 284, 284, 284, 284, 284, 284, 284, 284, 480, 85, 480, 85, 85, 85, 85, 85, 85, 146, 146, 207, 207, 207, 324, 464, 464, 464, 464, 464, 486, 315, 315, 315, 315, 282, 450, 450, 175, 43, 43, 276, 153, 153, 153, 297, 297, 182, 182, 182, 182, 182, 182, 372, 372, 372, 372, 372, 59, 59, 59, 467, 467, 467, 467, 134, 134, 175, 431, 431, 431, 431, 431, 265, 265, 480, 85, 85, 85, 85, 85, 299, 468, 468, 59, 467, 467, 275, 275, 275, 303, 303, 303, 303, 98, 98, 98, 17, 233, 414, 170, 209, 188, 188, 188, 19, 19, 303, 303, 282, 282, 282, 310, 303, 303, 102, 48, 48, 170, 170, 170, 249, 249, 249, 249, 249, 249, 249, 249, 249, 249, 249, 249, 249, 249, 249, 249, 249, 249, 249, 249, 249, 249, 249, 249, 73, 441, 320, 346, 284, 206, 206, 206, 167, 167, 167, 233, 170, 170, 170, 28, 28, 40, 40, 201, 201, 201, 102]

ep161
Train step Loss: [2.1180310249328613, 2.154676914215088, 2.1571202278137207, 1.7799485921859741, 2.4197492599487305, 1.979577660560608, 2.1720685958862305, 1.7624404430389404, 1.5411217212677002, 1.9146552085876465, 1.8190690279006958, 1.7211344242095947, 1.7236772775650024, 2.1759090423583984, 1.9707752466201782, 1.7014409303665161, 1.8828567266464233, 2.4534428119659424, 1.8626089096069336, 2.3072004318237305, 2.4489145278930664, 2.066938638687134, 2.1107630729675293, 2.099848985671997, 2.0626060962677, 2.415841817855835, 2.074491024017334, 2.1383213996887207, 1.7310575246810913, 2.276643753051758, 2.239340305328369, 1.800538420677185, 1.6982316970825195, 1.8516405820846558, 2.1304945945739746, 2.07566499710083, 2.1571922302246094, 1.6850849390029907, 2.1986465454101562, 1.6584867238998413, 1.7296741008758545, 2.2336270809173584, 1.955094337463379, 1.9668606519699097, 2.305525064468384, 2.3652400970458984, 1.8701647520065308, 2.2691378593444824, 1.753871202468872, 2.0055770874023438, 2.2956669330596924, 2.1896860599517822, 2.123600482940674, 2.132183074951172, 2.2912580966949463, 1.868796706199646, 1.9609084129333496, 2.2790796756744385, 2.0228281021118164, 1.7925074100494385, 1.9151383638381958, 1.551833152770996, 2.1902432441711426]
val step Loss: [1.2079213857650757, 1.4517168998718262, 1.2900915145874023, 1.5851020812988281, 1.4304261207580566, 1.3943300247192383, 1.3149269819259644, 1.4039863348007202, 1.242425560951233, 1.2295078039169312, 1.47264564037323, 1.3329435586929321, 1.479229211807251, 1.8995808362960815, 1.2203553915023804, 1.4744555950164795]
Train step Accs: [0.5494592875318066, 0.5368745188606621, 0.5443018159048215, 0.6294833306999525, 0.4821960561781813, 0.572847212370549, 0.5373957091775924, 0.6383694839192221, 0.6875881523272215, 0.5895634721525339, 0.6251586006887802, 0.6279106356198867, 0.6244586869911658, 0.5359757186216747, 0.5937291527685123, 0.6451612903225806, 0.597010550996483, 0.45821177278187747, 0.6060460652591171, 0.48430834856794636, 0.4733557369179069, 0.5450726978998385, 0.5408055513652135, 0.5516368812272655, 0.5635234330886505, 0.4819512195121951, 0.5466411970709965, 0.5454545454545454, 0.6667726550079491, 0.49516908212560384, 0.5102869139258223, 0.6128556685832227, 0.6402231174465448, 0.6009573542210618, 0.5555181128896377, 0.5503074343208496, 0.5541245016865992, 0.6539096503076692, 0.5474393963718093, 0.6553169198533263, 0.6268288383571302, 0.5204352071418608, 0.5883371824480369, 0.5841630367143746, 0.4886786600496278, 0.5038049117952266, 0.616710875331565, 0.5295226130653267, 0.6480965645311049, 0.5756651415014404, 0.5096359743040685, 0.5342105263157895, 0.5412023460410558, 0.5388073119568475, 0.5093158867870857, 0.6012948049897363, 0.5979123787121435, 0.510221109720484, 0.5608969188578803, 0.6493506493506493, 0.5854694134297845, 0.6784707540521494, 0.5360253365003959]
val step Accs: [0.7752043596730245, 0.7087537091988131, 0.7576388888888889, 0.6752254509018036, 0.7196806877494627, 0.7226256171943073, 0.7391755250194452, 0.7169811320754716, 0.7631839389226637, 0.7700502020325701, 0.7039609993906155, 0.7496893552395416, 0.7058751976645177, 0.5942780907204269, 0.7622332118688183, 0.7048383688992182]
Preds: [17, 17, 287, 287, 284, 284, 319, 450, 450, 450, 169, 169, 76, 76, 349, 234, 234, 234, 234, 234, 234, 261, 25, 106, 25, 106, 284, 428, 428, 330, 388, 388, 10, 10, 10, 309, 479, 398, 398, 324, 324, 422, 186, 162, 162, 232, 232, 172, 172, 115, 273, 267, 267, 267, 324, 324, 3, 3, 14, 14, 411, 188, 188, 171, 443, 443, 271, 178, 143, 77, 54, 232, 232, 86, 336, 6, 336, 336, 336, 145, 145, 145, 486, 486, 460, 468, 406, 406, 406, 42, 132, 32, 32, 32, 32, 239, 82, 310, 107, 107, 107, 395, 395, 286, 286, 264, 264, 264, 120, 120, 120, 120, 120, 207, 178, 178, 143, 233, 233, 170, 170, 170, 312, 312, 170, 170, 28, 170, 170, 187, 187, 187, 244, 2, 2, 2, 2, 244, 392, 73, 73, 392, 244, 73, 73, 73, 244, 287, 287, 100, 293, 293, 43, 43, 8, 129, 144, 208, 27, 346, 106, 174, 426, 319, 348, 348, 348, 199, 199, 250, 250, 98, 197, 129, 401, 7, 7, 217, 473, 109, 109, 313, 313, 406, 285, 337, 337, 337, 324, 339, 116, 94, 94, 199, 398, 116, 199, 116, 94, 94, 479, 331, 331, 138, 138, 138, 138, 138, 182, 497, 497, 43, 8, 32, 239, 208, 208, 27, 441, 346, 426, 426, 319, 348, 348, 94, 250, 250, 303, 375, 98, 98, 98, 13, 414, 414, 170, 170, 170, 170, 170, 28, 2, 2, 244, 2, 2, 2, 2, 2, 244, 244, 73, 73, 73, 73, 244, 320, 7, 70, 473, 106, 284, 206, 206, 206, 240, 240, 35, 35, 82, 77, 224, 323, 323, 336, 196, 106, 153, 153, 153, 153, 387, 169, 349, 349, 155, 234, 234, 234, 261, 25, 25, 100, 100, 100, 497, 497, 497, 98, 98, 98, 197, 226, 226, 226, 226, 226, 442, 209, 287, 287, 284, 284, 284, 450, 480, 480, 480, 480, 480, 480, 480, 480, 282, 282, 282, 388, 388, 388, 388, 195, 195, 195, 250, 250, 250, 250, 250, 109, 109, 109, 403, 403, 403, 207, 207, 207, 252, 416, 32, 32, 239, 75, 180, 180, 106, 153, 153, 387, 349, 349, 155, 155, 234, 261, 25, 25, 148, 148, 148, 148, 153, 182, 182, 182, 182, 406, 132, 42, 42, 467, 134, 132, 132, 98, 98, 98, 98, 13, 170, 170, 170, 170, 170, 170, 170, 187, 187, 187, 187, 187, 391, 391, 392, 392, 73, 73, 73, 244, 310, 310, 323, 323, 323, 323, 273, 106, 106, 153, 153, 153, 182, 182, 182, 182, 182, 182, 182, 182, 182, 182, 182, 345, 122, 122, 239, 129, 129, 82, 75, 107, 107, 323, 323, 273, 106, 106, 106, 100, 375, 98, 98, 98, 98, 17, 188, 403, 171, 171, 171, 171, 171, 171, 171, 171, 171, 171, 171, 171, 171, 171, 171, 171, 171, 171, 171, 403, 403, 403, 403, 403, 403, 171, 171, 171, 171, 171, 171, 171, 171, 171, 171, 171, 171, 171, 171, 171, 171, 171, 171, 171, 171, 171, 171, 171, 171, 171, 171, 171, 171, 171, 171, 171, 171, 171, 171, 171, 171, 171, 171, 171, 171, 171, 171, 171, 171, 171, 171, 171, 171, 171, 171, 171, 171, 171, 171, 171, 171, 171, 171, 171, 171, 171, 171, 171, 171, 171, 171, 171, 171, 171, 171, 171, 171, 171, 171, 171, 171, 171, 171, 171, 171, 171, 171, 171, 171, 171, 171, 171, 171, 171, 171, 171, 171, 171, 171, 171, 171, 171, 171, 171, 171, 171, 171, 171, 171, 171, 171, 171, 171, 171, 171, 171, 171, 171, 171, 171, 171, 171]

ep162
Train step Loss: [2.3974878787994385, 1.9175211191177368, 2.1310248374938965, 2.113302230834961, 2.0757174491882324, 1.9470003843307495, 2.1672542095184326, 1.8397725820541382, 2.5436134338378906, 1.964217185974121, 1.8868777751922607, 2.0259976387023926, 1.7694650888442993, 1.5907530784606934, 1.9771955013275146, 2.087768793106079, 1.580495834350586, 1.7794392108917236, 2.1743361949920654, 1.5519967079162598, 1.887678623199463, 1.927254319190979, 1.9852044582366943, 1.8242727518081665, 2.1619319915771484, 1.9636565446853638, 2.3318748474121094, 1.604741096496582, 2.0120344161987305, 2.221689224243164, 1.959227442741394, 2.014415979385376, 2.282773971557617, 2.397404193878174, 2.128687858581543, 1.7555351257324219, 2.117227792739868, 2.0476267337799072, 1.8196117877960205, 1.724043846130371, 1.7715060710906982, 1.8487863540649414, 2.4116933345794678, 2.5070643424987793, 1.7148414850234985, 1.8399587869644165, 1.9433032274246216, 1.9459483623504639, 1.8647516965866089, 1.4866578578948975, 2.3331871032714844, 2.329498052597046, 2.233093500137329, 2.182696580886841, 1.8766347169876099, 2.005768299102783, 2.479959011077881, 1.9260412454605103, 2.05761981010437, 1.9560418128967285, 2.3454368114471436, 2.370328426361084, 2.0013489723205566]
val step Loss: [1.4694271087646484, 1.5307965278625488, 1.2467379570007324, 1.4289610385894775, 1.5886117219924927, 1.615341305732727, 1.4779326915740967, 1.3818994760513306, 1.5026531219482422, 1.4402214288711548, 1.2928824424743652, 1.1124078035354614, 1.561212420463562, 1.4246079921722412, 1.245617389678955, 1.2957617044448853]
Train step Accs: [0.45948561946902655, 0.6058714358022609, 0.5363265306122449, 0.5522474346003757, 0.5469667318982387, 0.598671096345515, 0.5498672174682797, 0.6045562733764026, 0.4270929873339512, 0.578968412634946, 0.5803389830508474, 0.562166172106825, 0.6309203231427214, 0.6737137511693171, 0.5809478371501272, 0.5663918112027296, 0.6798516687268232, 0.6422530957414678, 0.5185485177385388, 0.6789036544850499, 0.5903866248693835, 0.5925601750547046, 0.584095888645444, 0.6076532232454748, 0.5373634120549876, 0.5718685831622177, 0.4791037660893056, 0.6692346340646458, 0.5488191244239631, 0.5071917808219178, 0.5806395550921098, 0.5521107023997197, 0.5176978818283167, 0.47533559760634, 0.5558294663573086, 0.6310316815597076, 0.5428527465763964, 0.5721873491067118, 0.606651376146789, 0.6382596994841893, 0.6557680444170265, 0.5924136951271487, 0.47765406931158855, 0.5107276119402985, 0.6525620424924121, 0.6130747575852361, 0.599864704887536, 0.5916847657461992, 0.597029702970297, 0.6945254292193068, 0.4611587048061565, 0.49132465799132463, 0.5237261146496816, 0.5236220472440944, 0.6263471127553483, 0.5665639445300462, 0.5051562259504386, 0.6049464138499587, 0.5493115593980147, 0.5807200929152149, 0.4989403037795832, 0.5053235053235053, 0.5785907859078591]
val step Accs: [0.7059350217446917, 0.6788166930797676, 0.7740127388535032, 0.719524423435038, 0.6814598540145985, 0.6733046286329386, 0.7098364910459383, 0.7370606144478273, 0.702003121748179, 0.7112299465240641, 0.7595234362752783, 0.800497512437811, 0.6786685662478954, 0.7121555052589535, 0.7552845528455284, 0.760082198818392]
Preds: [17, 287, 111, 111, 319, 319, 348, 215, 8, 43, 345, 276, 100, 497, 497, 497, 122, 345, 42, 495, 406, 380, 380, 499, 499, 284, 481, 426, 426, 481, 481, 16, 293, 293, 293, 348, 348, 250, 250, 250, 65, 65, 65, 426, 426, 426, 426, 206, 206, 169, 169, 77, 77, 342, 342, 342, 115, 267, 267, 464, 324, 464, 464, 464, 180, 315, 315, 319, 319, 319, 282, 330, 388, 299, 116, 250, 250, 250, 10, 479, 479, 331, 180, 486, 486, 486, 460, 169, 150, 150, 342, 342, 224, 494, 494, 422, 99, 99, 338, 338, 338, 400, 400, 400, 213, 213, 324, 246, 246, 422, 186, 99, 338, 338, 338, 338, 395, 395, 400, 400, 374, 374, 374, 374, 374, 374, 139, 302, 497, 497, 497, 122, 129, 259, 74, 183, 183, 420, 213, 213, 213, 252, 143, 143, 259, 445, 445, 420, 420, 213, 324, 324, 301, 301, 173, 183, 280, 280, 420, 213, 213, 213, 213, 246, 246, 19, 19, 19, 454, 454, 414, 414, 414, 414, 170, 187, 187, 292, 292, 292, 1, 408, 408, 408, 408, 391, 391, 391, 321, 289, 373, 66, 66, 66, 68, 172, 172, 115, 115, 267, 267, 267, 267, 213, 246, 246, 246, 246, 246, 246, 246, 246, 246, 301, 301, 8, 259, 354, 106, 106, 284, 284, 376, 206, 460, 169, 169, 150, 77, 342, 342, 172, 172, 224, 196, 485, 309, 479, 331, 84, 84, 153, 153, 497, 497, 497, 43, 43, 276, 276, 346, 346, 346, 284, 486, 376, 376, 376, 460, 460, 460, 263, 263, 263, 414, 414, 414, 414, 414, 170, 170, 244, 47, 47, 73, 244, 244, 244, 321, 321, 320, 7, 7, 479, 398, 290, 290, 290, 290, 434, 434, 378, 378, 250, 406, 406, 467, 337, 337, 301, 360, 434, 434, 422, 99, 99, 99, 338, 338, 338, 400, 400, 400, 30, 464, 464, 464, 464, 240, 240, 240, 416, 8, 354, 100, 100, 100, 100, 497, 497, 122, 122, 239, 445, 445, 445, 464, 171, 171, 171, 171, 171, 252, 416, 183, 445, 464, 464, 443, 443, 240, 203, 8, 8, 183, 183, 420, 213, 213, 213, 246, 246, 246, 246, 246, 19, 19, 19, 454, 229, 170, 170, 170, 126, 187, 408, 408, 391, 391, 73, 244, 321, 320, 320, 7, 276, 276, 346, 346, 346, 346, 387, 293, 293, 167, 35, 35, 164, 445, 445, 351, 180, 139, 139, 139, 139, 293, 122, 122, 77, 323, 54, 168, 168, 494, 251, 349, 216, 216, 144, 114, 486, 443, 443, 240, 240, 94, 199, 199, 34, 374, 368, 368, 216, 216, 106, 26, 143, 278, 99, 338, 338, 436, 60, 60, 60, 298, 199, 413, 413, 169, 186, 99, 338, 338, 338, 338, 338, 400, 400, 400, 400, 213, 213, 324, 324, 422, 186, 338, 338, 338, 338, 338, 470, 273, 273, 273, 330, 275, 245, 116, 94, 199, 331, 331, 486, 443, 120, 85, 299, 299, 251, 219, 219, 246, 19, 19, 246, 246, 246, 19, 19, 19, 19, 454, 414, 414, 170, 170, 170, 170, 170, 244, 28, 28, 73, 73, 244, 320, 321, 320, 7, 7, 374, 374, 132, 217, 217, 473, 473, 337, 41, 41, 19, 19, 19, 19, 17, 451, 171, 171, 171, 171, 171, 171, 171, 171, 171, 171, 171, 171, 171, 171, 171, 171, 171, 171, 171, 171, 171, 171, 171, 171, 171, 171, 171, 171, 171, 171, 171, 171, 171, 171, 171, 171, 171, 171, 171, 171, 171, 171, 171, 171, 171, 171, 171, 171, 171, 171, 171, 171, 171, 171, 171, 171, 171, 171, 171, 171, 171]

ep163
Train step Loss: [1.93622887134552, 1.8393592834472656, 2.0371475219726562, 1.8950209617614746, 2.0136802196502686, 1.6793292760849, 2.269115686416626, 1.9890761375427246, 2.433662176132202, 2.0663001537323, 2.4157540798187256, 1.9997379779815674, 1.9001575708389282, 1.5096479654312134, 1.9150686264038086, 2.3723011016845703, 1.6837204694747925, 2.295999050140381, 1.8230373859405518, 2.089637517929077, 1.9145212173461914, 1.8559536933898926, 2.3289902210235596, 1.8188958168029785, 1.6126081943511963, 2.4980835914611816, 2.138423204421997, 1.9352374076843262, 1.8307487964630127, 1.990871548652649, 1.9681990146636963, 1.956153392791748, 2.0491905212402344, 2.153512954711914, 1.593217372894287, 1.9284452199935913, 2.1231865882873535, 2.192129135131836, 2.041721820831299, 2.1898109912872314, 2.1065471172332764, 2.199434995651245, 1.755585789680481, 1.3720300197601318, 2.255603790283203, 2.106302499771118, 2.150308609008789, 1.9969137907028198, 2.218787670135498, 2.2273666858673096, 1.4234483242034912, 1.9067281484603882, 2.5734894275665283, 2.407611131668091, 2.2601358890533447, 2.0380055904388428, 2.532597780227661, 1.2452253103256226, 2.092466354370117, 2.028700590133667, 1.6704232692718506, 2.037721633911133, 1.4566313028335571]
val step Loss: [1.1360218524932861, 1.3696660995483398, 0.9261201620101929, 1.4734770059585571, 1.255804181098938, 1.4841145277023315, 1.2970365285873413, 1.4614269733428955, 1.5660237073898315, 1.623781681060791, 1.4178098440170288, 1.5525012016296387, 1.4128198623657227, 1.3218623399734497, 1.296886682510376, 1.9121384620666504]
Train step Accs: [0.5792455643357686, 0.6327044025157232, 0.5488839987425338, 0.607502712757712, 0.5540445072412575, 0.6606952820148989, 0.5521562245728234, 0.5644984968570648, 0.462090623598026, 0.5691205862758161, 0.4687182955698343, 0.5753954897340963, 0.5909638554216867, 0.6953205524634096, 0.5965950079353629, 0.5202081526452732, 0.6585981585981586, 0.4819783416841765, 0.6068335695166116, 0.5363513968360821, 0.5724548799719642, 0.5988006435571157, 0.47676419965576594, 0.6297371116421987, 0.6654639175257732, 0.4579937768558305, 0.5398141529664046, 0.5893295893295893, 0.6248603797670337, 0.5725750174459177, 0.586350470673425, 0.578187250996016, 0.5562671546203111, 0.5373134328358209, 0.6828644501278772, 0.5886738860287591, 0.5497712572961034, 0.5290940766550523, 0.562892599969358, 0.5303914590747331, 0.5354817164802137, 0.5038025764395468, 0.6287989598569803, 0.729300439337614, 0.5423702067224239, 0.5343807386247704, 0.5315072381493046, 0.5944530918352908, 0.5268833535844472, 0.5061317183951551, 0.7355058734369079, 0.6093669583118888, 0.4508230737308065, 0.459253112033195, 0.5032032615026208, 0.5676138308798356, 0.4817987152034261, 0.7669449081803005, 0.5344325897187197, 0.5618713076800256, 0.6526501766784453, 0.5496698459280998, 0.7100802854594113]
val step Accs: [0.7858543417366947, 0.7322489391796323, 0.8489807637094459, 0.7000986054373856, 0.7711853798973589, 0.709045490402314, 0.7546020573903628, 0.7138813539332468, 0.690632911392405, 0.655956956187548, 0.7125567322239031, 0.6823253891720623, 0.7232, 0.7442999020842076, 0.7465940054495913, 0.597450581932385]
Preds: [17, 17, 145, 145, 486, 460, 460, 169, 169, 349, 349, 205, 234, 234, 261, 25, 25, 148, 148, 387, 348, 348, 348, 398, 398, 398, 324, 360, 434, 434, 339, 200, 248, 473, 398, 398, 360, 360, 360, 360, 360, 360, 434, 434, 434, 246, 19, 19, 19, 454, 454, 454, 414, 414, 414, 414, 249, 80, 80, 80, 80, 321, 320, 188, 188, 188, 171, 171, 434, 434, 339, 339, 250, 345, 43, 153, 43, 43, 43, 81, 285, 285, 285, 285, 84, 139, 139, 496, 496, 293, 274, 122, 8, 75, 354, 354, 420, 420, 360, 360, 360, 360, 434, 434, 19, 19, 19, 454, 454, 48, 414, 414, 414, 414, 102, 414, 82, 82, 47, 20, 20, 20, 321, 320, 7, 7, 7, 309, 473, 473, 398, 398, 360, 360, 360, 360, 434, 434, 434, 246, 246, 246, 246, 19, 19, 454, 454, 197, 197, 197, 7, 7, 7, 219, 219, 219, 219, 219, 219, 485, 286, 286, 286, 378, 468, 406, 467, 467, 499, 180, 486, 315, 315, 315, 315, 282, 282, 388, 348, 348, 250, 250, 250, 250, 138, 138, 153, 497, 497, 349, 349, 349, 349, 234, 234, 234, 261, 261, 25, 25, 148, 148, 153, 153, 182, 98, 98, 98, 98, 98, 197, 197, 197, 244, 188, 188, 368, 368, 31, 368, 453, 31, 342, 342, 342, 168, 168, 273, 444, 444, 444, 171, 324, 324, 324, 252, 422, 77, 478, 342, 172, 115, 115, 273, 273, 486, 486, 460, 460, 460, 178, 35, 35, 35, 411, 100, 100, 100, 182, 182, 182, 182, 182, 182, 182, 182, 182, 375, 375, 375, 98, 98, 98, 13, 226, 259, 321, 209, 287, 287, 426, 426, 426, 426, 98, 98, 98, 98, 13, 17, 188, 403, 403, 403, 403, 403, 403, 403, 403, 403, 403, 403, 403, 403, 403, 403, 403, 403, 403, 403, 403, 403, 403, 403, 403, 403, 403, 403, 403, 403, 403, 403, 403, 403, 403, 403, 403, 403, 403, 403, 403, 403, 403, 403, 403, 403, 403, 403, 403, 403, 403, 403, 403, 403, 403, 403, 403, 403, 403, 403, 403, 403, 403, 403, 403, 403, 403, 403, 403, 403, 403, 403, 403, 403, 403, 403, 403, 403, 403, 403, 403, 403, 403, 403, 403, 403, 403, 403, 403, 403, 403, 403, 403, 403, 403, 403, 403, 403, 403, 403, 403, 403, 403, 403, 403, 403, 403, 403, 403, 403, 403, 403, 403, 403, 403, 403, 403, 403, 403, 403, 403, 403, 403, 403, 403, 403, 403, 403, 403, 403, 403, 403, 403, 403, 403, 403, 403, 403, 403, 403, 403, 403, 403, 403, 403, 403, 403, 403, 403, 403, 403, 403, 403, 403, 403, 403, 403, 403, 403, 403, 403, 403, 403, 403, 403, 403, 403, 403, 403, 403, 403, 403, 403, 403, 403, 403, 403, 403, 403, 403, 403, 403, 403, 403, 403, 403, 403, 403, 403, 403, 403, 403, 403, 403, 403, 403, 403, 403, 403, 403, 403, 403, 403, 403, 403, 403, 403, 403, 403, 403, 403, 403, 403, 403, 403, 403, 403, 403, 403, 403, 403, 403, 403, 403, 403, 403, 403, 403, 403, 403, 403, 403, 403, 403, 403, 403, 403, 403, 403, 403, 403, 403, 403, 403, 403, 403, 403, 403, 403, 403, 403, 403, 403, 403, 403, 403, 403, 403, 403, 403, 403, 403, 403, 403, 403, 403, 403, 403, 403, 403, 403, 403, 403, 403, 403, 403, 403, 403, 403, 403, 403, 403, 403, 403, 403, 403, 403, 403, 403, 403, 403, 403, 403, 403, 403, 403, 403, 403, 403, 403, 403, 403, 403, 403, 403, 403, 403, 403, 403, 403]

ep164
Train step Loss: [2.2047717571258545, 1.8981870412826538, 1.7457140684127808, 1.631015419960022, 2.1078460216522217, 2.062168836593628, 1.7556158304214478, 1.8745017051696777, 1.978401780128479, 2.10068678855896, 2.0695111751556396, 1.983565092086792, 2.181206703186035, 2.218506097793579, 1.975204586982727, 2.739593982696533, 2.031371831893921, 1.7581114768981934, 2.3784303665161133, 1.9823297262191772, 1.6855549812316895, 2.110684871673584, 2.160200834274292, 2.0004830360412598, 2.540616035461426, 1.8660823106765747, 1.9173375368118286, 2.052044630050659, 2.0085701942443848, 1.6640723943710327, 1.829153060913086, 2.2672231197357178, 1.9412040710449219, 1.8609811067581177, 2.187697649002075, 2.1675825119018555, 1.7507426738739014, 2.1667168140411377, 2.142378568649292, 2.0365824699401855, 1.5344431400299072, 1.9144518375396729, 1.665421485900879, 1.9437167644500732, 1.894935965538025, 1.8079630136489868, 2.250851631164551, 2.124845266342163, 1.611496925354004, 1.7437747716903687, 2.068737268447876, 1.897371530532837, 1.679750919342041, 1.9293993711471558, 2.2135510444641113, 1.8677352666854858, 2.548051357269287, 1.9954713582992554, 2.067239284515381, 2.0793280601501465, 2.1937143802642822, 1.8717442750930786, 2.351945161819458]
val step Loss: [1.280350685119629, 1.423779010772705, 1.2974612712860107, 1.6521306037902832, 1.3001410961151123, 1.1733245849609375, 1.1725646257400513, 1.5330076217651367, 1.5456582307815552, 1.2709230184555054, 1.7924144268035889, 1.2784984111785889, 1.1885135173797607, 1.6744084358215332, 1.4512492418289185, 1.352121353149414]
Train step Accs: [0.5566602931803697, 0.6085390019816249, 0.6387758712188218, 0.6630508474576271, 0.5473270440251572, 0.5476985894580549, 0.6361036639857015, 0.6104926245477317, 0.5959308240081383, 0.5590687977762335, 0.5555396711937098, 0.58137445725408, 0.5077160493827161, 0.5490392648287385, 0.5786163522012578, 0.4314030865071499, 0.5545641729581332, 0.6265891754449692, 0.478920179970005, 0.5584785522788204, 0.6404388714733542, 0.5475349408692981, 0.5296442687747036, 0.5646912814148309, 0.4500891265597148, 0.604563312178906, 0.586132357831726, 0.5671913835956918, 0.5662061994609164, 0.6567612687813021, 0.6217028380634391, 0.5093188190664687, 0.5733305596005824, 0.6109243697478992, 0.5121293800539084, 0.5295196186285295, 0.6213964339276787, 0.5321375186846039, 0.5366728673930374, 0.5463003343509231, 0.6881028938906752, 0.5966314587496432, 0.6708349615735313, 0.5715999400209927, 0.5943756686535229, 0.6117548278757347, 0.5095455313397533, 0.5360193093204605, 0.6514056224899598, 0.625872340425532, 0.5443019093078759, 0.5937598487236054, 0.642123558224048, 0.5822938322938322, 0.5068368277119416, 0.6141254925735071, 0.44158273381294966, 0.56773982676908, 0.5385316086718892, 0.5872590108968986, 0.5416544441185098, 0.6203689106101214, 0.5241873560276427]
val step Accs: [0.7563965884861408, 0.7161117717003567, 0.7482014388489209, 0.6690708527789563, 0.7636842105263157, 0.7790311877903119, 0.7742412033306473, 0.6875088816256928, 0.6850063532401525, 0.7562732342007435, 0.6240292370945637, 0.7485404503753128, 0.7819462411959178, 0.6459944932476728, 0.7179299401928475, 0.742299794661191]
Preds: [17, 17, 287, 287, 319, 319, 319, 319, 348, 348, 348, 348, 250, 250, 250, 331, 138, 138, 138, 138, 182, 182, 182, 182, 182, 182, 182, 497, 497, 497, 98, 14, 14, 14, 287, 287, 287, 111, 111, 111, 111, 111, 438, 299, 388, 94, 94, 398, 398, 398, 324, 324, 301, 301, 378, 43, 88, 65, 138, 138, 153, 182, 297, 182, 297, 481, 426, 426, 284, 284, 284, 426, 426, 426, 426, 413, 413, 413, 182, 242, 497, 275, 116, 43, 43, 43, 276, 276, 346, 346, 346, 265, 111, 111, 111, 85, 438, 438, 240, 240, 251, 241, 431, 431, 431, 428, 428, 146, 146, 146, 146, 438, 186, 186, 186, 232, 54, 482, 482, 482, 336, 115, 273, 273, 470, 171, 403, 403, 290, 171, 171, 171, 434, 252, 252, 339, 239, 212, 354, 420, 324, 324, 301, 301, 301, 301, 250, 42, 147, 380, 380, 499, 426, 426, 426, 426, 319, 282, 282, 169, 169, 77, 342, 342, 342, 115, 273, 267, 267, 267, 213, 213, 324, 246, 246, 246, 246, 434, 434, 339, 339, 398, 398, 398, 324, 324, 324, 422, 422, 422, 478, 478, 342, 115, 273, 273, 273, 470, 265, 265, 265, 265, 85, 85, 282, 282, 169, 169, 77, 77, 342, 224, 224, 267, 464, 464, 464, 464, 464, 464, 180, 169, 58, 58, 486, 486, 486, 486, 85, 85, 146, 240, 183, 183, 183, 106, 110, 110, 139, 139, 293, 293, 293, 122, 77, 342, 342, 115, 273, 273, 273, 284, 486, 486, 376, 376, 460, 460, 460, 263, 263, 229, 229, 170, 312, 312, 312, 312, 292, 292, 292, 292, 292, 23, 23, 23, 1, 1, 391, 408, 391, 391, 391, 321, 66, 66, 66, 66, 68, 115, 115, 267, 273, 273, 378, 378, 153, 153, 88, 174, 319, 319, 426, 319, 319, 293, 348, 219, 219, 219, 464, 464, 464, 180, 315, 315, 319, 319, 319, 319, 348, 348, 348, 250, 495, 467, 81, 467, 337, 337, 41, 324, 324, 3, 301, 301, 301, 354, 354, 354, 106, 106, 284, 284, 206, 206, 206, 282, 388, 169, 77, 77, 342, 224, 164, 114, 114, 114, 114, 371, 371, 213, 213, 213, 213, 213, 246, 246, 246, 246, 246, 246, 246, 246, 246, 246, 19, 454, 454, 414, 414, 414, 414, 170, 249, 249, 249, 47, 187, 187, 2, 73, 244, 73, 73, 244, 321, 320, 287, 287, 287, 284, 284, 460, 460, 460, 150, 150, 150, 168, 168, 168, 494, 31, 31, 31, 31, 342, 232, 323, 323, 224, 273, 273, 106, 106, 424, 424, 424, 424, 182, 182, 497, 497, 497, 122, 122, 122, 197, 197, 197, 197, 7, 7, 7, 309, 473, 473, 473, 398, 398, 360, 360, 360, 434, 434, 434, 434, 434, 246, 246, 246, 422, 99, 338, 338, 338, 338, 338, 338, 338, 400, 400, 400, 286, 286, 286, 374, 374, 374, 203, 203, 216, 216, 81, 275, 275, 275, 275, 275, 303, 303, 48, 48, 48, 414, 414, 170, 170, 170, 170, 170, 170, 187, 187, 12, 12, 12, 12, 408, 408, 391, 321, 321, 321, 320, 287, 287, 287, 287, 284, 284, 460, 460, 169, 169, 150, 35, 77, 342, 342, 342, 168, 267, 267, 267, 267, 213, 246, 246, 246, 246, 301, 301, 301, 378, 276, 345, 109, 346, 346, 284, 284, 428, 376, 428, 428, 146, 240, 35, 169, 35, 371, 371, 371, 371, 485, 30, 301, 301, 239, 196, 196, 250, 250, 250, 196, 196, 309, 398, 398, 398, 398, 286, 286, 374, 374, 374, 374, 374, 132, 132, 132, 132, 132, 132, 285, 285, 288, 288]

ep165
Train step Loss: [2.0644257068634033, 2.1079607009887695, 1.8688139915466309, 2.0074973106384277, 2.087967872619629, 2.575833559036255, 1.8396493196487427, 2.030132293701172, 1.977833867073059, 2.323397159576416, 1.6876493692398071, 2.016484022140503, 1.9530441761016846, 2.283691644668579, 2.0618412494659424, 2.2415435314178467, 1.3758234977722168, 1.4671363830566406, 1.7486894130706787, 1.7360209226608276, 1.9231908321380615, 2.4573683738708496, 2.1346848011016846, 2.1924962997436523, 1.896195411682129, 2.2261195182800293, 2.2909739017486572, 1.8976855278015137, 2.277587652206421, 1.6233394145965576, 2.0929689407348633, 1.8491473197937012, 1.9414581060409546, 2.0435104370117188, 2.4596498012542725, 1.6414120197296143, 2.183990001678467, 2.003382444381714, 2.0264947414398193, 1.4680081605911255, 2.0887703895568848, 1.7583670616149902, 1.7198659181594849, 1.9561138153076172, 1.7679214477539062, 1.7548614740371704, 2.3177833557128906, 1.7083561420440674, 2.071078300476074, 2.1369476318359375, 2.0452170372009277, 1.8724141120910645, 2.2516448497772217, 2.623961925506592, 1.5307286977767944, 1.5507944822311401, 1.9724373817443848, 2.195619583129883, 2.3154337406158447, 1.581129550933838, 1.945974349975586, 2.0256597995758057, 2.3012471199035645]
val step Loss: [1.5729812383651733, 0.9782107472419739, 1.0803622007369995, 1.1033363342285156, 1.3884267807006836, 1.6192066669464111, 1.5707908868789673, 1.3595256805419922, 1.2802982330322266, 1.4417428970336914, 1.4160044193267822, 1.2308683395385742, 1.7758909463882446, 1.411789059638977, 1.5258159637451172, 1.6192607879638672]
Train step Accs: [0.5513470681458004, 0.5429913860610807, 0.5979838093783413, 0.5720038659793815, 0.5486605629026788, 0.44243446267055037, 0.6089432255903534, 0.5569858258605728, 0.5706474820143885, 0.48247900376484215, 0.6430882352941176, 0.5499674479166666, 0.5752551020408163, 0.5233134073441503, 0.5614938828074694, 0.558303886925795, 0.7373165989040127, 0.7142625081221572, 0.6287257451490298, 0.6285714285714286, 0.5909568874868559, 0.47216527361614885, 0.5700890764181903, 0.5366180660298308, 0.5918467583497053, 0.5158909474318422, 0.5108134505371843, 0.5884621565161497, 0.5153624172466474, 0.6700198356474922, 0.5308681672025723, 0.6388231815493791, 0.571762349799733, 0.5690657130084935, 0.45670995670995673, 0.656148729319461, 0.5175067914277091, 0.5628633117422355, 0.5692745853576814, 0.7013317665491579, 0.5527752502274795, 0.6210812539987204, 0.6550678087080657, 0.5887881286067601, 0.6313522825150732, 0.6276731567187999, 0.49078233927188225, 0.6542041078305519, 0.5356689054274824, 0.5525953936060501, 0.544569751274525, 0.6001457991616548, 0.49457917261055634, 0.4281282316442606, 0.7004927906552291, 0.6889731333443218, 0.6003638568829593, 0.5309341500765696, 0.4947683109118087, 0.6762703815102106, 0.5631932510545228, 0.5552020362710786, 0.5049676025917926]
val step Accs: [0.6754814212096556, 0.8327974276527331, 0.8131228160993917, 0.7949808592088473, 0.7192762000502639, 0.6740450803077338, 0.6754243542435424, 0.7317400644468314, 0.7639862542955327, 0.7048124899404474, 0.7221231655465643, 0.7667542706964521, 0.6301054909385989, 0.7126778783958603, 0.6943121693121693, 0.6693344566133108]
Preds: [17, 7, 217, 217, 473, 473, 473, 476, 213, 360, 360, 252, 143, 36, 36, 75, 107, 107, 395, 395, 213, 171, 171, 171, 246, 3, 3, 3, 143, 197, 259, 354, 29, 109, 109, 288, 264, 313, 285, 337, 337, 337, 171, 360, 360, 434, 434, 339, 199, 398, 339, 339, 116, 116, 33, 33, 250, 250, 250, 250, 250, 250, 250, 43, 76, 129, 259, 441, 100, 100, 100, 497, 497, 497, 497, 43, 43, 208, 208, 106, 346, 346, 346, 306, 306, 372, 372, 396, 396, 396, 396, 396, 406, 406, 467, 303, 275, 275, 303, 303, 303, 303, 303, 48, 48, 48, 48, 417, 414, 414, 414, 170, 47, 170, 2, 244, 392, 392, 392, 244, 392, 392, 321, 321, 66, 66, 66, 66, 172, 172, 115, 115, 267, 267, 286, 286, 374, 468, 468, 139, 139, 274, 274, 399, 399, 10, 398, 398, 398, 324, 324, 324, 324, 3, 3, 3, 3, 440, 440, 145, 111, 111, 460, 240, 240, 216, 114, 65, 111, 111, 111, 438, 368, 453, 31, 168, 168, 168, 273, 443, 443, 443, 460, 240, 35, 35, 35, 251, 183, 183, 183, 41, 213, 213, 213, 246, 246, 246, 246, 246, 246, 246, 3, 197, 197, 259, 259, 354, 287, 284, 284, 284, 284, 376, 376, 376, 460, 169, 263, 263, 263, 170, 170, 170, 170, 170, 28, 28, 287, 287, 187, 244, 287, 287, 331, 153, 287, 287, 287, 287, 287, 320, 219, 219, 213, 213, 324, 301, 301, 143, 259, 259, 354, 284, 284, 284, 319, 319, 282, 17, 171, 171, 171, 171, 171, 171, 171, 171, 171, 171, 171, 171, 171, 171, 171, 171, 171, 171, 171, 171, 171, 171, 171, 171, 171, 171, 171, 171, 171, 171, 171, 171, 171, 171, 171, 171, 171, 171, 171, 171, 171, 171, 171, 171, 171, 171, 171, 171, 171, 171, 171, 171, 171, 171, 171, 171, 171, 171, 171, 171, 171, 171, 171, 171, 171, 171, 171, 171, 171, 171, 171, 171, 171, 171, 171, 171, 171, 171, 171, 171, 171, 171, 171, 171, 171, 171, 171, 171, 171, 171, 171, 171, 171, 171, 171, 171, 171, 171, 171, 171, 171, 171, 171, 171, 171, 171, 171, 171, 171, 171, 171, 171, 171, 171, 171, 171, 171, 171, 171, 171, 171, 171, 171, 171, 171, 171, 171, 171, 171, 171, 171, 171, 171, 171, 171, 171, 171, 171, 171, 171, 171, 171, 171, 171, 171, 171, 171, 171, 171, 171, 171, 171, 171, 171, 171, 171, 171, 171, 171, 171, 171, 171, 171, 171, 171, 171, 171, 171, 171, 171, 171, 171, 171, 171, 171, 171, 171, 171, 171, 171, 171, 171, 171, 171, 171, 171, 171, 171, 171, 171, 171, 171, 171, 171, 171, 171, 171, 171, 171, 171, 171, 171, 171, 171, 171, 171, 171, 171, 171, 171, 171, 171, 171, 171, 171, 171, 171, 171, 171, 171, 171, 171, 171, 171, 171, 171, 171, 171, 171, 171, 171, 171, 171, 171, 171, 171, 171, 171, 171, 171, 171, 171, 171, 171, 171, 171, 171, 171, 171, 171, 171, 171, 171, 171, 171, 171, 171, 171, 171, 171, 171, 171, 171, 171, 171, 171, 171, 171, 171, 171, 171, 171, 171, 171, 171, 171, 171, 171, 171, 171, 171, 171, 171, 171, 171, 171, 171, 171, 171, 171, 171, 171, 171, 171, 171, 171, 171, 171, 171, 171, 171, 171, 171, 171, 171, 171, 171, 171, 171, 171, 171, 171, 171, 171, 171, 171, 171, 171, 171, 171, 171, 171, 171, 171, 171, 171, 171, 171, 171, 171, 171, 171, 171, 171, 171, 171, 171, 171, 171, 171]

ep166
Train step Loss: [2.0164647102355957, 1.785020351409912, 2.180536985397339, 2.024352550506592, 2.1327624320983887, 2.0782852172851562, 2.2291204929351807, 2.0846657752990723, 2.6491549015045166, 2.1904587745666504, 2.3811707496643066, 1.7486234903335571, 2.143110513687134, 2.011925458908081, 1.9768469333648682, 1.7163602113723755, 2.2220938205718994, 1.8485100269317627, 2.0740673542022705, 1.7790162563323975, 1.7439110279083252, 1.7798889875411987, 2.1296515464782715, 2.5334713459014893, 2.1141347885131836, 1.8933695554733276, 2.629500150680542, 1.6108980178833008, 1.9141716957092285, 2.5245602130889893, 1.9195492267608643, 1.9038760662078857, 2.161926746368408, 1.9705876111984253, 2.5031416416168213, 1.9118674993515015, 1.5023279190063477, 1.76792311668396, 2.6007747650146484, 2.3854265213012695, 1.9875316619873047, 2.1932475566864014, 1.9984492063522339, 1.992919683456421, 1.4102188348770142, 1.7971150875091553, 1.8711374998092651, 1.9448530673980713, 2.11160945892334, 2.1273722648620605, 1.7222535610198975, 2.0212748050689697, 1.4305033683776855, 1.9188462495803833, 1.6775269508361816, 2.179917097091675, 1.9169284105300903, 1.5295157432556152, 1.5161994695663452, 1.5542728900909424, 1.8718270063400269, 2.15116024017334, 1.6825296878814697]
val step Loss: [1.404263973236084, 1.0986226797103882, 1.5810428857803345, 1.4211795330047607, 1.899212121963501, 1.5002366304397583, 1.625505805015564, 1.2638640403747559, 1.3930188417434692, 1.3016018867492676, 1.3206517696380615, 1.1806713342666626, 1.602028727531433, 1.1157962083816528, 1.3251508474349976, 1.1742489337921143]
Train step Accs: [0.5679327428314067, 0.6239123912391239, 0.5187080833039182, 0.568019508796377, 0.5256771016531833, 0.5431797375648459, 0.5159109645507007, 0.5491694352159469, 0.3985171455050973, 0.5365384615384615, 0.46673336668334164, 0.6242255266418835, 0.5547570692079362, 0.5729977116704805, 0.5590622182146078, 0.6390218878248974, 0.5178961519072425, 0.6014925373134329, 0.5404320987654321, 0.624798947214505, 0.627405585298799, 0.6085155732273029, 0.52783203125, 0.4878587196467991, 0.5652232564413867, 0.5849587773979489, 0.44989870656069814, 0.6698766683561412, 0.5886514369933677, 0.4399731723675386, 0.5787091366303436, 0.5900197178826028, 0.5362661840456634, 0.5813216656608329, 0.4624192601291838, 0.5844195675509891, 0.6934663138611846, 0.6220793476556374, 0.4416748126425546, 0.500499215518471, 0.5503315250150693, 0.5462478184991274, 0.5631751227495908, 0.5873802444664684, 0.7215031966318416, 0.6404773744405768, 0.600754840827043, 0.5949033391915641, 0.543398533007335, 0.546045151859672, 0.6370474847202633, 0.5661007110724133, 0.7156524466750314, 0.5832451499118165, 0.6480732007742389, 0.5242914979757085, 0.5829284094590217, 0.674435542607429, 0.7079924480805538, 0.6656891495601173, 0.6052311435523114, 0.542910447761194, 0.6458261765716249]
val step Accs: [0.7114359885230223, 0.790384091528194, 0.6688147940599608, 0.7151445748640137, 0.6020506247997437, 0.6976220627550302, 0.672972972972973, 0.7518148198876866, 0.7263003075277443, 0.7389957402865626, 0.7544187383244719, 0.7791066634122529, 0.6788508227677367, 0.7950225112556278, 0.7460074102465823, 0.7731642462671303]
Preds: [17, 17, 287, 287, 284, 284, 111, 85, 85, 330, 388, 116, 116, 212, 34, 242, 359, 250, 250, 217, 217, 217, 473, 473, 398, 290, 171, 171, 246, 246, 246, 246, 246, 318, 77, 77, 77, 269, 433, 323, 54, 395, 219, 219, 213, 246, 246, 246, 246, 19, 19, 19, 454, 229, 229, 417, 170, 392, 392, 392, 392, 392, 392, 392, 392, 392, 244, 435, 289, 201, 289, 66, 66, 323, 323, 482, 106, 302, 274, 274, 122, 129, 129, 321, 75, 144, 445, 445, 351, 351, 403, 403, 290, 290, 290, 171, 434, 434, 434, 434, 434, 434, 246, 246, 19, 19, 143, 129, 401, 82, 75, 445, 445, 445, 180, 171, 171, 171, 416, 143, 458, 445, 445, 464, 464, 171, 171, 171, 301, 143, 129, 259, 75, 74, 183, 420, 213, 213, 213, 213, 246, 246, 246, 246, 246, 19, 117, 48, 197, 197, 197, 197, 197, 7, 188, 422, 31, 162, 162, 68, 68, 68, 68, 68, 115, 115, 267, 444, 286, 286, 286, 374, 374, 132, 42, 42, 42, 42, 42, 42, 147, 337, 337, 213, 213, 324, 246, 246, 143, 422, 422, 77, 323, 323, 219, 219, 219, 324, 464, 464, 464, 464, 180, 315, 315, 315, 315, 315, 450, 450, 450, 413, 303, 43, 43, 276, 276, 153, 182, 182, 182, 182, 182, 375, 98, 98, 98, 98, 233, 414, 170, 170, 392, 392, 392, 63, 63, 63, 63, 63, 63, 63, 63, 63, 63, 63, 63, 63, 63, 392, 73, 289, 320, 320, 320, 287, 287, 35, 443, 468, 499, 376, 376, 376, 460, 460, 169, 150, 150, 342, 224, 224, 494, 494, 494, 129, 36, 77, 66, 68, 115, 273, 273, 319, 319, 319, 388, 388, 348, 64, 64, 64, 64, 473, 473, 398, 324, 324, 464, 464, 464, 139, 319, 319, 282, 319, 203, 53, 53, 70, 70, 65, 46, 46, 46, 438, 438, 175, 175, 81, 81, 324, 324, 301, 301, 339, 10, 479, 398, 398, 464, 464, 464, 464, 486, 376, 376, 460, 460, 263, 263, 78, 170, 170, 170, 170, 392, 392, 392, 392, 63, 63, 63, 63, 63, 63, 63, 63, 63, 63, 63, 63, 63, 63, 63, 63, 63, 73, 392, 244, 289, 289, 321, 7, 309, 479, 473, 331, 290, 171, 171, 171, 171, 434, 434, 434, 3, 3, 14, 14, 14, 287, 287, 145, 111, 450, 450, 43, 43, 43, 182, 182, 43, 88, 109, 109, 207, 207, 324, 324, 324, 301, 8, 32, 239, 239, 75, 354, 371, 420, 213, 213, 246, 246, 19, 19, 454, 129, 401, 401, 401, 80, 80, 320, 321, 354, 380, 380, 499, 499, 288, 288, 288, 120, 120, 120, 282, 282, 37, 37, 37, 77, 77, 233, 310, 310, 107, 107, 107, 338, 338, 447, 447, 233, 17, 351, 403, 403, 403, 403, 403, 403, 403, 403, 403, 403, 403, 403, 403, 403, 403, 403, 403, 403, 403, 403, 403, 403, 403, 403, 403, 403, 403, 403, 403, 403, 403, 403, 403, 403, 403, 403, 403, 403, 403, 403, 403, 403, 403, 403, 403, 403, 403, 403, 403, 403, 403, 403, 403, 403, 403, 403, 403, 403, 403, 403, 403, 403, 403, 403, 403, 403, 403, 403, 403, 403, 403, 403, 403, 403, 403, 403, 403, 403, 403, 403, 403, 403, 403, 403, 403, 403, 403, 403, 403, 403, 403, 403, 403, 403, 403, 403, 403, 403, 403, 403, 403, 403, 403, 403, 403, 403, 403, 403, 403, 403, 403, 403, 403, 403, 403, 403, 403, 403, 403, 403, 403, 403, 403, 403, 403, 403, 403, 403, 403, 403, 403, 403, 403, 403]

ep167
Train step Loss: [1.9551666975021362, 1.5817692279815674, 2.326864242553711, 2.167431354522705, 1.7093263864517212, 2.297318935394287, 2.2232203483581543, 1.856966257095337, 2.0413424968719482, 2.2663047313690186, 1.9870545864105225, 2.7397990226745605, 2.0437090396881104, 2.4171276092529297, 1.9901281595230103, 1.879171371459961, 1.9303810596466064, 1.7703278064727783, 2.137753486633301, 1.96328866481781, 1.8125606775283813, 1.4489625692367554, 1.5802271366119385, 1.7631839513778687, 1.936546802520752, 1.9549921751022339, 1.5897390842437744, 2.0935840606689453, 1.8307551145553589, 1.964927077293396, 2.024817943572998, 2.089139699935913, 2.1697194576263428, 2.590437173843384, 1.7877895832061768, 2.529801845550537, 2.068636178970337, 1.953452229499817, 1.9847220182418823, 1.7907953262329102, 1.849774956703186, 1.8515933752059937, 2.2285068035125732, 1.753880262374878, 2.190401077270508, 1.5199068784713745, 1.9406019449234009, 2.2197165489196777, 1.8260059356689453, 1.799195408821106, 2.178976058959961, 2.679002285003662, 1.7733137607574463, 2.0825095176696777, 1.456728458404541, 1.569746494293213, 1.6313167810440063, 1.6559795141220093, 2.2548675537109375, 1.8466532230377197, 1.7081212997436523, 1.8823965787887573, 2.5083491802215576]
val step Loss: [1.4408701658248901, 1.5698655843734741, 1.2684166431427002, 1.5921235084533691, 1.6037007570266724, 1.5232741832733154, 1.587483286857605, 1.621570110321045, 0.9564324617385864, 1.0605247020721436, 1.2328556776046753, 1.3519195318222046, 1.1299443244934082, 1.5805273056030273, 1.0987612009048462, 1.1016136407852173]
Train step Accs: [0.5861754513952216, 0.6791902243297465, 0.5268495428096426, 0.5603303471444568, 0.6415167343780228, 0.48942869995501576, 0.5242935906271536, 0.5994426518040481, 0.5405323653962493, 0.5055768005098789, 0.569390402075227, 0.4109241452991453, 0.5790010193679919, 0.4798817539825916, 0.5621875, 0.6145523397349202, 0.5834007442161463, 0.646677471636953, 0.5378386336866903, 0.5689743153597551, 0.6093308982234766, 0.7082037006713607, 0.6671740935510656, 0.6252672843905915, 0.5741775294847921, 0.5938844499078058, 0.6938606652325005, 0.5689582454660481, 0.6107573726541555, 0.5724587912087912, 0.5624204722182949, 0.5286093888396811, 0.5183622441006407, 0.42440697342097744, 0.6196439348219674, 0.4639584605986561, 0.5683301005113737, 0.5769484808454426, 0.5659587197128327, 0.6262566528681254, 0.6227576503693282, 0.5860597439544808, 0.505359394703657, 0.6327901658090337, 0.522536524712465, 0.6883835279655808, 0.5827628576443742, 0.5047605097407353, 0.619651615085405, 0.6113971850326124, 0.5382013835511146, 0.4259548487860287, 0.620095020235791, 0.5303263283786093, 0.6996191685179308, 0.6650674662668665, 0.6623535583143906, 0.648347272003186, 0.4953560371517028, 0.6003597122302158, 0.6319516407599309, 0.6019007391763463, 0.47665847665847666]
val step Accs: [0.7070241416959845, 0.6811290521385431, 0.7560579396236632, 0.6658333333333334, 0.6619986403806934, 0.6833056017748197, 0.6767068273092369, 0.6587491215741391, 0.8333807222064259, 0.8069983597594313, 0.766438781852082, 0.73704832390074, 0.7837686043246279, 0.6839160839160839, 0.798082267926626, 0.8062792251169004]
Preds: [17, 309, 479, 479, 331, 278, 443, 443, 271, 169, 150, 478, 54, 54, 224, 224, 273, 273, 273, 494, 494, 116, 264, 468, 468, 468, 468, 468, 467, 337, 337, 337, 337, 328, 434, 339, 33, 10, 309, 479, 331, 331, 331, 84, 84, 84, 426, 426, 426, 16, 375, 375, 375, 375, 98, 98, 98, 263, 13, 13, 13, 414, 102, 102, 442, 187, 187, 187, 187, 187, 187, 12, 12, 12, 12, 12, 12, 12, 12, 12, 2, 2, 2, 2, 244, 63, 73, 63, 73, 63, 63, 63, 63, 73, 244, 73, 7, 7, 7, 7, 7, 7, 7, 7, 354, 420, 420, 213, 213, 213, 213, 213, 213, 213, 246, 246, 246, 246, 246, 246, 246, 246, 246, 3, 3, 3, 188, 188, 188, 143, 143, 301, 143, 143, 8, 259, 354, 354, 109, 109, 278, 278, 171, 171, 171, 171, 171, 171, 246, 246, 246, 246, 246, 246, 246, 246, 422, 186, 338, 338, 338, 338, 338, 338, 400, 400, 400, 400, 213, 324, 324, 464, 464, 434, 434, 339, 143, 77, 77, 478, 232, 54, 172, 395, 395, 400, 286, 286, 464, 464, 464, 264, 264, 443, 315, 315, 315, 282, 282, 282, 282, 282, 203, 203, 203, 43, 43, 43, 43, 43, 276, 182, 182, 182, 182, 182, 182, 182, 182, 182, 182, 497, 497, 81, 167, 405, 275, 275, 59, 59, 59, 406, 406, 406, 406, 406, 134, 134, 302, 302, 375, 375, 375, 375, 122, 58, 465, 186, 196, 196, 309, 479, 398, 398, 464, 464, 464, 84, 84, 88, 88, 43, 43, 43, 43, 43, 276, 153, 174, 174, 387, 426, 319, 413, 348, 348, 348, 64, 219, 398, 398, 464, 464, 464, 365, 120, 120, 282, 282, 282, 282, 263, 263, 263, 263, 414, 414, 414, 414, 187, 187, 187, 187, 187, 187, 2, 2, 392, 392, 392, 392, 392, 392, 73, 244, 73, 73, 75, 75, 310, 323, 323, 323, 342, 196, 106, 106, 106, 153, 153, 153, 424, 182, 182, 182, 182, 182, 182, 182, 182, 182, 182, 182, 497, 497, 497, 122, 122, 122, 368, 310, 310, 323, 323, 115, 273, 106, 106, 106, 481, 387, 387, 293, 293, 293, 175, 81, 35, 207, 188, 324, 324, 324, 301, 143, 143, 35, 259, 354, 354, 345, 109, 109, 109, 355, 355, 355, 355, 376, 376, 376, 376, 376, 376, 376, 376, 376, 486, 460, 460, 460, 460, 169, 35, 259, 75, 354, 114, 180, 486, 486, 486, 460, 460, 169, 150, 150, 168, 168, 168, 183, 351, 486, 486, 486, 460, 240, 240, 240, 368, 168, 168, 168, 371, 324, 324, 324, 464, 464, 464, 378, 88, 88, 375, 375, 98, 98, 13, 417, 129, 259, 208, 441, 441, 441, 100, 100, 100, 182, 182, 375, 98, 98, 98, 48, 170, 170, 170, 170, 170, 170, 170, 170, 28, 28, 28, 63, 63, 63, 63, 392, 63, 63, 63, 73, 2, 2, 2, 2, 63, 63, 63, 63, 63, 63, 63, 63, 63, 63, 73, 73, 73, 73, 73, 73, 244, 321, 321, 287, 287, 287, 287, 284, 284, 284, 284, 284, 284, 450, 450, 450, 450, 450, 88, 88, 43, 276, 174, 174, 174, 387, 387, 387, 250, 250, 248, 248, 394, 32, 239, 354, 219, 398, 398, 464, 171, 171, 171, 171, 171, 171, 246, 252, 143, 310, 310, 338, 107, 107, 447, 400, 400, 400, 30, 477, 477, 374, 374, 374, 132, 132, 274, 186, 186, 186, 162, 482, 482, 482, 482, 482, 482, 482, 115, 273, 273, 106, 106, 424, 424, 293, 497, 497, 122, 122, 75, 310, 107, 445, 107]

ep168
Train step Loss: [2.599748134613037, 1.7757048606872559, 1.8629684448242188, 1.576358437538147, 1.9338676929473877, 1.740440845489502, 2.3588242530822754, 2.27912974357605, 1.8581762313842773, 1.9271548986434937, 2.33980131149292, 2.4664127826690674, 1.707804799079895, 1.9066087007522583, 2.1095478534698486, 2.289529323577881, 1.874287486076355, 1.996088981628418, 2.181502342224121, 1.8298845291137695, 1.5398368835449219, 2.035994291305542, 1.5622996091842651, 2.289186954498291, 2.0620923042297363, 1.7719653844833374, 1.8849968910217285, 1.7383352518081665, 2.2759974002838135, 2.006197214126587, 1.8216577768325806, 2.5732648372650146, 1.696262001991272, 2.0075080394744873, 2.0378754138946533, 2.0376193523406982, 1.7499260902404785, 1.785719633102417, 1.6226950883865356, 2.2512166500091553, 1.6605545282363892, 1.952696681022644, 1.4282208681106567, 2.4102511405944824, 1.9446519613265991, 1.719428539276123, 1.9502394199371338, 1.7952066659927368, 2.255932092666626, 1.7106338739395142, 1.6833081245422363, 1.4809660911560059, 2.556710958480835, 2.4656152725219727, 1.7624422311782837, 1.927164077758789, 2.312253952026367, 2.476680278778076, 1.9851529598236084, 1.5738909244537354, 1.912602424621582, 2.044537305831909, 2.4077911376953125]
val step Loss: [1.5711225271224976, 1.4543209075927734, 1.2517818212509155, 1.3645575046539307, 1.4021679162979126, 1.6853954792022705, 1.2581216096878052, 0.9810255765914917, 1.4787616729736328, 1.5049818754196167, 1.4792046546936035, 1.4634616374969482, 1.228348970413208, 1.0751534700393677, 1.4118244647979736, 1.4445688724517822]
Train step Accs: [0.4386814560224965, 0.6134101623886852, 0.60060286360211, 0.6830108232207281, 0.5688158710477371, 0.6297502714440825, 0.48344869094191995, 0.5053314121037464, 0.5931005818786368, 0.5760425909494232, 0.5227425876010782, 0.459718026183283, 0.6425551192993053, 0.6039047478183701, 0.5488002355365817, 0.496683861459101, 0.6003105590062112, 0.564881474978051, 0.5672465707594513, 0.607871198568873, 0.6841620626151013, 0.5755455605530568, 0.6696208764155588, 0.5187797025908324, 0.5409559196081742, 0.6418807270542286, 0.5891038696537678, 0.6489838098518773, 0.5138646807162098, 0.5667536988685814, 0.6135517498138496, 0.4282094594594595, 0.6366649223792081, 0.5433796856106409, 0.5582417582417583, 0.5508389261744966, 0.6250415696707682, 0.6242875931608943, 0.6529116853065947, 0.5006816632583504, 0.6604207758053912, 0.5701275045537341, 0.7098158412301091, 0.49752339020363234, 0.5887778631821675, 0.640775217457653, 0.5868314150304672, 0.6066427873656789, 0.5067085355409648, 0.6427347765145616, 0.6414773605316025, 0.6942043361201644, 0.4316645979864846, 0.46265625, 0.628680981595092, 0.5754479097544791, 0.5152102594691321, 0.43431771894093685, 0.5748839825622275, 0.6879558797367017, 0.5811660717321094, 0.5672987667418115, 0.5092796476879522]
val step Accs: [0.6733242134062928, 0.7019423978566645, 0.7558556076054009, 0.7366609294320138, 0.7181347150259068, 0.6489140960022133, 0.7602308499475341, 0.8330566753616315, 0.7048109010011123, 0.6980041293874741, 0.6991803278688524, 0.7114788004136504, 0.7650198439852196, 0.8054105363075462, 0.7086614173228346, 0.708418471597875]
Preds: [17, 287, 100, 387, 387, 98, 98, 35, 129, 129, 129, 401, 414, 458, 144, 27, 437, 426, 426, 426, 426, 426, 426, 426, 167, 263, 263, 414, 414, 414, 414, 414, 414, 414, 244, 244, 244, 7, 7, 7, 473, 109, 286, 286, 286, 286, 264, 264, 468, 468, 468, 406, 406, 467, 337, 337, 337, 171, 171, 171, 171, 3, 3, 3, 3, 3, 3, 197, 197, 197, 196, 196, 479, 398, 398, 360, 360, 116, 33, 33, 465, 309, 479, 331, 374, 374, 132, 153, 182, 182, 182, 182, 98, 98, 43, 8, 197, 321, 100, 100, 100, 497, 497, 43, 8, 129, 259, 144, 27, 27, 106, 106, 284, 426, 426, 426, 206, 206, 285, 285, 467, 467, 406, 406, 406, 467, 467, 134, 134, 100, 375, 375, 98, 98, 98, 48, 13, 263, 263, 13, 414, 414, 170, 170, 170, 47, 47, 47, 47, 80, 80, 80, 80, 289, 320, 320, 7, 309, 479, 331, 324, 324, 422, 143, 143, 458, 183, 144, 27, 351, 180, 486, 315, 319, 319, 282, 388, 348, 348, 64, 212, 76, 465, 354, 420, 464, 324, 464, 464, 464, 180, 355, 376, 460, 460, 263, 263, 13, 229, 229, 229, 82, 312, 312, 312, 292, 292, 292, 292, 292, 23, 23, 23, 23, 23, 391, 149, 391, 391, 391, 391, 244, 73, 73, 73, 244, 209, 287, 287, 111, 111, 460, 460, 178, 35, 35, 77, 232, 232, 68, 232, 172, 115, 267, 267, 267, 267, 324, 246, 246, 246, 19, 454, 197, 197, 197, 197, 197, 197, 7, 196, 473, 331, 443, 443, 443, 330, 330, 143, 76, 76, 36, 259, 310, 107, 395, 395, 106, 106, 88, 88, 88, 405, 405, 405, 405, 206, 206, 206, 206, 240, 240, 35, 35, 36, 77, 342, 342, 172, 115, 267, 267, 267, 444, 213, 324, 246, 3, 301, 197, 197, 197, 197, 197, 414, 82, 209, 287, 100, 100, 182, 182, 182, 182, 182, 182, 182, 182, 182, 387, 387, 206, 206, 122, 122, 239, 239, 401, 401, 259, 75, 371, 371, 106, 171, 171, 171, 171, 385, 239, 239, 32, 239, 354, 473, 264, 264, 264, 290, 264, 264, 264, 264, 264, 468, 468, 94, 199, 41, 41, 41, 19, 19, 454, 454, 454, 414, 414, 170, 170, 170, 170, 170, 187, 126, 292, 292, 408, 408, 408, 408, 408, 149, 73, 244, 73, 244, 287, 83, 287, 284, 284, 460, 240, 240, 35, 77, 77, 77, 68, 68, 342, 342, 224, 494, 267, 444, 324, 324, 324, 301, 3, 14, 14, 14, 14, 226, 411, 411, 100, 424, 424, 424, 43, 43, 43, 32, 32, 239, 208, 208, 100, 100, 100, 497, 497, 98, 98, 98, 48, 170, 170, 170, 170, 170, 170, 244, 80, 244, 209, 287, 100, 481, 481, 98, 98, 458, 129, 129, 401, 82, 144, 441, 441, 441, 346, 346, 405, 206, 206, 263, 263, 17, 188, 403, 171, 171, 171, 171, 171, 171, 171, 171, 171, 403, 403, 403, 403, 403, 403, 403, 403, 403, 403, 403, 403, 403, 403, 403, 403, 403, 403, 403, 403, 403, 403, 403, 403, 403, 403, 403, 403, 403, 403, 403, 403, 403, 403, 403, 403, 171, 171, 171, 171, 171, 171, 171, 171, 171, 171, 171, 171, 171, 171, 171, 171, 171, 171, 171, 171, 171, 171, 171, 171, 171, 171, 171, 171, 171, 171, 171, 171, 171, 171, 171, 171, 171, 171, 171, 171, 171, 171, 171, 171, 171, 171, 171, 171, 171, 171, 171, 171, 171, 171, 171, 171, 171, 171, 171, 171, 171, 171, 171, 171, 171, 171, 171, 171, 171, 171]

ep169
Train step Loss: [1.8230962753295898, 1.9829195737838745, 2.3823060989379883, 2.388266086578369, 1.6017400026321411, 2.341989040374756, 1.7471038103103638, 2.1087143421173096, 1.5837105512619019, 1.488956332206726, 1.7952560186386108, 2.1002092361450195, 1.9092789888381958, 2.1806674003601074, 1.7799077033996582, 2.188920736312866, 2.1208057403564453, 2.103062152862549, 1.582500696182251, 2.47169828414917, 2.308243989944458, 1.9915226697921753, 1.9894973039627075, 1.8140392303466797, 1.9318755865097046, 1.8848851919174194, 1.553097128868103, 2.1804933547973633, 1.8522334098815918, 2.114297866821289, 2.0414650440216064, 2.0088107585906982, 1.2807588577270508, 2.421999454498291, 2.195927143096924, 2.0250303745269775, 1.3744655847549438, 2.171581268310547, 1.8155856132507324, 1.9486138820648193, 2.0922532081604004, 1.9865399599075317, 1.6092168092727661, 2.2615132331848145, 1.6035832166671753, 2.224673271179199, 2.164715528488159, 1.881300926208496, 1.9812794923782349, 1.7252190113067627, 1.8260034322738647, 1.7217732667922974, 2.0715270042419434, 1.7204139232635498, 1.6263245344161987, 2.362116813659668, 1.8640798330307007, 1.4206607341766357, 2.000239133834839, 2.4360547065734863, 1.8640543222427368, 1.986330509185791, 2.3760085105895996]
val step Loss: [1.4791311025619507, 1.2956981658935547, 1.193430781364441, 1.2198542356491089, 1.833734393119812, 1.515235424041748, 1.2360049486160278, 1.4900379180908203, 1.09856116771698, 1.396020770072937, 1.5413016080856323, 1.1551588773727417, 1.5158931016921997, 1.2611467838287354, 1.4558422565460205, 0.8853521943092346]
Train step Accs: [0.6109863534289169, 0.5612513551184761, 0.5058428045461821, 0.48000969227041435, 0.6564051638530288, 0.5142215568862275, 0.6334256694367497, 0.5267001369237791, 0.6646734854445319, 0.7002262443438914, 0.6155202821869489, 0.5347089167280766, 0.5928374655647383, 0.5167464114832536, 0.6147335423197492, 0.5148084974414638, 0.5393003180372558, 0.5361454545454546, 0.6965182457315032, 0.46235011990407676, 0.5113652018184323, 0.568905760026407, 0.558219740515684, 0.6094466523998777, 0.5691303687964789, 0.5850710184345724, 0.6685376213592233, 0.5137230578384245, 0.6046362909672263, 0.5630601792573624, 0.5585018230029831, 0.5673794132272502, 0.7531158357771262, 0.46002298473157116, 0.5056827027868597, 0.5458754930543646, 0.7366233766233766, 0.5350715601530396, 0.640148830616584, 0.5824407039020658, 0.5624009857419469, 0.5938032005447735, 0.6708196721311476, 0.5003153579312519, 0.6719855486978774, 0.5233545647558386, 0.5122337363270005, 0.5961538461538461, 0.5920774115512549, 0.647408287538987, 0.6037063435495367, 0.647651526895055, 0.5560975609756098, 0.6378246753246753, 0.65072, 0.47144556811421773, 0.5937609533824045, 0.7067206477732794, 0.5691363192409655, 0.4809146877748461, 0.6122032911023737, 0.5718249075215783, 0.45991695943787925]
val step Accs: [0.7074203187250996, 0.745754716981132, 0.7717211263363951, 0.7623096446700508, 0.6113567283780049, 0.6907053584255136, 0.7655737704918033, 0.6995777446597119, 0.7929491525423729, 0.722995617427172, 0.683841381170758, 0.7927600592114117, 0.6874081986914141, 0.7587537910118556, 0.7058246989638757, 0.851592229120769]
Preds: [17, 17, 486, 486, 460, 460, 169, 178, 35, 35, 259, 208, 208, 441, 100, 153, 153, 497, 122, 129, 129, 129, 458, 208, 208, 437, 346, 346, 405, 405, 206, 98, 263, 263, 263, 13, 13, 414, 249, 249, 249, 249, 249, 249, 201, 249, 249, 237, 237, 170, 28, 249, 20, 201, 249, 82, 28, 40, 289, 40, 435, 435, 435, 102, 102, 101, 101, 101, 21, 21, 23, 260, 391, 391, 391, 321, 289, 20, 320, 287, 287, 287, 111, 111, 460, 169, 169, 99, 338, 338, 338, 338, 338, 338, 400, 400, 400, 444, 213, 213, 213, 246, 246, 246, 246, 246, 246, 422, 99, 99, 338, 338, 338, 338, 338, 400, 400, 400, 485, 286, 286, 286, 374, 374, 374, 132, 132, 134, 132, 132, 132, 132, 132, 132, 132, 132, 132, 132, 132, 132, 132, 132, 197, 197, 197, 197, 197, 197, 197, 414, 414, 414, 82, 354, 420, 213, 213, 213, 213, 246, 246, 434, 434, 374, 132, 132, 43, 43, 43, 250, 364, 276, 346, 174, 480, 480, 480, 480, 282, 282, 282, 282, 388, 303, 303, 217, 473, 473, 398, 324, 464, 301, 422, 129, 401, 197, 7, 7, 354, 276, 109, 265, 428, 428, 428, 146, 207, 207, 207, 3, 3, 3, 454, 197, 197, 197, 197, 197, 197, 7, 79, 380, 236, 236, 236, 236, 374, 374, 42, 42, 42, 42, 132, 132, 132, 132, 132, 132, 132, 399, 196, 479, 479, 331, 134, 153, 98, 76, 465, 197, 7, 217, 473, 473, 398, 213, 324, 324, 324, 246, 19, 19, 454, 454, 454, 454, 229, 229, 82, 126, 126, 126, 126, 292, 292, 292, 23, 23, 23, 23, 23, 23, 391, 391, 391, 391, 321, 392, 392, 392, 83, 287, 287, 319, 319, 319, 203, 348, 250, 250, 250, 276, 174, 109, 109, 403, 171, 324, 324, 324, 464, 301, 251, 251, 251, 251, 241, 241, 431, 486, 319, 319, 330, 388, 348, 348, 466, 250, 199, 199, 199, 290, 290, 290, 171, 324, 324, 3, 301, 301, 8, 129, 259, 259, 354, 354, 106, 284, 405, 206, 240, 240, 35, 35, 77, 68, 342, 224, 25, 25, 485, 152, 374, 374, 374, 153, 153, 153, 182, 43, 43, 43, 276, 346, 346, 346, 428, 428, 146, 330, 388, 388, 94, 199, 398, 398, 339, 199, 116, 94, 94, 199, 134, 153, 43, 43, 43, 276, 276, 276, 153, 387, 387, 387, 387, 240, 240, 239, 35, 77, 224, 336, 188, 287, 145, 411, 287, 497, 497, 497, 293, 497, 122, 122, 36, 323, 168, 224, 494, 494, 416, 416, 144, 27, 180, 443, 330, 388, 94, 199, 199, 464, 464, 464, 120, 330, 368, 368, 453, 453, 168, 168, 494, 278, 99, 338, 436, 436, 60, 395, 106, 199, 426, 426, 413, 94, 212, 212, 76, 239, 107, 107, 395, 485, 485, 286, 464, 139, 496, 496, 496, 496, 274, 8, 129, 129, 144, 208, 441, 437, 153, 426, 426, 372, 396, 348, 199, 250, 303, 98, 98, 98, 98, 197, 414, 320, 7, 473, 264, 264, 264, 286, 468, 468, 406, 406, 337, 337, 19, 324, 454, 454, 414, 170, 229, 312, 187, 170, 47, 47, 47, 28, 28, 187, 244, 187, 187, 187, 12, 40, 40, 12, 2, 392, 435, 435, 435, 392, 73, 73, 73, 320, 320, 7, 324, 324, 116, 199, 116, 94, 331, 331, 331, 153, 153, 387, 387, 387, 497, 43, 8, 129, 458, 208, 441, 106, 106, 387, 372, 372, 406, 406, 406, 413, 303, 98, 98, 98, 98, 98, 414, 414, 47, 244, 244, 244, 392, 47, 47, 47]

ep170
Train step Loss: [1.967025876045227, 1.7107419967651367, 2.0723602771759033, 1.9769563674926758, 2.164011240005493, 2.2839772701263428, 2.6237893104553223, 2.231872797012329, 1.740942120552063, 1.4029189348220825, 2.349203109741211, 1.7787137031555176, 1.6085951328277588, 1.6908056735992432, 2.4138245582580566, 1.7146096229553223, 1.6250334978103638, 2.0967884063720703, 2.1399002075195312, 2.037574052810669, 2.2162861824035645, 2.221670627593994, 2.5588724613189697, 2.0735015869140625, 1.908857822418213, 2.224208354949951, 2.1656200885772705, 2.3697872161865234, 2.0282161235809326, 1.887658953666687, 2.2534360885620117, 1.874258041381836, 2.102099657058716, 1.5762896537780762, 2.1955783367156982, 1.6937437057495117, 2.2965805530548096, 2.003523826599121, 1.6456904411315918, 2.1111884117126465, 2.0541820526123047, 1.604079246520996, 1.3869976997375488, 1.8066941499710083, 2.181772232055664, 2.075451135635376, 2.023366689682007, 1.448594331741333, 1.5671380758285522, 1.7271071672439575, 2.073263168334961, 2.4736974239349365, 2.40159273147583, 1.858821988105774, 1.993018627166748, 1.7463725805282593, 1.4605052471160889, 1.7927569150924683, 1.9323351383209229, 1.6891472339630127, 1.1670931577682495, 2.0512123107910156, 1.394741415977478]
val step Loss: [1.0977206230163574, 1.2852733135223389, 1.3277908563613892, 1.7252446413040161, 1.304579257965088, 1.4256079196929932, 1.366477608680725, 1.2176889181137085, 1.1598162651062012, 1.217099905014038, 1.3336020708084106, 1.6564100980758667, 1.3031452894210815, 1.0640093088150024, 1.5354764461517334, 2.1083104610443115]
Train step Accs: [0.573587907716786, 0.6377708978328174, 0.5610661268556005, 0.5798319327731093, 0.521259842519685, 0.516235294117647, 0.4338235294117647, 0.5053947368421052, 0.6361714975845411, 0.720824664270853, 0.4911742133537989, 0.6227409638554217, 0.6563477173233271, 0.6361280769942624, 0.44676833696441537, 0.6574326960593055, 0.6585718880669026, 0.542188058634251, 0.538004569687738, 0.550464807436919, 0.5084861992113835, 0.5068303648625281, 0.43901628447989366, 0.5490196078431373, 0.5944002447980417, 0.5046594982078854, 0.5110146862483311, 0.5184316353887399, 0.5733058898036733, 0.6009089378892443, 0.5294206170052671, 0.596728307254623, 0.5266443361753959, 0.6617004048582996, 0.5163389446880747, 0.6441920117259069, 0.4947111472742067, 0.5874321179208689, 0.6546555639666919, 0.567008547008547, 0.5574840322132741, 0.6628921193573069, 0.7228112693123296, 0.6051323175621491, 0.5113422915763618, 0.5415896487985212, 0.5740088780039798, 0.703318474492323, 0.6683105313394846, 0.6305533904910366, 0.54639475600874, 0.44646959718180423, 0.47836990595611284, 0.602555910543131, 0.5614421356818494, 0.625845366477792, 0.7026982829108749, 0.6075862068965517, 0.5975687779910429, 0.6557459677419355, 0.7788301761382519, 0.5430210325047801, 0.7037630104083267]
val step Accs: [0.8075206276207223, 0.7536780772032047, 0.7412280701754386, 0.6374692715745892, 0.7486732888828412, 0.7127079174983366, 0.7286393618653167, 0.7552286167604212, 0.781465746149761, 0.7716447531629869, 0.7380634835956255, 0.6543262411347518, 0.7401840093300506, 0.8024526792855239, 0.6918103448275862, 0.5429357021996616]
Preds: [17, 309, 479, 479, 398, 278, 17, 17, 465, 77, 77, 54, 142, 168, 183, 351, 351, 494, 26, 468, 468, 468, 468, 467, 337, 337, 337, 337, 434, 339, 339, 94, 479, 331, 331, 84, 84, 84, 426, 426, 16, 375, 375, 375, 98, 98, 98, 98, 13, 13, 414, 259, 170, 187, 187, 442, 442, 187, 12, 2, 2, 244, 12, 12, 12, 2, 2, 2, 2, 244, 63, 63, 63, 244, 73, 73, 73, 73, 320, 320, 320, 7, 7, 7, 7, 219, 420, 420, 213, 213, 213, 213, 213, 213, 246, 246, 246, 246, 246, 246, 246, 3, 3, 3, 464, 188, 422, 143, 301, 216, 259, 354, 109, 109, 109, 403, 171, 171, 171, 171, 171, 246, 246, 246, 246, 246, 324, 422, 186, 99, 338, 338, 338, 338, 338, 400, 400, 400, 30, 464, 171, 171, 252, 252, 143, 36, 310, 310, 54, 107, 395, 395, 485, 286, 286, 464, 180, 365, 315, 315, 315, 315, 282, 282, 282, 282, 282, 413, 413, 43, 43, 43, 276, 138, 138, 138, 182, 182, 182, 182, 182, 182, 182, 426, 282, 282, 282, 282, 303, 303, 94, 199, 331, 84, 302, 302, 496, 375, 375, 58, 186, 186, 29, 196, 196, 309, 398, 398, 464, 464, 264, 468, 406, 406, 88, 43, 43, 43, 276, 276, 174, 174, 387, 413, 348, 348, 33, 398, 398, 398, 398, 464, 464, 443, 355, 355, 282, 460, 263, 263, 263, 263, 414, 414, 414, 187, 187, 187, 187, 187, 47, 47, 244, 392, 392, 73, 73, 73, 244, 75, 75, 310, 310, 323, 377, 196, 106, 106, 374, 153, 153, 424, 182, 182, 182, 182, 182, 182, 182, 497, 497, 497, 497, 122, 122, 129, 368, 310, 323, 338, 183, 437, 106, 106, 481, 481, 139, 293, 81, 81, 299, 299, 146, 324, 324, 422, 301, 143, 259, 354, 345, 109, 109, 109, 355, 355, 355, 355, 355, 355, 355, 355, 355, 355, 355, 287, 460, 460, 169, 215, 35, 259, 354, 431, 265, 111, 428, 428, 438, 438, 368, 31, 168, 168, 351, 486, 486, 443, 443, 240, 240, 449, 449, 371, 324, 324, 324, 477, 464, 464, 132, 132, 132, 381, 465, 465, 465, 259, 441, 441, 100, 100, 100, 100, 100, 375, 98, 98, 98, 48, 13, 13, 414, 170, 170, 170, 170, 28, 28, 28, 28, 63, 63, 63, 63, 244, 2, 2, 2, 2, 2, 63, 63, 63, 63, 63, 63, 244, 73, 73, 73, 73, 244, 321, 412, 287, 287, 287, 287, 284, 284, 284, 284, 450, 450, 450, 450, 16, 43, 43, 276, 276, 174, 387, 497, 497, 43, 43, 43, 8, 239, 219, 219, 464, 464, 476, 171, 171, 171, 171, 252, 252, 143, 99, 99, 338, 338, 273, 219, 219, 30, 477, 477, 374, 374, 132, 132, 186, 186, 186, 162, 482, 482, 482, 482, 482, 115, 273, 273, 106, 106, 424, 497, 497, 122, 122, 259, 310, 445, 445, 445, 351, 213, 213, 213, 324, 324, 19, 19, 19, 454, 197, 259, 7, 7, 188, 398, 398, 464, 171, 171, 252, 143, 143, 8, 276, 345, 109, 109, 109, 284, 284, 376, 376, 206, 206, 206, 167, 167, 35, 411, 100, 100, 100, 375, 98, 98, 98, 233, 259, 259, 441, 441, 100, 100, 100, 481, 387, 375, 98, 98, 98, 98, 13, 414, 414, 170, 170, 170, 170, 28, 2, 2, 2, 244, 2, 244, 63, 63, 63, 244, 63, 63, 392, 63, 73, 244, 73, 73, 73, 321, 320, 320, 7, 7, 487, 374, 374, 374, 374, 374, 374, 132, 132, 274, 274, 88, 288, 337, 337]

ep171
Train step Loss: [1.455684781074524, 1.8285807371139526, 1.8792368173599243, 1.6853207349777222, 2.005128860473633, 1.9474618434906006, 2.3137147426605225, 1.886594295501709, 1.6301594972610474, 2.2539100646972656, 2.131215810775757, 2.2757270336151123, 1.669540286064148, 2.019446849822998, 1.7037969827651978, 2.202058792114258, 2.0554540157318115, 1.937312364578247, 2.0169975757598877, 2.0195984840393066, 2.2476730346679688, 1.9682847261428833, 1.9360288381576538, 1.6671624183654785, 2.073509454727173, 1.3425449132919312, 2.037184476852417, 2.491499900817871, 2.1545193195343018, 1.9711477756500244, 2.1314516067504883, 1.9413502216339111, 1.791908860206604, 1.778651475906372, 1.9695135354995728, 2.198106288909912, 2.072897434234619, 1.541595697402954, 2.0216147899627686, 1.8611061573028564, 1.8945077657699585, 2.428147554397583, 2.284804344177246, 1.9681905508041382, 2.1561906337738037, 1.9012418985366821, 1.9436126947402954, 1.7357605695724487, 2.0936951637268066, 2.097395658493042, 2.2908902168273926, 2.217437744140625, 1.7895880937576294, 2.0640032291412354, 1.5002740621566772, 1.3080050945281982, 2.125391960144043, 1.7403819561004639, 1.8452067375183105, 2.1390302181243896, 1.6180830001831055, 1.889293909072876, 2.2009313106536865]
val step Loss: [1.2695549726486206, 1.180441975593567, 1.4238964319229126, 1.5978655815124512, 1.1307604312896729, 1.2218059301376343, 1.590671420097351, 1.3052539825439453, 1.5592812299728394, 1.1949023008346558, 1.3315634727478027, 1.3841043710708618, 1.3819953203201294, 1.452460527420044, 1.0840001106262207, 1.4878371953964233]
Train step Accs: [0.7050399851218151, 0.598888238736103, 0.5921285140562249, 0.6400533536585366, 0.5434563758389261, 0.5700743765495114, 0.5036764705882353, 0.5919977054352502, 0.6510764662212324, 0.5073262730306107, 0.5369743837602706, 0.5182506307821699, 0.6345927791771621, 0.563740771123872, 0.6300112703268395, 0.511758860549851, 0.5505911465493538, 0.5831449790119471, 0.5644809659567331, 0.5534839924670433, 0.5376503542593508, 0.5574062095730918, 0.5831247765462996, 0.6494085112920571, 0.5730037346612129, 0.7311107388172223, 0.5526273758185594, 0.46344666569385673, 0.5401220084467386, 0.5807622504537205, 0.5263710312254002, 0.5933191186922531, 0.628062015503876, 0.6242729740209384, 0.6063795336787565, 0.5282356532356532, 0.5536664949338829, 0.6845060536936305, 0.5531147540983606, 0.6006181318681318, 0.5915925130408101, 0.4908896034297964, 0.5446828214230591, 0.5692947336002464, 0.5297507563751621, 0.5836762688614541, 0.6001989060169071, 0.6279486413854882, 0.566695427092321, 0.5375286791215995, 0.4926915694670013, 0.5209509658246657, 0.6172240512909375, 0.5363803118312442, 0.6950633464394932, 0.7470530451866405, 0.526706231454006, 0.621283255086072, 0.6082649306538352, 0.5169247636014801, 0.6708474576271186, 0.586697551290536, 0.525825346112886]
val step Accs: [0.7505720823798627, 0.7698380291275351, 0.7196782178217822, 0.663297718740976, 0.7914854356135494, 0.7689927278353705, 0.6662015071169411, 0.7546527186473665, 0.6805310933477848, 0.7691313711414214, 0.7428171878972795, 0.7335560123329907, 0.7284632173578123, 0.6926339601300721, 0.7979252522381697, 0.691764705882353]
Preds: [17, 17, 17, 284, 486, 486, 460, 460, 169, 150, 349, 234, 234, 234, 261, 25, 25, 242, 54, 399, 399, 53, 473, 473, 473, 398, 360, 360, 360, 360, 434, 434, 434, 339, 339, 216, 81, 398, 398, 324, 360, 360, 360, 360, 360, 360, 434, 434, 434, 434, 434, 19, 19, 454, 454, 454, 417, 414, 414, 414, 249, 249, 249, 82, 80, 80, 80, 320, 321, 188, 188, 188, 290, 171, 171, 171, 434, 339, 399, 53, 345, 345, 100, 497, 497, 497, 122, 285, 285, 34, 34, 34, 241, 431, 431, 139, 139, 139, 293, 175, 122, 216, 458, 445, 445, 180, 470, 403, 290, 290, 171, 434, 434, 434, 19, 19, 19, 19, 454, 454, 414, 414, 414, 414, 414, 414, 102, 414, 47, 47, 20, 20, 73, 244, 244, 321, 7, 7, 7, 309, 309, 309, 309, 398, 398, 360, 360, 360, 360, 360, 434, 434, 434, 434, 434, 434, 434, 434, 19, 19, 454, 454, 197, 197, 197, 197, 7, 321, 7, 219, 219, 219, 219, 451, 30, 30, 286, 286, 286, 468, 468, 468, 468, 467, 467, 180, 486, 315, 315, 315, 315, 315, 315, 315, 450, 450, 203, 203, 53, 250, 250, 250, 138, 138, 138, 345, 345, 387, 186, 186, 186, 349, 349, 234, 234, 234, 234, 261, 25, 25, 374, 374, 153, 153, 153, 182, 182, 98, 98, 98, 98, 197, 259, 259, 183, 183, 183, 183, 171, 171, 31, 422, 31, 31, 342, 342, 342, 342, 115, 273, 26, 26, 171, 171, 171, 171, 171, 171, 252, 422, 143, 478, 342, 342, 342, 115, 115, 273, 273, 486, 486, 486, 460, 460, 460, 169, 35, 35, 35, 441, 441, 100, 100, 424, 424, 182, 182, 182, 182, 182, 182, 182, 182, 182, 182, 375, 375, 98, 98, 98, 13, 13, 225, 321, 75, 437, 437, 437, 405, 405, 405, 206, 98, 98, 98, 98, 13, 13, 17, 83, 403, 403, 403, 403, 403, 403, 403, 403, 403, 403, 403, 403, 403, 403, 403, 403, 403, 403, 403, 403, 403, 403, 403, 403, 403, 403, 403, 403, 403, 403, 403, 403, 403, 403, 403, 403, 403, 403, 403, 403, 403, 403, 403, 403, 403, 403, 403, 403, 403, 403, 403, 403, 403, 403, 403, 403, 403, 403, 403, 403, 403, 403, 403, 403, 403, 403, 403, 403, 403, 403, 403, 403, 403, 403, 403, 403, 403, 403, 403, 403, 403, 403, 403, 403, 403, 403, 403, 403, 403, 403, 403, 403, 403, 403, 403, 403, 403, 403, 403, 403, 403, 403, 403, 403, 403, 403, 403, 403, 403, 403, 403, 403, 403, 403, 403, 403, 403, 403, 403, 403, 403, 403, 403, 403, 403, 403, 403, 403, 403, 403, 403, 403, 403, 403, 403, 403, 403, 403, 403, 403, 403, 403, 403, 403, 403, 403, 403, 403, 403, 403, 403, 403, 403, 403, 403, 403, 403, 403, 403, 403, 403, 403, 403, 403, 403, 403, 403, 403, 403, 403, 403, 403, 403, 403, 403, 403, 403, 403, 403, 403, 403, 403, 403, 403, 403, 403, 403, 403, 403, 403, 403, 403, 403, 403, 403, 403, 403, 403, 403, 403, 403, 403, 403, 403, 403, 403, 403, 403, 403, 403, 403, 403, 403, 403, 403, 403, 403, 403, 403, 403, 403, 403, 403, 403, 403, 403, 403, 403, 403, 403, 403, 403, 403, 403, 403, 403, 403, 403, 403, 403, 403, 403, 403, 403, 403, 403, 403, 403, 403, 403, 403, 403, 403, 403, 403, 403, 403, 403, 403, 403, 403, 403, 403, 403, 403, 403, 403, 403, 403, 403, 403, 403, 403, 403, 403, 403, 403, 403, 403, 403]

ep172
Train step Loss: [2.3799355030059814, 1.7576117515563965, 2.2342171669006348, 1.8132827281951904, 1.7545334100723267, 2.0467050075531006, 1.960117220878601, 1.7939609289169312, 1.95425283908844, 1.8277671337127686, 2.236557960510254, 1.4621057510375977, 1.7940417528152466, 2.1617660522460938, 1.9261682033538818, 1.7628780603408813, 1.884979486465454, 2.002962112426758, 1.4531654119491577, 1.9740689992904663, 1.6045957803726196, 1.4444774389266968, 2.009154796600342, 1.8289471864700317, 1.9299851655960083, 2.200425863265991, 2.4307005405426025, 2.288261890411377, 2.2626523971557617, 1.8002725839614868, 2.3484675884246826, 1.824392557144165, 1.9257018566131592, 1.978134036064148, 2.2423627376556396, 2.2725937366485596, 2.045738935470581, 2.239286184310913, 1.7177742719650269, 1.9636460542678833, 1.8503203392028809, 1.7206435203552246, 2.06160569190979, 2.6111812591552734, 1.7933367490768433, 1.752118706703186, 2.125232458114624, 1.328924298286438, 1.8718843460083008, 1.6258970499038696, 2.2981324195861816, 1.9941952228546143, 2.3697402477264404, 1.909761667251587, 1.7593215703964233, 1.5303313732147217, 1.9468700885772705, 1.8099794387817383, 2.0110421180725098, 1.6557295322418213, 2.1552693843841553, 1.6246540546417236, 1.5525957345962524]
val step Loss: [1.1542954444885254, 1.3550869226455688, 1.142869234085083, 1.222941517829895, 1.296579360961914, 1.4353529214859009, 1.4346376657485962, 1.600812315940857, 1.4747456312179565, 1.3942943811416626, 1.2218828201293945, 1.5832165479660034, 1.3750309944152832, 1.1905001401901245, 1.3227431774139404, 1.4036800861358643]
Train step Accs: [0.4793206479006133, 0.6204750204750205, 0.481381714466804, 0.6291503490549974, 0.6257735148514851, 0.5483138780804151, 0.5784776018861569, 0.6143531921377419, 0.5779816513761468, 0.6074096205557216, 0.49520126056438907, 0.720767306088407, 0.633960428154395, 0.5290946786454734, 0.573943661971831, 0.6204755145493258, 0.6159659896079358, 0.5856851411084665, 0.6922322158626328, 0.5645355850422196, 0.6502576861560334, 0.6917736166631601, 0.556782334384858, 0.6062728864830441, 0.5923897781522044, 0.5053025577043044, 0.47700797057020233, 0.5107093184979138, 0.495795312220433, 0.6058681185722928, 0.5022666875097702, 0.6012888301387971, 0.5877814517398835, 0.5706240487062405, 0.5164614944174062, 0.5077277211443604, 0.5458842705786471, 0.5029375111269361, 0.640688717716357, 0.5887071891391545, 0.5891122278056952, 0.6467871750890619, 0.5396908111863818, 0.41815110565110564, 0.6085642317380353, 0.6254036598493004, 0.5513350286077559, 0.740986257073565, 0.6011356660527931, 0.6613999320421339, 0.50971228275157, 0.5779005524861879, 0.47718937949244533, 0.5751469353484466, 0.6259063022866704, 0.6808925092969719, 0.5855370551746654, 0.6118804664723032, 0.5677777777777778, 0.6685474770272449, 0.5161506276150628, 0.650887573964497, 0.6767537826685007]
val step Accs: [0.7848610153916838, 0.7330497550915185, 0.7784413692643846, 0.7661398339137423, 0.7466753162504054, 0.7107750472589792, 0.7063129002744739, 0.6648849294729028, 0.6996934225195095, 0.7181075753308928, 0.7616679418515685, 0.6749074563722898, 0.7283295425827647, 0.7814635535307517, 0.7330230010952903, 0.7174426088822141]
Preds: [17, 17, 287, 284, 319, 319, 319, 319, 450, 413, 203, 76, 76, 349, 349, 234, 234, 234, 234, 261, 25, 25, 106, 499, 499, 265, 265, 265, 85, 85, 299, 299, 388, 388, 116, 219, 324, 246, 324, 324, 324, 422, 31, 162, 162, 232, 232, 172, 172, 115, 267, 267, 267, 267, 213, 213, 252, 3, 3, 14, 411, 188, 188, 443, 443, 120, 271, 271, 31, 31, 342, 232, 232, 86, 86, 336, 336, 336, 110, 110, 486, 486, 486, 486, 468, 468, 468, 468, 203, 379, 303, 394, 243, 76, 465, 478, 310, 107, 107, 107, 395, 395, 470, 286, 264, 264, 264, 264, 264, 264, 264, 207, 207, 207, 207, 454, 454, 454, 454, 414, 170, 170, 170, 170, 170, 170, 244, 28, 2, 2, 2, 2, 2, 2, 392, 244, 392, 63, 63, 244, 73, 73, 244, 321, 320, 320, 287, 287, 481, 481, 293, 293, 293, 497, 58, 58, 437, 437, 437, 284, 284, 426, 426, 319, 348, 348, 348, 348, 348, 195, 250, 250, 76, 32, 320, 7, 354, 109, 109, 468, 169, 169, 468, 467, 337, 337, 290, 290, 360, 328, 434, 434, 324, 464, 464, 464, 116, 94, 116, 94, 479, 331, 331, 331, 138, 138, 182, 182, 182, 497, 497, 497, 497, 98, 58, 441, 437, 437, 284, 284, 426, 426, 319, 319, 348, 348, 53, 381, 381, 59, 275, 452, 452, 98, 48, 414, 414, 170, 170, 170, 170, 392, 2, 244, 392, 392, 392, 392, 392, 392, 73, 73, 73, 321, 320, 7, 7, 7, 345, 109, 109, 346, 284, 376, 376, 460, 460, 169, 150, 150, 150, 323, 323, 224, 168, 494, 106, 153, 153, 153, 387, 349, 349, 349, 349, 349, 349, 234, 261, 25, 25, 148, 100, 302, 153, 53, 274, 274, 497, 98, 98, 197, 197, 197, 321, 321, 209, 287, 287, 287, 284, 284, 284, 315, 315, 480, 480, 480, 480, 480, 282, 282, 282, 282, 282, 282, 282, 388, 388, 94, 195, 195, 195, 250, 250, 250, 250, 473, 109, 109, 290, 290, 290, 290, 207, 464, 434, 434, 252, 143, 458, 216, 445, 34, 29, 496, 134, 134, 129, 349, 349, 349, 349, 155, 25, 25, 148, 148, 148, 148, 153, 182, 182, 182, 182, 387, 406, 134, 134, 134, 134, 302, 302, 375, 132, 98, 98, 98, 98, 13, 13, 170, 170, 170, 170, 170, 28, 187, 187, 187, 187, 2, 2, 392, 73, 244, 75, 66, 66, 155, 205, 261, 261, 25, 106, 106, 106, 106, 153, 153, 182, 182, 182, 182, 182, 182, 182, 182, 182, 182, 182, 345, 345, 274, 122, 122, 122, 368, 310, 310, 310, 107, 395, 395, 84, 84, 84, 84, 84, 274, 274, 98, 98, 17, 17, 122, 403, 403, 403, 403, 403, 403, 403, 403, 403, 403, 403, 403, 403, 403, 403, 403, 403, 403, 403, 403, 403, 403, 403, 403, 403, 403, 403, 403, 403, 403, 403, 403, 403, 403, 403, 403, 403, 403, 403, 403, 403, 403, 403, 403, 403, 403, 403, 403, 403, 403, 403, 403, 403, 403, 403, 403, 403, 403, 403, 403, 403, 403, 403, 403, 403, 403, 403, 403, 403, 403, 403, 403, 403, 403, 403, 403, 403, 403, 403, 403, 403, 403, 403, 403, 403, 403, 403, 403, 403, 403, 403, 403, 403, 403, 403, 403, 403, 403, 403, 403, 403, 403, 403, 403, 403, 403, 403, 403, 403, 403, 403, 403, 403, 403, 403, 403, 403, 403, 403, 403, 403, 403, 403, 403, 403, 403, 403, 403, 403, 403, 403, 403, 403, 403, 403, 403, 403, 403, 403, 403, 403, 403, 403, 403]

ep173
Train step Loss: [1.838119626045227, 2.1389389038085938, 2.0534799098968506, 2.4754433631896973, 1.988953709602356, 1.9624494314193726, 2.0470166206359863, 2.193011999130249, 2.081347703933716, 1.5547984838485718, 1.8998559713363647, 1.701786994934082, 2.21016001701355, 1.8845458030700684, 1.7825599908828735, 1.681924819946289, 1.5058916807174683, 1.7436140775680542, 1.6444145441055298, 1.4244365692138672, 2.1991984844207764, 1.6239433288574219, 2.1972098350524902, 1.7047309875488281, 1.7207882404327393, 2.049149751663208, 2.3322935104370117, 2.063450336456299, 1.6680892705917358, 2.1446948051452637, 1.433620810508728, 1.9924339056015015, 1.5321828126907349, 1.9229152202606201, 1.9201139211654663, 2.074276924133301, 2.210803747177124, 1.7008938789367676, 1.8866541385650635, 1.8626269102096558, 1.955223560333252, 1.6124517917633057, 1.6985435485839844, 2.2614190578460693, 2.4732534885406494, 1.7077528238296509, 1.4225139617919922, 1.9815224409103394, 2.484574794769287, 1.8616538047790527, 1.6216988563537598, 2.0724740028381348, 2.153276205062866, 2.405000925064087, 1.8364018201828003, 1.9162094593048096, 1.8539445400238037, 1.7841107845306396, 1.8693817853927612, 2.177844762802124, 2.5158417224884033, 2.3243753910064697, 2.4009602069854736]
val step Loss: [0.9970139861106873, 1.4441308975219727, 1.544632077217102, 1.3310362100601196, 1.1531906127929688, 1.1612917184829712, 1.4871835708618164, 1.2053873538970947, 1.5172405242919922, 1.1894396543502808, 1.4265848398208618, 1.6694873571395874, 1.4282901287078857, 1.3695769309997559, 1.1206791400909424, 1.7351654767990112]
Train step Accs: [0.607565694484551, 0.5225240425172938, 0.5521593673965937, 0.4375470845261413, 0.5661352865144335, 0.5897972320566462, 0.5492209631728046, 0.5259849119865885, 0.5406141279685373, 0.6666089965397924, 0.5795776867317995, 0.6501159196290572, 0.5184438933663981, 0.5938657578900578, 0.6119213696892835, 0.6433369785970942, 0.6818510484454086, 0.6189608021877848, 0.6482886216466235, 0.7152577319587629, 0.5285993303571429, 0.6614546732255797, 0.5213161659513591, 0.6299559471365639, 0.6272303488185179, 0.5690056534752245, 0.481691368788143, 0.554954954954955, 0.6372564549342626, 0.5303360298693217, 0.7085316111488783, 0.5638436482084691, 0.6820251320342379, 0.5749618320610687, 0.5924906942871014, 0.5387091309503642, 0.5074814931485273, 0.6813915857605178, 0.6038039502560351, 0.6040365209034119, 0.5747383112351709, 0.6876418091060355, 0.6410784818821913, 0.5119047619047619, 0.43830373545621554, 0.6624869383490073, 0.7191425221905878, 0.5754819934521644, 0.42743377214366973, 0.5978818467648519, 0.6660510926438904, 0.5598488751502662, 0.5286713286713287, 0.4587605884975479, 0.6188620420888542, 0.5952660982064099, 0.5974176460850853, 0.6180507892930679, 0.5851296469853171, 0.5275305475939056, 0.44835526315789476, 0.518787292372198, 0.4569276121847363]
val step Accs: [0.8176588628762542, 0.7010869565217391, 0.6906703524533517, 0.7421505973881634, 0.7907884465261514, 0.7884057971014493, 0.6933226709316274, 0.76609356257497, 0.68632134774956, 0.77475752935171, 0.7062480076506216, 0.6431801055011304, 0.7060185185185185, 0.7250746268656716, 0.7878010545817301, 0.657882127455678]
Preds: [17, 17, 17, 145, 284, 284, 284, 450, 450, 450, 43, 43, 43, 43, 276, 276, 153, 153, 138, 182, 182, 182, 182, 182, 182, 182, 98, 98, 98, 98, 98, 197, 226, 226, 226, 209, 287, 287, 110, 145, 111, 111, 438, 169, 251, 10, 10, 479, 398, 398, 398, 301, 399, 43, 43, 250, 138, 138, 138, 153, 387, 387, 109, 146, 146, 324, 324, 422, 99, 99, 338, 338, 338, 338, 338, 338, 395, 395, 395, 278, 278, 278, 374, 378, 416, 8, 259, 208, 100, 100, 100, 375, 122, 122, 122, 233, 82, 75, 75, 66, 68, 68, 68, 224, 25, 267, 444, 464, 324, 464, 464, 58, 315, 486, 319, 319, 319, 72, 203, 65, 276, 276, 276, 276, 276, 153, 153, 182, 182, 182, 182, 375, 98, 98, 98, 98, 426, 426, 282, 282, 59, 282, 282, 282, 413, 413, 413, 303, 413, 303, 303, 303, 303, 303, 309, 309, 479, 479, 331, 331, 106, 481, 481, 481, 481, 182, 387, 293, 375, 98, 263, 263, 263, 170, 170, 170, 170, 170, 170, 392, 392, 392, 392, 392, 392, 392, 392, 63, 63, 63, 63, 63, 63, 63, 63, 63, 63, 63, 392, 392, 392, 392, 244, 244, 289, 289, 321, 7, 7, 420, 324, 324, 324, 464, 464, 464, 110, 486, 486, 460, 460, 169, 349, 349, 234, 234, 234, 234, 261, 25, 25, 485, 324, 324, 324, 464, 464, 464, 139, 139, 426, 426, 426, 413, 348, 10, 10, 473, 398, 398, 339, 339, 116, 94, 199, 302, 88, 274, 122, 122, 129, 129, 75, 77, 68, 115, 273, 273, 151, 151, 151, 240, 240, 215, 35, 129, 259, 354, 354, 420, 286, 286, 286, 286, 374, 374, 374, 374, 374, 246, 246, 246, 477, 132, 132, 132, 98, 98, 98, 98, 98, 98, 170, 401, 82, 401, 321, 75, 441, 441, 441, 437, 437, 437, 481, 481, 375, 375, 98, 98, 98, 13, 170, 17, 17, 451, 403, 171, 171, 171, 171, 171, 171, 171, 171, 171, 171, 171, 171, 171, 171, 171, 171, 171, 171, 171, 171, 171, 171, 171, 171, 171, 171, 171, 171, 171, 171, 171, 171, 171, 171, 171, 171, 171, 171, 171, 171, 171, 171, 171, 171, 171, 171, 171, 171, 171, 171, 171, 171, 171, 171, 171, 171, 171, 171, 171, 171, 171, 171, 171, 171, 171, 171, 171, 171, 171, 171, 171, 171, 171, 171, 171, 171, 171, 171, 171, 171, 171, 171, 171, 171, 171, 171, 171, 171, 171, 171, 171, 171, 171, 171, 171, 171, 171, 171, 171, 171, 171, 171, 171, 171, 171, 171, 171, 171, 171, 171, 171, 171, 171, 171, 171, 171, 171, 171, 171, 171, 171, 171, 171, 171, 171, 171, 171, 171, 171, 171, 171, 171, 171, 171, 171, 171, 171, 171, 171, 171, 171, 171, 171, 171, 171, 171, 171, 171, 171, 171, 171, 171, 171, 171, 171, 171, 171, 171, 171, 171, 171, 171, 171, 171, 171, 171, 171, 171, 171, 171, 171, 171, 171, 171, 171, 171, 171, 171, 171, 171, 171, 171, 171, 171, 171, 171, 171, 171, 171, 171, 171, 171, 171, 171, 171, 171, 171, 171, 171, 171, 171, 171, 171, 171, 171, 171, 171, 171, 171, 171, 171, 171, 171, 171, 171, 171, 171, 171, 171, 171, 171, 171, 171, 171, 171, 171, 171, 171, 171, 171, 171, 171, 171, 171, 171, 171, 171, 171, 171, 171, 171, 171, 171, 171, 171, 171, 171, 171, 171, 171, 171, 171, 171, 171, 171, 171, 171, 171, 171, 171, 171, 171, 171, 171, 171, 171, 171, 171, 171, 171, 171, 171, 171]

