ep466
Train step Loss: [0.07840149104595184, 0.08426357805728912, 0.07205266505479813, 0.12048575282096863, 0.22326181828975677, 0.07370137423276901, 0.11768907308578491, 0.07044447958469391, 0.26768893003463745, 0.23094314336776733, 0.00200632493942976, 0.05072591081261635, 0.04880284145474434, 0.18546007573604584, 0.2599206864833832, 0.0022186965215951204, 0.3065110445022583, 0.18253475427627563, 0.10867238789796829, 0.37541136145591736, 0.22320295870304108, 0.047352470457553864, 0.002005030633881688, 0.001935288542881608, 0.06692596524953842, 0.14724645018577576, 0.17415134608745575, 0.04734480753540993, 0.0022371031809598207, 0.03574897721409798, 0.07699640095233917, 0.15948770940303802, 0.3769627809524536, 0.024772103875875473, 0.23069338500499725, 0.18877606093883514, 0.20091165602207184, 0.1552964299917221, 0.11659174412488937, 0.10536523163318634, 0.23736168444156647, 0.29175353050231934, 0.3425692319869995, 0.08556795120239258, 0.4076670706272125, 0.0297294482588768, 0.05109427496790886, 0.17727729678153992, 0.12031009793281555, 0.19863206148147583, 0.1510341316461563, 0.17478813230991364, 0.09627380222082138, 0.07145874947309494, 0.2241886854171753, 0.2512838840484619, 0.10723073035478592, 0.31892526149749756, 0.3110635280609131, 0.07854566723108292, 0.10050462931394577, 0.0036735383328050375, 0.14460468292236328]
val step Loss: [0.5671781897544861, 0.6433919072151184, 0.36981216073036194, 0.1771286278963089, 0.12914222478866577, 0.20455746352672577, 0.286139577627182, 0.1691976934671402, 0.4589419364929199, 0.20050495862960815, 0.3611283302307129, 0.548154354095459, 0.550920307636261, 0.32291531562805176, 0.3686494827270508, 0.7669839262962341]
Train step Accs: [0.9784407119578842, 0.9791111734193186, 0.9825400621860799, 0.9697876973326075, 0.939954467842914, 0.9792704267061516, 0.9681954681954682, 0.9791401678962096, 0.9274501484938481, 0.9379329454142422, 1.0, 0.985186156266387, 0.9877502634351949, 0.9502058159606958, 0.9314133016627079, 1.0, 0.9203552102122936, 0.9513819095477387, 0.9704452909496913, 0.8984956915437418, 0.9426125999719377, 0.9878100042034468, 1.0, 1.0, 0.9807767752059631, 0.9578962092600364, 0.9529442691903259, 0.9888618614774036, 1.0, 0.9920330061175131, 0.9796992481203007, 0.9553241057969029, 0.8964888280893752, 0.992989165073295, 0.9383924928600571, 0.9539771215748869, 0.9427656315276424, 0.960506519558676, 0.9687419603807563, 0.971411816449201, 0.9340108999852703, 0.9238737052290029, 0.9107739778863461, 0.9772493573264781, 0.893591927663478, 0.9923533289386948, 0.9868852459016394, 0.9515498464116169, 0.9691582491582491, 0.9459578207381371, 0.9577294685990339, 0.9513375453690012, 0.9742958288440818, 0.9814376479382085, 0.9403956272774596, 0.9360850531582239, 0.9728610198543065, 0.915647041888585, 0.9180949888787125, 0.9796783625730994, 0.9719812259991466, 0.9997508409119222, 0.9598991172761665]
val step Accs: [0.8650429799426934, 0.8357417473153917, 0.911183796703988, 0.9596457938013915, 0.965276809371078, 0.9485994016861572, 0.9294440631434454, 0.9636046003785121, 0.8865831375619943, 0.9477518211504647, 0.9134886101868441, 0.8594116834691341, 0.8627708470124754, 0.9156046005595275, 0.911643270024773, 0.8221445221445222]
Preds: [17, 17, 251, 251, 251, 251, 241, 431, 486, 486, 460, 169, 169, 35, 77, 342, 342, 224, 168, 494, 494, 422, 99, 99, 338, 338, 338, 338, 338, 400, 400, 400, 30, 324, 324, 464, 464, 464, 464, 355, 111, 111, 111, 438, 438, 219, 219, 219, 219, 464, 464, 464, 464, 222, 255, 43, 43, 43, 43, 276, 276, 345, 109, 109, 109, 41, 324, 246, 246, 246, 246, 3, 3, 197, 197, 197, 82, 197, 7, 7, 217, 473, 473, 398, 398, 360, 464, 464, 464, 464, 315, 315, 315, 319, 426, 426, 450, 450, 450, 450, 43, 43, 250, 276, 276, 276, 276, 346, 346, 346, 426, 426, 426, 426, 426, 284, 284, 284, 265, 265, 85, 85, 299, 299, 406, 406, 406, 406, 406, 42, 217, 473, 473, 291, 275, 275, 275, 275, 37, 37, 24, 8, 239, 354, 354, 106, 100, 255, 169, 349, 349, 349, 234, 234, 261, 261, 25, 148, 148, 148, 148, 148, 153, 153, 182, 182, 387, 372, 406, 406, 406, 406, 406, 406, 406, 134, 134, 302, 98, 98, 98, 98, 98, 13, 78, 82, 170, 170, 170, 82, 170, 28, 28, 28, 187, 187, 187, 12, 12, 23, 23, 23, 260, 260, 391, 249, 244, 244, 73, 249, 73, 73, 73, 73, 244, 320, 354, 420, 213, 213, 213, 213, 213, 252, 422, 143, 36, 36, 259, 310, 310, 310, 323, 323, 323, 395, 395, 374, 374, 374, 132, 132, 182, 182, 182, 98, 98, 98, 13, 13, 414, 170, 82, 170, 170, 170, 244, 2, 2, 2, 2, 2, 2, 102, 244, 244, 163, 316, 73, 73, 244, 289, 244, 287, 287, 287, 111, 111, 111, 240, 251, 251, 251, 81, 106, 302, 88, 274, 274, 122, 314, 32, 239, 401, 82, 384, 371, 180, 443, 151, 460, 240, 178, 35, 35, 401, 401, 270, 66, 172, 172, 273, 273, 273, 499, 284, 486, 460, 460, 169, 271, 271, 150, 150, 342, 232, 232, 232, 68, 68, 172, 115, 267, 267, 267, 267, 324, 324, 3, 3, 14, 440, 188, 188, 188, 120, 120, 271, 271, 143, 82, 270, 270, 433, 433, 172, 172, 97, 336, 483, 106, 287, 284, 284, 284, 306, 306, 306, 468, 59, 313, 59, 303, 303, 48, 263, 17, 83, 83, 55, 55, 55, 55, 438, 438, 438, 438, 438, 438, 438, 438, 438, 438, 438, 438, 438, 438, 438, 438, 438, 438, 438, 438, 438, 438, 438, 438, 438, 438, 438, 438, 438, 438, 438, 438, 438, 438, 438, 438, 438, 438, 438, 438, 438, 438, 438, 438, 438, 438, 438, 438, 438, 438, 438, 438, 438, 438, 438, 438, 438, 438, 438, 438, 438, 438, 438, 438, 438, 438, 438, 438, 438, 438, 438, 438, 438, 438, 438, 438, 438, 438, 438, 438, 438, 438, 438, 438, 438, 438, 438, 438, 438, 438, 438, 438, 438, 438, 438, 438, 438, 438, 438, 438, 438, 438, 438, 438, 438, 438, 438, 438, 438, 438, 438, 438, 438, 438, 438, 438, 438, 438, 438, 438, 438, 438, 438, 438, 438, 438, 438, 438, 438, 438, 438, 438, 438, 438, 438, 438, 438, 438, 438, 438, 438, 438, 438, 438, 438, 438, 438, 438, 438, 438, 438, 438, 438, 438, 438, 438, 438, 438, 438, 438, 438, 438, 438, 438, 438, 438, 438, 438, 438, 438, 438, 438, 438, 438, 438, 438, 438, 438, 438, 438, 438, 438, 438, 438, 438, 438, 438, 438, 438, 438, 438, 438, 438, 438, 438, 438, 438, 438, 438, 438, 438, 438, 438, 438, 438, 438, 438, 438, 438, 438, 438, 438, 438, 438, 438, 438, 438]

ep467
Train step Loss: [0.05041937157511711, 0.1947615146636963, 0.3029402792453766, 0.20452618598937988, 0.16530150175094604, 0.14580097794532776, 0.19249163568019867, 0.0023294819984585047, 0.17682528495788574, 0.09511692821979523, 0.04102431237697601, 0.11374174058437347, 0.28202855587005615, 0.06696522980928421, 0.11785268038511276, 0.2109309583902359, 0.23829546570777893, 0.15057168900966644, 0.0061723217368125916, 0.18685176968574524, 0.04541367292404175, 0.12399818003177643, 0.18582117557525635, 0.049240592867136, 0.1564975082874298, 0.023570137098431587, 0.009631541557610035, 0.038383599370718, 0.09799424558877945, 0.5545308589935303, 0.20736849308013916, 0.020248407498002052, 0.013829551637172699, 0.12495020776987076, 0.1117028221487999, 0.14290304481983185, 0.06945369392633438, 0.10886798053979874, 0.0562334768474102, 0.4976867735385895, 0.0775550901889801, 0.10959737002849579, 0.013138394802808762, 0.3226587176322937, 0.019878441467881203, 0.05598185211420059, 0.26208725571632385, 0.2061525583267212, 0.10681319981813431, 0.2233031839132309, 0.21054616570472717, 0.09156610071659088, 0.09397989511489868, 0.23856234550476074, 0.05594753846526146, 0.24033299088478088, 0.247463658452034, 0.2272096574306488, 0.21621550619602203, 0.0709063857793808, 0.06583289057016373, 0.2597543001174927, 0.0021917244885116816]
val step Loss: [0.6288968324661255, 0.1767536699771881, 0.2354934960603714, 0.6510511636734009, 0.006486937403678894, 0.37167659401893616, 0.3379974663257599, 0.47315770387649536, 0.3830706477165222, 0.15196365118026733, 0.5716451406478882, 0.24906045198440552, 0.3327043652534485, 0.6097290515899658, 0.32928240299224854, 0.6098812222480774]
Train step Accs: [0.9855051244509517, 0.949748743718593, 0.9304269547325102, 0.943306885078065, 0.9526419336706015, 0.9632585835550488, 0.9477278370995779, 1.0, 0.9516244453985974, 0.97428262046562, 0.9902030384779213, 0.9725779510022272, 0.9254335260115607, 0.9818590915483054, 0.9695268644747393, 0.942730704152024, 0.9354838709677419, 0.9586998087954111, 0.9987006237006237, 0.9475935828877006, 0.9871732225751283, 0.9655622228019828, 0.951266786653745, 0.9859536082474227, 0.9627867935086738, 0.9941658782718386, 0.9982844889206576, 0.9897780373831776, 0.9731475617479417, 0.8505244755244755, 0.9444662737393582, 0.994515767169388, 0.996080078398432, 0.9657442235357335, 0.9703638864574216, 0.9625598606878537, 0.9812220566318927, 0.9692124735729387, 0.9849481221686395, 0.8733986435568952, 0.9786521557136877, 0.9700460829493087, 0.9963292390230128, 0.9106537530266344, 0.9957602339181286, 0.9842083391051392, 0.9285812388408186, 0.9466187050359712, 0.9713730569948187, 0.9389752446747266, 0.9439068854298135, 0.9763799418971832, 0.9758466453674122, 0.938180097776376, 0.9852724594992637, 0.9383448275862069, 0.9326012354152368, 0.9395898073337476, 0.9416515805598106, 0.980472239948947, 0.9831556783787341, 0.9302506819067411, 1.0]
val step Accs: [0.8399482870071106, 0.9576595119082623, 0.9398444012225619, 0.8408540925266904, 0.9994808565866321, 0.9040418726373946, 0.9181806945989371, 0.8884003620845726, 0.9030792529025744, 0.9589715536105032, 0.8593934619929106, 0.9369331658992605, 0.913036879647898, 0.8529963898916968, 0.9272803114571746, 0.8496420047732697]
Preds: [17, 17, 196, 309, 479, 479, 398, 398, 360, 360, 360, 252, 252, 35, 259, 164, 127, 420, 41, 324, 213, 213, 360, 246, 246, 19, 19, 19, 454, 454, 454, 454, 78, 78, 82, 170, 170, 170, 170, 237, 237, 237, 237, 237, 237, 28, 237, 341, 341, 341, 12, 12, 12, 12, 12, 341, 244, 341, 341, 341, 63, 244, 163, 163, 63, 63, 63, 392, 63, 63, 63, 63, 63, 392, 244, 163, 73, 73, 289, 289, 321, 321, 320, 287, 287, 287, 284, 284, 284, 284, 284, 486, 443, 330, 330, 330, 388, 388, 379, 243, 243, 197, 414, 414, 414, 197, 197, 197, 197, 197, 7, 7, 7, 7, 309, 479, 331, 331, 331, 315, 315, 315, 315, 460, 450, 167, 167, 457, 457, 196, 473, 398, 398, 324, 324, 171, 171, 171, 171, 171, 171, 171, 171, 434, 434, 3, 3, 197, 259, 188, 188, 340, 121, 322, 399, 399, 250, 345, 65, 65, 174, 319, 319, 388, 94, 199, 331, 145, 145, 145, 264, 264, 264, 468, 468, 443, 443, 443, 169, 150, 150, 342, 342, 342, 342, 342, 115, 267, 267, 267, 267, 267, 324, 324, 464, 464, 464, 356, 50, 271, 271, 31, 31, 342, 232, 232, 86, 86, 68, 336, 273, 27, 437, 499, 499, 499, 306, 306, 85, 146, 146, 59, 59, 59, 452, 452, 263, 414, 414, 414, 414, 414, 47, 47, 47, 47, 80, 244, 321, 320, 320, 345, 100, 100, 100, 497, 132, 122, 122, 122, 216, 310, 384, 371, 180, 180, 443, 443, 486, 486, 443, 240, 240, 240, 285, 34, 134, 134, 88, 88, 134, 313, 285, 285, 34, 41, 324, 324, 324, 324, 246, 246, 246, 246, 324, 3, 3, 464, 14, 440, 145, 145, 145, 265, 265, 306, 85, 85, 85, 85, 299, 468, 468, 406, 406, 406, 467, 467, 337, 337, 337, 324, 324, 324, 324, 19, 301, 173, 259, 354, 354, 106, 355, 376, 376, 376, 376, 376, 193, 403, 403, 403, 438, 438, 438, 438, 438, 438, 438, 438, 438, 438, 438, 438, 438, 438, 438, 438, 438, 438, 438, 438, 438, 438, 438, 438, 438, 438, 438, 438, 438, 438, 438, 438, 438, 438, 438, 438, 438, 438, 438, 438, 438, 438, 438, 438, 438, 438, 438, 438, 438, 438, 438, 438, 438, 438, 438, 438, 438, 438, 438, 438, 438, 438, 438, 438, 438, 438, 438, 438, 438, 438, 438, 438, 438, 438, 438, 438, 438, 438, 438, 438, 438, 438, 438, 438, 438, 438, 438, 438, 438, 438, 438, 438, 438, 438, 438, 438, 438, 438, 438, 438, 438, 438, 438, 438, 438, 438, 438, 438, 438, 438, 438, 438, 438, 438, 438, 438, 438, 438, 438, 438, 438, 438, 438, 438, 438, 438, 438, 438, 438, 438, 438, 438, 438, 438, 438, 438, 438, 438, 438, 438, 438, 438, 438, 438, 438, 438, 438, 438, 438, 438, 438, 438, 438, 438, 438, 438, 438, 438, 438, 438, 438, 438, 438, 438, 438, 438, 438, 438, 438, 438, 438, 438, 438, 438, 438, 438, 438, 438, 438, 438, 438, 438, 438, 438, 438, 438, 438, 438, 438, 438, 438, 438, 438, 438, 438, 438, 438, 438, 438, 438, 438, 438, 438, 438, 438, 438, 438, 438, 438, 438, 438, 438, 438, 438, 438, 438, 438, 438, 438, 438, 438, 438, 438, 438, 438, 438, 438, 438, 438, 438, 438, 438, 438, 438, 438, 438, 438, 438, 438, 438, 438, 438, 438, 438, 438, 438, 438, 438, 438, 438, 438, 438, 438, 438, 438, 438, 438, 438, 438, 438, 438, 438, 438, 438, 438, 438, 438, 438]

ep468
Train step Loss: [0.16779816150665283, 0.17653866112232208, 0.0024455469101667404, 0.13106928765773773, 0.05362725257873535, 0.02211800217628479, 0.2568575143814087, 0.22063486278057098, 0.18481026589870453, 0.35509365797042847, 0.22228680551052094, 0.11298324912786484, 0.26831406354904175, 0.06709732115268707, 0.2628025412559509, 0.19598503410816193, 0.3457261323928833, 0.17864032089710236, 0.1468040943145752, 0.002317222999408841, 0.002285917289555073, 0.20164288580417633, 0.13506974279880524, 0.13389115035533905, 0.0330740362405777, 0.11578962951898575, 0.1954321563243866, 0.2260960191488266, 0.09654175490140915, 0.167462557554245, 0.06316017359495163, 0.1534089893102646, 0.11646432429552078, 0.018631720915436745, 0.15252943336963654, 0.22529533505439758, 0.08821465820074081, 0.19557800889015198, 0.07386703789234161, 0.6054607033729553, 0.2495935559272766, 0.08835837990045547, 0.10607806593179703, 0.17733757197856903, 0.02100345306098461, 0.25741487741470337, 0.003190255956724286, 0.15263812243938446, 0.2602904438972473, 0.29981666803359985, 0.23304718732833862, 0.06540049612522125, 0.14773717522621155, 0.1611458957195282, 0.2992260158061981, 0.05585845559835434, 0.11208576709032059, 0.11637292057275772, 0.10036543011665344, 0.1334819793701172, 0.09352976083755493, 0.1261279433965683, 0.06643974035978317]
val step Loss: [0.726249098777771, 0.6302362084388733, 0.255369633436203, 0.3028604984283447, 0.4255305230617523, 0.4185069799423218, 0.18359477818012238, 0.6008842587471008, 0.2697187662124634, 0.2269710749387741, 0.13901078701019287, 0.14290931820869446, 0.3215254843235016, 0.48786991834640503, 0.35638707876205444, 0.571871280670166]
Train step Accs: [0.9539961549024993, 0.9518790100824931, 1.0, 0.9648898001025116, 0.9859384808537351, 0.9943346891342243, 0.9300247456695079, 0.9437656024175536, 0.9540336468406412, 0.901895339134581, 0.9415282392026578, 0.9687703318152244, 0.924613987284287, 0.9821382345327466, 0.9271633384536611, 0.9460148004367342, 0.90486574894371, 0.9510411502231036, 0.9586551567469332, 1.0, 1.0, 0.9444753687726134, 0.9622810382304053, 0.9636565233460638, 0.9914919852034525, 0.9670153846153846, 0.9454389406571849, 0.943089430894309, 0.9727803904802622, 0.9572498298162015, 0.9835023459966702, 0.9597305608434618, 0.9708038753600419, 0.996134732192159, 0.9578799129432851, 0.9397858434153803, 0.9791969741053244, 0.9462099125364432, 0.9809011432414257, 0.8369506966773848, 0.9345755113477164, 0.9757085020242915, 0.9711766254277442, 0.9499477260846837, 0.994061157442507, 0.9277258566978193, 0.9998403321092129, 0.9600097835391953, 0.9297912713472486, 0.9206153000961407, 0.9365656001117787, 0.9837276254850419, 0.9593298009451525, 0.958353929807217, 0.9220506670664068, 0.986104605776737, 0.9694132334581773, 0.9702957674655788, 0.9728952150211992, 0.9625142531356898, 0.9754496520940003, 0.966629742453614, 0.9809428284854563]
val step Accs: [0.8212743687033888, 0.8491470463837586, 0.9358521337319924, 0.9252380952380952, 0.8945459430413756, 0.8996763754045307, 0.9540831588393658, 0.8561385890032639, 0.9284980179122009, 0.9431396786155748, 0.9639339714246081, 0.9615579160343956, 0.9194945335794406, 0.8823380886251736, 0.9121466768525592, 0.8457286432160804]
Preds: [17, 17, 7, 212, 384, 445, 180, 180, 443, 330, 330, 457, 457, 35, 127, 114, 114, 361, 443, 443, 330, 330, 330, 240, 35, 239, 29, 420, 420, 398, 360, 360, 360, 360, 360, 434, 318, 186, 186, 186, 162, 162, 482, 482, 482, 482, 115, 273, 273, 273, 273, 151, 432, 330, 330, 146, 299, 219, 219, 219, 324, 324, 477, 477, 477, 374, 132, 43, 43, 43, 364, 364, 276, 364, 276, 345, 345, 345, 132, 219, 477, 477, 152, 374, 301, 422, 143, 349, 205, 259, 25, 287, 287, 284, 284, 284, 284, 206, 206, 206, 413, 203, 8, 364, 276, 276, 346, 346, 499, 306, 306, 468, 468, 406, 406, 467, 467, 376, 376, 376, 376, 460, 460, 460, 263, 263, 263, 13, 414, 170, 82, 170, 170, 170, 28, 341, 341, 341, 20, 341, 341, 341, 341, 163, 341, 391, 391, 391, 140, 321, 321, 412, 287, 287, 287, 460, 253, 169, 150, 150, 150, 323, 224, 224, 494, 494, 494, 494, 186, 99, 99, 99, 338, 338, 338, 338, 400, 400, 400, 444, 213, 171, 246, 246, 246, 246, 246, 246, 99, 99, 99, 338, 338, 338, 400, 400, 400, 400, 290, 360, 434, 339, 434, 250, 250, 250, 497, 497, 497, 122, 259, 280, 192, 420, 420, 420, 213, 301, 301, 143, 458, 192, 354, 420, 420, 213, 213, 213, 246, 246, 374, 374, 301, 173, 280, 280, 41, 41, 41, 246, 246, 246, 19, 19, 19, 454, 454, 454, 414, 82, 320, 320, 7, 7, 309, 309, 398, 398, 398, 398, 360, 360, 360, 286, 286, 464, 464, 464, 464, 330, 330, 330, 203, 203, 399, 250, 250, 250, 250, 276, 276, 346, 174, 426, 426, 350, 413, 274, 219, 219, 464, 464, 340, 116, 116, 116, 43, 43, 276, 276, 276, 138, 153, 387, 387, 497, 175, 175, 175, 464, 464, 331, 180, 376, 376, 376, 376, 376, 460, 452, 263, 263, 13, 78, 78, 170, 170, 170, 140, 28, 2, 392, 244, 392, 392, 392, 392, 392, 244, 392, 73, 244, 73, 321, 320, 320, 7, 7, 241, 241, 431, 106, 153, 153, 182, 182, 182, 182, 182, 182, 497, 497, 122, 122, 122, 129, 197, 259, 259, 411, 437, 437, 437, 284, 481, 481, 405, 206, 206, 206, 167, 35, 35, 35, 77, 478, 66, 172, 172, 172, 115, 273, 267, 267, 485, 286, 374, 374, 374, 374, 132, 33, 368, 49, 49, 453, 323, 219, 107, 395, 395, 395, 286, 464, 264, 264, 264, 120, 120, 120, 240, 240, 385, 457, 457, 364, 364, 43, 248, 394, 394, 212, 212, 161, 161, 487, 487, 374, 374, 374, 116, 33, 132, 132, 98, 193, 17, 83, 443, 443, 443, 55, 438, 438, 438, 438, 438, 438, 438, 438, 443, 443, 443, 443, 443, 443, 443, 443, 443, 443, 443, 443, 438, 438, 438, 438, 438, 438, 438, 438, 438, 438, 438, 438, 438, 438, 438, 438, 438, 438, 438, 438, 438, 438, 438, 438, 438, 438, 438, 438, 438, 438, 438, 438, 438, 438, 438, 438, 438, 438, 438, 438, 438, 438, 438, 438, 438, 438, 438, 438, 438, 438, 438, 438, 438, 438, 438, 438, 438, 438, 438, 438, 438, 438, 438, 438, 438, 438, 438, 438, 438, 438, 438, 438, 438, 438, 438, 438, 438, 438, 438, 438, 438, 438, 438, 438, 438, 438, 443, 443, 443, 443, 443, 443, 443, 443, 443, 443, 443, 443, 443, 443, 443, 443, 443, 443, 443, 443, 443, 443, 443, 443, 443, 443, 443, 443, 443, 443, 443, 443, 443, 443, 443, 443, 443, 443, 443, 443, 443, 443]

ep469
Train step Loss: [0.33102211356163025, 0.029041849076747894, 0.18545985221862793, 0.1694168597459793, 0.026874396950006485, 0.16548945009708405, 0.13078716397285461, 0.0640416219830513, 0.003234549891203642, 0.2202453911304474, 0.0023636550176888704, 0.17959362268447876, 0.031984396278858185, 0.01905016414821148, 0.18476103246212006, 0.09934785217046738, 0.25299790501594543, 0.09043514728546143, 0.1764589548110962, 0.03066830523312092, 0.23698844015598297, 0.26638877391815186, 0.0020919209346175194, 0.06257253140211105, 0.12071949988603592, 0.0021185469813644886, 0.12126755714416504, 0.4902192950248718, 0.0025773048400878906, 0.039826899766922, 0.16504527628421783, 0.0020599300041794777, 0.21968048810958862, 0.2141587734222412, 0.0021318099461495876, 0.11872461438179016, 0.2512530982494354, 0.23841746151447296, 0.09020569175481796, 0.016252506524324417, 0.2839438319206238, 0.2109043002128601, 0.34348639845848083, 0.09005435556173325, 0.07458975911140442, 0.20973189175128937, 0.014451545663177967, 0.06299646943807602, 0.18142734467983246, 0.0921776220202446, 0.12150467187166214, 0.0853482261300087, 0.2620246708393097, 0.222150519490242, 0.10943018645048141, 0.11623937636613846, 0.08422453701496124, 0.24769559502601624, 0.2146463245153427, 0.05558352172374725, 0.13727614283561707, 0.21232002973556519, 0.29585403203964233]
val step Loss: [0.3172851800918579, 0.15871264040470123, 0.7527543902397156, 0.39438575506210327, 0.6363304853439331, 0.45255717635154724, 0.17822106182575226, 0.21419963240623474, 0.22688183188438416, 0.5384537577629089, 0.5260792970657349, 0.3981374204158783, 0.6849366426467896, 0.1459263414144516, 0.12494388222694397, 0.27190351486206055]
Train step Accs: [0.9117823865344153, 0.9924007880664227, 0.9492081609359395, 0.9541158745377346, 0.992340532395781, 0.9542665923034022, 0.9638880959177848, 0.9824012514665624, 0.9998691613240874, 0.9410259862663256, 1.0, 0.9533576847429053, 0.99143601836912, 0.9956772334293948, 0.9518599562363238, 0.9714169601733947, 0.9279565620447623, 0.9749183540169823, 0.9532107574094402, 0.9926372155287818, 0.9384178114637612, 0.929151817533856, 1.0, 0.9831283506780195, 0.9696852425180599, 1.0, 0.9678748939265366, 0.8626805893291375, 1.0, 0.9910633337650563, 0.9532478278858089, 1.0, 0.9411129119394922, 0.9401444788441693, 1.0, 0.9659940209267563, 0.9331196269852834, 0.9381044487427466, 0.974083856058105, 0.9954853273137697, 0.9285812577404706, 0.9435616438356165, 0.9115507338864072, 0.9785992217898832, 0.9801696332576753, 0.9400027148092847, 0.9959003947767993, 0.9831631244824731, 0.9511374343787858, 0.9753473168074094, 0.9677872938770292, 0.9768299104791995, 0.930644111906311, 0.9454828660436138, 0.9708723435874572, 0.9682048744278114, 0.9767441860465116, 0.9345623245025028, 0.9412322274881516, 0.9860002616773518, 0.9638260398320011, 0.939841247737084, 0.9219398340248963]
val step Accs: [0.922367207064716, 0.9622733357673117, 0.8165852523842754, 0.9085536547433903, 0.8391590013140604, 0.8939721792890263, 0.9530001354462956, 0.942366306456082, 0.9395097522403796, 0.8678169323000439, 0.8756135184406114, 0.8977414438132187, 0.8288938459519748, 0.9612452350698857, 0.9709014549272537, 0.9342051491622395]
Preds: [17, 17, 30, 324, 422, 143, 164, 164, 164, 14, 287, 287, 145, 111, 111, 111, 330, 438, 438, 335, 14, 14, 14, 411, 287, 145, 145, 486, 486, 428, 85, 85, 299, 207, 207, 19, 19, 454, 454, 454, 56, 56, 56, 170, 312, 312, 187, 187, 187, 1, 1, 1, 1, 408, 408, 391, 391, 228, 228, 321, 321, 320, 287, 287, 287, 287, 284, 284, 284, 284, 284, 284, 426, 426, 426, 450, 293, 293, 293, 122, 349, 349, 349, 234, 234, 234, 261, 25, 25, 106, 346, 346, 426, 480, 480, 85, 85, 299, 388, 388, 116, 10, 398, 398, 398, 398, 464, 464, 464, 139, 315, 315, 315, 315, 426, 450, 450, 450, 450, 413, 413, 250, 250, 43, 276, 346, 346, 284, 284, 284, 284, 426, 426, 426, 426, 426, 426, 413, 413, 413, 43, 43, 276, 276, 346, 346, 499, 428, 428, 146, 240, 240, 285, 285, 406, 337, 337, 324, 324, 422, 368, 31, 162, 232, 232, 172, 115, 115, 267, 267, 267, 267, 324, 3, 3, 3, 188, 188, 464, 464, 120, 120, 271, 271, 31, 162, 232, 232, 232, 232, 172, 172, 115, 273, 273, 273, 273, 151, 84, 84, 84, 355, 355, 355, 452, 452, 452, 263, 263, 414, 414, 170, 170, 170, 170, 28, 28, 244, 2, 2, 2, 2, 2, 2, 2, 63, 63, 63, 63, 63, 63, 63, 63, 63, 244, 321, 249, 249, 249, 249, 320, 7, 7, 345, 153, 497, 497, 497, 122, 122, 216, 58, 58, 110, 110, 110, 443, 443, 486, 460, 240, 240, 285, 285, 285, 300, 134, 134, 88, 88, 88, 42, 42, 42, 147, 380, 288, 288, 213, 213, 213, 246, 246, 246, 246, 246, 246, 246, 19, 19, 19, 454, 454, 454, 454, 414, 170, 170, 170, 170, 28, 40, 40, 40, 40, 2, 40, 40, 63, 63, 63, 63, 2, 63, 63, 2, 63, 244, 63, 63, 63, 63, 63, 63, 63, 63, 63, 63, 244, 73, 73, 321, 102, 102, 320, 7, 7, 7, 152, 152, 152, 152, 374, 374, 378, 378, 43, 43, 43, 276, 276, 346, 346, 346, 284, 284, 284, 284, 284, 405, 405, 206, 206, 206, 206, 206, 167, 35, 35, 259, 259, 74, 437, 437, 437, 284, 284, 284, 284, 284, 284, 426, 426, 426, 426, 426, 426, 426, 206, 282, 282, 388, 388, 348, 94, 199, 467, 337, 337, 264, 207, 207, 464, 464, 468, 468, 467, 467, 467, 467, 245, 245, 497, 349, 349, 349, 155, 155, 155, 155, 441, 148, 148, 148, 153, 153, 182, 182, 182, 182, 182, 182, 182, 182, 182, 497, 497, 497, 43, 43, 276, 70, 70, 65, 46, 46, 46, 428, 146, 146, 146, 146, 219, 219, 464, 464, 286, 374, 374, 374, 132, 337, 324, 324, 464, 464, 355, 355, 355, 355, 263, 263, 17, 83, 83, 403, 403, 403, 403, 443, 443, 443, 443, 443, 443, 443, 443, 443, 443, 443, 443, 443, 443, 443, 443, 443, 443, 443, 443, 443, 443, 443, 443, 443, 443, 443, 443, 443, 443, 443, 443, 443, 443, 443, 443, 443, 443, 443, 443, 443, 443, 443, 443, 443, 443, 443, 443, 443, 443, 443, 443, 443, 443, 443, 443, 443, 443, 443, 443, 443, 443, 443, 443, 443, 443, 443, 443, 443, 443, 443, 443, 443, 443, 443, 443, 443, 443, 443, 443, 443, 443, 443, 443, 443, 443, 443, 443, 443, 443, 443, 443, 443, 443, 443, 443, 443, 443, 438, 438, 438, 438, 438, 438, 438, 438, 438, 438, 438, 438, 438, 438, 438, 438, 438, 438, 438, 438, 438, 438, 438]

ep470
Train step Loss: [0.0023690853267908096, 0.24031132459640503, 0.031602974981069565, 0.13823260366916656, 0.07620055973529816, 0.10309959203004837, 0.04173077270388603, 0.22369186580181122, 0.0022793528623878956, 0.1564156860113144, 0.002104268642142415, 0.03362761437892914, 0.08463563024997711, 0.23293061554431915, 0.21148282289505005, 0.16477294266223907, 0.08129533380270004, 0.1063322052359581, 0.16460780799388885, 0.24388593435287476, 0.01140913087874651, 0.17636217176914215, 0.43152326345443726, 0.11659836769104004, 0.09708839654922485, 0.10285729914903641, 0.004961785394698381, 0.0968877375125885, 0.14765144884586334, 0.22855620086193085, 0.01379583589732647, 0.06262809783220291, 0.10128229856491089, 0.11962062865495682, 0.46912088990211487, 0.30155879259109497, 0.09513821452856064, 0.33463534712791443, 0.15937069058418274, 0.11014946550130844, 0.19399771094322205, 0.354434072971344, 0.11743056774139404, 0.37336206436157227, 0.2263031303882599, 0.15256740152835846, 0.19422170519828796, 0.2599673867225647, 0.22007514536380768, 0.1506604552268982, 0.06746833771467209, 0.0926385298371315, 0.27644282579421997, 0.11258789151906967, 0.10152530670166016, 0.06119127571582794, 0.10766390711069107, 0.2329530268907547, 0.016916802152991295, 0.20219114422798157, 0.0022833729162812233, 0.03216823190450668, 0.062462158501148224]
val step Loss: [0.3772578537464142, 0.10419996082782745, 0.14607210457324982, 0.6566494107246399, 0.3397105932235718, 0.1828678399324417, 0.2286887913942337, 0.5929044485092163, 0.40145763754844666, 0.2962818145751953, 0.563367486000061, 0.38958868384361267, 0.11008808761835098, 0.3986220359802246, 0.056164029985666275, 0.3261445164680481]
Train step Accs: [1.0, 0.9362549800796812, 0.9926350245499181, 0.9621895465216854, 0.9796623687358766, 0.9729498861047836, 0.9890255189739522, 0.941825199889716, 1.0, 0.9583932853717027, 1.0, 0.9902196810111346, 0.9776272826218406, 0.9411673872760964, 0.941992644600468, 0.953426055888733, 0.9776681737224278, 0.9704737619111529, 0.9576392877656519, 0.9332441272673209, 0.9974097211641018, 0.9539188656951556, 0.8812479581836001, 0.9678119349005425, 0.9726477024070022, 0.9697050938337801, 0.9993322203672788, 0.9742972904532793, 0.9593516851041934, 0.935256309766421, 0.9964277208859252, 0.984516817939135, 0.9739266198282591, 0.9656408354962304, 0.8766114180478821, 0.916776750330251, 0.9744560075685903, 0.9069427850789858, 0.9569272303350105, 0.9702069592904253, 0.9468310297596813, 0.9045071335927367, 0.9676582969432315, 0.8997303260603089, 0.9403003912659346, 0.9607165706973768, 0.9470198675496688, 0.9271250151570268, 0.9407748049052397, 0.954414241039211, 0.9827384435342306, 0.9768543584190579, 0.9263510899006836, 0.9695097910369299, 0.9712161948442195, 0.9839101008811135, 0.971406590588537, 0.9410180065220474, 0.9961049078161517, 0.9539613049004378, 1.0, 0.992087312414734, 0.9812914906457453]
val step Accs: [0.9153936545240893, 0.9747763601701129, 0.964062292027153, 0.8373566686783344, 0.9187368421052632, 0.9543250829293187, 0.9421272910953962, 0.8585591539986781, 0.9034939419554804, 0.9220225009698694, 0.8606679960119641, 0.9040448039825763, 0.9712314692499633, 0.8990390463447269, 0.9874364343404128, 0.927159432746025]
Preds: [17, 17, 217, 217, 217, 473, 473, 65, 264, 264, 264, 264, 264, 264, 468, 468, 468, 467, 337, 337, 337, 337, 301, 301, 457, 129, 401, 401, 7, 7, 7, 473, 109, 264, 330, 468, 406, 337, 337, 337, 171, 171, 434, 434, 339, 33, 33, 199, 398, 398, 324, 324, 301, 251, 8, 354, 43, 345, 345, 276, 276, 153, 182, 182, 182, 182, 98, 98, 98, 122, 129, 259, 208, 144, 208, 441, 437, 437, 481, 405, 405, 206, 426, 206, 396, 396, 285, 315, 426, 426, 480, 480, 480, 315, 282, 282, 303, 98, 48, 48, 48, 48, 48, 170, 170, 170, 170, 170, 392, 63, 63, 63, 63, 63, 63, 63, 63, 63, 63, 63, 63, 63, 63, 63, 63, 63, 73, 244, 289, 289, 320, 320, 7, 309, 398, 331, 290, 290, 360, 360, 434, 434, 434, 434, 434, 434, 434, 3, 3, 457, 188, 213, 324, 143, 143, 349, 234, 261, 261, 25, 25, 106, 284, 460, 460, 169, 150, 150, 342, 342, 68, 68, 115, 273, 273, 470, 278, 290, 171, 434, 434, 339, 200, 200, 200, 398, 464, 464, 464, 324, 464, 286, 264, 406, 303, 199, 41, 19, 19, 324, 286, 286, 286, 468, 468, 59, 337, 41, 19, 19, 19, 19, 454, 454, 454, 78, 78, 170, 170, 170, 392, 392, 392, 392, 392, 63, 63, 63, 63, 63, 63, 63, 63, 63, 63, 63, 63, 63, 63, 63, 63, 244, 289, 289, 320, 320, 83, 188, 171, 171, 171, 171, 171, 464, 464, 171, 171, 264, 264, 264, 171, 171, 173, 314, 314, 239, 239, 239, 371, 371, 106, 106, 153, 88, 274, 497, 43, 129, 259, 208, 208, 441, 441, 153, 153, 153, 153, 182, 182, 182, 182, 182, 98, 98, 98, 98, 98, 13, 13, 414, 170, 170, 392, 392, 392, 392, 392, 63, 63, 63, 63, 63, 244, 392, 392, 73, 289, 320, 320, 7, 7, 374, 374, 374, 132, 132, 132, 132, 132, 132, 132, 285, 34, 41, 213, 213, 246, 246, 246, 246, 246, 246, 246, 19, 454, 414, 414, 197, 197, 197, 249, 249, 80, 392, 73, 320, 320, 320, 114, 188, 188, 443, 278, 120, 37, 37, 37, 239, 239, 259, 321, 354, 354, 354, 354, 354, 7, 473, 213, 213, 213, 264, 171, 252, 252, 286, 468, 468, 468, 406, 337, 337, 337, 337, 337, 337, 41, 246, 19, 3, 3, 14, 226, 209, 287, 145, 460, 460, 169, 169, 35, 35, 401, 270, 342, 433, 68, 68, 115, 444, 196, 217, 213, 213, 213, 246, 246, 454, 454, 454, 170, 170, 170, 170, 392, 392, 392, 392, 392, 392, 392, 63, 63, 63, 63, 63, 63, 63, 63, 63, 63, 63, 244, 73, 320, 320, 320, 287, 188, 171, 171, 171, 171, 264, 264, 468, 406, 467, 337, 337, 337, 434, 434, 464, 325, 251, 251, 241, 241, 431, 431, 431, 376, 376, 460, 460, 460, 460, 460, 263, 263, 35, 35, 225, 352, 352, 352, 80, 80, 80, 209, 188, 287, 460, 297, 182, 98, 43, 129, 129, 259, 259, 411, 411, 188, 287, 297, 297, 481, 426, 426, 426, 426, 426, 169, 98, 13, 13, 170, 170, 17, 443, 443, 403, 403, 403, 403, 403, 403, 403, 403, 403, 403, 403, 403, 403, 403, 403, 403, 403, 403, 403, 403, 403, 403, 403, 403, 403, 403, 403, 403, 403, 403, 403, 403, 403, 403, 403, 403, 403, 403, 403, 403, 403, 403, 403, 403, 403, 403, 403, 403, 403, 403, 403, 403, 403, 403, 403, 403, 403, 403, 403, 403, 403, 403, 403, 403, 403, 403, 403]

ep471
Train step Loss: [0.03788192570209503, 0.22280818223953247, 0.0023003516253083944, 0.055462952703237534, 0.17911475896835327, 0.15338796377182007, 0.08462442457675934, 0.018781298771500587, 0.15091079473495483, 0.10718061774969101, 0.19293631613254547, 0.1605573296546936, 0.3699929714202881, 0.28460463881492615, 0.03505253419280052, 0.18558847904205322, 0.22533133625984192, 0.1070740818977356, 0.062257204204797745, 0.08375152945518494, 0.2637457847595215, 0.10338538885116577, 0.16129806637763977, 0.07205931097269058, 0.2052070051431656, 0.09860134869813919, 0.12817344069480896, 0.12247388064861298, 0.06651640683412552, 0.0022394158877432346, 0.20229771733283997, 0.0795656368136406, 0.2531298100948334, 0.19468152523040771, 0.12192440778017044, 0.0021182841155678034, 0.050052620470523834, 0.27209848165512085, 0.2742159068584442, 0.35712236166000366, 0.3497292399406433, 0.011477448977530003, 0.0026141637936234474, 0.002375901211053133, 0.31608301401138306, 0.002091033151373267, 0.12152844667434692, 0.16913703083992004, 0.02533610351383686, 0.31190893054008484, 0.16726751625537872, 0.14957167208194733, 0.002406565472483635, 0.16646575927734375, 0.11758886277675629, 0.06506453454494476, 0.1734103411436081, 0.15866443514823914, 0.33604565262794495, 0.046916183084249496, 0.06846123933792114, 0.06447872519493103, 0.22179563343524933]
val step Loss: [0.40402352809906006, 0.3507349491119385, 0.6828922629356384, 0.5793681144714355, 0.46763327717781067, 0.5364301204681396, 0.1492290198802948, 0.3190937936306, 0.5257970690727234, 0.059406694024801254, 0.41105562448501587, 0.41881170868873596, 0.19164952635765076, 0.09587131440639496, 0.5260388255119324, 0.18593446910381317]
Train step Accs: [0.9900711321873148, 0.9405843701943241, 1.0, 0.9839189189189189, 0.9510460823191577, 0.9553755320609639, 0.9772592152199763, 0.9956854043392505, 0.9569095857272453, 0.9721022096037526, 0.9476037445857203, 0.9588029537504859, 0.8980041630953839, 0.9250217959895379, 0.9914661443760493, 0.9496617050067659, 0.9368925911902057, 0.9721771678103556, 0.9840462109751066, 0.9757532281205165, 0.9276306668515181, 0.9703875370155788, 0.9580989876265467, 0.9794099183929692, 0.9450626848851951, 0.9736946990833001, 0.9659933149251563, 0.9666287447857413, 0.9816323507628499, 1.0, 0.944378228049265, 0.9790132547864506, 0.9320217295551314, 0.9462173314993122, 0.9650841843775876, 1.0, 0.9862497953838599, 0.9249737670514165, 0.9232921083627798, 0.899311987298227, 0.9055767573556568, 0.9975721607769086, 1.0, 1.0, 0.9179555340744321, 1.0, 0.9700332963374029, 0.9572057898049088, 0.9936708860759493, 0.9180132450331125, 0.9521050141911069, 0.9604910399322704, 1.0, 0.9553092182030338, 0.9687196896217265, 0.984080022541561, 0.9529640137374944, 0.9566657466188242, 0.913469387755102, 0.9879115226337448, 0.9814046990827994, 0.9828840970350404, 0.9396358990737783]
val step Accs: [0.8978556940017386, 0.9123381243774015, 0.8316610925306578, 0.855862977602108, 0.8882570372476543, 0.877745435300344, 0.9630808402291534, 0.9225247189489367, 0.8692481770178526, 0.9866809552969994, 0.898166388846795, 0.8929527207850134, 0.9563113321683022, 0.9736876215165262, 0.8695546064673582, 0.9507836128677482]
Preds: [17, 17, 17, 7, 217, 217, 217, 217, 473, 473, 65, 443, 443, 443, 330, 330, 240, 314, 35, 76, 310, 310, 107, 107, 395, 395, 395, 106, 153, 153, 481, 387, 387, 206, 167, 167, 35, 35, 320, 7, 354, 473, 473, 65, 288, 382, 313, 313, 285, 285, 34, 337, 337, 171, 171, 434, 434, 3, 3, 464, 464, 464, 464, 464, 340, 116, 116, 466, 199, 199, 106, 153, 153, 424, 182, 182, 182, 182, 182, 497, 497, 497, 497, 122, 43, 259, 208, 441, 441, 441, 346, 346, 346, 265, 265, 265, 85, 85, 146, 468, 468, 468, 406, 406, 406, 406, 467, 467, 134, 375, 98, 98, 98, 98, 98, 48, 13, 13, 414, 414, 170, 187, 187, 187, 187, 82, 2, 2, 2, 260, 391, 244, 244, 321, 320, 7, 7, 7, 309, 309, 398, 398, 290, 360, 360, 360, 252, 252, 143, 465, 192, 445, 445, 395, 395, 444, 444, 213, 213, 360, 324, 434, 434, 434, 434, 464, 464, 331, 331, 443, 443, 376, 376, 376, 376, 460, 460, 263, 263, 263, 263, 414, 414, 414, 312, 312, 312, 312, 23, 23, 23, 23, 23, 23, 23, 260, 391, 391, 391, 391, 140, 20, 321, 320, 320, 7, 7, 309, 473, 473, 288, 290, 290, 360, 171, 434, 434, 252, 143, 310, 310, 310, 107, 107, 107, 400, 400, 213, 213, 213, 213, 246, 246, 246, 19, 19, 454, 454, 414, 414, 414, 414, 225, 225, 225, 66, 66, 66, 66, 115, 115, 273, 273, 273, 151, 460, 460, 240, 285, 53, 280, 34, 324, 324, 324, 324, 286, 171, 171, 464, 464, 464, 139, 139, 116, 116, 116, 399, 195, 195, 359, 324, 324, 324, 324, 257, 257, 368, 31, 453, 342, 342, 115, 273, 273, 273, 265, 284, 376, 460, 460, 460, 460, 178, 35, 35, 440, 287, 287, 111, 111, 460, 169, 169, 150, 162, 342, 172, 172, 115, 267, 267, 444, 286, 286, 374, 139, 132, 132, 497, 375, 98, 98, 98, 440, 287, 287, 125, 125, 125, 348, 348, 348, 212, 77, 310, 219, 107, 395, 395, 374, 374, 374, 116, 94, 199, 331, 134, 134, 153, 182, 182, 43, 43, 43, 364, 276, 100, 100, 100, 100, 182, 375, 98, 98, 98, 13, 13, 13, 414, 414, 237, 249, 249, 47, 47, 47, 47, 80, 80, 80, 73, 73, 321, 320, 320, 287, 100, 100, 481, 182, 182, 375, 497, 122, 122, 8, 458, 100, 100, 100, 346, 346, 346, 426, 206, 98, 98, 263, 263, 263, 17, 83, 83, 443, 443, 438, 438, 438, 438, 438, 438, 438, 438, 438, 438, 438, 438, 438, 438, 438, 438, 438, 438, 438, 438, 438, 438, 438, 438, 438, 438, 438, 438, 438, 438, 438, 438, 438, 438, 438, 438, 438, 438, 438, 438, 438, 438, 438, 438, 438, 438, 438, 438, 438, 438, 438, 438, 438, 438, 438, 438, 438, 438, 438, 438, 438, 438, 438, 438, 438, 438, 438, 438, 438, 438, 438, 438, 438, 438, 438, 438, 438, 438, 438, 438, 438, 438, 438, 438, 438, 438, 438, 438, 438, 438, 438, 438, 438, 438, 438, 438, 438, 438, 438, 438, 438, 438, 438, 438, 438, 438, 438, 438, 438, 438, 438, 438, 438, 438, 438, 438, 438, 438, 438, 438, 438, 438, 438, 438, 438, 438, 438, 438, 438, 438, 438, 438, 438, 438, 438, 438, 438, 438, 438, 438, 438, 438, 438, 438, 438, 438, 438, 438, 438, 438, 438, 438, 438, 438, 438, 438, 438, 438, 438, 438, 438, 438, 438, 438, 438, 438, 438, 438, 438, 438, 438, 438, 438, 438]

ep472
Train step Loss: [0.1661650836467743, 0.14836053550243378, 0.08282112330198288, 0.20341061055660248, 0.32569560408592224, 0.17305323481559753, 0.1355184018611908, 0.1885153204202652, 0.11934007704257965, 0.056070633232593536, 0.08523005992174149, 0.15558522939682007, 0.20306769013404846, 0.2463880181312561, 0.13523828983306885, 0.35681912302970886, 0.2282276153564453, 0.11907020956277847, 0.15038014948368073, 0.15171216428279877, 0.08166101574897766, 0.1899663507938385, 0.11779817193746567, 0.036575451493263245, 0.0352836512029171, 0.19832536578178406, 0.19845838844776154, 0.26877230405807495, 0.2632834017276764, 0.011982394382357597, 0.08058440685272217, 0.13313421607017517, 0.26532724499702454, 0.14051717519760132, 0.12676861882209778, 0.026549451053142548, 0.02338414452970028, 0.04957515746355057, 0.08229758590459824, 0.002951141446828842, 0.12250884622335434, 0.23956497013568878, 0.004136120900511742, 0.07007764279842377, 0.2759025990962982, 0.46918365359306335, 0.11804702132940292, 0.3474305272102356, 0.0760544165968895, 0.015274378471076488, 0.3855251371860504, 0.15971706807613373, 0.04941220581531525, 0.11596538126468658, 0.1452430635690689, 0.12927988171577454, 0.28925108909606934, 0.002068768721073866, 0.0797848254442215, 0.13566172122955322, 0.26476946473121643, 0.13036923110485077, 0.0036474037915468216]
val step Loss: [0.20850005745887756, 0.349285364151001, 0.40849602222442627, 0.4091774821281433, 0.678864598274231, 0.1588817983865738, 0.5077129006385803, 0.3447328507900238, 0.3649411201477051, 0.5786318182945251, 0.32713782787323, 0.40870633721351624, 0.2798958420753479, 0.66231769323349, 0.06913501024246216, 0.14507867395877838]
Train step Accs: [0.9532684664930794, 0.9597427652733119, 0.9780002471882339, 0.9469404630650496, 0.9143302180685359, 0.9574468085106383, 0.962182189855628, 0.9509157509157509, 0.9697053534375433, 0.9848879624804586, 0.978522867737948, 0.9566896551724138, 0.9439892745419336, 0.9308777804353026, 0.9641151255358237, 0.9083686440677966, 0.9352034768866061, 0.9663805436337625, 0.9622570058066144, 0.957202646145538, 0.980593139264726, 0.9508589692369157, 0.9687068568798896, 0.9908669383167065, 0.9913331633953607, 0.9464548003738817, 0.9409544351577245, 0.9278337370903991, 0.9288280818131565, 0.9969727547931383, 0.9785238548321327, 0.9671626475115443, 0.9270222743259086, 0.9614369501466276, 0.9655794378475876, 0.9930985915492958, 0.9949664429530202, 0.9875434530706837, 0.9785153118486452, 0.9998719262295082, 0.9656013001083423, 0.9365467625899281, 0.9994099424693907, 0.9820428099411004, 0.9243853985597219, 0.8738643246517263, 0.9674837418709354, 0.908416509306717, 0.9788204626914304, 0.9962204340404779, 0.9013879709187046, 0.9549904813706827, 0.9853408933757434, 0.9680523004810657, 0.9639452456612075, 0.9634652981427175, 0.9239461103867883, 1.0, 0.9789101203113942, 0.9654815326199516, 0.9270861103705679, 0.9644209956709957, 0.999779638607316]
val step Accs: [0.9439969313387034, 0.9199460916442048, 0.9003051881993896, 0.8955812730142031, 0.8331580331317381, 0.9615676359039191, 0.8738027439813616, 0.9166428367171862, 0.907782864617397, 0.8622291021671826, 0.9204037729604501, 0.9004011619864435, 0.9306810519217802, 0.8408366279811249, 0.9827904118008605, 0.9656218402426694]
Preds: [17, 17, 437, 284, 284, 284, 426, 426, 426, 426, 426, 319, 413, 413, 348, 250, 250, 250, 276, 276, 346, 346, 346, 346, 428, 146, 146, 422, 422, 31, 162, 232, 232, 232, 172, 172, 115, 115, 273, 273, 273, 151, 460, 460, 215, 35, 233, 375, 375, 375, 497, 186, 186, 323, 323, 323, 323, 238, 142, 397, 494, 494, 109, 498, 467, 313, 37, 385, 385, 183, 3, 3, 3, 464, 464, 110, 443, 443, 169, 169, 169, 150, 150, 150, 482, 482, 482, 482, 482, 115, 115, 267, 267, 267, 267, 213, 213, 246, 246, 246, 246, 246, 246, 3, 301, 143, 259, 259, 354, 106, 499, 284, 265, 306, 306, 85, 468, 406, 406, 467, 467, 467, 315, 315, 315, 450, 450, 203, 203, 53, 381, 291, 404, 225, 225, 197, 197, 320, 320, 127, 114, 114, 114, 403, 403, 403, 403, 207, 207, 301, 301, 378, 133, 8, 276, 346, 346, 346, 284, 284, 284, 426, 426, 450, 450, 413, 413, 348, 250, 364, 276, 276, 276, 138, 138, 138, 138, 182, 182, 426, 426, 426, 413, 413, 282, 282, 303, 303, 303, 303, 303, 303, 303, 303, 303, 303, 303, 479, 331, 331, 499, 106, 284, 284, 481, 481, 481, 481, 426, 426, 375, 98, 263, 263, 13, 13, 78, 170, 170, 170, 170, 28, 28, 28, 341, 341, 341, 341, 244, 341, 341, 12, 12, 12, 12, 12, 12, 260, 260, 260, 63, 63, 63, 63, 244, 63, 63, 244, 63, 63, 63, 73, 244, 73, 73, 244, 321, 320, 7, 7, 7, 479, 398, 398, 398, 360, 360, 360, 360, 434, 246, 246, 246, 246, 246, 246, 246, 246, 246, 324, 301, 301, 143, 259, 259, 354, 106, 284, 284, 284, 284, 426, 450, 450, 413, 175, 293, 497, 497, 497, 98, 197, 7, 32, 473, 473, 398, 398, 464, 464, 464, 464, 374, 374, 116, 116, 250, 250, 250, 153, 153, 153, 153, 153, 153, 182, 182, 387, 497, 497, 122, 122, 122, 143, 310, 310, 107, 107, 107, 395, 395, 395, 106, 106, 153, 424, 424, 182, 293, 293, 497, 497, 98, 35, 229, 229, 229, 170, 247, 312, 126, 126, 23, 23, 101, 155, 155, 320, 441, 148, 148, 153, 153, 182, 387, 387, 413, 122, 122, 250, 76, 465, 259, 208, 441, 441, 441, 346, 151, 169, 150, 150, 162, 54, 172, 172, 115, 273, 273, 494, 278, 278, 325, 286, 464, 464, 464, 264, 264, 264, 120, 120, 120, 282, 282, 271, 271, 271, 77, 77, 342, 433, 433, 115, 224, 267, 267, 267, 213, 213, 246, 246, 246, 246, 19, 197, 197, 226, 440, 440, 440, 89, 89, 446, 322, 67, 416, 32, 239, 259, 354, 354, 398, 464, 171, 403, 171, 171, 464, 464, 464, 464, 139, 139, 139, 293, 497, 497, 497, 122, 122, 310, 310, 107, 107, 395, 395, 395, 106, 153, 424, 424, 424, 424, 497, 497, 497, 497, 497, 122, 122, 42, 147, 380, 288, 288, 337, 337, 324, 19, 403, 403, 403, 403, 403, 403, 438, 438, 438, 438, 438, 438, 438, 438, 438, 438, 438, 438, 438, 438, 438, 438, 438, 438, 438, 438, 438, 438, 438, 438, 438, 438, 438, 438, 438, 438, 438, 438, 438, 438, 438, 438, 438, 438, 438, 438, 438, 438, 438, 438, 438, 438, 438, 438, 438, 438, 438, 438, 438, 438, 438, 438, 438, 438, 438, 438, 438, 438, 438, 438, 438, 438, 438, 438, 438, 438, 438, 438, 438, 438, 438, 438, 438, 438, 438, 438, 438, 438, 438, 438, 438, 438, 438, 438, 438, 438, 438, 438, 438, 438]

ep473
Train step Loss: [0.12103582173585892, 0.048261966556310654, 0.21587951481342316, 0.00914921797811985, 0.3230851888656616, 0.04990852251648903, 0.04387890547513962, 0.18616046011447906, 0.09633427113294601, 0.13756190240383148, 0.17171432077884674, 0.1036367118358612, 0.2723443806171417, 0.2834484875202179, 0.10664965212345123, 0.11487291753292084, 0.12950079143047333, 0.27362173795700073, 0.25552457571029663, 0.09190469980239868, 0.45562952756881714, 0.06351940333843231, 0.0962359830737114, 0.13869251310825348, 0.1878947913646698, 0.14422304928302765, 0.26343464851379395, 0.10743962228298187, 0.3074069917201996, 0.23043377697467804, 0.006595328450202942, 0.2655412256717682, 0.0022213743068277836, 0.08635598421096802, 0.062294285744428635, 0.4146142303943634, 0.06788194924592972, 0.14699244499206543, 0.0035808500833809376, 0.2635621428489685, 0.21332772076129913, 0.18944977223873138, 0.16878323256969452, 0.38223156332969666, 0.22123877704143524, 0.15161260962486267, 0.38610759377479553, 0.2760080397129059, 0.16876721382141113, 0.2643713653087616, 0.16948911547660828, 0.10041168332099915, 0.05088014528155327, 0.0678829625248909, 0.11244399845600128, 0.19118894636631012, 0.11339959502220154, 0.08722548186779022, 0.12903030216693878, 0.42055705189704895, 0.1292535960674286, 0.40713363885879517, 0.16967089474201202]
val step Loss: [0.31043174862861633, 0.16088148951530457, 0.7830288410186768, 0.15737506747245789, 0.9804840087890625, 0.45585256814956665, 0.4818307161331177, 0.6510828733444214, 0.050654735416173935, 0.1569647341966629, 0.1413678675889969, 0.2235446274280548, 0.27338629961013794, 0.5014020204544067, 0.2764367461204529, 0.43605145812034607]
Train step Accs: [0.9691780821917808, 0.9869820606445467, 0.9401822263303843, 0.9979989327641409, 0.9134600525421109, 0.9880764509907066, 0.9883645765998708, 0.9534101203571891, 0.9736111111111111, 0.961438888131898, 0.9536351165980795, 0.9719331872946331, 0.9274336283185841, 0.9256208660925995, 0.9702037947997189, 0.9708158658497259, 0.9629216615556175, 0.9244943197561651, 0.9287424306435713, 0.9754684418145957, 0.8822689511941848, 0.9822324698223247, 0.9721961886910341, 0.9617966556816795, 0.9526097984247764, 0.9600052452137424, 0.9251820236003013, 0.971435487775357, 0.9196499602227526, 0.9390365212448487, 0.9982754372998276, 0.932409545804465, 1.0, 0.9778033541598159, 0.9833445265278711, 0.8901618215666619, 0.9826659500134373, 0.9579945799457995, 0.9996462264150944, 0.9312885079024913, 0.9393200769724183, 0.9476439790575916, 0.9532133676092545, 0.8985586822237475, 0.9366895499618612, 0.9558612440191387, 0.9044368600682594, 0.9275061600311244, 0.9530916844349681, 0.9263963053831722, 0.955807743658211, 0.9740241891148983, 0.9859206214346401, 0.9811483666714635, 0.9695114006514658, 0.9488026424442609, 0.9696331930246542, 0.9781075164193627, 0.9668499607227022, 0.8856334841628959, 0.9681933842239185, 0.8896982310093653, 0.9533678756476683]
val step Accs: [0.9249349146658953, 0.9626141953619115, 0.8044238940264934, 0.9585308056872038, 0.7627993120783172, 0.8833375926399182, 0.8797061524334252, 0.8429084380610413, 0.9870513722730472, 0.96176433837311, 0.9683528836754643, 0.9432910686916539, 0.9328093697025736, 0.876046233559187, 0.9282892737769675, 0.8940250302785627]
Preds: [17, 196, 217, 217, 217, 217, 217, 473, 473, 65, 264, 264, 264, 264, 264, 264, 264, 264, 264, 264, 468, 468, 468, 467, 337, 337, 337, 324, 328, 3, 454, 197, 197, 197, 259, 354, 345, 109, 109, 109, 285, 288, 285, 313, 313, 337, 337, 337, 360, 360, 360, 360, 434, 434, 434, 200, 200, 398, 398, 324, 434, 434, 339, 339, 33, 33, 250, 250, 250, 250, 345, 153, 100, 424, 424, 424, 424, 182, 497, 497, 497, 122, 43, 75, 208, 208, 106, 481, 481, 481, 481, 426, 426, 306, 306, 372, 396, 396, 396, 313, 313, 406, 406, 495, 380, 134, 84, 84, 84, 375, 375, 375, 375, 375, 375, 98, 98, 98, 48, 48, 48, 48, 414, 414, 170, 170, 170, 170, 170, 170, 187, 187, 187, 12, 12, 12, 12, 12, 12, 12, 408, 408, 408, 391, 391, 321, 75, 478, 66, 66, 232, 172, 172, 172, 115, 267, 267, 267, 444, 374, 374, 374, 374, 139, 139, 293, 293, 497, 349, 349, 349, 349, 234, 234, 234, 261, 261, 25, 25, 30, 324, 324, 324, 464, 464, 464, 464, 180, 486, 486, 486, 486, 315, 315, 315, 315, 282, 282, 282, 388, 203, 53, 466, 466, 22, 448, 448, 448, 448, 324, 464, 464, 464, 464, 464, 315, 315, 315, 315, 315, 480, 480, 480, 480, 480, 282, 282, 282, 85, 299, 313, 334, 382, 406, 406, 406, 406, 406, 406, 380, 467, 467, 499, 302, 100, 375, 98, 375, 98, 98, 98, 13, 13, 414, 414, 414, 414, 414, 414, 414, 170, 187, 187, 187, 187, 187, 187, 391, 391, 244, 244, 244, 320, 320, 320, 83, 300, 222, 374, 337, 337, 313, 313, 24, 24, 310, 310, 107, 107, 395, 395, 485, 286, 464, 139, 139, 139, 139, 496, 216, 216, 81, 81, 81, 139, 139, 139, 240, 240, 186, 99, 107, 107, 107, 400, 400, 152, 422, 143, 143, 458, 144, 144, 27, 27, 27, 437, 437, 284, 284, 405, 405, 405, 206, 460, 460, 215, 35, 35, 35, 35, 441, 437, 100, 100, 426, 426, 375, 375, 98, 98, 98, 263, 263, 13, 13, 13, 414, 170, 170, 237, 237, 28, 244, 2, 2, 341, 2, 341, 12, 63, 63, 408, 408, 63, 391, 73, 73, 244, 321, 321, 412, 287, 287, 287, 486, 486, 460, 460, 460, 150, 150, 342, 342, 342, 342, 224, 224, 196, 116, 94, 479, 199, 464, 464, 443, 443, 258, 31, 31, 342, 232, 172, 172, 115, 273, 273, 151, 151, 486, 460, 240, 240, 35, 310, 310, 107, 161, 395, 395, 487, 494, 116, 285, 81, 302, 302, 302, 497, 497, 497, 497, 458, 208, 208, 441, 100, 153, 153, 387, 387, 387, 387, 372, 372, 406, 467, 467, 467, 467, 337, 41, 41, 41, 19, 19, 19, 19, 454, 454, 454, 454, 414, 414, 414, 102, 102, 47, 47, 170, 47, 392, 392, 392, 392, 392, 73, 244, 320, 320, 7, 7, 7, 217, 217, 217, 217, 473, 65, 65, 264, 264, 264, 264, 264, 264, 264, 264, 264, 264, 468, 468, 468, 468, 468, 467, 337, 337, 41, 41, 41, 19, 19, 19, 19, 454, 17, 83, 254, 443, 443, 438, 438, 438, 438, 438, 438, 438, 438, 438, 438, 438, 438, 438, 438, 438, 438, 438, 438, 438, 438, 438, 438, 438, 438, 438, 438, 438, 438, 438, 438, 438, 438, 438, 438, 438, 438, 438, 438, 438, 438, 438, 438, 438, 438, 438, 438, 438, 438, 438, 438, 438, 438, 438, 438, 438, 438, 438, 438, 438, 438, 438, 438, 438, 438, 438, 438, 438, 438, 438]

ep474
Train step Loss: [0.0021000916603952646, 0.09935367107391357, 0.18426728248596191, 0.12608885765075684, 0.05558747053146362, 0.2085992991924286, 0.07174910604953766, 0.19146206974983215, 0.062353432178497314, 0.2018466740846634, 0.15909253060817719, 0.0025184203404933214, 0.17719587683677673, 0.15948642790317535, 0.13981778919696808, 0.024265693500638008, 0.15177243947982788, 0.2564471364021301, 0.06784235686063766, 0.045507799834012985, 0.4200628399848938, 0.0020557530224323273, 0.04750358313322067, 0.11495090276002884, 0.07363919168710709, 0.23237381875514984, 0.18106888234615326, 0.02555454708635807, 0.058130279183387756, 0.37360113859176636, 0.04242449253797531, 0.061192113906145096, 0.23216773569583893, 0.003317650407552719, 0.017971310764551163, 0.004676629789173603, 0.06167813017964363, 0.21993760764598846, 0.13883091509342194, 0.06178588047623634, 0.1978493183851242, 0.04468013346195221, 0.15493397414684296, 0.20649684965610504, 0.21822349727153778, 0.36725562810897827, 0.2058122605085373, 0.17399579286575317, 0.002389417728409171, 0.0022319022100418806, 0.03461232781410217, 0.07015781104564667, 0.14266151189804077, 0.24613144993782043, 0.1583952009677887, 0.33956626057624817, 0.1396147608757019, 0.02439173497259617, 0.33454614877700806, 0.2266348898410797, 0.20078758895397186, 0.35990986227989197, 0.08610068261623383]
val step Loss: [0.6307746767997742, 0.6060295104980469, 0.20904317498207092, 0.2800312936306, 0.0022934535518288612, 0.36967188119888306, 0.28238287568092346, 0.1770918220281601, 0.2619185447692871, 0.16172820329666138, 0.45766395330429077, 0.5718121528625488, 0.45466548204421997, 0.49151700735092163, 0.5207463502883911, 0.46806633472442627]
Train step Accs: [1.0, 0.9716312056737588, 0.9524514886683454, 0.9657996838626239, 0.986328125, 0.9389900025634452, 0.9812243818590506, 0.945924453280318, 0.9817058096415328, 0.942113780654799, 0.9563942368991457, 1.0, 0.9518351420558469, 0.956314643440392, 0.9622876087857439, 0.9937946376302541, 0.961621330460544, 0.9269567489873253, 0.9805425365715097, 0.9891033215176579, 0.8858082706766918, 1.0, 0.9881325876415223, 0.9686296877228006, 0.9814862104187947, 0.9366683095120749, 0.9516441005802708, 0.9923038313535218, 0.9855257556406982, 0.9038107752956636, 0.9896436937492294, 0.9817961165048543, 0.9360126274890723, 0.9996706192358367, 0.9958093242535359, 0.9993833251110015, 0.9835612835349816, 0.94268909861852, 0.9628323043971274, 0.9850666666666666, 0.9508418520745641, 0.9886118805786396, 0.959499263622975, 0.9473922902494331, 0.9401213755900202, 0.897998093422307, 0.9415478138882394, 0.9569687178734029, 1.0, 1.0, 0.9912810194500336, 0.9803023997780552, 0.961993941063068, 0.930545712260808, 0.9564190076135468, 0.907175246732462, 0.9637221648724377, 0.9943470235348408, 0.9067255768286696, 0.9394644935972061, 0.9441438806843105, 0.906392694063927, 0.9754385964912281]
val step Accs: [0.8404838936559291, 0.8486949943260623, 0.9479193590074955, 0.9337160038267049, 1.0, 0.9055260773909667, 0.9414703783012134, 0.9546003016591252, 0.9355075657411488, 0.9596917605216361, 0.8830903044256844, 0.8616957306073362, 0.8872062663185378, 0.8703569880040468, 0.8782661782661783, 0.8882327209098863]
Preds: [17, 451, 360, 360, 360, 301, 143, 17, 321, 321, 320, 7, 196, 70, 473, 109, 429, 360, 360, 434, 434, 434, 19, 19, 454, 454, 454, 408, 149, 82, 82, 66, 66, 66, 68, 68, 68, 115, 115, 267, 267, 470, 139, 139, 139, 443, 443, 443, 443, 85, 146, 240, 240, 240, 216, 34, 166, 324, 324, 324, 301, 349, 349, 261, 25, 25, 183, 30, 186, 186, 99, 338, 338, 338, 338, 338, 400, 400, 267, 267, 290, 360, 246, 246, 434, 3, 3, 3, 14, 226, 321, 209, 145, 145, 145, 460, 460, 178, 215, 259, 29, 100, 100, 497, 497, 122, 368, 49, 453, 224, 168, 106, 106, 496, 496, 274, 274, 8, 82, 364, 345, 345, 81, 81, 81, 474, 324, 324, 324, 246, 434, 339, 339, 339, 217, 398, 398, 398, 398, 434, 434, 434, 199, 199, 331, 275, 282, 282, 452, 263, 263, 193, 17, 83, 443, 403, 438, 438, 438, 438, 438, 438, 438, 438, 438, 438, 438, 438, 438, 438, 438, 438, 438, 438, 438, 438, 438, 438, 438, 438, 438, 438, 438, 438, 438, 438, 438, 438, 438, 438, 438, 438, 438, 438, 438, 438, 438, 438, 438, 438, 438, 438, 438, 438, 438, 438, 438, 438, 438, 438, 438, 438, 438, 438, 438, 438, 438, 438, 438, 438, 438, 438, 438, 438, 438, 438, 438, 438, 438, 438, 438, 438, 438, 438, 438, 438, 438, 438, 438, 438, 438, 438, 438, 438, 438, 438, 438, 438, 438, 438, 438, 438, 438, 438, 438, 438, 438, 438, 438, 438, 438, 438, 438, 438, 438, 438, 438, 438, 438, 438, 438, 438, 438, 438, 438, 438, 438, 438, 438, 438, 438, 438, 438, 438, 438, 438, 438, 438, 438, 438, 438, 438, 438, 438, 438, 438, 438, 438, 438, 438, 438, 438, 438, 438, 438, 438, 438, 438, 438, 438, 438, 438, 438, 438, 438, 438, 438, 438, 438, 438, 438, 438, 438, 438, 438, 438, 438, 438, 438, 438, 438, 438, 438, 438, 438, 438, 438, 438, 438, 438, 438, 438, 438, 438, 438, 438, 438, 438, 438, 438, 438, 438, 438, 438, 438, 438, 438, 438, 438, 438, 438, 438, 438, 438, 438, 438, 438, 438, 438, 438, 438, 438, 438, 438, 438, 438, 438, 438, 438, 438, 438, 438, 438, 438, 438, 438, 438, 438, 438, 438, 438, 438, 438, 438, 438, 438, 438, 438, 438, 438, 438, 438, 438, 438, 438, 438, 438, 438, 438, 438, 438, 438, 438, 438, 438, 438, 438, 438, 438, 438, 438, 438, 438, 438, 438, 438, 438, 438, 438, 438, 438, 438, 438, 438, 438, 438, 438, 438, 438, 438, 438, 438, 438, 438, 438, 438, 438, 438, 438, 438, 438, 438, 438, 438, 438, 438, 438, 438, 438, 438, 438, 438, 438, 438, 438, 438, 438, 438, 438, 438, 438, 438, 438, 438, 438, 438, 438, 438, 438, 438, 438, 438, 438, 438, 438, 438, 438, 438, 438, 438, 438, 438, 438, 438, 438, 438, 438, 438, 438, 438, 438, 438, 438, 438, 438, 438, 438, 438, 438, 438, 438, 438, 438, 438, 438, 438, 438, 438, 438, 438, 438, 438, 438, 438, 438, 438, 438, 438, 438, 438, 438, 438, 438, 438, 438, 438, 438, 438, 438, 438, 438, 438, 438, 438, 438, 438, 438, 438, 438, 438, 438, 438, 438, 438, 438, 438, 438, 438, 438, 438, 438, 438, 438, 438, 438, 438, 438, 438, 438, 438, 438, 438, 438, 438, 438, 438, 438, 438, 438, 438, 438, 438, 438, 438, 438, 438, 438, 438, 438, 438, 438, 438, 438, 438, 438, 438, 438, 438, 438, 438]

ep475
Train step Loss: [0.23655705153942108, 0.019689815118908882, 0.061184149235486984, 0.002063299063593149, 0.18874631822109222, 0.08114418387413025, 0.23891057074069977, 0.002423454774543643, 0.0024693941231817007, 0.031391676515340805, 0.026686064898967743, 0.1246853768825531, 0.149789959192276, 0.09444975852966309, 0.12875618040561676, 0.046044040471315384, 0.1872866153717041, 0.13658778369426727, 0.18778572976589203, 0.23922531306743622, 0.1270279586315155, 0.021198030561208725, 0.12365751713514328, 0.043288953602313995, 0.2325855940580368, 0.2670571804046631, 0.09200271964073181, 0.31597399711608887, 0.06960634142160416, 0.2806500792503357, 0.15128113329410553, 0.0030291310977190733, 0.10421688854694366, 0.1703861951828003, 0.23620356619358063, 0.20759616792201996, 0.2324419766664505, 0.1870465874671936, 0.22386999428272247, 0.1448201984167099, 0.2906571924686432, 0.3177948594093323, 0.3157263398170471, 0.26240992546081543, 0.02636309713125229, 0.001916877692565322, 0.2378741055727005, 0.07641351968050003, 0.22218409180641174, 0.17721165716648102, 0.09975435584783554, 0.0766386091709137, 0.1854192614555359, 0.11550013720989227, 0.40250667929649353, 0.27067330479621887, 0.046842582523822784, 0.03718733787536621, 0.002194125670939684, 0.1463106870651245, 0.3036378026008606, 0.06299653649330139, 0.20554114878177643]
val step Loss: [0.33148330450057983, 0.18813805282115936, 0.1590007245540619, 0.2523749768733978, 0.3594283163547516, 0.19842591881752014, 0.4261176884174347, 0.5465844869613647, 0.5466678142547607, 0.02296324446797371, 0.4233283996582031, 0.405204176902771, 0.8030033707618713, 0.23793748021125793, 0.44495561718940735, 1.0461143255233765]
Train step Accs: [0.9348798211291224, 0.9952490421455938, 0.984180790960452, 1.0, 0.9507775524002704, 0.9797007156798959, 0.9351218883013027, 1.0, 0.9998639270649068, 0.9920302013422819, 0.9936631732878382, 0.9688576729393056, 0.9581418457334493, 0.9737844840725499, 0.9647908073070124, 0.988286762630539, 0.9494056248187881, 0.9616319222406957, 0.9486334294739733, 0.9377338721748242, 0.9651509262857884, 0.994261119081779, 0.9651044319918493, 0.9892622536634664, 0.9366040533860603, 0.9255518684172558, 0.9758099352051836, 0.9135162473131875, 0.9806877647645154, 0.9219657717067044, 0.9603424398841748, 0.9998784046692607, 0.9741313720517373, 0.9545566502463054, 0.9361731458505652, 0.9427306483861754, 0.9387489139878367, 0.9495208530166014, 0.9388674388674388, 0.9591128732499071, 0.9267318551163751, 0.9123330307353132, 0.9173223268412227, 0.9301683324566018, 0.9938262309893089, 1.0, 0.934219833073985, 0.9795411369282478, 0.9404480311673855, 0.9513744992402265, 0.9728477878933077, 0.9785328592124325, 0.9495486583405466, 0.9689049725237904, 0.8939039493601211, 0.9319505094614265, 0.9867930391547545, 0.990139808682855, 1.0, 0.9604421949920086, 0.9150425473510843, 0.9836689587426326, 0.940854326396495]
val step Accs: [0.9200737780510299, 0.9522301064368981, 0.9615597345132744, 0.9323875641412617, 0.9111467951291315, 0.9527183539991825, 0.8935270060640248, 0.8601340033500837, 0.8752125572269457, 0.9955721599557216, 0.8912645082467929, 0.9033578047899867, 0.7998276498830481, 0.9396097422019656, 0.8996659508470533, 0.7335153296934062]
Preds: [17, 17, 287, 287, 284, 319, 319, 319, 413, 293, 43, 43, 43, 153, 153, 153, 153, 138, 138, 297, 182, 182, 182, 182, 182, 293, 293, 497, 98, 98, 197, 197, 197, 197, 226, 209, 287, 287, 111, 111, 111, 111, 438, 388, 10, 10, 479, 479, 398, 398, 324, 301, 301, 378, 132, 53, 250, 70, 70, 138, 138, 138, 138, 138, 346, 426, 426, 426, 426, 426, 426, 426, 450, 450, 413, 203, 250, 250, 276, 440, 138, 138, 138, 138, 138, 182, 182, 98, 98, 335, 14, 14, 287, 287, 111, 111, 438, 438, 251, 251, 251, 241, 241, 431, 428, 428, 428, 428, 146, 146, 146, 252, 271, 186, 162, 54, 54, 482, 482, 482, 142, 397, 273, 487, 109, 290, 290, 290, 464, 464, 464, 464, 37, 314, 314, 32, 32, 239, 420, 420, 324, 340, 116, 116, 10, 10, 10, 250, 479, 331, 331, 284, 307, 307, 61, 61, 282, 240, 388, 76, 36, 77, 342, 68, 172, 172, 115, 267, 267, 444, 213, 213, 246, 246, 246, 246, 339, 24, 8, 32, 32, 354, 420, 41, 324, 324, 143, 143, 129, 401, 270, 68, 68, 115, 273, 273, 273, 486, 376, 376, 376, 460, 460, 460, 178, 143, 35, 401, 270, 66, 68, 342, 224, 267, 448, 448, 464, 464, 464, 180, 180, 284, 265, 265, 265, 85, 85, 85, 146, 240, 236, 314, 129, 259, 74, 425, 106, 106, 106, 206, 167, 35, 35, 35, 270, 68, 68, 115, 273, 273, 284, 486, 376, 376, 460, 460, 263, 263, 13, 233, 170, 170, 170, 170, 170, 170, 421, 28, 421, 421, 2, 2, 2, 2, 2, 2, 2, 2, 2, 316, 316, 316, 316, 73, 73, 73, 289, 66, 172, 172, 115, 397, 7, 7, 153, 153, 153, 153, 153, 387, 387, 387, 387, 348, 348, 175, 359, 81, 166, 324, 324, 464, 464, 180, 315, 319, 319, 319, 319, 413, 348, 466, 466, 466, 250, 250, 250, 473, 337, 41, 324, 324, 324, 19, 301, 76, 129, 129, 259, 354, 106, 106, 284, 319, 319, 240, 240, 314, 129, 36, 401, 478, 66, 68, 68, 68, 68, 68, 68, 115, 371, 444, 213, 213, 213, 213, 246, 246, 246, 246, 246, 246, 246, 19, 454, 414, 414, 414, 414, 414, 414, 414, 237, 47, 47, 47, 20, 20, 47, 47, 20, 47, 47, 80, 80, 73, 73, 73, 289, 320, 287, 287, 111, 460, 460, 240, 35, 35, 77, 342, 224, 168, 257, 257, 281, 31, 31, 162, 9, 482, 68, 115, 115, 273, 106, 106, 153, 424, 182, 182, 182, 375, 375, 98, 98, 197, 197, 197, 226, 80, 80, 20, 20, 320, 7, 7, 7, 359, 398, 360, 213, 360, 246, 246, 246, 246, 3, 197, 197, 440, 188, 324, 324, 422, 99, 99, 338, 338, 338, 338, 338, 400, 400, 286, 286, 278, 278, 139, 203, 8, 8, 8, 8, 100, 100, 100, 100, 375, 98, 98, 48, 48, 48, 48, 414, 414, 170, 170, 170, 47, 28, 28, 47, 2, 20, 47, 47, 20, 2, 20, 2, 2, 73, 73, 73, 73, 289, 289, 209, 287, 287, 111, 111, 240, 240, 35, 35, 36, 77, 68, 342, 172, 115, 267, 267, 213, 213, 213, 246, 246, 246, 301, 301, 378, 43, 364, 364, 276, 276, 346, 346, 428, 428, 428, 428, 428, 146, 240, 385, 35, 35, 36, 75, 108, 371, 87, 177, 457, 457, 457, 7, 196, 473, 278, 197, 457, 457, 457, 196, 309, 473, 278, 278, 301, 301, 251, 251, 241, 374, 374, 132, 132, 132, 132, 132, 132, 374, 374, 337, 337]

ep476
Train step Loss: [0.05072253942489624, 0.008949126116931438, 0.2058575451374054, 0.27969759702682495, 0.1968948096036911, 0.38888272643089294, 0.17223814129829407, 0.5179675817489624, 0.13405947387218475, 0.21936580538749695, 0.02922186814248562, 0.11206717044115067, 0.1411164104938507, 0.14941374957561493, 0.09639398008584976, 0.2887212038040161, 0.003240373916924, 0.038995999842882156, 0.06962981075048447, 0.002311960095539689, 0.0028709762264043093, 0.2959163784980774, 0.05543993413448334, 0.130173459649086, 0.10597049444913864, 0.0038523240946233273, 0.09597482532262802, 0.017484351992607117, 0.07562486827373505, 0.05935084447264671, 0.04431859776377678, 0.11549526453018188, 0.007728765718638897, 0.04508397728204727, 0.06148252263665199, 0.0020596892572939396, 0.00204281834885478, 0.2657909691333771, 0.081313356757164, 0.0022358279675245285, 0.06326029449701309, 0.0019864263013005257, 0.1808849573135376, 0.24590522050857544, 0.17327548563480377, 0.23002111911773682, 0.09792212396860123, 0.11190395802259445, 0.19992206990718842, 0.31364598870277405, 0.41881197690963745, 0.031989891082048416, 0.18006698787212372, 0.389399915933609, 0.04546476528048515, 0.23793043196201324, 0.048397768288850784, 0.09440691024065018, 0.10478752106428146, 0.3105175197124481, 0.02434029057621956, 0.05856435373425484, 0.19264231622219086]
val step Loss: [0.1770339012145996, 0.27683886885643005, 0.3148997128009796, 0.4036209285259247, 0.6919154524803162, 0.11065277457237244, 0.29763033986091614, 0.5018228888511658, 0.5565303564071655, 0.41104766726493835, 0.585055947303772, 0.01809844933450222, 0.4967676103115082, 0.18470436334609985, 0.4426345229148865, 0.6502370834350586]
Train step Accs: [0.9864663890541344, 0.9986159169550173, 0.9428759894459103, 0.9275720164609054, 0.9490046359421871, 0.8933250927070457, 0.9561718637735307, 0.8549222797927462, 0.9641370869033048, 0.941563569360358, 0.9925311203319502, 0.9709549447435534, 0.962771978367501, 0.9583582089552238, 0.974695796460177, 0.92235985187077, 0.9998749531074153, 0.9903038902684167, 0.9823263460748047, 1.0, 0.9998556998556999, 0.9202586206896551, 0.9851148060174189, 0.9624060150375939, 0.9711166390270868, 0.9994989352373794, 0.9736842105263158, 0.9951547779273217, 0.9799228825953995, 0.9850467289719627, 0.9883134130146083, 0.9671575654893784, 0.998585390946502, 0.9870327993897788, 0.9826989619377162, 1.0, 1.0, 0.9285810175862532, 0.9791932059447983, 1.0, 0.9834665943894837, 1.0, 0.9513588850174216, 0.9342236113084245, 0.9572007808980327, 0.9370098984445302, 0.9718018367610917, 0.9713847726111395, 0.943643339066014, 0.9182907463548433, 0.8819568503504192, 0.9911007025761124, 0.9537226277372263, 0.8946490440138586, 0.9863206341089236, 0.9363591514553528, 0.9871134020618557, 0.9755874673629242, 0.9747401657676622, 0.9204876021609641, 0.9945292254534984, 0.983836777954425, 0.9495455969915387]
val step Accs: [0.9593314763231198, 0.9331356560415123, 0.9220871040723982, 0.8978826051996783, 0.8264662461414575, 0.9735676908627399, 0.9256157019627453, 0.8681137344503681, 0.8631665977676726, 0.9045149121772957, 0.861058855146466, 0.9965131483364812, 0.8739567992145312, 0.9515116109244924, 0.8990592802747499, 0.8372093023255814]
Preds: [17, 309, 479, 199, 199, 360, 360, 360, 252, 143, 35, 35, 196, 70, 65, 65, 46, 46, 46, 460, 460, 178, 35, 77, 342, 342, 342, 115, 273, 273, 486, 486, 486, 460, 460, 178, 178, 35, 183, 192, 445, 451, 213, 213, 213, 213, 246, 19, 19, 19, 19, 454, 454, 454, 414, 414, 414, 414, 442, 102, 187, 187, 187, 187, 12, 12, 12, 341, 341, 12, 260, 260, 260, 391, 391, 391, 73, 73, 289, 321, 320, 287, 287, 287, 287, 287, 284, 284, 284, 111, 111, 111, 111, 438, 438, 438, 313, 313, 250, 250, 250, 134, 378, 378, 88, 88, 109, 106, 284, 284, 284, 284, 206, 206, 206, 169, 167, 35, 35, 259, 127, 127, 114, 114, 114, 264, 264, 264, 264, 264, 264, 264, 264, 264, 264, 264, 264, 264, 264, 264, 264, 264, 468, 468, 468, 406, 406, 467, 337, 288, 288, 290, 290, 290, 330, 330, 388, 67, 250, 250, 70, 65, 65, 426, 426, 426, 426, 319, 319, 299, 348, 348, 10, 479, 331, 331, 486, 486, 486, 460, 169, 150, 150, 150, 342, 342, 342, 224, 224, 257, 257, 257, 257, 31, 31, 31, 162, 482, 482, 482, 323, 18, 272, 273, 273, 106, 106, 106, 109, 106, 355, 355, 355, 169, 169, 169, 150, 150, 39, 39, 433, 238, 142, 397, 397, 397, 397, 494, 494, 236, 36, 36, 164, 108, 115, 115, 273, 470, 403, 403, 403, 171, 171, 252, 252, 34, 34, 470, 403, 403, 171, 171, 171, 171, 171, 246, 246, 358, 252, 143, 143, 196, 196, 196, 309, 473, 473, 429, 429, 429, 434, 434, 434, 246, 19, 19, 19, 454, 454, 454, 454, 229, 229, 414, 414, 126, 126, 126, 292, 292, 292, 292, 292, 21, 408, 408, 408, 408, 408, 408, 408, 391, 244, 289, 66, 66, 66, 66, 68, 172, 115, 267, 267, 267, 267, 464, 464, 464, 464, 443, 443, 443, 240, 240, 240, 240, 325, 34, 324, 324, 324, 324, 301, 301, 422, 349, 349, 261, 25, 25, 420, 420, 324, 324, 99, 99, 99, 338, 338, 338, 338, 338, 338, 400, 400, 400, 213, 213, 213, 213, 246, 246, 246, 246, 246, 246, 3, 3, 14, 440, 440, 145, 145, 486, 460, 460, 169, 215, 35, 35, 441, 100, 100, 153, 387, 387, 122, 99, 99, 99, 107, 395, 395, 395, 134, 139, 139, 496, 497, 497, 43, 8, 8, 354, 473, 473, 109, 288, 290, 290, 290, 171, 434, 434, 434, 339, 339, 339, 398, 398, 398, 246, 246, 246, 246, 246, 246, 286, 464, 464, 264, 282, 282, 282, 282, 282, 263, 263, 263, 13, 414, 414, 414, 414, 414, 312, 312, 187, 187, 187, 23, 23, 23, 23, 23, 23, 23, 149, 149, 149, 320, 320, 7, 7, 251, 251, 241, 241, 470, 403, 403, 403, 403, 290, 290, 290, 290, 360, 434, 434, 434, 360, 360, 434, 434, 434, 434, 434, 339, 339, 10, 10, 309, 309, 479, 331, 331, 331, 331, 284, 426, 426, 426, 426, 426, 426, 282, 282, 282, 355, 355, 355, 452, 263, 263, 13, 13, 414, 414, 414, 414, 170, 170, 244, 249, 249, 244, 2, 2, 2, 2, 244, 2, 2, 73, 73, 73, 73, 244, 321, 321, 287, 287, 287, 287, 284, 284, 284, 206, 206, 206, 169, 150, 150, 54, 54, 54, 54, 482, 482, 482, 238, 272, 273, 273, 106, 106, 153, 153, 424, 182, 182, 182, 182, 182, 182, 387, 387, 387, 387, 293, 293, 293, 122, 122, 36, 36, 108, 108, 108, 449, 371, 444, 444, 278, 301, 301, 301, 8, 364]

ep477
Train step Loss: [0.1543494462966919, 0.18661437928676605, 0.20498807728290558, 0.04940572753548622, 0.2504274547100067, 0.4055992364883423, 0.26126688718795776, 0.1924184262752533, 0.37887492775917053, 0.3309594392776489, 0.4744323492050171, 0.12970221042633057, 0.038088686764240265, 0.19677437841892242, 0.3823946714401245, 0.08335567265748978, 0.029478248208761215, 0.24181345105171204, 0.18916243314743042, 0.20712648332118988, 0.0023043486289680004, 0.2394038736820221, 0.15072834491729736, 0.04091104492545128, 0.00209762598387897, 0.14357690513134003, 0.25929781794548035, 0.12522855401039124, 0.13552720844745636, 0.4617869257926941, 0.04045318812131882, 0.017307600006461143, 0.20738975703716278, 0.1925053894519806, 0.19707930088043213, 0.24821390211582184, 0.17516057193279266, 0.15936055779457092, 0.0018036685651168227, 0.1956084817647934, 0.2088753581047058, 0.16700266301631927, 0.1554831564426422, 0.13337494432926178, 0.15584175288677216, 0.16275475919246674, 0.002043840941041708, 0.0024661067873239517, 0.19821932911872864, 0.002313274657353759, 0.11027636379003525, 0.15608803927898407, 0.1815442591905594, 0.3736393451690674, 0.1140473261475563, 0.27758464217185974, 0.2655242085456848, 0.09160292148590088, 0.11477353423833847, 0.00216127117164433, 0.04495956003665924, 0.1891455203294754, 0.09040217846632004]
val step Loss: [0.2852071523666382, 0.42996445298194885, 0.8087857961654663, 0.30229315161705017, 0.272604763507843, 0.5396978855133057, 0.030719267204403877, 0.08259079605340958, 0.38974833488464355, 0.4503166675567627, 0.550823986530304, 0.48543018102645874, 0.44804733991622925, 0.14671526849269867, 0.5994449853897095, 0.02069302834570408]
Train step Accs: [0.9565334773218143, 0.9479537366548043, 0.9488867983693948, 0.9864922508175743, 0.9356076174818468, 0.8921194579660571, 0.9311145510835913, 0.947529224229543, 0.8963793569305593, 0.9107497024990083, 0.8667799712380704, 0.9659580018260076, 0.9895091794679656, 0.9469004993301668, 0.8984265063323525, 0.9765606314278881, 0.9928036845135291, 0.934750516681429, 0.9471230523862103, 0.94453158420077, 1.0, 0.9342861146139835, 0.9583444237423476, 0.9897218863361548, 1.0, 0.9621540965816603, 0.9315701091519731, 0.9643170151496181, 0.9627138470536628, 0.8765083440308087, 0.9893563944786297, 0.9957018297924598, 0.9465825717595572, 0.9481472270579457, 0.9476771106652261, 0.9327846364883402, 0.9558057876256205, 0.9570357188254734, 1.0, 0.9452240275726244, 0.9463524692905491, 0.9584527220630372, 0.9572533586646763, 0.9600327600327601, 0.958768406961178, 0.9576764664110211, 1.0, 1.0, 0.9473833498794497, 1.0, 0.9722399897658949, 0.9559102402022756, 0.9485877106045589, 0.9024665257223397, 0.9714917990106743, 0.9249592169657422, 0.9252688923033944, 0.9751092281212763, 0.969079939668175, 1.0, 0.9872826369063068, 0.948644793152639, 0.9746985102861196]
val step Accs: [0.9334397642146629, 0.8905643475664378, 0.8080979039187606, 0.9308303249097473, 0.933874875302836, 0.8594193112761648, 0.9922606924643584, 0.9791794243723209, 0.9031181829847299, 0.8873957944506656, 0.8731892953596857, 0.8750338845215505, 0.8788829620332601, 0.9622488876904409, 0.8553153383651017, 0.9960971379011275]
Preds: [17, 479, 398, 360, 360, 171, 360, 360, 171, 434, 252, 252, 252, 252, 143, 393, 205, 441, 441, 148, 148, 346, 346, 306, 306, 306, 203, 203, 467, 65, 65, 84, 319, 319, 319, 175, 175, 251, 251, 251, 81, 81, 219, 219, 398, 398, 360, 464, 464, 464, 464, 264, 264, 468, 468, 58, 58, 156, 84, 84, 84, 426, 426, 450, 413, 98, 98, 263, 263, 13, 417, 417, 414, 414, 170, 170, 170, 170, 28, 82, 2, 2, 2, 2, 2, 2, 2, 2, 163, 316, 316, 73, 73, 140, 140, 320, 320, 320, 373, 4, 4, 219, 4, 219, 219, 219, 453, 280, 444, 444, 360, 213, 360, 213, 213, 246, 246, 246, 19, 19, 454, 454, 454, 414, 414, 414, 414, 414, 249, 249, 249, 47, 249, 249, 2, 244, 461, 316, 316, 244, 73, 73, 244, 244, 320, 320, 320, 7, 479, 398, 360, 360, 360, 171, 171, 252, 378, 173, 280, 34, 324, 324, 324, 324, 422, 143, 77, 478, 342, 342, 232, 172, 172, 115, 115, 267, 444, 171, 171, 252, 252, 301, 173, 4, 4, 4, 4, 4, 280, 280, 25, 444, 213, 213, 213, 213, 213, 246, 246, 246, 246, 19, 454, 454, 454, 454, 197, 197, 197, 197, 80, 80, 7, 7, 478, 310, 9, 9, 172, 395, 395, 470, 470, 403, 403, 403, 403, 403, 171, 207, 358, 358, 358, 225, 225, 225, 414, 197, 197, 451, 451, 451, 30, 213, 360, 360, 360, 457, 457, 457, 196, 196, 398, 398, 360, 360, 360, 360, 464, 464, 315, 315, 315, 315, 315, 315, 315, 450, 450, 450, 450, 175, 175, 43, 43, 43, 276, 276, 153, 153, 424, 497, 497, 497, 497, 175, 413, 250, 250, 413, 426, 426, 319, 319, 413, 413, 413, 381, 250, 42, 250, 88, 241, 431, 431, 426, 426, 426, 426, 426, 480, 480, 480, 480, 426, 426, 85, 85, 299, 299, 299, 299, 116, 399, 217, 473, 398, 324, 324, 324, 324, 464, 464, 464, 264, 264, 222, 222, 245, 173, 349, 349, 349, 234, 155, 155, 25, 148, 148, 153, 153, 153, 153, 387, 387, 387, 285, 134, 134, 134, 88, 88, 88, 88, 387, 497, 175, 175, 431, 431, 265, 265, 428, 85, 85, 146, 146, 146, 464, 464, 464, 464, 171, 171, 171, 325, 325, 464, 464, 464, 120, 443, 120, 120, 263, 263, 263, 263, 229, 229, 229, 312, 312, 312, 312, 292, 292, 292, 292, 23, 23, 23, 23, 23, 23, 23, 23, 260, 260, 260, 391, 391, 391, 73, 73, 244, 73, 320, 321, 320, 320, 287, 284, 284, 284, 284, 284, 284, 284, 284, 284, 284, 480, 85, 480, 85, 85, 85, 85, 85, 85, 146, 146, 207, 207, 207, 324, 464, 464, 464, 464, 464, 486, 315, 315, 315, 315, 282, 450, 450, 175, 43, 43, 276, 153, 153, 153, 297, 297, 182, 182, 182, 182, 182, 182, 372, 372, 372, 372, 372, 59, 59, 59, 467, 467, 467, 467, 134, 134, 175, 431, 431, 431, 431, 431, 480, 480, 480, 85, 85, 85, 85, 85, 299, 468, 468, 59, 467, 467, 275, 275, 275, 303, 303, 303, 303, 98, 98, 98, 233, 233, 414, 170, 209, 188, 188, 188, 19, 19, 303, 303, 282, 282, 282, 37, 303, 303, 102, 48, 48, 170, 170, 170, 249, 249, 249, 249, 249, 249, 249, 249, 98, 249, 249, 249, 249, 249, 249, 249, 249, 249, 249, 249, 249, 249, 249, 249, 441, 441, 346, 346, 284, 206, 206, 206, 167, 167, 167, 233, 170, 170, 170, 352, 352, 40, 40, 305, 237, 237, 102]

ep478
Train step Loss: [0.25842779874801636, 0.05913914367556572, 0.05591288208961487, 0.047391343861818314, 0.0020978760439902544, 0.15248383581638336, 0.3875890076160431, 0.17963288724422455, 0.12379362434148788, 0.1062513142824173, 0.03071216121315956, 0.06360217183828354, 0.06822030991315842, 0.047571323812007904, 0.19655843079090118, 0.05494131147861481, 0.1695597618818283, 0.11713935434818268, 0.19629593193531036, 0.002365258987993002, 0.13243596255779266, 0.08785507827997208, 0.11324334144592285, 0.11583081632852554, 0.0034287741873413324, 0.08318563550710678, 0.4476989507675171, 0.21369411051273346, 0.2535995841026306, 0.17062968015670776, 0.18723182380199432, 0.15029394626617432, 0.23570993542671204, 0.0240684375166893, 0.06299670785665512, 0.07093697786331177, 0.05686482414603233, 0.16350676119327545, 0.16386353969573975, 0.1741613894701004, 0.22589246928691864, 0.2982345521450043, 0.11981172114610672, 0.11136459559202194, 0.1277880221605301, 0.13865292072296143, 0.2402864247560501, 0.14564386010169983, 0.22907836735248566, 0.313424676656723, 0.28310880064964294, 0.11397822946310043, 0.0021416707895696163, 0.23528818786144257, 0.026216750964522362, 0.3120294213294983, 0.12138799577951431, 0.13754720985889435, 0.10355599969625473, 0.2169249802827835, 0.1824229508638382, 0.06935713440179825, 0.15264560282230377]
val step Loss: [0.3165859282016754, 0.4987248480319977, 0.3546909987926483, 0.36923325061798096, 0.2772120237350464, 0.3500775098800659, 0.2830428183078766, 0.27894365787506104, 0.3425429165363312, 0.16846990585327148, 0.4033784866333008, 0.44185906648635864, 0.595980167388916, 0.7130094170570374, 0.2705860435962677, 0.4671103358268738]
Train step Accs: [0.9286020889969953, 0.9848333094863356, 0.9856436240801062, 0.9880266075388027, 1.0, 0.9572835215754416, 0.8977994387830454, 0.9523983442902362, 0.965173517105587, 0.9721821283296156, 0.9919587887925618, 0.9813543959601191, 0.981763316714773, 0.986939239068711, 0.9466683719145671, 0.9848194032455069, 0.9546542553191489, 0.9684922244759973, 0.9482457319532195, 0.9998662565199946, 0.9661816222042576, 0.9731936527499615, 0.9697773846380657, 0.9689164086687306, 0.9998686284813453, 0.9777651083238312, 0.8803375740017635, 0.9408017402113114, 0.9353523587652883, 0.9544804265834309, 0.9507649513212796, 0.9613701524068206, 0.9347050428163654, 0.9944117647058823, 0.9833779405550077, 0.9808808016877637, 0.9839782756279701, 0.9580059991429796, 0.9548455241616055, 0.9548452562151192, 0.9384676458912267, 0.9197060424605334, 0.9654764719791913, 0.9699019743200331, 0.9645654606490116, 0.9639572827054287, 0.9318324739026538, 0.9605528361646991, 0.9365200764818356, 0.9199340185255678, 0.922679672930713, 0.968101013457385, 1.0, 0.9368297148835992, 0.9931833674164963, 0.9151308657271179, 0.9678233438485805, 0.9613863995782815, 0.9736808806782234, 0.9412520889574495, 0.9528444139821796, 0.9843707529219897, 0.9575691212701889]
val step Accs: [0.9168937329700273, 0.8777448071216617, 0.9097222222222222, 0.9099448897795591, 0.9318391157506908, 0.9209991286668603, 0.9296085040186673, 0.9242380261248185, 0.9137565389509402, 0.9591037100526509, 0.8995734308348567, 0.8898246582907635, 0.8556136723026396, 0.8283427216128076, 0.9293336803748048, 0.8823156560321149]
Preds: [17, 17, 287, 287, 284, 284, 319, 450, 450, 450, 169, 169, 76, 76, 349, 234, 234, 234, 234, 234, 234, 261, 25, 106, 25, 106, 284, 428, 428, 330, 388, 388, 10, 10, 10, 309, 479, 398, 398, 324, 324, 422, 186, 162, 162, 232, 232, 172, 172, 115, 273, 267, 267, 267, 324, 324, 3, 3, 14, 14, 411, 188, 188, 171, 443, 443, 271, 178, 143, 96, 54, 232, 232, 86, 238, 6, 336, 336, 440, 145, 145, 145, 486, 486, 460, 468, 406, 406, 406, 42, 132, 32, 32, 32, 32, 239, 82, 310, 107, 107, 107, 395, 395, 286, 286, 264, 264, 264, 120, 120, 120, 120, 120, 207, 178, 178, 143, 233, 233, 170, 170, 170, 312, 312, 170, 170, 82, 170, 170, 187, 187, 187, 244, 2, 2, 2, 2, 244, 392, 316, 316, 392, 244, 73, 73, 73, 244, 287, 287, 100, 293, 293, 43, 43, 8, 129, 144, 208, 27, 346, 106, 174, 426, 319, 348, 348, 348, 199, 199, 250, 250, 98, 197, 129, 401, 7, 7, 217, 473, 109, 109, 313, 313, 406, 285, 337, 337, 337, 324, 340, 116, 94, 94, 199, 398, 340, 340, 116, 94, 94, 479, 331, 331, 138, 138, 138, 138, 138, 182, 497, 497, 43, 416, 32, 239, 208, 208, 27, 441, 346, 426, 426, 319, 348, 348, 94, 250, 250, 303, 375, 98, 98, 98, 13, 414, 414, 170, 170, 170, 170, 170, 28, 2, 2, 244, 2, 2, 2, 2, 2, 244, 244, 73, 73, 73, 73, 244, 320, 7, 70, 473, 106, 284, 405, 206, 206, 240, 385, 35, 82, 77, 270, 323, 323, 142, 397, 106, 153, 153, 153, 153, 387, 169, 349, 349, 349, 234, 234, 234, 261, 25, 25, 100, 100, 100, 302, 497, 497, 98, 98, 98, 197, 226, 226, 226, 226, 226, 442, 209, 287, 287, 284, 284, 284, 480, 480, 480, 480, 480, 480, 480, 480, 480, 282, 282, 282, 388, 388, 388, 388, 195, 195, 195, 250, 250, 250, 250, 250, 109, 109, 109, 403, 403, 403, 207, 207, 207, 252, 416, 32, 32, 239, 75, 131, 180, 106, 153, 153, 387, 349, 349, 349, 349, 234, 261, 261, 25, 148, 148, 148, 148, 153, 182, 182, 182, 182, 406, 132, 42, 42, 495, 134, 132, 132, 98, 98, 98, 98, 13, 13, 78, 78, 170, 170, 170, 170, 312, 187, 187, 187, 187, 391, 391, 392, 392, 73, 73, 73, 244, 310, 310, 323, 323, 323, 323, 273, 106, 106, 153, 153, 153, 182, 182, 182, 182, 182, 182, 182, 182, 182, 182, 182, 345, 122, 122, 236, 129, 129, 82, 75, 310, 310, 323, 323, 273, 106, 106, 106, 100, 375, 98, 98, 98, 98, 17, 83, 83, 403, 403, 438, 438, 438, 438, 438, 438, 438, 438, 438, 438, 438, 438, 438, 438, 438, 438, 438, 438, 438, 438, 438, 438, 438, 438, 438, 438, 438, 438, 438, 438, 438, 438, 438, 438, 438, 438, 438, 438, 438, 438, 438, 438, 438, 438, 438, 438, 438, 438, 438, 438, 438, 438, 438, 438, 438, 438, 438, 438, 438, 438, 438, 438, 438, 438, 438, 438, 438, 438, 438, 438, 438, 438, 438, 438, 438, 438, 438, 438, 438, 438, 438, 438, 438, 438, 438, 438, 438, 438, 438, 438, 438, 438, 438, 438, 438, 438, 438, 438, 438, 438, 438, 438, 438, 438, 438, 438, 438, 438, 438, 438, 438, 438, 438, 438, 438, 438, 438, 438, 438, 438, 438, 438, 438, 438, 438, 438, 438, 438, 438, 438, 438, 438, 438, 438, 438, 438, 438, 438, 438, 438, 438]

ep479
Train step Loss: [0.21670706570148468, 0.022335106506943703, 0.40454941987991333, 0.3643037974834442, 0.10169275104999542, 0.0019486176315695047, 0.00271812011487782, 0.2525944709777832, 0.23581331968307495, 0.30956244468688965, 0.002206035191193223, 0.07425589859485626, 0.08851917833089828, 0.40810325741767883, 0.31989747285842896, 0.08353731781244278, 0.0919313132762909, 0.2641390562057495, 0.2595498263835907, 0.2029237002134323, 0.0033330332953482866, 0.0391002856194973, 0.10061430186033249, 0.0018580621108412743, 0.27335649728775024, 0.06013267859816551, 0.1822684407234192, 0.23748049139976501, 0.08773186802864075, 0.26337528228759766, 0.2461901605129242, 0.25568628311157227, 0.14063258469104767, 0.18066225945949554, 0.1468041092157364, 0.06450490653514862, 0.22297005355358124, 0.21561573445796967, 0.1392700970172882, 0.16073335707187653, 0.49604231119155884, 0.04322061687707901, 0.006793259643018246, 0.12660479545593262, 0.18749099969863892, 0.20692066848278046, 0.23874591290950775, 0.1075182780623436, 0.03534358739852905, 0.1801084578037262, 0.3013656735420227, 0.10141578316688538, 0.05758656561374664, 0.115751251578331, 0.41444286704063416, 0.40114906430244446, 0.05659005045890808, 0.002018260769546032, 0.2630309760570526, 0.15154992043972015, 0.25004342198371887, 0.08393417298793793, 0.13885486125946045]
val step Loss: [0.25464996695518494, 0.4885569214820862, 0.3530201315879822, 0.7135463356971741, 0.7225035429000854, 0.3359454870223999, 0.15478773415088654, 0.39827004075050354, 0.2352960705757141, 0.27376770973205566, 0.3509029746055603, 0.22656187415122986, 0.7106603384017944, 0.6058902144432068, 0.4685133397579193, 0.09575021266937256]
Train step Accs: [0.9467998919794761, 0.9934984091852261, 0.8885082084225553, 0.902950981602667, 0.9730828543389878, 1.0, 0.9997222607971115, 0.9297891147872206, 0.9360662413465454, 0.9098175036632477, 1.0, 0.9800246271719798, 0.975670372792675, 0.8891743747858856, 0.9125967628430682, 0.9767973070449627, 0.9735281952295601, 0.9268133871597865, 0.9315535359272934, 0.9451311806256307, 0.9998570611778159, 0.9897820163487738, 0.9714765100671141, 1.0, 0.9270180120080054, 0.9838844123367602, 0.949533604400861, 0.9367878459034183, 0.9770313329792883, 0.929639889196676, 0.9379731103830076, 0.9311656441717792, 0.961843263868506, 0.9527216610549943, 0.9593716961184111, 0.9817621371692782, 0.9407126611068992, 0.9409584664536741, 0.9664977477477478, 0.9566815437122604, 0.8708272859216255, 0.9892290935495582, 0.9987398327414366, 0.9668554067117802, 0.9486296240826718, 0.94713766754353, 0.9308403118683223, 0.9708652148322543, 0.9908496732026144, 0.9500636942675159, 0.9205110007097232, 0.972610096670247, 0.98492704690703, 0.9662296950698205, 0.884372055458339, 0.8897841289145637, 0.9836040686200092, 1.0, 0.9313955305516487, 0.9600994243851386, 0.934964291141164, 0.9764673311184939, 0.9665605095541401]
val step Accs: [0.9352775645945255, 0.8736133122028527, 0.9145222929936305, 0.8262426586448933, 0.8232116788321168, 0.920075349838536, 0.9580846093952764, 0.9007749792416274, 0.9399063475546305, 0.9311668723433429, 0.9208339865182631, 0.9414179104477612, 0.8256702499676207, 0.8550126481160963, 0.8830623306233062, 0.9763678397123041]
Preds: [17, 287, 111, 111, 319, 319, 348, 216, 8, 43, 345, 276, 100, 497, 497, 497, 122, 42, 42, 495, 406, 380, 380, 499, 499, 284, 481, 426, 426, 481, 481, 16, 293, 293, 293, 348, 348, 250, 250, 250, 65, 65, 65, 426, 426, 426, 426, 206, 206, 169, 169, 77, 77, 342, 342, 342, 115, 267, 267, 448, 324, 464, 464, 464, 180, 315, 315, 319, 319, 319, 282, 330, 388, 299, 116, 250, 250, 250, 10, 479, 479, 331, 180, 486, 486, 486, 460, 169, 150, 150, 342, 342, 224, 494, 494, 422, 99, 99, 338, 338, 338, 400, 400, 400, 213, 213, 324, 246, 246, 422, 186, 99, 338, 338, 338, 338, 395, 395, 400, 400, 374, 374, 374, 374, 374, 374, 139, 302, 497, 497, 497, 122, 129, 259, 74, 74, 183, 420, 213, 213, 213, 252, 143, 143, 259, 192, 192, 420, 420, 213, 324, 324, 301, 301, 173, 465, 280, 280, 420, 213, 213, 213, 213, 246, 246, 19, 19, 19, 454, 454, 414, 414, 414, 414, 170, 312, 187, 126, 126, 292, 292, 408, 408, 408, 408, 391, 391, 391, 228, 289, 373, 66, 66, 66, 68, 172, 172, 115, 115, 267, 267, 267, 267, 213, 246, 246, 246, 246, 246, 246, 246, 246, 246, 301, 301, 8, 259, 354, 106, 106, 284, 284, 376, 206, 460, 169, 169, 150, 77, 342, 342, 172, 172, 224, 196, 485, 309, 479, 331, 84, 84, 153, 153, 497, 497, 497, 43, 43, 276, 276, 346, 346, 346, 284, 486, 376, 376, 376, 460, 460, 460, 263, 263, 263, 414, 414, 414, 414, 414, 170, 170, 244, 47, 47, 73, 244, 244, 244, 321, 321, 320, 7, 7, 479, 398, 290, 290, 290, 290, 434, 434, 378, 378, 250, 406, 406, 467, 337, 337, 476, 360, 434, 434, 422, 99, 99, 99, 338, 338, 338, 400, 400, 400, 30, 464, 464, 464, 464, 240, 240, 416, 8, 259, 100, 100, 100, 100, 497, 497, 122, 122, 239, 445, 445, 445, 464, 171, 171, 171, 171, 171, 252, 416, 183, 192, 464, 464, 443, 443, 240, 203, 8, 8, 183, 183, 420, 213, 213, 213, 246, 246, 246, 246, 246, 19, 19, 19, 454, 229, 414, 414, 414, 126, 187, 408, 408, 391, 391, 73, 244, 321, 320, 320, 7, 276, 276, 346, 346, 346, 346, 387, 293, 293, 167, 35, 35, 164, 192, 192, 351, 180, 139, 139, 139, 139, 293, 122, 122, 49, 269, 9, 168, 168, 494, 69, 223, 216, 216, 144, 114, 145, 443, 443, 240, 240, 94, 199, 199, 34, 191, 356, 253, 216, 216, 22, 22, 283, 278, 99, 99, 99, 436, 60, 60, 60, 298, 125, 413, 413, 169, 186, 99, 99, 338, 338, 338, 338, 400, 400, 400, 400, 213, 213, 324, 324, 422, 186, 99, 99, 338, 338, 338, 115, 273, 273, 273, 432, 275, 446, 116, 94, 199, 331, 331, 486, 443, 120, 85, 299, 299, 251, 219, 219, 246, 41, 41, 246, 246, 246, 19, 19, 19, 19, 454, 454, 414, 414, 414, 414, 170, 170, 244, 421, 421, 73, 73, 244, 320, 321, 320, 7, 7, 374, 374, 132, 217, 217, 473, 473, 337, 41, 41, 41, 19, 19, 19, 17, 254, 403, 403, 403, 438, 438, 438, 438, 438, 438, 438, 438, 438, 438, 438, 438, 438, 438, 438, 438, 438, 438, 438, 438, 438, 438, 438, 438, 438, 438, 438, 438, 438, 438, 438, 438, 438, 438, 438, 438, 438, 438, 438, 438, 438, 438, 438, 438, 438, 438, 438, 438, 438, 438, 438, 438, 438, 438, 438, 438, 438, 438, 438]

ep480
Train step Loss: [0.06236739084124565, 0.3518698513507843, 0.3799276351928711, 0.14396603405475616, 0.24470172822475433, 0.08154426515102386, 0.16380681097507477, 0.34851205348968506, 0.4422312378883362, 0.07749585062265396, 0.07540731132030487, 0.22423894703388214, 0.2685985267162323, 0.513389527797699, 0.2449023574590683, 0.01606672629714012, 0.03566899523139, 0.08112605661153793, 0.16386030614376068, 0.0465988963842392, 0.16032975912094116, 0.09751075506210327, 0.21769756078720093, 0.2912030518054962, 0.17883501946926117, 0.0023083146661520004, 0.26495206356048584, 0.09114227443933487, 0.03068634681403637, 0.14318925142288208, 0.0026303124614059925, 0.16890056431293488, 0.18183550238609314, 0.08825840801000595, 0.1265372335910797, 0.17778325080871582, 0.1561862975358963, 0.176774799823761, 0.17265410721302032, 0.015902968123555183, 0.07028648257255554, 0.016261745244264603, 0.007872514426708221, 0.05214594304561615, 0.36808091402053833, 0.009499197825789452, 0.19502392411231995, 0.1448187679052353, 0.207270085811615, 0.03651425614953041, 0.16499130427837372, 0.19971637427806854, 0.04389044642448425, 0.08715476840734482, 0.08700093626976013, 0.15139831602573395, 0.057280972599983215, 0.028129778802394867, 0.1663077026605606, 0.17544321715831757, 0.30323949456214905, 0.046326372772455215, 0.002809306839480996]
val step Loss: [0.26431703567504883, 0.3555326759815216, 0.4095935523509979, 0.2146655023097992, 0.7019878625869751, 0.4204276502132416, 0.6163953542709351, 0.46809282898902893, 0.26431912183761597, 0.002119350014254451, 0.7388163805007935, 0.11053653806447983, 0.17388515174388885, 0.3646084666252136, 0.39062589406967163, 0.33313316106796265]
Train step Accs: [0.9837733773377337, 0.9089956789315176, 0.8918952774646123, 0.959777877832808, 0.9354418846804634, 0.9786172487526729, 0.9538417431192661, 0.9090565085771948, 0.8810633050150726, 0.9779040404040404, 0.9802550390785685, 0.9394382679929784, 0.9299380220964699, 0.863960113960114, 0.9308821618812524, 0.9962815405046481, 0.9913831525776259, 0.9778990813473573, 0.9565545331120833, 0.988081507112649, 0.9570560432140446, 0.9728903654485049, 0.9426045467302835, 0.9256557721980643, 0.9506459948320414, 1.0, 0.9295285953577411, 0.9736139934776163, 0.9925739291871105, 0.9594560878243513, 0.9998656636217088, 0.9539189753584854, 0.9496863739490191, 0.9762133589620375, 0.9656177156177156, 0.9514821383329111, 0.9587984015433375, 0.9537625861155273, 0.9529983792544571, 0.9969990451507298, 0.9816896072736456, 0.995696690903695, 0.9983737633825721, 0.9869503546099291, 0.8981784825055694, 0.9977113795295613, 0.9439812402292861, 0.959845652960328, 0.9473152667901027, 0.9903133903133903, 0.9562221903258218, 0.9438249233342626, 0.9884320382245694, 0.9761936077864001, 0.9780612244897959, 0.9604199348376976, 0.9846668525229997, 0.9919329816940738, 0.954123882080159, 0.9510149507718488, 0.9186831738885762, 0.9877634262406526, 1.0]
val step Accs: [0.9340336134453782, 0.9070721357850071, 0.8953488372093024, 0.9454852796168475, 0.8367755664038052, 0.8924533263213252, 0.8492149431510557, 0.8747493808232103, 0.9320253164556962, 1.0, 0.8188694815018567, 0.9743766359002617, 0.9622666666666667, 0.9082389145335011, 0.9059945504087193, 0.9129872529096619]
Preds: [17, 17, 145, 145, 486, 460, 460, 169, 169, 349, 205, 205, 234, 234, 155, 25, 25, 148, 148, 387, 348, 348, 348, 398, 398, 398, 324, 360, 434, 434, 339, 200, 248, 473, 398, 398, 360, 360, 360, 360, 360, 360, 434, 434, 434, 246, 19, 19, 19, 454, 454, 454, 414, 414, 414, 414, 249, 80, 80, 80, 80, 321, 320, 188, 188, 188, 171, 171, 434, 434, 339, 339, 250, 345, 43, 153, 43, 43, 43, 285, 285, 285, 285, 285, 84, 139, 139, 496, 496, 293, 274, 122, 8, 75, 354, 354, 420, 420, 360, 360, 360, 360, 434, 434, 19, 19, 19, 454, 454, 48, 414, 414, 414, 414, 102, 414, 82, 82, 47, 140, 184, 184, 321, 320, 7, 7, 7, 309, 473, 473, 398, 398, 360, 360, 360, 360, 434, 434, 434, 246, 246, 246, 246, 19, 19, 454, 454, 197, 197, 197, 7, 7, 7, 219, 219, 219, 219, 219, 219, 485, 286, 286, 286, 378, 468, 406, 467, 380, 499, 180, 486, 315, 315, 315, 315, 282, 282, 388, 348, 348, 250, 250, 250, 250, 138, 138, 153, 497, 497, 349, 349, 349, 349, 234, 234, 234, 261, 261, 25, 25, 148, 148, 153, 153, 182, 98, 98, 98, 98, 98, 197, 197, 197, 440, 188, 188, 356, 356, 257, 368, 368, 31, 342, 342, 342, 168, 168, 273, 444, 444, 444, 171, 324, 324, 324, 252, 422, 77, 478, 342, 172, 115, 115, 273, 273, 486, 486, 460, 460, 460, 178, 35, 35, 35, 411, 100, 100, 100, 182, 182, 182, 182, 182, 182, 182, 182, 182, 375, 375, 375, 98, 98, 98, 13, 226, 259, 321, 209, 287, 287, 426, 426, 426, 426, 98, 98, 98, 98, 13, 17, 83, 83, 55, 55, 55, 55, 438, 438, 438, 438, 438, 438, 438, 438, 438, 438, 438, 438, 438, 438, 438, 438, 438, 438, 438, 438, 438, 438, 438, 438, 438, 438, 438, 438, 438, 438, 438, 438, 438, 438, 438, 438, 438, 438, 438, 438, 438, 438, 438, 438, 438, 438, 438, 438, 438, 438, 438, 438, 438, 438, 438, 438, 438, 438, 438, 438, 438, 438, 438, 438, 438, 438, 438, 438, 438, 438, 438, 438, 438, 438, 438, 438, 438, 438, 438, 438, 438, 438, 438, 438, 438, 438, 438, 438, 438, 438, 438, 438, 438, 438, 438, 438, 438, 438, 438, 438, 438, 438, 438, 438, 438, 438, 438, 438, 438, 438, 438, 438, 438, 438, 438, 438, 438, 438, 438, 438, 438, 438, 438, 438, 438, 438, 438, 438, 438, 438, 438, 438, 438, 438, 438, 438, 438, 438, 438, 438, 438, 438, 438, 438, 438, 438, 438, 438, 438, 438, 438, 438, 438, 438, 438, 438, 438, 438, 438, 438, 438, 438, 438, 438, 438, 438, 438, 438, 438, 438, 438, 438, 438, 438, 438, 438, 438, 438, 438, 438, 438, 438, 438, 438, 438, 438, 438, 438, 438, 438, 438, 438, 438, 438, 438, 438, 438, 438, 438, 438, 438, 438, 438, 438, 438, 438, 438, 438, 438, 438, 438, 438, 438, 438, 438, 438, 438, 438, 438, 438, 438, 438, 438, 438, 438, 438, 438, 438, 438, 438, 438, 438, 438, 438, 438, 438, 438, 438, 438, 438, 438, 438, 438, 438, 438, 438, 438, 438, 438, 438, 438, 438, 438, 438, 438, 438, 438, 438, 438, 438, 438, 438, 438, 438, 438, 438, 438, 438, 438, 438, 438, 438, 438, 438, 438, 438, 438, 438, 438, 438, 438, 438, 438, 438, 438, 438, 438, 438, 438, 438, 438, 438, 438, 438, 438, 438, 438, 438, 438, 438, 438, 438, 438, 438]

ep481
Train step Loss: [0.22050385177135468, 0.06022925674915314, 0.14997534453868866, 0.1920768916606903, 0.40253186225891113, 0.05484321340918541, 0.18340769410133362, 0.011207410134375095, 0.18087360262870789, 0.1505635678768158, 0.03810083493590355, 0.10184931010007858, 0.1887885332107544, 0.046792663633823395, 0.2310674488544464, 0.03776528686285019, 0.05895063281059265, 0.05206183344125748, 0.0023486996069550514, 0.1968994289636612, 0.24694901704788208, 0.032557979226112366, 0.17171619832515717, 0.04496559128165245, 0.005311811342835426, 0.11833535879850388, 0.3844359517097473, 0.3337424695491791, 0.07474057376384735, 0.0023291418328881264, 0.002048129215836525, 0.18781422078609467, 0.0020721741020679474, 0.2645827531814575, 0.08198823779821396, 0.089314304292202, 0.10099615156650543, 0.12181562185287476, 0.0018565577920526266, 0.42050036787986755, 0.23794735968112946, 0.06588633358478546, 0.08522168546915054, 0.0986848771572113, 0.05766608566045761, 0.2050374299287796, 0.22111700475215912, 0.18295727670192719, 0.14586639404296875, 0.043409448117017746, 0.1319512277841568, 0.14513584971427917, 0.1897149682044983, 0.44992583990097046, 0.16923250257968903, 0.08755199611186981, 0.2685709297657013, 0.17728187143802643, 0.01816374622285366, 0.05457257851958275, 0.09332960844039917, 0.0665026530623436, 0.11709970980882645]
val step Loss: [0.8758471012115479, 0.19871243834495544, 0.0019940983038395643, 0.5087969899177551, 0.24164438247680664, 0.363613098859787, 0.2321784943342209, 0.2655912935733795, 0.23196189105510712, 0.584661066532135, 0.7596118450164795, 0.25049957633018494, 0.3451051414012909, 0.43092823028564453, 0.44890812039375305, 0.23890748620033264]
Train step Accs: [0.94064724049953, 0.9834013605442177, 0.9621546961325966, 0.9479303788211204, 0.8924322956213617, 0.9856621480709072, 0.9523208879919274, 0.9973210299151659, 0.9491196271361989, 0.9585760517799353, 0.9899595593362153, 0.9742246726395589, 0.9503478379484381, 0.9866474669459353, 0.9349422875131165, 0.9904299175500589, 0.984896243761492, 0.9858008934269304, 1.0, 0.9460412147505423, 0.9318278052223007, 0.9915940224159402, 0.9545671167593328, 0.9874795225836649, 0.998574760300596, 0.9675585747955081, 0.898859825620389, 0.9125285964204011, 0.9802266698818423, 1.0, 1.0, 0.9498891352549889, 1.0, 0.9295718816067653, 0.9771001566831384, 0.9754287799537769, 0.9727614747930775, 0.9667377933977658, 1.0, 0.8854314002828855, 0.9327719491993374, 0.9817897282686016, 0.9767852294325279, 0.9758075062115863, 0.9833848531684699, 0.9446925906463479, 0.9399614431286147, 0.949933598937583, 0.9613259668508287, 0.9882602545968883, 0.9648327410856513, 0.9590531030070377, 0.9464102564102564, 0.877810612874213, 0.9562183609248871, 0.9776400862068966, 0.9294890094204967, 0.952132901590877, 0.99527983816588, 0.9843390804597701, 0.9787234042553191, 0.9821378732905387, 0.9638862256311921]
val step Accs: [0.7962420042643923, 0.9502080856123662, 1.0, 0.8700325272238721, 0.9447368421052632, 0.910948905109489, 0.9411764705882353, 0.9384680972005116, 0.9438373570520966, 0.8545539033457249, 0.8114816506776306, 0.9353628023352794, 0.9128934885726606, 0.8882915956470434, 0.8836811912608324, 0.9369609856262834]
Preds: [17, 17, 287, 287, 319, 319, 319, 319, 348, 348, 348, 348, 250, 250, 250, 331, 138, 138, 138, 138, 182, 182, 182, 182, 182, 182, 182, 497, 497, 497, 98, 14, 14, 14, 287, 287, 287, 111, 111, 111, 111, 111, 438, 299, 388, 94, 94, 398, 398, 398, 324, 324, 301, 301, 378, 43, 88, 65, 138, 138, 153, 182, 297, 182, 297, 481, 426, 426, 284, 284, 284, 426, 426, 426, 426, 413, 413, 350, 182, 242, 497, 275, 116, 43, 43, 43, 364, 276, 346, 346, 346, 265, 111, 111, 111, 85, 438, 438, 240, 175, 175, 241, 431, 431, 428, 428, 428, 146, 146, 146, 438, 186, 186, 186, 162, 54, 482, 482, 482, 142, 115, 273, 273, 470, 288, 403, 403, 290, 171, 171, 171, 434, 252, 252, 339, 314, 212, 354, 420, 420, 324, 301, 301, 301, 301, 250, 42, 147, 380, 380, 499, 426, 426, 426, 426, 319, 282, 282, 169, 169, 77, 77, 342, 342, 115, 115, 267, 267, 267, 267, 213, 324, 246, 246, 246, 246, 434, 434, 339, 339, 398, 398, 398, 324, 324, 324, 422, 422, 422, 478, 478, 342, 115, 115, 273, 273, 273, 265, 265, 265, 265, 85, 85, 282, 282, 169, 169, 77, 77, 342, 224, 224, 267, 448, 448, 464, 464, 464, 464, 180, 58, 58, 58, 486, 486, 486, 486, 85, 85, 146, 240, 58, 58, 58, 72, 110, 110, 139, 139, 293, 293, 293, 122, 77, 342, 342, 115, 273, 273, 273, 284, 486, 486, 376, 376, 460, 460, 460, 263, 263, 229, 229, 414, 312, 312, 312, 312, 292, 292, 292, 292, 292, 23, 23, 23, 1, 1, 260, 408, 391, 391, 391, 228, 66, 66, 66, 66, 68, 172, 115, 115, 273, 273, 378, 378, 153, 153, 88, 174, 174, 174, 426, 319, 319, 293, 348, 219, 219, 219, 464, 464, 464, 180, 315, 315, 319, 319, 319, 319, 348, 348, 348, 250, 495, 495, 81, 467, 337, 337, 41, 324, 324, 3, 301, 301, 301, 8, 354, 354, 106, 106, 284, 284, 405, 206, 206, 282, 388, 169, 77, 77, 77, 453, 198, 198, 198, 198, 127, 384, 371, 267, 267, 267, 213, 213, 213, 246, 246, 246, 246, 246, 246, 246, 246, 246, 19, 454, 454, 454, 414, 414, 414, 414, 249, 249, 249, 47, 187, 187, 2, 47, 244, 73, 73, 244, 321, 320, 287, 287, 287, 284, 284, 460, 460, 460, 169, 169, 150, 453, 168, 168, 494, 50, 50, 31, 31, 31, 162, 323, 323, 224, 273, 273, 106, 106, 424, 424, 424, 424, 182, 182, 497, 497, 497, 122, 122, 122, 197, 197, 197, 197, 7, 7, 7, 309, 473, 473, 473, 398, 398, 360, 360, 360, 434, 434, 434, 434, 434, 246, 246, 246, 422, 99, 99, 338, 338, 338, 338, 338, 338, 400, 400, 400, 286, 286, 286, 374, 374, 374, 203, 203, 216, 216, 81, 275, 275, 275, 275, 275, 303, 303, 48, 48, 48, 13, 414, 414, 414, 414, 170, 170, 170, 187, 187, 12, 12, 12, 12, 408, 408, 391, 228, 244, 321, 320, 287, 287, 287, 287, 284, 284, 460, 460, 460, 460, 169, 35, 77, 77, 342, 342, 168, 267, 267, 267, 267, 213, 213, 246, 246, 246, 301, 301, 301, 378, 364, 345, 109, 346, 346, 284, 284, 428, 376, 428, 428, 146, 240, 167, 169, 35, 449, 449, 449, 449, 485, 30, 301, 301, 314, 196, 196, 250, 250, 250, 196, 196, 309, 398, 398, 398, 398, 286, 286, 374, 374, 374, 374, 374, 132, 132, 132, 132, 132, 132, 285, 285, 288, 288, 288]

ep482
Train step Loss: [0.2806675136089325, 0.2595672607421875, 0.04443155974149704, 0.18569418787956238, 0.16936901211738586, 0.22135895490646362, 0.0020653812680393457, 0.16119147837162018, 0.001936554559506476, 0.29707688093185425, 0.13224293291568756, 0.28713974356651306, 0.23677997291088104, 0.30595651268959045, 0.12668271362781525, 0.21325674653053284, 0.006724688224494457, 0.41301122307777405, 0.15425938367843628, 0.15202020108699799, 0.0020071056205779314, 0.4686552882194519, 0.03166212514042854, 0.22377222776412964, 0.12349823862314224, 0.1844259649515152, 0.19715657830238342, 0.2671550214290619, 0.0842343345284462, 0.044845111668109894, 0.025438101962208748, 0.1043330579996109, 0.12624166905879974, 0.08790162205696106, 0.15881377458572388, 0.07400907576084137, 0.2150997370481491, 0.002130597596988082, 0.04321844130754471, 0.2590939998626709, 0.04214170202612877, 0.3023667633533478, 0.024649929255247116, 0.13144713640213013, 0.3015373647212982, 0.13184282183647156, 0.2617964744567871, 0.32512953877449036, 0.1161450520157814, 0.09017487615346909, 0.017545534297823906, 0.11923014372587204, 0.27511098980903625, 0.13189005851745605, 0.1349480301141739, 0.38289594650268555, 0.10623148083686829, 0.24775095283985138, 0.15506316721439362, 0.2340024709701538, 0.28393054008483887, 0.233937069773674, 0.0020390739664435387]
val step Loss: [0.4324227571487427, 0.595062255859375, 0.19077058136463165, 0.14732132852077484, 0.331907719373703, 0.370919793844223, 0.8963402509689331, 0.013886864297091961, 0.2619788348674774, 0.3548955023288727, 0.5529934167861938, 0.5616161823272705, 0.2657393515110016, 0.20105156302452087, 0.4439995288848877, 0.6951075792312622]
Train step Accs: [0.9245255259673385, 0.9303095752339813, 0.9869658693899489, 0.9469180205878706, 0.9566953316953317, 0.9389470579560537, 1.0, 0.954315913094539, 1.0, 0.9186370801503577, 0.9642607845874633, 0.9199813910211677, 0.9337797619047619, 0.9149275554964774, 0.964457509353287, 0.9439516129032258, 0.9989623480581085, 0.8849934469200524, 0.9572996541873402, 0.9590426212722386, 1.0, 0.8901404330017554, 0.9916506101477199, 0.9382528035442337, 0.9655723416618245, 0.9519334049409237, 0.9484459055588763, 0.9271604938271605, 0.9774958465488597, 0.9877044141153326, 0.9935749164739142, 0.9714063714063714, 0.9663740514804344, 0.9764890282131662, 0.9588893381857393, 0.9784141603108361, 0.9391768506812754, 1.0, 0.9893763796909493, 0.9357469948483114, 0.9881641241451867, 0.9180932314985515, 0.9941603760148127, 0.965008201202843, 0.9206613688797745, 0.9643114117139157, 0.926829268292683, 0.9107438016528926, 0.9686783804430863, 0.9765843726138966, 0.9948042073248005, 0.967878522412031, 0.9271461095486808, 0.9639222941720629, 0.9658314350797267, 0.8961685823754789, 0.971675611210495, 0.9314673026233212, 0.9571516267648864, 0.9403787416004887, 0.9229794780846212, 0.9362839134009318, 1.0]
val step Accs: [0.8913751017087063, 0.8559485530546623, 0.9503041283810016, 0.9604423649510846, 0.9165619502387534, 0.9083547037386962, 0.7940959409594096, 0.9973147153598282, 0.9337457044673539, 0.9137292773217447, 0.8616102043615417, 0.8550591327201051, 0.9306194211522857, 0.9527813712807245, 0.8925925925925926, 0.8235046335299073]
Preds: [17, 7, 217, 217, 473, 473, 473, 476, 213, 360, 360, 252, 143, 36, 36, 75, 107, 107, 395, 395, 213, 171, 171, 171, 246, 3, 3, 3, 143, 197, 259, 354, 29, 109, 109, 288, 104, 313, 285, 337, 337, 337, 171, 360, 360, 434, 434, 200, 199, 398, 340, 340, 116, 116, 33, 466, 250, 250, 250, 250, 250, 250, 250, 43, 76, 129, 259, 441, 100, 100, 100, 497, 497, 497, 497, 43, 43, 208, 208, 106, 346, 346, 346, 306, 306, 372, 372, 396, 396, 396, 396, 396, 406, 406, 467, 303, 275, 275, 303, 303, 303, 303, 303, 48, 48, 48, 48, 417, 414, 414, 414, 170, 47, 170, 2, 244, 392, 392, 392, 244, 392, 392, 321, 321, 66, 66, 66, 66, 172, 172, 115, 115, 267, 267, 286, 286, 374, 468, 468, 139, 139, 274, 274, 399, 399, 10, 398, 398, 398, 324, 324, 324, 324, 3, 3, 3, 3, 440, 440, 145, 111, 111, 202, 240, 216, 280, 65, 111, 111, 111, 438, 253, 368, 281, 453, 9, 168, 273, 443, 443, 443, 460, 240, 240, 35, 26, 183, 183, 183, 41, 213, 213, 213, 246, 246, 246, 246, 246, 246, 246, 3, 197, 197, 259, 259, 354, 287, 287, 284, 284, 284, 376, 376, 376, 460, 460, 263, 263, 263, 13, 78, 78, 170, 170, 421, 421, 15, 15, 187, 341, 157, 157, 157, 73, 244, 73, 73, 321, 321, 320, 219, 219, 213, 213, 324, 301, 301, 143, 259, 259, 354, 437, 437, 284, 319, 319, 282, 17, 403, 403, 403, 438, 438, 438, 438, 438, 438, 438, 438, 438, 438, 438, 438, 438, 438, 438, 438, 438, 438, 438, 438, 438, 438, 438, 438, 438, 438, 438, 438, 438, 438, 438, 438, 438, 438, 438, 438, 438, 438, 438, 438, 438, 438, 438, 438, 438, 438, 438, 438, 438, 438, 438, 438, 438, 438, 438, 438, 438, 438, 438, 438, 438, 438, 438, 438, 438, 438, 438, 438, 438, 438, 438, 438, 438, 438, 438, 438, 438, 438, 438, 438, 438, 438, 438, 438, 438, 438, 438, 438, 438, 438, 438, 438, 438, 438, 438, 438, 438, 438, 438, 438, 438, 438, 438, 438, 438, 438, 438, 438, 438, 438, 438, 438, 438, 438, 438, 438, 438, 438, 438, 438, 438, 438, 438, 438, 438, 438, 438, 438, 438, 438, 438, 438, 438, 438, 438, 438, 438, 438, 438, 438, 438, 438, 438, 438, 438, 438, 438, 438, 438, 438, 438, 438, 438, 438, 438, 438, 438, 438, 438, 438, 438, 438, 438, 438, 438, 438, 438, 438, 438, 438, 438, 438, 438, 438, 438, 438, 438, 438, 438, 438, 438, 438, 438, 438, 438, 438, 438, 438, 438, 438, 438, 438, 438, 438, 438, 438, 438, 438, 438, 438, 438, 438, 438, 438, 438, 438, 438, 438, 438, 438, 438, 438, 438, 438, 438, 438, 438, 438, 438, 438, 438, 438, 438, 438, 438, 438, 438, 438, 438, 438, 438, 438, 438, 438, 438, 438, 438, 438, 438, 438, 438, 438, 438, 438, 438, 438, 438, 438, 438, 438, 438, 438, 438, 438, 438, 438, 438, 438, 438, 438, 438, 438, 438, 438, 438, 438, 438, 438, 438, 438, 438, 438, 438, 438, 438, 438, 438, 438, 438, 438, 438, 438, 438, 438, 438, 438, 438, 438, 438, 438, 438, 438, 438, 438, 438, 438, 438, 438, 438, 438, 438, 438, 438, 438, 438, 438, 438, 438, 438, 438, 438, 438, 438, 438, 438, 438, 438, 438, 438, 438, 438, 438, 438, 438, 438, 438, 438, 438, 438, 438, 438, 438, 438, 438, 438, 438, 438, 438, 438]

ep483
Train step Loss: [0.111605204641819, 0.001981833018362522, 0.24867567420005798, 0.21903029084205627, 0.21028929948806763, 0.059762049466371536, 0.09327404201030731, 0.01011212170124054, 0.28914743661880493, 0.11835204064846039, 0.1250056028366089, 0.0028623235411942005, 0.0021815455984324217, 0.4024794101715088, 0.1597912460565567, 0.054276030510663986, 0.03996933996677399, 0.037327587604522705, 0.439810574054718, 0.027912843972444534, 0.3062954843044281, 0.07888149470090866, 0.018141211941838264, 0.10610449314117432, 0.001875131856650114, 0.26507386565208435, 0.04442920163273811, 0.1126408576965332, 0.1281050443649292, 0.1830272376537323, 0.24666821956634521, 0.26043617725372314, 0.25892651081085205, 0.12237141281366348, 0.10420995205640793, 0.038938816636800766, 0.43353697657585144, 0.12101825326681137, 0.12297362834215164, 0.10500427335500717, 0.002002732129767537, 0.025319868698716164, 0.16439102590084076, 0.1287747025489807, 0.2256288379430771, 0.011446049436926842, 0.002313165459781885, 0.17294277250766754, 0.2626434564590454, 0.26232483983039856, 0.010636450722813606, 0.21729113161563873, 0.12216083705425262, 0.0019724350422620773, 0.20352095365524292, 0.20847249031066895, 0.27768194675445557, 0.16521866619586945, 0.1897357702255249, 0.048908449709415436, 0.4459177851676941, 0.16194631159305573, 0.0016647947486490011]
val step Loss: [0.7113384008407593, 0.16262733936309814, 0.368705689907074, 0.2717117369174957, 0.5469858646392822, 0.19160868227481842, 0.43169113993644714, 0.1908678263425827, 0.15107625722885132, 0.30041828751564026, 0.528013288974762, 0.439729243516922, 0.4923202693462372, 0.3103683888912201, 0.1072365865111351, 0.9072369337081909]
Train step Accs: [0.9704792163092402, 1.0, 0.9318274595183018, 0.9430320777319313, 0.9407503234152652, 0.9848803023939521, 0.9742085152838428, 0.9970829281844701, 0.9150930938861745, 0.9677055951933909, 0.9643921828420007, 0.9997325130399893, 1.0, 0.8900447562598283, 0.957800851970181, 0.9850401196790426, 0.9891555988790057, 0.9904534606205251, 0.8827100534239922, 0.9925838030258084, 0.9145105159630806, 0.9774279774279774, 0.9957229580573952, 0.9717550391577866, 1.0, 0.9268777509583984, 0.9881038734948498, 0.9702133555001385, 0.9654366543665437, 0.9476491228070175, 0.9329173166926678, 0.9270258803563852, 0.9311626714523779, 0.9657794676806084, 0.9721987187235586, 0.9895670943758245, 0.8955243470271689, 0.9680140597539543, 0.9661855118952152, 0.9722565581650872, 1.0, 0.9940168615719337, 0.9557659878064599, 0.968115162114893, 0.9404309252217997, 0.9972274732199118, 1.0, 0.9516539440203562, 0.9311909262759924, 0.9295937545178545, 0.997676107480029, 0.9434411311773765, 0.9685525349008083, 1.0, 0.9428571428571428, 0.9408588648920141, 0.9231545316966537, 0.9569735346647184, 0.9443877551020409, 0.9873719657639961, 0.8814255431902491, 0.9558232931726908, 1.0]
val step Accs: [0.8178712938926083, 0.9624080631980387, 0.9050154104791258, 0.9345834526195248, 0.8596603652675424, 0.9514563106796117, 0.8871621621621621, 0.9504177509930146, 0.9665730712662121, 0.9259068026332774, 0.870096278200891, 0.8901635342933854, 0.874831400053952, 0.9207103551775888, 0.9778970231250799, 0.7817549601145428]
Preds: [17, 17, 287, 287, 284, 284, 111, 85, 85, 330, 388, 67, 67, 212, 34, 242, 359, 250, 250, 217, 217, 217, 473, 473, 398, 290, 171, 171, 246, 246, 246, 246, 246, 318, 471, 471, 49, 49, 269, 323, 9, 395, 219, 219, 213, 246, 246, 246, 246, 19, 19, 19, 454, 229, 229, 417, 170, 392, 392, 392, 392, 392, 392, 392, 392, 392, 244, 435, 289, 201, 289, 66, 66, 323, 323, 397, 106, 302, 274, 274, 122, 129, 129, 321, 75, 144, 445, 445, 351, 351, 403, 403, 290, 290, 290, 171, 434, 434, 434, 434, 434, 434, 246, 246, 19, 19, 143, 129, 401, 82, 75, 445, 445, 445, 180, 171, 171, 171, 416, 143, 458, 445, 445, 464, 464, 171, 171, 171, 301, 143, 129, 259, 75, 74, 74, 420, 213, 213, 213, 213, 246, 246, 246, 246, 246, 19, 117, 48, 197, 197, 197, 197, 197, 7, 188, 422, 31, 162, 162, 68, 68, 68, 68, 68, 115, 115, 267, 444, 286, 286, 286, 374, 374, 132, 42, 42, 42, 42, 42, 147, 147, 337, 337, 213, 213, 324, 246, 246, 143, 422, 422, 49, 323, 323, 219, 219, 219, 324, 464, 464, 464, 464, 180, 315, 315, 315, 315, 315, 450, 450, 450, 413, 303, 43, 43, 276, 276, 153, 182, 182, 182, 182, 182, 375, 98, 98, 98, 98, 233, 414, 170, 170, 392, 392, 392, 63, 63, 63, 63, 63, 63, 63, 63, 63, 63, 63, 63, 63, 63, 392, 73, 289, 320, 320, 82, 287, 287, 353, 353, 467, 499, 376, 376, 376, 460, 460, 169, 150, 150, 342, 224, 224, 494, 494, 236, 129, 36, 77, 66, 68, 115, 273, 273, 319, 319, 319, 388, 388, 348, 64, 64, 64, 64, 473, 473, 398, 324, 324, 464, 464, 464, 139, 319, 319, 282, 319, 203, 53, 53, 70, 70, 65, 46, 46, 46, 438, 438, 175, 175, 81, 166, 324, 324, 301, 301, 339, 10, 479, 398, 398, 464, 464, 464, 464, 486, 376, 376, 460, 460, 263, 263, 78, 78, 78, 170, 170, 392, 392, 392, 392, 63, 63, 63, 63, 63, 63, 63, 63, 63, 63, 63, 63, 63, 63, 63, 63, 63, 73, 392, 244, 289, 289, 321, 7, 309, 479, 473, 331, 290, 171, 171, 171, 171, 434, 434, 434, 3, 3, 335, 14, 14, 287, 287, 145, 111, 450, 450, 43, 43, 43, 182, 182, 43, 88, 109, 109, 207, 207, 324, 324, 324, 301, 8, 32, 239, 239, 75, 354, 371, 420, 213, 213, 246, 246, 19, 19, 454, 129, 401, 401, 401, 80, 80, 320, 321, 354, 380, 380, 499, 499, 288, 288, 288, 120, 120, 120, 282, 282, 37, 37, 37, 243, 243, 233, 310, 310, 107, 107, 107, 338, 338, 447, 447, 439, 17, 83, 443, 403, 443, 443, 443, 443, 443, 403, 403, 403, 443, 443, 443, 443, 443, 443, 443, 443, 443, 443, 443, 443, 443, 443, 443, 443, 443, 443, 443, 443, 443, 443, 443, 443, 443, 443, 443, 443, 443, 443, 443, 443, 443, 443, 443, 443, 443, 443, 443, 443, 443, 443, 443, 443, 443, 443, 443, 443, 443, 443, 443, 443, 443, 443, 443, 443, 443, 443, 443, 443, 443, 443, 443, 443, 443, 443, 443, 443, 443, 443, 443, 443, 443, 443, 443, 443, 443, 443, 443, 443, 443, 443, 443, 443, 443, 443, 443, 443, 443, 443, 443, 443, 443, 443, 443, 443, 443, 443, 443, 443, 443, 443, 443, 443, 443, 443, 443, 443, 443, 443, 443, 443, 443, 443, 443, 443, 443, 443, 443, 443, 443, 443, 443, 443]

ep484
Train step Loss: [0.39573150873184204, 0.011782071553170681, 0.14198164641857147, 0.002274180296808481, 0.4142346978187561, 0.014148743823170662, 0.1696591079235077, 0.20940066874027252, 0.23703259229660034, 0.09998943656682968, 0.047406844794750214, 0.21050742268562317, 0.016600226983428, 0.15668436884880066, 0.3584875762462616, 0.057071615010499954, 0.09332937747240067, 0.07508146017789841, 0.002291401382535696, 0.002450663363561034, 0.1234658807516098, 0.18694548308849335, 0.30854514241218567, 0.02393742837011814, 0.10302821546792984, 0.05057593062520027, 0.1606152206659317, 0.10081001371145248, 0.12325049936771393, 0.36391106247901917, 0.3415723443031311, 0.3742179572582245, 0.2240961641073227, 0.10810855776071548, 0.32436513900756836, 0.10394389927387238, 0.033476609736680984, 0.2661944031715393, 0.07764136791229248, 0.2109125852584839, 0.25368577241897583, 0.1056097224354744, 0.3407188653945923, 0.019548306241631508, 0.19687201082706451, 0.12346822768449783, 0.10825555771589279, 0.32869771122932434, 0.19127866625785828, 0.11683397740125656, 0.3717852532863617, 0.007070097606629133, 0.2028600126504898, 0.0879199355840683, 0.28671371936798096, 0.2570611834526062, 0.0019465935183688998, 0.00808562058955431, 0.1434580385684967, 0.2729182839393616, 0.2536619305610657, 0.21540559828281403, 0.26896539330482483]
val step Loss: [0.32533738017082214, 0.3918660283088684, 0.44619473814964294, 0.43348538875579834, 0.42860275506973267, 0.44734126329421997, 0.5461464524269104, 0.33781445026397705, 0.40923506021499634, 0.16850362718105316, 0.28421151638031006, 0.3140614330768585, 0.4551282823085785, 0.4321644902229309, 0.5170854926109314, 0.49819713830947876]
Train step Accs: [0.8928739971684757, 0.9976641577991175, 0.9605667691485096, 1.0, 0.8870282732678073, 0.9959053103007037, 0.9550869505682597, 0.9416177874778339, 0.9329285512567072, 0.9709497206703911, 0.9879000159210317, 0.9430340557275542, 0.9964753982799943, 0.9598930481283422, 0.9018052516411379, 0.9831099944165271, 0.974587039390089, 0.9801921655580192, 0.9998701973001038, 0.9998520928856678, 0.9651058370750482, 0.9528919131117508, 0.9163253364540667, 0.9941022280471822, 0.9727163300789087, 0.9874285714285714, 0.9558377832299033, 0.9736155407364453, 0.9680136896143214, 0.9023186237845924, 0.9100960139656677, 0.9001270648030496, 0.9429802751533234, 0.9711063236598657, 0.9166079729539371, 0.9690929733821118, 0.9903339191564148, 0.9257697713044589, 0.979106628242075, 0.9480592013404077, 0.9326869806094182, 0.973798551678736, 0.917016806722689, 0.9952764656849125, 0.948874983357742, 0.9662796442687747, 0.9692936215076436, 0.9104517154590012, 0.9471830985915493, 0.968736797634136, 0.8998022412656559, 0.9987908101571947, 0.9438853308935651, 0.9756791720569211, 0.919671917719047, 0.9324700640490114, 1.0, 0.9983381803074366, 0.9622832552841413, 0.9223771266540642, 0.9334481486037643, 0.9408369408369408, 0.92076200993926]
val step Accs: [0.9162926119131384, 0.9028719339331936, 0.8900771625829159, 0.8881944444444444, 0.8927260367097213, 0.8925402107598447, 0.8635876840696117, 0.9170765987350668, 0.9060278646573785, 0.962547840349918, 0.9322560596643878, 0.9177187636047018, 0.8847233923055322, 0.8973426573426574, 0.8759032795997777, 0.8817635270541082]
Preds: [17, 309, 479, 479, 331, 278, 443, 443, 271, 169, 150, 478, 54, 54, 224, 224, 273, 273, 273, 494, 494, 498, 264, 468, 468, 468, 468, 468, 467, 337, 337, 337, 337, 328, 434, 339, 33, 10, 309, 479, 331, 331, 331, 84, 84, 84, 426, 426, 426, 16, 375, 375, 375, 375, 98, 98, 98, 263, 13, 13, 13, 414, 102, 102, 442, 187, 187, 187, 187, 187, 187, 341, 341, 341, 341, 341, 341, 341, 341, 341, 163, 163, 163, 163, 244, 63, 366, 63, 163, 63, 63, 63, 63, 73, 244, 73, 7, 7, 7, 7, 7, 7, 7, 7, 354, 420, 420, 213, 213, 213, 213, 213, 213, 213, 246, 246, 246, 246, 246, 246, 246, 246, 246, 3, 3, 3, 188, 188, 188, 177, 177, 301, 143, 143, 8, 259, 354, 354, 109, 109, 278, 278, 171, 171, 171, 171, 171, 171, 246, 246, 246, 246, 246, 246, 246, 246, 422, 186, 338, 338, 338, 338, 338, 338, 400, 400, 400, 400, 267, 324, 324, 464, 464, 434, 434, 339, 143, 77, 77, 478, 108, 54, 172, 395, 395, 400, 286, 286, 464, 464, 464, 264, 264, 443, 315, 315, 315, 282, 282, 282, 282, 282, 203, 203, 203, 43, 43, 43, 43, 43, 276, 182, 182, 182, 182, 182, 182, 182, 182, 182, 182, 497, 497, 81, 89, 89, 275, 275, 59, 59, 59, 406, 406, 406, 406, 495, 134, 134, 302, 302, 375, 375, 375, 375, 122, 130, 130, 130, 196, 196, 309, 479, 398, 398, 464, 464, 464, 84, 84, 88, 88, 43, 43, 43, 43, 43, 276, 153, 174, 174, 387, 426, 319, 413, 348, 348, 348, 64, 219, 398, 398, 464, 464, 464, 365, 120, 120, 282, 282, 282, 282, 263, 263, 263, 263, 414, 414, 414, 414, 187, 187, 187, 187, 187, 187, 2, 2, 392, 392, 392, 392, 392, 392, 73, 244, 73, 73, 75, 75, 310, 323, 323, 323, 377, 397, 106, 106, 106, 153, 153, 153, 424, 182, 182, 182, 182, 182, 182, 182, 182, 182, 182, 182, 497, 497, 497, 122, 122, 122, 36, 310, 310, 323, 323, 115, 273, 106, 106, 106, 481, 387, 387, 293, 293, 293, 175, 81, 35, 207, 188, 324, 324, 324, 301, 143, 143, 35, 259, 354, 354, 345, 109, 109, 109, 355, 355, 355, 355, 376, 376, 376, 376, 376, 376, 376, 376, 376, 486, 460, 460, 460, 460, 169, 35, 259, 75, 354, 114, 180, 486, 486, 486, 460, 460, 169, 150, 150, 449, 449, 449, 119, 351, 486, 486, 486, 460, 240, 240, 368, 449, 449, 449, 371, 324, 324, 324, 464, 464, 464, 378, 88, 88, 375, 375, 98, 98, 263, 417, 129, 259, 208, 441, 441, 441, 100, 100, 100, 182, 182, 375, 98, 98, 98, 48, 13, 13, 414, 170, 170, 170, 170, 170, 28, 28, 28, 63, 63, 63, 63, 392, 63, 63, 63, 2, 2, 2, 2, 2, 63, 63, 63, 63, 63, 63, 63, 63, 63, 63, 316, 316, 73, 73, 73, 73, 244, 321, 321, 287, 287, 287, 287, 287, 284, 284, 284, 284, 284, 450, 450, 450, 450, 450, 88, 88, 43, 276, 174, 174, 174, 387, 387, 387, 250, 250, 248, 248, 394, 32, 239, 354, 219, 398, 398, 464, 171, 171, 171, 171, 171, 171, 246, 252, 143, 310, 310, 99, 107, 107, 447, 400, 400, 400, 30, 477, 477, 374, 374, 374, 132, 132, 274, 186, 186, 186, 162, 482, 482, 482, 482, 482, 482, 482, 115, 273, 273, 106, 106, 424, 424, 293, 497, 497, 122, 122, 75, 310, 310, 445, 107, 107]

ep485
Train step Loss: [0.5196684002876282, 0.3711104691028595, 0.050154417753219604, 0.13498251140117645, 0.1531655490398407, 0.3960372805595398, 0.20041465759277344, 0.17704224586486816, 0.14947086572647095, 0.3144179582595825, 0.11741546541452408, 0.1128428652882576, 0.41688796877861023, 0.15156219899654388, 0.0021673929877579212, 0.3355805277824402, 0.0983734205365181, 0.08708098530769348, 0.11055111885070801, 0.16083015501499176, 0.001941639231517911, 0.2394155114889145, 0.13243044912815094, 0.208011195063591, 0.1522483378648758, 0.13582544028759003, 0.14056862890720367, 0.11709702014923096, 0.26958903670310974, 0.02298353612422943, 0.14551998674869537, 0.16176457703113556, 0.0022753810044378042, 0.12860748171806335, 0.047931037843227386, 0.2095947265625, 0.11241427063941956, 0.13255953788757324, 0.30933061242103577, 0.29268619418144226, 0.0020017139613628387, 0.3044710159301758, 0.04540527984499931, 0.1246202141046524, 0.21808134019374847, 0.21968834102153778, 0.10757193714380264, 0.20619726181030273, 0.18650507926940918, 0.28261440992355347, 0.11009980738162994, 0.08315583318471909, 0.09699511528015137, 0.3055107295513153, 0.024144958704710007, 0.24466249346733093, 0.04235806688666344, 0.002035544253885746, 0.1343582719564438, 0.04492818936705589, 0.21390005946159363, 0.12224108725786209, 0.004109753295779228]
val step Loss: [0.41402798891067505, 0.4208679795265198, 0.5590630769729614, 0.44700708985328674, 0.751667320728302, 0.3337364196777344, 0.23934510350227356, 0.44358721375465393, 0.4948401153087616, 0.6740104556083679, 0.1708720624446869, 0.2374046891927719, 0.12783728539943695, 0.0231326837092638, 0.3482356667518616, 0.4603746831417084]
Train step Accs: [0.8589676746611054, 0.8978440711957885, 0.9845283018867924, 0.9634085834780451, 0.9572382440687598, 0.896463282937365, 0.9422648859209795, 0.952791519434629, 0.9596787148594378, 0.916204142412346, 0.9710973479434651, 0.9668462494819726, 0.8895636209574919, 0.9586962629952234, 1.0, 0.9108779386372692, 0.9734299516908212, 0.9758853520738597, 0.9699737270111347, 0.9569907537125245, 1.0, 0.9354723707664884, 0.9650679234821181, 0.9434578218856098, 0.9591861160981449, 0.9624113475177305, 0.9598036207425591, 0.9713743047076381, 0.9243368604145529, 0.9953494552218974, 0.9608252486798478, 0.9558423913043478, 1.0, 0.9668419515045282, 0.9862851114334696, 0.9469896436721081, 0.9695369618196588, 0.9633913665633198, 0.9166770147771017, 0.9233315677966102, 1.0, 0.9185740047163268, 0.9869648562300319, 0.966977466977467, 0.9437418936446174, 0.9438170525127046, 0.9722907297258088, 0.9418952618453865, 0.9463630613535737, 0.9215112581096553, 0.9718037318590187, 0.9772601984564498, 0.9737903225806451, 0.9188683948155534, 0.9942118723919774, 0.9331410592553749, 0.9894722989867087, 1.0, 0.9626813124911984, 0.9875784351389423, 0.9430968926183296, 0.9669994453688298, 0.9997614503816794]
val step Accs: [0.893844049247606, 0.8964501004688546, 0.8637365665472582, 0.8835862932248475, 0.8117875647668393, 0.918384285516669, 0.945697796432319, 0.8956604221010197, 0.8797274749721913, 0.8439091534755678, 0.9558743169398907, 0.9410548086866598, 0.9671547830847133, 0.9939882929916153, 0.9113538227076454, 0.8851655087862689]
Preds: [17, 287, 100, 387, 387, 98, 98, 35, 129, 129, 129, 401, 401, 414, 82, 27, 27, 437, 426, 426, 426, 426, 426, 426, 426, 167, 263, 263, 414, 170, 170, 170, 47, 47, 47, 225, 225, 225, 7, 32, 32, 473, 443, 286, 286, 468, 468, 264, 264, 468, 468, 406, 406, 467, 337, 337, 337, 324, 171, 171, 171, 246, 3, 3, 3, 3, 14, 14, 197, 197, 197, 217, 217, 331, 398, 398, 360, 360, 33, 33, 33, 465, 398, 331, 331, 132, 132, 132, 153, 182, 182, 182, 182, 98, 98, 43, 32, 197, 440, 100, 497, 98, 497, 122, 43, 8, 259, 354, 208, 437, 437, 106, 481, 284, 426, 426, 426, 206, 167, 285, 285, 382, 382, 406, 467, 467, 467, 467, 134, 134, 100, 375, 98, 98, 98, 98, 48, 13, 13, 414, 414, 170, 170, 237, 237, 47, 47, 47, 47, 47, 80, 80, 80, 80, 320, 320, 7, 70, 309, 398, 331, 324, 301, 143, 129, 458, 458, 75, 27, 106, 180, 151, 486, 315, 203, 203, 388, 388, 64, 466, 212, 212, 76, 465, 354, 420, 464, 301, 464, 464, 180, 315, 355, 376, 460, 460, 263, 263, 170, 170, 170, 170, 170, 312, 187, 187, 292, 292, 292, 408, 408, 23, 23, 23, 23, 391, 260, 149, 391, 391, 244, 244, 244, 73, 244, 244, 320, 287, 287, 284, 111, 111, 240, 169, 35, 35, 35, 342, 232, 172, 68, 172, 172, 115, 267, 267, 213, 213, 324, 246, 246, 246, 19, 454, 197, 197, 197, 197, 7, 7, 7, 217, 473, 443, 443, 443, 240, 330, 203, 143, 76, 465, 310, 354, 107, 395, 395, 395, 106, 106, 88, 88, 88, 405, 206, 206, 206, 206, 167, 167, 167, 35, 35, 35, 449, 342, 342, 224, 224, 273, 267, 267, 267, 213, 213, 3, 246, 3, 8, 197, 197, 197, 197, 197, 414, 80, 287, 287, 100, 497, 182, 182, 182, 182, 182, 182, 182, 182, 182, 387, 387, 240, 167, 35, 35, 32, 239, 75, 75, 354, 384, 371, 371, 93, 171, 171, 171, 171, 143, 314, 239, 239, 239, 354, 264, 264, 264, 264, 290, 264, 264, 264, 264, 264, 468, 468, 94, 199, 41, 41, 19, 19, 19, 454, 454, 454, 414, 414, 414, 414, 170, 170, 170, 187, 187, 187, 292, 408, 408, 391, 391, 244, 244, 244, 73, 73, 320, 287, 83, 460, 284, 284, 460, 35, 35, 35, 35, 77, 77, 66, 342, 224, 224, 494, 267, 213, 324, 324, 301, 301, 3, 14, 14, 411, 411, 411, 411, 411, 100, 424, 424, 424, 43, 43, 43, 32, 32, 239, 208, 441, 100, 100, 375, 98, 122, 129, 129, 197, 197, 414, 414, 170, 170, 170, 170, 392, 80, 80, 188, 287, 100, 293, 293, 98, 98, 35, 129, 458, 401, 401, 208, 27, 441, 100, 153, 346, 426, 206, 169, 169, 263, 35, 170, 219, 264, 264, 264, 403, 403, 403, 403, 403, 403, 403, 403, 403, 403, 403, 403, 403, 403, 403, 403, 403, 403, 403, 403, 403, 403, 403, 403, 403, 403, 403, 403, 403, 403, 403, 403, 403, 403, 403, 403, 403, 403, 403, 403, 403, 403, 403, 403, 403, 403, 403, 403, 403, 403, 403, 403, 403, 403, 403, 403, 403, 403, 403, 403, 403, 403, 403, 403, 403, 403, 403, 403, 403, 403, 403, 403, 403, 403, 403, 403, 403, 403, 403, 403, 403, 403, 403, 403, 403, 403, 403, 403, 403, 403, 403, 403, 403, 403, 403, 403, 403, 403, 403, 403, 403, 403, 403, 403, 403, 403, 403, 403, 403, 403, 403, 403, 403]

ep486
Train step Loss: [0.11565177142620087, 0.00694688968360424, 0.18317748606204987, 0.2838096022605896, 0.09632029384374619, 0.14646069705486298, 0.043311454355716705, 0.15394377708435059, 0.20056898891925812, 0.06036730483174324, 0.17098034918308258, 0.1786874532699585, 0.12749482691287994, 0.07062074542045593, 0.024879883974790573, 0.24094800651073456, 0.17841622233390808, 0.002480307361111045, 0.0023393924348056316, 0.01356434915214777, 0.04034710302948952, 0.1125139519572258, 0.08678514510393143, 0.13049361109733582, 0.20588509738445282, 0.3815692365169525, 0.21032515168190002, 0.13662083446979523, 0.1850273311138153, 0.19656850397586823, 0.261188805103302, 0.0019416671711951494, 0.1710287481546402, 0.29526954889297485, 0.0021432561334222555, 0.023749426007270813, 0.2106584906578064, 0.18229460716247559, 0.11403095722198486, 0.1947808414697647, 0.002538696164265275, 0.0435328483581543, 0.1522027552127838, 0.01814584620296955, 0.022532686591148376, 0.19982118904590607, 0.04759225249290466, 0.0046568987891077995, 0.002316313562914729, 0.22419373691082, 0.0018363411072641611, 0.0019719626288861036, 0.059516798704862595, 0.08002032339572906, 0.01529876608401537, 0.07163583487272263, 0.14351306855678558, 0.12302986532449722, 0.08653788268566132, 0.09530583769083023, 0.03684529289603233, 0.03015904501080513, 0.0016057806788012385]
val step Loss: [0.7130725979804993, 0.0384579636156559, 0.0055304840207099915, 0.20446449518203735, 0.10319819301366806, 0.3974805474281311, 0.6518415212631226, 0.6878131628036499, 0.5301658511161804, 0.4695527255535126, 0.5859699249267578, 0.36385875940322876, 0.20818479359149933, 0.10568453371524811, 0.202262744307518, 0.5916965007781982]
Train step Accs: [0.9690680235672201, 0.9986922406277245, 0.9506802721088435, 0.9223934471747883, 0.9752645320873986, 0.9602689486552567, 0.9886235779472434, 0.9585188955337829, 0.9444013447116628, 0.9831678895123004, 0.9535953177257525, 0.9509540274042771, 0.9653416324798416, 0.981260894828588, 0.9943437273386512, 0.9323100537221796, 0.9505100634132893, 1.0, 1.0, 0.9972022382094324, 0.9896802140400051, 0.9688753631207636, 0.979191870312122, 0.9609534263760389, 0.9426060689276398, 0.894148395527806, 0.9407407407407408, 0.9618911174785101, 0.9487036520769445, 0.9444238148285679, 0.9283657721985489, 1.0, 0.9532883642495784, 0.9158382132643333, 1.0, 0.9943393415760465, 0.9470867105061936, 0.950422270878949, 0.9679031833727967, 0.9469782636009549, 1.0, 0.9871760259179265, 0.9615273775216139, 0.9959540589924302, 0.9937977787393625, 0.9454589724859995, 0.9871909824516459, 0.9991292990857641, 0.9998637045113806, 0.9426180514046623, 1.0, 1.0, 0.9829229055809925, 0.9785328753680078, 0.9962382445141066, 0.9810569663692519, 0.9606927895835893, 0.970694087403599, 0.974974974974975, 0.9755277665725427, 0.9890270665691295, 0.9922993993531496, 1.0]
val step Accs: [0.8247011952191236, 0.9910377358490566, 0.9996988405360638, 0.9486040609137056, 0.9731970157502072, 0.8994397356701623, 0.8398907103825136, 0.8322155986090413, 0.8610169491525423, 0.8811549368393916, 0.8574318856217966, 0.9185843089759117, 0.9467218587261317, 0.9736696994761511, 0.9477737328479418, 0.8563989585419587]
Preds: [17, 17, 486, 486, 460, 460, 169, 178, 35, 35, 259, 208, 208, 441, 100, 153, 153, 497, 122, 129, 129, 129, 458, 208, 208, 437, 346, 346, 405, 405, 206, 98, 263, 263, 263, 439, 417, 414, 249, 249, 249, 249, 249, 249, 305, 237, 237, 237, 237, 170, 28, 249, 82, 305, 249, 82, 28, 40, 289, 40, 435, 435, 435, 211, 211, 211, 211, 211, 21, 21, 260, 260, 260, 391, 391, 228, 289, 82, 320, 287, 287, 287, 111, 111, 460, 169, 169, 99, 338, 338, 338, 338, 338, 338, 400, 400, 400, 444, 213, 213, 213, 246, 246, 246, 246, 246, 246, 422, 99, 99, 338, 338, 338, 338, 338, 400, 400, 400, 485, 286, 286, 286, 374, 374, 374, 132, 132, 134, 132, 132, 132, 132, 132, 132, 132, 132, 132, 132, 132, 132, 132, 132, 197, 197, 197, 197, 197, 197, 197, 414, 414, 414, 82, 354, 420, 213, 213, 213, 213, 246, 246, 434, 434, 374, 132, 132, 43, 43, 43, 250, 364, 276, 346, 174, 480, 480, 480, 480, 282, 282, 282, 282, 388, 303, 303, 217, 473, 473, 398, 324, 464, 301, 457, 129, 401, 401, 197, 7, 32, 354, 346, 109, 428, 428, 146, 146, 146, 207, 207, 207, 3, 3, 3, 454, 197, 197, 197, 197, 197, 197, 7, 79, 147, 456, 456, 456, 236, 374, 132, 42, 42, 147, 147, 132, 132, 132, 132, 132, 132, 132, 217, 217, 331, 331, 331, 134, 153, 98, 457, 457, 197, 217, 217, 473, 65, 324, 213, 324, 324, 3, 246, 19, 454, 454, 414, 414, 414, 414, 170, 170, 312, 126, 126, 126, 408, 408, 408, 23, 23, 23, 23, 391, 391, 260, 391, 391, 244, 244, 73, 73, 73, 83, 460, 460, 319, 319, 348, 53, 64, 250, 250, 250, 276, 174, 319, 403, 403, 171, 324, 252, 301, 464, 301, 251, 251, 251, 241, 431, 431, 431, 486, 319, 319, 330, 388, 64, 466, 466, 250, 398, 398, 81, 290, 290, 290, 171, 324, 3, 3, 301, 8, 8, 259, 354, 354, 354, 106, 284, 284, 206, 206, 240, 35, 35, 77, 342, 342, 224, 397, 397, 485, 374, 374, 374, 374, 153, 153, 182, 182, 43, 43, 364, 276, 346, 346, 284, 428, 428, 146, 330, 94, 94, 94, 398, 324, 324, 116, 116, 33, 94, 199, 398, 134, 153, 43, 43, 364, 276, 276, 276, 153, 387, 387, 122, 122, 236, 35, 35, 35, 77, 226, 226, 226, 440, 287, 287, 481, 293, 293, 497, 122, 122, 35, 77, 269, 449, 494, 494, 236, 416, 8, 144, 106, 180, 443, 330, 94, 94, 199, 398, 464, 464, 180, 120, 330, 253, 368, 453, 453, 168, 278, 494, 278, 99, 338, 436, 436, 60, 395, 106, 319, 426, 426, 413, 303, 76, 76, 76, 239, 107, 107, 395, 485, 374, 286, 464, 139, 496, 496, 496, 274, 43, 8, 259, 259, 144, 208, 441, 437, 153, 426, 426, 406, 396, 348, 199, 250, 413, 375, 98, 98, 13, 197, 414, 7, 7, 473, 398, 286, 286, 286, 468, 406, 406, 467, 337, 337, 41, 324, 19, 454, 414, 414, 170, 170, 170, 170, 170, 170, 187, 187, 28, 187, 2, 187, 187, 187, 12, 40, 40, 12, 163, 392, 435, 435, 435, 392, 73, 73, 244, 320, 345, 217, 340, 301, 340, 116, 33, 94, 331, 331, 331, 153, 153, 387, 387, 122, 43, 43, 8, 259, 208, 208, 441, 106, 481, 387, 372, 406, 406, 406, 406, 413, 413, 375, 98, 98, 98, 98, 414, 414, 414, 414, 414, 47, 47, 47, 47, 47, 80]

ep487
Train step Loss: [0.12752532958984375, 0.34650444984436035, 0.17126862704753876, 0.13999861478805542, 0.0018728392897173762, 0.25898098945617676, 0.10503372550010681, 0.025510502979159355, 0.01614733599126339, 0.19383038580417633, 0.2153710275888443, 0.20316755771636963, 0.12613438069820404, 0.11866894364356995, 0.15568490326404572, 0.09442903101444244, 0.19617938995361328, 0.27456897497177124, 0.10085313022136688, 0.2711337208747864, 0.09009192883968353, 0.10835573077201843, 0.1313987374305725, 0.1700746864080429, 0.012084429152309895, 0.1373131424188614, 0.10120170563459396, 0.3310588002204895, 0.12852637469768524, 0.06282912194728851, 0.11597388237714767, 0.11390616744756699, 0.2536996006965637, 0.09452095627784729, 0.11613141745328903, 0.19531236588954926, 0.0022434713318943977, 0.20581181347370148, 0.194352924823761, 0.09144964069128036, 0.07302085310220718, 0.0021039023995399475, 0.002132998313754797, 0.22914068400859833, 0.11629973351955414, 0.141438290476799, 0.04935004189610481, 0.048599984496831894, 0.09876047074794769, 0.0019667423330247402, 0.07823950797319412, 0.24126796424388885, 0.0022481305059045553, 0.0018754119519144297, 0.27222591638565063, 0.0878370851278305, 0.1952117383480072, 0.08403749018907547, 0.4006296694278717, 0.16634702682495117, 0.22420188784599304, 0.2881569564342499, 0.06035275757312775]
val step Loss: [0.4305267632007599, 0.023462368175387383, 0.44602981209754944, 0.4397922456264496, 0.774577260017395, 0.32600805163383484, 0.17590631544589996, 0.20299552381038666, 0.5330145359039307, 0.2226191908121109, 0.21978957951068878, 0.3150348365306854, 0.4182317554950714, 0.24523977935314178, 0.5514827966690063, 0.7472456693649292]
Train step Accs: [0.9636766948565091, 0.9056737588652483, 0.9537170578208994, 0.9612003637465899, 1.0, 0.9257040143798682, 0.9716061590620144, 0.9936724565756824, 0.9956844234659474, 0.9465803318494537, 0.942251181806567, 0.9443519619500594, 0.9652060170045782, 0.973047768018289, 0.9563385675986212, 0.9716674987518722, 0.9477491961414791, 0.9297727564514058, 0.9720404521118382, 0.9232558139534883, 0.9734299516908212, 0.9723892837616184, 0.9643825922868263, 0.9537844195378442, 0.996597129752922, 0.962527352297593, 0.9717589774802191, 0.9096589429835981, 0.9639354157235551, 0.9821751845146915, 0.967594705613875, 0.9701933008705917, 0.9273179675222629, 0.9740340997966526, 0.9707895937927887, 0.9510643821391485, 1.0, 0.9470374510899944, 0.9448685326547922, 0.9772044772044772, 0.979155672823219, 1.0, 1.0, 0.9375629405840886, 0.9693635113167438, 0.9606801275239107, 0.9869558845082809, 0.9859872611464968, 0.9741485432909315, 1.0, 0.9788888888888889, 0.9361675126903554, 0.9998888888888889, 1.0, 0.9249637155297533, 0.9768963675213675, 0.9467522658610272, 0.9775518847945786, 0.889368215975508, 0.956292203806016, 0.936657223796034, 0.9225324926006949, 0.9844184752365053]
val step Accs: [0.8852969024753145, 0.9951930080116533, 0.8841041998936736, 0.8910596454910079, 0.8148047353381412, 0.9174983366600133, 0.9544408651633686, 0.9505264676186355, 0.8732076473712161, 0.9435623914661374, 0.9438516937850093, 0.9167375886524822, 0.8984061163664636, 0.9408157824580112, 0.8634159482758621, 0.8117597292724196]
Preds: [17, 309, 479, 479, 398, 278, 17, 17, 465, 77, 77, 54, 142, 108, 119, 351, 351, 494, 498, 468, 468, 468, 468, 467, 337, 337, 337, 337, 434, 339, 339, 94, 479, 331, 331, 84, 84, 84, 426, 426, 16, 375, 375, 375, 98, 98, 98, 98, 13, 13, 414, 259, 170, 187, 187, 442, 442, 187, 341, 2, 2, 244, 341, 341, 341, 2, 163, 2, 163, 244, 63, 63, 63, 244, 73, 73, 73, 73, 320, 320, 320, 7, 7, 7, 7, 219, 420, 420, 213, 213, 213, 213, 213, 213, 246, 246, 246, 246, 246, 246, 246, 3, 3, 3, 464, 188, 177, 177, 301, 216, 259, 354, 109, 109, 109, 403, 171, 171, 171, 171, 171, 246, 246, 246, 246, 246, 324, 422, 186, 99, 338, 338, 338, 338, 338, 400, 400, 400, 30, 464, 171, 171, 252, 252, 143, 36, 310, 310, 54, 107, 395, 395, 485, 286, 286, 464, 365, 365, 315, 315, 315, 315, 282, 282, 282, 282, 282, 413, 413, 43, 43, 43, 276, 138, 138, 138, 182, 182, 182, 182, 182, 182, 182, 426, 282, 282, 282, 282, 303, 303, 94, 199, 331, 84, 302, 302, 496, 375, 375, 130, 130, 130, 402, 196, 196, 309, 398, 398, 464, 464, 264, 468, 406, 406, 88, 43, 43, 43, 276, 276, 174, 174, 387, 413, 348, 348, 33, 398, 398, 398, 398, 464, 464, 443, 355, 355, 282, 460, 263, 263, 263, 263, 414, 414, 414, 187, 187, 187, 187, 187, 47, 47, 244, 392, 392, 73, 73, 73, 244, 75, 75, 310, 310, 323, 377, 397, 106, 106, 374, 153, 153, 424, 182, 182, 182, 182, 182, 182, 182, 497, 497, 497, 497, 122, 122, 129, 36, 310, 323, 108, 119, 437, 106, 106, 481, 481, 139, 293, 81, 81, 299, 299, 146, 324, 324, 422, 301, 143, 259, 354, 345, 109, 109, 109, 355, 355, 355, 355, 355, 355, 355, 355, 355, 355, 287, 287, 460, 460, 169, 215, 35, 259, 354, 431, 265, 111, 428, 428, 438, 438, 368, 31, 449, 449, 351, 486, 486, 443, 443, 240, 240, 449, 449, 449, 324, 324, 324, 477, 464, 464, 132, 132, 132, 381, 465, 465, 465, 259, 441, 441, 100, 100, 100, 100, 100, 375, 98, 98, 98, 48, 13, 13, 414, 170, 170, 170, 170, 28, 28, 28, 28, 63, 63, 63, 63, 244, 2, 2, 2, 2, 2, 63, 63, 63, 63, 63, 63, 244, 73, 73, 73, 73, 244, 321, 412, 287, 287, 287, 287, 284, 284, 284, 284, 450, 450, 450, 450, 16, 43, 43, 276, 276, 174, 387, 497, 497, 43, 43, 43, 8, 239, 219, 219, 464, 464, 476, 171, 171, 171, 171, 252, 252, 143, 99, 99, 338, 338, 445, 219, 219, 30, 477, 477, 374, 374, 132, 132, 186, 186, 186, 162, 482, 482, 482, 482, 482, 115, 273, 273, 106, 106, 424, 497, 497, 122, 122, 259, 310, 445, 445, 445, 351, 213, 213, 213, 324, 324, 19, 19, 19, 454, 197, 259, 7, 7, 188, 398, 398, 464, 171, 171, 252, 457, 457, 8, 364, 345, 109, 109, 109, 284, 284, 376, 376, 206, 206, 206, 167, 167, 35, 411, 100, 100, 100, 375, 98, 98, 98, 233, 259, 259, 441, 441, 100, 100, 100, 481, 387, 375, 98, 98, 98, 98, 13, 414, 414, 170, 170, 170, 170, 28, 2, 2, 2, 244, 2, 244, 63, 63, 63, 244, 63, 63, 392, 63, 73, 244, 73, 73, 73, 321, 320, 320, 7, 7, 487, 374, 374, 374, 374, 374, 374, 132, 132, 274, 274, 88, 288, 337, 337]

ep488
Train step Loss: [0.15698766708374023, 0.1828978806734085, 0.09245313704013824, 0.4034528434276581, 0.13437534868717194, 0.16849902272224426, 0.0020838817581534386, 0.13604488968849182, 0.08835191279649734, 0.2928183376789093, 0.11767605692148209, 0.5556001663208008, 0.07302449643611908, 0.13698570430278778, 0.14586372673511505, 0.09339390695095062, 0.14281898736953735, 0.17459389567375183, 0.05067658796906471, 0.09273117035627365, 0.034744005650281906, 0.03973053768277168, 0.0017856128979474306, 0.15162058174610138, 0.4393404722213745, 0.1392480581998825, 0.06400540471076965, 0.14339806139469147, 0.13818681240081787, 0.1421714872121811, 0.07740990817546844, 0.2432718276977539, 0.306308776140213, 0.05753100663423538, 0.0037511615082621574, 0.05103449523448944, 0.18548886477947235, 0.0018072514794766903, 0.042313914746046066, 0.21532492339611053, 0.001950256060808897, 0.15033267438411713, 0.2298656404018402, 0.15598195791244507, 0.09019120037555695, 0.002045896602794528, 0.0019478221656754613, 0.24766454100608826, 0.06420900672674179, 0.2085171490907669, 0.3877881169319153, 0.0938110426068306, 0.036778777837753296, 0.03906100615859032, 0.25905728340148926, 0.08580949157476425, 0.17778843641281128, 0.0019168591825291514, 0.013029572553932667, 0.0018902519950643182, 0.017239097505807877, 0.10827302187681198, 0.011542361229658127]
val step Loss: [0.3318779170513153, 0.6183135509490967, 0.590925931930542, 0.0161379836499691, 0.6446746587753296, 0.4277828335762024, 0.4020213186740875, 0.6750543713569641, 0.39773449301719666, 0.1056886613368988, 0.5562213659286499, 0.33864736557006836, 0.3836307227611542, 0.1598494052886963, 0.14977511763572693, 0.004558550659567118]
Train step Accs: [0.9570777598118477, 0.9511813079232476, 0.9741822283494173, 0.8927854163448169, 0.9618696186961869, 0.9523738651585058, 1.0, 0.9623098667384574, 0.9758713136729222, 0.9180131657690006, 0.969661610268378, 0.8368694674722496, 0.9809301687474277, 0.9653193308096226, 0.9591810620601408, 0.9770560672160284, 0.9614843250159949, 0.9528301886792453, 0.9848304580606781, 0.9752133279154815, 0.9917787742899851, 0.9893439465913467, 1.0, 0.9581975343630438, 0.8810994441012971, 0.9636540871744882, 0.9821688500727802, 0.9581509846827133, 0.962151652624757, 0.9624913971094288, 0.9784557547715442, 0.9372919717747304, 0.9201661967650987, 0.9844504021447721, 0.9995263656457215, 0.9861751152073732, 0.9474802313230261, 1.0, 0.9881978517438006, 0.9434169064255378, 1.0, 0.9577407557903291, 0.9399723722215245, 0.9573863636363636, 0.9752526561285307, 1.0, 1.0, 0.9322897254317306, 0.9832106418700762, 0.9440371456500489, 0.895285830398266, 0.9753986895784399, 0.9912794319172792, 0.9903669724770642, 0.9303114400246685, 0.9763123263635034, 0.9507891139555114, 1.0, 0.9974226804123711, 1.0, 0.9959021641695479, 0.9691446613088404, 0.9970953261156589]
val step Accs: [0.9183829138062548, 0.8460596161698652, 0.8550742574257426, 0.997112330349408, 0.8446026097271648, 0.9079374903295683, 0.9010605637733743, 0.837367716822771, 0.9006909632841078, 0.9753050969131372, 0.8665141113653699, 0.9109712230215827, 0.9030684298369496, 0.9578679485366888, 0.9623419070626688, 0.9998039215686274]
Preds: [17, 17, 17, 284, 486, 486, 460, 460, 169, 150, 349, 234, 234, 234, 261, 25, 25, 332, 332, 399, 399, 53, 473, 473, 473, 398, 360, 360, 360, 360, 434, 434, 434, 339, 339, 216, 81, 398, 398, 324, 360, 360, 360, 360, 360, 360, 434, 434, 434, 434, 434, 19, 19, 454, 454, 454, 417, 414, 414, 414, 249, 249, 249, 82, 80, 80, 80, 320, 321, 188, 188, 188, 290, 171, 171, 171, 434, 339, 399, 53, 345, 345, 100, 497, 497, 497, 122, 285, 285, 285, 285, 285, 241, 431, 431, 139, 139, 139, 293, 175, 122, 216, 458, 192, 192, 180, 470, 403, 290, 290, 171, 434, 434, 434, 19, 19, 19, 19, 454, 454, 414, 414, 414, 414, 414, 414, 102, 414, 47, 47, 140, 140, 73, 244, 244, 321, 7, 7, 7, 309, 309, 309, 309, 398, 398, 360, 360, 360, 360, 360, 434, 434, 434, 434, 434, 434, 434, 434, 19, 19, 454, 454, 197, 197, 197, 197, 7, 321, 7, 219, 219, 219, 219, 451, 30, 30, 286, 286, 286, 468, 468, 468, 468, 467, 380, 180, 486, 315, 315, 315, 315, 315, 315, 315, 450, 450, 203, 203, 53, 250, 250, 250, 138, 138, 138, 345, 345, 387, 186, 186, 186, 349, 349, 234, 234, 234, 234, 261, 25, 25, 374, 374, 153, 153, 153, 182, 182, 98, 98, 98, 98, 197, 259, 259, 183, 183, 183, 257, 171, 171, 257, 422, 31, 31, 342, 342, 342, 342, 115, 273, 26, 359, 171, 171, 171, 171, 171, 171, 252, 422, 143, 478, 342, 342, 342, 115, 115, 273, 273, 486, 486, 486, 460, 460, 460, 169, 35, 35, 35, 441, 441, 100, 100, 424, 424, 182, 182, 182, 182, 182, 182, 182, 182, 182, 182, 375, 375, 98, 98, 98, 13, 13, 226, 321, 75, 437, 437, 437, 405, 405, 405, 206, 98, 98, 98, 98, 13, 13, 17, 83, 83, 55, 55, 55, 55, 55, 55, 55, 438, 438, 438, 438, 438, 438, 438, 438, 438, 438, 438, 438, 438, 438, 438, 438, 438, 438, 438, 438, 438, 438, 438, 438, 438, 438, 438, 438, 438, 438, 438, 438, 438, 438, 438, 438, 438, 438, 438, 438, 438, 438, 438, 438, 438, 438, 438, 438, 438, 438, 438, 438, 438, 438, 438, 438, 438, 438, 438, 438, 438, 438, 438, 438, 438, 438, 438, 438, 438, 438, 438, 438, 438, 438, 438, 438, 438, 438, 438, 438, 438, 438, 438, 438, 438, 438, 438, 438, 438, 438, 438, 438, 438, 438, 438, 438, 438, 438, 438, 438, 438, 438, 438, 438, 438, 438, 438, 438, 438, 438, 438, 438, 438, 438, 438, 438, 438, 438, 438, 438, 438, 438, 438, 438, 438, 438, 438, 438, 438, 438, 438, 438, 438, 438, 438, 438, 438, 438, 438, 438, 438, 438, 438, 438, 438, 438, 438, 438, 438, 438, 438, 438, 438, 438, 438, 438, 438, 438, 438, 438, 438, 438, 438, 438, 438, 438, 438, 438, 438, 438, 438, 438, 438, 438, 438, 438, 438, 438, 438, 438, 438, 438, 438, 438, 438, 438, 438, 438, 438, 438, 438, 438, 438, 438, 438, 438, 438, 438, 438, 438, 438, 438, 438, 438, 438, 438, 438, 438, 438, 438, 438, 438, 438, 438, 438, 438, 438, 438, 438, 438, 438, 438, 438, 438, 438, 438, 438, 438, 438, 438, 438, 438, 438, 438, 438, 438, 438, 438, 438, 438, 438, 438, 438, 438, 438, 438, 438, 438, 438, 438, 438, 438, 438, 438, 438, 438, 438, 438, 438, 438, 438, 438, 438, 438, 438, 438, 438, 438, 438, 438, 438, 438]

ep489
Train step Loss: [0.17444704473018646, 0.04180733487010002, 0.06188509613275528, 0.22661009430885315, 0.3172667324542999, 0.14520663022994995, 0.11112552136182785, 0.0764976292848587, 0.0028338388074189425, 0.08362890034914017, 0.013387119397521019, 0.08640506863594055, 0.016437523066997528, 0.11311358213424683, 0.22196324169635773, 0.1749207079410553, 0.04252304509282112, 0.005519247148185968, 0.33089667558670044, 0.001685610506683588, 0.18138596415519714, 0.2761958837509155, 0.051760684698820114, 0.10086525231599808, 0.09952150285243988, 0.1645599901676178, 0.135306254029274, 0.32154616713523865, 0.22705091536045074, 0.32082322239875793, 0.26606303453445435, 0.04252117499709129, 0.10446348041296005, 0.1658715158700943, 0.11869113892316818, 0.10264890640974045, 0.13354073464870453, 0.11857599020004272, 0.10586430132389069, 0.16610972583293915, 0.002160879084840417, 0.20301204919815063, 0.052499741315841675, 0.22981278598308563, 0.26079437136650085, 0.06965694576501846, 0.225544273853302, 0.0723249539732933, 0.18184249103069305, 0.1425289809703827, 0.18195991218090057, 0.21278341114521027, 0.07516008615493774, 0.2669277787208557, 0.1949089616537094, 0.15925590693950653, 0.11605007946491241, 0.0840107649564743, 0.27657151222229004, 0.07254329323768616, 0.17329207062721252, 0.0025425362400710583, 0.10749074071645737]
val step Loss: [0.8433688282966614, 0.30282777547836304, 0.09082867950201035, 0.21177926659584045, 0.42335623502731323, 0.021473335102200508, 0.35985907912254333, 0.25672590732574463, 0.4245184659957886, 0.48152780532836914, 0.5913690328598022, 0.6807612180709839, 0.3890782594680786, 0.002171737141907215, 0.3218052089214325, 0.3406298756599426]
Train step Accs: [0.9542172628815228, 0.9904272038862695, 0.98288825512056, 0.93713163064833, 0.9175617240898312, 0.9605263157894737, 0.9676988788040577, 0.9809084924292297, 0.9998587570621469, 0.9770867430441899, 0.9972498090145149, 0.9782838983050848, 0.996276991809382, 0.9704069050554871, 0.9386731957560919, 0.9531384350816853, 0.988795148958608, 0.999098983138113, 0.9128670327047028, 1.0, 0.9467281879194631, 0.9275, 0.9871406959152799, 0.9731199033524615, 0.9728179551122195, 0.9558628983764281, 0.9654849289395596, 0.9125748502994012, 0.9434728294815741, 0.9111694152923538, 0.9265850945494994, 0.9891339085969958, 0.9722444622364559, 0.9534099425430926, 0.9677028663706096, 0.9713057942888828, 0.9640401146131805, 0.9682255845942228, 0.9714160711681493, 0.9584853440684363, 1.0, 0.9439107092398983, 0.9839854962985345, 0.9371894960965224, 0.929449423815621, 0.9833546734955185, 0.9391127863148738, 0.979016167870657, 0.9488474488474489, 0.9617770085100246, 0.9504840940525587, 0.9454545454545454, 0.9790088187802758, 0.9253870795515217, 0.9500127518490181, 0.9564401051445738, 0.9699136868064119, 0.9761283589877381, 0.9204485488126649, 0.9786266484765803, 0.9529988922297832, 0.9998349562634098, 0.9697402906838217]
val step Accs: [0.7953135768435562, 0.9211136890951276, 0.9771303714493809, 0.9503080632199303, 0.8957184560493027, 0.9964893329732649, 0.9091622010194745, 0.9343726800296956, 0.8998049052396878, 0.8782033230076035, 0.8566692170364703, 0.8286620835536753, 0.9124336618650493, 0.9998576309794989, 0.9199069003285871, 0.91611242222699]
Preds: [17, 17, 287, 284, 319, 319, 319, 319, 450, 413, 203, 76, 76, 349, 349, 234, 234, 234, 234, 261, 25, 25, 106, 499, 499, 265, 265, 480, 85, 85, 299, 299, 388, 388, 67, 219, 324, 246, 324, 324, 324, 422, 31, 162, 162, 232, 232, 172, 172, 115, 267, 267, 267, 267, 213, 213, 252, 3, 3, 14, 411, 188, 188, 443, 443, 120, 271, 271, 31, 31, 342, 232, 232, 86, 86, 238, 336, 336, 110, 110, 486, 486, 486, 486, 468, 468, 468, 468, 203, 379, 303, 394, 243, 76, 465, 478, 310, 107, 107, 107, 395, 395, 470, 286, 264, 264, 264, 264, 264, 264, 264, 207, 207, 207, 207, 454, 454, 454, 454, 414, 170, 170, 170, 170, 170, 170, 82, 28, 2, 2, 2, 2, 2, 2, 392, 244, 392, 63, 63, 244, 73, 73, 244, 321, 320, 320, 287, 287, 106, 481, 293, 293, 293, 497, 58, 58, 72, 437, 437, 284, 284, 426, 426, 319, 348, 348, 348, 348, 348, 195, 250, 250, 76, 32, 320, 7, 354, 109, 109, 104, 104, 104, 468, 467, 337, 337, 290, 290, 360, 328, 434, 434, 324, 464, 464, 464, 340, 340, 116, 94, 479, 331, 331, 331, 138, 138, 182, 182, 182, 497, 497, 497, 497, 98, 58, 441, 437, 437, 284, 284, 426, 426, 319, 319, 348, 348, 53, 381, 381, 334, 275, 452, 452, 98, 48, 414, 414, 170, 170, 170, 170, 392, 2, 244, 392, 392, 392, 392, 392, 392, 73, 73, 73, 321, 320, 7, 7, 7, 345, 109, 109, 346, 284, 376, 376, 460, 460, 169, 271, 150, 269, 323, 323, 224, 168, 494, 106, 153, 153, 153, 387, 349, 349, 349, 349, 349, 349, 234, 261, 25, 25, 148, 100, 302, 153, 53, 274, 274, 497, 98, 98, 197, 197, 197, 321, 321, 209, 287, 287, 287, 284, 284, 284, 315, 480, 480, 480, 480, 480, 480, 282, 282, 282, 282, 282, 282, 282, 388, 388, 94, 195, 195, 195, 250, 250, 250, 250, 473, 109, 109, 290, 290, 290, 290, 207, 464, 434, 434, 252, 143, 458, 131, 192, 34, 222, 222, 134, 134, 255, 349, 349, 349, 349, 155, 261, 25, 148, 148, 148, 148, 153, 182, 182, 182, 182, 387, 406, 134, 134, 134, 134, 302, 302, 375, 132, 98, 98, 98, 98, 13, 13, 78, 170, 170, 170, 170, 28, 187, 187, 187, 187, 163, 163, 392, 73, 244, 75, 373, 373, 205, 205, 261, 261, 25, 106, 106, 106, 106, 153, 153, 182, 182, 182, 182, 182, 182, 182, 182, 182, 182, 182, 345, 345, 274, 122, 122, 122, 36, 310, 310, 310, 107, 395, 395, 84, 84, 84, 84, 84, 274, 274, 98, 98, 193, 17, 83, 443, 438, 438, 438, 438, 438, 438, 438, 438, 438, 438, 438, 438, 438, 438, 438, 438, 438, 438, 438, 438, 438, 438, 438, 438, 438, 438, 438, 438, 438, 438, 438, 438, 438, 438, 438, 438, 438, 438, 438, 438, 438, 438, 438, 438, 438, 438, 438, 438, 438, 438, 438, 438, 438, 438, 438, 438, 438, 438, 438, 438, 438, 438, 438, 438, 438, 438, 438, 438, 438, 438, 438, 438, 438, 438, 438, 438, 438, 438, 438, 438, 438, 438, 438, 438, 438, 438, 438, 438, 438, 438, 438, 438, 438, 438, 438, 438, 438, 438, 438, 438, 438, 438, 438, 438, 438, 438, 438, 438, 438, 438, 438, 438, 438, 438, 438, 438, 438, 438, 438, 438, 438, 438, 438, 438, 438, 438, 438, 438, 438, 438, 438, 438, 438, 438, 438, 438, 438, 438, 438, 438, 438, 438, 438]

ep490
Train step Loss: [0.06576471030712128, 0.11395186930894852, 0.009567844681441784, 0.0963539257645607, 0.05336078628897667, 0.14106795191764832, 0.1280939131975174, 0.060696862637996674, 0.15884725749492645, 0.27524277567863464, 0.039126284420490265, 0.11794932186603546, 0.09125485271215439, 0.18609075248241425, 0.08913013339042664, 0.0023239641450345516, 0.1377013474702835, 0.16261383891105652, 0.08678336441516876, 0.2771444618701935, 0.0020778258331120014, 0.1669158935546875, 0.046370308846235275, 0.05417270585894585, 0.11207406222820282, 0.16102281212806702, 0.10344412922859192, 0.07983014732599258, 0.12375897169113159, 0.12803100049495697, 0.08212752640247345, 0.1756860315799713, 0.055699121206998825, 0.07456031441688538, 0.022007053717970848, 0.03881273418664932, 0.2621656656265259, 0.14667271077632904, 0.23068596422672272, 0.20532824099063873, 0.0633322075009346, 0.22538499534130096, 0.09436905384063721, 0.17453892529010773, 0.0728546679019928, 0.011912698857486248, 0.19432345032691956, 0.1637415885925293, 0.1343969851732254, 0.18135282397270203, 0.3212505280971527, 0.3004021644592285, 0.08135605603456497, 0.44575953483581543, 0.06484628468751907, 0.17627878487110138, 0.18116286396980286, 0.12048827111721039, 0.12555792927742004, 0.0988745391368866, 0.11677926778793335, 0.12526606023311615, 0.18930014967918396]
val step Loss: [0.2738329768180847, 0.14751960337162018, 0.34921786189079285, 0.2420627325773239, 0.4047291874885559, 0.45839905738830566, 0.04056673124432564, 0.3568066954612732, 0.6983935832977295, 0.5468556880950928, 0.30094847083091736, 0.5797752737998962, 0.4142841100692749, 0.31180936098098755, 0.1541304588317871, 0.5311877131462097]
Train step Accs: [0.9806034482758621, 0.969810409370849, 0.9975808505220269, 0.9766090161610433, 0.9851686022107178, 0.9658964365256125, 0.9655678633391165, 0.9843161856963614, 0.9563387690689111, 0.9264979264979265, 0.9906379563996255, 0.9685101878803917, 0.9755877034358047, 0.949687452355542, 0.9782209022769057, 0.9998629198080877, 0.9621673613337608, 0.9546101534081923, 0.9779466733117369, 0.9237716210010715, 1.0, 0.9526729559748428, 0.9878017789072427, 0.985663082437276, 0.9696632340662399, 0.9578144458281445, 0.972649807586586, 0.978319151416249, 0.9693911317008603, 0.9684180304335344, 0.9778741865509761, 0.9522860180754917, 0.9862285246795746, 0.9789595972634568, 0.9943560800410467, 0.9901946852351855, 0.9291604704609977, 0.9583979328165375, 0.9398738092292466, 0.9413830689112268, 0.9831743508214097, 0.9369292584926336, 0.9757991458522065, 0.952947539210384, 0.9810164424514201, 0.996802557953637, 0.9464700418021366, 0.9532560926887734, 0.9616995810891682, 0.9535607569721115, 0.9119810497444208, 0.9168280871670702, 0.9788158609451385, 0.87712454722764, 0.9832780541735766, 0.9500249875062469, 0.9481955762514552, 0.9690656565656566, 0.9666748046875, 0.9732754081095313, 0.9682830930537353, 0.967499706676053, 0.9462694168576522]
val step Accs: [0.9349832775919732, 0.9684517497348887, 0.9250863856254319, 0.9422061683801056, 0.8978662503252667, 0.8835538752362949, 0.990537118485939, 0.9088364654138344, 0.8359316067387478, 0.860260336906585, 0.9222186802677718, 0.8517960311479528, 0.8921568627450981, 0.9240298507462686, 0.9622345731794214, 0.8677527551509343]
Preds: [17, 17, 17, 145, 284, 284, 284, 450, 450, 450, 43, 43, 43, 43, 276, 276, 153, 153, 138, 182, 182, 182, 182, 182, 182, 182, 98, 98, 98, 98, 98, 197, 226, 226, 226, 209, 287, 287, 110, 145, 111, 111, 322, 322, 67, 10, 10, 479, 398, 398, 398, 301, 399, 43, 43, 250, 138, 138, 138, 153, 387, 387, 109, 146, 146, 324, 324, 422, 99, 99, 338, 338, 338, 338, 338, 338, 395, 395, 395, 278, 278, 278, 374, 378, 416, 8, 259, 208, 100, 100, 100, 375, 122, 122, 122, 233, 82, 75, 75, 66, 68, 68, 68, 224, 25, 267, 444, 448, 324, 464, 464, 58, 315, 486, 319, 319, 72, 72, 203, 7, 364, 276, 276, 276, 276, 153, 153, 182, 182, 182, 182, 375, 98, 98, 98, 98, 426, 426, 282, 282, 59, 282, 282, 282, 413, 413, 413, 303, 413, 303, 303, 303, 303, 303, 309, 309, 479, 479, 331, 331, 106, 481, 481, 481, 481, 182, 387, 293, 375, 98, 263, 263, 263, 78, 170, 170, 170, 170, 170, 392, 392, 392, 392, 392, 392, 392, 392, 63, 63, 63, 63, 63, 63, 63, 63, 63, 63, 63, 392, 392, 392, 392, 244, 244, 289, 289, 321, 7, 7, 420, 324, 324, 324, 464, 464, 464, 110, 486, 486, 460, 460, 169, 349, 349, 234, 234, 234, 234, 261, 25, 25, 485, 324, 324, 324, 464, 464, 464, 139, 139, 426, 426, 426, 413, 348, 10, 10, 473, 398, 398, 340, 340, 116, 94, 199, 302, 88, 274, 122, 122, 129, 129, 75, 342, 68, 115, 273, 273, 151, 151, 151, 240, 215, 35, 129, 259, 354, 354, 420, 286, 286, 286, 286, 374, 374, 374, 374, 374, 246, 246, 246, 477, 132, 132, 132, 375, 375, 375, 98, 98, 98, 13, 401, 82, 401, 321, 75, 208, 208, 441, 437, 437, 437, 481, 481, 375, 375, 98, 98, 98, 263, 13, 193, 17, 83, 403, 403, 403, 438, 438, 438, 438, 438, 438, 438, 438, 438, 438, 438, 438, 438, 438, 438, 438, 438, 438, 438, 438, 438, 438, 438, 438, 438, 438, 438, 438, 438, 438, 438, 438, 438, 438, 438, 438, 438, 438, 438, 438, 438, 438, 438, 438, 438, 438, 438, 438, 438, 438, 438, 438, 438, 438, 438, 438, 438, 438, 438, 438, 438, 438, 438, 438, 438, 438, 438, 438, 438, 438, 438, 438, 438, 438, 438, 438, 438, 438, 438, 438, 438, 438, 438, 438, 438, 438, 438, 438, 438, 438, 438, 438, 438, 438, 438, 438, 438, 438, 438, 438, 438, 438, 438, 438, 438, 438, 438, 438, 438, 438, 438, 438, 438, 438, 438, 438, 438, 438, 438, 438, 438, 438, 438, 438, 438, 438, 438, 438, 438, 438, 438, 438, 438, 438, 438, 438, 438, 438, 438, 438, 438, 438, 438, 438, 438, 438, 438, 438, 438, 438, 438, 438, 438, 438, 438, 438, 438, 438, 438, 438, 438, 438, 438, 438, 438, 438, 438, 438, 438, 438, 438, 438, 438, 438, 438, 438, 438, 438, 438, 438, 438, 438, 438, 438, 438, 438, 438, 438, 438, 438, 438, 438, 438, 438, 438, 438, 438, 438, 438, 438, 438, 438, 438, 438, 438, 438, 438, 438, 438, 438, 438, 438, 438, 438, 438, 438, 438, 438, 438, 438, 438, 438, 438, 438, 438, 438, 438, 438, 438, 438, 438, 438, 438, 438, 438, 438, 438, 438, 438, 438, 438, 438, 438, 438, 438, 438, 438, 438, 438, 438, 438, 438, 438, 438, 438, 438, 438, 438, 438, 438, 438, 438, 438, 438, 438, 438, 438, 438, 438, 438, 438, 438]

ep491
Train step Loss: [0.10296948254108429, 0.07051800191402435, 0.1747024804353714, 0.0370793379843235, 0.06252938508987427, 0.10663777589797974, 0.028381282463669777, 0.08500593900680542, 0.009900737553834915, 0.3525758683681488, 0.073360875248909, 0.042160384356975555, 0.16319157183170319, 0.07801882922649384, 0.12362954020500183, 0.17482395470142365, 0.003351922146975994, 0.03568277880549431, 0.25883418321609497, 0.2601211369037628, 0.063051737844944, 0.15747663378715515, 0.08845445513725281, 0.021601172164082527, 0.011174182407557964, 0.12154332548379898, 0.09158782660961151, 0.20822571218013763, 0.08087015151977539, 0.1217242181301117, 0.14902639389038086, 0.116801917552948, 0.11189991980791092, 0.22191323339939117, 0.1312633603811264, 0.3296923339366913, 0.0019439454190433025, 0.06487465649843216, 0.11422386765480042, 0.30456411838531494, 0.20246176421642303, 0.21467739343643188, 0.28785237669944763, 0.37737810611724854, 0.2839003801345825, 0.16572362184524536, 0.023874642327427864, 0.03663560375571251, 0.0021866867318749428, 0.12732967734336853, 0.050837136805057526, 0.08844815939664841, 0.2850261330604553, 0.2179626226425171, 0.16087192296981812, 0.16743986308574677, 0.1009988859295845, 0.17193232476711273, 0.03610427305102348, 0.14298394322395325, 0.12367353588342667, 0.08857853710651398, 0.002422292483970523]
val step Loss: [0.40124747157096863, 0.13785092532634735, 0.18137535452842712, 0.11122746765613556, 0.14455151557922363, 0.3578716218471527, 0.1989142745733261, 0.5809386968612671, 0.5000086426734924, 0.15445370972156525, 0.5680221915245056, 0.5991498827934265, 0.34867146611213684, 0.1414962261915207, 0.3704800009727478, 0.04656216502189636]
Train step Accs: [0.9719887955182073, 0.9798789925425637, 0.9535766780989711, 0.9898719932479955, 0.9823864388822673, 0.9692893401015228, 0.991893545426736, 0.9796572555788435, 0.9977647387538419, 0.9061343204653622, 0.9781458797327395, 0.9892287234042553, 0.9533838809323224, 0.9791161412018324, 0.9649051490514905, 0.953295128939828, 0.9997214872580421, 0.9908818548912336, 0.9278673835125448, 0.931328781512605, 0.9854758567970442, 0.9556794425087108, 0.9758781210325856, 0.9947018068197255, 0.9976395445709525, 0.9673714434873402, 0.9750741040150903, 0.9402478799739074, 0.9797189819724285, 0.9663475077442973, 0.9614262990455992, 0.9703078180332334, 0.9701046337817638, 0.9400275103163687, 0.9631782945736435, 0.9058375936273927, 1.0, 0.9837133550488599, 0.9717527764365042, 0.9146541914274877, 0.9444189952664529, 0.9440457365284028, 0.9192356687898089, 0.8936416184971099, 0.9231319782421987, 0.9561510353227771, 0.9931617555638443, 0.9912976708471973, 1.0, 0.964778358109013, 0.9868163425140322, 0.9749742381863683, 0.9190899299946149, 0.9408874558575158, 0.9551643972102292, 0.9538819273995608, 0.9724219056332506, 0.9527381845461366, 0.989328159107446, 0.9621441988152001, 0.966190408827274, 0.9762905162064826, 1.0]
val step Accs: [0.9021995286724274, 0.966064883941903, 0.9557001626830184, 0.97115113988179, 0.9635465349178796, 0.910828025477707, 0.9498532942117898, 0.8541142175698954, 0.87234873129473, 0.9623636140738017, 0.863399231191653, 0.8607711540992236, 0.9111736334405145, 0.9669291338582677, 0.9022519582245431, 0.9875489970025363]
Preds: [17, 188, 324, 324, 422, 143, 143, 14, 14, 209, 287, 145, 145, 111, 111, 85, 85, 146, 146, 438, 438, 335, 14, 14, 14, 287, 145, 145, 145, 486, 265, 428, 85, 85, 85, 207, 207, 207, 19, 19, 454, 454, 454, 454, 414, 56, 56, 170, 170, 312, 187, 187, 187, 187, 1, 1, 1, 1, 1, 408, 408, 391, 391, 391, 228, 73, 73, 321, 321, 287, 287, 287, 287, 284, 284, 284, 284, 284, 426, 284, 450, 450, 450, 450, 450, 293, 293, 98, 169, 349, 349, 349, 234, 234, 234, 234, 261, 25, 25, 106, 346, 426, 426, 480, 85, 85, 85, 299, 330, 330, 388, 388, 116, 309, 398, 398, 398, 398, 464, 464, 464, 330, 330, 139, 139, 315, 319, 319, 450, 450, 450, 450, 413, 413, 43, 43, 43, 276, 276, 174, 174, 174, 284, 284, 284, 355, 355, 355, 355, 426, 426, 450, 450, 293, 293, 43, 43, 43, 276, 276, 346, 346, 346, 428, 428, 85, 146, 285, 285, 285, 285, 285, 285, 337, 337, 324, 324, 422, 422, 31, 162, 232, 232, 172, 172, 115, 115, 267, 267, 267, 267, 213, 3, 3, 3, 14, 188, 188, 464, 120, 120, 120, 271, 271, 271, 31, 162, 232, 232, 232, 232, 172, 172, 115, 115, 273, 273, 273, 273, 84, 84, 84, 84, 355, 355, 355, 452, 452, 452, 263, 48, 48, 414, 414, 170, 170, 170, 170, 170, 244, 28, 2, 2, 2, 2, 2, 63, 63, 2, 63, 63, 63, 63, 63, 63, 63, 63, 63, 63, 244, 63, 244, 73, 320, 249, 441, 441, 441, 441, 441, 153, 153, 424, 497, 497, 497, 122, 122, 216, 198, 127, 371, 114, 180, 443, 443, 486, 486, 460, 240, 240, 285, 285, 285, 285, 300, 134, 134, 134, 88, 42, 42, 42, 147, 147, 380, 380, 288, 288, 288, 213, 213, 213, 246, 246, 246, 246, 246, 246, 246, 246, 19, 19, 19, 454, 454, 454, 414, 414, 170, 170, 170, 170, 170, 28, 28, 28, 28, 2, 2, 244, 2, 63, 244, 63, 63, 63, 63, 63, 63, 63, 63, 63, 63, 63, 366, 63, 63, 63, 163, 244, 63, 63, 316, 63, 73, 73, 244, 73, 321, 7, 7, 7, 7, 7, 7, 398, 398, 374, 374, 374, 374, 374, 378, 378, 378, 43, 43, 276, 276, 276, 346, 346, 346, 284, 284, 284, 405, 405, 405, 206, 206, 206, 206, 206, 206, 98, 167, 197, 197, 226, 321, 75, 287, 287, 287, 287, 284, 284, 284, 284, 284, 284, 284, 426, 426, 426, 426, 426, 426, 426, 450, 450, 282, 413, 388, 94, 94, 94, 199, 467, 337, 337, 337, 207, 207, 207, 464, 464, 464, 468, 467, 467, 467, 467, 313, 200, 375, 76, 76, 465, 349, 393, 155, 155, 155, 441, 441, 148, 148, 153, 153, 153, 182, 182, 182, 182, 182, 182, 132, 88, 88, 88, 182, 497, 497, 497, 43, 399, 70, 70, 70, 65, 65, 46, 46, 46, 46, 146, 146, 146, 464, 464, 464, 324, 324, 464, 464, 286, 468, 406, 406, 406, 359, 324, 464, 464, 464, 355, 355, 355, 355, 263, 263, 17, 83, 403, 403, 403, 438, 438, 438, 438, 438, 438, 438, 438, 438, 438, 438, 438, 438, 438, 438, 438, 438, 438, 438, 438, 438, 438, 438, 438, 438, 438, 438, 438, 438, 438, 438, 438, 438, 438, 438, 438, 438, 438, 438, 438, 438, 438, 438, 438, 438, 438, 438, 438, 438, 438, 438, 438, 438, 438, 438, 438, 438, 438, 438, 438, 438, 438, 438, 438, 438, 438, 438, 438, 438, 438, 438]

ep492
Train step Loss: [0.00956876203417778, 0.0019614731427282095, 0.1217222511768341, 0.10794005542993546, 0.0019080033525824547, 0.017152274027466774, 0.07675107568502426, 0.20257778465747833, 0.10582726448774338, 0.08294348418712616, 0.06566277891397476, 0.046153683215379715, 0.13954900205135345, 0.033938389271497726, 0.13166175782680511, 0.07303227484226227, 0.19501924514770508, 0.18590877950191498, 0.05001920461654663, 0.21921809017658234, 0.0928264930844307, 0.13839839398860931, 0.13854892551898956, 0.06555299460887909, 0.36053988337516785, 0.06586746126413345, 0.16041572391986847, 0.1268198937177658, 0.16561418771743774, 0.2074814885854721, 0.10852666944265366, 0.006036960519850254, 0.09963609278202057, 0.18088798224925995, 0.017026465386152267, 0.07692717760801315, 0.13656851649284363, 0.06213103234767914, 0.341792494058609, 0.0019882170017808676, 0.06071421131491661, 0.05848916247487068, 0.10426042228937149, 0.058704569935798645, 0.1872127503156662, 0.10649488121271133, 0.013991163112223148, 0.14463214576244354, 0.05501071363687515, 0.05136922746896744, 0.06931572407484055, 0.0019461276242509484, 0.34626585245132446, 0.02941271848976612, 0.0021014183294028044, 0.2279670536518097, 0.02317788079380989, 0.042461421340703964, 0.11651081591844559, 0.15799064934253693, 0.22006462514400482, 0.3106965124607086, 0.0018715643091127276]
val step Loss: [0.358463853597641, 0.06873975694179535, 0.6964563131332397, 0.33824875950813293, 0.14297695457935333, 0.38752123713493347, 0.18659299612045288, 0.3791036605834961, 0.3320271074771881, 0.42256051301956177, 0.2767062485218048, 0.43407946825027466, 0.5178846716880798, 0.4975900650024414, 0.28951698541641235, 0.5657951831817627]
Train step Accs: [0.997811516892354, 1.0, 0.9664134346261496, 0.9705494505494505, 1.0, 0.9962175557584453, 0.980963480963481, 0.9422382671480144, 0.9731338948591345, 0.97632058287796, 0.9817146282973621, 0.9889374487844851, 0.9614765100671141, 0.9905660377358491, 0.9641001417099669, 0.9804823470909995, 0.9460387203075655, 0.9477956787810665, 0.9865671641791045, 0.9412229420129562, 0.972244250594766, 0.9634982851543361, 0.9605300253735551, 0.980949631981527, 0.9060901138801782, 0.981454302868579, 0.9570521598406573, 0.9653685311029796, 0.9539316918189039, 0.9439863520045493, 0.9714214401597404, 0.9986782976473698, 0.9733634878753612, 0.95084698694807, 0.995949594959496, 0.9807117969138875, 0.9636317395727365, 0.9844088937093276, 0.9022273647671392, 1.0, 0.9835212489158717, 0.9834062258811422, 0.9700501253132832, 0.9841353087714698, 0.9528757500365872, 0.9734350018447916, 0.996893252143656, 0.9625864746576309, 0.9852757327406584, 0.9863516289991194, 0.9814212096555465, 1.0, 0.9106687085247576, 0.9918877156837497, 1.0, 0.9428608115048793, 0.9934439389884935, 0.9899746023258923, 0.9680557223489852, 0.9564880568108457, 0.9420689655172414, 0.9176501442433779, 1.0]
val step Accs: [0.9074047653017548, 0.9829705505761844, 0.8280310804867321, 0.9154527277920594, 0.962333099086437, 0.8953522794552989, 0.9510686164229472, 0.9011281531246039, 0.9194920634920635, 0.891705668226729, 0.9423020742039147, 0.8939812258420762, 0.8723049281314168, 0.8815399802566634, 0.9272392960336223, 0.8684267010088002]
Preds: [17, 17, 17, 309, 309, 309, 473, 398, 324, 324, 434, 301, 339, 8, 8, 259, 354, 354, 420, 213, 213, 213, 324, 19, 19, 19, 454, 454, 454, 439, 78, 170, 170, 170, 170, 392, 237, 237, 237, 237, 237, 237, 237, 28, 244, 244, 244, 28, 63, 392, 63, 63, 63, 63, 63, 63, 63, 63, 63, 63, 63, 63, 63, 63, 63, 63, 63, 63, 63, 63, 63, 63, 63, 63, 63, 63, 63, 63, 63, 392, 244, 289, 289, 289, 287, 287, 287, 284, 284, 284, 284, 111, 85, 240, 240, 240, 314, 314, 243, 197, 414, 414, 414, 414, 47, 392, 392, 244, 80, 102, 321, 102, 102, 102, 102, 320, 320, 479, 331, 331, 307, 307, 61, 61, 167, 167, 457, 35, 401, 7, 196, 479, 473, 65, 429, 360, 171, 171, 171, 171, 171, 246, 3, 19, 3, 3, 197, 226, 320, 188, 188, 188, 340, 203, 399, 70, 70, 70, 138, 65, 174, 319, 319, 240, 251, 251, 241, 431, 443, 486, 486, 264, 264, 468, 468, 443, 443, 240, 271, 150, 150, 35, 342, 68, 68, 224, 26, 26, 494, 444, 448, 324, 324, 324, 464, 464, 464, 464, 459, 50, 271, 143, 458, 96, 96, 66, 68, 68, 68, 261, 25, 25, 106, 499, 284, 284, 306, 306, 306, 85, 59, 59, 452, 452, 48, 414, 170, 82, 170, 392, 392, 392, 392, 392, 392, 392, 392, 392, 392, 73, 289, 320, 320, 345, 345, 345, 132, 122, 236, 32, 32, 239, 259, 75, 371, 180, 180, 319, 319, 319, 319, 240, 388, 64, 64, 199, 374, 132, 132, 132, 132, 132, 359, 325, 34, 444, 324, 324, 324, 246, 246, 246, 246, 246, 246, 3, 3, 14, 14, 440, 440, 287, 284, 284, 265, 306, 85, 85, 59, 59, 59, 59, 59, 406, 42, 42, 147, 147, 147, 337, 41, 324, 324, 324, 301, 301, 8, 32, 32, 259, 259, 354, 354, 284, 284, 265, 376, 460, 17, 403, 403, 438, 438, 438, 438, 438, 438, 438, 438, 438, 438, 438, 438, 438, 438, 438, 438, 438, 438, 438, 438, 438, 438, 438, 438, 438, 438, 438, 438, 438, 438, 438, 438, 438, 438, 438, 438, 438, 438, 438, 438, 438, 438, 438, 438, 438, 438, 438, 438, 438, 438, 438, 438, 438, 438, 438, 438, 438, 438, 438, 438, 438, 438, 438, 438, 438, 438, 438, 438, 438, 438, 438, 438, 438, 438, 438, 438, 438, 438, 438, 438, 438, 438, 438, 438, 438, 438, 438, 438, 438, 438, 438, 438, 438, 438, 438, 438, 438, 438, 438, 438, 438, 438, 438, 438, 438, 438, 438, 438, 438, 438, 438, 438, 438, 438, 438, 438, 438, 438, 438, 438, 438, 438, 438, 438, 438, 438, 438, 438, 438, 438, 438, 438, 438, 438, 438, 438, 438, 438, 438, 438, 438, 438, 438, 438, 438, 438, 438, 438, 438, 438, 438, 438, 438, 438, 438, 438, 438, 438, 438, 438, 438, 438, 438, 438, 438, 438, 438, 438, 438, 438, 438, 438, 438, 438, 438, 438, 438, 438, 438, 438, 438, 438, 438, 438, 438, 438, 438, 438, 438, 438, 438, 438, 438, 438, 438, 438, 438, 438, 438, 438, 438, 438, 438, 438, 438, 438, 438, 438, 438, 438, 438, 438, 438, 438, 438, 438, 438, 438, 438, 438, 438, 438, 438, 438, 438, 438, 438, 438, 438, 438, 438, 438, 438, 438, 438, 438, 438, 438, 438, 438, 438, 438, 438, 438, 438, 438, 438, 438, 438, 438, 438, 438, 438, 438, 438, 438, 438, 438, 438, 438, 438, 438, 438, 438, 438, 438, 438, 438, 438]

ep493
Train step Loss: [0.10313886404037476, 0.05152060091495514, 0.009765595197677612, 0.12888148427009583, 0.0025131432339549065, 0.2634778618812561, 0.13038979470729828, 0.11742496490478516, 0.12208345532417297, 0.0018961497116833925, 0.18600226938724518, 0.2561723291873932, 0.1116403266787529, 0.1598513126373291, 0.01845140941441059, 0.09736523032188416, 0.0654282197356224, 0.28257980942726135, 0.13340575993061066, 0.30166780948638916, 0.17848558723926544, 0.0017857898492366076, 0.208998441696167, 0.13674047589302063, 0.07822258025407791, 0.0018910238286480308, 0.061634063720703125, 0.16071099042892456, 0.05133568495512009, 0.1171913892030716, 0.2986317276954651, 0.08646822720766068, 0.10961390286684036, 0.227350115776062, 0.010377433151006699, 0.16463829576969147, 0.06370934098958969, 0.21183212101459503, 0.2743837535381317, 0.030706699937582016, 0.1422482281923294, 0.24094533920288086, 0.04404369369149208, 0.1743999421596527, 0.03332773596048355, 0.10533184558153152, 0.09374286234378815, 0.026707366108894348, 0.027335381135344505, 0.13383279740810394, 0.17957651615142822, 0.09285320341587067, 0.12988294661045074, 0.12430502474308014, 0.09718387573957443, 0.19461503624916077, 0.14620685577392578, 0.0023254300467669964, 0.17622536420822144, 0.002303726738318801, 0.10671088844537735, 0.13859981298446655, 0.09112174808979034]
val step Loss: [0.4647499918937683, 0.36123931407928467, 0.43415114283561707, 0.15510444343090057, 0.38825008273124695, 0.3962167501449585, 0.4882008731365204, 0.22122423350811005, 0.518750786781311, 0.4510193467140198, 0.15415692329406738, 0.2897765636444092, 0.7082509994506836, 0.19776025414466858, 0.45940572023391724, 0.008284764364361763]
Train step Accs: [0.9710615105112899, 0.9870886474570933, 0.9978589589187743, 0.964152352501867, 0.9998653923812088, 0.928654970760234, 0.96315099901736, 0.9695667740780523, 0.9672752808988764, 1.0, 0.9480392156862745, 0.930306905370844, 0.970244113823487, 0.9563589226559124, 0.9950786056049213, 0.9737201883639678, 0.9815655890996526, 0.9265571738456772, 0.9625275532696547, 0.9159146841673503, 0.9524778375236157, 1.0, 0.944470081525919, 0.9633627242322894, 0.9778034015566446, 1.0, 0.9828297617463064, 0.95472786556308, 0.9845438175270108, 0.9701941482089144, 0.9176676676676677, 0.9761311475409836, 0.9696537414083777, 0.9360902255639098, 0.9974180222050091, 0.9518771771384338, 0.9840089252510227, 0.9402189997040544, 0.9272590361445783, 0.9916267942583732, 0.9612860892388452, 0.9325357671435619, 0.9884893947232282, 0.9514292942069315, 0.9913907284768212, 0.9729574223245109, 0.9733542319749217, 0.9932279909706546, 0.9930249110320285, 0.9621934604904632, 0.9553357792311373, 0.9741692062109999, 0.9639815719670529, 0.9672230652503794, 0.9739941869359033, 0.9492447952102326, 0.9589730015881419, 0.9997510889856877, 0.9525150390375016, 1.0, 0.9699543610547667, 0.9633318897069438, 0.9770359848484849]
val step Accs: [0.8872995231902904, 0.9118421052631579, 0.8947152806226956, 0.9601077475628528, 0.9013755515182974, 0.8981602373887241, 0.8789010004479618, 0.9509365389991613, 0.8665218066118268, 0.8841166936790924, 0.9665792922673656, 0.9231767079850101, 0.8224008296603578, 0.9554649265905384, 0.8983009412052316, 0.99933598937583]
Preds: [17, 17, 296, 217, 479, 331, 360, 360, 360, 360, 143, 465, 458, 458, 458, 192, 445, 351, 351, 351, 432, 432, 330, 330, 330, 434, 434, 434, 200, 219, 219, 219, 19, 19, 19, 19, 19, 19, 454, 454, 102, 102, 102, 102, 102, 102, 170, 82, 170, 102, 392, 392, 392, 63, 63, 63, 63, 63, 63, 63, 63, 63, 73, 244, 289, 320, 321, 7, 7, 309, 479, 479, 398, 324, 177, 143, 143, 129, 401, 196, 196, 70, 65, 46, 46, 46, 46, 85, 438, 285, 251, 359, 34, 191, 191, 191, 301, 314, 10, 251, 251, 251, 251, 241, 331, 106, 106, 153, 153, 153, 182, 182, 182, 182, 182, 497, 122, 143, 129, 259, 208, 345, 100, 100, 122, 122, 236, 36, 36, 449, 224, 377, 87, 490, 236, 236, 129, 401, 401, 75, 377, 377, 377, 106, 106, 387, 206, 206, 206, 35, 35, 35, 401, 401, 441, 7, 7, 345, 109, 278, 278, 207, 207, 207, 207, 207, 207, 207, 207, 207, 207, 19, 454, 454, 78, 78, 170, 170, 392, 392, 392, 392, 392, 392, 392, 63, 63, 63, 63, 63, 63, 63, 244, 392, 289, 289, 289, 287, 287, 287, 284, 460, 460, 460, 450, 450, 215, 175, 88, 88, 153, 182, 182, 387, 122, 122, 406, 146, 207, 207, 207, 207, 246, 246, 19, 19, 143, 99, 338, 338, 338, 338, 338, 338, 338, 400, 400, 400, 324, 464, 464, 464, 464, 464, 318, 318, 99, 338, 338, 338, 338, 338, 338, 400, 400, 324, 485, 286, 464, 313, 116, 10, 479, 398, 479, 331, 331, 331, 106, 481, 284, 405, 405, 426, 426, 375, 375, 375, 98, 413, 413, 303, 303, 243, 32, 75, 478, 107, 107, 107, 395, 395, 180, 264, 264, 264, 468, 139, 139, 293, 293, 122, 375, 375, 375, 98, 98, 233, 170, 270, 287, 441, 287, 100, 481, 98, 98, 98, 98, 13, 170, 170, 170, 392, 392, 392, 63, 63, 63, 63, 63, 63, 63, 63, 63, 63, 63, 63, 63, 63, 63, 63, 63, 63, 63, 63, 63, 63, 63, 63, 63, 63, 73, 289, 289, 320, 320, 287, 287, 284, 284, 284, 284, 111, 111, 240, 94, 64, 64, 251, 251, 331, 398, 398, 331, 114, 324, 301, 301, 301, 301, 246, 246, 246, 246, 246, 246, 246, 246, 99, 99, 338, 338, 338, 338, 338, 338, 400, 400, 219, 464, 477, 374, 132, 132, 132, 132, 88, 88, 375, 375, 387, 43, 122, 122, 259, 259, 401, 196, 354, 354, 445, 106, 213, 213, 213, 213, 3, 143, 401, 401, 75, 401, 401, 25, 106, 213, 374, 34, 34, 41, 19, 19, 19, 19, 454, 32, 401, 401, 354, 384, 445, 180, 213, 264, 443, 171, 171, 416, 129, 208, 445, 445, 171, 464, 464, 178, 240, 314, 314, 239, 259, 354, 354, 114, 420, 213, 213, 213, 213, 246, 246, 48, 442, 170, 197, 170, 170, 170, 170, 392, 392, 392, 392, 392, 392, 392, 392, 392, 289, 320, 287, 7, 114, 213, 213, 213, 246, 246, 246, 246, 246, 454, 414, 414, 414, 80, 80, 32, 32, 32, 32, 354, 107, 107, 213, 171, 374, 264, 264, 240, 240, 240, 251, 35, 35, 239, 401, 32, 354, 473, 473, 473, 213, 429, 324, 252, 3, 143, 239, 310, 107, 107, 107, 395, 395, 213, 213, 213, 19, 454, 454, 17, 170, 170, 264, 264, 264, 264, 403, 403, 403, 403, 403, 403, 403, 403, 403, 403, 403, 403, 403, 403, 403, 403, 403, 403, 403, 403, 403, 403, 403, 403, 403, 403, 403, 403, 403, 403, 403]

ep494
Train step Loss: [0.1751648634672165, 0.2730909287929535, 0.25596386194229126, 0.14489388465881348, 0.11872749775648117, 0.376020222902298, 0.2626597285270691, 0.09239964187145233, 0.14817990362644196, 0.21643474698066711, 0.061424557119607925, 0.37172776460647583, 0.07142052799463272, 0.11057858914136887, 0.07870139926671982, 0.19698941707611084, 0.28463873267173767, 0.23039205372333527, 0.1369726061820984, 0.19924242794513702, 0.19547098875045776, 0.0019194638589397073, 0.1413751095533371, 0.18613176047801971, 0.08440061658620834, 0.18997211754322052, 0.18190447986125946, 0.2914040684700012, 0.10837195068597794, 0.03499700874090195, 0.025195658206939697, 0.21972769498825073, 0.07370024919509888, 0.020673390477895737, 0.01600794866681099, 0.0017604449531063437, 0.043585870414972305, 0.215751513838768, 0.3214164972305298, 0.13183830678462982, 0.11342702060937881, 0.04713817685842514, 0.24685457348823547, 0.001799249672330916, 0.12873923778533936, 0.10424696654081345, 0.24885880947113037, 0.33847394585609436, 0.0016913425642997026, 0.08967015892267227, 0.31495553255081177, 0.11834534257650375, 0.03522613272070885, 0.008447888307273388, 0.04931904003024101, 0.09617814421653748, 0.17947232723236084, 0.12821881473064423, 0.10596305876970291, 0.09669696539640427, 0.2121652513742447, 0.09532495588064194, 0.0693536251783371]
val step Loss: [0.2444588541984558, 0.8424797654151917, 0.40503963828086853, 0.4665316045284271, 0.3143244683742523, 0.2213737666606903, 0.35366183519363403, 0.5799201726913452, 0.23716256022453308, 0.46626776456832886, 0.1247316375374794, 0.7665464878082275, 0.29108551144599915, 0.43496784567832947, 0.5339200496673584, 0.19169671833515167]
Train step Accs: [0.950223455077824, 0.9269698108480521, 0.9315753887762002, 0.9626106920301738, 0.9674978985710283, 0.8945383615084526, 0.9261194916260839, 0.9742294742294743, 0.9604405158672656, 0.9405755574934596, 0.9855769230769231, 0.8925608953258722, 0.9809686124130095, 0.972234935163997, 0.9783610219181907, 0.9441551679250195, 0.9199255121042831, 0.9351118521606225, 0.9624560522350578, 0.9400733795352629, 0.9468154105590868, 1.0, 0.9626529298132647, 0.9495578527836592, 0.9754416739756923, 0.9476170626649993, 0.9480177432769614, 0.9217921527041357, 0.9686230564504833, 0.9906916797937849, 0.9933518005540166, 0.9399719495091164, 0.9811998563046341, 0.9947877885331348, 0.9960649286768323, 1.0, 0.9892733041244901, 0.9439303963540947, 0.9105290456431535, 0.9638201649374833, 0.9688793718772305, 0.9875954198473282, 0.9326897991129663, 1.0, 0.9646260467802483, 0.9713898137871501, 0.9326260677872692, 0.9123883928571429, 1.0, 0.975660931598825, 0.9205279802007424, 0.9723210755239226, 0.9901871980676329, 0.9981879007527181, 0.9873161516664418, 0.9732018883643433, 0.9479211011778061, 0.9649122807017544, 0.9709610849056604, 0.9734444155167925, 0.9444587628865979, 0.9749315068493151, 0.9843549628109771]
val step Accs: [0.9453793496862521, 0.7887958789439794, 0.8946865182352137, 0.8961148648648649, 0.9201520912547528, 0.9416917601970983, 0.9090909090909091, 0.8647130647130647, 0.9372592184920198, 0.8843216219969449, 0.9677799607072691, 0.8057909604519774, 0.9348501802809897, 0.889151928700738, 0.8664768876236952, 0.9551861981906165]
Preds: [17, 17, 30, 324, 422, 143, 164, 164, 164, 14, 287, 287, 145, 111, 111, 111, 330, 438, 438, 335, 14, 14, 14, 411, 287, 145, 145, 486, 486, 428, 85, 85, 299, 207, 207, 19, 19, 454, 454, 454, 56, 56, 56, 170, 312, 312, 187, 187, 187, 1, 1, 1, 1, 408, 408, 391, 391, 228, 228, 321, 321, 320, 287, 287, 287, 287, 284, 284, 284, 284, 284, 284, 426, 426, 426, 450, 293, 293, 293, 122, 349, 349, 349, 234, 234, 234, 261, 25, 25, 106, 346, 346, 426, 480, 480, 85, 85, 299, 388, 388, 116, 10, 398, 398, 398, 398, 464, 464, 464, 139, 315, 315, 315, 315, 426, 450, 450, 450, 450, 413, 413, 250, 250, 43, 276, 346, 346, 284, 284, 284, 284, 426, 426, 426, 426, 426, 426, 413, 413, 413, 43, 43, 276, 276, 346, 346, 499, 428, 428, 146, 240, 240, 285, 285, 406, 337, 337, 324, 324, 422, 368, 31, 162, 232, 232, 172, 115, 115, 267, 267, 267, 267, 324, 3, 3, 3, 188, 188, 464, 464, 120, 120, 271, 271, 31, 162, 232, 232, 232, 232, 172, 172, 115, 273, 273, 273, 273, 151, 84, 84, 84, 355, 355, 355, 452, 452, 452, 263, 263, 414, 414, 170, 170, 170, 170, 28, 28, 244, 2, 2, 2, 2, 2, 2, 2, 63, 63, 63, 63, 63, 63, 63, 63, 63, 244, 321, 249, 249, 249, 249, 320, 7, 7, 345, 153, 497, 497, 497, 122, 122, 216, 58, 58, 110, 110, 110, 443, 443, 486, 460, 240, 240, 285, 285, 285, 300, 134, 134, 88, 88, 88, 42, 42, 42, 147, 380, 288, 288, 213, 213, 213, 246, 246, 246, 246, 246, 246, 246, 19, 19, 19, 454, 454, 454, 454, 414, 170, 170, 170, 170, 28, 40, 40, 40, 40, 2, 40, 40, 63, 63, 63, 63, 2, 63, 63, 2, 63, 244, 63, 63, 63, 63, 63, 63, 63, 63, 63, 63, 244, 73, 73, 321, 102, 102, 320, 7, 7, 7, 152, 152, 152, 152, 374, 374, 378, 378, 43, 43, 43, 276, 276, 346, 346, 346, 284, 284, 284, 284, 284, 405, 405, 206, 206, 206, 206, 206, 167, 35, 35, 259, 259, 74, 437, 437, 437, 284, 284, 284, 284, 284, 284, 426, 426, 426, 426, 426, 426, 426, 206, 282, 282, 388, 388, 348, 94, 199, 467, 337, 337, 264, 207, 207, 464, 464, 468, 468, 467, 467, 467, 467, 245, 245, 497, 349, 349, 349, 155, 155, 155, 155, 441, 148, 148, 148, 153, 153, 182, 182, 182, 182, 182, 182, 182, 182, 182, 497, 497, 497, 43, 43, 276, 70, 70, 65, 46, 46, 46, 428, 146, 146, 146, 146, 219, 219, 464, 464, 286, 374, 374, 374, 132, 337, 324, 324, 464, 464, 355, 355, 355, 355, 263, 263, 17, 83, 83, 403, 403, 403, 438, 438, 438, 438, 438, 438, 438, 438, 438, 438, 438, 438, 438, 438, 438, 438, 438, 438, 438, 438, 438, 438, 438, 438, 438, 438, 438, 438, 438, 438, 438, 438, 438, 438, 438, 438, 438, 438, 438, 438, 438, 438, 438, 438, 438, 438, 438, 438, 438, 438, 438, 438, 438, 438, 438, 438, 438, 438, 438, 438, 438, 438, 438, 438, 438, 438, 438, 438, 438, 438, 438, 438, 438, 438, 438, 438, 438, 438, 438, 438, 438, 438, 438, 438, 438, 438, 438, 438, 438, 438, 438, 438, 438, 438, 438, 438, 438, 438, 438, 438, 438, 438, 438, 438, 438, 438, 438, 438, 438, 438, 438, 438, 438, 438, 438, 438, 438, 438, 438, 438, 438, 438]

ep495
Train step Loss: [0.004014772363007069, 0.2449711561203003, 0.3126212954521179, 0.061663705855607986, 0.10066445171833038, 0.08057008683681488, 0.32389622926712036, 0.07252585887908936, 0.04400824010372162, 0.07834223657846451, 0.0018333393381908536, 0.2223859280347824, 0.040880683809518814, 0.03918366879224777, 0.1914452612400055, 0.09389981627464294, 0.18235956132411957, 0.14046138525009155, 0.10145708918571472, 0.1844404637813568, 0.14148083329200745, 0.26034945249557495, 0.22077570855617523, 0.044898007065057755, 0.04523215442895889, 0.37263548374176025, 0.3379395306110382, 0.0017831134609878063, 0.3627547025680542, 0.3185077905654907, 0.2624431848526001, 0.38395482301712036, 0.22333978116512299, 0.0972902700304985, 0.05474410578608513, 0.1534067690372467, 0.21380138397216797, 0.060364920645952225, 0.08868817985057831, 0.06176384910941124, 0.1422315090894699, 0.24474000930786133, 0.24633358418941498, 0.1374051868915558, 0.202882781624794, 0.11144476383924484, 0.21279773116111755, 0.17705389857292175, 0.18295413255691528, 0.07387099415063858, 0.10488558560609818, 0.2174832820892334, 0.34503766894340515, 0.12180466204881668, 0.2036721110343933, 0.11662919074296951, 0.2534126043319702, 0.09807437658309937, 0.2641350030899048, 0.05736155807971954, 0.11186890304088593, 0.13636334240436554, 0.05505773052573204]
val step Loss: [0.41595497727394104, 0.19471272826194763, 0.4289916753768921, 0.3570289611816406, 0.6325154304504395, 0.6506358981132507, 0.5788978934288025, 0.2646745443344116, 0.3050044775009155, 0.1989005208015442, 0.31864938139915466, 0.010022156871855259, 0.356892853975296, 0.35428565740585327, 0.4778355360031128, 0.5661908984184265]
Train step Accs: [0.9995202686495562, 0.9341918866709594, 0.915542938254081, 0.9829170255526845, 0.9752338295349756, 0.9775636613902271, 0.9098763791040808, 0.978965938390555, 0.9883771611216039, 0.9790109258194365, 1.0, 0.9372654960228125, 0.9897207732433262, 0.9902568644818424, 0.9469793525363243, 0.9733849503992258, 0.9481079748551707, 0.9634183830310482, 0.9714251410733582, 0.9487463637622939, 0.9609877840535925, 0.9278642149929278, 0.9399237544367031, 0.9866746518939961, 0.9874922600619195, 0.8951561094693563, 0.9096417990842984, 1.0, 0.9021381578947368, 0.9094600691833359, 0.9280082719400284, 0.8978466386554622, 0.9427265393923098, 0.9742254621192398, 0.9861238381987171, 0.9617021276595744, 0.9398552533067133, 0.9830575256107171, 0.9756913183279743, 0.983615510649918, 0.9610510871015072, 0.9333166207069441, 0.9323787921746527, 0.9631405864620444, 0.9438877755511023, 0.9708125164343939, 0.9390862944162437, 0.9537427517132314, 0.9516260826932506, 0.9789677597896776, 0.9722497522299306, 0.9423572494235725, 0.9029791301577187, 0.966496308915389, 0.9459612392134672, 0.9674571805006588, 0.9328706982013879, 0.9737456242707118, 0.9286591355599214, 0.984015984015984, 0.9693989071038251, 0.9633479212253829, 0.9859985261606485]
val step Accs: [0.8999855261253438, 0.9497076023391813, 0.8903483723586522, 0.9193166230203267, 0.8462327011788826, 0.836786525865526, 0.8591116032976498, 0.9302448012634904, 0.9289983962676776, 0.9521962034086185, 0.9213931718061674, 0.9984707141764796, 0.9081784890817849, 0.9112479158650764, 0.8817068551950511, 0.8529332976158586]
Preds: [17, 17, 287, 287, 284, 284, 319, 450, 450, 450, 169, 169, 76, 76, 349, 234, 234, 234, 234, 234, 234, 261, 25, 106, 25, 106, 284, 428, 428, 330, 388, 388, 10, 10, 10, 309, 479, 398, 398, 324, 324, 422, 186, 162, 162, 232, 232, 172, 172, 115, 273, 267, 267, 267, 324, 324, 3, 3, 14, 14, 411, 188, 188, 171, 443, 443, 271, 178, 143, 96, 54, 232, 232, 86, 238, 6, 336, 336, 440, 145, 145, 145, 486, 486, 460, 468, 406, 406, 406, 42, 132, 32, 32, 32, 32, 239, 82, 310, 107, 107, 107, 395, 395, 286, 286, 264, 264, 264, 120, 120, 120, 120, 120, 207, 178, 178, 143, 233, 233, 170, 170, 170, 312, 312, 170, 170, 82, 170, 170, 187, 187, 187, 244, 2, 2, 2, 2, 244, 392, 316, 316, 392, 244, 73, 73, 73, 244, 287, 287, 100, 293, 293, 43, 43, 8, 129, 144, 208, 27, 346, 106, 174, 426, 319, 348, 348, 348, 199, 199, 250, 250, 98, 197, 129, 401, 7, 7, 217, 473, 109, 109, 313, 313, 406, 285, 337, 337, 337, 324, 340, 116, 94, 94, 199, 398, 340, 340, 116, 94, 94, 479, 331, 331, 138, 138, 138, 138, 138, 182, 497, 497, 43, 416, 32, 239, 208, 208, 27, 441, 346, 426, 426, 319, 348, 348, 94, 250, 250, 303, 375, 98, 98, 98, 13, 414, 414, 170, 170, 170, 170, 170, 28, 2, 2, 244, 2, 2, 2, 2, 2, 244, 244, 73, 73, 73, 73, 244, 320, 7, 70, 473, 106, 284, 405, 206, 206, 240, 385, 35, 82, 77, 270, 323, 323, 142, 397, 106, 153, 153, 153, 153, 387, 169, 349, 349, 349, 234, 234, 234, 261, 25, 25, 100, 100, 100, 302, 497, 497, 98, 98, 98, 197, 226, 226, 226, 226, 226, 442, 209, 287, 287, 284, 284, 284, 480, 480, 480, 480, 480, 480, 480, 480, 480, 282, 282, 282, 388, 388, 388, 388, 195, 195, 195, 250, 250, 250, 250, 250, 109, 109, 109, 403, 403, 403, 207, 207, 207, 252, 416, 32, 32, 239, 75, 131, 180, 106, 153, 153, 387, 349, 349, 349, 349, 234, 261, 261, 25, 148, 148, 148, 148, 153, 182, 182, 182, 182, 406, 132, 42, 42, 495, 134, 132, 132, 98, 98, 98, 98, 13, 13, 78, 78, 170, 170, 170, 170, 312, 187, 187, 187, 187, 391, 391, 392, 392, 73, 73, 73, 244, 310, 310, 323, 323, 323, 323, 273, 106, 106, 153, 153, 153, 182, 182, 182, 182, 182, 182, 182, 182, 182, 182, 182, 345, 122, 122, 236, 129, 129, 82, 75, 310, 310, 323, 323, 273, 106, 106, 106, 100, 375, 98, 98, 98, 98, 17, 83, 443, 438, 438, 438, 438, 438, 438, 438, 438, 438, 438, 438, 438, 438, 438, 438, 438, 438, 438, 438, 438, 438, 438, 438, 438, 438, 438, 438, 438, 438, 438, 438, 438, 438, 438, 438, 438, 438, 438, 438, 438, 438, 438, 438, 438, 438, 438, 438, 438, 438, 438, 438, 438, 438, 438, 438, 438, 438, 438, 438, 438, 438, 438, 438, 438, 438, 438, 438, 438, 438, 438, 438, 438, 438, 438, 438, 438, 438, 438, 438, 438, 438, 438, 438, 438, 438, 438, 438, 438, 438, 438, 438, 438, 438, 438, 438, 438, 438, 438, 438, 438, 438, 438, 438, 438, 438, 438, 438, 438, 438, 438, 438, 438, 438, 438, 438, 438, 438, 438, 438, 438, 438, 438, 438, 438, 438, 438, 438, 438, 438, 438, 438, 438, 438, 438, 438, 438, 438, 438, 438, 438, 438, 438, 438]

ep496
Train step Loss: [0.1099061593413353, 0.12534824013710022, 0.08782336115837097, 0.21926812827587128, 0.23946741223335266, 0.04041678458452225, 0.14447085559368134, 0.2309311479330063, 0.20606158673763275, 0.24246402084827423, 0.19411274790763855, 0.20432139933109283, 0.0020123948343098164, 0.17565850913524628, 0.3045639395713806, 0.05613555386662483, 0.26161518692970276, 0.2346348613500595, 0.027773797512054443, 0.050177495926618576, 0.14442406594753265, 0.15649348497390747, 0.11726581305265427, 0.24438932538032532, 0.07645758986473083, 0.13678963482379913, 0.11837518960237503, 0.15523502230644226, 0.17052097618579865, 0.05358411371707916, 0.3546768128871918, 0.028250496834516525, 0.10232456028461456, 0.11543723195791245, 0.11652000993490219, 0.09074323624372482, 0.1042921394109726, 0.09476137161254883, 0.022596031427383423, 0.057081881910562515, 0.07891486585140228, 0.14133787155151367, 0.14164812862873077, 0.21452654898166656, 0.15791869163513184, 0.09337812662124634, 0.08984848111867905, 0.002292958088219166, 0.247544065117836, 0.1441345512866974, 0.05767928808927536, 0.002047537360340357, 0.32018688321113586, 0.1379222571849823, 0.27599069476127625, 0.13481535017490387, 0.38582149147987366, 0.09143278747797012, 0.04552719369530678, 0.11800964176654816, 0.08686178922653198, 0.16762197017669678, 0.031136272475123405]
val step Loss: [0.21329081058502197, 0.34124961495399475, 0.1975269913673401, 0.3500059247016907, 0.8730361461639404, 0.40882599353790283, 0.4309431314468384, 0.3628108501434326, 0.7888302803039551, 0.42014139890670776, 0.3885501027107239, 0.0051178764551877975, 0.5026570558547974, 0.4962683618068695, 0.03896908462047577, 0.03707520663738251]
Train step Accs: [0.9694363385040701, 0.9672732402313443, 0.9775790738022154, 0.9381201764057332, 0.9356312292358804, 0.989668297988037, 0.96260017809439, 0.9400593471810089, 0.9473035860936216, 0.9337789330362669, 0.9436224887089238, 0.943983995427265, 1.0, 0.9516979281598626, 0.9131307723196359, 0.9862140720509819, 0.9291241862179094, 0.9374495560936239, 0.9926315789473684, 0.9864899311751211, 0.9611544248392833, 0.9556793719133848, 0.9693974272173325, 0.9329562698303214, 0.9797918683446273, 0.966262319939348, 0.967057761732852, 0.9560484419648931, 0.9541090087545891, 0.9864221724524076, 0.9000134752728742, 0.9929942552893373, 0.9708438463694982, 0.9680622009569378, 0.9671396564600448, 0.9737379235270105, 0.972936400541272, 0.973389183195762, 0.9945859480743202, 0.9843328624630795, 0.9783315276273022, 0.9618748291883028, 0.9612995081542842, 0.9403584229390681, 0.9594576978229696, 0.9754775425916365, 0.9760411440040141, 1.0, 0.9335042004841236, 0.9603782080144079, 0.9844071785819358, 1.0, 0.9118715929739551, 0.9632352941176471, 0.9201884439517806, 0.9630566090743082, 0.8973805022954361, 0.9761939323559298, 0.98715682809002, 0.9679445244014131, 0.9768954986057629, 0.9525260218329525, 0.9929337869667626]
val step Accs: [0.9430456442709034, 0.9117340092440733, 0.9510250569476082, 0.9082374719026841, 0.7766203703703703, 0.8976672251578812, 0.9011181463020342, 0.9131494547787044, 0.8095429567082161, 0.8938271604938272, 0.9084661902144036, 0.9992203336971776, 0.8793746414228342, 0.8772447408927655, 0.9908797530517749, 0.9911035797500529]
Preds: [17, 17, 17, 251, 251, 241, 331, 443, 443, 432, 330, 330, 330, 360, 200, 434, 434, 324, 324, 324, 324, 324, 301, 301, 303, 303, 303, 309, 479, 479, 331, 331, 106, 284, 284, 284, 284, 426, 426, 426, 375, 98, 98, 98, 263, 13, 13, 82, 82, 170, 170, 392, 392, 392, 63, 63, 63, 63, 63, 63, 63, 63, 63, 63, 63, 63, 63, 63, 73, 244, 289, 289, 20, 320, 241, 431, 486, 486, 460, 460, 169, 150, 35, 77, 164, 224, 494, 494, 422, 186, 99, 99, 338, 338, 338, 338, 400, 400, 400, 444, 213, 324, 246, 246, 246, 246, 422, 99, 99, 338, 338, 338, 400, 400, 400, 485, 374, 374, 374, 132, 132, 345, 132, 132, 497, 122, 122, 129, 401, 401, 401, 82, 259, 354, 74, 420, 420, 324, 324, 301, 301, 239, 196, 309, 217, 473, 398, 398, 324, 324, 252, 252, 143, 36, 36, 310, 107, 107, 107, 395, 41, 41, 19, 19, 454, 454, 454, 237, 237, 237, 237, 237, 237, 237, 237, 170, 20, 170, 392, 392, 392, 392, 392, 392, 392, 392, 392, 392, 392, 73, 73, 289, 321, 209, 287, 287, 145, 486, 460, 460, 167, 215, 35, 401, 320, 196, 473, 473, 429, 324, 324, 324, 143, 143, 129, 401, 401, 82, 445, 445, 445, 445, 485, 485, 374, 374, 132, 132, 132, 122, 196, 10, 64, 473, 398, 324, 301, 301, 129, 129, 259, 196, 196, 70, 65, 46, 46, 46, 85, 146, 146, 146, 324, 324, 422, 99, 99, 338, 338, 338, 400, 400, 400, 485, 374, 374, 374, 132, 88, 182, 182, 182, 182, 497, 497, 43, 122, 122, 197, 259, 188, 188, 324, 301, 301, 8, 217, 70, 70, 276, 138, 174, 174, 319, 348, 94, 251, 251, 241, 431, 486, 486, 486, 85, 264, 468, 468, 468, 467, 467, 499, 486, 460, 167, 167, 169, 150, 342, 68, 68, 68, 68, 68, 336, 115, 267, 444, 444, 213, 213, 246, 246, 3, 14, 188, 188, 188, 171, 171, 171, 37, 385, 233, 36, 270, 433, 68, 68, 68, 97, 336, 321, 209, 287, 287, 284, 284, 284, 306, 306, 59, 59, 59, 452, 452, 452, 263, 17, 17, 83, 443, 403, 438, 438, 438, 438, 438, 438, 438, 438, 438, 438, 438, 438, 438, 438, 438, 438, 438, 438, 438, 438, 438, 438, 438, 438, 438, 438, 438, 438, 438, 438, 438, 438, 438, 438, 438, 438, 438, 438, 438, 438, 438, 438, 438, 438, 438, 438, 438, 438, 438, 438, 438, 438, 438, 438, 438, 438, 438, 438, 438, 438, 438, 438, 438, 438, 438, 438, 438, 438, 438, 438, 438, 438, 438, 438, 438, 438, 438, 438, 438, 438, 438, 438, 438, 438, 438, 438, 438, 438, 438, 438, 438, 438, 438, 438, 438, 438, 438, 438, 438, 438, 438, 438, 438, 438, 438, 438, 438, 438, 438, 438, 438, 438, 438, 438, 438, 438, 438, 438, 438, 438, 438, 438, 438, 438, 438, 438, 438, 438, 438, 438, 438, 438, 438, 438, 438, 438, 438, 438, 438, 438, 438, 438, 438, 438, 438, 438, 438, 438, 438, 438, 438, 438, 438, 438, 438, 438, 438, 438, 438, 438, 438, 438, 438, 438, 438, 438, 438, 438, 438, 438, 438, 438, 438, 438, 438, 438, 438, 438, 438, 438, 438, 438, 438, 438, 438, 438, 438, 438, 438, 438, 438, 438, 438, 438, 438, 438, 438, 438, 438, 438, 438, 438, 438, 438, 438, 438, 438, 438, 438, 438, 438, 438, 438, 438, 438, 438, 438, 438, 438, 438, 438, 438, 438, 438, 438, 438, 438, 438]

ep497
Train step Loss: [0.09706983715295792, 0.053214043378829956, 0.15506727993488312, 0.14170600473880768, 0.008817239664494991, 0.015117520466446877, 0.32711461186408997, 0.15913939476013184, 0.18869203329086304, 0.022961566224694252, 0.021275855600833893, 0.3561636209487915, 0.21121127903461456, 0.25577276945114136, 0.27720242738723755, 0.15192781388759613, 0.10388331115245819, 0.19029003381729126, 0.1803572177886963, 0.21106229722499847, 0.27095794677734375, 0.17720061540603638, 0.1586039811372757, 0.2589961886405945, 0.12133646756410599, 0.18570540845394135, 0.18969202041625977, 0.322971373796463, 0.26867565512657166, 0.1158527284860611, 0.0610031820833683, 0.14637823402881622, 0.09632903337478638, 0.23196189105510712, 0.09956996142864227, 0.12118620425462723, 0.16240909695625305, 0.009200157597661018, 0.18465299904346466, 0.17912741005420685, 0.056472696363925934, 0.1623712182044983, 0.23357531428337097, 0.062056366354227066, 0.22361411154270172, 0.16229088604450226, 0.17713192105293274, 0.13761509954929352, 0.1342252790927887, 0.004459591116756201, 0.19183744490146637, 0.0022038158494979143, 0.28454306721687317, 0.20255333185195923, 0.06083105504512787, 0.16427630186080933, 0.17279772460460663, 0.12725642323493958, 0.17834064364433289, 0.12067003548145294, 0.11100912094116211, 0.2821970283985138, 0.12333472073078156]
val step Loss: [0.33700406551361084, 0.35573428869247437, 0.5258287787437439, 0.08915452659130096, 0.46375295519828796, 0.4457336962223053, 0.45604047179222107, 0.32438924908638, 0.8791961669921875, 0.2613897919654846, 0.5525291562080383, 0.3316958546638489, 0.14625820517539978, 0.3614581525325775, 0.154722198843956, 0.17637960612773895]
Train step Accs: [0.9728601252609603, 0.9850661356848244, 0.9568373298768632, 0.9611638203668564, 0.9981055085980763, 0.995826737660095, 0.9104516129032258, 0.9559471365638766, 0.9480429988974641, 0.9937170143252073, 0.9947587689826636, 0.9038975657802167, 0.9437563195146613, 0.931131019036954, 0.929084619478446, 0.9597362514029181, 0.973004542504867, 0.9526363993196388, 0.9542424242424242, 0.942, 0.9271805814883969, 0.9547462846431919, 0.9587061252580867, 0.9256058295204203, 0.9681491266696022, 0.9493485775059824, 0.9495716034271726, 0.9119373776908023, 0.9254973895865669, 0.9667452212621105, 0.98302043070127, 0.959210916641946, 0.9749927724775946, 0.9366717812805133, 0.9731191101498532, 0.9682993002998714, 0.9551033089948734, 0.9981266830581899, 0.9468057366362451, 0.9515298827566485, 0.9842143906020558, 0.9565217391304348, 0.9364980544747081, 0.9831808396124866, 0.9392870638619474, 0.954295154185022, 0.9538423462442767, 0.9639955169515271, 0.964098315382491, 0.9994231323911162, 0.950390625, 1.0, 0.9237547423815934, 0.9483636363636364, 0.9842097842943748, 0.9549959817840878, 0.9496002284408909, 0.9638783269961977, 0.9498351389543099, 0.9667243444695861, 0.9686365992742354, 0.9225297465080187, 0.968503937007874]
val step Accs: [0.9160503971514653, 0.9060126174842281, 0.8732850116489774, 0.9784133837021047, 0.8851792534187508, 0.8908715528683085, 0.8814665996986439, 0.9149398637878569, 0.7787345563459378, 0.946035699460357, 0.8611841281762423, 0.9157834431395016, 0.969157587847169, 0.9170513775130306, 0.9619946435403648, 0.9574155653450808]
Preds: [17, 17, 309, 479, 473, 398, 360, 340, 330, 17, 36, 259, 36, 108, 168, 168, 494, 382, 382, 406, 406, 467, 467, 337, 337, 301, 301, 203, 129, 129, 196, 196, 70, 473, 473, 429, 213, 324, 171, 246, 246, 246, 246, 246, 246, 19, 19, 19, 454, 225, 226, 414, 414, 82, 83, 287, 287, 284, 460, 215, 215, 35, 35, 35, 259, 441, 441, 276, 153, 153, 153, 497, 399, 399, 70, 70, 70, 70, 70, 138, 138, 138, 387, 387, 146, 146, 207, 324, 324, 324, 464, 464, 3, 457, 457, 129, 401, 401, 7, 7, 364, 276, 276, 345, 109, 213, 213, 213, 213, 252, 246, 246, 301, 8, 8, 354, 354, 354, 354, 159, 230, 62, 240, 240, 35, 35, 342, 342, 54, 54, 142, 224, 336, 196, 196, 374, 43, 153, 153, 182, 182, 497, 497, 43, 43, 364, 276, 276, 346, 346, 319, 428, 146, 330, 388, 94, 94, 94, 303, 303, 303, 303, 303, 41, 324, 324, 324, 464, 19, 143, 36, 401, 401, 354, 401, 310, 68, 323, 395, 374, 106, 153, 153, 182, 182, 182, 182, 182, 182, 182, 182, 182, 182, 182, 182, 98, 122, 129, 129, 401, 401, 75, 108, 161, 323, 323, 273, 106, 153, 375, 387, 122, 129, 13, 13, 13, 170, 170, 170, 170, 170, 170, 187, 312, 305, 305, 12, 12, 12, 12, 12, 12, 21, 408, 391, 244, 244, 228, 228, 228, 320, 320, 7, 188, 213, 177, 258, 31, 342, 342, 232, 172, 172, 172, 115, 267, 267, 213, 464, 374, 374, 132, 132, 337, 250, 43, 375, 375, 43, 236, 129, 129, 36, 478, 342, 172, 172, 273, 273, 106, 284, 284, 284, 284, 284, 206, 284, 284, 376, 376, 206, 206, 85, 85, 85, 85, 85, 207, 468, 406, 467, 467, 467, 355, 499, 284, 284, 460, 240, 240, 35, 35, 36, 449, 401, 384, 68, 68, 115, 115, 115, 267, 267, 267, 213, 213, 324, 301, 8, 129, 259, 259, 354, 354, 354, 354, 354, 354, 196, 473, 473, 398, 213, 213, 246, 246, 246, 246, 246, 246, 246, 454, 454, 454, 414, 414, 170, 170, 47, 47, 47, 47, 80, 80, 80, 80, 244, 7, 7, 7, 441, 153, 153, 153, 387, 387, 387, 236, 162, 338, 338, 338, 338, 338, 395, 400, 213, 213, 422, 301, 301, 301, 246, 246, 246, 246, 246, 246, 246, 239, 99, 338, 338, 338, 338, 338, 395, 6, 272, 213, 213, 213, 213, 19, 3, 3, 454, 454, 454, 17, 414, 17, 197, 264, 264, 264, 264, 264, 264, 264, 264, 264, 264, 403, 403, 403, 403, 403, 403, 403, 403, 403, 403, 403, 403, 403, 403, 403, 403, 403, 403, 403, 403, 403, 403, 403, 403, 403, 403, 403, 403, 403, 403, 403, 403, 403, 403, 403, 403, 403, 403, 403, 403, 403, 403, 403, 403, 403, 403, 403, 403, 403, 403, 403, 403, 403, 403, 403, 403, 403, 403, 403, 403, 403, 403, 403, 403, 403, 403, 403, 403, 403, 403, 403, 403, 403, 403, 403, 403, 403, 403, 403, 403, 403, 403, 403, 403, 403, 403, 403, 403, 403, 403, 403, 403, 403, 403, 403, 403, 403, 403, 403, 403, 403, 403, 403, 403, 403, 403, 403, 403, 403, 403, 403, 403, 403, 403, 403, 403, 403, 403, 403, 403, 403, 403, 403, 403, 403, 403, 403, 403, 403, 403, 403, 403, 403, 403, 403, 403, 403, 403, 403, 403, 403, 403, 403, 403, 403, 403, 403, 403, 403, 403, 403, 403, 403, 403, 403, 403, 403, 403, 403, 403, 403, 403, 403, 403, 403, 403, 403]

ep498
Train step Loss: [0.1802181452512741, 0.16052547097206116, 0.17235785722732544, 0.13421258330345154, 0.03346039727330208, 0.0030902246944606304, 0.39443084597587585, 0.5213698744773865, 0.24136961996555328, 0.11963445693254471, 0.32956239581108093, 0.11432776600122452, 0.3343137502670288, 0.26708731055259705, 0.29301396012306213, 0.18815214931964874, 0.06436414271593094, 0.20056667923927307, 0.1976836621761322, 0.0022604474797844887, 0.14363926649093628, 0.06180253252387047, 0.1277390420436859, 0.18507762253284454, 0.08184511959552765, 0.1689111590385437, 0.11203930526971817, 0.049084726721048355, 0.23045714199543, 0.010626097209751606, 0.015493429265916348, 0.12013862282037735, 0.17379173636436462, 0.033062998205423355, 0.2981032133102417, 0.16307668387889862, 0.061022598296403885, 0.19543033838272095, 0.1675717979669571, 0.2550903856754303, 0.13439729809761047, 0.1534515768289566, 0.2196170836687088, 0.16532154381275177, 0.26240503787994385, 0.0111320735886693, 0.31070026755332947, 0.15774179995059967, 0.07931387424468994, 0.11223340034484863, 0.274756520986557, 0.16688650846481323, 0.22030521929264069, 0.027458932250738144, 0.0021734002511948347, 0.04150601103901863, 0.14579114317893982, 0.14140929281711578, 0.010295815765857697, 0.17489483952522278, 0.10558880865573883, 0.07472004741430283, 0.07086580246686935]
val step Loss: [0.3377428352832794, 0.5135947465896606, 0.30696287751197815, 0.5107340216636658, 0.4649635851383209, 0.30282628536224365, 0.33000844717025757, 0.3911380171775818, 0.38384658098220825, 0.2876990735530853, 0.26423850655555725, 0.2947292923927307, 0.1298452466726303, 0.5744622349739075, 0.29196834564208984, 0.700809121131897]
Train step Accs: [0.949922158796056, 0.954354201198521, 0.9524579124579124, 0.9635561366236313, 0.9909551870631766, 0.9997073027952583, 0.8900955690703736, 0.8585316308763784, 0.9339709157605136, 0.9685424238626394, 0.911288144747502, 0.9695408395211396, 0.9063264058679706, 0.9290369297610427, 0.9225630538513974, 0.9480500996299459, 0.9827077747989276, 0.942969776609724, 0.9492165640738668, 1.0, 0.9624228090921035, 0.9864627726247179, 0.9665535627726611, 0.9489544895448955, 0.9793909162509845, 0.9545138405897899, 0.9700429876410532, 0.9861881859662104, 0.9361538461538461, 0.9973587674247982, 0.9962423673085956, 0.967835851934008, 0.9534257120862202, 0.9920824619061847, 0.9195358326957409, 0.9587598279187064, 0.9827460510328068, 0.9452351904568252, 0.9531612727024443, 0.9309976247030879, 0.9631989804046519, 0.9589562024652505, 0.9404108715069542, 0.9591614906832299, 0.926361585562359, 0.9968248928401333, 0.9196653830832558, 0.9575368451772946, 0.98, 0.9686990060821836, 0.922397476340694, 0.9536344600658092, 0.9398921478363804, 0.9920297555791711, 1.0, 0.9888073173667108, 0.9587501713032753, 0.9616306954436451, 0.997758789746463, 0.9516215491825248, 0.9710628825820813, 0.980193962573419, 0.9812840559109216]
val step Accs: [0.919331967858831, 0.8693454948847529, 0.920231852056307, 0.8741588156123823, 0.8811138363872457, 0.9245259635642583, 0.9219792151388243, 0.9002220190675199, 0.9066514416214673, 0.9294221996958946, 0.9319364740424396, 0.924917943107221, 0.96833938180453, 0.8673005374121537, 0.9257861635220126, 0.828794553464157]
Preds: [17, 196, 217, 217, 217, 217, 217, 473, 473, 65, 264, 264, 264, 264, 264, 264, 264, 264, 264, 264, 468, 468, 468, 467, 337, 337, 337, 324, 328, 3, 454, 197, 197, 197, 259, 354, 345, 109, 109, 109, 285, 288, 285, 313, 313, 337, 337, 337, 360, 360, 360, 360, 434, 434, 434, 200, 200, 398, 398, 324, 434, 434, 339, 339, 33, 33, 250, 250, 250, 250, 345, 153, 100, 424, 424, 424, 424, 182, 497, 497, 497, 122, 43, 75, 208, 208, 106, 481, 481, 481, 481, 426, 426, 306, 306, 372, 396, 396, 396, 313, 313, 406, 406, 495, 380, 134, 84, 84, 84, 375, 375, 375, 375, 375, 375, 98, 98, 98, 48, 48, 48, 48, 414, 414, 170, 170, 170, 170, 170, 170, 187, 187, 187, 12, 12, 12, 12, 12, 12, 12, 408, 408, 408, 391, 391, 321, 75, 478, 66, 66, 232, 172, 172, 172, 115, 267, 267, 267, 444, 374, 374, 374, 374, 139, 139, 293, 293, 497, 349, 349, 349, 349, 234, 234, 234, 261, 261, 25, 25, 30, 324, 324, 324, 464, 464, 464, 464, 180, 486, 486, 486, 486, 315, 315, 315, 315, 282, 282, 282, 388, 203, 53, 466, 466, 22, 448, 448, 448, 448, 324, 464, 464, 464, 464, 464, 315, 315, 315, 315, 315, 480, 480, 480, 480, 480, 282, 282, 282, 85, 299, 313, 334, 382, 406, 406, 406, 406, 406, 406, 380, 467, 467, 499, 302, 100, 375, 98, 375, 98, 98, 98, 13, 13, 414, 414, 414, 414, 414, 414, 414, 170, 187, 187, 187, 187, 187, 187, 391, 391, 244, 244, 244, 320, 320, 320, 83, 300, 222, 374, 337, 337, 313, 313, 24, 24, 310, 310, 107, 107, 395, 395, 485, 286, 464, 139, 139, 139, 139, 496, 216, 216, 81, 81, 81, 139, 139, 139, 240, 240, 186, 99, 107, 107, 107, 400, 400, 152, 422, 143, 143, 458, 144, 144, 27, 27, 27, 437, 437, 284, 284, 405, 405, 405, 206, 460, 460, 215, 35, 35, 35, 35, 441, 437, 100, 100, 426, 426, 375, 375, 98, 98, 98, 263, 263, 13, 13, 13, 414, 170, 170, 237, 237, 28, 244, 2, 2, 341, 2, 341, 12, 63, 63, 408, 408, 63, 391, 73, 73, 244, 321, 321, 412, 287, 287, 287, 486, 486, 460, 460, 460, 150, 150, 342, 342, 342, 342, 224, 224, 196, 116, 94, 479, 199, 464, 464, 443, 443, 258, 31, 31, 342, 232, 172, 172, 115, 273, 273, 151, 151, 486, 460, 240, 240, 35, 310, 310, 107, 161, 395, 395, 487, 494, 116, 285, 81, 302, 302, 302, 497, 497, 497, 497, 458, 208, 208, 441, 100, 153, 153, 387, 387, 387, 387, 372, 372, 406, 467, 467, 467, 467, 337, 41, 41, 41, 19, 19, 19, 19, 454, 454, 454, 454, 414, 414, 414, 102, 102, 47, 47, 170, 47, 392, 392, 392, 392, 392, 73, 244, 320, 320, 7, 7, 7, 217, 217, 217, 217, 473, 65, 65, 264, 264, 264, 264, 264, 264, 264, 264, 264, 264, 468, 468, 468, 468, 468, 467, 337, 337, 41, 41, 41, 19, 19, 19, 19, 454, 17, 470, 403, 403, 403, 438, 438, 438, 438, 438, 438, 438, 438, 438, 438, 438, 438, 438, 438, 438, 438, 438, 438, 438, 438, 438, 438, 438, 438, 438, 438, 438, 438, 438, 438, 438, 438, 438, 438, 438, 438, 438, 438, 438, 438, 438, 438, 438, 438, 438, 438, 438, 438, 438, 438, 438, 438, 438, 438, 438, 438, 438, 438, 438, 438, 438, 438, 438, 438, 438, 438, 438, 438, 438]

ep499
Train step Loss: [0.09083477407693863, 0.24573242664337158, 0.0898599773645401, 0.19124451279640198, 0.05053024739027023, 0.15923015773296356, 0.06301283836364746, 0.09097122400999069, 0.05353020131587982, 0.045017343014478683, 0.11434904485940933, 0.07559741288423538, 0.22844302654266357, 0.14889322221279144, 0.002309848554432392, 0.1108841747045517, 0.08172333240509033, 0.0022730077616870403, 0.2233138084411621, 0.24422124028205872, 0.1420264095067978, 0.08948545157909393, 0.20238874852657318, 0.07241781800985336, 0.11128360033035278, 0.16795660555362701, 0.1207103356719017, 0.20176658034324646, 0.13459256291389465, 0.14074942469596863, 0.27475905418395996, 0.08018504828214645, 0.22058312594890594, 0.2227926105260849, 0.22582440078258514, 0.1708255261182785, 0.07027135789394379, 0.07122201472520828, 0.11211136728525162, 0.19933447241783142, 0.5088708400726318, 0.12744800746440887, 0.05727148428559303, 0.2894260287284851, 0.10368309915065765, 0.23210452497005463, 0.13663969933986664, 0.24177704751491547, 0.28651735186576843, 0.3534603416919708, 0.10006290674209595, 0.22468557953834534, 0.025307942181825638, 0.25487783551216125, 0.15786007046699524, 0.002018942730501294, 0.148920476436615, 0.1245894506573677, 0.006328391842544079, 0.051846832036972046, 0.18391798436641693, 0.16365285217761993, 0.0023069423623383045]
val step Loss: [0.6120215058326721, 0.43986353278160095, 0.14533112943172455, 0.3114636242389679, 0.033870939165353775, 0.4358464777469635, 0.39115479588508606, 0.5332433581352234, 0.41258856654167175, 0.010238086804747581, 0.06386175751686096, 0.643771231174469, 0.4384077489376068, 0.3896573781967163, 0.8312869071960449, 0.05513683333992958]
Train step Accs: [0.9751644516042421, 0.9343388376023924, 0.9749792645839093, 0.9451329718564421, 0.9864363221016562, 0.9550254204145483, 0.9829607415485279, 0.974912039161695, 0.9868670457622529, 0.9887738555569415, 0.9681680926019124, 0.9788482532751092, 0.9368567454798331, 0.9576502732240437, 1.0, 0.9697015375339162, 0.9774388706831358, 1.0, 0.9352032203609921, 0.9366125760649088, 0.9585893668180604, 0.9763582276499139, 0.9428877865665639, 0.9798931025706287, 0.9701843860337387, 0.9563905994721629, 0.9657371699792346, 0.9452798015811502, 0.9626938661450328, 0.9602323503127793, 0.9309743334163967, 0.9787473836741265, 0.9439437910493356, 0.9375899515896899, 0.9365233024477942, 0.9560190703218117, 0.9813403416557162, 0.9802523313219967, 0.9679378531073446, 0.9440700808625337, 0.8663978868344223, 0.9657060518731988, 0.9845029608164294, 0.9182136131288674, 0.9717270194986073, 0.9386410432395332, 0.9644192342400413, 0.9339698762775686, 0.9243333798687701, 0.9042831026377645, 0.9744139147970758, 0.9391226499552372, 0.9934994582881906, 0.9289099526066351, 0.9564497644212403, 1.0, 0.9588911426639621, 0.9699123072270941, 0.9985177199838297, 0.9869724521644728, 0.9471867007672634, 0.9546977421704297, 1.0]
val step Accs: [0.846523330283623, 0.8895835938476929, 0.9641679805073814, 0.9237237237237237, 0.9912756113681428, 0.8911701363962671, 0.9061689994815967, 0.8683602771362586, 0.903105749486653, 0.9987908101571947, 0.9845733788395904, 0.8349980542223375, 0.8864512697779551, 0.8971895612274161, 0.8090826047239984, 0.9866284622731614]
Preds: [17, 251, 251, 251, 241, 241, 431, 431, 486, 284, 284, 284, 284, 284, 284, 16, 284, 315, 315, 284, 284, 284, 284, 284, 284, 480, 480, 480, 480, 480, 85, 85, 85, 85, 146, 146, 264, 468, 468, 406, 467, 337, 337, 337, 324, 324, 464, 464, 464, 464, 120, 282, 282, 282, 282, 282, 413, 359, 345, 345, 132, 275, 303, 303, 303, 117, 219, 219, 324, 324, 464, 464, 318, 31, 162, 54, 54, 494, 482, 172, 172, 115, 273, 273, 273, 486, 460, 169, 215, 215, 401, 401, 320, 321, 345, 345, 141, 141, 186, 186, 323, 323, 323, 323, 323, 397, 397, 397, 7, 153, 153, 153, 88, 88, 346, 346, 284, 426, 426, 426, 426, 426, 282, 413, 413, 303, 303, 48, 48, 364, 345, 345, 345, 132, 324, 132, 132, 236, 32, 32, 75, 310, 310, 161, 107, 107, 395, 397, 397, 106, 106, 153, 153, 153, 182, 182, 182, 182, 497, 483, 483, 14, 226, 321, 209, 440, 188, 89, 191, 455, 236, 236, 239, 401, 239, 354, 354, 371, 286, 286, 264, 365, 330, 330, 303, 303, 303, 303, 42, 42, 42, 364, 364, 364, 217, 217, 473, 398, 213, 213, 213, 422, 143, 36, 75, 310, 107, 107, 395, 400, 213, 213, 213, 19, 19, 454, 454, 229, 170, 170, 170, 392, 244, 312, 312, 292, 292, 292, 292, 292, 292, 292, 292, 21, 1, 408, 408, 408, 391, 228, 56, 228, 228, 149, 228, 289, 209, 287, 287, 460, 460, 460, 178, 35, 77, 66, 68, 172, 224, 219, 152, 152, 152, 139, 139, 139, 139, 496, 274, 43, 43, 458, 208, 208, 208, 441, 106, 153, 153, 153, 387, 387, 387, 387, 413, 396, 467, 59, 303, 303, 303, 98, 98, 98, 48, 48, 48, 48, 170, 82, 225, 226, 287, 287, 287, 111, 438, 178, 178, 233, 36, 77, 77, 68, 68, 224, 97, 7, 196, 309, 309, 309, 479, 331, 443, 443, 240, 143, 143, 36, 77, 68, 119, 351, 428, 428, 428, 428, 146, 146, 146, 252, 34, 34, 324, 301, 301, 251, 251, 241, 241, 431, 431, 486, 376, 376, 376, 376, 376, 376, 376, 460, 460, 460, 282, 282, 385, 76, 239, 75, 131, 131, 397, 106, 106, 387, 255, 167, 143, 36, 77, 342, 224, 224, 273, 437, 151, 167, 167, 215, 35, 320, 7, 7, 127, 448, 448, 464, 464, 301, 301, 399, 42, 42, 147, 147, 106, 106, 284, 284, 284, 284, 426, 450, 450, 450, 413, 43, 43, 276, 276, 276, 346, 346, 426, 426, 426, 426, 206, 167, 215, 197, 401, 401, 320, 354, 287, 284, 111, 111, 438, 438, 24, 310, 310, 449, 119, 351, 264, 443, 240, 240, 240, 314, 36, 75, 371, 180, 464, 324, 301, 301, 246, 246, 246, 3, 3, 3, 8, 233, 401, 401, 354, 354, 284, 284, 319, 169, 35, 35, 35, 108, 342, 224, 86, 86, 6, 221, 26, 251, 251, 331, 331, 331, 374, 153, 153, 182, 182, 182, 497, 43, 43, 364, 276, 276, 346, 284, 284, 284, 376, 460, 460, 263, 263, 233, 170, 170, 392, 392, 392, 392, 392, 392, 392, 63, 63, 73, 73, 435, 435, 63, 63, 244, 63, 63, 63, 63, 63, 244, 289, 289, 320, 7, 441, 153, 153, 153, 387, 387, 122, 274, 35, 10, 303, 243, 32, 239, 239, 196, 70, 65, 284, 284, 426, 98, 98, 98, 48, 197, 417, 170, 170, 392, 392, 392, 63, 63, 63, 63, 63, 63, 63, 63, 63, 63, 63, 73, 244, 289, 320, 320, 320, 287, 297, 153, 424, 182, 182, 375]

ep500
Train step Loss: [0.13469198346138, 0.006913090590387583, 0.20147468149662018, 0.0019709179177880287, 0.1710675060749054, 0.21178865432739258, 0.2856367528438568, 0.03930957615375519, 0.3823430836200714, 0.002349505200982094, 0.0019941062200814486, 0.3681868612766266, 0.10775849223136902, 0.1279943436384201, 0.04106912761926651, 0.41424819827079773, 0.3443261981010437, 0.3282741606235504, 0.2190358191728592, 0.0020991316996514797, 0.017087362706661224, 0.18311356008052826, 0.2315262258052826, 0.19558198750019073, 0.27861151099205017, 0.1794542372226715, 0.19222688674926758, 0.04695494845509529, 0.18489599227905273, 0.2593669891357422, 0.21870344877243042, 0.24007846415042877, 0.0705266147851944, 0.34269165992736816, 0.01667495258152485, 0.014731615781784058, 0.001972771715372801, 0.1821689009666443, 0.15118083357810974, 0.22562871873378754, 0.09054036438465118, 0.24629533290863037, 0.2887018620967865, 0.08668618649244308, 0.14893509447574615, 0.19531050324440002, 0.07856003940105438, 0.12477411329746246, 0.5321801900863647, 0.12303517758846283, 0.21920956671237946, 0.24601143598556519, 0.30273357033729553, 0.038718175143003464, 0.11823640018701553, 0.17145872116088867, 0.11301212757825851, 0.19880594313144684, 0.08612415939569473, 0.23986202478408813, 0.04673481732606888, 0.16944560408592224, 0.0685216635465622]
val step Loss: [0.5390934944152832, 0.2822658121585846, 0.3544416129589081, 0.5235244631767273, 0.14966844022274017, 0.7380751371383667, 0.3642607629299164, 0.27166107296943665, 0.41329312324523926, 0.19880348443984985, 0.7007607221603394, 0.6052758693695068, 0.03189823403954506, 0.3765128552913666, 0.3723004162311554, 0.37377163767814636]
Train step Accs: [0.9619776634458527, 0.9988066825775657, 0.9425638179800222, 1.0, 0.9482641252552757, 0.9403876792352629, 0.9287643964168918, 0.9904364224137931, 0.8959619341563786, 1.0, 1.0, 0.8945698596705308, 0.9711407568744895, 0.9660916998378298, 0.9897073412698413, 0.8899334116725421, 0.9055097151982965, 0.9139915202907329, 0.9420002829254491, 1.0, 0.9956864495017106, 0.9471398436530587, 0.9350900519763085, 0.945054945054945, 0.9241837299391257, 0.9510022271714922, 0.9463548830811555, 0.9852262234533703, 0.9524843877273962, 0.9281982385430662, 0.9409607627429409, 0.9321601632236675, 0.9831800262812089, 0.90646578782172, 0.9957903313416622, 0.9966033463328721, 1.0, 0.9521658251395163, 0.9592405735528412, 0.9390570586659523, 0.9747408380785516, 0.9329268292682927, 0.9361053138545513, 0.9775594210596202, 0.9610833927298645, 0.9476406762553621, 0.9792, 0.9642288374372167, 0.8644896879957694, 0.9654439128123339, 0.9391832090024024, 0.934238838084992, 0.9205745150994353, 0.9896729776247849, 0.9678061732492532, 0.9537418583012096, 0.9714810108710998, 0.9436741767764298, 0.9764246261619292, 0.9390910302545649, 0.9879838097647357, 0.9522495169748827, 0.9812103998252131]
val step Accs: [0.8634404116256431, 0.925613397377645, 0.9128033902658277, 0.8783654503211699, 0.9651269501376568, 0.8196392785571143, 0.9146500507172873, 0.9334598184035777, 0.9006717164499071, 0.9494811578372474, 0.8183438442555525, 0.845859524460235, 0.9913126102891272, 0.9045183290707587, 0.9060017112822394, 0.9050724637681159]
Preds: [17, 196, 217, 217, 217, 217, 217, 473, 473, 65, 264, 264, 264, 264, 264, 264, 264, 264, 264, 264, 468, 468, 468, 467, 337, 337, 337, 324, 328, 3, 454, 197, 197, 197, 259, 354, 345, 109, 109, 109, 285, 288, 285, 313, 313, 337, 337, 337, 360, 360, 360, 360, 434, 434, 434, 200, 200, 398, 398, 324, 434, 434, 339, 339, 33, 33, 250, 250, 250, 250, 345, 153, 100, 424, 424, 424, 424, 182, 497, 497, 497, 122, 43, 75, 208, 208, 106, 481, 481, 481, 481, 426, 426, 306, 306, 372, 396, 396, 396, 313, 313, 406, 406, 495, 380, 134, 84, 84, 84, 375, 375, 375, 375, 375, 375, 98, 98, 98, 48, 48, 48, 48, 414, 414, 170, 170, 170, 170, 170, 170, 187, 187, 187, 12, 12, 12, 12, 12, 12, 12, 408, 408, 408, 391, 391, 321, 75, 478, 66, 66, 232, 172, 172, 172, 115, 267, 267, 267, 444, 374, 374, 374, 374, 139, 139, 293, 293, 497, 349, 349, 349, 349, 234, 234, 234, 261, 261, 25, 25, 30, 324, 324, 324, 464, 464, 464, 464, 180, 486, 486, 486, 486, 315, 315, 315, 315, 282, 282, 282, 388, 203, 53, 466, 466, 22, 448, 448, 448, 448, 324, 464, 464, 464, 464, 464, 315, 315, 315, 315, 315, 480, 480, 480, 480, 480, 282, 282, 282, 85, 299, 313, 334, 382, 406, 406, 406, 406, 406, 406, 380, 467, 467, 499, 302, 100, 375, 98, 375, 98, 98, 98, 13, 13, 414, 414, 414, 414, 414, 414, 414, 170, 187, 187, 187, 187, 187, 187, 391, 391, 244, 244, 244, 320, 320, 320, 83, 300, 222, 374, 337, 337, 313, 313, 24, 24, 310, 310, 107, 107, 395, 395, 485, 286, 464, 139, 139, 139, 139, 496, 216, 216, 81, 81, 81, 139, 139, 139, 240, 240, 186, 99, 107, 107, 107, 400, 400, 152, 422, 143, 143, 458, 144, 144, 27, 27, 27, 437, 437, 284, 284, 405, 405, 405, 206, 460, 460, 215, 35, 35, 35, 35, 441, 437, 100, 100, 426, 426, 375, 375, 98, 98, 98, 263, 263, 13, 13, 13, 414, 170, 170, 237, 237, 28, 244, 2, 2, 341, 2, 341, 12, 63, 63, 408, 408, 63, 391, 73, 73, 244, 321, 321, 412, 287, 287, 287, 486, 486, 460, 460, 460, 150, 150, 342, 342, 342, 342, 224, 224, 196, 116, 94, 479, 199, 464, 464, 443, 443, 258, 31, 31, 342, 232, 172, 172, 115, 273, 273, 151, 151, 486, 460, 240, 240, 35, 310, 310, 107, 161, 395, 395, 487, 494, 116, 285, 81, 302, 302, 302, 497, 497, 497, 497, 458, 208, 208, 441, 100, 153, 153, 387, 387, 387, 387, 372, 372, 406, 467, 467, 467, 467, 337, 41, 41, 41, 19, 19, 19, 19, 454, 454, 454, 454, 414, 414, 414, 102, 102, 47, 47, 170, 47, 392, 392, 392, 392, 392, 73, 244, 320, 320, 7, 7, 7, 217, 217, 217, 217, 473, 65, 65, 264, 264, 264, 264, 264, 264, 264, 264, 264, 264, 468, 468, 468, 468, 468, 467, 337, 337, 41, 41, 41, 19, 19, 19, 19, 454, 17, 83, 254, 403, 443, 438, 438, 438, 438, 438, 438, 438, 438, 438, 438, 438, 438, 438, 438, 438, 438, 438, 438, 438, 438, 438, 438, 438, 438, 438, 438, 438, 438, 438, 438, 438, 438, 438, 438, 438, 438, 438, 438, 438, 438, 438, 438, 438, 438, 438, 438, 438, 438, 438, 438, 438, 438, 438, 438, 438, 438, 438, 438, 438, 438, 438, 438, 438, 438, 438, 438, 438, 438, 438]

ep501
Train step Loss: [0.004243327304720879, 0.46237117052078247, 0.21595780551433563, 0.06519725918769836, 0.1850796490907669, 0.11459232121706009, 0.1765720397233963, 0.13425473868846893, 0.19617757201194763, 0.05119331181049347, 0.11704649031162262, 0.01956251822412014, 0.08415357768535614, 0.04437079653143883, 0.14880351722240448, 0.04725274071097374, 0.06840594112873077, 0.1638955920934677, 0.10558945685625076, 0.2870258390903473, 0.17236971855163574, 0.27159827947616577, 0.09651674330234528, 0.06026056408882141, 0.002112038666382432, 0.21271659433841705, 0.040711548179388046, 0.1600632518529892, 0.19998182356357574, 0.1252565234899521, 0.21196535229682922, 0.0831749439239502, 0.15505076944828033, 0.2181360125541687, 0.13219666481018066, 0.13387446105480194, 0.07541752606630325, 0.13712918758392334, 0.057943422347307205, 0.0017412450397387147, 0.17908795177936554, 0.19774824380874634, 0.23270484805107117, 0.307096004486084, 0.07112068682909012, 0.1026470735669136, 0.3772726058959961, 0.07673048228025436, 0.36032161116600037, 0.14129289984703064, 0.31017306447029114, 0.007059559226036072, 0.18256209790706635, 0.08173123747110367, 0.1965799182653427, 0.27535682916641235, 0.24080485105514526, 0.004509482998400927, 0.1288767158985138, 0.12273229658603668, 0.05696732923388481, 0.002092024078592658, 0.4352780282497406]
val step Loss: [0.4580097496509552, 0.5503882765769958, 0.36977308988571167, 0.10994304716587067, 0.8219389915466309, 0.4288446009159088, 0.13313475251197815, 0.6584110856056213, 0.26874685287475586, 0.13243423402309418, 0.19081787765026093, 0.9727575182914734, 0.2926397919654846, 0.2140476256608963, 0.2655089497566223, 0.5197826027870178]
Train step Accs: [0.9994635912565375, 0.8781565656565656, 0.9399585921325052, 0.9809298440979956, 0.9532019704433498, 0.967844327905051, 0.9490001342101732, 0.9619004250151791, 0.9471790678659036, 0.9866634913074541, 0.9687329328235936, 0.995398131362432, 0.976559342583861, 0.987419033383159, 0.9588810761235096, 0.988029997115662, 0.9812399237871904, 0.9541774858713915, 0.9707845359526508, 0.9167228136369762, 0.9541418157720345, 0.9285093707335237, 0.9750238842636823, 0.9832897413542575, 1.0, 0.9404099362019818, 0.9894868585732165, 0.9553492484526968, 0.943078913324709, 0.9665717469357434, 0.9434257285003553, 0.9759807846277022, 0.9599892588614393, 0.939927857935627, 0.9629736765982065, 0.9631126831733199, 0.9796975637076449, 0.9647672348003052, 0.9829941081949651, 1.0, 0.9483015293003113, 0.94950634696756, 0.93646408839779, 0.916183513990421, 0.979875283446712, 0.9696032279757901, 0.8918986393708651, 0.978809679529104, 0.8996197718631179, 0.9634326157475671, 0.9189006227998917, 0.9983859134262656, 0.952927991033903, 0.9768883150419626, 0.9462322338428533, 0.9260280541901451, 0.9317140238313474, 0.9991887506760411, 0.9665029593250221, 0.9664864864864865, 0.9844871794871795, 1.0, 0.8897866839043309]
val step Accs: [0.8768082127858143, 0.8583530065268713, 0.9062090647105057, 0.9745578653428483, 0.8004634397528322, 0.8918883501507011, 0.9667732517725567, 0.8236167341430499, 0.9313223808241314, 0.9649075448778512, 0.9523403217942467, 0.7705644140723867, 0.9323360827624773, 0.9461200585651537, 0.9358649789029536, 0.8741211158992969]
Preds: [17, 17, 7, 217, 217, 217, 217, 217, 473, 473, 331, 443, 443, 443, 330, 330, 330, 330, 388, 64, 76, 76, 310, 99, 338, 338, 107, 395, 395, 106, 106, 153, 153, 481, 387, 387, 206, 167, 167, 35, 35, 35, 401, 7, 196, 217, 473, 65, 65, 222, 313, 313, 313, 285, 285, 337, 337, 290, 290, 290, 434, 434, 434, 339, 339, 199, 398, 464, 464, 464, 340, 340, 340, 116, 94, 199, 199, 84, 84, 84, 153, 43, 182, 182, 182, 182, 182, 497, 497, 497, 497, 497, 497, 43, 43, 259, 208, 208, 441, 106, 346, 346, 346, 265, 265, 265, 265, 85, 85, 85, 146, 468, 468, 468, 406, 406, 467, 467, 467, 467, 134, 375, 375, 375, 375, 98, 98, 48, 48, 48, 13, 13, 170, 82, 321, 187, 187, 170, 187, 2, 341, 341, 341, 260, 260, 260, 391, 391, 321, 320, 320, 320, 7, 7, 479, 479, 398, 290, 290, 290, 360, 360, 434, 252, 143, 465, 310, 161, 161, 395, 395, 395, 444, 213, 213, 360, 360, 360, 434, 434, 434, 434, 434, 398, 331, 331, 331, 180, 443, 486, 376, 376, 376, 376, 376, 282, 282, 460, 263, 263, 263, 414, 414, 414, 247, 312, 312, 126, 292, 292, 292, 23, 23, 23, 23, 23, 260, 391, 391, 391, 391, 391, 73, 244, 244, 320, 320, 320, 320, 7, 473, 473, 473, 290, 290, 290, 171, 171, 171, 434, 434, 252, 143, 36, 310, 310, 107, 107, 107, 107, 400, 400, 213, 213, 213, 213, 246, 246, 246, 246, 19, 19, 19, 454, 197, 197, 197, 414, 414, 414, 80, 225, 66, 66, 66, 68, 68, 115, 115, 273, 273, 486, 486, 486, 460, 460, 240, 240, 35, 183, 183, 183, 30, 30, 324, 324, 286, 464, 464, 464, 464, 139, 330, 330, 116, 116, 33, 250, 250, 147, 473, 398, 324, 324, 324, 324, 318, 318, 368, 368, 478, 453, 342, 342, 115, 168, 273, 273, 273, 265, 265, 376, 376, 460, 460, 460, 178, 178, 35, 35, 440, 287, 287, 111, 111, 111, 438, 438, 169, 150, 162, 232, 232, 172, 172, 115, 267, 267, 444, 286, 278, 139, 139, 139, 302, 497, 497, 497, 98, 14, 259, 440, 437, 287, 287, 125, 125, 125, 413, 348, 348, 216, 212, 219, 448, 448, 324, 464, 464, 374, 374, 374, 313, 251, 94, 199, 331, 134, 134, 153, 497, 497, 43, 43, 43, 364, 364, 100, 100, 153, 100, 182, 182, 182, 182, 98, 98, 98, 13, 13, 414, 414, 237, 237, 237, 237, 237, 237, 237, 237, 47, 47, 80, 80, 73, 73, 244, 321, 321, 320, 287, 287, 481, 297, 297, 293, 497, 497, 122, 122, 8, 8, 280, 354, 100, 100, 100, 346, 346, 426, 426, 426, 98, 98, 98, 98, 263, 193, 17, 83, 83, 438, 438, 438, 438, 438, 438, 438, 438, 438, 438, 438, 438, 438, 438, 438, 438, 438, 438, 438, 438, 438, 438, 438, 438, 438, 438, 438, 438, 438, 438, 438, 438, 438, 438, 438, 438, 438, 438, 438, 438, 438, 438, 438, 438, 438, 438, 438, 438, 438, 438, 438, 438, 438, 438, 438, 438, 438, 438, 438, 438, 438, 438, 438, 438, 438, 438, 438, 438, 438, 438, 438, 438, 438, 438, 438, 438, 438, 438, 438, 438, 438, 438, 438, 438, 438, 438, 438, 438, 438, 438, 438, 438, 438, 438, 438, 438, 438, 438, 438, 438, 438, 438, 438, 438, 438, 438, 438, 438, 438, 438, 438, 438, 438, 438, 438, 438, 438, 438, 438, 438, 438, 438, 438, 438, 438, 438, 438, 438, 438]

ep502
Train step Loss: [0.1663273274898529, 0.11111731082201004, 0.21966806054115295, 0.23810692131519318, 0.16370020806789398, 0.04307134822010994, 0.12586359679698944, 0.01112174242734909, 0.08977415412664413, 0.37995970249176025, 0.1393616497516632, 0.04882941022515297, 0.234292134642601, 0.06709093600511551, 0.3500744104385376, 0.001953481463715434, 0.1973666250705719, 0.35755255818367004, 0.25576603412628174, 0.1565527617931366, 0.2857939600944519, 0.05628320947289467, 0.08594240993261337, 0.11658894270658493, 0.2156541645526886, 0.01527834590524435, 0.1964191496372223, 0.07946018874645233, 0.15582920610904694, 0.12303555011749268, 0.16813306510448456, 0.06059643626213074, 0.14081841707229614, 0.12931185960769653, 0.14920960366725922, 0.0766342282295227, 0.2936363220214844, 0.10147042572498322, 0.019192153587937355, 0.22644537687301636, 0.047911278903484344, 0.1259913295507431, 0.023773176595568657, 0.10983125865459442, 0.05429389700293541, 0.30190664529800415, 0.24279096722602844, 0.18542882800102234, 0.27017897367477417, 0.1983584314584732, 0.09541615843772888, 0.06854374706745148, 0.07987140119075775, 0.001874663750641048, 0.046072397381067276, 0.2422327697277069, 0.13173523545265198, 0.022734230384230614, 0.13366439938545227, 0.06290263682603836, 0.19205975532531738, 0.1552513688802719, 0.1690564602613449]
val step Loss: [0.487865686416626, 0.6015004515647888, 0.3491639196872711, 0.36454349756240845, 0.29679685831069946, 0.6233224868774414, 0.24828071892261505, 0.2450767457485199, 0.005464415531605482, 0.5174739360809326, 0.07742323726415634, 0.6871196627616882, 0.5421317219734192, 0.422761470079422, 0.21959352493286133, 0.38303470611572266]
Train step Accs: [0.9562235517291697, 0.970446735395189, 0.9416017797552837, 0.934847409510291, 0.9558249721293199, 0.9881868861162729, 0.9650550502632839, 0.9972783268872655, 0.9767585993182523, 0.8956922243294501, 0.9633977900552486, 0.9879320619785459, 0.9341488807912546, 0.9835039817974972, 0.9045784560675656, 1.0, 0.9473386183465459, 0.9008341056533827, 0.9242365674526478, 0.9555214723926381, 0.9241148799207725, 0.9851576994434137, 0.9775848460931333, 0.9676747887841313, 0.9385379887537596, 0.995987963891675, 0.9459082671127841, 0.9778115886902498, 0.9581481481481482, 0.9648058252427184, 0.9543710605645382, 0.9835850295469468, 0.9619641267014375, 0.967260345730749, 0.9567753911429329, 0.978490204137553, 0.9211158569140416, 0.96995544239338, 0.9954250295159386, 0.9408568178946038, 0.9875498609935937, 0.9636104174099179, 0.9945597709377237, 0.9717543405027209, 0.9846675712347354, 0.9179748267571772, 0.9318391562294002, 0.9507934197117485, 0.9241712521809153, 0.9474880382775119, 0.9738523250631407, 0.9821404226312201, 0.9757897462454687, 1.0, 0.9862251990395552, 0.9329446064139941, 0.964818763326226, 0.9940619256326877, 0.9634846113719353, 0.9820158929318277, 0.9481054365733114, 0.9568510753415393, 0.9499180903346595]
val step Accs: [0.880184331797235, 0.8444302991725016, 0.9106370712020755, 0.9093329782984956, 0.9253451907325064, 0.8623178537382541, 0.9392999556933983, 0.9361919346605411, 0.9989023051591658, 0.8624770795132523, 0.9813909263787014, 0.8335913312693498, 0.8709316943707222, 0.8951503657545381, 0.9455108359133126, 0.8986678314042368]
Preds: [17, 296, 481, 481, 293, 98, 98, 129, 129, 129, 401, 401, 82, 80, 354, 208, 441, 441, 346, 426, 426, 426, 169, 167, 129, 129, 13, 401, 170, 170, 170, 80, 80, 80, 80, 80, 80, 7, 7, 217, 251, 473, 278, 286, 286, 468, 468, 468, 468, 406, 406, 337, 337, 337, 337, 337, 337, 41, 41, 171, 171, 19, 246, 246, 3, 3, 454, 197, 226, 226, 226, 7, 32, 473, 464, 464, 360, 339, 339, 217, 70, 250, 250, 70, 138, 138, 182, 182, 182, 182, 182, 182, 497, 98, 129, 197, 32, 197, 280, 100, 375, 375, 497, 122, 43, 32, 32, 259, 208, 441, 441, 346, 346, 284, 405, 426, 206, 167, 167, 396, 285, 382, 382, 313, 313, 199, 199, 134, 375, 375, 375, 182, 182, 98, 98, 98, 48, 13, 13, 170, 170, 170, 170, 47, 47, 47, 47, 47, 47, 47, 47, 80, 80, 80, 73, 320, 7, 70, 309, 331, 398, 301, 301, 143, 143, 401, 458, 75, 27, 180, 486, 486, 315, 450, 450, 319, 388, 388, 64, 64, 212, 212, 465, 108, 354, 420, 464, 301, 464, 464, 180, 180, 120, 460, 178, 169, 263, 263, 170, 170, 170, 47, 47, 392, 170, 170, 28, 2, 2, 2, 2, 2, 2, 2, 2, 2, 2, 2, 2, 2, 2, 316, 73, 73, 73, 73, 289, 320, 83, 287, 460, 460, 460, 178, 35, 35, 401, 342, 232, 172, 172, 172, 115, 115, 267, 267, 213, 213, 213, 246, 246, 246, 19, 454, 454, 197, 197, 226, 226, 226, 7, 479, 398, 331, 443, 240, 240, 416, 240, 314, 32, 76, 76, 239, 107, 107, 395, 395, 374, 106, 88, 88, 88, 426, 426, 85, 85, 85, 85, 146, 240, 240, 239, 401, 310, 478, 342, 172, 115, 273, 273, 267, 213, 213, 213, 3, 246, 3, 14, 197, 226, 259, 226, 209, 209, 209, 188, 153, 153, 153, 182, 182, 182, 182, 182, 182, 182, 182, 182, 98, 98, 413, 413, 236, 239, 239, 239, 239, 401, 75, 384, 371, 213, 371, 171, 171, 171, 314, 116, 314, 239, 239, 384, 354, 264, 286, 171, 171, 171, 171, 171, 171, 434, 434, 24, 303, 303, 19, 19, 19, 19, 19, 454, 454, 454, 414, 442, 170, 170, 170, 392, 392, 28, 2, 2, 2, 2, 2, 2, 2, 2, 73, 73, 73, 73, 73, 320, 320, 83, 287, 460, 460, 460, 169, 35, 314, 36, 77, 342, 342, 224, 224, 224, 444, 213, 213, 324, 301, 301, 301, 3, 14, 14, 14, 226, 209, 188, 188, 100, 424, 424, 497, 497, 122, 129, 129, 36, 239, 441, 100, 100, 100, 153, 497, 98, 98, 98, 48, 197, 170, 170, 80, 80, 80, 80, 80, 80, 80, 188, 441, 287, 481, 293, 169, 150, 349, 234, 402, 205, 205, 441, 441, 437, 153, 481, 481, 182, 169, 98, 98, 263, 17, 197, 403, 403, 240, 240, 240, 240, 240, 240, 240, 240, 240, 240, 240, 240, 240, 240, 240, 240, 240, 438, 438, 438, 438, 438, 438, 438, 438, 438, 438, 438, 438, 438, 438, 438, 438, 438, 438, 438, 438, 438, 438, 438, 438, 438, 438, 438, 438, 438, 438, 438, 438, 438, 438, 438, 438, 438, 438, 438, 438, 438, 438, 438, 438, 438, 438, 438, 438, 438, 438, 438, 438, 438, 438, 438, 438, 438, 438, 438, 438, 438, 438, 438, 438, 438, 438, 438, 438, 438, 438, 438, 438, 438, 438, 438, 438, 438, 438, 438, 438, 438, 438, 438, 438, 438, 438, 438, 438, 438, 438, 438, 438, 438, 438, 438, 438, 438, 438]

