ep503
Train step Loss: [0.003527373308315873, 0.3443509638309479, 0.04952003061771393, 0.009191610850393772, 0.2153506577014923, 0.3104553818702698, 0.03679567947983742, 0.12115184217691422, 0.05668855831027031, 0.06035163998603821, 0.030707143247127533, 0.028741149231791496, 0.09963628649711609, 0.04542022570967674, 0.10206950455904007, 0.19581368565559387, 0.18924055993556976, 0.009652645327150822, 0.13723592460155487, 0.05962549149990082, 0.24837809801101685, 0.04216977208852768, 0.04089365899562836, 0.024654140695929527, 0.24798154830932617, 0.25636011362075806, 0.26100412011146545, 0.16338641941547394, 0.012923743575811386, 0.0030758853536099195, 0.028805209323763847, 0.17001698911190033, 0.054325710982084274, 0.048838671296834946, 0.12795914709568024, 0.15899519622325897, 0.16285353899002075, 0.2536119520664215, 0.2877350449562073, 0.31084534525871277, 0.0017914511263370514, 0.03101256489753723, 0.08275571465492249, 0.05844739452004433, 0.39269012212753296, 0.1888119876384735, 0.1595969945192337, 0.21362148225307465, 0.015595576725900173, 0.282246857881546, 0.1171579584479332, 0.41102877259254456, 0.13855138421058655, 0.1443493366241455, 0.32940781116485596, 0.20031479001045227, 0.2731713056564331, 0.08711224049329758, 0.01732572540640831, 0.16004705429077148, 0.29855772852897644, 0.0400649830698967, 0.1570446938276291]
val step Loss: [0.09180895984172821, 0.5456017851829529, 0.28919273614883423, 0.6599757075309753, 0.3578184247016907, 0.3856431543827057, 0.33292075991630554, 0.20988523960113525, 0.48816439509391785, 0.49363312125205994, 0.1872953474521637, 0.28819039463996887, 0.26635801792144775, 0.43454375863075256, 0.44994717836380005, 0.7307303547859192]
Train step Accs: [0.9997211377579476, 0.9063060370591751, 0.9843713000236799, 0.9979402677651905, 0.939950444541612, 0.920902341519132, 0.990617048346056, 0.9669944766267008, 0.9852783725910065, 0.9828902342721769, 0.9923098434004475, 0.9922813036020584, 0.9699292452830188, 0.9881790744466801, 0.9723813160239277, 0.9484796175806666, 0.9452891857325565, 0.9978936282253817, 0.9614497081580019, 0.9828600025021894, 0.9304870715574264, 0.9888252148997134, 0.9898628503279666, 0.9939527212754261, 0.9340970682434097, 0.9285984609562256, 0.9309518101174779, 0.9560593338930871, 0.9966796593041721, 0.9998551983782218, 0.9924860733255603, 0.9533954727030626, 0.9857813547954393, 0.9878354652621019, 0.9660174613834789, 0.9547143840330351, 0.9538651654537965, 0.9291348600508906, 0.9248022818617918, 0.9161244695898161, 1.0, 0.9919571045576407, 0.9759739378308674, 0.9852607709750567, 0.888874873864783, 0.9475673898750822, 0.9580490270406874, 0.9429280397022333, 0.9962458286985539, 0.9248563652857574, 0.9700196133370692, 0.8874362661785854, 0.9604624607479303, 0.9595218690573214, 0.9124384236453202, 0.9452234881682734, 0.922923056407521, 0.976773702246478, 0.9957939011566772, 0.9559264571652106, 0.917824377457405, 0.9899002493765586, 0.9603487064116986]
val step Accs: [0.9780315074432722, 0.8638578011849901, 0.9339938802273059, 0.8339738662567256, 0.9063342318059299, 0.9008108890819577, 0.9222443393879074, 0.9487385936661299, 0.8807840218335194, 0.8722019781363873, 0.9524136982533352, 0.921814919251474, 0.9378594249201277, 0.8913690476190477, 0.8878528547707242, 0.8421573478476002]
Preds: [17, 17, 287, 287, 284, 315, 450, 450, 450, 450, 43, 43, 43, 364, 276, 276, 276, 153, 153, 182, 182, 182, 182, 182, 182, 182, 387, 98, 98, 98, 98, 197, 197, 197, 197, 82, 226, 83, 83, 83, 55, 55, 322, 322, 67, 10, 10, 309, 398, 398, 398, 301, 378, 43, 153, 153, 153, 153, 153, 387, 387, 387, 109, 146, 146, 324, 324, 422, 186, 99, 99, 338, 338, 338, 338, 338, 400, 400, 400, 278, 171, 171, 171, 378, 173, 8, 8, 100, 100, 100, 100, 497, 379, 122, 471, 243, 76, 129, 36, 478, 232, 172, 172, 115, 115, 267, 267, 324, 324, 464, 464, 464, 315, 319, 319, 319, 450, 450, 413, 250, 364, 276, 276, 276, 153, 153, 182, 182, 182, 182, 182, 182, 182, 182, 182, 413, 426, 413, 413, 303, 303, 195, 199, 199, 413, 413, 413, 413, 348, 303, 10, 10, 10, 10, 309, 309, 479, 479, 331, 331, 106, 153, 153, 481, 481, 387, 387, 387, 355, 375, 452, 263, 263, 13, 13, 170, 170, 170, 170, 20, 170, 249, 20, 28, 2, 20, 249, 249, 20, 421, 20, 2, 2, 20, 20, 20, 20, 20, 163, 316, 73, 73, 73, 289, 20, 20, 320, 7, 7, 30, 324, 324, 3, 464, 464, 464, 486, 486, 486, 460, 460, 215, 215, 349, 205, 205, 205, 261, 261, 261, 25, 420, 420, 324, 324, 324, 464, 464, 331, 139, 426, 426, 319, 348, 348, 94, 219, 219, 398, 464, 464, 340, 116, 94, 199, 302, 302, 497, 122, 122, 129, 129, 36, 342, 172, 115, 273, 273, 151, 486, 460, 240, 215, 35, 35, 259, 354, 29, 420, 286, 286, 286, 278, 374, 374, 324, 219, 219, 219, 246, 246, 477, 477, 132, 132, 375, 375, 375, 98, 98, 98, 143, 129, 401, 401, 82, 20, 208, 208, 441, 441, 441, 441, 441, 153, 153, 375, 98, 98, 98, 98, 263, 193, 17, 83, 403, 403, 438, 438, 438, 438, 438, 438, 438, 438, 438, 438, 438, 438, 438, 438, 438, 438, 438, 438, 438, 438, 438, 438, 438, 438, 438, 438, 438, 438, 438, 438, 438, 438, 438, 438, 438, 438, 438, 438, 438, 438, 438, 438, 438, 438, 438, 438, 438, 438, 438, 438, 438, 438, 438, 438, 438, 438, 438, 438, 438, 438, 438, 438, 438, 438, 438, 438, 438, 438, 438, 438, 438, 438, 438, 438, 438, 438, 438, 438, 438, 438, 438, 438, 438, 438, 438, 438, 438, 438, 438, 438, 438, 438, 438, 438, 438, 438, 438, 438, 438, 438, 438, 438, 438, 438, 438, 438, 438, 438, 438, 438, 438, 438, 438, 438, 438, 438, 438, 438, 438, 438, 438, 438, 438, 438, 438, 438, 438, 438, 438, 438, 438, 438, 438, 438, 438, 438, 438, 438, 438, 438, 438, 438, 438, 438, 438, 438, 438, 438, 438, 438, 438, 438, 438, 438, 438, 438, 438, 438, 438, 438, 438, 438, 438, 438, 438, 438, 438, 438, 438, 438, 438, 438, 438, 438, 438, 438, 438, 438, 438, 438, 438, 438, 438, 438, 438, 438, 438, 438, 438, 438, 438, 438, 438, 438, 438, 438, 438, 438, 438, 438, 438, 438, 438, 438, 438, 438, 438, 438, 438, 438, 438, 438, 438, 438, 438, 438, 438, 438, 438, 438, 438, 438, 438, 438, 438, 438, 438, 438, 438, 438, 438, 438, 438, 438, 438, 438, 438, 438, 438, 438, 438, 438, 438, 438, 438, 438, 438, 438, 438, 438, 438, 438, 438, 438, 438, 438, 438, 438, 438, 438, 438, 438, 438, 438, 438, 438, 438, 438, 438, 438, 438, 438, 438]

ep504
Train step Loss: [0.14832867681980133, 0.07960791140794754, 0.21943220496177673, 0.0268330629914999, 0.18503263592720032, 0.23369476199150085, 0.22197943925857544, 0.3537614643573761, 0.2920003831386566, 0.0296496395021677, 0.02037210203707218, 0.19521735608577728, 0.23596884310245514, 0.10554468631744385, 0.1995372325181961, 0.045977964997291565, 0.0018989332020282745, 0.12342213094234467, 0.1464300900697708, 0.12792940437793732, 0.21662010252475739, 0.18864582479000092, 0.15329565107822418, 0.2372007966041565, 0.10612889379262924, 0.09021016210317612, 0.06935851275920868, 0.18029573559761047, 0.0020121594425290823, 0.20006130635738373, 0.2506742477416992, 0.18894760310649872, 0.11366088688373566, 0.08967629820108414, 0.09455391764640808, 0.0019103754311800003, 0.2535683810710907, 0.10781816393136978, 0.13722503185272217, 0.13449157774448395, 0.19441111385822296, 0.047290150076150894, 0.017345113679766655, 0.001997733721509576, 0.15770912170410156, 0.1586437076330185, 0.053963154554367065, 0.0832790657877922, 0.12891891598701477, 0.14389494061470032, 0.06910572201013565, 0.0017396894982084632, 0.10829047113656998, 0.1863454282283783, 0.3173573911190033, 0.3346213698387146, 0.1578122228384018, 0.02452952042222023, 0.10495396703481674, 0.26514145731925964, 0.25900429487228394, 0.04860923811793327, 0.07609625160694122]
val step Loss: [0.25908607244491577, 0.4886447787284851, 0.001743927481584251, 0.28492072224617004, 0.7696134448051453, 0.26887503266334534, 0.026041263714432716, 0.5748003721237183, 0.2612263560295105, 0.42997047305107117, 0.26904693245887756, 0.6777799129486084, 0.6458280682563782, 0.02045362815260887, 0.30860474705696106, 0.8616769313812256]
Train step Accs: [0.9601282051282052, 0.977760334903192, 0.9434322843674353, 0.9936669755946864, 0.948652585579024, 0.9411328221617611, 0.9405405405405406, 0.9059020893701388, 0.9244246473645137, 0.9917210635249164, 0.9945899422107464, 0.9481177275838467, 0.9386159259741952, 0.9747508305647841, 0.9477703531978726, 0.9866027358623607, 1.0, 0.9681133746678476, 0.9603455045151158, 0.968340117593849, 0.9421411702965101, 0.9470133693119097, 0.9593569131832798, 0.9335106382978723, 0.9702438352390136, 0.9763357642506325, 0.9813499111900533, 0.9506055245611648, 1.0, 0.9443769407317403, 0.9351851851851852, 0.9480238912187063, 0.9682875264270613, 0.9751100110011001, 0.9737672018348624, 1.0, 0.9294522512188127, 0.9719528178243775, 0.9615928066795119, 0.9616797900262467, 0.948116046707596, 0.9873112549168888, 0.9962660443407234, 1.0, 0.9542988879848116, 0.9558784676354029, 0.984516129032258, 0.9764631043256997, 0.9641861147805666, 0.9595972309628698, 0.9797337278106509, 1.0, 0.9708934446975449, 0.9489452766738, 0.9131582254618574, 0.9099267570515818, 0.9553063274188148, 0.9929141973718114, 0.9724783266822623, 0.9270978533593532, 0.9288612731422774, 0.9855053013018387, 0.978240302743614]
val step Accs: [0.9374764595103579, 0.8905032360322283, 1.0, 0.9294451995551711, 0.8129459734964322, 0.9296671866874675, 0.9955724225173941, 0.8618990743505524, 0.9304841763592102, 0.8990765171503958, 0.9302972616781373, 0.8228593370024319, 0.8378900856117095, 0.9966002163498686, 0.9171873085875291, 0.7823555754590238]
Preds: [17, 17, 284, 486, 460, 460, 169, 215, 35, 35, 458, 208, 441, 441, 100, 153, 387, 497, 122, 129, 129, 129, 458, 208, 441, 441, 346, 481, 481, 405, 206, 98, 98, 263, 263, 13, 414, 414, 414, 170, 170, 170, 170, 28, 28, 28, 28, 28, 28, 28, 20, 28, 2, 28, 2, 40, 2, 2, 2, 2, 2, 435, 435, 2, 2, 366, 366, 366, 163, 366, 20, 316, 316, 316, 73, 20, 73, 73, 289, 320, 83, 287, 111, 111, 111, 240, 186, 99, 54, 54, 338, 338, 338, 338, 400, 400, 400, 444, 213, 213, 213, 246, 246, 246, 246, 246, 246, 422, 186, 99, 338, 338, 338, 338, 338, 400, 400, 400, 485, 485, 286, 374, 374, 374, 132, 132, 132, 132, 132, 132, 132, 132, 132, 132, 132, 132, 132, 132, 413, 381, 381, 117, 117, 117, 197, 197, 197, 197, 197, 401, 401, 401, 320, 354, 420, 213, 213, 213, 213, 246, 246, 246, 301, 378, 132, 43, 43, 43, 43, 276, 276, 174, 174, 174, 480, 480, 480, 480, 85, 282, 282, 282, 388, 303, 303, 309, 309, 479, 398, 324, 278, 301, 143, 143, 129, 196, 7, 7, 70, 65, 65, 265, 428, 428, 428, 146, 146, 207, 207, 3, 358, 358, 143, 129, 414, 197, 197, 226, 197, 197, 7, 79, 456, 374, 374, 374, 374, 374, 132, 132, 43, 132, 132, 132, 132, 132, 132, 132, 132, 399, 8, 53, 345, 65, 134, 223, 130, 129, 129, 196, 196, 196, 473, 473, 429, 213, 41, 324, 246, 246, 19, 19, 454, 454, 454, 78, 78, 78, 170, 170, 170, 47, 47, 47, 47, 20, 2, 2, 2, 2, 2, 2, 316, 316, 73, 73, 73, 73, 20, 320, 83, 287, 287, 284, 319, 319, 203, 53, 250, 250, 276, 276, 174, 109, 109, 409, 146, 324, 324, 324, 464, 301, 26, 251, 251, 251, 241, 241, 331, 443, 443, 319, 330, 388, 348, 33, 466, 466, 199, 81, 81, 290, 290, 290, 171, 434, 246, 434, 301, 301, 8, 129, 239, 32, 354, 354, 106, 284, 405, 206, 240, 215, 35, 36, 77, 342, 9, 142, 219, 485, 152, 374, 374, 153, 153, 153, 153, 182, 182, 43, 276, 276, 346, 346, 346, 319, 428, 85, 330, 388, 388, 94, 199, 398, 324, 340, 116, 116, 466, 466, 331, 250, 153, 153, 43, 43, 182, 182, 153, 182, 387, 387, 387, 387, 240, 240, 385, 35, 35, 483, 226, 226, 14, 155, 25, 106, 100, 387, 387, 122, 122, 122, 36, 269, 9, 397, 494, 494, 416, 8, 280, 114, 180, 443, 240, 240, 94, 199, 464, 464, 464, 464, 120, 330, 253, 368, 216, 280, 280, 283, 494, 313, 99, 99, 436, 395, 395, 395, 106, 125, 125, 125, 348, 348, 64, 394, 76, 239, 384, 107, 395, 485, 286, 286, 139, 139, 496, 496, 496, 274, 274, 43, 8, 129, 458, 208, 441, 437, 346, 426, 426, 426, 348, 348, 303, 303, 303, 303, 303, 48, 48, 401, 401, 7, 7, 219, 398, 286, 286, 286, 374, 468, 468, 337, 337, 41, 41, 19, 19, 454, 454, 229, 78, 78, 170, 170, 170, 170, 47, 47, 47, 47, 47, 2, 2, 2, 2, 2, 2, 20, 2, 2, 163, 316, 316, 73, 73, 73, 20, 289, 320, 188, 188, 324, 324, 301, 339, 33, 466, 250, 331, 65, 65, 153, 387, 293, 497, 122, 43, 129, 458, 208, 208, 106, 106, 284, 284, 319, 319, 319, 203, 381, 381, 303, 303, 117, 48, 48, 48, 48, 414, 414, 414, 47, 20, 80, 47, 80, 80, 80]

ep505
Train step Loss: [0.11219635605812073, 0.10334952920675278, 0.056184977293014526, 0.2521665692329407, 0.012055771425366402, 0.08791514486074448, 0.06018848717212677, 0.01226329617202282, 0.09622996300458908, 0.24925562739372253, 0.0019905180670320988, 0.11210525780916214, 0.09319517761468887, 0.1606709510087967, 0.3540630638599396, 0.22912892699241638, 0.1158902496099472, 0.0017793946899473667, 0.008523588068783283, 0.3014872074127197, 0.36545529961586, 0.08832745254039764, 0.29795730113983154, 0.11678653210401535, 0.06482692062854767, 0.16571678221225739, 0.15980413556098938, 0.15416350960731506, 0.13976237177848816, 0.0017694595735520124, 0.0692434087395668, 0.14540995657444, 0.0019353932002559304, 0.16226762533187866, 0.09604490548372269, 0.009563421830534935, 0.12119724601507187, 0.12712448835372925, 0.22788146138191223, 0.2053842693567276, 0.02914471924304962, 0.04821302741765976, 0.3326667547225952, 0.34214305877685547, 0.20751218497753143, 0.07756244391202927, 0.0017746819648891687, 0.16250012814998627, 0.03816143795847893, 0.2678999900817871, 0.13484278321266174, 0.06509476155042648, 0.0404241681098938, 0.12397310882806778, 0.03283947706222534, 0.3149379789829254, 0.13952483236789703, 0.05257769301533699, 0.06254667043685913, 0.0021129916422069073, 0.11684269458055496, 0.21375684440135956, 0.09300565719604492]
val step Loss: [0.6444669365882874, 0.2772293984889984, 0.22227521240711212, 0.2434922307729721, 0.2061760127544403, 0.39886993169784546, 0.6184688806533813, 0.6071777939796448, 0.4261048436164856, 0.463409960269928, 0.2342049479484558, 0.4219214916229248, 0.19186337292194366, 0.2821449041366577, 0.25406786799430847, 0.6060190200805664]
Train step Accs: [0.9686870044348878, 0.973764258555133, 0.9839304531085353, 0.9278078229153566, 0.9972638591482275, 0.9755840042233074, 0.9841515729265967, 0.9969144872171614, 0.9747932256794013, 0.9323441328614211, 1.0, 0.969047619047619, 0.9755344124552082, 0.9543859649122807, 0.9029850746268657, 0.9337162000478584, 0.9673564558437773, 1.0, 0.9975690890481065, 0.9247540547726668, 0.8987641992260642, 0.9785609004421815, 0.9195107033639144, 0.967353668590272, 0.9808179032902624, 0.9546749546749547, 0.9605947056690439, 0.9588392063962097, 0.9620454874692163, 1.0, 0.9803921568627451, 0.9623556252673606, 1.0, 0.9547121896162528, 0.9713768115942029, 0.9984630431745145, 0.9657772621809745, 0.9680427924838843, 0.9392535733192166, 0.9450077332875064, 0.9925383640715191, 0.988272921108742, 0.9108227498619548, 0.9076209223847019, 0.9444444444444444, 0.9772644376899696, 1.0, 0.9554362751217077, 0.9897306146748028, 0.9235123567582494, 0.9623287671232876, 0.9837854220336415, 0.989237668161435, 0.9651344812864665, 0.990574682550072, 0.9103997549395006, 0.9588371808965434, 0.9843456480901691, 0.983383469416989, 1.0, 0.9693772516726711, 0.9402190923317684, 0.9759036144578314]
val step Accs: [0.8403890160183066, 0.9331745235707122, 0.9409320273078065, 0.9377198697068404, 0.9465543644716692, 0.8954074074074074, 0.8564956695536309, 0.8509887895200907, 0.8938702089387021, 0.8816120906801007, 0.9461889250814333, 0.8933569008690528, 0.9531523642732049, 0.9271383315733897, 0.9413647273974168, 0.8501240694789082]
Preds: [17, 17, 287, 287, 284, 284, 480, 480, 85, 85, 240, 240, 240, 314, 325, 34, 300, 242, 242, 196, 217, 217, 473, 473, 398, 398, 398, 171, 171, 171, 171, 246, 246, 246, 246, 246, 246, 246, 246, 318, 49, 49, 269, 323, 323, 219, 213, 213, 213, 213, 246, 360, 360, 360, 246, 246, 19, 19, 19, 19, 454, 454, 454, 454, 414, 414, 414, 170, 82, 47, 47, 47, 80, 80, 80, 75, 373, 66, 66, 323, 323, 323, 273, 273, 106, 106, 153, 497, 497, 274, 122, 35, 458, 445, 445, 445, 351, 351, 351, 403, 403, 403, 290, 290, 290, 290, 434, 434, 434, 434, 434, 434, 434, 434, 434, 434, 434, 246, 19, 248, 259, 465, 445, 445, 445, 445, 351, 171, 171, 171, 171, 171, 252, 143, 445, 445, 464, 464, 443, 403, 171, 171, 240, 252, 143, 143, 458, 183, 74, 25, 420, 420, 213, 213, 213, 213, 246, 246, 246, 246, 246, 246, 246, 246, 246, 246, 197, 7, 198, 22, 258, 258, 38, 31, 31, 162, 232, 232, 232, 172, 172, 115, 115, 267, 267, 267, 286, 286, 286, 286, 286, 468, 468, 42, 42, 42, 147, 42, 42, 42, 345, 88, 288, 288, 360, 360, 360, 434, 434, 434, 318, 368, 49, 453, 453, 219, 219, 219, 324, 324, 464, 464, 464, 464, 464, 180, 315, 315, 315, 315, 282, 282, 450, 450, 413, 413, 175, 43, 276, 276, 153, 153, 153, 182, 182, 182, 182, 182, 182, 182, 375, 375, 98, 98, 98, 98, 13, 229, 229, 414, 312, 312, 312, 187, 23, 23, 23, 23, 12, 12, 260, 260, 391, 391, 73, 244, 73, 244, 321, 321, 321, 287, 287, 353, 353, 306, 372, 467, 467, 499, 499, 486, 460, 460, 460, 150, 150, 150, 342, 342, 224, 168, 494, 494, 494, 494, 38, 478, 342, 342, 172, 115, 273, 273, 273, 319, 319, 319, 319, 388, 348, 348, 348, 250, 250, 398, 398, 398, 398, 464, 464, 464, 464, 443, 443, 139, 282, 282, 282, 282, 388, 203, 399, 70, 65, 431, 65, 443, 443, 443, 443, 146, 438, 438, 219, 219, 324, 324, 324, 324, 301, 301, 132, 58, 337, 337, 464, 464, 464, 264, 120, 120, 376, 376, 460, 460, 263, 263, 263, 263, 263, 13, 78, 170, 170, 170, 170, 244, 28, 28, 2, 2, 244, 341, 341, 12, 12, 12, 63, 63, 63, 163, 163, 163, 244, 316, 244, 73, 73, 321, 320, 7, 7, 7, 309, 479, 479, 331, 398, 290, 290, 360, 360, 360, 360, 434, 434, 434, 434, 434, 434, 3, 335, 14, 287, 145, 111, 111, 111, 450, 450, 450, 43, 182, 497, 43, 43, 345, 109, 109, 109, 290, 290, 324, 324, 324, 324, 301, 301, 143, 259, 192, 192, 79, 420, 420, 213, 213, 213, 246, 246, 246, 246, 19, 19, 454, 454, 197, 401, 401, 321, 320, 209, 156, 498, 498, 498, 498, 468, 468, 468, 468, 288, 120, 120, 120, 282, 282, 37, 37, 271, 243, 243, 310, 310, 310, 338, 338, 338, 338, 338, 338, 338, 447, 447, 193, 17, 83, 403, 403, 438, 438, 438, 438, 438, 438, 438, 438, 438, 438, 438, 438, 438, 438, 438, 438, 438, 438, 438, 438, 438, 438, 438, 438, 438, 438, 438, 438, 438, 438, 438, 438, 438, 438, 438, 438, 438, 438, 438, 438, 438, 438, 438, 438, 438, 438, 438, 438, 438, 438, 438, 438, 438, 438, 438, 438, 438, 438, 438, 438, 438, 438, 438, 438, 438, 438, 438, 438, 438, 438, 438, 438, 438, 438, 438, 438, 438, 438, 438, 438]

ep506
Train step Loss: [0.35819557309150696, 0.12126120924949646, 0.15219075977802277, 0.03409058228135109, 0.0018266666447743773, 0.23952063918113708, 0.2183316946029663, 0.34734952449798584, 0.36759310960769653, 0.0016596269560977817, 0.38959890604019165, 0.32723820209503174, 0.0034905134234577417, 0.14807957410812378, 0.047384440898895264, 0.022974854335188866, 0.15672914683818817, 0.023098425939679146, 0.21319030225276947, 0.0766277089715004, 0.09335870295763016, 0.13291166722774506, 0.09140638262033463, 0.1319829821586609, 0.11597476154565811, 0.31711897253990173, 0.029510704800486565, 0.13898807764053345, 0.10399241745471954, 0.17766714096069336, 0.21227078139781952, 0.03582604601979256, 0.2059219628572464, 0.029459889978170395, 0.14873714745044708, 0.04455596208572388, 0.0947355255484581, 0.23705391585826874, 0.008971293456852436, 0.21975798904895782, 0.19330257177352905, 0.13264720141887665, 0.015947667881846428, 0.05328059569001198, 0.0022989409044384956, 0.11418702453374863, 0.10982109606266022, 0.10121676325798035, 0.08471149951219559, 0.11668954789638519, 0.03724595159292221, 0.2547963857650757, 0.31617021560668945, 0.25436022877693176, 0.04795180633664131, 0.01289309561252594, 0.09503862261772156, 0.17063738405704498, 0.014583217911422253, 0.13847097754478455, 0.27080604434013367, 0.34378260374069214, 0.3859899938106537]
val step Loss: [0.3041277825832367, 0.01701265387237072, 0.41156741976737976, 0.6362614631652832, 0.4479069113731384, 0.3508555293083191, 0.36486300826072693, 0.4091239273548126, 0.38746264576911926, 0.7986051440238953, 0.2429238110780716, 0.3584022521972656, 0.27986738085746765, 0.3086993396282196, 0.30374208092689514, 0.5879191160202026]
Train step Accs: [0.899171943497321, 0.9650425158590903, 0.9559029101537679, 0.991680971873762, 1.0, 0.939106529209622, 0.9419909286225829, 0.9057217979216227, 0.9014305926741079, 1.0, 0.8936847466259231, 0.9092696629213484, 0.9995975855130784, 0.9599854932301741, 0.9863427445830597, 0.9932901434521055, 0.9590276907655683, 0.9943486860695112, 0.9397509706788058, 0.9774530271398747, 0.9736403995560489, 0.9597926590081255, 0.9739786297925833, 0.964816650148662, 0.9694761446445759, 0.9122063919907586, 0.9919490103991949, 0.963817586018569, 0.9681710213776722, 0.9504719872502145, 0.9422189128816083, 0.9903681839366164, 0.9470722229666354, 0.992124718739955, 0.960881753312946, 0.988434598468806, 0.9754042668840875, 0.9338046272493573, 0.997726411519515, 0.9381151574803149, 0.9501641301104148, 0.9597887896019497, 0.9963114214201028, 0.9850603070175439, 0.9998459167950693, 0.9702181208053692, 0.9723270440251572, 0.9714517656609389, 0.976164011362233, 0.9672171861418105, 0.9900765523107457, 0.9312344656172328, 0.9123587400817504, 0.9307359307359307, 0.9870797792272955, 0.9965468730016627, 0.9736770321876704, 0.9561592640505965, 0.9968959523218277, 0.961205653302567, 0.9290637924551949, 0.9035146331685153, 0.8952671040299907]
val step Accs: [0.9244383934649422, 0.996771694214876, 0.8975170399221032, 0.8380561769823515, 0.8946852804310556, 0.9111077111383109, 0.9103894353860665, 0.8950573573148279, 0.9132780629030136, 0.798452012383901, 0.9403583845948115, 0.9080910049721259, 0.9339821146764861, 0.9251535494929296, 0.9228407422240021, 0.8485115766262403]
Preds: [17, 287, 111, 111, 111, 111, 293, 43, 43, 43, 364, 276, 276, 153, 153, 387, 387, 387, 42, 406, 495, 406, 406, 380, 499, 499, 284, 284, 426, 426, 426, 426, 426, 426, 426, 426, 426, 413, 348, 348, 195, 10, 10, 309, 479, 331, 331, 307, 307, 426, 426, 61, 167, 167, 35, 35, 36, 77, 478, 342, 68, 68, 115, 115, 267, 267, 448, 464, 464, 464, 464, 180, 486, 284, 265, 85, 85, 85, 240, 285, 285, 285, 34, 134, 134, 132, 132, 251, 251, 251, 241, 431, 486, 486, 460, 240, 167, 35, 77, 342, 342, 224, 224, 494, 422, 99, 99, 99, 338, 338, 338, 338, 400, 400, 400, 324, 324, 246, 246, 246, 246, 422, 99, 99, 338, 338, 338, 338, 338, 400, 400, 400, 374, 374, 374, 374, 374, 374, 132, 132, 132, 100, 497, 497, 129, 129, 129, 401, 321, 82, 208, 74, 213, 213, 213, 213, 301, 143, 129, 401, 401, 354, 354, 354, 420, 213, 213, 213, 3, 143, 399, 280, 280, 280, 280, 180, 180, 286, 213, 213, 213, 246, 246, 246, 454, 454, 229, 170, 47, 47, 47, 47, 80, 392, 187, 392, 126, 408, 408, 244, 392, 392, 392, 244, 244, 244, 316, 244, 244, 73, 73, 244, 320, 287, 66, 68, 68, 115, 115, 115, 267, 267, 213, 213, 213, 246, 246, 246, 246, 246, 246, 246, 246, 3, 3, 3, 32, 32, 354, 354, 354, 354, 354, 106, 84, 376, 376, 376, 263, 35, 35, 36, 36, 108, 68, 172, 172, 115, 267, 444, 324, 374, 374, 132, 132, 88, 43, 182, 182, 182, 182, 182, 43, 43, 276, 276, 276, 346, 346, 346, 284, 206, 460, 460, 460, 460, 263, 263, 35, 414, 414, 170, 170, 170, 47, 47, 47, 80, 47, 392, 47, 2, 2, 2, 392, 392, 392, 73, 73, 320, 320, 7, 7, 70, 473, 443, 443, 443, 252, 339, 94, 94, 398, 195, 331, 284, 495, 88, 324, 324, 236, 324, 246, 3, 246, 246, 99, 99, 338, 338, 338, 338, 338, 338, 400, 400, 324, 464, 464, 464, 355, 314, 314, 32, 239, 133, 32, 354, 354, 100, 98, 250, 250, 250, 76, 76, 32, 239, 239, 354, 445, 213, 213, 264, 171, 171, 171, 416, 32, 208, 445, 180, 464, 443, 171, 252, 314, 239, 354, 354, 354, 180, 180, 213, 213, 213, 246, 246, 246, 246, 246, 246, 454, 454, 414, 414, 170, 47, 47, 126, 126, 408, 408, 391, 391, 391, 244, 244, 73, 73, 7, 320, 7, 345, 345, 70, 276, 153, 284, 284, 387, 387, 240, 285, 35, 36, 354, 180, 287, 287, 287, 188, 324, 139, 139, 139, 139, 43, 236, 35, 36, 342, 342, 342, 9, 494, 106, 387, 43, 122, 239, 239, 208, 27, 106, 284, 443, 203, 94, 94, 398, 398, 41, 290, 207, 207, 368, 368, 453, 453, 453, 106, 301, 422, 99, 99, 338, 436, 395, 60, 106, 397, 106, 426, 98, 413, 413, 299, 219, 99, 338, 338, 338, 338, 338, 400, 400, 400, 324, 213, 324, 3, 464, 3, 143, 162, 338, 338, 338, 338, 338, 338, 395, 464, 151, 151, 240, 240, 94, 94, 241, 241, 431, 284, 376, 460, 85, 240, 146, 219, 219, 219, 464, 464, 464, 301, 301, 246, 246, 246, 246, 246, 19, 454, 229, 414, 170, 47, 47, 47, 47, 80, 80, 421, 421, 421, 140, 421, 25, 17, 98, 98, 7, 7, 7, 345, 70, 473, 42, 147, 147, 380, 380, 499, 337, 434, 19, 19, 19, 454, 454, 414, 17, 414, 264, 264, 264, 240, 240, 240]

ep507
Train step Loss: [0.21368147432804108, 0.0018778567900881171, 0.07027046382427216, 0.17831578850746155, 0.24331310391426086, 0.1873944252729416, 0.26436829566955566, 0.08691629767417908, 0.04121227189898491, 0.20457442104816437, 0.07403569668531418, 0.00946243479847908, 0.09362247586250305, 0.06344848871231079, 0.03762293606996536, 0.20563340187072754, 0.03194909170269966, 0.2605340778827667, 0.26084664463996887, 0.0798642635345459, 0.19510947167873383, 0.25145500898361206, 0.11663243174552917, 0.04989444464445114, 0.2363792210817337, 0.0018862428842112422, 0.16169697046279907, 0.12131056934595108, 0.16001544892787933, 0.06619539111852646, 0.002141845878213644, 0.08677278459072113, 0.001962578622624278, 0.06716009229421616, 0.10719326138496399, 0.24824212491512299, 0.02375819720327854, 0.0552590936422348, 0.10210994631052017, 0.3154754936695099, 0.13684089481830597, 0.06707557290792465, 0.0691637396812439, 0.15395474433898926, 0.11987846344709396, 0.21331661939620972, 0.14949412643909454, 0.1875273436307907, 0.1244097426533699, 0.28733959794044495, 0.08738435804843903, 0.1876118928194046, 0.1747559756040573, 0.002055677119642496, 0.19426915049552917, 0.06706000119447708, 0.01883655972778797, 0.13992652297019958, 0.13143466413021088, 0.14119678735733032, 0.005449964664876461, 0.0017106448067352176, 0.3634936511516571]
val step Loss: [0.16311073303222656, 0.3079732656478882, 0.657525897026062, 0.33631470799446106, 0.5781639814376831, 0.05617314577102661, 0.45022282004356384, 0.4266662299633026, 0.4191319942474365, 0.5553902983665466, 0.3529173731803894, 0.20680497586727142, 0.5072550773620605, 0.5826408267021179, 0.26313066482543945, 0.04261496290564537]
Train step Accs: [0.9429783223374175, 1.0, 0.9808926080892608, 0.952642835319279, 0.9373403254000269, 0.9482941020893944, 0.9288654701136176, 0.9759815906802819, 0.9885484830458061, 0.9446298356198245, 0.980072463768116, 0.9976747190285493, 0.9745637385388938, 0.9808347529812607, 0.9899573950091296, 0.9397056908451621, 0.9916645293665042, 0.9276395427034297, 0.9271487769014838, 0.9784540802585511, 0.9452830188679245, 0.9281212283760225, 0.9669089021541656, 0.9876453488372093, 0.9373929294502414, 1.0, 0.9583858764186634, 0.9662383816293056, 0.9540563620836892, 0.9835756596661281, 1.0, 0.975364712358932, 1.0, 0.9818346957311535, 0.9688328075709779, 0.9352328188893286, 0.9940813499559249, 0.9851661674511482, 0.9706719817767654, 0.9147084421235857, 0.9653772986683576, 0.9827003121748179, 0.9796107506950881, 0.9605948900470319, 0.9669145545606314, 0.9401542038918125, 0.959868059373282, 0.9485201290503577, 0.9649490713001797, 0.9197944912230627, 0.9750997386160407, 0.9506062539885131, 0.9497923283655021, 1.0, 0.9426498768135779, 0.9835890593729153, 0.9946959896507115, 0.9638911344651038, 0.9616125304917191, 0.9608854232172054, 0.9987426128504967, 1.0, 0.8986198243412798]
val step Accs: [0.9562448075325395, 0.9221431561322729, 0.8420380538883923, 0.9151219512195122, 0.8597899037058652, 0.9863852961198094, 0.8844879734984877, 0.8918625186795273, 0.8933489217978696, 0.8580874250030611, 0.9112291350531108, 0.9509918319719953, 0.8738098431004425, 0.868396289823901, 0.9326286116983792, 0.9894073139974779]
Preds: [17, 287, 319, 319, 61, 240, 215, 35, 35, 75, 77, 227, 238, 272, 397, 441, 441, 350, 350, 348, 348, 250, 250, 199, 250, 250, 250, 132, 88, 88, 81, 431, 284, 284, 315, 284, 284, 206, 206, 169, 215, 35, 259, 354, 114, 114, 114, 470, 264, 403, 403, 264, 264, 264, 264, 264, 264, 264, 264, 264, 264, 264, 468, 468, 468, 406, 467, 337, 337, 264, 264, 171, 330, 330, 116, 10, 479, 479, 331, 65, 307, 426, 426, 426, 413, 348, 94, 94, 199, 331, 145, 486, 460, 169, 169, 150, 150, 342, 342, 224, 224, 494, 324, 422, 99, 99, 99, 338, 338, 338, 338, 400, 400, 213, 213, 213, 246, 246, 246, 246, 246, 246, 99, 99, 99, 338, 338, 338, 400, 400, 400, 324, 360, 374, 374, 374, 42, 42, 42, 147, 456, 288, 337, 420, 324, 324, 324, 246, 301, 301, 301, 143, 259, 196, 196, 473, 398, 360, 360, 360, 434, 434, 434, 434, 318, 77, 77, 342, 342, 342, 115, 168, 267, 267, 339, 339, 33, 398, 398, 398, 398, 398, 464, 468, 245, 245, 42, 43, 43, 441, 153, 153, 153, 387, 387, 122, 122, 122, 81, 398, 398, 398, 398, 464, 464, 464, 315, 315, 282, 282, 282, 282, 282, 263, 263, 263, 229, 259, 247, 312, 312, 126, 23, 23, 23, 23, 23, 23, 23, 23, 260, 101, 101, 101, 101, 149, 149, 321, 320, 320, 7, 276, 276, 153, 346, 346, 346, 346, 206, 206, 206, 206, 167, 35, 192, 445, 445, 351, 139, 139, 139, 139, 293, 293, 122, 186, 162, 54, 224, 224, 273, 494, 497, 175, 175, 81, 81, 443, 443, 443, 330, 388, 94, 199, 199, 331, 290, 290, 290, 434, 368, 368, 453, 453, 168, 168, 278, 278, 99, 99, 338, 436, 436, 395, 395, 106, 139, 139, 293, 293, 413, 122, 77, 77, 478, 342, 68, 342, 115, 273, 267, 267, 267, 444, 213, 246, 246, 246, 246, 19, 454, 454, 454, 414, 170, 237, 237, 249, 249, 47, 20, 249, 47, 20, 47, 80, 73, 289, 321, 320, 287, 287, 287, 268, 268, 206, 206, 206, 169, 215, 35, 35, 259, 259, 441, 148, 148, 153, 153, 153, 387, 372, 372, 372, 467, 467, 467, 467, 245, 245, 245, 43, 43, 276, 473, 65, 65, 46, 46, 438, 146, 438, 219, 219, 464, 464, 286, 468, 468, 337, 337, 337, 464, 464, 464, 180, 315, 486, 315, 460, 460, 460, 169, 349, 349, 349, 234, 234, 261, 25, 25, 499, 499, 265, 265, 376, 376, 85, 460, 263, 263, 263, 263, 414, 414, 414, 414, 312, 312, 312, 15, 15, 292, 292, 23, 12, 12, 260, 163, 391, 244, 391, 244, 244, 73, 244, 320, 320, 287, 287, 287, 287, 287, 265, 265, 265, 85, 85, 85, 85, 85, 146, 207, 207, 207, 19, 19, 193, 254, 403, 438, 438, 438, 438, 438, 438, 438, 438, 438, 438, 438, 438, 438, 438, 438, 438, 438, 438, 438, 438, 438, 438, 438, 438, 438, 438, 438, 438, 438, 438, 438, 438, 438, 438, 438, 438, 438, 438, 438, 438, 438, 438, 438, 438, 438, 438, 438, 438, 438, 438, 438, 438, 438, 438, 438, 438, 438, 438, 438, 438, 438, 438, 438, 438, 438, 438, 438, 438, 438, 438, 438, 438, 438, 438, 438, 438, 438, 438, 438, 438, 438, 438, 438, 438, 438, 438, 438, 438, 438, 438, 438, 438, 438, 438, 438, 438, 438, 438, 438, 438, 438, 438, 438, 438, 438, 438, 438, 438, 438, 438, 438, 438, 438, 438, 438, 438, 438, 438, 438, 438]

ep508
Train step Loss: [0.12411297112703323, 0.24914342164993286, 0.19389311969280243, 0.13243252038955688, 0.3039790689945221, 0.06324603408575058, 0.10878077149391174, 0.06426658481359482, 0.24655218422412872, 0.25900429487228394, 0.0016757079865783453, 0.17291311919689178, 0.044947296380996704, 0.1713016927242279, 0.23944786190986633, 0.0018192703137174249, 0.28422456979751587, 0.16626189649105072, 0.1001422107219696, 0.34402957558631897, 0.2007499486207962, 0.043134380131959915, 0.08117169886827469, 0.0816599503159523, 0.056840285658836365, 0.1963183432817459, 0.15916645526885986, 0.04244723916053772, 0.0018263821257278323, 0.030074480921030045, 0.06858651340007782, 0.08457310497760773, 0.3502451777458191, 0.024043627083301544, 0.21857576072216034, 0.18789789080619812, 0.18662837147712708, 0.1412016898393631, 0.10533727705478668, 0.09647991508245468, 0.18755583465099335, 0.2717435359954834, 0.32979145646095276, 0.10569159686565399, 0.16442331671714783, 0.026181168854236603, 0.18868814408779144, 0.23788894712924957, 0.0018624586518853903, 0.18645180761814117, 0.27614471316337585, 0.16243405640125275, 0.22176076471805573, 0.0638088807463646, 0.20022962987422943, 0.21090473234653473, 0.09568928927183151, 0.06339364498853683, 0.18725313246250153, 0.11759446561336517, 0.0915539339184761, 0.0027536714915186167, 0.13742218911647797]
val step Loss: [0.5699989199638367, 0.6561222076416016, 0.3885764181613922, 0.18040738999843597, 0.14305970072746277, 0.20178546011447906, 0.38094332814216614, 0.17092953622341156, 0.4593322277069092, 0.21215514838695526, 0.36231350898742676, 0.5547526478767395, 0.5530406832695007, 0.32337889075279236, 0.37443211674690247, 0.6658138036727905]
Train step Accs: [0.9657808974680371, 0.9353708117201739, 0.9464243004066013, 0.9659771366358193, 0.9160500853727945, 0.9812895409880199, 0.9702429702429702, 0.9814296616636988, 0.9318342525809645, 0.9312829038514824, 1.0, 0.9492658626114315, 0.988013698630137, 0.9520647988314965, 0.9342339667458432, 1.0, 0.924379075898432, 0.9533919597989949, 0.9725469591488244, 0.9025850737549291, 0.9461203872597166, 0.9887908084629397, 0.9778087927424982, 0.9796576531877946, 0.9841768013600105, 0.9448873968387187, 0.957018927444795, 0.9896300089617206, 1.0, 0.9933134158486271, 0.9805764411027569, 0.9757434562148828, 0.9013527891776866, 0.9924792861695347, 0.940296477628179, 0.9518488959829742, 0.9465255535440746, 0.9636409227683049, 0.9711860046308207, 0.9739041196305527, 0.9472676388275151, 0.9284912017970798, 0.9148881460529699, 0.972879177377892, 0.9587210064211767, 0.9932762030323006, 0.947255880256593, 0.9340966210555711, 1.0, 0.9483011130638547, 0.9216701173222912, 0.9546982121252856, 0.9390487917500385, 0.9828080229226361, 0.9465122332118688, 0.9452157598499062, 0.9747178974432223, 0.982870303728228, 0.9511971738846002, 0.972953216374269, 0.9745413170246053, 0.9998754204559611, 0.9621689785624212]
val step Accs: [0.8603151862464183, 0.832029696407265, 0.9076613410491886, 0.9574952561669829, 0.9619299958164831, 0.9471036170791406, 0.9067947838023336, 0.9614208764012229, 0.8860610806577917, 0.9431047475508666, 0.9120808804709496, 0.8589973760530314, 0.8605384110308602, 0.9177805408765931, 0.9113680154142582, 0.8491841491841492]
Preds: [17, 17, 251, 251, 251, 251, 241, 431, 486, 486, 460, 169, 169, 35, 77, 342, 342, 224, 168, 494, 494, 422, 99, 99, 338, 338, 338, 338, 338, 400, 400, 400, 30, 324, 324, 464, 464, 464, 464, 355, 111, 111, 111, 438, 438, 219, 219, 219, 219, 464, 464, 464, 464, 222, 255, 43, 43, 43, 43, 276, 276, 345, 109, 109, 109, 41, 324, 246, 246, 246, 246, 3, 3, 197, 197, 197, 82, 197, 7, 7, 217, 473, 473, 398, 398, 360, 464, 464, 464, 464, 315, 315, 315, 319, 426, 426, 450, 450, 450, 450, 43, 43, 250, 276, 276, 276, 276, 346, 346, 346, 426, 426, 426, 426, 426, 284, 284, 284, 265, 265, 85, 85, 299, 299, 406, 406, 406, 406, 406, 42, 217, 473, 473, 291, 275, 275, 275, 275, 37, 37, 24, 8, 239, 354, 354, 106, 100, 255, 169, 349, 349, 349, 234, 234, 261, 261, 25, 148, 148, 148, 148, 148, 153, 153, 182, 182, 387, 372, 406, 406, 406, 406, 406, 406, 406, 134, 134, 302, 98, 98, 98, 98, 98, 13, 78, 82, 170, 170, 170, 82, 170, 28, 28, 28, 187, 187, 187, 12, 12, 23, 23, 23, 260, 260, 391, 249, 244, 244, 73, 249, 73, 73, 73, 73, 244, 320, 354, 420, 213, 213, 213, 213, 213, 252, 422, 143, 36, 36, 259, 310, 310, 310, 323, 323, 323, 395, 395, 374, 374, 374, 132, 132, 182, 182, 182, 98, 98, 98, 13, 13, 414, 170, 82, 170, 170, 170, 244, 2, 2, 2, 2, 2, 2, 102, 244, 244, 163, 316, 73, 73, 244, 289, 244, 287, 287, 287, 111, 111, 111, 240, 251, 251, 251, 81, 106, 302, 88, 274, 274, 122, 314, 32, 239, 401, 82, 384, 371, 180, 443, 151, 460, 240, 178, 35, 35, 401, 401, 270, 66, 172, 172, 273, 273, 273, 499, 284, 486, 460, 460, 169, 271, 271, 150, 150, 342, 232, 232, 232, 68, 68, 172, 115, 267, 267, 267, 267, 324, 324, 3, 3, 14, 440, 188, 188, 188, 120, 120, 271, 271, 143, 82, 270, 270, 433, 433, 172, 172, 97, 336, 483, 106, 287, 284, 284, 284, 306, 306, 306, 468, 59, 313, 59, 303, 303, 48, 263, 17, 83, 83, 403, 438, 438, 438, 438, 438, 438, 438, 438, 438, 438, 438, 438, 438, 438, 438, 438, 438, 438, 438, 438, 438, 438, 438, 438, 438, 438, 438, 438, 438, 438, 438, 438, 438, 438, 438, 438, 438, 438, 438, 438, 438, 438, 438, 438, 438, 438, 438, 438, 438, 438, 438, 438, 438, 438, 438, 438, 438, 438, 438, 438, 438, 438, 438, 438, 438, 438, 438, 438, 438, 438, 438, 438, 438, 438, 438, 438, 438, 438, 438, 438, 438, 438, 438, 438, 438, 438, 438, 438, 438, 438, 438, 438, 438, 438, 438, 438, 438, 438, 438, 438, 438, 438, 438, 438, 438, 438, 438, 438, 438, 438, 438, 438, 438, 438, 438, 438, 438, 438, 438, 438, 438, 438, 438, 438, 438, 438, 438, 438, 438, 438, 438, 438, 438, 438, 438, 438, 438, 438, 438, 438, 438, 438, 438, 438, 438, 438, 438, 438, 438, 438, 438, 438, 438, 438, 438, 438, 438, 438, 438, 438, 438, 438, 438, 438, 438, 438, 438, 438, 438, 438, 438, 438, 438, 438, 438, 438, 438, 438, 438, 438, 438, 438, 438, 438, 438, 438, 438, 438, 438, 438, 438, 438, 438, 438, 438, 438, 438, 438, 438, 438, 438, 438, 438, 438, 438, 438, 438, 438, 438, 438, 438, 438, 438, 438, 438, 438, 438, 438, 438, 438]

ep509
Train step Loss: [0.046902649104595184, 0.22362519800662994, 0.19902150332927704, 0.18738409876823425, 0.1539868265390396, 0.13272309303283691, 0.24533110857009888, 0.0018951912643387914, 0.16325052082538605, 0.09115030616521835, 0.0390191525220871, 0.1029704362154007, 0.28975483775138855, 0.1767539381980896, 0.1096673533320427, 0.19352972507476807, 0.22111107409000397, 0.13731253147125244, 0.00532341655343771, 0.16835904121398926, 0.06925032287836075, 0.10897128283977509, 0.058611251413822174, 0.0784001424908638, 0.14340652525424957, 0.035955559462308884, 0.03746306523680687, 0.032805196940898895, 0.031283218413591385, 0.51311194896698, 0.1997637152671814, 0.017972534522414207, 0.027869362384080887, 0.11414455622434616, 0.09482704848051071, 0.12067636102437973, 0.06220956891775131, 0.09935054928064346, 0.051034510135650635, 0.45800119638442993, 0.07423627376556396, 0.13675476610660553, 0.011487678624689579, 0.3111841678619385, 0.12835928797721863, 0.07808320224285126, 0.13974623382091522, 0.21669456362724304, 0.0988825112581253, 0.20157727599143982, 0.1554446816444397, 0.08474760502576828, 0.14295899868011475, 0.2231282889842987, 0.050316084176301956, 0.2754283547401428, 0.20601800084114075, 0.30476319789886475, 0.20252679288387299, 0.06580229848623276, 0.05975491181015968, 0.24329350888729095, 0.0017421009251847863]
val step Loss: [0.6356658339500427, 0.17907185852527618, 0.1697024255990982, 0.5747939348220825, 0.006254334468394518, 0.37970393896102905, 0.49819469451904297, 0.4762793481349945, 0.38681477308273315, 0.1552286446094513, 0.5750859975814819, 0.2508823871612549, 0.33387088775634766, 0.7353906035423279, 0.3342026174068451, 0.6130744218826294]
Train step Accs: [0.9862371888726208, 0.9412688442211056, 0.9467592592592593, 0.9463782953672895, 0.9547498594716133, 0.9652856961864944, 0.9325800844300969, 1.0, 0.9530556748246743, 0.9753654574986464, 0.9899190685787307, 0.9729955456570156, 0.9222543352601156, 0.9544367880748137, 0.9712643678160919, 0.9480671612651308, 0.9401447320004906, 0.9616316124920331, 0.998960498960499, 0.9544117647058824, 0.9800879550451991, 0.9688233759457344, 0.9839401910563478, 0.9779639175257732, 0.9632064913262451, 0.9906969410280668, 0.9911365260900643, 0.9910922897196262, 0.9912602913236226, 0.8586413586413586, 0.9447282252783236, 0.9948896921351116, 0.9921601567968641, 0.9682966147232671, 0.9729898712017007, 0.9677840661732695, 0.9816691505216095, 0.970137420718816, 0.9858249305860003, 0.8821904044209997, 0.9789312125017441, 0.9632776497695853, 0.9964704221375124, 0.9152542372881356, 0.966812865497076, 0.9781133120930877, 0.9592088998763906, 0.9428776978417266, 0.9733160621761658, 0.9440126655152562, 0.9607348198008694, 0.9777693570797019, 0.9606389776357828, 0.9422803974136571, 0.9861561119293079, 0.9255172413793104, 0.9417982155113246, 0.9155997513983841, 0.944993733463306, 0.981620931716656, 0.9836820634293986, 0.9331081958695935, 1.0]
val step Accs: [0.8365869424692954, 0.9573654807409585, 0.9562378438455127, 0.8559430604982207, 0.9994808565866321, 0.9047688281477173, 0.8797429242368063, 0.8877537824906246, 0.9025744573447754, 0.9571936542669585, 0.8565051857686753, 0.9363750523231478, 0.9118227348611322, 0.8232490974729242, 0.925194660734149, 0.8454194969708096]
Preds: [17, 17, 196, 309, 479, 479, 398, 398, 360, 360, 360, 252, 252, 35, 259, 164, 127, 420, 41, 324, 213, 213, 360, 246, 246, 19, 19, 19, 454, 454, 454, 454, 78, 78, 82, 170, 170, 170, 170, 237, 237, 237, 237, 237, 237, 28, 237, 341, 341, 341, 12, 12, 12, 12, 12, 341, 244, 341, 341, 341, 63, 244, 163, 163, 63, 63, 63, 392, 63, 63, 63, 63, 63, 392, 244, 163, 73, 73, 289, 289, 321, 321, 320, 287, 287, 287, 284, 284, 284, 284, 284, 486, 443, 330, 330, 330, 388, 388, 379, 243, 243, 197, 414, 414, 414, 197, 197, 197, 197, 197, 7, 7, 7, 7, 309, 479, 331, 331, 331, 315, 315, 315, 315, 460, 450, 167, 167, 457, 457, 196, 473, 398, 398, 324, 324, 171, 171, 171, 171, 171, 171, 171, 171, 434, 434, 3, 3, 197, 259, 188, 188, 340, 121, 322, 399, 399, 250, 345, 65, 65, 174, 319, 319, 388, 94, 199, 331, 145, 145, 145, 264, 264, 264, 468, 468, 443, 443, 443, 169, 150, 150, 342, 342, 342, 342, 342, 115, 267, 267, 267, 267, 267, 324, 324, 464, 464, 464, 356, 50, 271, 271, 31, 31, 342, 232, 232, 86, 86, 68, 336, 273, 27, 437, 499, 499, 499, 306, 306, 85, 146, 146, 59, 59, 59, 452, 452, 263, 414, 414, 414, 414, 414, 47, 47, 47, 47, 80, 244, 321, 320, 320, 345, 100, 100, 100, 497, 132, 122, 122, 122, 216, 310, 384, 371, 180, 180, 443, 443, 486, 486, 443, 240, 240, 240, 285, 34, 134, 134, 88, 88, 134, 313, 285, 285, 34, 41, 324, 324, 324, 324, 246, 246, 246, 246, 324, 3, 3, 464, 14, 440, 145, 145, 145, 265, 265, 306, 85, 85, 85, 85, 299, 468, 468, 406, 406, 406, 467, 467, 337, 337, 337, 324, 324, 324, 324, 19, 301, 173, 259, 354, 354, 106, 355, 376, 376, 376, 376, 376, 193, 403, 403, 438, 438, 438, 438, 438, 438, 438, 438, 438, 438, 438, 438, 438, 438, 438, 438, 438, 438, 438, 438, 438, 438, 438, 438, 438, 438, 438, 438, 438, 438, 438, 438, 438, 438, 438, 438, 438, 438, 438, 438, 438, 438, 438, 438, 438, 438, 438, 438, 438, 438, 438, 438, 438, 438, 438, 438, 438, 438, 438, 438, 438, 438, 438, 438, 438, 438, 438, 438, 438, 438, 438, 438, 438, 438, 438, 438, 438, 438, 438, 438, 438, 438, 438, 438, 438, 438, 438, 438, 438, 438, 438, 438, 438, 438, 438, 438, 438, 438, 438, 438, 438, 438, 438, 438, 438, 438, 438, 438, 438, 438, 438, 438, 438, 438, 438, 438, 438, 438, 438, 438, 438, 438, 438, 438, 438, 438, 438, 438, 438, 438, 438, 438, 438, 438, 438, 438, 438, 438, 438, 438, 438, 438, 438, 438, 438, 438, 438, 438, 438, 438, 438, 438, 438, 438, 438, 438, 438, 438, 438, 438, 438, 438, 438, 438, 438, 438, 438, 438, 438, 438, 438, 438, 438, 438, 438, 438, 438, 438, 438, 438, 438, 438, 438, 438, 438, 438, 438, 438, 438, 438, 438, 438, 438, 438, 438, 438, 438, 438, 438, 438, 438, 438, 438, 438, 438, 438, 438, 438, 438, 438, 438, 438, 438, 438, 438, 438, 438, 438, 438, 438, 438, 438, 438, 438, 438, 438, 438, 438, 438, 438, 438, 438, 438, 438, 438, 438, 438, 438, 438, 438, 438, 438, 438, 438, 438, 438, 438, 438, 438, 438, 438, 438, 438, 438, 438, 438, 438, 438, 438, 438, 438, 438, 438, 438, 438, 438, 438, 438, 438]

ep510
Train step Loss: [0.17554615437984467, 0.14737564325332642, 0.10345901548862457, 0.12057206779718399, 0.1315021812915802, 0.0200186874717474, 0.1079462543129921, 0.20346930623054504, 0.17229972779750824, 0.23730328679084778, 0.2349925935268402, 0.10126139223575592, 0.24680228531360626, 0.06161494180560112, 0.2712360918521881, 0.17977003753185272, 0.3263823986053467, 0.1580878496170044, 0.17127899825572968, 0.00188248825725168, 0.0018572666449472308, 0.23536843061447144, 0.24529901146888733, 0.15365779399871826, 0.04748210683465004, 0.1312612146139145, 0.18345634639263153, 0.1496313363313675, 0.2836107015609741, 0.15379245579242706, 0.1750328689813614, 0.15229718387126923, 0.10690667480230331, 0.12898993492126465, 0.13525280356407166, 0.21061715483665466, 0.07947897166013718, 0.14484475553035736, 0.043433960527181625, 0.5232563018798828, 0.32570135593414307, 0.14470165967941284, 0.0968017652630806, 0.1629650890827179, 0.018325528129935265, 0.2367243617773056, 0.0024589253589510918, 0.14286412298679352, 0.36242568492889404, 0.2834869921207428, 0.10551825165748596, 0.0606219619512558, 0.25326845049858093, 0.10660908371210098, 0.27376580238342285, 0.0510501004755497, 0.09802176803350449, 0.10672520101070404, 0.09257335215806961, 0.18923699855804443, 0.011898929253220558, 0.11194208264350891, 0.060780808329582214]
val step Loss: [0.7462558746337891, 0.6340743899345398, 0.25505125522613525, 0.310099720954895, 0.422029048204422, 0.43354305624961853, 0.1845775991678238, 0.590297281742096, 0.2644406855106354, 0.16371625661849976, 0.14021553099155426, 0.14489181339740753, 0.33288809657096863, 0.4911504089832306, 0.44845283031463623, 0.5759563446044922]
Train step Accs: [0.952073606152156, 0.96012832263978, 0.9716364716364716, 0.9669400307534598, 0.9639673571876962, 0.9949157466589192, 0.9687929612317845, 0.9465247667849166, 0.9565505364949, 0.9324114912385266, 0.9376744186046512, 0.9713728041639558, 0.9304528350849877, 0.9834325653637069, 0.9216589861751152, 0.9509887176998666, 0.9080005451819545, 0.9562469013386217, 0.9512342874451007, 1.0, 1.0, 0.9351516838296688, 0.9342795038997571, 0.9584821978563509, 0.9875462392108508, 0.9613538461538461, 0.9498528690534576, 0.9600271002710027, 0.9209063702436939, 0.9603812117086453, 0.9520205842288482, 0.9598769951676673, 0.9719821942916994, 0.9656267255659856, 0.962744847010626, 0.9421499096092337, 0.9809426825720104, 0.9600583090379009, 0.9882985877605918, 0.8542336548767417, 0.9104791258055478, 0.9599813142323264, 0.9731508291655699, 0.9533455305802404, 0.9949456659085165, 0.9333333333333333, 0.9998403321092129, 0.9613550201785496, 0.8981170632024522, 0.9251476445543194, 0.970518373620232, 0.9847290023782701, 0.9326936846627524, 0.9731833910034602, 0.9259481337130865, 0.9878220140515223, 0.9722222222222222, 0.9711881693013769, 0.9747122955784373, 0.9489737742303307, 0.9967178679270053, 0.9698144558294102, 0.9826145101972584]
val step Accs: [0.8187884338610494, 0.8467503172141548, 0.9353085077466703, 0.9253968253968254, 0.8949489521762494, 0.8953198904655215, 0.9548309901286269, 0.856264122520713, 0.9309939803259434, 0.9592088998763906, 0.9649049798862533, 0.9601669195751138, 0.9169388044867244, 0.8777932079282919, 0.8920295390883626, 0.8454773869346733]
Preds: [17, 17, 7, 212, 384, 445, 180, 180, 443, 330, 330, 457, 457, 35, 127, 114, 114, 361, 443, 443, 330, 330, 330, 240, 35, 239, 29, 420, 420, 398, 360, 360, 360, 360, 360, 434, 318, 186, 186, 186, 162, 162, 482, 482, 482, 482, 115, 273, 273, 273, 273, 151, 432, 330, 330, 146, 299, 219, 219, 219, 324, 324, 477, 477, 477, 374, 132, 43, 43, 43, 364, 364, 276, 364, 276, 345, 345, 345, 132, 219, 477, 477, 152, 374, 301, 422, 143, 349, 205, 259, 25, 287, 287, 284, 284, 284, 284, 206, 206, 206, 413, 203, 8, 364, 276, 276, 346, 346, 499, 306, 306, 468, 468, 406, 406, 467, 467, 376, 376, 376, 376, 460, 460, 460, 263, 263, 263, 13, 414, 170, 82, 170, 170, 170, 28, 341, 341, 341, 20, 341, 341, 341, 341, 163, 341, 391, 391, 391, 140, 321, 321, 412, 287, 287, 287, 460, 253, 169, 150, 150, 150, 323, 224, 224, 494, 494, 494, 494, 186, 99, 99, 99, 338, 338, 338, 338, 400, 400, 400, 444, 213, 171, 246, 246, 246, 246, 246, 246, 99, 99, 99, 338, 338, 338, 400, 400, 400, 400, 290, 360, 434, 339, 434, 250, 250, 250, 497, 497, 497, 122, 259, 280, 192, 420, 420, 420, 213, 301, 301, 143, 458, 192, 354, 420, 420, 213, 213, 213, 246, 246, 374, 374, 301, 173, 280, 280, 41, 41, 41, 246, 246, 246, 19, 19, 19, 454, 454, 454, 414, 82, 320, 320, 7, 7, 309, 309, 398, 398, 398, 398, 360, 360, 360, 286, 286, 464, 464, 464, 464, 330, 330, 330, 203, 203, 399, 250, 250, 250, 250, 276, 276, 346, 174, 426, 426, 350, 413, 274, 219, 219, 464, 464, 340, 116, 116, 116, 43, 43, 276, 276, 276, 138, 153, 387, 387, 497, 175, 175, 175, 464, 464, 331, 180, 376, 376, 376, 376, 376, 460, 452, 263, 263, 13, 78, 78, 170, 170, 170, 140, 28, 2, 392, 244, 392, 392, 392, 392, 392, 244, 392, 73, 244, 73, 321, 320, 320, 7, 7, 241, 241, 431, 106, 153, 153, 182, 182, 182, 182, 182, 182, 497, 497, 122, 122, 122, 129, 197, 259, 259, 411, 437, 437, 437, 284, 481, 481, 405, 206, 206, 206, 167, 35, 35, 35, 77, 478, 66, 172, 172, 172, 115, 273, 267, 267, 485, 286, 374, 374, 374, 374, 132, 33, 368, 49, 49, 453, 323, 219, 107, 395, 395, 395, 286, 464, 264, 264, 264, 120, 120, 120, 240, 240, 385, 457, 457, 364, 364, 43, 248, 394, 394, 212, 212, 161, 161, 487, 487, 374, 374, 374, 116, 33, 132, 132, 98, 193, 17, 83, 403, 403, 438, 438, 438, 438, 438, 438, 438, 438, 438, 438, 438, 438, 438, 438, 438, 438, 438, 438, 438, 438, 438, 438, 438, 438, 438, 438, 438, 438, 438, 438, 438, 438, 438, 438, 438, 438, 438, 438, 438, 438, 438, 438, 438, 438, 438, 438, 438, 438, 438, 438, 438, 438, 438, 438, 438, 438, 438, 438, 438, 438, 438, 438, 438, 438, 438, 438, 438, 438, 438, 438, 438, 438, 438, 438, 438, 438, 438, 438, 438, 438, 438, 438, 438, 438, 438, 438, 438, 438, 438, 438, 438, 438, 438, 438, 438, 438, 438, 438, 438, 438, 438, 438, 438, 438, 438, 438, 438, 438, 438, 438, 438, 438, 438, 438, 438, 438, 438, 438, 438, 438, 438, 438, 438, 438, 438, 438, 438, 438, 438, 438, 438, 438, 438, 438, 438, 438, 438, 438, 438, 438, 438, 438, 438, 438, 438, 438, 438, 438, 438, 438]

ep511
Train step Loss: [0.4299328625202179, 0.024013228714466095, 0.17200212180614471, 0.16007691621780396, 0.023710645735263824, 0.1595798134803772, 0.12148363143205643, 0.058610379695892334, 0.0024656953755766153, 0.28779178857803345, 0.0019083524821326137, 0.16576163470745087, 0.027316264808177948, 0.02135017327964306, 0.13135138154029846, 0.13076016306877136, 0.23040778934955597, 0.08334719389677048, 0.23011071979999542, 0.023336993530392647, 0.2190060168504715, 0.15093837678432465, 0.02901499904692173, 0.05986534059047699, 0.0163906030356884, 0.04179561138153076, 0.1087251752614975, 0.4550590217113495, 0.0020932697225362062, 0.037624798715114594, 0.12127529084682465, 0.0017793492879718542, 0.10956691950559616, 0.19811773300170898, 0.0017712608678266406, 0.07654844224452972, 0.16728618741035461, 0.22665861248970032, 0.08370809257030487, 0.06236216425895691, 0.19508293271064758, 0.19123360514640808, 0.2541806697845459, 0.08132582902908325, 0.07910162210464478, 0.05906229466199875, 0.02395176887512207, 0.14533241093158722, 0.18252204358577728, 0.08562982827425003, 0.10886871069669724, 0.07625951617956161, 0.24192208051681519, 0.17341233789920807, 0.10030904412269592, 0.11143289506435394, 0.07586494833230972, 0.22771747410297394, 0.20063908398151398, 0.05100526288151741, 0.236232191324234, 0.19454169273376465, 0.22239957749843597]
val step Loss: [0.31447434425354004, 0.15833155810832977, 0.7631780505180359, 0.35576319694519043, 0.6386466026306152, 0.4509586691856384, 0.17855079472064972, 0.21547454595565796, 0.22629167139530182, 0.4683062434196472, 0.5394542813301086, 0.4031509757041931, 0.70098876953125, 0.16051916778087616, 0.11094431579113007, 0.2731096148490906]
Train step Accs: [0.8853321310489931, 0.9938080495356038, 0.9517762876301897, 0.9553485823859745, 0.9930939226519337, 0.9569157836029002, 0.9667427918926634, 0.9835745013687915, 0.9998691613240874, 0.9217719132893497, 1.0, 0.9572913739814555, 0.9924289437755989, 0.994629290018339, 0.9659463894967177, 0.9627472229748035, 0.9343133359819892, 0.9758327890267798, 0.9359220636663008, 0.9939759036144579, 0.9404310753197537, 0.9558089807555239, 0.9933460076045627, 0.9829706717123936, 0.9960010319917441, 0.9900304624757685, 0.9700569766032247, 0.8702617651265914, 1.0, 0.9914518844709235, 0.9644187008688456, 1.0, 0.9710967044840627, 0.9446594427244582, 1.0, 0.9778276033881415, 0.9545388314148332, 0.936774661508704, 0.9755694948827996, 0.9805304740406321, 0.9507362047612495, 0.9464383561643835, 0.9337587747287811, 0.9802454354983537, 0.9781388125671963, 0.9822179991855572, 0.9937746735499544, 0.9592878829699144, 0.9497913581908736, 0.9765731408335603, 0.9704716860539435, 0.9784096893101633, 0.9344176968119714, 0.957632398753894, 0.9720612275226631, 0.9695657552888779, 0.9789590254706534, 0.9389573922597974, 0.9425863236289777, 0.9863927777050896, 0.9387616854084813, 0.9456900153182008, 0.9367219917012448]
val step Accs: [0.9214445762488467, 0.9610563465985152, 0.8148406606187485, 0.9163297045101089, 0.840473061760841, 0.8922720247295208, 0.9531355817418393, 0.940980881130507, 0.9397733263046916, 0.8833162743091095, 0.873369793857804, 0.8977414438132187, 0.8252197874294712, 0.9581956797966963, 0.9736013199340033, 0.9337964854924398]
Preds: [17, 17, 30, 324, 422, 143, 164, 164, 164, 14, 287, 287, 145, 111, 111, 111, 330, 438, 438, 335, 14, 14, 14, 411, 287, 145, 145, 486, 486, 428, 85, 85, 299, 207, 207, 19, 19, 454, 454, 454, 56, 56, 56, 170, 312, 312, 187, 187, 187, 1, 1, 1, 1, 408, 408, 391, 391, 228, 228, 321, 321, 320, 287, 287, 287, 287, 284, 284, 284, 284, 284, 284, 426, 426, 426, 450, 293, 293, 293, 122, 349, 349, 349, 234, 234, 234, 261, 25, 25, 106, 346, 346, 426, 480, 480, 85, 85, 299, 388, 388, 116, 10, 398, 398, 398, 398, 464, 464, 464, 139, 315, 315, 315, 315, 426, 450, 450, 450, 450, 413, 413, 250, 250, 43, 276, 346, 346, 284, 284, 284, 284, 426, 426, 426, 426, 426, 426, 413, 413, 413, 43, 43, 276, 276, 346, 346, 499, 428, 428, 146, 240, 240, 285, 285, 406, 337, 337, 324, 324, 422, 368, 31, 162, 232, 232, 172, 115, 115, 267, 267, 267, 267, 324, 3, 3, 3, 188, 188, 464, 464, 120, 120, 271, 271, 31, 162, 232, 232, 232, 232, 172, 172, 115, 273, 273, 273, 273, 151, 84, 84, 84, 355, 355, 355, 452, 452, 452, 263, 263, 414, 414, 170, 170, 170, 170, 28, 28, 244, 2, 2, 2, 2, 2, 2, 2, 63, 63, 63, 63, 63, 63, 63, 63, 63, 244, 321, 249, 249, 249, 249, 320, 7, 7, 345, 153, 497, 497, 497, 122, 122, 216, 58, 58, 110, 110, 110, 443, 443, 486, 460, 240, 240, 285, 285, 285, 300, 134, 134, 88, 88, 88, 42, 42, 42, 147, 380, 288, 288, 213, 213, 213, 246, 246, 246, 246, 246, 246, 246, 19, 19, 19, 454, 454, 454, 454, 414, 170, 170, 170, 170, 28, 40, 40, 40, 40, 2, 40, 40, 63, 63, 63, 63, 2, 63, 63, 2, 63, 244, 63, 63, 63, 63, 63, 63, 63, 63, 63, 63, 244, 73, 73, 321, 102, 102, 320, 7, 7, 7, 152, 152, 152, 152, 374, 374, 378, 378, 43, 43, 43, 276, 276, 346, 346, 346, 284, 284, 284, 284, 284, 405, 405, 206, 206, 206, 206, 206, 167, 35, 35, 259, 259, 74, 437, 437, 437, 284, 284, 284, 284, 284, 284, 426, 426, 426, 426, 426, 426, 426, 206, 282, 282, 388, 388, 348, 94, 199, 467, 337, 337, 264, 207, 207, 464, 464, 468, 468, 467, 467, 467, 467, 245, 245, 497, 349, 349, 349, 155, 155, 155, 155, 441, 148, 148, 148, 153, 153, 182, 182, 182, 182, 182, 182, 182, 182, 182, 497, 497, 497, 43, 43, 276, 70, 70, 65, 46, 46, 46, 428, 146, 146, 146, 146, 219, 219, 464, 464, 286, 374, 374, 374, 132, 337, 324, 324, 464, 464, 355, 355, 355, 355, 263, 263, 17, 83, 83, 403, 403, 403, 438, 438, 438, 438, 438, 438, 438, 438, 438, 438, 438, 438, 438, 438, 438, 438, 438, 438, 438, 438, 438, 438, 438, 438, 438, 438, 438, 438, 438, 438, 438, 438, 438, 438, 438, 438, 438, 438, 438, 438, 438, 438, 438, 438, 438, 438, 438, 438, 438, 438, 438, 438, 438, 438, 438, 438, 438, 438, 438, 438, 438, 438, 438, 438, 438, 438, 438, 438, 438, 438, 438, 438, 438, 438, 438, 438, 438, 438, 438, 438, 438, 438, 438, 438, 438, 438, 438, 438, 438, 438, 438, 438, 438, 438, 438, 438, 438, 438, 438, 438, 438, 438, 438, 438, 438, 438, 438, 438, 438, 438, 438, 438, 438, 438, 438, 438, 438, 438, 438, 438, 438, 438]

ep512
Train step Loss: [0.0018999611493200064, 0.21355347335338593, 0.028614191338419914, 0.23333056271076202, 0.03533656895160675, 0.1453283727169037, 0.03958131745457649, 0.21793654561042786, 0.0019064913503825665, 0.1439959555864334, 0.0017359384801238775, 0.03066929429769516, 0.0788675919175148, 0.10265988856554031, 0.1945110261440277, 0.15045908093452454, 0.011321295984089375, 0.09529178589582443, 0.01382873672991991, 0.23786015808582306, 0.009818918071687222, 0.09524133801460266, 0.132421612739563, 0.10981103777885437, 0.006410512141883373, 0.06272085011005402, 0.04440004378557205, 0.08993489295244217, 0.13639578223228455, 0.16181471943855286, 0.090423583984375, 0.05652133375406265, 0.09304721653461456, 0.1666857898235321, 0.4350881278514862, 0.2811122536659241, 0.08640196919441223, 0.2671419382095337, 0.05762302502989769, 0.10811050981283188, 0.173081174492836, 0.32855191826820374, 0.08974005281925201, 0.22764207422733307, 0.2127300649881363, 0.16226330399513245, 0.1774258315563202, 0.11810830980539322, 0.2453712821006775, 0.1391642838716507, 0.060940466821193695, 0.08443523943424225, 0.3162009119987488, 0.10424315929412842, 0.09246928244829178, 0.05474171042442322, 0.09555160999298096, 0.22663161158561707, 0.035965193063020706, 0.24410183727741241, 0.0018124274211004376, 0.05503540858626366, 0.056057266891002655]
val step Loss: [0.38128888607025146, 0.10307561606168747, 0.27800849080085754, 0.6618943214416504, 0.4149438738822937, 0.18260225653648376, 0.23512449860572815, 0.6003808975219727, 0.40057072043418884, 0.4544494152069092, 0.5727047324180603, 0.38992029428482056, 0.1091950461268425, 0.40242800116539, 0.07073512673377991, 0.2514275014400482]
Train step Accs: [1.0, 0.941946499715424, 0.9930441898527005, 0.9347584332138885, 0.9904293499933537, 0.9612756264236902, 0.9890255189739522, 0.9429280397022333, 1.0, 0.9607913669064748, 1.0, 0.9912729461330123, 0.9779900834441891, 0.9729771463866584, 0.9456703443664326, 0.9566160520607375, 0.9971228935470613, 0.9720842839887264, 0.9969844916714532, 0.9345822182575082, 0.9974097211641018, 0.9759747932256794, 0.9648807579222476, 0.9696202531645569, 0.9987843423292001, 0.982171581769437, 0.9891485809682805, 0.9759432767789313, 0.9621816310779522, 0.95265715629409, 0.9743986663491307, 0.9858515750133475, 0.9756440281030445, 0.9541465826226672, 0.8827501534683855, 0.9212681638044914, 0.9758075415596702, 0.9239346873755476, 0.9838016934593201, 0.9715715260404821, 0.9511891420744615, 0.9111543450064851, 0.9759825327510917, 0.937484677617063, 0.943834406159283, 0.9563659628918746, 0.9497552548229197, 0.9664120286164666, 0.9342251950947603, 0.9566995429396199, 0.9837624341720305, 0.9780725500812127, 0.9134528569585967, 0.9721382573268498, 0.9732721809267753, 0.9845485889413867, 0.9747403513270932, 0.9418687083510563, 0.9890937418852246, 0.9395565598079367, 1.0, 0.9841746248294679, 0.9831019915509958]
val step Accs: [0.9136963050006528, 0.9746297111013346, 0.9285238919206709, 0.8350935425467713, 0.8972631578947369, 0.9538147486603725, 0.9428488959445808, 0.8573694646397885, 0.9008171315863623, 0.8834863571705677, 0.8564307078763709, 0.9020535158680771, 0.9716718039043006, 0.8985524875319304, 0.9848938079569249, 0.9434894714224323]
Preds: [17, 17, 217, 217, 217, 473, 473, 65, 264, 264, 264, 264, 264, 264, 468, 468, 468, 467, 337, 337, 337, 337, 301, 301, 457, 129, 401, 401, 7, 7, 7, 473, 109, 264, 240, 468, 406, 337, 337, 337, 171, 171, 434, 434, 339, 33, 33, 199, 398, 398, 324, 324, 301, 399, 8, 354, 43, 345, 345, 276, 276, 153, 182, 182, 182, 182, 387, 98, 98, 122, 129, 259, 208, 144, 208, 441, 437, 437, 481, 405, 405, 206, 426, 206, 396, 396, 285, 315, 426, 426, 282, 282, 282, 315, 282, 282, 303, 98, 48, 48, 48, 48, 13, 170, 170, 170, 170, 392, 392, 63, 63, 63, 63, 63, 63, 63, 63, 63, 63, 63, 63, 63, 63, 63, 63, 63, 73, 244, 289, 289, 320, 320, 7, 309, 479, 331, 290, 290, 360, 434, 434, 434, 434, 434, 434, 434, 434, 3, 3, 457, 188, 213, 324, 143, 143, 349, 234, 261, 261, 25, 25, 106, 284, 460, 460, 169, 150, 150, 342, 342, 68, 68, 68, 115, 273, 470, 443, 290, 171, 434, 434, 339, 200, 200, 200, 398, 464, 464, 464, 464, 464, 286, 468, 406, 303, 199, 41, 19, 19, 19, 286, 286, 286, 468, 337, 59, 337, 41, 19, 19, 19, 19, 454, 454, 454, 78, 170, 170, 170, 170, 392, 392, 392, 392, 392, 63, 63, 63, 63, 63, 63, 63, 63, 63, 63, 63, 63, 63, 63, 63, 63, 244, 289, 289, 320, 320, 83, 188, 171, 171, 171, 171, 171, 464, 464, 464, 171, 171, 171, 171, 171, 171, 173, 314, 239, 32, 239, 239, 371, 371, 106, 496, 153, 88, 274, 122, 43, 129, 401, 208, 208, 441, 441, 148, 153, 153, 153, 182, 182, 182, 182, 182, 98, 98, 98, 98, 13, 13, 13, 414, 170, 170, 392, 392, 392, 392, 392, 63, 63, 63, 63, 63, 63, 392, 392, 73, 289, 320, 320, 7, 7, 374, 374, 374, 132, 132, 132, 132, 132, 132, 132, 285, 324, 324, 213, 213, 246, 246, 246, 246, 246, 246, 246, 19, 454, 414, 414, 197, 197, 197, 249, 249, 80, 392, 80, 80, 320, 7, 114, 188, 213, 443, 278, 120, 37, 285, 285, 239, 239, 129, 401, 354, 354, 354, 354, 354, 7, 473, 213, 213, 213, 264, 171, 252, 252, 464, 468, 468, 468, 406, 337, 337, 337, 337, 337, 41, 41, 19, 19, 3, 3, 14, 226, 209, 287, 145, 460, 460, 169, 169, 35, 35, 401, 270, 66, 66, 68, 68, 115, 273, 196, 217, 213, 213, 213, 246, 246, 454, 454, 454, 170, 170, 170, 170, 392, 392, 392, 392, 392, 392, 392, 63, 63, 63, 63, 63, 63, 63, 63, 63, 63, 63, 244, 73, 320, 320, 7, 287, 188, 171, 171, 171, 171, 264, 468, 468, 406, 467, 467, 337, 337, 41, 324, 464, 325, 251, 241, 241, 241, 431, 431, 284, 376, 376, 376, 460, 460, 460, 460, 263, 263, 35, 35, 225, 352, 352, 352, 80, 80, 80, 209, 188, 145, 460, 293, 182, 98, 43, 129, 129, 259, 259, 411, 411, 188, 287, 297, 297, 481, 426, 98, 348, 348, 426, 169, 98, 13, 13, 170, 170, 17, 443, 403, 403, 403, 403, 403, 403, 403, 403, 403, 403, 403, 403, 403, 403, 403, 403, 403, 403, 403, 403, 403, 403, 403, 403, 403, 403, 403, 403, 403, 403, 403, 403, 403, 403, 403, 403, 403, 403, 403, 403, 403, 403, 403, 403, 403, 403, 403, 403, 403, 403, 403, 403, 403, 403, 403, 403, 403, 403, 403, 403, 403, 403, 403, 403, 403, 403, 403, 403]

ep513
Train step Loss: [0.03148649260401726, 0.2362489551305771, 0.11370015144348145, 0.10187844932079315, 0.16625569760799408, 0.09394077956676483, 0.07747625559568405, 0.18014129996299744, 0.13725973665714264, 0.09929915517568588, 0.17797447741031647, 0.15324002504348755, 0.31753087043762207, 0.2635144293308258, 0.03020588494837284, 0.17484287917613983, 0.20276451110839844, 0.09944957494735718, 0.05615920200943947, 0.18882565200328827, 0.2673782408237457, 0.12058448791503906, 0.1488298922777176, 0.06943345814943314, 0.12517821788787842, 0.09272520989179611, 0.12326977401971817, 0.11458045989274979, 0.059731125831604004, 0.0018413183279335499, 0.174725741147995, 0.07119566202163696, 0.2322690486907959, 0.23366445302963257, 0.11279386281967163, 0.0017733799759298563, 0.04463238641619682, 0.17928583920001984, 0.25703951716423035, 0.33920717239379883, 0.3211224675178528, 0.009686809033155441, 0.0020926324650645256, 0.0018481258302927017, 0.29270032048225403, 0.0017087282612919807, 0.12439507991075516, 0.16210348904132843, 0.05308201164007187, 0.2808469533920288, 0.28998491168022156, 0.13986791670322418, 0.03729883208870888, 0.15066030621528625, 0.10623130202293396, 0.15792161226272583, 0.23774299025535583, 0.1473579704761505, 0.3189062774181366, 0.04233434796333313, 0.09949811547994614, 0.05695990473031998, 0.20474368333816528]
val step Loss: [0.3670956790447235, 0.3374072313308716, 0.6874139904975891, 0.5853615999221802, 0.4700883626937866, 0.538370668888092, 0.1483178585767746, 0.31615450978279114, 0.529533326625824, 0.05980587378144264, 0.41245776414871216, 0.4203554093837738, 0.1937040537595749, 0.09483929723501205, 0.5103703737258911, 0.18755201995372772]
Train step Accs: [0.9912566686425608, 0.9348525094366, 0.9681575829383886, 0.9721621621621621, 0.9540544236291536, 0.9728134010709872, 0.9802318668252081, 0.9490877712031558, 0.9611430299364984, 0.9728428589063078, 0.9499790414978343, 0.9602280088094313, 0.9117178890657525, 0.9292356873002035, 0.9927252378287633, 0.9520974289580514, 0.9416887542597501, 0.9734248284466626, 0.9847338742951451, 0.951793400286944, 0.924303341189519, 0.965495043131196, 0.9614735658042745, 0.9799121155053359, 0.967741935483871, 0.9746246844692441, 0.9668652812091266, 0.9676399949437492, 0.9834098652051548, 1.0, 0.9503377036154151, 0.9801178203240059, 0.9353986198796065, 0.9346629986244842, 0.967844327905051, 1.0, 0.9875593386806352, 0.9501573976915005, 0.9265312131919906, 0.9034136014818736, 0.9121014403545488, 0.9975721607769086, 1.0, 1.0, 0.9237554374093765, 1.0, 0.9681306484858094, 0.9578351164254248, 0.986179281839318, 0.9259602649006623, 0.9193472090823084, 0.9609143502187103, 0.9899324032791601, 0.9588098016336056, 0.9711445198836082, 0.9584389969005354, 0.9345975810064208, 0.9591498757935413, 0.9173877551020408, 0.9891975308641975, 0.9717301168488504, 0.9845013477088949, 0.9444267007345896]
val step Accs: [0.9055346276441611, 0.915184289170343, 0.8273256534126099, 0.855072463768116, 0.8878305373898209, 0.8770838846255623, 0.9625716104392107, 0.9240146281999188, 0.8682423937641438, 0.98683404776485, 0.8974086982876194, 0.8923155345992099, 0.9561769054980508, 0.9731691510045366, 0.8705308114704088, 0.9518834204014297]
Preds: [17, 17, 17, 7, 217, 217, 217, 217, 473, 473, 65, 443, 443, 443, 330, 330, 240, 314, 35, 76, 310, 310, 107, 107, 395, 395, 395, 106, 153, 153, 481, 387, 387, 206, 167, 167, 35, 35, 320, 7, 354, 473, 473, 65, 288, 382, 313, 313, 285, 285, 34, 337, 337, 171, 171, 434, 434, 3, 3, 464, 464, 464, 464, 464, 340, 116, 116, 466, 199, 199, 106, 153, 153, 424, 182, 182, 182, 182, 182, 497, 497, 497, 497, 122, 43, 259, 208, 441, 441, 441, 346, 346, 346, 265, 265, 265, 85, 85, 146, 468, 468, 468, 406, 406, 406, 406, 467, 467, 134, 375, 98, 98, 98, 98, 98, 48, 13, 13, 414, 414, 170, 187, 187, 187, 187, 82, 2, 2, 2, 260, 391, 244, 244, 321, 320, 7, 7, 7, 309, 309, 398, 398, 290, 360, 360, 360, 252, 252, 143, 465, 192, 445, 445, 395, 395, 444, 444, 213, 213, 360, 324, 434, 434, 434, 434, 464, 464, 331, 331, 443, 443, 376, 376, 376, 376, 460, 460, 263, 263, 263, 263, 414, 414, 414, 312, 312, 312, 312, 23, 23, 23, 23, 23, 23, 23, 260, 391, 391, 391, 391, 140, 20, 321, 320, 320, 7, 7, 309, 473, 473, 288, 290, 290, 360, 171, 434, 434, 252, 143, 310, 310, 310, 107, 107, 107, 400, 400, 213, 213, 213, 213, 246, 246, 246, 19, 19, 454, 454, 414, 414, 414, 414, 225, 225, 225, 66, 66, 66, 66, 115, 115, 273, 273, 273, 151, 460, 460, 240, 285, 53, 280, 34, 324, 324, 324, 324, 286, 171, 171, 464, 464, 464, 139, 139, 116, 116, 116, 399, 195, 195, 359, 324, 324, 324, 324, 257, 257, 368, 31, 453, 342, 342, 115, 273, 273, 273, 265, 284, 376, 460, 460, 460, 460, 178, 35, 35, 440, 287, 287, 111, 111, 460, 169, 169, 150, 162, 342, 172, 172, 115, 267, 267, 444, 286, 286, 374, 139, 132, 132, 497, 375, 98, 98, 98, 440, 287, 287, 125, 125, 125, 348, 348, 348, 212, 77, 310, 219, 107, 395, 395, 374, 374, 374, 116, 94, 199, 331, 134, 134, 153, 182, 182, 43, 43, 43, 364, 276, 100, 100, 100, 100, 182, 375, 98, 98, 98, 13, 13, 13, 414, 414, 237, 249, 249, 47, 47, 47, 47, 80, 80, 80, 73, 73, 321, 320, 320, 287, 100, 100, 481, 182, 182, 375, 497, 122, 122, 8, 458, 100, 100, 100, 346, 346, 346, 426, 206, 98, 98, 263, 263, 263, 17, 83, 83, 403, 438, 438, 438, 438, 438, 438, 438, 438, 438, 438, 438, 438, 438, 438, 438, 438, 438, 438, 438, 438, 438, 438, 438, 438, 438, 438, 438, 438, 438, 438, 438, 438, 438, 438, 438, 438, 438, 438, 438, 438, 438, 438, 438, 438, 438, 438, 438, 438, 438, 438, 438, 438, 438, 438, 438, 438, 438, 438, 438, 438, 438, 438, 438, 438, 438, 438, 438, 438, 438, 438, 438, 438, 438, 438, 438, 438, 438, 438, 438, 438, 438, 438, 438, 438, 438, 438, 438, 438, 438, 438, 438, 438, 438, 438, 438, 438, 438, 438, 438, 438, 438, 438, 438, 438, 438, 438, 438, 438, 438, 438, 438, 438, 438, 438, 438, 438, 438, 438, 438, 438, 438, 438, 438, 438, 438, 438, 438, 438, 438, 438, 438, 438, 438, 438, 438, 438, 438, 438, 438, 438, 438, 438, 438, 438, 438, 438, 438, 438, 438, 438, 438, 438, 438, 438, 438, 438, 438, 438, 438, 438, 438, 438, 438, 438, 438, 438, 438, 438, 438, 438, 438, 438, 438, 438, 438]

ep514
Train step Loss: [0.11358813941478729, 0.07039492577314377, 0.024351421743631363, 0.16964814066886902, 0.0018003518925979733, 0.17170700430870056, 0.01306820660829544, 0.2398579716682434, 0.20214501023292542, 0.0033463111612945795, 0.01581486687064171, 0.17794306576251984, 0.11910489946603775, 0.10414499789476395, 0.2521556317806244, 0.1300361156463623, 0.13806848227977753, 0.10193971544504166, 0.09115176647901535, 0.08501020818948746, 0.12643149495124817, 0.23073607683181763, 0.2274041622877121, 0.02717980369925499, 0.2215462327003479, 0.25877800583839417, 0.2041042596101761, 0.08016464859247208, 0.132379949092865, 0.05218982696533203, 0.1122373417019844, 0.07190287113189697, 0.0019237131346017122, 0.12568490207195282, 0.12403324991464615, 0.10749414563179016, 0.0974465012550354, 0.18672101199626923, 0.20230291783809662, 0.16884879767894745, 0.11593089997768402, 0.23248237371444702, 0.03615332022309303, 0.16509510576725006, 0.03373774513602257, 0.08291442692279816, 0.08338270336389542, 0.23877741396427155, 0.21401648223400116, 0.09833703190088272, 0.028835661709308624, 0.17279896140098572, 0.06109325960278511, 0.19959712028503418, 0.2173607051372528, 0.12314363569021225, 0.16763098537921906, 0.24260665476322174, 0.12896890938282013, 0.1351349651813507, 0.29694443941116333, 0.15983013808727264, 0.1697382777929306]
val step Loss: [0.2301577776670456, 0.4750949442386627, 0.3198773264884949, 0.22411136329174042, 0.3071240484714508, 0.577944278717041, 0.49075108766555786, 0.32929420471191406, 0.6625189781188965, 0.28726720809936523, 0.3557794988155365, 0.4724240005016327, 0.16890428960323334, 0.8388181328773499, 0.12911877036094666, 0.0015597095480188727]
Train step Accs: [0.9702585562696159, 0.9805249788314987, 0.9938762214983713, 0.9506919252989386, 1.0, 0.952729044834308, 0.9968072369296261, 0.936126932465419, 0.9437063415970415, 0.9997353797300873, 0.9961198822584961, 0.9500880798590722, 0.9699844074844075, 0.9707602339181286, 0.9313672922252011, 0.9623463114754098, 0.962113532691333, 0.9714113389626056, 0.9763518602199126, 0.9765033851055357, 0.9664179104477612, 0.9340914965107263, 0.9385159937073938, 0.9917653857266686, 0.9393572677154767, 0.926323967370193, 0.9462093405897988, 0.9796185001306507, 0.9641096929104006, 0.9859243040350328, 0.9714395001912534, 0.9794511965919058, 1.0, 0.9648621625482074, 0.9641267014374761, 0.9719626168224299, 0.9727677402461378, 0.9495140729521646, 0.9456127628716461, 0.9549180327868853, 0.9674911660777386, 0.9353497706422018, 0.9910729046123327, 0.9564851207186974, 0.992149474014759, 0.9758247629223988, 0.9784202517637294, 0.9344065992549229, 0.9443761104277709, 0.9729281062444133, 0.9925770134850922, 0.9564475928112292, 0.9810698408145705, 0.9453515045203077, 0.9395262892659163, 0.9669085631349782, 0.9528210116731517, 0.9346447521677236, 0.9641244951294844, 0.9629043853342919, 0.9212351756545089, 0.9556980906921241, 0.9505766062602965]
val step Accs: [0.9454233409610984, 0.8776019983347211, 0.9207475105715455, 0.9454105549674883, 0.9216469120399251, 0.8511494252873564, 0.877246653919694, 0.9177404854659874, 0.8328680665129263, 0.9292716217893039, 0.9136844926953491, 0.8830736651036152, 0.9595650176137234, 0.7930991059060571, 0.9743269497640855, 1.0]
Preds: [17, 287, 486, 486, 460, 460, 215, 215, 35, 35, 259, 259, 208, 441, 100, 100, 153, 43, 98, 259, 208, 441, 437, 346, 481, 481, 481, 387, 387, 169, 263, 263, 263, 439, 439, 414, 414, 249, 249, 249, 237, 187, 187, 12, 341, 249, 82, 249, 249, 249, 249, 75, 201, 201, 201, 201, 201, 201, 201, 201, 201, 40, 40, 408, 391, 391, 228, 289, 321, 321, 72, 110, 110, 110, 486, 460, 460, 169, 150, 150, 338, 338, 338, 338, 338, 400, 400, 400, 213, 213, 213, 360, 360, 434, 434, 246, 246, 422, 99, 338, 338, 338, 338, 338, 400, 400, 400, 213, 213, 152, 374, 374, 374, 132, 132, 132, 132, 132, 132, 100, 100, 182, 182, 182, 497, 497, 497, 98, 197, 197, 197, 197, 197, 197, 249, 259, 183, 451, 451, 30, 213, 213, 213, 213, 246, 246, 246, 246, 301, 301, 43, 43, 43, 276, 276, 346, 174, 319, 480, 480, 480, 480, 282, 282, 282, 282, 388, 388, 94, 398, 398, 324, 324, 324, 301, 301, 301, 8, 8, 241, 431, 431, 265, 428, 428, 428, 428, 403, 207, 207, 207, 3, 3, 3, 3, 197, 197, 440, 79, 79, 380, 456, 288, 288, 374, 313, 374, 374, 374, 132, 132, 132, 132, 132, 132, 132, 132, 132, 374, 132, 132, 153, 134, 43, 43, 43, 196, 196, 473, 473, 109, 213, 213, 213, 246, 246, 246, 246, 19, 19, 454, 454, 454, 229, 414, 414, 126, 126, 126, 126, 292, 23, 23, 23, 23, 23, 149, 149, 149, 321, 321, 412, 287, 287, 287, 111, 319, 319, 319, 348, 413, 43, 43, 345, 345, 109, 109, 403, 171, 171, 171, 324, 464, 464, 324, 301, 464, 331, 180, 443, 486, 319, 282, 282, 388, 388, 94, 199, 199, 331, 403, 290, 290, 171, 171, 171, 246, 3, 301, 301, 143, 280, 29, 437, 106, 284, 405, 206, 206, 271, 368, 77, 269, 323, 224, 168, 494, 374, 374, 374, 374, 139, 88, 497, 497, 43, 88, 109, 346, 346, 428, 428, 428, 85, 85, 146, 146, 146, 219, 219, 219, 219, 152, 152, 382, 382, 245, 245, 43, 43, 43, 276, 276, 276, 346, 293, 293, 293, 293, 240, 216, 58, 192, 183, 183, 351, 139, 139, 139, 139, 293, 293, 122, 49, 269, 9, 168, 168, 494, 494, 241, 114, 331, 443, 443, 330, 330, 299, 299, 464, 464, 464, 464, 340, 330, 216, 216, 22, 22, 278, 99, 99, 99, 436, 60, 395, 395, 499, 319, 413, 413, 379, 471, 49, 49, 107, 107, 395, 400, 485, 464, 464, 378, 139, 139, 255, 348, 348, 43, 58, 441, 437, 437, 481, 426, 306, 372, 372, 396, 467, 467, 303, 303, 243, 243, 32, 259, 354, 473, 109, 286, 286, 286, 286, 468, 468, 468, 337, 337, 337, 41, 324, 19, 19, 454, 454, 454, 414, 414, 170, 170, 170, 47, 47, 244, 2, 2, 2, 2, 2, 244, 435, 435, 435, 435, 435, 320, 320, 320, 451, 451, 30, 30, 324, 464, 434, 301, 378, 378, 88, 88, 100, 100, 293, 497, 497, 497, 43, 98, 208, 106, 106, 306, 372, 372, 396, 396, 396, 406, 132, 375, 375, 98, 98, 98, 98, 414, 414, 414, 414, 414, 47, 47, 244, 80, 80, 321, 321, 320, 441, 441, 346, 346, 346, 346, 265, 85, 85, 282, 271, 271, 77, 77, 323, 323, 224, 273, 106, 106, 153, 182, 182, 182, 375, 375, 98, 98, 13, 13, 417, 414, 414, 249, 170, 249, 249, 28, 28, 28, 2, 244, 2, 244, 63, 63, 63, 63, 63, 63, 244]

ep515
Train step Loss: [0.0020084595307707787, 0.0791085883975029, 0.22848299145698547, 0.01901061460375786, 0.01574080064892769, 0.33872562646865845, 0.13583169877529144, 0.12197893112897873, 0.18453863263130188, 0.0453224815428257, 0.004020902793854475, 0.2685532867908478, 0.13392765820026398, 0.14132551848888397, 0.14378224313259125, 0.08827590197324753, 0.15153591334819794, 0.16334228217601776, 0.17098605632781982, 0.21423457562923431, 0.1889868676662445, 0.09571100026369095, 0.05615393817424774, 0.09696551412343979, 0.0017264250200241804, 0.07342282682657242, 0.18013396859169006, 0.18801747262477875, 0.10682953894138336, 0.08860329538583755, 0.018958834931254387, 0.04820602014660835, 0.10120819509029388, 0.1502666175365448, 0.23462912440299988, 0.15015603601932526, 0.3647449314594269, 0.11341843754053116, 0.1134709045290947, 0.09263784438371658, 0.1607372760772705, 0.0019529274431988597, 0.11269709467887878, 0.024052802473306656, 0.06300820410251617, 0.4236799478530884, 0.25396206974983215, 0.023047205060720444, 0.16047720611095428, 0.00941607914865017, 0.10573388636112213, 0.0016662715934216976, 0.12726373970508575, 0.18004821240901947, 0.5479764938354492, 0.13897094130516052, 0.07019829005002975, 0.09540139138698578, 0.25663402676582336, 0.04122058302164078, 0.12658019363880157, 0.3281937837600708, 0.2169221192598343]
val step Loss: [0.2667042315006256, 0.7695200443267822, 0.2836883068084717, 0.22815349698066711, 0.24700406193733215, 0.6182000041007996, 0.18196262419223785, 0.919248104095459, 0.33479538559913635, 0.4913308918476105, 0.4932348430156708, 0.0015579882310703397, 0.3709661662578583, 0.4474726915359497, 0.21085216104984283, 0.16368961334228516]
Train step Accs: [1.0, 0.980026455026455, 0.9350780070457977, 0.9945313686768951, 0.9961141832312062, 0.9025006650704974, 0.966477426331441, 0.9656771799628943, 0.9468850831471829, 0.9886573089465476, 0.9994488080474025, 0.9270695485957947, 0.9624431970061481, 0.9632829373650108, 0.9576843198338525, 0.9762237762237762, 0.9568642160540135, 0.9554864185712576, 0.9512872286723877, 0.9409869862131168, 0.9466042716582673, 0.9732510288065843, 0.984343287909539, 0.9716535433070866, 1.0, 0.9808320318046287, 0.9485820302146832, 0.9462732919254658, 0.9722042663219134, 0.976551366757352, 0.9952897516414502, 0.9865535248041776, 0.9758244829513695, 0.959475725558379, 0.9327493642271828, 0.9555979947481499, 0.9007729925855813, 0.97095046854083, 0.9675572519083969, 0.973257698541329, 0.9560692078940254, 1.0, 0.9710539979231568, 0.9938573223509702, 0.9830974842767296, 0.8822046109510087, 0.9253302699597932, 0.9940795038060333, 0.9563551785469968, 0.9979760011565708, 0.9702026221692491, 1.0, 0.9651311126860382, 0.9555955180522894, 0.8495341398970936, 0.9618801486028106, 0.9815967165364756, 0.9742261833072383, 0.9277952530740635, 0.9888213851761847, 0.9673784881435871, 0.9099876695437731, 0.9396002635624863]
val step Accs: [0.9349054286416114, 0.8072491909385113, 0.92679789013251, 0.9468494839007857, 0.9363780359028511, 0.8488979118329466, 0.9560747663551402, 0.762292697119581, 0.9175523838445186, 0.8863249939276172, 0.8768105945647675, 1.0, 0.9160756501182034, 0.883406971035837, 0.9499927315016717, 0.96086508753862]
Preds: [17, 17, 296, 109, 278, 278, 330, 385, 35, 35, 77, 54, 54, 323, 224, 273, 273, 494, 498, 498, 406, 406, 406, 406, 406, 467, 337, 337, 337, 328, 116, 200, 33, 10, 10, 309, 479, 331, 331, 106, 284, 284, 426, 426, 426, 426, 375, 98, 98, 98, 98, 13, 13, 82, 82, 170, 170, 392, 392, 392, 63, 63, 63, 63, 63, 63, 63, 63, 63, 63, 63, 63, 63, 63, 63, 63, 63, 63, 63, 63, 63, 63, 63, 63, 63, 392, 244, 289, 289, 321, 7, 7, 7, 32, 32, 354, 354, 420, 420, 213, 213, 213, 246, 246, 246, 246, 246, 246, 246, 246, 246, 3, 3, 3, 188, 188, 177, 177, 236, 143, 129, 401, 259, 354, 354, 109, 109, 278, 171, 171, 171, 171, 171, 171, 246, 246, 246, 246, 246, 246, 324, 422, 99, 99, 338, 338, 338, 338, 338, 400, 400, 400, 444, 360, 360, 434, 339, 339, 76, 129, 401, 321, 75, 108, 119, 119, 351, 286, 286, 464, 464, 464, 464, 180, 315, 315, 315, 315, 315, 315, 315, 450, 450, 450, 43, 43, 43, 364, 276, 276, 276, 276, 182, 182, 182, 182, 182, 182, 182, 182, 182, 182, 182, 303, 59, 59, 59, 59, 132, 132, 132, 132, 132, 132, 496, 375, 98, 98, 98, 197, 197, 80, 321, 321, 7, 7, 309, 479, 479, 398, 398, 464, 139, 139, 153, 182, 182, 182, 182, 182, 182, 182, 375, 375, 387, 413, 413, 348, 10, 10, 217, 473, 398, 398, 464, 464, 464, 315, 486, 460, 460, 460, 263, 263, 78, 78, 170, 170, 392, 392, 392, 392, 392, 392, 63, 63, 63, 63, 63, 63, 63, 63, 63, 392, 392, 73, 40, 289, 289, 373, 323, 323, 323, 323, 106, 106, 153, 153, 132, 132, 182, 182, 182, 182, 182, 182, 182, 182, 274, 122, 122, 129, 129, 129, 82, 75, 310, 323, 323, 323, 115, 273, 106, 106, 387, 387, 387, 319, 348, 94, 94, 199, 199, 277, 277, 385, 143, 129, 401, 321, 320, 7, 345, 345, 65, 346, 319, 240, 285, 376, 376, 460, 460, 460, 167, 14, 287, 287, 287, 287, 460, 215, 215, 32, 32, 32, 321, 354, 106, 486, 486, 460, 240, 240, 35, 36, 449, 449, 119, 351, 486, 486, 460, 460, 240, 314, 35, 75, 384, 371, 371, 485, 286, 464, 374, 132, 303, 303, 381, 98, 48, 48, 233, 401, 259, 75, 208, 208, 100, 100, 100, 375, 98, 98, 98, 48, 13, 170, 170, 170, 392, 392, 392, 63, 63, 63, 63, 63, 63, 63, 63, 63, 63, 63, 63, 63, 63, 63, 63, 63, 63, 63, 63, 63, 63, 63, 63, 63, 63, 63, 63, 63, 63, 73, 73, 73, 289, 320, 412, 287, 287, 287, 284, 284, 284, 284, 450, 450, 450, 43, 43, 276, 276, 276, 182, 182, 182, 182, 497, 497, 497, 43, 197, 129, 401, 32, 32, 354, 473, 476, 476, 476, 171, 171, 252, 252, 143, 143, 458, 75, 445, 445, 445, 445, 445, 219, 213, 477, 477, 374, 374, 132, 132, 132, 122, 186, 478, 478, 323, 482, 482, 482, 482, 482, 323, 18, 273, 273, 106, 153, 497, 274, 215, 129, 129, 401, 401, 401, 354, 445, 445, 213, 213, 213, 171, 171, 171, 19, 454, 454, 233, 233, 401, 401, 401, 7, 196, 196, 331, 331, 116, 116, 116, 143, 129, 401, 401, 401, 7, 7, 473, 65, 65, 284, 315, 284, 206, 206, 206, 206, 167, 35, 14, 287, 287, 287, 188, 153, 153, 182, 98, 98, 17, 129, 401, 401, 80, 445, 445, 441]

ep516
Train step Loss: [0.22687143087387085, 0.20009224116802216, 0.04321404919028282, 0.13837316632270813, 0.026506459340453148, 0.0437246710062027, 0.4254874885082245, 0.06264295428991318, 0.19510729610919952, 0.13195490837097168, 0.1658947616815567, 0.07232370972633362, 0.09849057346582413, 0.2194899320602417, 0.33569177985191345, 0.07260794937610626, 0.25710922479629517, 0.17634867131710052, 0.11757021397352219, 0.03588706627488136, 0.33598580956459045, 0.0017389178974553943, 0.4032398760318756, 0.04524361714720726, 0.02881626971065998, 0.11727334558963776, 0.20488353073596954, 0.1570296436548233, 0.027935193851590157, 0.30115869641304016, 0.12042102217674255, 0.1363711655139923, 0.013415216468274593, 0.159474179148674, 0.001867258339188993, 0.0018213671864941716, 0.01807096228003502, 0.03837108239531517, 0.13292528688907623, 0.1680712252855301, 0.14528502523899078, 0.1155228242278099, 0.11679601669311523, 0.0020275611896067858, 0.002709871158003807, 0.3410886824131012, 0.06302701681852341, 0.11185966432094574, 0.009692997671663761, 0.17462049424648285, 0.023733364418148994, 0.1794826239347458, 0.2056204229593277, 0.17889338731765747, 0.1443493813276291, 0.048145320266485214, 0.0018385928124189377, 0.2304157018661499, 0.19768135249614716, 0.17337748408317566, 0.019859064370393753, 0.1385718435049057, 0.13375836610794067]
val step Loss: [0.4047325849533081, 0.8939895033836365, 0.2403229922056198, 0.3622190058231354, 0.25919103622436523, 0.7242008447647095, 0.11823916435241699, 0.09312626719474792, 0.3667573630809784, 0.21784333884716034, 0.4960378408432007, 0.4931793212890625, 0.3020234704017639, 0.16475145518779755, 0.6891885995864868, 0.2822171449661255]
Train step Accs: [0.9353507565337001, 0.9443126482706955, 0.9885819001973499, 0.9626917230896781, 0.9928737837467453, 0.9885226603884638, 0.883079724281441, 0.9822636212836544, 0.9427802909891184, 0.964719904648391, 0.9540141297366731, 0.9787284052180044, 0.9726168948592095, 0.9390193082372552, 0.9115566037735849, 0.9827983204659353, 0.9319515056707078, 0.9523809523809523, 0.9671739779170397, 0.9892804502210907, 0.9104112740868565, 1.0, 0.8912108908526392, 0.9877457581470509, 0.9926302414231258, 0.9666618139467171, 0.941405082212257, 0.957608536763631, 0.9910230614455967, 0.9186626746506986, 0.9666452854393842, 0.9614112458654906, 0.9958357265939115, 0.9565094205978184, 1.0, 1.0, 0.9950856687475096, 0.9900405754334194, 0.9625111573936328, 0.9529860228716646, 0.9567206627921355, 0.9704277921332185, 0.9681159420289855, 1.0, 0.999882200494758, 0.908829012031859, 0.9824902723735408, 0.9705372616984402, 0.9980062660210767, 0.9505149123980206, 0.9938711516533637, 0.9511756569847856, 0.9417326859187324, 0.9518861209964413, 0.9593094944512947, 0.9866108786610879, 1.0, 0.9349397590361446, 0.9456944280834021, 0.9523809523809523, 0.9946681633225761, 0.9616778149386845, 0.9648]
val step Accs: [0.8981503438463363, 0.7815275310834814, 0.9422123015873016, 0.9083831502849993, 0.933890482724211, 0.8336104183984483, 0.9702670701223524, 0.9777550124396313, 0.9058136221145625, 0.9505703422053232, 0.8760998124909851, 0.8734002509410289, 0.9236588720770289, 0.95677392625328, 0.8215293643327509, 0.9370706846886772]
Preds: [17, 17, 296, 109, 278, 278, 330, 385, 35, 35, 77, 54, 54, 323, 224, 273, 273, 494, 498, 498, 406, 406, 406, 406, 406, 467, 337, 337, 337, 328, 116, 200, 33, 10, 10, 309, 479, 331, 331, 106, 284, 284, 426, 426, 426, 426, 375, 98, 98, 98, 98, 13, 13, 82, 82, 170, 170, 392, 392, 392, 63, 63, 63, 63, 63, 63, 63, 63, 63, 63, 63, 63, 63, 63, 63, 63, 63, 63, 63, 63, 63, 63, 63, 63, 63, 392, 244, 289, 289, 321, 7, 7, 7, 32, 32, 354, 354, 420, 420, 213, 213, 213, 246, 246, 246, 246, 246, 246, 246, 246, 246, 3, 3, 3, 188, 188, 177, 177, 236, 143, 129, 401, 259, 354, 354, 109, 109, 278, 171, 171, 171, 171, 171, 171, 246, 246, 246, 246, 246, 246, 324, 422, 99, 99, 338, 338, 338, 338, 338, 400, 400, 400, 444, 360, 360, 434, 339, 339, 76, 129, 401, 321, 75, 108, 119, 119, 351, 286, 286, 464, 464, 464, 464, 180, 315, 315, 315, 315, 315, 315, 315, 450, 450, 450, 43, 43, 43, 364, 276, 276, 276, 276, 182, 182, 182, 182, 182, 182, 182, 182, 182, 182, 182, 303, 59, 59, 59, 59, 132, 132, 132, 132, 132, 132, 496, 375, 98, 98, 98, 197, 197, 80, 321, 321, 7, 7, 309, 479, 479, 398, 398, 464, 139, 139, 153, 182, 182, 182, 182, 182, 182, 182, 375, 375, 387, 413, 413, 348, 10, 10, 217, 473, 398, 398, 464, 464, 464, 315, 486, 460, 460, 460, 263, 263, 78, 78, 170, 170, 392, 392, 392, 392, 392, 392, 63, 63, 63, 63, 63, 63, 63, 63, 63, 392, 392, 73, 40, 289, 289, 373, 323, 323, 323, 323, 106, 106, 153, 153, 132, 132, 182, 182, 182, 182, 182, 182, 182, 182, 274, 122, 122, 129, 129, 129, 82, 75, 310, 323, 323, 323, 115, 273, 106, 106, 387, 387, 387, 319, 348, 94, 94, 199, 199, 277, 277, 385, 143, 129, 401, 321, 320, 7, 345, 345, 65, 346, 319, 240, 285, 376, 376, 460, 460, 460, 167, 14, 287, 287, 287, 287, 460, 215, 215, 32, 32, 32, 321, 354, 106, 486, 486, 460, 240, 240, 35, 36, 449, 449, 119, 351, 486, 486, 460, 460, 240, 314, 35, 75, 384, 371, 371, 485, 286, 464, 374, 132, 303, 303, 381, 98, 48, 48, 233, 401, 259, 75, 208, 208, 100, 100, 100, 375, 98, 98, 98, 48, 13, 170, 170, 170, 392, 392, 392, 63, 63, 63, 63, 63, 63, 63, 63, 63, 63, 63, 63, 63, 63, 63, 63, 63, 63, 63, 63, 63, 63, 63, 63, 63, 63, 63, 63, 63, 63, 73, 73, 73, 289, 320, 412, 287, 287, 287, 284, 284, 284, 284, 450, 450, 450, 43, 43, 276, 276, 276, 182, 182, 182, 182, 497, 497, 497, 43, 197, 129, 401, 32, 32, 354, 473, 476, 476, 476, 171, 171, 252, 252, 143, 143, 458, 75, 445, 445, 445, 445, 445, 219, 213, 477, 477, 374, 374, 132, 132, 132, 122, 186, 478, 478, 323, 482, 482, 482, 482, 482, 323, 18, 273, 273, 106, 153, 497, 274, 215, 129, 129, 401, 401, 196, 354, 445, 445, 213, 213, 213, 171, 171, 171, 19, 454, 454, 233, 233, 401, 401, 401, 7, 196, 196, 331, 331, 340, 116, 116, 143, 129, 401, 401, 401, 7, 7, 473, 65, 65, 284, 315, 284, 206, 206, 206, 206, 167, 35, 14, 287, 287, 287, 188, 153, 153, 182, 98, 98, 17, 129, 401, 401, 80, 445, 445, 441]

ep517
Train step Loss: [0.18752345442771912, 0.194810152053833, 0.09873118251562119, 0.296432763338089, 0.054980359971523285, 0.30325955152511597, 0.2377820760011673, 0.11956355720758438, 0.06032086908817291, 0.3257090747356415, 0.14590229094028473, 0.05839927867054939, 0.23552948236465454, 0.19494733214378357, 0.2727814018726349, 0.053099293261766434, 0.05324699729681015, 0.10371777415275574, 0.31148892641067505, 0.0020384700037539005, 0.16027189791202545, 0.01579689048230648, 0.05850854143500328, 0.14950552582740784, 0.11740168184041977, 0.003906894009560347, 0.18921439349651337, 0.0017501397524029016, 0.09948019683361053, 0.126762256026268, 0.3044455349445343, 0.06778376549482346, 0.3454940617084503, 0.13182403147220612, 0.10025382786989212, 0.06090729311108589, 0.10571076720952988, 0.0924958884716034, 0.1405854970216751, 0.23941251635551453, 0.06543240696191788, 0.07182316482067108, 0.05743487551808357, 0.04560051113367081, 0.214715376496315, 0.0641532614827156, 0.1298922747373581, 0.1460888534784317, 0.20862112939357758, 0.2702244222164154, 0.12287082523107529, 0.13314229249954224, 0.30864959955215454, 0.06740844249725342, 0.1323561817407608, 0.11844733357429504, 0.05388026311993599, 0.12387601286172867, 0.04247512295842171, 0.054845862090587616, 0.23412853479385376, 0.13652758300304413, 0.19870871305465698]
val step Loss: [0.19099004566669464, 0.0940326675772667, 0.5813947319984436, 0.728675365447998, 0.4814709722995758, 0.6407158374786377, 0.3029019832611084, 0.18454545736312866, 0.23392152786254883, 0.21608804166316986, 0.39206498861312866, 0.20972275733947754, 0.22288864850997925, 0.6194343566894531, 0.23254166543483734, 0.7852593064308167]
Train step Accs: [0.9531291968842331, 0.9482533889468197, 0.9744255484876022, 0.9160705160960654, 0.9835041239690078, 0.9148786986397419, 0.936396228920462, 0.9675912408759124, 0.9838315217391305, 0.9125226860254083, 0.9573643410852714, 0.9831247363240051, 0.9393733893937339, 0.9438068856351405, 0.9226511692265117, 0.984889769630914, 0.9845297869453115, 0.971223975600053, 0.9131585914747153, 1.0, 0.9534336167429692, 0.9963155888705374, 0.985514303104078, 0.9584494889154387, 0.9693090684762492, 0.9993287689622768, 0.9506690093255845, 1.0, 0.9730828543389878, 0.9651067323481116, 0.9132275132275133, 0.9819314641744549, 0.9056126246836386, 0.9667369054786273, 0.9711955806918322, 0.9819367105799267, 0.9707710620288321, 0.9745762711864406, 0.9604858773598712, 0.9356383774884, 0.9801677093038733, 0.9804397679751787, 0.9844686648501363, 0.988196471633456, 0.9394244604316547, 0.9814585908529048, 0.964951321279555, 0.9584537075251066, 0.9435527019796682, 0.9296852849447123, 0.9679958027282266, 0.9657498016397779, 0.9173624754420432, 0.9820487248895854, 0.9645951968308988, 0.968465736810188, 0.9868401149599153, 0.96562123039807, 0.9887925881649731, 0.9838736492103075, 0.9354799216454457, 0.9631877022653722, 0.9464176362522964]
val step Accs: [0.9486973947895792, 0.9780668582665255, 0.858995341810399, 0.820694171578258, 0.8805352462408608, 0.8333748443337484, 0.9275189167662286, 0.9557982319292772, 0.9408216498206716, 0.9436131674279414, 0.8989859594383776, 0.9466455361859483, 0.9488869543589106, 0.8487761117518903, 0.9386792452830188, 0.8137627525505101]
Preds: [17, 17, 309, 309, 479, 479, 398, 290, 360, 360, 360, 434, 434, 434, 434, 434, 434, 3, 3, 3, 3, 197, 226, 226, 440, 287, 287, 284, 460, 460, 178, 215, 129, 129, 401, 401, 441, 441, 441, 441, 148, 153, 153, 497, 129, 129, 401, 208, 441, 441, 441, 100, 153, 182, 98, 43, 129, 401, 401, 208, 441, 441, 437, 125, 426, 348, 348, 64, 64, 466, 466, 331, 331, 284, 284, 426, 426, 426, 426, 426, 98, 452, 263, 13, 170, 417, 170, 170, 170, 170, 170, 170, 170, 187, 187, 187, 2, 435, 2, 63, 244, 244, 2, 163, 163, 73, 73, 63, 73, 73, 73, 244, 244, 320, 287, 287, 284, 206, 206, 319, 203, 348, 348, 250, 250, 250, 138, 138, 138, 387, 387, 387, 387, 182, 182, 182, 182, 182, 182, 182, 182, 182, 182, 182, 182, 182, 413, 406, 406, 406, 406, 467, 337, 331, 88, 153, 182, 182, 182, 182, 182, 182, 182, 98, 98, 98, 13, 13, 13, 414, 170, 417, 170, 170, 170, 170, 170, 47, 47, 435, 435, 80, 73, 73, 244, 7, 287, 83, 55, 240, 240, 438, 438, 416, 239, 32, 239, 239, 354, 354, 264, 264, 264, 264, 264, 468, 468, 406, 406, 467, 337, 43, 88, 88, 426, 426, 348, 348, 282, 388, 94, 76, 77, 342, 342, 172, 115, 115, 115, 267, 267, 267, 213, 213, 301, 301, 3, 464, 464, 464, 171, 171, 171, 246, 246, 246, 246, 143, 239, 239, 239, 239, 239, 354, 420, 420, 213, 464, 464, 277, 143, 129, 401, 77, 66, 342, 224, 273, 273, 106, 355, 284, 376, 460, 169, 169, 263, 35, 225, 225, 170, 170, 170, 47, 312, 187, 187, 187, 292, 292, 1, 1, 23, 23, 408, 391, 391, 391, 244, 73, 244, 320, 412, 287, 111, 111, 111, 240, 314, 77, 449, 342, 66, 342, 224, 273, 267, 267, 213, 464, 3, 464, 464, 464, 464, 315, 284, 284, 376, 376, 460, 460, 460, 460, 240, 35, 35, 384, 75, 354, 449, 106, 397, 441, 387, 387, 240, 167, 35, 35, 35, 342, 342, 224, 273, 273, 106, 151, 319, 319, 348, 388, 388, 348, 348, 64, 10, 10, 217, 473, 398, 398, 464, 464, 434, 434, 246, 246, 434, 434, 434, 3, 197, 440, 440, 145, 169, 169, 35, 35, 354, 354, 354, 420, 284, 240, 240, 240, 35, 314, 239, 107, 371, 395, 180, 486, 460, 460, 169, 35, 239, 239, 239, 371, 371, 490, 257, 257, 31, 54, 54, 54, 232, 172, 172, 172, 115, 273, 267, 267, 267, 213, 246, 246, 246, 3, 14, 14, 440, 411, 188, 171, 171, 171, 264, 120, 143, 143, 458, 96, 96, 342, 342, 86, 160, 483, 336, 188, 287, 287, 460, 460, 206, 306, 306, 85, 406, 406, 59, 452, 452, 452, 452, 452, 263, 170, 170, 170, 170, 312, 187, 187, 187, 187, 187, 1, 1, 12, 1, 1, 1, 1, 1, 1, 260, 391, 391, 391, 73, 73, 320, 287, 287, 460, 460, 111, 169, 240, 35, 36, 66, 66, 224, 224, 273, 267, 267, 464, 464, 139, 120, 460, 460, 169, 215, 8, 354, 354, 109, 284, 428, 146, 240, 240, 35, 77, 449, 324, 443, 443, 443, 443, 240, 240, 314, 32, 239, 371, 371, 324, 301, 213, 246, 246, 246, 246, 246, 246, 8, 8, 32, 354, 354, 354, 106, 180, 355, 355, 355, 452, 452, 263, 263, 263, 170, 170, 170, 170, 170, 170, 28, 28, 28, 2, 2, 187, 187, 12, 163, 163, 163, 73, 73, 244, 244, 244, 320, 320, 7, 7]

ep518
Train step Loss: [0.042251456528902054, 0.3672693967819214, 0.17314741015434265, 0.0359903946518898, 0.0017367189284414053, 0.06124904006719589, 0.11100034415721893, 0.06256348639726639, 0.044971808791160583, 0.07306196540594101, 0.207772895693779, 0.21748797595500946, 0.308732807636261, 0.1186143308877945, 0.12514913082122803, 0.1557561308145523, 0.13031312823295593, 0.021380577236413956, 0.18999145925045013, 0.14489217102527618, 0.028157508000731468, 0.3438396155834198, 0.10588078945875168, 0.05178290605545044, 0.10275965183973312, 0.040994513779878616, 0.2605384588241577, 0.07063578069210052, 0.015951428562402725, 0.08324182778596878, 0.2167157232761383, 0.1814659684896469, 0.0019201680552214384, 0.15410809218883514, 0.013105679303407669, 0.09627830237150192, 0.1004672572016716, 0.246910959482193, 0.14637868106365204, 0.009982377290725708, 0.1916557103395462, 0.07048369944095612, 0.09253107011318207, 0.223349466919899, 0.1800573319196701, 0.17872560024261475, 0.056086789816617966, 0.004013426136225462, 0.0018441861029714346, 0.2252519428730011, 0.23718903958797455, 0.39216282963752747, 0.24420590698719025, 0.0019266094313934445, 0.15113334357738495, 0.20044170320034027, 0.08152161538600922, 0.04144403710961342, 0.05964265018701553, 0.1002054214477539, 0.1954522728919983, 0.045569125562906265, 0.001841215998865664]
val step Loss: [0.30250605940818787, 0.19801053404808044, 0.35382261872291565, 0.668122410774231, 0.0014701533364132047, 0.001984703354537487, 0.09950494021177292, 0.5849044322967529, 0.7548320889472961, 0.3521898090839386, 0.6074557304382324, 0.005029469262808561, 0.3558763861656189, 0.23127108812332153, 0.4716247320175171, 0.6480293869972229]
Train step Accs: [0.9885261576287392, 0.8965303593556382, 0.9568707697150952, 0.9903220928474218, 1.0, 0.984254034903556, 0.9684354417795452, 0.9820691434468525, 0.988156392694064, 0.9799574855754631, 0.9433333333333334, 0.9380664652567976, 0.9128091750725439, 0.9670067576520471, 0.9646868125506541, 0.9586733350881811, 0.9674310807514028, 0.994644723092999, 0.9447592067988668, 0.9590443686006825, 0.9914176245210728, 0.9053998066565392, 0.9699772554965883, 0.986838606753523, 0.972458688032048, 0.9876865671641791, 0.927098050296694, 0.9816399779127554, 0.9958732694355698, 0.977383338104781, 0.9433468533298442, 0.9488673139158577, 1.0, 0.9567336989640464, 0.997400109469075, 0.9745864661654136, 0.9719489497474076, 0.9330295498481083, 0.9575331349743035, 0.9976259562120813, 0.9454299255247123, 0.9809827873403665, 0.9740139211136891, 0.9413827655310621, 0.9517506404782238, 0.9494595384165936, 0.9836025750030366, 0.9994579211275241, 1.0, 0.9367315573770492, 0.9373155061642646, 0.8914373088685015, 0.9390714380736996, 1.0, 0.9590702374936837, 0.9459119496855346, 0.9782522211908234, 0.9892258579409418, 0.9827163678576035, 0.9724392041267502, 0.9460739030023094, 0.9885672937771346, 1.0]
val step Accs: [0.9224863793957405, 0.9496766938431263, 0.9164179104477612, 0.8278499453684594, 1.0, 1.0, 0.9754528747702809, 0.8542755017871873, 0.8182808881623757, 0.912460468058191, 0.8502881844380403, 0.9991151747529863, 0.9120048750761731, 0.9423177766124803, 0.8844304177938083, 0.8439329699172219]
Preds: [17, 17, 17, 145, 284, 284, 284, 450, 450, 450, 43, 43, 43, 43, 276, 276, 153, 153, 138, 182, 182, 182, 182, 182, 182, 182, 98, 98, 98, 98, 98, 197, 226, 226, 226, 209, 287, 287, 110, 145, 111, 111, 322, 322, 67, 10, 10, 479, 398, 398, 398, 301, 399, 43, 43, 250, 138, 138, 138, 153, 387, 387, 109, 146, 146, 324, 324, 422, 99, 99, 338, 338, 338, 338, 338, 338, 395, 395, 395, 278, 278, 278, 374, 378, 416, 8, 259, 208, 100, 100, 100, 375, 122, 122, 122, 233, 82, 75, 75, 66, 68, 68, 68, 224, 25, 267, 444, 448, 324, 464, 464, 58, 315, 486, 319, 319, 72, 72, 203, 7, 364, 276, 276, 276, 276, 153, 153, 182, 182, 182, 182, 375, 98, 98, 98, 98, 426, 426, 282, 282, 59, 282, 282, 282, 413, 413, 413, 303, 413, 303, 303, 303, 303, 303, 309, 309, 479, 479, 331, 331, 106, 481, 481, 481, 481, 182, 387, 293, 375, 98, 263, 263, 263, 78, 170, 170, 170, 170, 170, 392, 392, 392, 392, 392, 392, 392, 392, 63, 63, 63, 63, 63, 63, 63, 63, 63, 63, 63, 392, 392, 392, 392, 244, 244, 289, 289, 321, 7, 7, 420, 324, 324, 324, 464, 464, 464, 110, 486, 486, 460, 460, 169, 349, 349, 234, 234, 234, 234, 261, 25, 25, 485, 324, 324, 324, 464, 464, 464, 139, 139, 426, 426, 426, 413, 348, 10, 10, 473, 398, 398, 340, 340, 116, 94, 199, 302, 88, 274, 122, 122, 129, 129, 75, 342, 68, 115, 273, 273, 151, 151, 151, 240, 215, 35, 129, 259, 354, 354, 420, 286, 286, 286, 286, 374, 374, 374, 374, 374, 246, 246, 246, 477, 132, 132, 132, 375, 375, 375, 98, 98, 98, 13, 401, 82, 401, 321, 75, 208, 208, 441, 437, 437, 437, 481, 481, 375, 375, 98, 98, 98, 263, 13, 193, 17, 83, 83, 438, 438, 438, 438, 438, 438, 438, 438, 438, 438, 438, 438, 438, 438, 438, 438, 438, 438, 438, 438, 438, 438, 438, 438, 438, 438, 438, 438, 438, 438, 438, 438, 438, 438, 438, 438, 438, 438, 438, 438, 438, 438, 438, 438, 438, 438, 438, 438, 438, 438, 438, 438, 438, 438, 438, 438, 438, 438, 438, 438, 438, 438, 438, 438, 438, 438, 438, 438, 438, 438, 438, 438, 438, 438, 438, 438, 438, 438, 438, 438, 438, 438, 438, 438, 438, 438, 438, 438, 438, 438, 438, 438, 438, 438, 438, 438, 438, 438, 438, 438, 438, 438, 438, 438, 438, 438, 438, 438, 438, 438, 438, 438, 438, 438, 438, 438, 438, 438, 438, 438, 438, 438, 438, 438, 438, 438, 438, 438, 438, 438, 438, 438, 438, 438, 438, 438, 438, 438, 438, 438, 438, 438, 438, 438, 438, 438, 438, 438, 438, 438, 438, 438, 438, 438, 438, 438, 438, 438, 438, 438, 438, 438, 438, 438, 438, 438, 438, 438, 438, 438, 438, 438, 438, 438, 438, 438, 438, 438, 438, 438, 438, 438, 438, 438, 438, 438, 438, 438, 438, 438, 438, 438, 438, 438, 438, 438, 438, 438, 438, 438, 438, 438, 438, 438, 438, 438, 438, 438, 438, 438, 438, 438, 438, 438, 438, 438, 438, 438, 438, 438, 438, 438, 438, 438, 438, 438, 438, 438, 438, 438, 438, 438, 438, 438, 438, 438, 438, 438, 438, 438, 438, 438, 438, 438, 438, 438, 438, 438, 438, 438, 438, 438, 438, 438, 438, 438, 438, 438, 438, 438, 438, 438, 438, 438, 438, 438, 438, 438, 438, 438, 438, 438, 438, 438]

ep519
Train step Loss: [0.0607108436524868, 0.016956806182861328, 0.24033941328525543, 0.36036646366119385, 0.2635910212993622, 0.01544465497136116, 0.014817023649811745, 0.001887445105239749, 0.06493677943944931, 0.0015496897976845503, 0.00941306259483099, 0.10924706608057022, 0.13392145931720734, 0.08421292901039124, 0.11874444037675858, 0.1414637565612793, 0.17949064075946808, 0.08862711489200592, 0.11442867666482925, 0.12032875418663025, 0.08229629695415497, 0.047430988401174545, 0.16372187435626984, 0.17786557972431183, 0.12785248458385468, 0.04606755077838898, 0.0018554981797933578, 0.0164052564650774, 0.24155250191688538, 0.11850379407405853, 0.17047524452209473, 0.17450003325939178, 0.06688466668128967, 0.2278764694929123, 0.21764370799064636, 0.28104376792907715, 0.1124710664153099, 0.3250420093536377, 0.12190212309360504, 0.12225553393363953, 0.024086063727736473, 0.01090367790311575, 0.11322686076164246, 0.1729048639535904, 0.12197456508874893, 0.11931821703910828, 0.0016630293102934957, 0.242217019200325, 0.07261388748884201, 0.1723150759935379, 0.09119636565446854, 0.060221683233976364, 0.1013854444026947, 0.1909547597169876, 0.0017996574752032757, 0.20564331114292145, 0.03153252974152565, 0.1092611774802208, 0.017501598224043846, 0.03925696760416031, 0.03484422340989113, 0.07492729276418686, 0.07815317064523697]
val step Loss: [0.47907984256744385, 0.5433897972106934, 0.12256412208080292, 0.21976114809513092, 0.3606368601322174, 0.7703712582588196, 0.3292423188686371, 0.5757283568382263, 0.3536660671234131, 0.21403905749320984, 0.17823508381843567, 0.21149033308029175, 0.22352688014507294, 0.29271742701530457, 0.39823874831199646, 0.48924750089645386]
Train step Accs: [0.9833891680625348, 0.9953970080552359, 0.9342954804405621, 0.902445652173913, 0.9285799451532133, 0.9959644874899112, 0.9961759082217974, 1.0, 0.9812947731493765, 1.0, 0.9978920741989882, 0.9707379134860051, 0.963718820861678, 0.9775315961928538, 0.9668831995924086, 0.9629491945477076, 0.95152645071079, 0.9741400954054733, 0.9696798758990269, 0.9669078036016623, 0.9754496146160434, 0.9862923421642282, 0.9528975556165888, 0.9494698258934415, 0.9621836374337845, 0.9881058578650015, 1.0, 0.9955487550424259, 0.932922006011707, 0.9657240788346186, 0.9522502744237102, 0.950356518229517, 0.9820916905444126, 0.9355666429080541, 0.9373938047314077, 0.9231991525423728, 0.9709408943433488, 0.9067579127459366, 0.9684884293451502, 0.9656332260894999, 0.9936932391523713, 0.9973651365968659, 0.9684724689165186, 0.956956289978678, 0.9667440061871616, 0.9667337149930373, 1.0, 0.9364369956548727, 0.9805210918114144, 0.9530411449016101, 0.9768177028451, 0.9837019790454016, 0.9698039215686275, 0.9489674816045574, 1.0, 0.9424785910486346, 0.9918406859355553, 0.9703572333417786, 0.9960033910621291, 0.9897025171624714, 0.9911516659753906, 0.9787897691827823, 0.9772138788192646]
val step Accs: [0.8834661354581673, 0.8597569901917728, 0.9702225633154259, 0.9448818897637795, 0.9063808194849676, 0.823629650667424, 0.915412094922174, 0.8601823708206687, 0.9103803997421018, 0.9448756742533877, 0.9597460683883999, 0.9439331970006817, 0.9384818481848185, 0.9281139720298001, 0.899273607748184, 0.8810582481102712]
Preds: [17, 309, 479, 479, 199, 278, 278, 17, 465, 465, 77, 269, 54, 9, 224, 224, 273, 494, 494, 222, 468, 406, 406, 406, 406, 467, 337, 337, 337, 340, 116, 33, 10, 10, 10, 309, 479, 331, 331, 84, 426, 426, 426, 426, 426, 375, 375, 98, 98, 98, 263, 263, 13, 13, 13, 414, 102, 82, 305, 312, 305, 187, 187, 187, 187, 187, 341, 341, 341, 341, 341, 2, 341, 163, 163, 2, 244, 366, 366, 366, 366, 366, 244, 63, 244, 73, 73, 73, 73, 320, 7, 7, 7, 32, 32, 354, 354, 420, 420, 213, 213, 213, 213, 246, 246, 246, 246, 246, 246, 246, 3, 3, 3, 188, 188, 188, 177, 255, 236, 416, 129, 129, 259, 354, 354, 425, 109, 278, 403, 403, 171, 171, 171, 171, 246, 246, 246, 246, 246, 246, 246, 422, 99, 99, 338, 338, 338, 338, 338, 400, 400, 400, 444, 324, 464, 171, 252, 314, 314, 239, 239, 239, 36, 108, 107, 395, 395, 286, 286, 286, 464, 464, 264, 264, 264, 315, 315, 315, 315, 282, 282, 282, 450, 413, 203, 250, 250, 250, 276, 276, 138, 138, 138, 138, 182, 182, 182, 182, 182, 182, 182, 182, 182, 372, 59, 59, 59, 406, 406, 406, 467, 467, 134, 302, 302, 302, 375, 375, 375, 98, 122, 385, 197, 197, 196, 309, 309, 479, 479, 398, 398, 84, 84, 88, 88, 88, 43, 43, 43, 43, 182, 182, 182, 387, 387, 242, 242, 116, 33, 10, 10, 309, 398, 398, 398, 464, 464, 120, 355, 460, 460, 178, 263, 263, 263, 414, 414, 414, 414, 187, 187, 187, 187, 78, 170, 2, 2, 392, 392, 2, 2, 392, 392, 73, 244, 73, 73, 73, 373, 373, 323, 323, 323, 397, 106, 106, 153, 153, 153, 182, 182, 182, 182, 182, 182, 182, 182, 182, 387, 122, 122, 122, 129, 129, 129, 401, 259, 310, 270, 323, 323, 273, 273, 106, 153, 387, 387, 387, 348, 348, 94, 199, 398, 398, 324, 277, 385, 233, 457, 197, 414, 80, 80, 32, 420, 420, 284, 319, 62, 251, 285, 251, 355, 355, 452, 263, 35, 251, 440, 287, 460, 263, 35, 35, 35, 32, 354, 354, 354, 420, 284, 376, 460, 240, 35, 35, 239, 310, 107, 395, 106, 486, 376, 460, 240, 240, 35, 239, 239, 354, 371, 371, 324, 374, 374, 374, 374, 132, 88, 132, 98, 98, 98, 13, 414, 401, 401, 354, 208, 441, 100, 100, 387, 98, 98, 98, 13, 13, 13, 170, 170, 170, 392, 392, 392, 392, 28, 63, 28, 63, 2, 2, 2, 2, 2, 2, 63, 63, 63, 63, 244, 244, 2, 163, 63, 163, 366, 244, 244, 73, 163, 163, 73, 73, 73, 73, 73, 244, 320, 287, 111, 111, 460, 460, 460, 460, 206, 206, 450, 43, 43, 43, 276, 276, 346, 346, 174, 426, 413, 64, 64, 76, 76, 212, 239, 239, 239, 239, 239, 420, 286, 278, 171, 171, 252, 252, 236, 99, 36, 75, 208, 354, 27, 180, 278, 464, 464, 464, 464, 374, 374, 132, 132, 132, 132, 132, 43, 236, 99, 162, 323, 68, 482, 482, 482, 482, 397, 18, 106, 106, 284, 153, 43, 98, 129, 401, 401, 401, 401, 354, 208, 445, 445, 445, 213, 213, 171, 246, 19, 454, 233, 233, 233, 401, 226, 401, 7, 80, 188, 217, 398, 398, 464, 116, 116, 143, 457, 401, 401, 354, 354, 473, 354, 420, 106, 284, 284, 460, 460, 450, 450, 450, 169, 263, 35, 226, 414, 354, 188, 182, 182, 98, 182, 98, 98, 129, 401, 401, 208, 249]

ep520
Train step Loss: [0.038823772221803665, 0.12203668057918549, 0.0067993514239788055, 0.3265593647956848, 0.05513307452201843, 0.10609448701143265, 0.4532954692840576, 0.0848749577999115, 0.12675343453884125, 0.14535389840602875, 0.027916206046938896, 0.11994880437850952, 0.0015546286012977362, 0.1091213971376419, 0.20687593519687653, 0.008773956447839737, 0.0018925092881545424, 0.09186019748449326, 0.1089404746890068, 0.08106198906898499, 0.1937151849269867, 0.14013999700546265, 0.14458808302879333, 0.002802825765684247, 0.07083844393491745, 0.027823198586702347, 0.2575630247592926, 0.12430985271930695, 0.20374636352062225, 0.0880293920636177, 0.052673861384391785, 0.13362745940685272, 0.09894675761461258, 0.07023047655820847, 0.1914610117673874, 0.16917376220226288, 0.10577058792114258, 0.11007077991962433, 0.5301716923713684, 0.1857280731201172, 0.34697818756103516, 0.13748449087142944, 0.08238845318555832, 0.20163854956626892, 0.12646402418613434, 0.22954942286014557, 0.21520642936229706, 0.1674623191356659, 0.08114946633577347, 0.07410968840122223, 0.009972691535949707, 0.21995976567268372, 0.19035379588603973, 0.001498834928497672, 0.20069730281829834, 0.03301006555557251, 0.032946765422821045, 0.0016353462124243379, 0.11459257453680038, 0.028170589357614517, 0.24149051308631897, 0.023081570863723755, 0.002449359279125929]
val step Loss: [0.16229002177715302, 0.32558783888816833, 0.12732578814029694, 0.5294418931007385, 0.42657506465911865, 0.37743884325027466, 0.4107186794281006, 0.324009507894516, 0.03154362738132477, 0.2741915285587311, 0.6069261431694031, 0.606220006942749, 0.14984510838985443, 0.39484643936157227, 0.45301976799964905, 1.1480623483657837]
Train step Accs: [0.9902377578334121, 0.9673779740004905, 0.998745294855709, 0.9105439892545333, 0.9861660079051383, 0.9723604201216142, 0.8808813077469794, 0.9775295163133173, 0.9636986301369863, 0.9655839668279198, 0.9923754436703036, 0.9664578439049857, 1.0, 0.9706232631996824, 0.9468599033816425, 0.9981993569131833, 1.0, 0.974051593323217, 0.9690064927110131, 0.9767411300919843, 0.9511876794570608, 0.9615761935905821, 0.958602466236054, 0.9995791836162154, 0.9796653796653797, 0.9921326555313483, 0.9248172161677473, 0.9642078255291854, 0.9441685679774527, 0.9783180849730543, 0.9858234885337039, 0.962619449128724, 0.9747404308073764, 0.9815083872672038, 0.9467867376176832, 0.954467564259486, 0.9699973211893919, 0.9671989641778161, 0.8483094329693461, 0.949699289229087, 0.9048986486486487, 0.9669421487603306, 0.9762162162162162, 0.9442614310185795, 0.9634654130288784, 0.9355189558732132, 0.9395034386292108, 0.9524245196706312, 0.9771948325863432, 0.9808377349219998, 0.9975617189881134, 0.9373069796170476, 0.9450607501320655, 1.0, 0.9430379746835443, 0.991433935695846, 0.9904287901990811, 1.0, 0.9686711801407142, 0.9921865889212828, 0.9357939254133025, 0.9932894736842105, 1.0]
val step Accs: [0.959545061906133, 0.9240434037692747, 0.9658456069070595, 0.8603888213851761, 0.896336499321574, 0.9104328246184639, 0.897680763983629, 0.9179169070975187, 0.9916035788024776, 0.9341929746554024, 0.85, 0.8417174436729489, 0.9623586660941749, 0.9036685799850263, 0.8918999404407385, 0.7310026705511047]
Preds: [17, 17, 309, 479, 473, 398, 360, 340, 330, 17, 36, 259, 36, 108, 168, 168, 494, 382, 382, 406, 406, 467, 467, 337, 337, 301, 301, 203, 129, 129, 196, 196, 70, 473, 473, 429, 213, 324, 171, 246, 246, 246, 246, 246, 246, 19, 19, 19, 454, 225, 226, 414, 414, 82, 83, 287, 287, 284, 460, 215, 215, 35, 35, 35, 259, 441, 441, 276, 153, 153, 153, 497, 399, 399, 70, 70, 70, 70, 70, 138, 138, 138, 387, 387, 146, 146, 207, 324, 324, 324, 464, 464, 3, 457, 457, 129, 401, 401, 7, 7, 364, 276, 276, 109, 109, 213, 213, 213, 213, 252, 246, 246, 301, 8, 8, 354, 354, 354, 354, 159, 355, 62, 240, 240, 35, 35, 342, 342, 54, 54, 142, 224, 336, 196, 196, 374, 399, 153, 182, 182, 182, 497, 43, 43, 364, 364, 276, 276, 346, 346, 319, 428, 146, 388, 388, 94, 94, 94, 303, 303, 303, 303, 303, 41, 324, 324, 301, 464, 454, 143, 76, 401, 401, 354, 244, 161, 68, 323, 395, 374, 106, 153, 153, 182, 182, 182, 182, 182, 182, 182, 182, 182, 182, 182, 182, 98, 122, 129, 129, 401, 401, 75, 108, 107, 323, 323, 273, 106, 106, 375, 387, 122, 98, 13, 13, 13, 170, 170, 170, 170, 170, 170, 187, 312, 305, 305, 12, 12, 12, 12, 12, 12, 21, 408, 408, 391, 244, 228, 228, 228, 320, 320, 7, 188, 188, 177, 258, 31, 342, 342, 232, 172, 172, 172, 115, 267, 267, 213, 286, 374, 374, 132, 132, 337, 250, 43, 375, 375, 43, 122, 129, 401, 36, 478, 342, 172, 224, 273, 273, 151, 284, 284, 284, 284, 284, 284, 284, 284, 376, 376, 376, 206, 85, 85, 85, 85, 85, 207, 468, 406, 406, 467, 467, 355, 499, 284, 284, 460, 240, 240, 35, 35, 35, 401, 75, 384, 68, 68, 115, 115, 115, 267, 267, 267, 213, 213, 324, 301, 8, 129, 129, 401, 354, 354, 354, 354, 354, 354, 473, 473, 473, 398, 213, 213, 246, 246, 246, 246, 246, 246, 246, 454, 454, 454, 414, 414, 170, 47, 47, 80, 47, 80, 80, 80, 80, 80, 73, 7, 7, 7, 441, 153, 153, 387, 387, 132, 387, 236, 162, 338, 338, 338, 338, 338, 395, 400, 400, 422, 422, 301, 301, 301, 246, 246, 246, 246, 246, 246, 246, 236, 99, 338, 338, 338, 338, 338, 338, 6, 272, 213, 213, 213, 213, 3, 3, 3, 454, 454, 454, 17, 229, 17, 17, 264, 264, 264, 264, 264, 403, 403, 403, 403, 403, 403, 403, 403, 403, 403, 403, 403, 403, 403, 403, 403, 403, 403, 403, 403, 403, 403, 403, 403, 403, 403, 403, 403, 403, 403, 403, 403, 403, 403, 403, 403, 403, 403, 403, 403, 403, 403, 403, 403, 403, 403, 403, 403, 403, 403, 403, 403, 403, 403, 403, 403, 403, 403, 403, 403, 403, 403, 403, 403, 403, 403, 403, 403, 403, 403, 403, 403, 403, 403, 403, 403, 403, 403, 403, 403, 403, 403, 403, 403, 403, 403, 403, 403, 403, 403, 403, 403, 403, 403, 403, 403, 403, 403, 403, 403, 403, 403, 403, 403, 403, 403, 403, 403, 403, 403, 403, 403, 403, 403, 403, 403, 403, 403, 403, 403, 403, 403, 403, 403, 403, 403, 403, 403, 403, 403, 403, 403, 403, 403, 403, 403, 403, 403, 403, 403, 403, 403, 403, 403, 403, 403, 403, 403, 403, 403, 403, 403, 403, 403, 403, 403, 403, 403, 403, 403, 403, 403, 403, 403, 403, 403, 403, 403, 403, 403, 403, 403]

ep521
Train step Loss: [0.14421366155147552, 0.01099870540201664, 0.25874626636505127, 0.055331964045763016, 0.08955599367618561, 0.05365156754851341, 0.10599648207426071, 0.1272982954978943, 0.14272934198379517, 0.06358520686626434, 0.18445228040218353, 0.17518337070941925, 0.10009666532278061, 0.04845104366540909, 0.04820656031370163, 0.1898644119501114, 0.2027251273393631, 0.07566644251346588, 0.007831198163330555, 0.24973809719085693, 0.04869789630174637, 0.17276588082313538, 0.023806815966963768, 0.19144722819328308, 0.2646070718765259, 0.05686936900019646, 0.3844512403011322, 0.16004477441310883, 0.2099631428718567, 0.3598160147666931, 0.13606996834278107, 0.02356136590242386, 0.0022582528181374073, 0.07058383524417877, 0.002840029075741768, 0.04534941911697388, 0.45314010977745056, 0.2583249807357788, 0.0030369586311280727, 0.050299324095249176, 0.1186501756310463, 0.01078097801655531, 0.26891884207725525, 0.12042298167943954, 0.001800677739083767, 0.10801208764314651, 0.15989434719085693, 0.24695143103599548, 0.1578596979379654, 0.09723934531211853, 0.04829513654112816, 0.05226477235555649, 0.23772816359996796, 0.05929800868034363, 0.0018519381992518902, 0.01703583262860775, 0.020231731235980988, 0.25477197766304016, 0.2896841764450073, 0.1083856001496315, 0.10466684401035309, 0.0018916935659945011, 0.20594076812267303]
val step Loss: [0.37356147170066833, 0.2083083838224411, 0.30305710434913635, 0.4117688834667206, 0.475089430809021, 0.5128520727157593, 0.37579718232154846, 0.1787906289100647, 0.1605357825756073, 0.11100821197032928, 0.4011336863040924, 0.26363056898117065, 0.24250970780849457, 0.17596325278282166, 0.5179327130317688, 0.3789210915565491]
Train step Accs: [0.9596740781659991, 0.9971772214040255, 0.9307809330628803, 0.9852051109616677, 0.9761073825503356, 0.9852229299363058, 0.9718938796952982, 0.9663994542043323, 0.9584450402144772, 0.9829351535836177, 0.9490248823133827, 0.9534066605560648, 0.9722461009455975, 0.9871263052496067, 0.9879261363636364, 0.9478129713423831, 0.9446313065976714, 0.9791604644239357, 0.9980009226510841, 0.9358024691358025, 0.9879183446743508, 0.9523809523809523, 0.9931434599156118, 0.9474802313230261, 0.9263654925982644, 0.9845956354300385, 0.8939393939393939, 0.9576767221972085, 0.9451494641849972, 0.9002730464178911, 0.9624365482233502, 0.9940461423964276, 1.0, 0.9804712717882504, 0.9997602780774302, 0.9869878897191445, 0.8694512408248865, 0.9245817975616671, 0.9995717956037682, 0.9866487016168545, 0.9663849765258216, 0.9975116640746501, 0.9273427824411724, 0.9663390663390663, 1.0, 0.9732331223628692, 0.9537456678219142, 0.9289855072463769, 0.9551190476190476, 0.9730451366815003, 0.985285025349326, 0.9862610402355251, 0.9346753766164512, 0.9848224891117857, 1.0, 0.9953923485060039, 0.9948314053654935, 0.9313432835820895, 0.9254782146652497, 0.9699536730641959, 0.9717781007751938, 1.0, 0.9419246460283177]
val step Accs: [0.9090383224873464, 0.9481792717086834, 0.9265215239980208, 0.9016351229560963, 0.8811512270332776, 0.8711208002051808, 0.9022476995021873, 0.9587822014051522, 0.9611886768284873, 0.9711967545638945, 0.8926449227518817, 0.9317548746518106, 0.9414237668161435, 0.9571183533447685, 0.8748245502105397, 0.9220675944333996]
Preds: [17, 479, 398, 360, 360, 171, 360, 360, 171, 434, 252, 252, 252, 252, 143, 393, 205, 441, 441, 148, 148, 346, 346, 306, 306, 306, 203, 203, 467, 65, 65, 84, 319, 319, 319, 175, 175, 251, 251, 251, 81, 81, 219, 219, 398, 398, 360, 464, 464, 464, 464, 264, 264, 468, 468, 58, 58, 156, 84, 84, 84, 426, 426, 450, 413, 98, 98, 263, 263, 13, 417, 417, 414, 414, 170, 170, 170, 170, 28, 82, 2, 2, 2, 2, 2, 2, 2, 2, 163, 316, 316, 73, 73, 140, 140, 320, 320, 320, 373, 4, 4, 219, 4, 219, 219, 219, 453, 280, 444, 444, 360, 213, 360, 213, 213, 246, 246, 246, 19, 19, 454, 454, 454, 414, 414, 414, 414, 414, 249, 249, 249, 47, 249, 249, 2, 244, 461, 316, 316, 244, 73, 73, 244, 244, 320, 320, 320, 7, 479, 398, 360, 360, 360, 171, 171, 252, 378, 173, 280, 34, 324, 324, 324, 324, 422, 143, 77, 478, 342, 342, 232, 172, 172, 115, 115, 267, 444, 171, 171, 252, 252, 301, 173, 4, 4, 4, 4, 4, 280, 280, 25, 444, 213, 213, 213, 213, 213, 246, 246, 246, 246, 19, 454, 454, 454, 454, 197, 197, 197, 197, 80, 80, 7, 7, 478, 310, 9, 9, 172, 395, 395, 470, 470, 403, 403, 403, 403, 403, 171, 207, 358, 358, 358, 225, 225, 225, 414, 197, 197, 451, 451, 451, 30, 213, 360, 360, 360, 457, 457, 457, 196, 196, 398, 398, 360, 360, 360, 360, 464, 464, 315, 315, 315, 315, 315, 315, 315, 450, 450, 450, 450, 175, 175, 43, 43, 43, 276, 276, 153, 153, 424, 497, 497, 497, 497, 175, 413, 250, 250, 413, 426, 426, 319, 319, 413, 413, 413, 381, 250, 42, 250, 88, 241, 431, 431, 426, 426, 426, 426, 426, 480, 480, 480, 480, 426, 426, 85, 85, 299, 299, 299, 299, 116, 399, 217, 473, 398, 324, 324, 324, 324, 464, 464, 464, 264, 264, 222, 222, 245, 173, 349, 349, 349, 234, 155, 155, 25, 148, 148, 153, 153, 153, 153, 387, 387, 387, 285, 134, 134, 134, 88, 88, 88, 88, 387, 497, 175, 175, 431, 431, 265, 265, 428, 85, 85, 146, 146, 146, 464, 464, 464, 464, 171, 171, 171, 325, 325, 464, 464, 464, 120, 443, 120, 120, 263, 263, 263, 263, 229, 229, 229, 312, 312, 312, 312, 292, 292, 292, 292, 23, 23, 23, 23, 23, 23, 23, 23, 260, 260, 260, 391, 391, 391, 73, 73, 244, 73, 320, 321, 320, 320, 287, 284, 284, 284, 284, 284, 284, 284, 284, 284, 284, 480, 85, 480, 85, 85, 85, 85, 85, 85, 146, 146, 207, 207, 207, 324, 464, 464, 464, 464, 464, 486, 315, 315, 315, 315, 282, 450, 450, 175, 43, 43, 276, 153, 153, 153, 297, 297, 182, 182, 182, 182, 182, 182, 372, 372, 372, 372, 372, 59, 59, 59, 467, 467, 467, 467, 134, 134, 175, 431, 431, 431, 431, 431, 480, 480, 480, 85, 85, 85, 85, 85, 299, 468, 468, 59, 467, 467, 275, 275, 275, 303, 303, 303, 303, 98, 98, 98, 233, 233, 414, 170, 209, 188, 188, 188, 19, 19, 303, 303, 282, 282, 282, 37, 303, 303, 102, 48, 48, 170, 170, 170, 249, 249, 249, 249, 249, 249, 249, 249, 98, 249, 249, 249, 249, 249, 249, 249, 249, 249, 249, 249, 249, 249, 249, 249, 441, 441, 346, 346, 284, 206, 206, 206, 167, 167, 167, 233, 170, 170, 170, 352, 352, 40, 40, 305, 237, 237, 102]

ep522
Train step Loss: [0.03296210616827011, 0.07238560169935226, 0.0017091966001316905, 0.05138152465224266, 0.22551552951335907, 0.009521362371742725, 0.15384139120578766, 0.22702446579933167, 0.10115409642457962, 0.1167728528380394, 0.014914372935891151, 0.0016093949088826776, 0.048083722591400146, 0.1590270847082138, 0.2053823620080948, 0.14071369171142578, 0.11652427166700363, 0.07975984364748001, 0.10718059539794922, 0.13839435577392578, 0.03703978657722473, 0.0862913727760315, 0.06938769668340683, 0.0510469414293766, 0.11665426939725876, 0.15600937604904175, 0.208332821726799, 0.20999284088611603, 0.2216259390115738, 0.19086602330207825, 0.08847599476575851, 0.1703706979751587, 0.002165980404242873, 0.06741116940975189, 0.38455116748809814, 0.40184324979782104, 0.1762823462486267, 0.019648665562272072, 0.10171351581811905, 0.0017695884453132749, 0.02037125639617443, 0.04789810627698898, 0.08425481617450714, 0.17354074120521545, 0.19058218598365784, 0.20324547588825226, 0.3697892427444458, 0.15269918739795685, 0.0016864642966538668, 0.11404942721128464, 0.07935670763254166, 0.20614966750144958, 0.05281168594956398, 0.1659126877784729, 0.1753149926662445, 0.03890064358711243, 0.12767167389392853, 0.1450541764497757, 0.1285807341337204, 0.05233166366815567, 0.07303285598754883, 0.038699086755514145, 0.12088102102279663]
val step Loss: [0.3913964033126831, 0.31040284037590027, 0.4821212887763977, 0.12233938276767731, 0.42561933398246765, 0.43190205097198486, 0.3690084218978882, 0.3490363359451294, 0.26937705278396606, 0.5521916747093201, 0.3061167299747467, 0.2751385271549225, 0.32181069254875183, 0.6583899855613708, 0.17525820434093475, 0.41526299715042114]
Train step Accs: [0.9909589447161702, 0.9809438547128789, 1.0, 0.9856999498243854, 0.9379866518353727, 0.9977970333382288, 0.9576220425277029, 0.9400655737704918, 0.9736426767676768, 0.966810577441986, 0.9968690443778927, 1.0, 0.9862802923451724, 0.9593360995850623, 0.9427170687653206, 0.9576587795765878, 0.9688781664656212, 0.9795534032822169, 0.9698221888304533, 0.958586416344561, 0.9900436442989634, 0.9764098269123395, 0.9811019430396593, 0.9870956929780459, 0.9695303910790011, 0.9577157802964255, 0.9455678494213404, 0.9424256019141618, 0.940118912797282, 0.946181445412609, 0.9765198629267674, 0.952260030472321, 0.9998604131769961, 0.9838278210116731, 0.8926964805504102, 0.8872686483454851, 0.9552464885706416, 0.9953294412010009, 0.971583399418451, 1.0, 0.9948147211331732, 0.987059969389175, 0.9754186925985954, 0.9514762516046213, 0.9460890820206409, 0.9441153747102755, 0.9, 0.9580095432856169, 1.0, 0.9703590314500418, 0.9784340154392844, 0.9413886384129847, 0.9849252291365171, 0.955831127211927, 0.9499252615844545, 0.9891408114558472, 0.9687455401741116, 0.9566379566379566, 0.9639133921411387, 0.9871058492556558, 0.9809442893555043, 0.9901086653663973, 0.9635862068965517]
val step Accs: [0.8965565120799778, 0.9227144203581527, 0.8745841168812383, 0.9699310344827586, 0.9032212489403786, 0.8970605878824235, 0.9016244117200547, 0.9163013152650459, 0.9355506822612085, 0.8675250711897982, 0.9236358244365361, 0.9310053165780571, 0.9231788079470199, 0.8377369756680102, 0.9551724137931035, 0.8891165755919854]
Preds: [17, 188, 213, 213, 213, 246, 246, 246, 19, 3, 197, 197, 321, 7, 7, 320, 354, 109, 109, 109, 109, 403, 171, 171, 360, 246, 246, 434, 434, 246, 246, 3, 212, 384, 114, 180, 180, 486, 486, 376, 376, 376, 376, 460, 460, 460, 167, 35, 35, 259, 287, 287, 287, 287, 284, 284, 284, 284, 426, 426, 450, 450, 203, 175, 88, 88, 182, 100, 497, 293, 293, 235, 235, 293, 293, 293, 413, 250, 250, 250, 345, 345, 174, 174, 387, 319, 240, 240, 216, 183, 183, 183, 183, 351, 171, 171, 171, 171, 143, 143, 478, 96, 68, 68, 172, 115, 267, 267, 267, 464, 464, 464, 464, 180, 180, 486, 486, 460, 460, 460, 169, 169, 402, 402, 183, 183, 257, 257, 257, 31, 31, 162, 342, 68, 115, 115, 273, 273, 470, 278, 278, 264, 264, 468, 468, 468, 468, 467, 337, 337, 337, 337, 324, 301, 301, 301, 250, 43, 345, 345, 431, 431, 431, 284, 486, 376, 376, 376, 376, 460, 460, 240, 240, 240, 24, 77, 77, 310, 107, 107, 395, 41, 41, 213, 360, 360, 275, 303, 303, 19, 19, 19, 19, 19, 19, 454, 454, 229, 229, 229, 82, 82, 312, 312, 187, 12, 12, 12, 12, 408, 408, 408, 408, 391, 244, 244, 321, 321, 287, 287, 287, 287, 111, 111, 111, 460, 460, 240, 150, 77, 77, 342, 342, 172, 172, 115, 267, 267, 464, 464, 464, 464, 315, 315, 282, 282, 282, 450, 450, 203, 53, 70, 276, 65, 174, 174, 387, 319, 146, 299, 434, 434, 434, 434, 246, 246, 246, 318, 318, 49, 269, 9, 54, 9, 400, 213, 213, 477, 477, 301, 301, 349, 349, 349, 234, 234, 234, 155, 155, 25, 25, 148, 148, 148, 153, 153, 153, 182, 182, 182, 182, 182, 182, 497, 497, 497, 98, 122, 197, 259, 183, 183, 451, 451, 30, 30, 324, 324, 324, 219, 219, 219, 219, 464, 464, 464, 464, 139, 139, 302, 497, 497, 497, 98, 129, 259, 259, 441, 441, 441, 153, 153, 153, 153, 153, 182, 182, 182, 182, 182, 182, 182, 182, 375, 375, 98, 98, 98, 13, 17, 83, 83, 55, 403, 438, 438, 438, 438, 438, 438, 438, 438, 438, 438, 438, 438, 438, 438, 438, 438, 438, 438, 438, 438, 438, 438, 438, 438, 438, 438, 438, 438, 438, 438, 438, 438, 438, 438, 438, 438, 438, 438, 438, 438, 438, 438, 438, 438, 438, 438, 438, 438, 438, 438, 438, 438, 438, 438, 438, 438, 438, 438, 438, 438, 438, 438, 438, 438, 438, 438, 438, 438, 438, 438, 438, 438, 438, 438, 438, 438, 438, 438, 438, 438, 438, 438, 438, 438, 438, 438, 438, 438, 438, 438, 438, 438, 438, 438, 438, 438, 438, 438, 438, 438, 438, 438, 438, 438, 438, 438, 438, 438, 438, 438, 438, 438, 438, 438, 438, 438, 438, 438, 438, 438, 438, 403, 403, 403, 403, 403, 403, 403, 403, 403, 403, 403, 403, 403, 403, 403, 403, 403, 403, 403, 403, 403, 403, 403, 403, 403, 403, 403, 403, 403, 403, 403, 403, 403, 403, 403, 403, 403, 403, 403, 403, 403, 403, 403, 403, 403, 403, 403, 403, 403, 403, 403, 403, 403, 403, 403, 403, 403, 403, 403, 403, 403, 403, 403, 403, 403, 403, 403, 403, 403, 403, 403, 403, 403, 403, 403, 403, 403, 403, 403, 403, 403, 403, 403, 403, 403, 403, 403, 403, 403, 403, 403, 403, 403, 403, 403, 403, 403, 403, 403, 403, 403, 403, 403, 403, 403, 403, 403, 403, 403, 403, 403, 403, 403, 403, 403]

ep523
Train step Loss: [0.0019804222974926233, 0.1300799697637558, 0.06960432231426239, 0.17051970958709717, 0.033065326511859894, 0.10990499705076218, 0.060839198529720306, 0.15063409507274628, 0.0018856798997148871, 0.2004528045654297, 0.0016565496334806085, 0.0023573902435600758, 0.09051040560007095, 0.010834991000592709, 0.22328725457191467, 0.2715602219104767, 0.03671901300549507, 0.4265117943286896, 0.08886267989873886, 0.014677816070616245, 0.0321376770734787, 0.2449626922607422, 0.01650591753423214, 0.10174616426229477, 0.08159290999174118, 0.1614389270544052, 0.001768622430972755, 0.045310381799936295, 0.10139647871255875, 0.07531329244375229, 0.1402793526649475, 0.13503223657608032, 0.1830849051475525, 0.008691057562828064, 0.18228250741958618, 0.16586139798164368, 0.12226308137178421, 0.11116696149110794, 0.14813905954360962, 0.15180473029613495, 0.003089405130594969, 0.12079362571239471, 0.18619470298290253, 0.028941087424755096, 0.32263776659965515, 0.07539694756269455, 0.15296246111392975, 0.3098481595516205, 0.25758668780326843, 0.08058290928602219, 0.4319564998149872, 0.17274680733680725, 0.10598572343587875, 0.37212762236595154, 0.2260083109140396, 0.24933068454265594, 0.13500922918319702, 0.23306718468666077, 0.05104229226708412, 0.0546749085187912, 0.35122227668762207, 0.1790006458759308, 0.03749360516667366]
val step Loss: [0.6900609731674194, 0.33313697576522827, 0.1897248923778534, 0.17751182615756989, 0.6716760993003845, 0.4207187294960022, 0.611413836479187, 0.029925400391221046, 0.7577418088912964, 0.38984009623527527, 0.36466947197914124, 0.524469792842865, 0.10641869902610779, 0.319038987159729, 0.47450366616249084, 0.022442305460572243]
Train step Accs: [1.0, 0.9636734693877551, 0.9806163714963045, 0.9535356468709162, 0.9913175303197354, 0.9677372685185185, 0.9812870220786214, 0.956198347107438, 1.0, 0.9452001046298718, 1.0, 0.9998575904300769, 0.9748879981136525, 0.9974663499604117, 0.9360030903940252, 0.9274665865745607, 0.9901723401224897, 0.8788490661282181, 0.9758441558441558, 0.996125, 0.9915242652084757, 0.9287359263050153, 0.9956220872758085, 0.9732818974139162, 0.9782939832444782, 0.9548494983277592, 1.0, 0.9874095513748191, 0.9712014594735471, 0.9790036029320413, 0.961965574680733, 0.9625545011541421, 0.9473879214523898, 0.997676107480029, 0.9512937595129376, 0.9547559200952507, 0.9683915710856228, 0.9694317263668193, 0.960816475305267, 0.9565875820292782, 0.9995483288166215, 0.967068170169144, 0.950042943028915, 0.992086144265698, 0.9142402740396379, 0.9779640394754631, 0.956093407929944, 0.9133878717049734, 0.93274415817855, 0.9770290964777948, 0.8832972353166009, 0.9516921780648785, 0.9691041763701289, 0.9008704690139016, 0.9394329896907216, 0.9297935904399782, 0.9648072429906542, 0.9352318548387096, 0.9862160960426857, 0.9843480567714551, 0.9045448626123194, 0.9494979326639102, 0.9910514541387024]
val step Accs: [0.828890266584005, 0.9173680183626626, 0.9552258064516129, 0.95747062115277, 0.8379888268156425, 0.8955582232893158, 0.8475681314382579, 0.9937859251203977, 0.8108035474334856, 0.9010430963491628, 0.9026086956521739, 0.8716172887007824, 0.9740104555638536, 0.930367250230354, 0.8782302800703559, 0.9958927799394726]
Preds: [17, 17, 7, 217, 217, 217, 309, 473, 331, 331, 443, 443, 443, 330, 330, 330, 240, 64, 76, 77, 310, 107, 107, 107, 395, 395, 106, 106, 106, 405, 405, 206, 206, 167, 167, 167, 35, 197, 321, 320, 7, 217, 473, 65, 288, 222, 313, 285, 285, 34, 337, 337, 290, 360, 360, 434, 434, 339, 200, 398, 398, 324, 464, 464, 464, 464, 116, 116, 199, 134, 84, 134, 88, 88, 182, 182, 297, 297, 182, 293, 497, 497, 497, 497, 122, 122, 458, 208, 208, 287, 106, 284, 284, 284, 265, 428, 85, 85, 146, 146, 146, 468, 468, 468, 468, 467, 467, 467, 381, 375, 375, 375, 98, 98, 98, 48, 48, 417, 414, 82, 170, 170, 170, 187, 187, 187, 187, 187, 20, 260, 260, 391, 20, 82, 320, 320, 7, 7, 309, 479, 331, 398, 360, 290, 360, 434, 434, 434, 76, 465, 310, 107, 107, 395, 395, 213, 171, 171, 171, 360, 434, 434, 434, 434, 434, 219, 464, 464, 180, 443, 443, 443, 443, 376, 376, 460, 460, 178, 263, 263, 414, 414, 414, 414, 247, 312, 126, 126, 126, 292, 292, 292, 23, 408, 408, 408, 391, 391, 391, 73, 244, 244, 321, 320, 7, 7, 217, 473, 473, 65, 290, 290, 171, 171, 171, 171, 434, 252, 143, 36, 310, 310, 107, 107, 107, 400, 400, 213, 213, 213, 213, 246, 246, 246, 19, 19, 454, 197, 197, 197, 197, 197, 414, 80, 75, 66, 66, 68, 68, 115, 115, 273, 273, 486, 486, 432, 330, 388, 67, 67, 183, 183, 451, 30, 30, 324, 213, 171, 464, 464, 464, 464, 139, 240, 252, 301, 216, 8, 29, 420, 420, 324, 324, 324, 464, 318, 318, 368, 77, 342, 342, 342, 115, 273, 273, 273, 486, 376, 376, 376, 460, 460, 460, 167, 167, 35, 440, 83, 145, 145, 486, 460, 460, 169, 150, 342, 342, 342, 342, 115, 267, 267, 278, 278, 278, 139, 139, 132, 132, 132, 98, 98, 98, 197, 440, 440, 287, 287, 125, 125, 319, 388, 348, 216, 219, 219, 219, 219, 464, 464, 222, 222, 313, 285, 285, 285, 331, 106, 153, 153, 497, 497, 43, 43, 43, 364, 100, 100, 100, 100, 100, 182, 182, 375, 98, 98, 98, 13, 414, 414, 414, 414, 102, 102, 47, 47, 47, 47, 47, 80, 80, 73, 244, 244, 321, 320, 287, 287, 100, 424, 424, 182, 375, 375, 122, 122, 8, 280, 29, 100, 100, 100, 100, 426, 426, 98, 263, 263, 263, 263, 17, 17, 83, 83, 55, 438, 438, 438, 438, 438, 438, 438, 438, 438, 438, 438, 438, 438, 438, 438, 438, 438, 438, 438, 438, 438, 438, 438, 438, 438, 438, 438, 438, 438, 438, 438, 438, 438, 438, 438, 438, 438, 438, 438, 438, 438, 438, 438, 438, 438, 438, 438, 438, 438, 438, 438, 438, 438, 438, 438, 438, 438, 438, 438, 438, 438, 438, 438, 438, 438, 438, 438, 438, 438, 438, 438, 438, 438, 438, 438, 438, 438, 438, 438, 438, 438, 438, 438, 438, 438, 438, 438, 438, 438, 438, 438, 438, 438, 438, 438, 438, 438, 438, 438, 438, 438, 438, 438, 438, 438, 438, 438, 438, 438, 438, 438, 438, 438, 438, 438, 438, 438, 438, 438, 438, 438, 438, 438, 438, 438, 438, 438, 438, 438, 438, 438, 438, 438, 438, 438, 438, 438, 438, 438, 438, 438, 438, 438, 438, 438, 438, 438, 438, 438, 438, 438, 438, 438, 438, 438, 438, 438, 438, 438, 438, 438, 438, 438, 438, 438, 438, 438, 438, 438, 438, 438, 438, 438, 438, 438]

ep524
Train step Loss: [0.056514766067266464, 0.27481481432914734, 0.1248631551861763, 0.018526898697018623, 0.05852627381682396, 0.0955827459692955, 0.11882755905389786, 0.10758499056100845, 0.1996476948261261, 0.22292722761631012, 0.17462539672851562, 0.04694267362356186, 0.3858090341091156, 0.14453187584877014, 0.22950898110866547, 0.2329106330871582, 0.07080791890621185, 0.019512558355927467, 0.23201943933963776, 0.12966951727867126, 0.18354065716266632, 0.3797251880168915, 0.00692276144400239, 0.14324164390563965, 0.17960186302661896, 0.16795037686824799, 0.1782880276441574, 0.0867193192243576, 0.10023956745862961, 0.3084695637226105, 0.24826735258102417, 0.13711965084075928, 0.1938639134168625, 0.058914992958307266, 0.18186013400554657, 0.20314806699752808, 0.0840352326631546, 0.3047083020210266, 0.07865851372480392, 0.10207265615463257, 0.16390135884284973, 0.19010473787784576, 0.12191571295261383, 0.10962653160095215, 0.07841839641332626, 0.19063793122768402, 0.15371936559677124, 0.023793963715434074, 0.10294140130281448, 0.06892645359039307, 0.07775779813528061, 0.0017752719577401876, 0.1212400570511818, 0.23210172355175018, 0.28641557693481445, 0.001932289800606668, 0.07849526405334473, 0.09896411001682281, 0.05644047632813454, 0.09073998779058456, 0.16181708872318268, 0.04771820455789566, 0.2646642327308655]
val step Loss: [0.47340404987335205, 0.531768262386322, 0.41869789361953735, 0.1776474565267563, 0.4823474884033203, 0.25609347224235535, 0.026235394179821014, 0.31007370352745056, 0.2994307577610016, 0.23017241060733795, 0.430716335773468, 0.6075889468193054, 0.6468284130096436, 0.241591215133667, 0.6983555555343628, 0.5270522832870483]
Train step Accs: [0.9835127860026918, 0.9272211720226843, 0.9643007139857203, 0.9951192302328824, 0.9829855936413313, 0.9730785325707909, 0.9670272383683044, 0.9717640849716321, 0.9481816020917518, 0.9376583169152829, 0.9554182892439909, 0.9876187733947596, 0.8956359102244389, 0.9628672470076169, 0.9368958109559613, 0.9386821232458816, 0.9814759486106961, 0.9956399875428216, 0.9346727154893065, 0.9652909435613242, 0.9482359351586978, 0.8956521739130435, 0.9987375508486463, 0.9634117367545735, 0.9522119406768919, 0.9543536632144227, 0.9526865671641791, 0.9760623991393222, 0.9721407624633431, 0.9119958768199974, 0.9335590351248413, 0.9598141060688901, 0.9440840685002595, 0.9835001352447931, 0.9521290322580646, 0.9417774495322502, 0.977454985625662, 0.9132639791937581, 0.978665981236345, 0.9729128014842301, 0.9536074710046694, 0.9478890901490874, 0.966321243523316, 0.9715430861723446, 0.9804871660555264, 0.9507863340563991, 0.9555713271823989, 0.9940950693829348, 0.9733110925771477, 0.9820770306342952, 0.9797033567525371, 1.0, 0.9702597402597403, 0.9341585462207006, 0.9216735253772291, 1.0, 0.9775833788955713, 0.971610975278457, 0.9840555484119841, 0.976722025592159, 0.9552520703181752, 0.9866382373845061, 0.933119315141787]
val step Accs: [0.8943876140447885, 0.8647782619841067, 0.8948239542582004, 0.9557557826788596, 0.8760725840483894, 0.9387146774770478, 0.9942148760330578, 0.9253689388615601, 0.9272546795235395, 0.9394929430214323, 0.8870186176995665, 0.862078164599173, 0.8332883369330454, 0.9386390454962633, 0.8282002627353671, 0.8753957485300768]
Preds: [17, 287, 284, 111, 460, 240, 215, 35, 35, 35, 77, 323, 323, 142, 397, 397, 397, 153, 153, 350, 413, 348, 195, 250, 250, 10, 309, 250, 250, 250, 250, 132, 43, 345, 88, 109, 109, 315, 315, 315, 113, 460, 167, 215, 35, 197, 197, 414, 7, 7, 473, 109, 109, 264, 264, 264, 264, 264, 264, 264, 264, 264, 264, 264, 264, 264, 264, 264, 468, 468, 406, 406, 406, 467, 467, 337, 288, 264, 120, 330, 330, 116, 10, 10, 10, 309, 479, 331, 307, 307, 307, 426, 319, 348, 251, 251, 251, 241, 241, 431, 486, 486, 460, 240, 150, 77, 342, 342, 342, 115, 224, 494, 494, 324, 422, 99, 99, 338, 338, 338, 338, 338, 400, 400, 400, 213, 213, 324, 246, 246, 246, 246, 246, 246, 246, 99, 99, 338, 338, 338, 338, 400, 400, 400, 400, 324, 324, 301, 301, 301, 42, 42, 42, 147, 147, 147, 337, 337, 41, 324, 464, 464, 464, 301, 236, 129, 129, 259, 196, 196, 309, 473, 473, 398, 398, 360, 434, 434, 434, 339, 243, 76, 465, 77, 342, 342, 342, 115, 224, 267, 267, 301, 339, 33, 217, 217, 473, 398, 398, 398, 374, 139, 378, 43, 43, 43, 43, 70, 70, 70, 138, 138, 153, 387, 387, 413, 348, 10, 10, 10, 398, 398, 398, 398, 464, 464, 464, 355, 355, 355, 355, 355, 355, 355, 263, 263, 13, 229, 229, 82, 247, 312, 312, 126, 292, 23, 23, 23, 23, 23, 23, 23, 23, 23, 101, 101, 101, 101, 149, 391, 228, 82, 289, 320, 320, 7, 276, 276, 153, 153, 346, 387, 387, 387, 387, 240, 240, 35, 35, 127, 183, 183, 183, 183, 139, 139, 139, 139, 293, 293, 122, 122, 35, 36, 108, 108, 119, 437, 106, 302, 497, 122, 416, 458, 27, 27, 180, 443, 446, 388, 94, 94, 199, 331, 290, 290, 290, 434, 434, 379, 368, 453, 453, 453, 168, 494, 278, 278, 99, 99, 338, 338, 436, 60, 395, 106, 106, 426, 426, 426, 413, 379, 379, 76, 76, 77, 478, 342, 68, 172, 115, 115, 267, 267, 267, 213, 213, 246, 246, 246, 19, 19, 454, 454, 454, 417, 417, 414, 414, 170, 305, 170, 170, 47, 20, 47, 47, 2, 140, 47, 140, 47, 80, 73, 73, 289, 20, 209, 287, 287, 284, 284, 206, 169, 215, 215, 35, 35, 401, 414, 208, 208, 441, 148, 148, 153, 153, 153, 387, 372, 372, 406, 406, 406, 467, 499, 426, 426, 426, 413, 399, 399, 70, 70, 65, 46, 46, 46, 438, 438, 175, 251, 81, 166, 324, 286, 286, 468, 285, 285, 337, 337, 464, 464, 464, 180, 486, 486, 486, 113, 460, 460, 450, 169, 349, 349, 349, 234, 234, 234, 234, 261, 25, 25, 106, 284, 284, 376, 376, 460, 460, 263, 263, 263, 414, 414, 414, 414, 414, 414, 82, 312, 312, 15, 15, 15, 15, 15, 181, 181, 181, 181, 260, 163, 163, 163, 391, 391, 244, 73, 244, 73, 73, 73, 73, 244, 287, 287, 287, 287, 284, 265, 265, 85, 85, 85, 85, 85, 207, 207, 207, 19, 19, 19, 454, 17, 83, 443, 443, 438, 438, 438, 438, 438, 438, 438, 438, 438, 438, 438, 438, 438, 438, 438, 438, 438, 438, 438, 438, 438, 438, 438, 438, 438, 438, 438, 438, 438, 438, 438, 438, 438, 438, 438, 438, 438, 438, 438, 438, 438, 438, 438, 438, 438, 438, 438, 438, 438, 438, 438, 438, 438, 438, 438, 438, 438, 438, 438, 438, 438, 438, 438, 438, 438, 438, 438, 438, 438, 438, 438]

ep525
Train step Loss: [0.06573286652565002, 0.03621003404259682, 0.13615737855434418, 0.28647565841674805, 0.32864078879356384, 0.07136648893356323, 0.20432929694652557, 0.19068749248981476, 0.12047640979290009, 0.16068316996097565, 0.12487196177244186, 0.07354661822319031, 0.05549798533320427, 0.05131763592362404, 0.0017690311651676893, 0.053899798542261124, 0.1776103675365448, 0.17357735335826874, 0.15281714498996735, 0.04864104837179184, 0.0018241603393107653, 0.1742960512638092, 0.09239377081394196, 0.0685916543006897, 0.21572837233543396, 0.013238436542451382, 0.17810963094234467, 0.024259231984615326, 0.20920905470848083, 0.03845083341002464, 0.1134825274348259, 0.03095954842865467, 0.0800815224647522, 0.1471409797668457, 0.04122253879904747, 0.08626175671815872, 0.11041193455457687, 0.303090363740921, 0.04514031857252121, 0.008248049765825272, 0.3146516680717468, 0.08400079607963562, 0.15152734518051147, 0.0769878625869751, 0.008591296151280403, 0.1319989711046219, 0.28611138463020325, 0.39012619853019714, 0.011020021513104439, 0.06030852347612381, 0.001746531343087554, 0.17293789982795715, 0.0424681231379509, 0.06456838548183441, 0.15110523998737335, 0.0657736212015152, 0.16219553351402283, 0.21703456342220306, 0.01602022722363472, 0.1373859941959381, 0.14506734907627106, 0.09412204474210739, 0.002056773751974106]
val step Loss: [0.21169573068618774, 0.21437838673591614, 0.44766002893447876, 0.768264889717102, 0.8751336336135864, 0.1460786908864975, 0.01521015353500843, 0.3231825828552246, 0.3159320652484894, 0.19153468310832977, 0.28605136275291443, 0.11276023834943771, 0.23328591883182526, 0.37676888704299927, 0.42269167304039, 0.31742849946022034]
Train step Accs: [0.982437745740498, 0.9900426742532006, 0.9652269904788188, 0.9202793133546697, 0.9125950054288816, 0.9801458670988655, 0.9415617128463476, 0.949376652814507, 0.968870523415978, 0.9566797499636575, 0.964819033156163, 0.9805564337654126, 0.985373364126251, 0.9865357643758765, 1.0, 0.9851872171169935, 0.9501355013550136, 0.9543365881677197, 0.9591836734693877, 0.9877885580461693, 1.0, 0.9516152189519024, 0.9753935705781188, 0.9810457516339869, 0.9387171455808253, 0.9968918918918919, 0.948757117067074, 0.9933765696150131, 0.9409299279633268, 0.9896126115116706, 0.967121760936194, 0.9917505762465122, 0.9778288495335947, 0.9612092027822365, 0.987891019172553, 0.9747259832366215, 0.9702689365901801, 0.9161392405063291, 0.9881116947746752, 0.9981289759261569, 0.9095781228528239, 0.9752216688934775, 0.9579240037071363, 0.9769827699592266, 0.9973735139618468, 0.9649246372728554, 0.9270883631096088, 0.8926701570680629, 0.9974757539524379, 0.983946141895391, 1.0, 0.954212916246216, 0.988279168886521, 0.9855170546832702, 0.9579718004338394, 0.9816067081417366, 0.9595172624503514, 0.9383081896551724, 0.9957226182760855, 0.9608433734939759, 0.9588522588522589, 0.9725182997303198, 1.0]
val step Accs: [0.9488663017982799, 0.9448689138576779, 0.8870405151596459, 0.7991742848717193, 0.7906768837803321, 0.962570986060919, 0.9974022600337706, 0.923673305707793, 0.9241933211216007, 0.9553010712966383, 0.9254488680718189, 0.972319171982188, 0.945862676056338, 0.9018653690186537, 0.8965162428340439, 0.9239001189060642]
Preds: [17, 17, 287, 287, 284, 284, 111, 85, 85, 330, 388, 67, 67, 212, 34, 242, 359, 250, 250, 217, 217, 217, 473, 473, 398, 290, 171, 171, 246, 246, 246, 246, 246, 318, 471, 471, 49, 49, 269, 323, 9, 395, 219, 219, 213, 246, 246, 246, 246, 19, 19, 19, 454, 229, 229, 417, 170, 392, 392, 392, 392, 392, 392, 392, 392, 392, 244, 435, 289, 201, 289, 66, 66, 323, 323, 397, 106, 302, 274, 274, 122, 129, 129, 321, 75, 144, 445, 445, 351, 351, 403, 403, 290, 290, 290, 171, 434, 434, 434, 434, 434, 434, 246, 246, 19, 19, 143, 129, 401, 82, 75, 445, 445, 445, 180, 171, 171, 171, 416, 143, 458, 445, 445, 464, 464, 171, 171, 171, 301, 143, 129, 259, 75, 74, 74, 420, 213, 213, 213, 213, 246, 246, 246, 246, 246, 19, 117, 48, 197, 197, 197, 197, 197, 7, 188, 422, 31, 162, 162, 68, 68, 68, 68, 68, 115, 115, 267, 444, 286, 286, 286, 374, 374, 132, 42, 42, 42, 42, 42, 147, 147, 337, 337, 213, 213, 324, 246, 246, 143, 422, 422, 49, 323, 323, 219, 219, 219, 324, 464, 464, 464, 464, 180, 315, 315, 315, 315, 315, 450, 450, 450, 413, 303, 43, 43, 276, 276, 153, 182, 182, 182, 182, 182, 375, 98, 98, 98, 98, 233, 414, 170, 170, 392, 392, 392, 63, 63, 63, 63, 63, 63, 63, 63, 63, 63, 63, 63, 63, 63, 392, 73, 289, 320, 320, 82, 287, 287, 353, 353, 467, 499, 376, 376, 376, 460, 460, 169, 150, 150, 342, 224, 224, 494, 494, 236, 129, 36, 77, 66, 68, 115, 273, 273, 319, 319, 319, 388, 388, 348, 64, 64, 64, 64, 473, 473, 398, 324, 324, 464, 464, 464, 139, 319, 319, 282, 319, 203, 53, 53, 70, 70, 65, 46, 46, 46, 438, 438, 175, 175, 81, 166, 324, 324, 301, 301, 339, 10, 479, 398, 398, 464, 464, 464, 464, 486, 376, 376, 460, 460, 263, 263, 78, 78, 78, 170, 170, 392, 392, 392, 392, 63, 63, 63, 63, 63, 63, 63, 63, 63, 63, 63, 63, 63, 63, 63, 63, 63, 73, 392, 244, 289, 289, 321, 7, 309, 479, 473, 331, 290, 171, 171, 171, 171, 434, 434, 434, 3, 3, 335, 14, 14, 287, 287, 145, 111, 450, 450, 43, 43, 43, 182, 182, 43, 88, 109, 109, 207, 207, 324, 324, 324, 301, 8, 32, 239, 239, 75, 354, 371, 420, 213, 213, 246, 246, 19, 19, 454, 129, 401, 401, 401, 80, 80, 320, 321, 354, 380, 380, 499, 499, 288, 288, 288, 120, 120, 120, 282, 282, 37, 37, 37, 243, 243, 233, 310, 310, 107, 107, 107, 338, 338, 447, 447, 439, 17, 83, 443, 438, 438, 438, 438, 438, 438, 438, 438, 438, 438, 438, 438, 438, 438, 438, 403, 403, 403, 403, 403, 403, 403, 403, 403, 403, 403, 403, 403, 403, 403, 403, 403, 403, 403, 403, 403, 403, 403, 403, 403, 403, 403, 403, 403, 403, 403, 403, 403, 403, 403, 403, 403, 403, 403, 403, 403, 403, 403, 403, 403, 403, 403, 403, 403, 403, 403, 403, 403, 403, 403, 403, 403, 403, 403, 403, 403, 403, 403, 403, 403, 403, 403, 403, 403, 403, 403, 403, 403, 403, 403, 403, 403, 403, 403, 403, 403, 403, 403, 403, 403, 403, 403, 403, 403, 403, 403, 403, 403, 403, 403, 403, 403, 403, 403, 403, 403, 403, 403, 403, 403, 403, 403, 403, 403, 403, 403, 403, 403, 403, 403, 403, 403, 403]

ep526
Train step Loss: [0.060728490352630615, 0.0017820704961195588, 0.0024423187132924795, 0.08103232085704803, 0.002850643591955304, 0.184709832072258, 0.19023872911930084, 0.048169780522584915, 0.12132889777421951, 0.008102800697088242, 0.09576334059238434, 0.08837249130010605, 0.07455843687057495, 0.0016408597584813833, 0.04988567531108856, 0.09607016295194626, 0.11251630634069443, 0.33011114597320557, 0.09227987378835678, 0.0018003403674811125, 0.053481027483940125, 0.0713132694363594, 0.0015318661462515593, 0.13099493086338043, 0.07032600045204163, 0.04759848490357399, 0.001592251705005765, 0.0030719211790710688, 0.28026166558265686, 0.22585350275039673, 0.05461444705724716, 0.020763002336025238, 0.08806312084197998, 0.24412640929222107, 0.18082766234874725, 0.10194956511259079, 0.22308839857578278, 0.21473997831344604, 0.16646988689899445, 0.10170242935419083, 0.050740063190460205, 0.3195478916168213, 0.11868605762720108, 0.22278255224227905, 0.4008738100528717, 0.07568833231925964, 0.2840181589126587, 0.2695395350456238, 0.08422750234603882, 0.08256608992815018, 0.10934358090162277, 0.2939312160015106, 0.23001278936862946, 0.08726287633180618, 0.13228319585323334, 0.13380500674247742, 0.15703389048576355, 0.15934070944786072, 0.0710834413766861, 0.094974085688591, 0.11394429206848145, 0.02556850016117096, 0.1273433268070221]
val step Loss: [0.4721655547618866, 0.28812846541404724, 0.025662366300821304, 0.12786945700645447, 0.24346290528774261, 0.2919658124446869, 0.15025977790355682, 0.2628341019153595, 0.17877297103405, 0.5984979271888733, 0.3409764766693115, 0.541412889957428, 0.3529832661151886, 0.3477615416049957, 0.6910176277160645, 0.35167834162712097]
Train step Accs: [0.9826961770623742, 1.0, 0.9998695368558382, 0.9772133526850508, 0.9998672155092285, 0.9463276836158192, 0.9483988072086088, 0.9881174899866488, 0.9629137115839244, 0.9983195449844882, 0.9746555757733298, 0.97640771637122, 0.9784443578756006, 1.0, 0.9877734877734877, 0.9745774549518089, 0.9713059801555377, 0.9054441260744985, 0.9756640687132178, 1.0, 0.9855595667870036, 0.9805574439157037, 1.0, 0.9630399630399631, 0.98245852597226, 0.9871601208459214, 1.0, 0.9997339718010109, 0.9244358669833729, 0.9374298540965208, 0.9838051170386499, 0.994619316653215, 0.9772250943132598, 0.9323134651464858, 0.9485547600106072, 0.9724379473123191, 0.9376083188908145, 0.9448933633593853, 0.9528846153846153, 0.9716069024599192, 0.9860185548151051, 0.911428146827166, 0.9690971233266875, 0.9351677346400301, 0.8914180687120034, 0.9796813331384301, 0.9224285714285714, 0.9241077533160126, 0.9758274451468948, 0.9782393669634025, 0.969299887682516, 0.9187358916478555, 0.9352155281068818, 0.9765240439227565, 0.9638934651290499, 0.9628846915863162, 0.9560853199498118, 0.9566493263972256, 0.9801660516605166, 0.9740735315658415, 0.9731318219983207, 0.9939734282974935, 0.9634911580148318]
val step Accs: [0.8853631004640662, 0.9273115220483642, 0.9942400837805996, 0.9669175067442851, 0.9414498141263941, 0.9268977129226884, 0.9642495295990736, 0.9339887640449438, 0.9528902125355354, 0.8502117828263381, 0.9163352272727273, 0.8727524204702628, 0.9203425012973534, 0.9095752137950371, 0.8286699376740485, 0.911191662890802]
Preds: [17, 17, 287, 284, 284, 319, 319, 428, 85, 240, 388, 348, 325, 34, 34, 300, 300, 374, 374, 132, 88, 109, 109, 109, 171, 171, 171, 171, 171, 246, 246, 246, 246, 246, 246, 318, 368, 49, 269, 9, 9, 9, 219, 219, 213, 213, 213, 360, 360, 360, 19, 19, 19, 19, 19, 19, 454, 417, 414, 414, 414, 82, 170, 47, 80, 80, 82, 75, 373, 66, 66, 66, 66, 224, 273, 273, 494, 139, 293, 274, 274, 35, 458, 445, 445, 351, 351, 351, 351, 403, 290, 290, 290, 360, 434, 434, 434, 434, 434, 434, 434, 434, 434, 434, 434, 434, 19, 197, 259, 75, 445, 445, 445, 351, 443, 443, 240, 240, 67, 143, 183, 445, 110, 403, 403, 443, 171, 171, 438, 252, 143, 458, 280, 192, 25, 420, 420, 213, 213, 213, 246, 246, 246, 246, 246, 246, 246, 197, 197, 249, 75, 75, 471, 471, 38, 31, 162, 162, 232, 232, 232, 232, 172, 115, 115, 267, 267, 267, 286, 286, 286, 464, 374, 374, 132, 42, 42, 42, 42, 345, 109, 109, 288, 288, 360, 360, 360, 434, 434, 465, 465, 465, 449, 453, 371, 324, 324, 324, 464, 464, 464, 464, 464, 120, 486, 315, 315, 315, 282, 282, 282, 203, 203, 203, 70, 65, 138, 138, 138, 138, 138, 138, 182, 182, 375, 375, 98, 98, 98, 98, 13, 229, 414, 414, 312, 312, 312, 292, 292, 292, 23, 12, 12, 408, 391, 392, 392, 73, 73, 244, 244, 321, 320, 287, 287, 353, 353, 353, 467, 467, 467, 499, 486, 486, 460, 460, 169, 150, 150, 342, 168, 168, 494, 494, 38, 38, 77, 342, 342, 115, 273, 273, 486, 486, 319, 319, 330, 388, 388, 35, 35, 250, 473, 398, 398, 398, 398, 464, 464, 464, 443, 443, 330, 282, 282, 282, 388, 203, 175, 473, 65, 65, 443, 443, 432, 330, 330, 438, 94, 324, 464, 324, 324, 324, 301, 301, 406, 337, 337, 464, 464, 464, 464, 443, 120, 376, 460, 460, 263, 263, 263, 263, 13, 78, 78, 170, 170, 170, 170, 28, 244, 28, 244, 2, 2, 392, 63, 63, 63, 63, 63, 63, 244, 63, 63, 73, 73, 244, 244, 320, 7, 7, 7, 309, 479, 331, 398, 360, 360, 360, 360, 360, 360, 360, 360, 360, 360, 3, 3, 14, 14, 145, 145, 111, 315, 315, 450, 450, 293, 43, 43, 43, 43, 345, 109, 109, 109, 171, 171, 171, 324, 324, 301, 416, 239, 259, 192, 420, 420, 420, 213, 213, 213, 246, 246, 246, 19, 454, 143, 129, 401, 401, 321, 259, 354, 380, 499, 499, 499, 499, 288, 288, 120, 120, 120, 120, 120, 282, 282, 37, 271, 243, 243, 310, 310, 107, 338, 338, 338, 338, 338, 447, 447, 439, 17, 83, 443, 403, 438, 438, 438, 438, 438, 438, 438, 438, 438, 438, 438, 438, 438, 438, 438, 438, 438, 438, 438, 438, 438, 438, 438, 438, 438, 438, 438, 438, 438, 438, 438, 438, 438, 438, 438, 438, 438, 438, 438, 438, 438, 438, 438, 438, 403, 403, 403, 403, 403, 403, 403, 403, 403, 403, 403, 403, 403, 403, 403, 403, 403, 403, 403, 403, 403, 403, 403, 403, 403, 403, 403, 403, 403, 403, 403, 403, 403, 403, 403, 403, 403, 403, 403, 403, 403, 403, 403, 403, 403, 403, 403, 403, 403, 403, 403, 403, 403, 403, 403, 403, 403, 403, 403, 403, 403, 403, 403, 403, 403, 403, 403, 403, 403, 403, 403, 403, 403, 403, 403, 403, 403, 403, 403, 403, 403, 403, 403, 403, 403, 403, 403, 403]

ep527
Train step Loss: [0.06318241357803345, 0.19827498495578766, 0.09521882981061935, 0.008609293960034847, 0.1098020151257515, 0.024849481880664825, 0.2014232873916626, 0.07724349200725555, 0.3734346628189087, 0.0933539941906929, 0.19018353521823883, 0.04970741271972656, 0.06650561839342117, 0.15519481897354126, 0.1513991802930832, 0.012133198790252209, 0.0019660317339003086, 0.09321632981300354, 0.14841307699680328, 0.038326941430568695, 0.03206685930490494, 0.22452497482299805, 0.14252068102359772, 0.0497966930270195, 0.19698986411094666, 0.0019098821794614196, 0.09689942002296448, 0.12105636298656464, 0.19167718291282654, 0.12223047763109207, 0.12413415312767029, 0.11426553875207901, 0.01683562435209751, 0.10972629487514496, 0.0021080749575048685, 0.34813863039016724, 0.0211015697568655, 0.14306938648223877, 0.10065741837024689, 0.040184009820222855, 0.09209010004997253, 0.06762415170669556, 0.19286203384399414, 0.05982329323887825, 0.0016790011432021856, 0.04112508147954941, 0.45383647084236145, 0.06017419323325157, 0.13214345276355743, 0.13416068255901337, 0.002675238298252225, 0.19228756427764893, 0.23428186774253845, 0.10312270373106003, 0.07853583991527557, 0.0017078162636607885, 0.11517508327960968, 0.2075054794549942, 0.0016630318714305758, 0.00434536300599575, 0.0017463426338508725, 0.28411543369293213, 0.0015730628510937095]
val step Loss: [0.04557385295629501, 0.3559557795524597, 0.17790770530700684, 0.0036396451760083437, 0.48557034134864807, 0.34170001745224, 0.67386394739151, 0.27934736013412476, 0.363760381937027, 0.19905386865139008, 0.1993580311536789, 0.4042257070541382, 0.3515959680080414, 0.25546419620513916, 0.14668259024620056, 0.37047120928764343]
Train step Accs: [0.9825286743131502, 0.9440663284247, 0.9723466905645884, 0.9978842563783448, 0.9681432868471425, 0.9931595250387196, 0.946, 0.9768821292775666, 0.899745683308794, 0.9727358617897152, 0.9451897278650824, 0.9867228990940331, 0.9810563291933259, 0.9578516025171959, 0.9591190821574574, 0.9967652495378928, 1.0, 0.9760041731872717, 0.9602090032154341, 0.9903362968689602, 0.9918032786885246, 0.9383284498395423, 0.9616381544841887, 0.9866353174112115, 0.950149292483448, 1.0, 0.9742209631728045, 0.9679496351409358, 0.9462142539635502, 0.9657643312101911, 0.9621142682554231, 0.9673281703775412, 0.9955727725511898, 0.9688411358403684, 1.0, 0.9079503433703117, 0.9942671984047856, 0.9594925099357995, 0.9718031862399549, 0.9903045369794904, 0.9740458015267176, 0.9814285714285714, 0.9450414909536118, 0.9864676868597445, 1.0, 0.9890054972513743, 0.8761016070502852, 0.9816525212181727, 0.9655760583036129, 0.9616803860346296, 0.9998718113062428, 0.9474943339209267, 0.9312831077104179, 0.9713582166925868, 0.9784222100054976, 1.0, 0.9674303063759315, 0.9407438834676849, 1.0, 0.9990946129470348, 1.0, 0.9193063899508466, 1.0]
val step Accs: [0.9892139679115546, 0.9113602990254973, 0.9541484716157205, 0.9998533939305088, 0.8804981149320233, 0.9184298440979956, 0.8380093049485409, 0.9277793179927918, 0.905799872530274, 0.950604387404865, 0.9530733641771315, 0.9021563737714537, 0.9128104575163398, 0.9369459536745782, 0.962972045120157, 0.9035026675945256]
Preds: [17, 287, 100, 100, 293, 98, 98, 35, 129, 259, 208, 259, 259, 209, 287, 287, 284, 426, 426, 426, 293, 293, 293, 98, 35, 35, 225, 225, 225, 225, 225, 7, 7, 7, 345, 109, 109, 109, 286, 286, 286, 286, 286, 468, 468, 468, 468, 468, 406, 337, 337, 337, 171, 171, 171, 171, 324, 324, 3, 3, 3, 252, 196, 196, 479, 479, 398, 398, 360, 360, 434, 339, 53, 53, 250, 250, 132, 132, 132, 88, 153, 153, 132, 43, 43, 43, 364, 364, 100, 100, 100, 497, 497, 497, 43, 43, 441, 441, 106, 346, 346, 346, 284, 284, 387, 206, 206, 396, 396, 468, 468, 468, 406, 406, 467, 467, 134, 302, 100, 375, 98, 98, 98, 98, 48, 48, 48, 13, 414, 414, 47, 47, 47, 47, 80, 244, 244, 320, 320, 320, 7, 7, 398, 213, 324, 324, 324, 3, 3, 58, 58, 110, 145, 145, 145, 486, 315, 315, 315, 282, 282, 388, 348, 64, 212, 219, 219, 219, 464, 464, 464, 464, 464, 120, 120, 355, 460, 263, 263, 263, 229, 229, 229, 247, 312, 312, 312, 292, 292, 292, 292, 292, 23, 23, 23, 23, 23, 23, 149, 391, 228, 244, 321, 321, 83, 287, 110, 486, 486, 460, 460, 460, 169, 150, 150, 342, 232, 342, 172, 115, 267, 267, 267, 213, 171, 171, 246, 246, 3, 3, 3, 197, 197, 259, 196, 309, 479, 331, 290, 290, 290, 290, 330, 330, 330, 76, 76, 310, 107, 107, 395, 395, 134, 134, 88, 88, 106, 284, 284, 265, 206, 85, 460, 460, 169, 271, 77, 342, 342, 172, 172, 115, 267, 267, 267, 267, 213, 246, 246, 3, 3, 197, 197, 197, 259, 354, 100, 100, 100, 100, 182, 182, 182, 182, 182, 182, 182, 387, 387, 293, 293, 497, 122, 122, 35, 465, 75, 445, 445, 351, 351, 171, 171, 171, 171, 252, 252, 416, 200, 398, 398, 464, 464, 171, 171, 171, 290, 120, 207, 207, 388, 325, 325, 199, 41, 41, 41, 19, 19, 19, 454, 454, 414, 414, 414, 414, 170, 187, 187, 187, 187, 408, 408, 408, 408, 244, 244, 321, 412, 287, 287, 287, 486, 486, 460, 460, 240, 240, 150, 77, 77, 342, 342, 115, 267, 267, 267, 213, 324, 324, 301, 301, 14, 14, 14, 411, 441, 100, 100, 424, 424, 424, 182, 43, 43, 364, 182, 182, 100, 100, 100, 497, 497, 497, 497, 98, 98, 197, 197, 197, 197, 170, 82, 259, 320, 287, 100, 481, 481, 182, 375, 375, 98, 98, 129, 259, 441, 441, 346, 346, 405, 405, 405, 206, 169, 98, 17, 83, 443, 443, 438, 438, 438, 438, 438, 438, 438, 438, 438, 438, 438, 438, 438, 438, 438, 438, 438, 438, 438, 438, 438, 438, 438, 438, 438, 438, 438, 438, 438, 438, 438, 438, 438, 438, 438, 438, 438, 438, 438, 438, 438, 438, 438, 438, 438, 438, 438, 438, 438, 438, 438, 438, 438, 438, 438, 438, 438, 438, 438, 438, 438, 438, 438, 438, 438, 438, 438, 438, 438, 438, 438, 438, 438, 438, 438, 438, 438, 438, 438, 438, 438, 438, 438, 438, 438, 438, 438, 438, 438, 438, 438, 438, 438, 438, 438, 438, 438, 438, 438, 438, 438, 438, 438, 438, 438, 438, 438, 438, 438, 438, 438, 438, 438, 438, 438, 438, 438, 438, 438, 438, 438, 438, 438, 438, 438, 438, 438, 438, 438, 438, 438, 438, 438, 438, 438, 438, 438, 438, 438, 438, 438, 438, 438, 438, 438, 438, 438, 438, 438, 438, 438, 438, 438, 438, 438, 438, 438, 438, 438, 438]

ep528
Train step Loss: [0.054636795073747635, 0.0779021754860878, 0.0016866723308339715, 0.05857625603675842, 0.0015854209195822477, 0.041095759719610214, 0.24346193671226501, 0.03785114362835884, 0.02282523736357689, 0.05165882408618927, 0.05341688171029091, 0.21759554743766785, 0.1367957890033722, 0.052978742867708206, 0.05379558727145195, 0.001904754200950265, 0.19603872299194336, 0.1029600203037262, 0.06784194707870483, 0.07495874911546707, 0.08169471472501755, 0.15969225764274597, 0.0616723895072937, 0.3175262212753296, 0.0033713015727698803, 0.11859682202339172, 0.118816077709198, 0.08937015384435654, 0.33709654211997986, 0.2627003490924835, 0.1578170359134674, 0.015312169678509235, 0.18883658945560455, 0.001664309180341661, 0.07684798538684845, 0.08243253827095032, 0.14861786365509033, 0.2385486513376236, 0.24391686916351318, 0.061066675931215286, 0.05248187482357025, 0.10440391302108765, 0.10384425520896912, 0.10220292210578918, 0.05182899907231331, 0.0185326486825943, 0.26393207907676697, 0.10476840287446976, 0.34498193860054016, 0.12062210589647293, 0.031149238348007202, 0.039363909512758255, 0.1584470421075821, 0.001616473775357008, 0.15800870954990387, 0.13905757665634155, 0.002264369511976838, 0.04720136895775795, 0.08151969313621521, 0.313640832901001, 0.10507892817258835, 0.19795668125152588, 0.2797720730304718]
val step Loss: [0.28785327076911926, 0.5354132056236267, 0.37519755959510803, 0.14975546300411224, 0.8170613050460815, 0.37346163392066956, 0.11895337700843811, 0.11659631878137589, 0.3062652349472046, 0.6241076588630676, 0.7510902881622314, 0.4279758334159851, 0.07481533288955688, 0.37946856021881104, 0.2982671856880188, 0.5674259662628174]
Train step Accs: [0.9847951746670017, 0.9780233580308929, 1.0, 0.9843832020997375, 1.0, 0.9888788309840941, 0.9316809260191243, 0.989856542530068, 0.9942196531791907, 0.9866829940303077, 0.9857857330876546, 0.9385604816639299, 0.9608719955282281, 0.9851862935807272, 0.9859424920127795, 1.0, 0.9486943970607532, 0.9727849079944333, 0.9813172043010753, 0.9787569972728578, 0.9778852798894264, 0.9561658304726697, 0.982899841931312, 0.9148936170212766, 0.9995894347885589, 0.9697486152535151, 0.9669411019632679, 0.9762518659248202, 0.9114278442351743, 0.9278455284552846, 0.9543982730706961, 0.9963273871983211, 0.9482022317123571, 1.0, 0.9772102611085662, 0.9769032258064516, 0.9593694795488518, 0.9314349347756921, 0.9347052845528455, 0.9836329095425983, 0.9850472193074502, 0.9729905207115959, 0.9712250314289705, 0.9707678316227102, 0.9861672365557973, 0.995537042546861, 0.9246190858059342, 0.9699621261590702, 0.9048721071863581, 0.9652806943861123, 0.992912634591795, 0.9891518737672583, 0.9536216068749147, 1.0, 0.9570940387292748, 0.9608219178082191, 0.9998745609633718, 0.9871904355251921, 0.9780532991306826, 0.9139152721242273, 0.9737029985721085, 0.9468070369857321, 0.928605654048874]
val step Accs: [0.9302740599107712, 0.8688076973085425, 0.912333179935573, 0.9622302158273381, 0.8050091631032377, 0.8985705596107056, 0.9724205515889682, 0.9727287662230985, 0.9241556091676719, 0.8433553818400481, 0.815451174289246, 0.9000632511068943, 0.9813664596273292, 0.9000284414106939, 0.9257894736842105, 0.8617803184973458]
Preds: [17, 100, 100, 100, 293, 497, 98, 98, 35, 129, 208, 208, 208, 441, 441, 287, 346, 346, 481, 426, 426, 426, 426, 426, 169, 167, 263, 225, 225, 225, 225, 225, 225, 225, 7, 7, 7, 345, 109, 109, 109, 374, 286, 286, 286, 286, 286, 286, 264, 468, 468, 468, 406, 467, 337, 337, 337, 337, 171, 324, 324, 324, 324, 3, 3, 3, 3, 3, 3, 188, 188, 188, 398, 398, 398, 360, 360, 434, 339, 203, 465, 465, 250, 250, 132, 132, 43, 43, 182, 182, 182, 497, 497, 43, 43, 364, 276, 100, 100, 100, 497, 497, 497, 497, 43, 98, 441, 441, 441, 346, 346, 346, 284, 426, 426, 306, 387, 85, 396, 396, 396, 382, 382, 382, 406, 406, 467, 467, 467, 134, 375, 375, 375, 375, 303, 303, 48, 48, 48, 13, 13, 414, 237, 47, 47, 47, 47, 80, 80, 80, 82, 320, 320, 7, 7, 7, 420, 213, 324, 324, 324, 3, 3, 3, 58, 58, 110, 110, 145, 486, 486, 315, 315, 315, 450, 450, 450, 450, 413, 35, 173, 219, 219, 219, 219, 219, 464, 464, 464, 443, 443, 355, 355, 355, 355, 452, 263, 263, 263, 229, 229, 229, 312, 312, 312, 312, 23, 23, 23, 23, 23, 23, 23, 23, 23, 23, 23, 260, 391, 391, 244, 244, 321, 320, 287, 287, 287, 287, 486, 486, 486, 460, 460, 169, 150, 150, 342, 232, 232, 172, 115, 115, 267, 267, 267, 267, 267, 246, 246, 246, 246, 246, 19, 3, 454, 197, 197, 197, 188, 188, 188, 145, 145, 365, 365, 330, 330, 330, 330, 339, 76, 310, 107, 107, 395, 395, 395, 494, 134, 175, 175, 88, 426, 426, 426, 284, 426, 486, 460, 460, 169, 169, 77, 478, 342, 172, 172, 115, 115, 267, 267, 267, 267, 213, 246, 246, 246, 301, 301, 301, 197, 197, 259, 354, 100, 100, 100, 100, 182, 182, 182, 182, 182, 182, 182, 182, 182, 182, 293, 293, 497, 497, 122, 122, 122, 465, 465, 183, 183, 183, 351, 171, 171, 171, 171, 171, 171, 252, 252, 216, 239, 219, 286, 286, 286, 286, 286, 286, 286, 264, 264, 264, 468, 468, 325, 337, 41, 41, 41, 41, 19, 19, 19, 19, 454, 454, 454, 414, 414, 442, 102, 170, 244, 187, 187, 292, 408, 408, 244, 408, 408, 244, 244, 412, 287, 287, 287, 287, 284, 486, 460, 460, 460, 460, 169, 150, 150, 150, 342, 172, 172, 115, 267, 267, 444, 444, 324, 324, 301, 301, 301, 173, 8, 259, 354, 100, 100, 100, 424, 424, 424, 497, 497, 122, 8, 259, 354, 100, 100, 100, 100, 182, 182, 375, 348, 348, 122, 117, 197, 197, 197, 226, 414, 82, 320, 209, 287, 287, 481, 481, 481, 481, 375, 98, 98, 98, 129, 259, 209, 411, 287, 437, 481, 481, 426, 426, 426, 98, 98, 98, 17, 83, 83, 438, 438, 438, 438, 438, 438, 438, 438, 438, 438, 438, 438, 438, 438, 438, 438, 438, 438, 438, 438, 438, 438, 438, 438, 438, 438, 438, 438, 438, 438, 438, 438, 438, 438, 438, 438, 438, 438, 438, 438, 438, 438, 438, 438, 438, 438, 438, 438, 438, 438, 438, 438, 438, 438, 438, 438, 438, 438, 438, 438, 438, 438, 438, 438, 438, 438, 438, 438, 438, 438, 438, 438, 438, 438, 438, 438, 438, 438, 438, 438, 438, 438, 438, 438, 438, 438, 438, 438, 438, 438, 438, 438, 438, 438, 438, 438, 438, 438, 438, 438, 438, 438, 438, 438, 438, 438, 438, 438, 438, 438, 438, 438, 438, 438, 438, 438, 438]

ep529
Train step Loss: [0.47235554456710815, 0.16170521080493927, 0.06014641001820564, 0.0016736730467528105, 0.1667185127735138, 0.12650422751903534, 0.252111554145813, 0.22497501969337463, 0.2161172479391098, 0.06916172057390213, 0.14536291360855103, 0.07388162612915039, 0.0583304800093174, 0.35933175683021545, 0.11644479632377625, 0.03833938017487526, 0.06687448918819427, 0.07634253054857254, 0.05417487770318985, 0.06654299795627594, 0.12397704273462296, 0.13833953440189362, 0.2728895843029022, 0.2596854567527771, 0.11556176841259003, 0.06475324183702469, 0.17324809730052948, 0.0017569911433383822, 0.028219332918524742, 0.029559295624494553, 0.019470209255814552, 0.18414433300495148, 0.2837109863758087, 0.1804051697254181, 0.19817237555980682, 0.10393208265304565, 0.1030329242348671, 0.14161716401576996, 0.058730024844408035, 0.03121001087129116, 0.03247661516070366, 0.021712707355618477, 0.3634723126888275, 0.06469158828258514, 0.1957440972328186, 0.07840237766504288, 0.014459100551903248, 0.08266328275203705, 0.015831612050533295, 0.0014894483610987663, 0.15876050293445587, 0.022373981773853302, 0.0804455429315567, 0.37594905495643616, 0.3665771484375, 0.2440919131040573, 0.16018740832805634, 0.0911199152469635, 0.1322913020849228, 0.0020441857632249594, 0.32987290620803833, 0.27396053075790405, 0.202298104763031]
val step Loss: [0.8598431944847107, 0.448983371257782, 0.24376365542411804, 0.16531209647655487, 0.5648143887519836, 0.17783404886722565, 0.4027615487575531, 0.3191938102245331, 0.24691306054592133, 0.35024699568748474, 0.2181224673986435, 0.5657092928886414, 0.22163967788219452, 0.6228240132331848, 0.2854044735431671, 0.3126332759857178]
Train step Accs: [0.8706302966101694, 0.9580263157894737, 0.9847500331521019, 1.0, 0.9543612964728313, 0.9673149648838466, 0.9285441345051586, 0.9337129507957366, 0.9398141318778581, 0.9810366624525917, 0.9628305019798187, 0.9799378355467646, 0.9840510366826156, 0.9002602934216754, 0.9690609240834128, 0.9897168803418803, 0.9805330937406409, 0.9783333333333334, 0.9840373280943026, 0.980877996229464, 0.9624060150375939, 0.9619198160655267, 0.9258777633289987, 0.9314417768648093, 0.9676350662589195, 0.9828326180257511, 0.9518324607329843, 1.0, 0.9922848664688427, 0.9917147878483555, 0.995121356262959, 0.9462144155057541, 0.9197440341287828, 0.9476613223797535, 0.9489296636085627, 0.9722607489597781, 0.970890874627674, 0.963035290835542, 0.9832549128148353, 0.9918837544181176, 0.9915045217867909, 0.994433885419495, 0.9010927430652844, 0.981072169984125, 0.9451576716938801, 0.9783610755441742, 0.996023038946791, 0.9778722340292536, 0.9960254372019078, 1.0, 0.9583262747755379, 0.9939429928741093, 0.9785268414481898, 0.902295982031445, 0.8962827544180377, 0.9312579013906448, 0.9550437075065908, 0.9760920366708611, 0.963760733517683, 0.9998722534491569, 0.9120694910088387, 0.921120849277867, 0.9420949902407287]
val step Accs: [0.7810307282845391, 0.8959199584199584, 0.9372096508317099, 0.9587391774891775, 0.8570021111893034, 0.9567567567567568, 0.9004502859924547, 0.9192642516147149, 0.9379649309245484, 0.9120846371628669, 0.9434491163924437, 0.8631468740652108, 0.9478803716608595, 0.8472958642629904, 0.9264499859904736, 0.9245124764101489]
Preds: [17, 17, 309, 309, 479, 479, 398, 290, 360, 360, 360, 434, 434, 434, 434, 434, 434, 3, 3, 3, 3, 197, 226, 226, 440, 287, 287, 284, 460, 460, 178, 215, 129, 129, 401, 401, 441, 441, 441, 441, 148, 153, 182, 497, 129, 129, 401, 208, 441, 441, 441, 100, 153, 182, 98, 129, 129, 401, 401, 208, 441, 441, 437, 125, 426, 348, 413, 64, 64, 466, 466, 331, 331, 284, 284, 426, 426, 426, 426, 426, 98, 452, 263, 13, 13, 170, 170, 170, 170, 170, 170, 170, 170, 187, 187, 187, 2, 435, 2, 63, 63, 2, 2, 163, 163, 73, 73, 63, 73, 73, 73, 73, 244, 320, 287, 287, 284, 206, 206, 240, 348, 348, 348, 250, 250, 250, 138, 138, 138, 182, 182, 182, 387, 182, 182, 182, 182, 182, 182, 182, 182, 182, 182, 182, 182, 182, 387, 406, 406, 406, 406, 467, 337, 319, 88, 153, 182, 182, 182, 182, 182, 182, 182, 98, 98, 13, 13, 13, 13, 170, 170, 170, 170, 170, 170, 170, 170, 47, 47, 435, 435, 80, 73, 73, 73, 7, 287, 83, 55, 240, 240, 240, 236, 416, 239, 32, 239, 239, 239, 420, 264, 264, 264, 264, 264, 468, 468, 406, 406, 337, 337, 43, 88, 88, 426, 426, 348, 348, 282, 388, 94, 76, 77, 342, 342, 224, 115, 115, 115, 267, 267, 267, 213, 213, 324, 3, 3, 464, 464, 464, 171, 171, 171, 246, 246, 246, 246, 143, 239, 239, 239, 239, 239, 384, 420, 420, 213, 464, 464, 277, 143, 129, 401, 77, 66, 342, 224, 273, 273, 106, 355, 284, 376, 460, 169, 169, 35, 35, 225, 225, 170, 170, 170, 47, 312, 187, 187, 187, 292, 292, 1, 1, 23, 23, 408, 408, 391, 391, 244, 73, 244, 320, 287, 287, 287, 111, 111, 240, 314, 77, 449, 342, 66, 224, 224, 267, 267, 267, 213, 324, 3, 464, 464, 464, 464, 315, 284, 284, 376, 460, 460, 460, 460, 460, 240, 35, 35, 35, 75, 354, 449, 106, 397, 441, 387, 240, 240, 167, 35, 35, 35, 342, 342, 224, 273, 273, 106, 151, 319, 319, 348, 388, 388, 348, 94, 212, 10, 10, 217, 473, 398, 324, 464, 464, 434, 434, 246, 246, 434, 434, 434, 3, 197, 440, 440, 145, 460, 169, 35, 35, 354, 354, 354, 420, 284, 443, 240, 240, 35, 314, 239, 107, 371, 324, 180, 376, 460, 460, 169, 35, 239, 239, 239, 371, 371, 490, 257, 257, 31, 54, 54, 54, 232, 172, 172, 172, 115, 273, 267, 267, 267, 213, 246, 246, 246, 3, 14, 14, 14, 411, 188, 171, 171, 171, 264, 120, 143, 143, 458, 96, 96, 342, 342, 86, 97, 483, 336, 188, 287, 287, 460, 460, 206, 306, 306, 85, 468, 468, 59, 452, 452, 452, 452, 452, 263, 170, 170, 170, 170, 312, 187, 187, 187, 187, 187, 1, 1, 12, 1, 1, 1, 1, 1, 1, 260, 391, 391, 391, 320, 73, 320, 287, 287, 287, 460, 111, 460, 35, 35, 36, 77, 66, 224, 224, 273, 273, 267, 464, 464, 139, 120, 460, 460, 169, 35, 8, 354, 354, 109, 284, 428, 146, 240, 285, 35, 77, 449, 324, 443, 443, 443, 443, 240, 240, 314, 32, 239, 371, 371, 324, 301, 213, 246, 246, 246, 246, 246, 246, 8, 8, 32, 354, 354, 354, 106, 180, 355, 355, 355, 263, 263, 263, 263, 263, 170, 170, 170, 170, 170, 170, 28, 28, 28, 2, 2, 187, 187, 12, 163, 163, 163, 73, 73, 73, 244, 244, 320, 320, 345, 70]

ep530
Train step Loss: [0.2202179729938507, 0.1080421656370163, 0.00163799780420959, 0.1016903817653656, 0.1324274241924286, 0.039766356348991394, 0.16287004947662354, 0.2605040669441223, 0.09764803200960159, 0.2270631641149521, 0.15815846621990204, 0.08181608468294144, 0.15959720313549042, 0.0019364176550880075, 0.06851959228515625, 0.164850652217865, 0.07826925814151764, 0.047347504645586014, 0.19988605380058289, 0.10810916125774384, 0.04273529350757599, 0.001525900443084538, 0.1311740130186081, 0.06053055077791214, 0.20914486050605774, 0.12856309115886688, 0.22179271280765533, 0.13966155052185059, 0.0342695452272892, 0.11694905161857605, 0.210838183760643, 0.23696425557136536, 0.14371581375598907, 0.2860858738422394, 0.13053062558174133, 0.3079099655151367, 0.0019243329297751188, 0.25028735399246216, 0.005833116360008717, 0.11421848088502884, 0.2410055547952652, 0.11288575083017349, 0.07308757305145264, 0.2019021213054657, 0.18773312866687775, 0.1997271031141281, 0.4170553386211395, 0.1479051262140274, 0.2700541019439697, 0.12935510277748108, 0.21275882422924042, 0.5138128995895386, 0.12979327142238617, 0.001491924049332738, 0.18929564952850342, 0.22502775490283966, 0.3226964473724365, 0.08329443633556366, 0.0916416272521019, 0.08879757672548294, 0.3525449335575104, 0.1312313675880432, 0.12686970829963684]
val step Loss: [0.4014846086502075, 0.2693176865577698, 0.7243217825889587, 0.1893007904291153, 0.6952062249183655, 0.5327779054641724, 0.41845741868019104, 0.12841589748859406, 0.6143050193786621, 0.15575477480888367, 0.46517497301101685, 0.4354739487171173, 0.18480664491653442, 0.15544873476028442, 0.41378888487815857, 0.409609317779541]
Train step Accs: [0.9382762514113662, 0.9704636242585644, 1.0, 0.9726620854496564, 0.960588051298092, 0.9892271076036577, 0.9537719075438151, 0.9316513149112268, 0.9712206952303961, 0.9413748378728923, 0.9570578231292517, 0.9759811616954475, 0.9572047000618429, 1.0, 0.982198246797033, 0.9536295530870577, 0.9800598205383848, 0.9876747141041932, 0.9444090474673463, 0.9718742009716185, 0.9878201124297314, 1.0, 0.9667522307786334, 0.9845692241748821, 0.9407982530632052, 0.9639736317645256, 0.9347012131196645, 0.9601063829787234, 0.9906961289250706, 0.9688367398435529, 0.9444871794871795, 0.9330014798869904, 0.9585952446023503, 0.9233747163262582, 0.9627345844504022, 0.9141468682505399, 1.0, 0.9280566752168071, 0.9988257397839361, 0.9687837837837838, 0.933351141979431, 0.9692890747516989, 0.980005880623346, 0.9437817084875908, 0.9471316085489314, 0.9460403726708074, 0.8839668094218416, 0.9622341725739428, 0.921045197740113, 0.9624867444326617, 0.939720903467127, 0.8639659520807061, 0.9637123971401592, 1.0, 0.9465934948467407, 0.9366983372921616, 0.9127365575247822, 0.9767364572947823, 0.9748484457629305, 0.9757896201474885, 0.9051398828887443, 0.9619408642911297, 0.9628040057224606]
val step Accs: [0.8952964723542657, 0.9309755456218775, 0.8250710043893622, 0.9517728737912224, 0.8291295746785361, 0.878629828023682, 0.8967732515695722, 0.9676781933662668, 0.8495198735869698, 0.9616793893129771, 0.8849779086892489, 0.8885881822282363, 0.9561182761874804, 0.9656201349247535, 0.8930631771492894, 0.8966980261944291]
Preds: [17, 309, 479, 479, 398, 324, 360, 252, 143, 35, 259, 196, 196, 70, 65, 46, 46, 46, 169, 150, 342, 342, 342, 273, 273, 486, 486, 460, 460, 178, 178, 183, 183, 451, 213, 213, 213, 213, 246, 19, 19, 454, 454, 454, 229, 414, 414, 414, 312, 187, 187, 187, 187, 187, 187, 187, 187, 260, 260, 391, 391, 391, 228, 289, 321, 320, 287, 287, 287, 287, 284, 284, 284, 111, 111, 111, 438, 438, 388, 348, 199, 331, 134, 378, 43, 88, 88, 346, 346, 284, 284, 206, 206, 206, 167, 167, 35, 259, 198, 354, 114, 114, 361, 264, 264, 264, 264, 264, 264, 264, 264, 264, 264, 264, 264, 264, 468, 468, 468, 406, 467, 337, 337, 337, 290, 360, 330, 330, 203, 203, 280, 29, 106, 284, 426, 426, 426, 426, 348, 348, 94, 94, 331, 331, 284, 284, 319, 460, 169, 150, 150, 342, 342, 224, 257, 257, 257, 257, 31, 31, 31, 269, 323, 323, 323, 272, 273, 273, 106, 106, 106, 106, 355, 355, 169, 169, 150, 150, 150, 39, 86, 238, 221, 397, 397, 494, 494, 494, 349, 349, 234, 261, 25, 25, 470, 470, 278, 171, 264, 325, 464, 34, 403, 403, 403, 171, 171, 171, 171, 246, 358, 301, 339, 196, 196, 196, 473, 473, 429, 429, 429, 434, 19, 19, 19, 19, 19, 454, 454, 454, 229, 229, 414, 126, 126, 126, 292, 292, 292, 292, 408, 408, 408, 408, 408, 408, 408, 228, 66, 66, 66, 68, 68, 115, 115, 267, 267, 267, 464, 464, 464, 443, 443, 111, 330, 240, 438, 219, 219, 324, 152, 324, 301, 422, 349, 349, 261, 25, 420, 420, 324, 422, 99, 99, 338, 338, 338, 338, 338, 400, 400, 400, 213, 213, 213, 246, 246, 246, 246, 3, 3, 14, 440, 145, 145, 486, 460, 460, 169, 215, 35, 441, 345, 100, 387, 387, 122, 99, 99, 107, 395, 395, 180, 139, 139, 496, 274, 122, 8, 8, 217, 473, 473, 109, 213, 324, 324, 324, 434, 252, 339, 325, 199, 398, 324, 246, 246, 246, 246, 464, 464, 464, 464, 282, 282, 282, 263, 263, 263, 13, 13, 414, 414, 414, 414, 312, 187, 187, 23, 23, 23, 23, 23, 149, 149, 149, 320, 320, 7, 251, 251, 479, 331, 470, 403, 403, 403, 290, 290, 290, 290, 434, 434, 434, 434, 434, 434, 434, 434, 434, 339, 10, 309, 479, 331, 331, 331, 331, 284, 426, 426, 426, 426, 426, 426, 375, 282, 355, 355, 452, 263, 13, 13, 414, 414, 414, 82, 170, 170, 187, 187, 187, 2, 2, 244, 244, 73, 73, 73, 73, 244, 321, 320, 287, 287, 287, 268, 268, 268, 206, 169, 150, 150, 54, 54, 54, 54, 482, 482, 142, 273, 273, 106, 106, 153, 424, 153, 182, 182, 182, 182, 182, 387, 387, 293, 293, 293, 122, 122, 77, 77, 108, 449, 449, 371, 444, 278, 301, 301, 378, 8, 345, 345, 100, 100, 497, 43, 43, 364, 364, 276, 276, 138, 174, 174, 387, 387, 387, 413, 216, 216, 398, 398, 464, 340, 340, 301, 116, 399, 53, 473, 65, 319, 319, 151, 169, 150, 99, 99, 436, 400, 400, 400, 422, 99, 99, 338, 338, 338, 400, 400, 400, 213, 324, 324, 246, 422, 99, 99, 99, 338, 338, 338, 400, 400, 400, 400, 286, 286, 301, 378, 42, 42, 147, 147, 467, 288, 288, 337, 277, 328, 328, 116, 303, 303, 398, 398, 398, 464, 464, 459, 471, 471, 77, 453, 342, 342, 168, 448, 448, 448, 464, 464, 464, 443, 443, 443, 240, 240, 146]

ep531
Train step Loss: [0.0015748777659609914, 0.08727173507213593, 0.1994042992591858, 0.05264910310506821, 0.1868855506181717, 0.0020107696764171124, 0.11988650262355804, 0.037645041942596436, 0.1080239787697792, 0.0747886523604393, 0.015081590041518211, 0.07903613150119781, 0.001923632575199008, 0.2526186406612396, 0.12682518362998962, 0.011076345108449459, 0.19956377148628235, 0.23131141066551208, 0.10274314880371094, 0.23240020871162415, 0.03498618304729462, 0.1863257884979248, 0.09685655683279037, 0.17744728922843933, 0.09533394873142242, 0.11431080847978592, 0.25648510456085205, 0.1111203134059906, 0.23779715597629547, 0.14678257703781128, 0.1723013073205948, 0.22838039696216583, 0.08491246402263641, 0.08144848048686981, 0.01152537576854229, 0.0966963842511177, 0.058326222002506256, 0.11338058114051819, 0.1411045640707016, 0.07764182239770889, 0.19431094825267792, 0.12733347713947296, 0.023178406059741974, 0.0917765274643898, 0.009223680011928082, 0.08374438434839249, 0.18649379909038544, 0.06563808023929596, 0.10460782051086426, 0.07546310871839523, 0.21321886777877808, 0.06400203704833984, 0.25132134556770325, 0.020298905670642853, 0.04324113205075264, 0.09074363112449646, 0.014859501272439957, 0.13701283931732178, 0.07373698055744171, 0.200993612408638, 0.0024975102860480547, 0.06037004664540291, 0.0019185449928045273]
val step Loss: [0.08920355886220932, 0.31145212054252625, 0.1269717961549759, 0.9007287621498108, 0.040013980120420456, 0.28227323293685913, 0.06783198565244675, 0.6312726736068726, 0.40389689803123474, 0.3124801218509674, 0.5996098518371582, 0.31481650471687317, 0.39906045794487, 0.17241846024990082, 0.036271046847105026, 0.345999538898468]
Train step Accs: [1.0, 0.9745750607056135, 0.9468030028475278, 0.9833881578947369, 0.9481500448086032, 1.0, 0.9640133779264214, 0.989292243405589, 0.9698270420401465, 0.98048, 0.996386164171399, 0.9767381076842655, 1.0, 0.9378851368005916, 0.9684391501903475, 0.9970536240424278, 0.9432302015327846, 0.938852436130113, 0.9707416359241827, 0.9374905173721741, 0.9904285083198351, 0.9469277182612978, 0.9736962838354488, 0.951119297251346, 0.9738570854001877, 0.9685506601394452, 0.9249934089111521, 0.9677629861654921, 0.9356881508584295, 0.9597737272155877, 0.9536048504020034, 0.9361272405958091, 0.9783138401559455, 0.977112215537536, 0.9971943295924395, 0.9747854077253219, 0.9845772514458827, 0.9683507883530901, 0.9605689339529644, 0.9785989442145813, 0.9480449919657205, 0.9640684679586928, 0.993391773432232, 0.9732234809474768, 0.9983381803074366, 0.9793004061312721, 0.947228144989339, 0.9807073954983923, 0.9702776691435275, 0.9787628278221209, 0.9388304379740641, 0.9815327793167128, 0.9295373665480428, 0.9944846604619096, 0.9884526558891455, 0.9741896758703481, 0.9963065558633426, 0.9628486952050392, 0.9806877647645154, 0.9447047797563262, 1.0, 0.9854223238530799, 1.0]
val step Accs: [0.9775574831336913, 0.9242832065535401, 0.9712797853874073, 0.7842690225135366, 0.991849353569421, 0.9286012526096034, 0.9855363024488042, 0.8381864113814652, 0.8960529872938632, 0.9204983303365014, 0.8478787106637788, 0.9288226021583607, 0.9009381459691524, 0.954675071289209, 0.9900933072226702, 0.911863646557524]
Preds: [17, 17, 7, 309, 309, 309, 94, 479, 398, 360, 360, 360, 252, 339, 465, 465, 183, 444, 444, 213, 213, 324, 324, 324, 246, 19, 19, 19, 454, 454, 454, 454, 78, 78, 170, 170, 170, 170, 170, 312, 187, 187, 187, 187, 187, 341, 237, 341, 341, 260, 260, 260, 260, 341, 341, 341, 341, 341, 2, 2, 2, 2, 2, 2, 163, 163, 163, 244, 163, 316, 63, 316, 244, 316, 316, 73, 73, 73, 289, 289, 321, 412, 287, 287, 287, 287, 284, 284, 284, 486, 486, 85, 85, 146, 240, 240, 240, 388, 24, 35, 414, 414, 414, 414, 414, 197, 197, 197, 102, 102, 102, 102, 7, 7, 127, 331, 331, 331, 315, 315, 315, 315, 113, 450, 450, 450, 167, 35, 8, 354, 420, 420, 420, 324, 213, 171, 171, 246, 246, 246, 246, 246, 246, 246, 3, 3, 3, 3, 188, 250, 250, 250, 250, 250, 250, 43, 43, 276, 346, 174, 174, 319, 319, 240, 285, 285, 34, 145, 145, 486, 486, 486, 486, 460, 460, 460, 460, 169, 150, 150, 162, 342, 342, 68, 68, 115, 115, 267, 267, 267, 267, 267, 324, 3, 464, 464, 464, 356, 50, 50, 368, 281, 31, 162, 232, 232, 232, 172, 115, 115, 273, 273, 499, 265, 265, 428, 85, 85, 85, 85, 59, 59, 59, 59, 452, 452, 263, 414, 414, 414, 414, 414, 47, 47, 47, 47, 244, 321, 320, 320, 345, 100, 100, 497, 497, 497, 497, 122, 122, 122, 239, 310, 107, 395, 395, 180, 151, 151, 319, 319, 330, 240, 348, 348, 374, 374, 132, 132, 132, 88, 132, 132, 313, 285, 34, 41, 324, 324, 324, 324, 246, 246, 246, 246, 3, 3, 3, 464, 14, 440, 287, 284, 265, 265, 265, 85, 85, 85, 85, 468, 396, 313, 406, 406, 406, 406, 147, 467, 337, 213, 213, 324, 324, 324, 301, 301, 301, 8, 259, 354, 65, 106, 284, 284, 265, 265, 265, 85, 193, 403, 438, 438, 438, 438, 438, 438, 438, 438, 438, 438, 438, 438, 438, 438, 438, 438, 438, 438, 438, 438, 438, 438, 438, 438, 438, 438, 438, 438, 438, 438, 438, 438, 438, 438, 438, 438, 438, 438, 438, 438, 438, 438, 438, 438, 438, 438, 438, 438, 438, 438, 438, 438, 438, 438, 438, 438, 438, 438, 438, 438, 438, 438, 438, 438, 438, 438, 438, 438, 438, 438, 438, 438, 438, 438, 438, 438, 438, 438, 438, 438, 438, 438, 438, 438, 438, 438, 438, 438, 438, 438, 438, 438, 438, 438, 438, 438, 438, 438, 438, 438, 438, 438, 438, 438, 438, 438, 438, 438, 438, 438, 438, 438, 438, 438, 438, 438, 438, 438, 438, 438, 438, 438, 438, 438, 438, 438, 438, 438, 438, 438, 438, 438, 438, 438, 438, 438, 438, 438, 438, 438, 438, 438, 438, 438, 438, 438, 438, 438, 438, 438, 438, 438, 438, 438, 438, 438, 438, 438, 438, 438, 438, 438, 438, 438, 438, 438, 438, 438, 438, 438, 438, 438, 438, 438, 438, 438, 438, 438, 438, 438, 438, 438, 438, 438, 438, 438, 438, 438, 438, 438, 438, 438, 438, 438, 438, 438, 438, 438, 438, 438, 438, 438, 438, 438, 438, 438, 438, 438, 438, 438, 438, 438, 438, 438, 438, 438, 438, 438, 438, 438, 438, 438, 438, 438, 438, 438, 438, 438, 438, 438, 438, 438, 438, 438, 438, 438, 438, 438, 438, 438, 438, 438, 438, 438, 438, 438, 438, 438, 438, 438, 438, 438, 438, 438, 438, 438, 438, 438, 438, 438, 438, 438, 438, 438, 438, 438, 438, 438, 438, 438]

