ep421
Train step Loss: [0.3942597508430481, 0.24404621124267578, 0.5013747811317444, 0.3602203130722046, 0.013593885116279125, 0.2958388328552246, 0.2160996049642563, 0.17277297377586365, 0.5631402730941772, 0.5601401329040527, 0.13032060861587524, 0.2867234945297241, 0.07369965314865112, 0.4032820165157318, 0.005780139937996864, 0.23319971561431885, 0.09011494368314743, 0.29716020822525024, 0.16586792469024658, 0.3165927231311798, 0.29493653774261475, 0.36318811774253845, 0.5223659873008728, 0.2730906009674072, 0.32157501578330994, 0.20374135673046112, 0.4200008511543274, 0.15685123205184937, 0.2548463046550751, 0.5363172888755798, 0.42618057131767273, 0.14820699393749237, 0.09790384769439697, 0.43642452359199524, 0.2606094181537628, 0.6552312970161438, 0.151959627866745, 0.44855326414108276, 0.14364366233348846, 0.19058500230312347, 0.31060805916786194, 0.26669713854789734, 0.21253468096256256, 0.10325363278388977, 0.00574075011536479, 0.43996310234069824, 0.2838062047958374, 0.2005602866411209, 0.0065768505446612835, 0.3434455394744873, 0.24744926393032074, 0.34470880031585693, 0.15347343683242798, 0.19062578678131104, 0.21818165481090546, 0.11881148815155029, 0.35001176595687866, 0.11907484382390976, 0.28600919246673584, 0.7112361788749695, 0.17412208020687103, 0.24399377405643463, 0.4028918743133545]
val step Loss: [0.512868344783783, 0.4565412402153015, 0.7039603590965271, 0.5871534943580627, 0.11094998568296432, 1.057312250137329, 0.6849460005760193, 0.6863057613372803, 0.6570517420768738, 0.6638390421867371, 0.19314512610435486, 0.5080931186676025, 0.8059455156326294, 0.30321061611175537, 0.03311680629849434, 0.45303937792778015]
Train step Accs: [0.903573998560806, 0.9384042400802177, 0.884255930984903, 0.9099086820226251, 0.997948717948718, 0.922891243127263, 0.9464112175482438, 0.954686029312895, 0.8667997338656022, 0.859633437639696, 0.9690208895836294, 0.9269672267509566, 0.9808088614116435, 0.8952199308618429, 1.0, 0.9383638928067701, 0.976496558888456, 0.9209274673008323, 0.9573036993712531, 0.9202150850167127, 0.9185826345685691, 0.9019037225657816, 0.8679775280898876, 0.9289298792892988, 0.9154063060753653, 0.9470517448856799, 0.8868141706100524, 0.9580712788259959, 0.9333511777301927, 0.8617666891436278, 0.8903296170625303, 0.9626834381551362, 0.9776867674057337, 0.8815115928937067, 0.9364051229206536, 0.8302027615375047, 0.9637690275506353, 0.8828360251847797, 0.9616048890660289, 0.953299884214589, 0.9168087697929355, 0.9285424827772525, 0.9463421194190424, 0.9732941477127524, 1.0, 0.8879673691366418, 0.9275826711099718, 0.9512429611317127, 0.9998631261976457, 0.9117801735471995, 0.9347297297297297, 0.943079505569968, 0.9585222726060283, 0.9506533222129553, 0.9421152285637003, 0.9692619979701319, 0.906055900621118, 0.969421134973688, 0.9249804228660924, 0.8237269918043799, 0.9531621790857858, 0.9357454772301934, 0.8938413611310807]
val step Accs: [0.8748753738783649, 0.8923058369512783, 0.814557535487768, 0.8561857276410096, 0.9754610135037026, 0.7458121827411167, 0.8214917452830188, 0.8386298515238343, 0.8529252437703142, 0.8438774168091543, 0.9533678756476683, 0.8751008335574079, 0.8011341157853092, 0.9285025485604078, 0.992877094972067, 0.8869888475836432]
Preds: [17, 437, 284, 284, 284, 284, 426, 426, 426, 426, 450, 450, 413, 413, 250, 250, 250, 276, 276, 276, 174, 109, 109, 403, 171, 171, 324, 324, 318, 318, 31, 54, 96, 270, 232, 172, 115, 273, 273, 486, 486, 460, 460, 215, 458, 75, 208, 208, 441, 345, 345, 141, 141, 186, 323, 323, 323, 323, 142, 397, 397, 494, 494, 333, 255, 385, 385, 457, 401, 32, 239, 188, 183, 183, 110, 110, 110, 145, 486, 460, 460, 169, 169, 150, 54, 54, 482, 482, 482, 482, 115, 273, 267, 267, 267, 171, 171, 171, 246, 246, 246, 246, 324, 301, 236, 129, 401, 401, 354, 354, 106, 284, 284, 376, 376, 376, 460, 468, 406, 406, 467, 380, 486, 486, 460, 460, 169, 215, 35, 8, 401, 345, 392, 197, 197, 82, 80, 80, 249, 320, 7, 7, 345, 109, 443, 403, 403, 171, 171, 301, 116, 8, 250, 250, 364, 364, 276, 276, 346, 346, 284, 315, 315, 450, 450, 450, 413, 43, 276, 276, 276, 276, 276, 276, 138, 182, 375, 98, 98, 98, 13, 13, 13, 13, 170, 170, 170, 102, 102, 102, 102, 102, 102, 102, 102, 102, 102, 102, 102, 442, 479, 287, 287, 284, 284, 284, 284, 426, 426, 426, 206, 167, 263, 13, 233, 170, 170, 170, 392, 392, 392, 63, 63, 63, 63, 63, 63, 63, 63, 63, 63, 63, 63, 63, 63, 63, 63, 63, 63, 63, 63, 63, 63, 63, 63, 63, 63, 63, 63, 63, 63, 63, 63, 63, 63, 63, 63, 392, 289, 289, 320, 320, 7, 309, 398, 331, 331, 290, 360, 360, 246, 246, 246, 252, 252, 36, 458, 445, 188, 213, 324, 301, 301, 129, 259, 354, 354, 354, 106, 106, 284, 284, 319, 319, 203, 53, 53, 65, 375, 375, 98, 197, 401, 401, 209, 320, 7, 473, 473, 398, 476, 324, 464, 464, 301, 285, 251, 241, 241, 4, 276, 276, 276, 153, 153, 153, 182, 387, 387, 122, 122, 122, 251, 32, 239, 401, 75, 445, 107, 107, 395, 395, 395, 395, 106, 387, 387, 387, 375, 98, 98, 122, 129, 129, 233, 170, 170, 392, 392, 392, 187, 187, 187, 292, 23, 23, 391, 228, 287, 320, 7, 153, 153, 153, 387, 387, 132, 132, 132, 132, 129, 43, 129, 208, 208, 441, 441, 153, 153, 387, 387, 349, 99, 323, 323, 54, 482, 68, 6, 6, 272, 494, 129, 251, 251, 301, 301, 464, 464, 180, 180, 120, 240, 240, 37, 282, 282, 251, 35, 233, 66, 342, 224, 433, 160, 160, 336, 196, 196, 10, 195, 195, 246, 19, 19, 48, 197, 226, 226, 244, 80, 440, 83, 55, 443, 251, 454, 36, 36, 239, 401, 384, 354, 7, 420, 213, 443, 171, 171, 252, 252, 464, 464, 139, 43, 43, 43, 122, 122, 129, 129, 236, 401, 75, 384, 384, 107, 395, 395, 106, 106, 153, 153, 182, 182, 182, 182, 182, 182, 182, 42, 42, 42, 42, 42, 147, 147, 456, 324, 301, 301, 143, 464, 264, 264, 264, 120, 120, 120, 403, 403, 403, 403, 403, 403, 403, 403, 403, 403, 403, 403, 403, 403, 403, 403, 403, 403, 403, 403, 403, 403, 403, 403, 403, 403, 403, 403, 403, 403, 403, 403, 403, 403, 403, 403, 403, 403, 403, 403, 403, 403, 403, 403, 403, 403, 403, 403, 403, 403, 403, 403, 403, 403, 403, 403, 403, 403, 403, 403, 403, 403, 403, 403, 403, 403, 403, 403, 403, 403, 403, 403, 403, 403, 403, 403, 403, 403, 403, 403, 403, 403, 403, 403, 403, 403, 403, 403, 403, 403, 403]

ep422
Train step Loss: [0.08711571246385574, 0.15633511543273926, 0.6192654967308044, 0.4436638653278351, 0.007769198156893253, 0.23623640835285187, 0.02291284315288067, 0.5408663749694824, 0.14385923743247986, 0.7996726632118225, 0.398295134305954, 0.2608710527420044, 0.4619590938091278, 0.40750032663345337, 0.06514912843704224, 0.21117804944515228, 0.005887588951736689, 0.2859877347946167, 0.2774049937725067, 0.41887032985687256, 0.0085980873554945, 0.1377803236246109, 0.25562912225723267, 0.2671763002872467, 0.24755142629146576, 0.16171467304229736, 0.33859050273895264, 0.20561562478542328, 0.33454227447509766, 0.3484257161617279, 0.03023921139538288, 0.1928941309452057, 0.3230147659778595, 0.3646193742752075, 0.387018620967865, 0.2612331211566925, 0.14512008428573608, 0.15573444962501526, 0.2962658107280731, 0.120880126953125, 0.4774417281150818, 0.005329989828169346, 0.28626182675361633, 0.5477727055549622, 0.37354332208633423, 0.5322708487510681, 0.4002898335456848, 0.29742515087127686, 0.21526755392551422, 0.1347588449716568, 0.42452535033226013, 0.004908907227218151, 0.2401573807001114, 0.33340105414390564, 0.2836286723613739, 0.190185546875, 0.23058545589447021, 0.07384881377220154, 0.553139865398407, 0.26427799463272095, 0.09894722700119019, 0.14812713861465454, 0.07414962351322174]
val step Loss: [1.083236813545227, 0.3855299651622772, 0.548166811466217, 0.741348147392273, 0.4066350758075714, 0.28895503282546997, 0.3291243612766266, 0.7993803024291992, 0.46242135763168335, 0.36362653970718384, 0.5656732320785522, 0.4748777747154236, 0.783745288848877, 0.21025560796260834, 0.48889654874801636, 0.5840836763381958]
Train step Accs: [0.9774527726995734, 0.9638630266687707, 0.8343456653782441, 0.8992259174311926, 0.9992253066494513, 0.9373471882640587, 0.9949032932566649, 0.8655995584379743, 0.9634433962264151, 0.8113309840065058, 0.8961250849762067, 0.9305954825462013, 0.8868725868725869, 0.897316219369895, 0.9842112074543807, 0.9421564707450353, 1.0, 0.9271291742169299, 0.9301521438450899, 0.8887890073198921, 0.9989257213014119, 0.9630100240011294, 0.9332930513595166, 0.9312360801781737, 0.9349290526014046, 0.9598231206569804, 0.9108227498619548, 0.9507234507234508, 0.9115646258503401, 0.9101550623289754, 0.9932724651609803, 0.9499633162142334, 0.9155745620085529, 0.9056969383800543, 0.9001010538472644, 0.9311067291101799, 0.9638811142209783, 0.9592784188884468, 0.9200199950012496, 0.9707964601769912, 0.8777125699467722, 1.0, 0.924953095684803, 0.8533171847665186, 0.9071238770087309, 0.8577089337175793, 0.894374914042085, 0.9224989564491443, 0.9477321271516522, 0.9657957244655582, 0.8871738331495773, 1.0, 0.9343353455710238, 0.9175309259027865, 0.9321989868814131, 0.9504182325130319, 0.9417086917828538, 0.983212405747617, 0.8581052028092303, 0.9339503042596349, 0.9749351771823682, 0.960157202873018, 0.9809402795425667]
val step Accs: [0.7455786102214176, 0.9006109372671733, 0.8671552908841045, 0.823550768486022, 0.9008514937220378, 0.9294357579877635, 0.920503144654088, 0.8017503342652242, 0.8967644639429668, 0.9117910638842658, 0.8618320610687022, 0.8803002919505074, 0.8078131402813823, 0.9463722397476341, 0.8849702380952381, 0.8468406593406593]
Preds: [17, 17, 5, 251, 251, 251, 241, 331, 431, 486, 486, 460, 460, 169, 35, 36, 449, 371, 371, 494, 494, 99, 99, 99, 338, 338, 338, 338, 60, 400, 400, 360, 200, 434, 464, 464, 464, 331, 355, 355, 282, 282, 282, 282, 330, 240, 216, 219, 324, 464, 464, 464, 464, 464, 255, 43, 43, 43, 43, 345, 345, 345, 109, 109, 109, 41, 324, 246, 246, 246, 246, 246, 3, 3, 197, 197, 259, 259, 7, 473, 473, 398, 398, 286, 464, 464, 464, 464, 180, 315, 315, 284, 319, 319, 319, 319, 450, 450, 450, 413, 43, 43, 364, 276, 276, 276, 276, 346, 346, 346, 346, 284, 284, 284, 265, 265, 265, 265, 265, 85, 85, 85, 85, 85, 299, 388, 313, 406, 406, 303, 217, 359, 359, 473, 291, 275, 275, 207, 207, 19, 358, 465, 465, 75, 134, 134, 302, 153, 497, 169, 349, 349, 349, 155, 441, 441, 441, 441, 148, 148, 148, 153, 182, 182, 182, 182, 387, 372, 372, 182, 387, 406, 406, 134, 134, 182, 100, 100, 375, 375, 98, 98, 98, 98, 98, 13, 229, 170, 170, 170, 170, 28, 28, 28, 28, 187, 187, 82, 1, 12, 12, 260, 260, 391, 391, 391, 73, 73, 73, 73, 244, 321, 320, 320, 451, 420, 213, 213, 213, 213, 213, 213, 246, 246, 246, 422, 76, 36, 310, 310, 310, 323, 323, 395, 395, 395, 374, 374, 374, 374, 132, 182, 182, 182, 182, 375, 98, 98, 98, 48, 48, 414, 170, 170, 170, 82, 28, 2, 244, 2, 2, 2, 244, 244, 316, 73, 73, 73, 244, 321, 287, 287, 287, 287, 287, 111, 111, 111, 111, 438, 348, 348, 348, 466, 250, 65, 302, 497, 497, 122, 122, 239, 75, 384, 384, 371, 180, 180, 443, 443, 443, 460, 169, 167, 35, 35, 77, 77, 342, 115, 115, 273, 273, 106, 284, 284, 486, 460, 460, 169, 169, 150, 150, 39, 232, 232, 232, 172, 172, 115, 115, 267, 267, 267, 267, 267, 324, 3, 3, 3, 3, 188, 188, 464, 464, 464, 120, 271, 271, 31, 31, 162, 232, 232, 172, 172, 115, 115, 273, 273, 106, 499, 265, 265, 265, 265, 85, 85, 85, 59, 59, 59, 59, 452, 452, 48, 17, 83, 83, 403, 403, 438, 438, 438, 438, 438, 438, 438, 438, 438, 438, 438, 438, 438, 438, 438, 438, 438, 438, 438, 438, 438, 438, 438, 438, 438, 438, 438, 438, 438, 438, 438, 438, 438, 438, 438, 438, 438, 438, 438, 438, 438, 438, 438, 438, 438, 438, 438, 438, 438, 438, 438, 438, 438, 438, 438, 438, 438, 438, 438, 438, 438, 438, 438, 438, 438, 438, 438, 438, 438, 438, 438, 438, 438, 438, 438, 438, 438, 438, 438, 438, 438, 438, 438, 438, 438, 438, 438, 438, 438, 438, 438, 438, 438, 438, 438, 438, 438, 438, 438, 438, 438, 438, 438, 438, 438, 438, 438, 438, 438, 438, 438, 438, 438, 438, 438, 438, 438, 438, 438, 438, 438, 438, 438, 438, 438, 438, 438, 438, 438, 438, 438, 438, 438, 438, 438, 438, 438, 438, 438, 438, 438, 438, 438, 438, 438, 438, 438, 438, 438, 438, 438, 438, 438, 438, 438, 438, 438, 438, 438, 438, 438, 438, 438, 438, 438, 438, 438, 438, 438, 438, 438, 438, 438, 438, 438, 438, 438, 438, 438, 438, 438, 438, 438, 438, 438, 438, 438, 438, 438, 438, 438, 438, 438, 438, 438, 438, 438, 438, 438, 438, 438, 438, 438, 438, 438, 438, 438, 438, 438, 438, 438, 438, 438, 438, 438, 438, 438, 438, 438]

ep423
Train step Loss: [0.04640117660164833, 0.22970393300056458, 0.4475759267807007, 0.29328322410583496, 0.2903710901737213, 0.8585131764411926, 0.11212296038866043, 0.33651426434516907, 0.17898663878440857, 0.23023517429828644, 0.37304064631462097, 0.4906223714351654, 0.19048918783664703, 0.1501796990633011, 0.44946953654289246, 0.2834192216396332, 0.20566590130329132, 0.35583534836769104, 0.4589153528213501, 0.14710858464241028, 0.3970167636871338, 0.2575051486492157, 0.10016252100467682, 0.12770336866378784, 0.418783575296402, 0.5392167568206787, 0.23572586476802826, 0.2063196301460266, 0.039481036365032196, 0.34092164039611816, 0.1878090798854828, 0.12088871747255325, 0.2362218201160431, 0.1915455311536789, 0.15184138715267181, 0.06702716648578644, 0.29993927478790283, 0.38722679018974304, 0.4060334861278534, 0.6238539814949036, 0.2597671449184418, 0.5101582407951355, 0.24246855080127716, 0.229872927069664, 0.2082320600748062, 0.22864797711372375, 0.6873483061790466, 0.24171750247478485, 0.0695287436246872, 0.1498657464981079, 0.3753519058227539, 0.10540603846311569, 0.3310392200946808, 0.1869935542345047, 0.4990127980709076, 0.42759352922439575, 0.0624009408056736, 0.053500860929489136, 0.2586022615432739, 0.36753928661346436, 0.004790027160197496, 0.42519018054008484, 0.008709288202226162]
val step Loss: [0.6488905549049377, 0.8502224087715149, 0.5373289585113525, 0.4807371497154236, 0.5942981243133545, 0.18377213180065155, 0.5801661014556885, 0.319181352853775, 0.5746535658836365, 0.44667476415634155, 0.33844634890556335, 0.5355677604675293, 0.7895939946174622, 0.739959716796875, 0.0748036727309227, 0.5935747623443604]
Train step Accs: [0.9883268482490273, 0.9423236024110625, 0.8872017353579176, 0.9246231155778895, 0.926088748454458, 0.778057447438555, 0.9708791974362547, 0.913169502205419, 0.9547505307855626, 0.9400735294117647, 0.8973818091574637, 0.8720206467284044, 0.9534105175059283, 0.9603416717510678, 0.883982683982684, 0.9297872340425531, 0.947935368043088, 0.9087878383784505, 0.8867975626269465, 0.9659121898009272, 0.8941206741283931, 0.9296403255447624, 0.9738648363252376, 0.9687538442612867, 0.8985671726486026, 0.8652351468844685, 0.9374918439253556, 0.9455720944218915, 0.9906410856340665, 0.9104419746704575, 0.9501903553299492, 0.9696431215755961, 0.9343891402714932, 0.9510098253275109, 0.9609077790895972, 0.9852734024843129, 0.9184519695922598, 0.9034910194788768, 0.9051639745472344, 0.8662744049211019, 0.9292452830188679, 0.8752119841718485, 0.937108749454069, 0.9403786759769035, 0.9483123852563198, 0.9414196123147093, 0.8191311612364244, 0.9374834787205921, 0.9838333818817361, 0.9610213395830763, 0.9051034482758621, 0.9717637430091393, 0.9151232082460944, 0.9525935653315823, 0.872378587196468, 0.8912002394492667, 0.9851557907113463, 0.9856353591160221, 0.9316890881913303, 0.9028263795423956, 1.0, 0.8905274345688854, 0.9996609020006781]
val step Accs: [0.8382352941176471, 0.7995946288320244, 0.8634711188905345, 0.8783923494443009, 0.8517501715854495, 0.9578424414478354, 0.8678419765795908, 0.9252840909090909, 0.865046877063251, 0.8859310147416631, 0.9174757281553398, 0.8629824561403509, 0.8111072624408266, 0.815995885302816, 0.9826442782559616, 0.8601302031958966]
Preds: [17, 17, 145, 145, 486, 460, 460, 169, 169, 349, 205, 205, 234, 234, 155, 25, 25, 148, 148, 387, 348, 348, 348, 398, 398, 398, 324, 360, 434, 434, 339, 200, 248, 473, 398, 398, 360, 360, 360, 360, 360, 360, 434, 434, 434, 246, 19, 19, 19, 454, 454, 454, 414, 414, 414, 414, 249, 80, 80, 80, 80, 321, 320, 188, 188, 188, 171, 171, 434, 434, 339, 339, 250, 345, 43, 153, 43, 43, 43, 285, 285, 285, 285, 285, 84, 139, 139, 496, 496, 293, 274, 122, 8, 75, 354, 354, 420, 420, 360, 360, 360, 360, 434, 434, 19, 19, 19, 454, 454, 48, 414, 414, 414, 414, 102, 414, 82, 82, 47, 140, 184, 184, 321, 320, 7, 7, 7, 309, 473, 473, 398, 398, 360, 360, 360, 360, 434, 434, 434, 246, 246, 246, 246, 19, 19, 454, 454, 197, 197, 197, 7, 7, 7, 219, 219, 219, 219, 219, 219, 485, 286, 286, 286, 378, 468, 406, 467, 380, 499, 180, 486, 315, 315, 315, 315, 282, 282, 388, 348, 348, 250, 250, 250, 250, 138, 138, 153, 497, 497, 349, 349, 349, 349, 234, 234, 234, 261, 261, 25, 25, 148, 148, 153, 153, 182, 98, 98, 98, 98, 98, 197, 197, 197, 440, 188, 188, 356, 356, 257, 368, 368, 31, 342, 342, 342, 168, 168, 273, 444, 444, 444, 171, 324, 324, 324, 252, 422, 77, 478, 342, 172, 115, 115, 273, 273, 486, 486, 460, 460, 460, 178, 35, 35, 35, 411, 100, 100, 100, 182, 182, 182, 182, 182, 182, 182, 182, 182, 375, 375, 375, 98, 98, 98, 13, 226, 259, 321, 209, 287, 287, 426, 426, 426, 426, 98, 98, 98, 98, 13, 17, 83, 83, 83, 403, 403, 403, 403, 438, 438, 438, 438, 438, 438, 438, 438, 438, 438, 438, 438, 438, 438, 438, 438, 438, 438, 438, 438, 438, 438, 438, 438, 438, 438, 438, 438, 438, 438, 438, 438, 438, 438, 438, 438, 438, 438, 438, 438, 438, 438, 438, 438, 438, 438, 438, 438, 438, 438, 438, 438, 438, 438, 438, 438, 438, 438, 438, 438, 438, 438, 438, 438, 438, 438, 438, 438, 438, 438, 438, 438, 438, 438, 438, 438, 438, 438, 438, 438, 438, 438, 438, 438, 438, 438, 438, 438, 438, 438, 438, 438, 438, 438, 438, 438, 438, 438, 438, 438, 438, 438, 438, 438, 438, 438, 438, 438, 438, 438, 438, 438, 438, 438, 438, 438, 438, 438, 438, 438, 438, 438, 438, 438, 438, 438, 438, 438, 438, 438, 438, 438, 438, 438, 438, 438, 438, 438, 438, 438, 438, 438, 438, 438, 438, 438, 438, 438, 438, 438, 438, 438, 438, 438, 438, 438, 438, 438, 438, 438, 438, 438, 438, 438, 438, 438, 438, 438, 438, 438, 438, 438, 438, 438, 438, 438, 438, 438, 438, 438, 438, 438, 438, 438, 438, 438, 438, 438, 438, 438, 438, 438, 438, 438, 438, 438, 438, 438, 438, 438, 438, 438, 438, 438, 438, 438, 438, 438, 438, 438, 438, 438, 438, 438, 438, 438, 438, 438, 438, 438, 438, 438, 438, 438, 438, 438, 438, 438, 438, 438, 438, 438, 438, 438, 438, 438, 438, 438, 438, 438, 438, 438, 438, 438, 438, 438, 438, 438, 438, 438, 438, 438, 438, 438, 438, 438, 438, 438, 438, 438, 438, 438, 438, 438, 438, 438, 438, 438, 438, 438, 438, 438, 438, 438, 438, 438, 438, 438, 438, 438, 438, 438, 438, 438, 438, 438, 438, 438, 438, 438, 438, 438, 438, 438, 438, 438, 438, 438, 438, 438, 438, 438, 438]

ep424
Train step Loss: [0.17904411256313324, 0.41015008091926575, 0.15721045434474945, 0.41146227717399597, 0.46170562505722046, 0.3339952528476715, 0.20687679946422577, 0.3245742619037628, 0.5852766633033752, 0.18236075341701508, 0.1345134973526001, 0.318926602602005, 0.38218939304351807, 0.3721333146095276, 0.3129437565803528, 0.47823628783226013, 0.149868443608284, 0.38322848081588745, 0.2785402536392212, 0.30604100227355957, 0.05738462880253792, 0.5120485424995422, 0.3276059925556183, 0.5249245166778564, 0.1404821276664734, 0.06434692442417145, 0.3706101179122925, 0.2224322110414505, 0.28390616178512573, 0.21055951714515686, 0.08590833842754364, 0.27609944343566895, 0.07679387181997299, 0.3221642076969147, 0.07803524285554886, 0.2576185166835785, 0.22725556790828705, 0.2317732721567154, 0.7172133922576904, 0.22134608030319214, 0.15712551772594452, 0.3023970127105713, 0.13292425870895386, 0.1882116198539734, 0.27525317668914795, 0.519502580165863, 0.06875032186508179, 0.394622266292572, 0.4289601743221283, 0.4115280508995056, 0.42494577169418335, 0.10907032340765, 0.16173118352890015, 0.15964661538600922, 0.22987927496433258, 0.2499891072511673, 0.19593693315982819, 0.07584013044834137, 0.3131581246852875, 0.3882080018520355, 0.1218712329864502, 0.13640610873699188, 0.3214753270149231]
val step Loss: [0.4450080096721649, 0.07864073663949966, 0.5500296950340271, 0.5118389129638672, 1.1916025876998901, 0.3826338052749634, 0.4602757692337036, 0.5665774345397949, 0.6768441796302795, 0.5072742104530334, 0.38662514090538025, 0.5115919709205627, 0.49693647027015686, 0.6131889820098877, 0.5970548391342163, 0.6738560795783997]
Train step Accs: [0.9539951573849879, 0.8928045022109071, 0.9601732811626607, 0.8925239962146816, 0.8801694070752367, 0.916070873484613, 0.9440331283724432, 0.9185325743200506, 0.8748937376027203, 0.9530034235916589, 0.964645726807889, 0.9188471244521185, 0.9002763124843004, 0.9029718059436119, 0.9183180894308943, 0.8749820169759747, 0.9614410357444413, 0.9011831137402527, 0.9288304015039613, 0.9216683621566633, 0.9872187458394355, 0.8641253818568203, 0.9169444444444445, 0.8650657518582047, 0.9663595756560581, 0.9841347927684172, 0.9116068907088393, 0.9432269451389911, 0.925989044430919, 0.9434403848654271, 0.9777638190954774, 0.9288140198342616, 0.9797429449566918, 0.9197051978277735, 0.9811399251144085, 0.932829992189534, 0.9418243872168787, 0.9500924214417745, 0.8118609406952966, 0.941268044155109, 0.95838400216187, 0.9248451479697178, 0.9671289162814587, 0.9496381182147166, 0.928070384020925, 0.8643996049103994, 0.9825457136072192, 0.9031883309668258, 0.8886175552842219, 0.889589905362776, 0.8916730917501927, 0.9727422495132545, 0.9612403100775194, 0.956771063078959, 0.9425017277125086, 0.9355679702048417, 0.9504612230953194, 0.9820516016452698, 0.9186269146608315, 0.9006400487656202, 0.9695676122280363, 0.9685223367697594, 0.911660777385159]
val step Accs: [0.8956487237137944, 0.9820487248895854, 0.864558629776021, 0.8672999424294761, 0.7149841437632135, 0.9154698399671728, 0.8839152119700748, 0.8573851774530271, 0.8379739750944453, 0.8822958547067794, 0.9033564814814815, 0.8758004268943437, 0.8795811518324608, 0.8598975595058752, 0.8540561521542244, 0.8271933156095709]
Preds: [17, 17, 32, 32, 75, 108, 108, 119, 119, 351, 84, 171, 171, 178, 143, 458, 445, 445, 445, 451, 30, 30, 324, 301, 301, 464, 199, 331, 331, 319, 319, 315, 315, 319, 319, 319, 203, 203, 64, 76, 76, 465, 164, 27, 351, 351, 351, 486, 486, 486, 376, 376, 460, 460, 282, 282, 263, 263, 263, 263, 414, 414, 414, 414, 414, 47, 47, 82, 80, 75, 66, 66, 66, 66, 115, 115, 273, 273, 106, 293, 293, 274, 58, 144, 27, 437, 486, 486, 460, 460, 150, 150, 150, 232, 232, 172, 172, 115, 115, 267, 267, 267, 267, 267, 213, 246, 246, 246, 246, 246, 246, 464, 464, 464, 275, 116, 43, 250, 43, 276, 70, 70, 65, 65, 426, 426, 426, 426, 426, 426, 282, 282, 282, 282, 98, 215, 8, 259, 354, 65, 180, 180, 315, 113, 113, 206, 167, 215, 215, 364, 364, 276, 100, 100, 182, 182, 375, 98, 98, 98, 98, 13, 414, 414, 414, 170, 82, 170, 244, 28, 2, 244, 2, 63, 244, 2, 63, 244, 163, 244, 73, 289, 435, 66, 66, 66, 68, 172, 172, 115, 115, 267, 267, 267, 267, 360, 434, 434, 434, 434, 339, 398, 398, 398, 464, 464, 464, 464, 330, 330, 378, 43, 43, 43, 276, 276, 153, 153, 153, 387, 387, 387, 387, 387, 387, 58, 360, 324, 324, 464, 464, 464, 315, 315, 282, 282, 282, 282, 413, 43, 43, 364, 276, 276, 100, 346, 139, 293, 293, 122, 122, 402, 183, 183, 183, 110, 110, 464, 139, 139, 139, 139, 375, 185, 49, 49, 269, 323, 224, 397, 106, 88, 387, 88, 216, 216, 114, 89, 89, 446, 446, 199, 199, 120, 330, 330, 330, 379, 77, 368, 453, 168, 168, 490, 422, 99, 99, 99, 338, 338, 338, 60, 60, 395, 298, 139, 139, 139, 175, 251, 10, 10, 217, 473, 473, 398, 398, 360, 360, 434, 301, 301, 143, 259, 345, 345, 81, 278, 374, 374, 378, 43, 8, 345, 276, 346, 174, 174, 426, 426, 426, 319, 348, 348, 175, 43, 43, 345, 81, 81, 403, 171, 360, 360, 434, 339, 200, 248, 76, 465, 465, 183, 451, 451, 30, 324, 324, 301, 143, 129, 259, 74, 74, 351, 351, 351, 264, 264, 120, 120, 120, 120, 120, 37, 271, 271, 99, 99, 99, 436, 338, 338, 447, 427, 427, 427, 56, 56, 312, 312, 126, 126, 292, 1, 1, 1, 1, 1, 1, 1, 408, 408, 408, 149, 228, 244, 321, 321, 412, 287, 287, 111, 111, 460, 460, 169, 150, 77, 342, 232, 172, 172, 115, 115, 267, 267, 267, 267, 267, 246, 246, 246, 246, 246, 246, 246, 117, 32, 197, 32, 32, 219, 219, 219, 219, 219, 152, 485, 374, 374, 374, 374, 374, 374, 374, 374, 132, 132, 98, 98, 98, 197, 197, 197, 197, 197, 80, 75, 75, 155, 155, 155, 25, 25, 106, 106, 387, 293, 58, 58, 27, 27, 437, 437, 486, 151, 460, 169, 150, 150, 342, 232, 172, 172, 115, 267, 267, 267, 267, 213, 246, 246, 3, 3, 3, 3, 188, 30, 324, 422, 422, 349, 349, 402, 25, 106, 106, 284, 206, 319, 348, 348, 203, 399, 250, 276, 276, 138, 346, 346, 372, 372, 406, 467, 467, 467, 443, 443, 443, 463, 203, 43, 175, 81, 81, 431, 443, 403, 403, 325, 325, 171, 464, 464, 324, 301, 301, 173, 406, 473, 464, 464, 464, 120, 120, 120, 355, 355, 282, 263, 263, 263, 414, 414, 414, 414, 170, 170, 187, 187, 187, 187, 187, 244, 391, 73, 244, 244, 320, 320]

ep425
Train step Loss: [0.39206361770629883, 0.0473828949034214, 0.4162399172782898, 0.16354459524154663, 0.37256911396980286, 0.2893393933773041, 0.511717677116394, 0.25061875581741333, 0.27709880471229553, 0.33328336477279663, 0.5058391094207764, 0.2777039706707001, 0.5839563608169556, 0.393219918012619, 0.2545627951622009, 0.17033684253692627, 0.12313628941774368, 0.3204658627510071, 0.2027076780796051, 0.14945544302463531, 0.44883298873901367, 0.5244569182395935, 0.2950584590435028, 0.24127928912639618, 0.13231739401817322, 0.20237287878990173, 0.28185370564460754, 0.18829254806041718, 0.07463313639163971, 0.11761742830276489, 0.43474963307380676, 0.29389411211013794, 0.13376358151435852, 0.22079728543758392, 0.13115370273590088, 0.6694533228874207, 0.3707350790500641, 0.523853600025177, 0.1884884238243103, 0.36031460762023926, 0.45782583951950073, 0.05985831841826439, 0.16940607130527496, 0.053450584411621094, 0.31255024671554565, 0.33030757308006287, 0.3158457577228546, 0.3299655020236969, 0.27449357509613037, 0.26944500207901, 0.3075133264064789, 0.24134621024131775, 0.273716539144516, 0.032618097960948944, 0.3021381199359894, 0.12814438343048096, 0.1806218922138214, 0.5576797723770142, 0.4544233977794647, 0.6923157572746277, 0.20822589099407196, 0.17104412615299225, 0.19813019037246704]
val step Loss: [0.5755706429481506, 0.25732189416885376, 0.4997310936450958, 0.24111899733543396, 1.0449283123016357, 0.6148239970207214, 0.4048160910606384, 0.25925469398498535, 0.38861969113349915, 0.32218071818351746, 0.7933698296546936, 0.6991907954216003, 0.744563639163971, 0.5823802947998047, 0.6441454887390137, 0.731514573097229]
Train step Accs: [0.8979617834394904, 0.989264845767088, 0.8943968358602505, 0.9569608078865112, 0.9003152088258471, 0.9257211538461538, 0.8872331856625051, 0.9383735705209657, 0.93119977442549, 0.9150308468872687, 0.8696273025846066, 0.9278792912513842, 0.8591756624141315, 0.8996829422954978, 0.9362704350235522, 0.9569952527227031, 0.9666845062884667, 0.9182389937106918, 0.9463284753363229, 0.9644522879112568, 0.8777458158995816, 0.8669393647738209, 0.9290462623795958, 0.9358400894604417, 0.9660678642714571, 0.9464839710444675, 0.9272082211891363, 0.9488036358775565, 0.9819646968534151, 0.9681742043551089, 0.8832467532467533, 0.9214111573210957, 0.965962119132583, 0.9428649910726549, 0.9652383654937571, 0.8304541655057119, 0.9059899031245736, 0.862548469046664, 0.952693273792911, 0.9060221442073995, 0.8842509603072983, 0.9850705004147083, 0.9594649371706526, 0.9870231394621638, 0.9170874735298908, 0.9144678138942002, 0.9191657786573298, 0.9132444927930378, 0.924109139704786, 0.931397622987814, 0.9205170517051705, 0.9359752469356182, 0.9277832270720942, 0.9932846715328467, 0.9225870365128785, 0.9654884497634288, 0.9570300637716368, 0.8527949374717493, 0.8868138087153368, 0.825334060539951, 0.9437360326015513, 0.9562293834052271, 0.9476617397625394]
val step Accs: [0.8625553097345132, 0.9330771269546779, 0.8855093637933324, 0.9379157427937915, 0.7457976997935712, 0.8566098743937322, 0.8998965338851526, 0.9355974842767295, 0.8978965819456617, 0.919437652811736, 0.8160162189559047, 0.8310386311990375, 0.8150793650793651, 0.8529930772363241, 0.8444781469736661, 0.819081908190819]
Preds: [17, 309, 479, 479, 398, 278, 17, 17, 465, 77, 77, 54, 142, 108, 119, 351, 351, 494, 498, 468, 468, 468, 468, 467, 337, 337, 337, 337, 434, 339, 339, 94, 479, 331, 331, 84, 84, 84, 426, 426, 16, 375, 375, 375, 98, 98, 98, 98, 13, 13, 414, 259, 170, 187, 187, 442, 442, 187, 341, 2, 2, 244, 341, 341, 341, 2, 163, 2, 163, 244, 63, 63, 63, 244, 73, 73, 73, 73, 320, 320, 320, 7, 7, 7, 7, 219, 420, 420, 213, 213, 213, 213, 213, 213, 246, 246, 246, 246, 246, 246, 246, 3, 3, 3, 464, 188, 177, 177, 301, 216, 259, 354, 109, 109, 109, 403, 171, 171, 171, 171, 171, 246, 246, 246, 246, 246, 324, 422, 186, 99, 338, 338, 338, 338, 338, 400, 400, 400, 30, 464, 171, 171, 252, 252, 143, 36, 310, 310, 54, 107, 395, 395, 485, 286, 286, 464, 365, 365, 315, 315, 315, 315, 282, 282, 282, 282, 282, 413, 413, 43, 43, 43, 276, 138, 138, 138, 182, 182, 182, 182, 182, 182, 182, 426, 282, 282, 282, 282, 303, 303, 94, 199, 331, 84, 302, 302, 496, 375, 375, 130, 130, 130, 402, 196, 196, 309, 398, 398, 464, 464, 264, 468, 406, 406, 88, 43, 43, 43, 276, 276, 174, 174, 387, 413, 348, 348, 33, 398, 398, 398, 398, 464, 464, 443, 355, 355, 282, 460, 263, 263, 263, 263, 414, 414, 414, 187, 187, 187, 187, 187, 47, 47, 244, 392, 392, 73, 73, 73, 244, 75, 75, 310, 310, 323, 377, 397, 106, 106, 374, 153, 153, 424, 182, 182, 182, 182, 182, 182, 182, 497, 497, 497, 497, 122, 122, 129, 36, 310, 323, 108, 119, 437, 106, 106, 481, 481, 139, 293, 81, 81, 299, 299, 146, 324, 324, 422, 301, 143, 259, 354, 345, 109, 109, 109, 355, 355, 355, 355, 355, 355, 355, 355, 355, 355, 287, 287, 460, 460, 169, 215, 35, 259, 354, 431, 265, 111, 428, 428, 438, 438, 368, 31, 449, 449, 351, 486, 486, 443, 443, 240, 240, 449, 449, 449, 324, 324, 324, 477, 464, 464, 132, 132, 132, 381, 465, 465, 465, 259, 441, 441, 100, 100, 100, 100, 100, 375, 98, 98, 98, 48, 13, 13, 414, 170, 170, 170, 170, 28, 28, 28, 28, 63, 63, 63, 63, 244, 2, 2, 2, 2, 2, 63, 63, 63, 63, 63, 63, 244, 73, 73, 73, 73, 244, 321, 412, 287, 287, 287, 287, 284, 284, 284, 284, 450, 450, 450, 450, 16, 43, 43, 276, 276, 174, 387, 497, 497, 43, 43, 43, 8, 239, 219, 219, 464, 464, 476, 171, 171, 171, 171, 252, 252, 143, 99, 99, 338, 338, 445, 219, 219, 30, 477, 477, 374, 374, 132, 132, 186, 186, 186, 162, 482, 482, 482, 482, 482, 115, 273, 273, 106, 106, 424, 497, 497, 122, 122, 259, 310, 445, 445, 445, 351, 213, 213, 213, 324, 324, 19, 19, 19, 454, 197, 259, 7, 7, 188, 398, 398, 464, 171, 171, 252, 457, 457, 8, 364, 345, 109, 109, 109, 284, 284, 376, 376, 206, 206, 206, 167, 167, 35, 411, 100, 100, 100, 375, 98, 98, 98, 233, 259, 259, 441, 441, 100, 100, 100, 481, 387, 375, 98, 98, 98, 98, 13, 414, 414, 170, 170, 170, 170, 28, 2, 2, 2, 244, 2, 244, 63, 63, 63, 244, 63, 63, 392, 63, 73, 244, 73, 73, 73, 321, 320, 320, 7, 7, 487, 374, 374, 374, 374, 374, 374, 132, 132, 274, 274, 88, 288, 337, 337]

ep426
Train step Loss: [0.0732431709766388, 0.47984007000923157, 0.32982584834098816, 0.18523675203323364, 0.3100501000881195, 0.33050769567489624, 0.38800886273384094, 0.44367945194244385, 0.075517438352108, 0.6017035841941833, 0.25431668758392334, 0.10897080600261688, 0.3329908549785614, 0.32379403710365295, 0.23838472366333008, 0.3270566165447235, 0.22992557287216187, 0.13422229886054993, 0.17800273001194, 0.006232807412743568, 0.29347172379493713, 0.6221290826797485, 0.27558693289756775, 0.24639524519443512, 0.16516666114330292, 0.5346128344535828, 0.2112381011247635, 0.25615939497947693, 0.6006407737731934, 0.3002227544784546, 0.1273490935564041, 0.4030003249645233, 0.3001798093318939, 0.08121927827596664, 0.37742501497268677, 0.17000490427017212, 0.21777264773845673, 0.39947155117988586, 0.23042048513889313, 0.4406309425830841, 0.3978216052055359, 0.11994627118110657, 0.45598989725112915, 0.12298329174518585, 0.2118537873029709, 0.14815180003643036, 0.12963944673538208, 0.6451036930084229, 0.18514133989810944, 0.11619535833597183, 0.3646298050880432, 0.3421061336994171, 0.028038915246725082, 0.4360760748386383, 0.32082056999206543, 0.3172379434108734, 0.07147162407636642, 0.228563129901886, 0.30014726519584656, 0.2756265103816986, 0.30917859077453613, 0.11507158726453781, 0.5257195234298706]
val step Loss: [0.6046714186668396, 0.6252787709236145, 0.27625206112861633, 0.7108769416809082, 1.1314831972122192, 0.2955761253833771, 0.355286180973053, 0.7707222104072571, 0.7818313837051392, 0.13838982582092285, 1.044003963470459, 0.35716789960861206, 0.38888534903526306, 0.3046426773071289, 0.20854394137859344, 0.382811963558197]
Train step Accs: [0.9815693940240157, 0.8784552307895781, 0.9100957995578481, 0.9526857142857142, 0.9177934665549838, 0.9149545511144316, 0.896128170894526, 0.8878337462152491, 0.9815245853942391, 0.8524393495067982, 0.931303569144173, 0.9722928657475572, 0.9136519672564035, 0.9160377358490566, 0.93731055387159, 0.9233214649033571, 0.9409097350148788, 0.966036279428792, 0.956027397260274, 1.0, 0.9279267827634422, 0.8373162939297124, 0.9316972205795387, 0.9365860937033721, 0.9571924947880472, 0.861318486650639, 0.9474979491386383, 0.9365356232389642, 0.8444070647603028, 0.9240801117838845, 0.967546303884609, 0.9246260069044879, 0.9187129551227773, 0.9799687455604489, 0.9018430034129693, 0.9543395764475456, 0.9433797909407665, 0.8957359399348349, 0.9404656646035956, 0.889344262295082, 0.8936397648316409, 0.9680251605294194, 0.8828840125391849, 0.9683653020326367, 0.9407462686567164, 0.9624671587639184, 0.9676560628244376, 0.8357795624480753, 0.957416199108042, 0.9713632901751713, 0.9008986520219671, 0.9124336618650493, 0.9925438596491228, 0.8888888888888888, 0.9153573956121727, 0.9177542142468733, 0.9835018626929217, 0.9404373565301438, 0.9181818181818182, 0.931310818546079, 0.9236581552892131, 0.9724117903296065, 0.8628904182106935]
val step Accs: [0.8486614173228346, 0.8470450555880632, 0.9271931025044478, 0.8207182320441989, 0.7308152679877643, 0.9265685730149916, 0.915674066053059, 0.821692789968652, 0.8087968952134541, 0.9644324783902508, 0.7509449244060475, 0.9161318553092183, 0.9036621156054613, 0.9206628537908784, 0.952355602874634, 0.9080810280984535]
Preds: [17, 17, 17, 284, 486, 486, 460, 460, 169, 150, 349, 234, 234, 234, 261, 25, 25, 332, 332, 399, 399, 53, 473, 473, 473, 398, 360, 360, 360, 360, 434, 434, 434, 339, 339, 216, 81, 398, 398, 324, 360, 360, 360, 360, 360, 360, 434, 434, 434, 434, 434, 19, 19, 454, 454, 454, 417, 414, 414, 414, 249, 249, 249, 82, 80, 80, 80, 320, 321, 188, 188, 188, 290, 171, 171, 171, 434, 339, 399, 53, 345, 345, 100, 497, 497, 497, 122, 285, 285, 285, 285, 285, 241, 431, 431, 139, 139, 139, 293, 175, 122, 216, 458, 192, 192, 180, 470, 403, 290, 290, 171, 434, 434, 434, 19, 19, 19, 19, 454, 454, 414, 414, 414, 414, 414, 414, 102, 414, 47, 47, 140, 140, 73, 244, 244, 321, 7, 7, 7, 309, 309, 309, 309, 398, 398, 360, 360, 360, 360, 360, 434, 434, 434, 434, 434, 434, 434, 434, 19, 19, 454, 454, 197, 197, 197, 197, 7, 321, 7, 219, 219, 219, 219, 451, 30, 30, 286, 286, 286, 468, 468, 468, 468, 467, 380, 180, 486, 315, 315, 315, 315, 315, 315, 315, 450, 450, 203, 203, 53, 250, 250, 250, 138, 138, 138, 345, 345, 387, 186, 186, 186, 349, 349, 234, 234, 234, 234, 261, 25, 25, 374, 374, 153, 153, 153, 182, 182, 98, 98, 98, 98, 197, 259, 259, 183, 183, 183, 257, 171, 171, 257, 422, 31, 31, 342, 342, 342, 342, 115, 273, 26, 359, 171, 171, 171, 171, 171, 171, 252, 422, 143, 478, 342, 342, 342, 115, 115, 273, 273, 486, 486, 486, 460, 460, 460, 169, 35, 35, 35, 441, 441, 100, 100, 424, 424, 182, 182, 182, 182, 182, 182, 182, 182, 182, 182, 375, 375, 98, 98, 98, 13, 13, 226, 321, 75, 437, 437, 437, 405, 405, 405, 206, 98, 98, 98, 98, 13, 13, 17, 83, 83, 83, 55, 55, 438, 438, 438, 438, 438, 438, 438, 438, 438, 438, 438, 438, 438, 438, 438, 438, 438, 438, 438, 438, 438, 438, 438, 438, 438, 438, 438, 438, 438, 438, 438, 438, 438, 438, 438, 438, 438, 438, 438, 438, 438, 438, 438, 438, 438, 438, 438, 438, 438, 438, 438, 438, 438, 438, 438, 438, 438, 438, 438, 438, 438, 438, 438, 438, 438, 438, 438, 438, 438, 438, 438, 438, 438, 438, 438, 438, 438, 438, 438, 438, 438, 438, 438, 438, 438, 438, 438, 438, 438, 438, 438, 438, 438, 438, 438, 438, 438, 438, 438, 438, 438, 438, 438, 438, 438, 438, 438, 438, 438, 438, 438, 438, 438, 438, 438, 438, 438, 438, 438, 438, 438, 438, 438, 438, 438, 438, 438, 438, 438, 438, 438, 438, 438, 438, 438, 438, 438, 438, 438, 438, 438, 438, 438, 438, 438, 438, 438, 438, 438, 438, 438, 438, 438, 438, 438, 438, 438, 438, 438, 438, 438, 438, 438, 438, 438, 438, 438, 438, 438, 438, 438, 438, 438, 438, 438, 438, 438, 438, 438, 438, 438, 438, 438, 438, 438, 438, 438, 438, 438, 438, 438, 438, 438, 438, 438, 438, 438, 438, 438, 438, 438, 438, 438, 438, 438, 438, 438, 438, 438, 438, 438, 438, 438, 438, 438, 438, 438, 438, 438, 438, 438, 438, 438, 438, 438, 438, 438, 438, 438, 438, 438, 438, 438, 438, 438, 438, 438, 438, 438, 438, 438, 438, 438, 438, 438, 438, 438, 438, 438, 438, 438, 438, 438, 438, 438, 438, 438, 438, 438, 438, 438, 438, 438, 438, 438, 438, 438, 438, 438, 438, 438, 438, 438, 438, 438, 438]

ep427
Train step Loss: [0.22521084547042847, 0.2162020355463028, 0.26758551597595215, 0.5098076462745667, 0.15542185306549072, 0.20510117709636688, 0.6786960959434509, 0.3169344365596771, 0.42771339416503906, 0.1359432339668274, 0.16013014316558838, 0.08679364621639252, 0.15244542062282562, 0.44856753945350647, 0.12356854230165482, 0.2123250961303711, 0.18533268570899963, 0.4117142856121063, 0.40206071734428406, 0.4374999403953552, 0.27747833728790283, 0.24093842506408691, 0.41360414028167725, 0.06937780231237411, 0.32004332542419434, 0.31519731879234314, 0.14068537950515747, 0.3047229051589966, 0.19389693439006805, 0.1254992038011551, 0.2897876501083374, 0.38905951380729675, 0.2092815339565277, 0.5146113634109497, 0.2605210542678833, 0.4764042794704437, 0.2769080400466919, 0.06315870583057404, 0.37141576409339905, 0.13168643414974213, 0.19921869039535522, 0.3566437363624573, 0.3107529282569885, 0.14577050507068634, 0.2401544153690338, 0.21787221729755402, 0.3764374256134033, 0.27362915873527527, 0.13938187062740326, 0.2009820193052292, 0.5577461123466492, 0.20609699189662933, 0.49318984150886536, 0.3221425712108612, 0.3116992712020874, 0.6189753413200378, 0.4054306149482727, 0.24895642697811127, 0.45760801434516907, 0.10148370265960693, 0.3125747740268707, 0.3120499849319458, 0.22643069922924042]
val step Loss: [0.31895774602890015, 0.7451494932174683, 0.44888678193092346, 0.4903999865055084, 0.6298922300338745, 0.9802897572517395, 0.7125754356384277, 0.2096002697944641, 0.3911266028881073, 0.3440815508365631, 0.5480940937995911, 0.678442656993866, 0.13302016258239746, 0.6348283290863037, 0.7695284485816956, 0.4231383502483368]
Train step Accs: [0.9437192744532972, 0.9469576528400058, 0.9297588737456942, 0.865506731013462, 0.9600283486888731, 0.9456880097171612, 0.8322879738205617, 0.9175433982114677, 0.8910545290671473, 0.9688264846064666, 0.9587731280268224, 0.9806395203597302, 0.9627346997276767, 0.8795180722891566, 0.9682313278008299, 0.9454424484364604, 0.9545044464492847, 0.8974192711710544, 0.8952482363902569, 0.8860670688929423, 0.9281704332805527, 0.9391126786708743, 0.8991129153510751, 0.982233872142129, 0.9127750939345142, 0.9187895847994371, 0.9639572827054287, 0.9163487353398333, 0.9495292887029289, 0.9685542630704334, 0.9217574877952236, 0.9018937775879254, 0.9470865740150453, 0.8712496738846857, 0.9308234668085672, 0.8720271800679502, 0.9288283658787256, 0.984031007751938, 0.9021709997319753, 0.9652666763551809, 0.9488728451451304, 0.9142782358330062, 0.9191208159747163, 0.9624772313296903, 0.9376068376068376, 0.9429561928774031, 0.9034988000505242, 0.9267793836923917, 0.9638418079096045, 0.9484629294755877, 0.8766756032171582, 0.9460740740740741, 0.8670698751769399, 0.9152261098050062, 0.9198855507868383, 0.8543323002290797, 0.895242979869214, 0.936545240893067, 0.8796630565583634, 0.9744614987746679, 0.9196494875983959, 0.9182453909726637, 0.9388549193996665]
val step Accs: [0.9191983660965024, 0.8305291723202171, 0.886854250409409, 0.8848901098901099, 0.8537766723393114, 0.7603890362511052, 0.8238135834043763, 0.9462542955326461, 0.9002527129478222, 0.9123238070606492, 0.8579738245273874, 0.8373502466525722, 0.9685993865926683, 0.8408976930792377, 0.8167275475500693, 0.9103890728476821]
Preds: [17, 17, 287, 287, 284, 265, 480, 85, 85, 146, 330, 388, 348, 64, 212, 199, 242, 374, 374, 10, 10, 473, 398, 398, 398, 213, 171, 246, 246, 246, 246, 246, 246, 246, 246, 318, 49, 49, 269, 323, 323, 219, 219, 213, 213, 360, 434, 246, 434, 434, 434, 19, 19, 19, 19, 454, 454, 454, 414, 414, 414, 414, 170, 47, 80, 80, 321, 75, 75, 66, 323, 323, 323, 323, 273, 273, 106, 153, 497, 274, 274, 122, 458, 192, 192, 445, 445, 351, 351, 403, 403, 290, 290, 290, 290, 360, 434, 434, 434, 434, 434, 434, 246, 434, 246, 246, 19, 248, 76, 465, 445, 445, 445, 351, 351, 171, 171, 171, 252, 183, 183, 183, 110, 110, 403, 403, 171, 171, 171, 252, 314, 76, 183, 183, 183, 183, 420, 213, 213, 213, 213, 213, 246, 246, 246, 246, 246, 246, 197, 197, 196, 75, 471, 258, 38, 38, 31, 31, 162, 232, 232, 172, 172, 115, 115, 267, 267, 267, 444, 286, 301, 301, 301, 132, 42, 42, 42, 147, 147, 147, 70, 88, 288, 374, 319, 348, 53, 53, 471, 368, 49, 49, 453, 219, 219, 219, 324, 324, 464, 464, 464, 464, 180, 315, 315, 315, 315, 315, 450, 450, 450, 413, 413, 175, 182, 182, 182, 182, 182, 182, 182, 182, 182, 182, 375, 375, 98, 98, 98, 98, 13, 229, 229, 414, 312, 312, 312, 23, 23, 23, 23, 23, 260, 260, 391, 244, 244, 73, 244, 321, 321, 320, 287, 287, 287, 353, 372, 372, 372, 467, 467, 499, 486, 486, 460, 460, 150, 150, 453, 54, 168, 168, 494, 494, 494, 38, 478, 342, 342, 172, 115, 273, 273, 273, 319, 319, 319, 348, 348, 348, 64, 64, 398, 398, 398, 324, 464, 464, 464, 464, 315, 315, 315, 315, 282, 282, 175, 175, 216, 241, 81, 431, 431, 443, 428, 443, 146, 438, 438, 325, 34, 324, 324, 301, 301, 301, 173, 337, 337, 464, 464, 464, 464, 464, 486, 376, 460, 460, 460, 263, 263, 263, 263, 13, 78, 78, 170, 170, 170, 244, 28, 244, 2, 2, 2, 2, 2, 2, 2, 2, 244, 63, 163, 316, 73, 73, 73, 244, 321, 320, 7, 7, 7, 479, 479, 290, 290, 290, 290, 290, 290, 434, 434, 434, 434, 434, 339, 339, 199, 199, 331, 110, 486, 486, 460, 460, 215, 35, 43, 182, 182, 182, 182, 88, 88, 88, 183, 324, 324, 324, 324, 324, 301, 301, 212, 280, 280, 420, 420, 420, 213, 213, 246, 246, 246, 19, 19, 454, 454, 129, 401, 259, 321, 354, 29, 380, 499, 498, 498, 468, 468, 468, 468, 120, 120, 120, 120, 282, 37, 37, 24, 24, 24, 310, 310, 107, 338, 338, 338, 338, 338, 447, 447, 363, 17, 83, 403, 403, 403, 403, 403, 403, 403, 403, 403, 403, 403, 403, 403, 403, 403, 403, 403, 403, 403, 403, 403, 403, 403, 403, 403, 403, 438, 438, 438, 438, 438, 438, 438, 438, 438, 438, 438, 438, 438, 438, 438, 438, 438, 438, 438, 438, 438, 438, 438, 438, 438, 438, 438, 403, 403, 403, 403, 403, 403, 403, 403, 403, 403, 403, 403, 403, 403, 403, 403, 403, 403, 403, 403, 403, 403, 403, 403, 403, 403, 403, 403, 403, 403, 403, 403, 403, 403, 403, 403, 403, 403, 403, 403, 403, 403, 403, 403, 403, 403, 403, 403, 403, 403, 403, 403, 403, 403, 403, 403, 403, 403, 403, 403, 403, 403, 403, 403, 403, 403, 403, 403, 403, 403, 403, 403, 403, 403, 403, 403, 403, 403, 403, 403, 403]

ep428
Train step Loss: [0.3648779094219208, 0.44384101033210754, 0.4845312237739563, 0.15111695230007172, 0.06577196717262268, 0.5946657061576843, 0.23306117951869965, 0.23929916322231293, 0.17780230939388275, 0.13256679475307465, 0.34864336252212524, 0.5277408957481384, 0.21603401005268097, 0.22931914031505585, 0.12395384162664413, 0.337415486574173, 0.23932267725467682, 0.28996559977531433, 0.24552065134048462, 0.3172161281108856, 0.5716806054115295, 0.37793824076652527, 0.4634080231189728, 0.2677136957645416, 0.2133423537015915, 0.21823489665985107, 0.2517390549182892, 0.41151508688926697, 0.30985426902770996, 0.1551447957754135, 0.20446358621120453, 0.4551267623901367, 0.6328067183494568, 0.4807330369949341, 0.38241979479789734, 0.2189408391714096, 0.12119229137897491, 0.5057939887046814, 0.012948591262102127, 0.12017003446817398, 0.48905858397483826, 0.27098920941352844, 0.3413410186767578, 0.0889173075556755, 0.17126479744911194, 0.3094593584537506, 0.5381739735603333, 0.20369009673595428, 0.10724812746047974, 0.15729652345180511, 0.2414216548204422, 0.2459818422794342, 0.4272322654724121, 0.3161885440349579, 0.03866744413971901, 0.29498279094696045, 0.4255923628807068, 0.15812595188617706, 0.32114356756210327, 0.08149027824401855, 0.4610730707645416, 0.25273895263671875, 0.006283349823206663]
val step Loss: [0.3918927013874054, 0.41633492708206177, 0.9405071139335632, 0.5416771769523621, 0.940629780292511, 0.0984664112329483, 0.3008460998535156, 0.6407194137573242, 0.42843690514564514, 0.7645798325538635, 0.32563379406929016, 0.3896145224571228, 0.6486349105834961, 0.7503387331962585, 0.5346384048461914, 0.24529697000980377]
Train step Accs: [0.9016184529119409, 0.8828146902158677, 0.8761669412410763, 0.9623078799707245, 0.9831716191631291, 0.8688734924300744, 0.9423558897243107, 0.939703034215623, 0.9542387437124279, 0.9631484334874165, 0.9175245806824754, 0.863225430154564, 0.946293143476242, 0.94040991902834, 0.966894003978403, 0.9072277633556497, 0.9399806389157793, 0.9274487614736577, 0.9353246753246753, 0.9196198234894772, 0.8548793128979713, 0.901428207090028, 0.8769147349871221, 0.9324038867765103, 0.9457885304659498, 0.9466953659154216, 0.9368849232384202, 0.9020676166526963, 0.9190582334912232, 0.9587020648967551, 0.9468481191423803, 0.8841472146641844, 0.8355665409132301, 0.8776223776223776, 0.9051332955190017, 0.9449327817993796, 0.9678839678839679, 0.8745732521894019, 0.9979262331506443, 0.9670145599793841, 0.8733805493176714, 0.9307375995887947, 0.913335052875935, 0.9753891179992018, 0.9578258022265881, 0.9190709046454768, 0.8619941076135835, 0.9522795591182365, 0.9697101449275363, 0.9591776798825257, 0.9377257441773571, 0.9403192227619709, 0.888353765323993, 0.9135922330097087, 0.9909698169223157, 0.9203690560681335, 0.8845243070065468, 0.957990418867461, 0.9167652859960552, 0.9793237971391417, 0.8816883728228464, 0.9361518550474547, 1.0]
val step Accs: [0.9032897344431232, 0.8949854651162791, 0.7722144758524527, 0.871039056742815, 0.7643924626380767, 0.9771664374140303, 0.9292440139897767, 0.8438860030885863, 0.9, 0.8080322530624903, 0.9198013842913031, 0.9024997038265609, 0.8373232535349293, 0.8320395201129146, 0.8655208804462535, 0.9427942794279428]
Preds: [17, 17, 17, 232, 482, 482, 482, 172, 172, 115, 115, 273, 273, 273, 486, 486, 376, 460, 460, 460, 169, 178, 35, 183, 183, 183, 183, 183, 451, 30, 30, 213, 213, 213, 213, 213, 213, 213, 213, 318, 368, 368, 368, 453, 453, 238, 6, 6, 272, 114, 114, 191, 277, 177, 301, 385, 457, 8, 345, 345, 473, 109, 109, 360, 360, 171, 171, 171, 246, 246, 246, 246, 246, 3, 19, 3, 454, 454, 197, 226, 259, 320, 72, 72, 72, 437, 437, 437, 284, 284, 284, 284, 306, 265, 306, 85, 85, 468, 468, 468, 468, 468, 468, 468, 468, 468, 468, 396, 396, 452, 452, 263, 263, 225, 225, 225, 225, 225, 225, 7, 7, 75, 75, 310, 310, 107, 107, 395, 395, 470, 443, 443, 443, 443, 443, 271, 271, 271, 271, 150, 150, 39, 39, 86, 86, 68, 68, 68, 68, 68, 68, 68, 66, 68, 68, 68, 68, 115, 115, 115, 267, 267, 267, 444, 252, 252, 143, 458, 192, 192, 27, 27, 196, 196, 399, 70, 70, 65, 65, 284, 284, 426, 426, 426, 426, 426, 282, 282, 167, 167, 35, 35, 35, 225, 441, 100, 100, 100, 497, 497, 98, 98, 98, 129, 129, 259, 441, 441, 437, 437, 437, 426, 426, 426, 426, 426, 426, 426, 413, 413, 452, 452, 452, 48, 48, 417, 417, 417, 417, 414, 414, 170, 414, 312, 187, 187, 341, 341, 249, 2, 249, 341, 341, 244, 163, 163, 163, 391, 391, 244, 244, 73, 73, 244, 321, 320, 287, 287, 100, 481, 481, 481, 293, 293, 293, 98, 35, 35, 14, 411, 441, 437, 437, 437, 481, 481, 481, 426, 182, 182, 182, 375, 375, 98, 98, 98, 98, 197, 197, 197, 414, 197, 7, 7, 7, 7, 7, 4, 4, 4, 4, 4, 280, 280, 485, 213, 213, 213, 213, 246, 246, 246, 246, 252, 252, 143, 129, 414, 259, 75, 74, 420, 420, 213, 213, 213, 213, 213, 246, 246, 246, 246, 434, 19, 19, 303, 303, 414, 414, 414, 414, 249, 197, 80, 249, 80, 7, 7, 7, 7, 7, 65, 287, 287, 284, 284, 284, 284, 284, 284, 284, 284, 376, 376, 376, 460, 460, 460, 460, 460, 167, 167, 35, 14, 188, 188, 188, 324, 464, 464, 464, 464, 339, 116, 116, 250, 250, 250, 250, 345, 276, 276, 153, 182, 375, 375, 413, 122, 49, 49, 269, 269, 9, 9, 142, 142, 219, 485, 485, 374, 374, 374, 374, 139, 139, 139, 139, 497, 497, 497, 122, 122, 186, 310, 310, 107, 107, 107, 395, 395, 351, 443, 443, 271, 271, 150, 150, 342, 86, 68, 68, 115, 115, 267, 267, 267, 267, 213, 324, 324, 3, 3, 3, 183, 188, 188, 188, 264, 443, 120, 120, 271, 271, 150, 31, 162, 86, 86, 86, 238, 238, 336, 336, 437, 437, 437, 499, 499, 306, 468, 468, 468, 467, 467, 396, 245, 245, 35, 35, 35, 259, 259, 74, 441, 100, 302, 497, 38, 38, 31, 162, 54, 54, 224, 224, 494, 494, 50, 271, 31, 478, 478, 342, 342, 172, 115, 115, 267, 267, 267, 213, 246, 374, 374, 132, 132, 374, 352, 352, 352, 352, 352, 305, 439, 13, 78, 78, 82, 170, 28, 187, 187, 12, 12, 12, 12, 12, 12, 63, 163, 63, 63, 63, 392, 316, 73, 73, 244, 73, 244, 321, 320, 7, 7, 7, 398, 398, 398, 464, 464, 464, 464, 330, 330, 330, 199, 199, 335, 14, 84, 84, 350, 350, 153, 153, 153, 182, 182, 182, 182, 182, 98, 98, 98, 98, 98, 98, 48, 48, 414]

ep429
Train step Loss: [0.1296171098947525, 0.41312161087989807, 0.281215101480484, 0.20647285878658295, 0.4250796437263489, 0.23001877963542938, 0.22352655231952667, 0.28768637776374817, 0.14517821371555328, 0.218412846326828, 0.22564475238323212, 0.06115182116627693, 0.2839307188987732, 0.39853453636169434, 0.24910327792167664, 0.5843476057052612, 0.38123026490211487, 0.2956291437149048, 0.2971389591693878, 0.2507747709751129, 0.2633501887321472, 0.11404933035373688, 0.18593059480190277, 0.34079989790916443, 0.4170929193496704, 0.25883787870407104, 0.24913397431373596, 0.4432317614555359, 0.28834474086761475, 0.6320415735244751, 0.06432604044675827, 0.3086414039134979, 0.38202667236328125, 0.10392431914806366, 0.10585517436265945, 0.10571843385696411, 0.36705002188682556, 0.3379878103733063, 0.5139362812042236, 0.06825829297304153, 0.39318493008613586, 0.12967351078987122, 0.22301746904850006, 0.22348442673683167, 0.6080799698829651, 0.3524169623851776, 0.382212370634079, 0.5024219751358032, 0.26709938049316406, 0.31441569328308105, 0.09177042543888092, 0.38775432109832764, 0.3896787762641907, 0.30773988366127014, 0.26742449402809143, 0.15878450870513916, 0.006112954579293728, 0.3776705861091614, 0.1927320659160614, 0.22891445457935333, 0.20297491550445557, 0.554415762424469, 0.3672047257423401]
val step Loss: [0.6668441295623779, 0.4239015281200409, 0.4227745234966278, 0.6687393188476562, 0.39495015144348145, 0.678343653678894, 0.2782808244228363, 0.9280039668083191, 0.31292110681533813, 0.5300859808921814, 0.7890636920928955, 0.45131003856658936, 0.49122339487075806, 0.6066914200782776, 0.40805336833000183, 0.3572704792022705]
Train step Accs: [0.96690734055355, 0.888510101010101, 0.9273310179000801, 0.9466403162055336, 0.8913364872856298, 0.9386723426899028, 0.9442275515895148, 0.9226395133562549, 0.9606332305968058, 0.9423500073346046, 0.9405013192612137, 0.9850817519990452, 0.9241159135559921, 0.8975259844825062, 0.9350443180314857, 0.8585654689812946, 0.8996082982736109, 0.9251928394702372, 0.9208752067167028, 0.9353891336270191, 0.9338340023307005, 0.9696153270468493, 0.9515151515151515, 0.9071860497820279, 0.8927155938226049, 0.9323624142276992, 0.9366010333752269, 0.8916228132555825, 0.9263037103149305, 0.8333118140735959, 0.9847858197932053, 0.9225984796129924, 0.8982135438304943, 0.9751266697374482, 0.9730141789906998, 0.9717640480849874, 0.9012126589766342, 0.9156303340648623, 0.8788967102427813, 0.9825206991720331, 0.8992628992628993, 0.9668138632410009, 0.9433434650455927, 0.9433652875882946, 0.842485352227824, 0.910063575748178, 0.9048693113971076, 0.8906648757555407, 0.9344891476971943, 0.9160546973917447, 0.9773384763741563, 0.8960182602079635, 0.9030612244897959, 0.9209321681231794, 0.931802651359847, 0.9610229927456043, 0.999860061572908, 0.9037545530961053, 0.9479262069867853, 0.9418130709768096, 0.9459393045828726, 0.8584750411409764, 0.9049806576402321]
val step Accs: [0.8381334810301856, 0.8977184340160747, 0.8949252801992528, 0.8407598826651766, 0.9085534095388254, 0.827331486611265, 0.9383741258741258, 0.7719114371806629, 0.9263370332996973, 0.8644475382862928, 0.8089171974522293, 0.8917320126564865, 0.8813320163679977, 0.8467721677970359, 0.9039351851851852, 0.9109606220215701]
Preds: [17, 17, 7, 309, 479, 331, 432, 443, 443, 330, 330, 330, 348, 348, 360, 360, 398, 434, 324, 324, 324, 324, 324, 301, 301, 10, 10, 309, 479, 331, 331, 84, 84, 284, 284, 426, 426, 426, 426, 450, 375, 375, 98, 263, 263, 263, 13, 13, 414, 414, 414, 170, 82, 170, 82, 312, 187, 187, 12, 12, 12, 12, 12, 12, 408, 408, 391, 73, 82, 321, 320, 320, 479, 331, 331, 486, 486, 486, 460, 460, 240, 368, 368, 342, 342, 168, 494, 494, 422, 422, 99, 99, 338, 338, 338, 338, 400, 400, 400, 30, 171, 171, 324, 246, 246, 422, 99, 99, 338, 338, 338, 338, 400, 400, 400, 286, 286, 374, 374, 378, 378, 88, 88, 497, 497, 122, 122, 35, 259, 259, 259, 259, 75, 354, 420, 420, 213, 213, 213, 434, 434, 339, 399, 217, 473, 473, 398, 360, 360, 360, 434, 434, 339, 310, 310, 310, 107, 107, 395, 395, 41, 41, 41, 19, 19, 19, 454, 454, 454, 13, 414, 414, 414, 237, 237, 237, 237, 170, 170, 47, 47, 47, 47, 163, 391, 391, 73, 73, 244, 321, 321, 321, 83, 83, 486, 486, 486, 486, 460, 460, 167, 167, 35, 35, 196, 473, 473, 429, 360, 360, 360, 434, 434, 143, 129, 259, 75, 445, 445, 445, 445, 219, 485, 485, 374, 374, 374, 132, 132, 132, 122, 216, 81, 166, 324, 324, 324, 324, 301, 378, 259, 280, 473, 65, 480, 480, 428, 85, 85, 146, 146, 146, 271, 368, 186, 99, 338, 338, 338, 338, 400, 400, 400, 485, 301, 301, 374, 132, 132, 132, 100, 100, 497, 497, 497, 497, 122, 335, 335, 188, 188, 324, 324, 324, 301, 339, 250, 250, 345, 345, 345, 372, 319, 355, 251, 251, 251, 251, 241, 431, 431, 443, 264, 264, 264, 264, 264, 468, 468, 467, 467, 486, 460, 169, 150, 150, 150, 342, 342, 342, 68, 68, 115, 26, 267, 444, 444, 324, 324, 324, 3, 3, 3, 3, 188, 188, 171, 171, 120, 120, 271, 271, 271, 31, 39, 342, 342, 68, 68, 115, 273, 273, 265, 265, 265, 265, 85, 85, 85, 299, 299, 299, 59, 59, 59, 452, 452, 263, 17, 83, 83, 403, 438, 438, 438, 438, 438, 438, 438, 438, 438, 438, 438, 438, 438, 438, 438, 438, 438, 438, 438, 438, 438, 438, 438, 438, 438, 438, 438, 438, 438, 438, 438, 438, 438, 438, 438, 438, 438, 438, 438, 438, 438, 438, 438, 438, 438, 438, 438, 438, 438, 438, 438, 438, 438, 438, 438, 438, 438, 438, 438, 438, 438, 438, 438, 438, 438, 438, 438, 438, 438, 438, 438, 438, 438, 438, 438, 438, 438, 438, 438, 438, 438, 438, 438, 438, 438, 438, 438, 438, 438, 438, 438, 438, 438, 438, 438, 438, 438, 438, 438, 438, 438, 438, 438, 438, 438, 438, 438, 438, 438, 438, 438, 438, 438, 438, 438, 438, 438, 438, 438, 438, 438, 438, 438, 438, 438, 438, 438, 438, 438, 438, 438, 438, 438, 438, 438, 438, 438, 438, 438, 438, 438, 438, 438, 438, 438, 438, 438, 438, 438, 438, 438, 438, 438, 438, 438, 438, 438, 438, 438, 438, 438, 438, 438, 438, 438, 438, 438, 438, 438, 438, 438, 438, 438, 438, 438, 438, 438, 438, 438, 438, 438, 438, 438, 438, 438, 438, 438, 438, 438, 438, 438, 438, 438, 438, 438, 438, 438, 438, 438, 438, 438, 438, 438, 438, 438, 438, 438, 438, 438, 438, 438, 438, 438, 438, 438, 438, 438, 438, 438, 438, 438, 438, 438, 438, 438, 438, 438, 438]

ep430
Train step Loss: [0.36307740211486816, 0.3043665885925293, 0.13967296481132507, 0.5627976655960083, 0.35751035809516907, 0.27397072315216064, 0.34975090622901917, 0.37827378511428833, 0.2409956455230713, 0.37761110067367554, 0.13926823437213898, 0.19375959038734436, 0.3253578543663025, 0.3715671896934509, 0.4489385783672333, 0.36784008145332336, 0.39364001154899597, 0.1755305677652359, 0.22290898859500885, 0.27840495109558105, 0.5514258146286011, 0.23933948576450348, 0.16645638644695282, 0.2836475968360901, 0.1136409342288971, 0.26024124026298523, 0.24416297674179077, 0.5386974215507507, 0.3637109696865082, 0.09548221528530121, 0.34129267930984497, 0.34019383788108826, 0.319474995136261, 0.2380128800868988, 0.37601765990257263, 0.17064426839351654, 0.2193411886692047, 0.21933548152446747, 0.12708008289337158, 0.1555173695087433, 0.3812148869037628, 0.4417237639427185, 0.00848014559596777, 0.16048002243041992, 0.35958990454673767, 0.506351113319397, 0.2848930358886719, 0.4310186803340912, 0.08765982836484909, 0.021040862426161766, 0.6136715412139893, 0.3062678873538971, 0.18100832402706146, 0.12919622659683228, 0.496769517660141, 0.14175806939601898, 0.6330177783966064, 0.07133159041404724, 0.3835398852825165, 0.15619885921478271, 0.45062896609306335, 0.29008111357688904, 0.20326456427574158]
val step Loss: [0.23050367832183838, 0.5870531797409058, 0.47569090127944946, 0.6737901568412781, 0.9641538262367249, 0.3889123797416687, 0.599483847618103, 0.4030334949493408, 0.6441810131072998, 0.7672001123428345, 0.39240097999572754, 0.5033308267593384, 0.3381303548812866, 1.0418633222579956, 0.08601892739534378, 0.3008773624897003]
Train step Accs: [0.9053035494038646, 0.92, 0.9653936472623903, 0.8805126791620728, 0.907840083073728, 0.931986612479082, 0.9087773093139134, 0.9075457875457875, 0.9407940240697192, 0.9032047941636269, 0.9632262051915945, 0.9486896551724138, 0.9173245940712051, 0.9021765127959819, 0.8840171463563993, 0.9066031073446328, 0.8968787040695377, 0.9540772532188841, 0.9521585458217622, 0.925610908599973, 0.8615552822194888, 0.9420695165801038, 0.957815615892008, 0.9312912744133764, 0.9718327810349222, 0.9343036453465082, 0.9334052305203558, 0.8615325768200943, 0.9071310116086235, 0.9760703474124262, 0.9109691450319424, 0.9104669061056953, 0.9148593200468933, 0.9376832844574781, 0.9021494062828799, 0.9569014084507043, 0.9454052658750646, 0.9488702201622248, 0.9690556357223024, 0.9595286885245902, 0.8970747562296858, 0.8846043165467626, 0.9992624280867385, 0.962074414595604, 0.9063819220263223, 0.8672016959418534, 0.9232949808237452, 0.8893984353925006, 0.9786575431736722, 0.9953669836625213, 0.8541969596827496, 0.9203154745716616, 0.9524270502005255, 0.9647218453188603, 0.8698362258616475, 0.9633431085043989, 0.8349992756772417, 0.9827606705504697, 0.9006369426751593, 0.9623748705557473, 0.880831778192482, 0.9307359307359307, 0.9438078448655796]
val step Accs: [0.9411839918169032, 0.862533692722372, 0.8857724167998837, 0.8290373487638085, 0.7712332369182224, 0.9127686472819216, 0.8495987574424023, 0.9044895624821275, 0.83675604970569, 0.8166924664602683, 0.9048485851398312, 0.8785447503112463, 0.9136884693189481, 0.7450580283127152, 0.9798709280885064, 0.9269969666329626]
Preds: [17, 17, 437, 284, 284, 284, 426, 426, 426, 426, 426, 319, 413, 413, 348, 250, 250, 250, 276, 276, 346, 346, 346, 346, 428, 146, 146, 422, 422, 31, 162, 232, 232, 232, 172, 172, 115, 115, 273, 273, 273, 151, 460, 460, 215, 35, 233, 375, 375, 375, 497, 186, 186, 323, 323, 323, 323, 238, 142, 397, 494, 494, 109, 498, 467, 313, 37, 385, 385, 183, 3, 3, 3, 464, 464, 110, 443, 443, 169, 169, 169, 150, 150, 150, 482, 482, 482, 482, 482, 115, 115, 267, 267, 267, 267, 213, 213, 246, 246, 246, 246, 246, 246, 3, 301, 143, 259, 259, 354, 106, 499, 284, 265, 306, 306, 85, 468, 406, 406, 467, 467, 467, 315, 315, 315, 450, 450, 203, 203, 53, 381, 291, 404, 225, 225, 197, 197, 320, 320, 127, 114, 114, 114, 403, 403, 403, 403, 207, 207, 301, 301, 378, 133, 8, 276, 346, 346, 346, 284, 284, 284, 426, 426, 450, 450, 413, 413, 348, 250, 364, 276, 276, 276, 138, 138, 138, 138, 182, 182, 426, 426, 426, 413, 413, 282, 282, 303, 303, 303, 303, 303, 303, 303, 303, 303, 303, 303, 479, 331, 331, 499, 106, 284, 284, 481, 481, 481, 481, 426, 426, 375, 98, 263, 263, 13, 13, 78, 170, 170, 170, 170, 28, 28, 28, 341, 341, 341, 341, 244, 341, 341, 12, 12, 12, 12, 12, 12, 260, 260, 260, 63, 63, 63, 63, 244, 63, 63, 244, 63, 63, 63, 73, 244, 73, 73, 244, 321, 320, 7, 7, 7, 479, 398, 398, 398, 360, 360, 360, 360, 434, 246, 246, 246, 246, 246, 246, 246, 246, 246, 324, 301, 301, 143, 259, 259, 354, 106, 284, 284, 284, 284, 426, 450, 450, 413, 175, 293, 497, 497, 497, 98, 197, 7, 32, 473, 473, 398, 398, 464, 464, 464, 464, 374, 374, 116, 116, 250, 250, 250, 153, 153, 153, 153, 153, 153, 182, 182, 387, 497, 497, 122, 122, 122, 143, 310, 310, 107, 107, 107, 395, 395, 395, 106, 106, 153, 424, 424, 182, 293, 293, 497, 497, 98, 35, 229, 229, 229, 170, 247, 312, 126, 126, 23, 23, 101, 155, 155, 320, 441, 148, 148, 153, 153, 182, 387, 387, 413, 122, 122, 250, 76, 465, 259, 208, 441, 441, 441, 346, 151, 169, 150, 150, 162, 54, 172, 172, 115, 273, 273, 494, 278, 278, 325, 286, 464, 464, 464, 264, 264, 264, 120, 120, 120, 282, 282, 271, 271, 271, 77, 77, 342, 433, 433, 115, 224, 267, 267, 267, 213, 213, 246, 246, 246, 246, 19, 197, 197, 226, 440, 440, 440, 89, 89, 446, 322, 67, 416, 32, 239, 259, 354, 354, 398, 464, 171, 403, 171, 171, 464, 464, 464, 464, 139, 139, 139, 293, 497, 497, 497, 122, 122, 310, 310, 107, 107, 395, 395, 395, 106, 153, 424, 424, 424, 424, 497, 497, 497, 497, 497, 122, 122, 42, 147, 380, 288, 288, 337, 337, 324, 19, 403, 403, 403, 403, 403, 403, 403, 403, 403, 438, 438, 438, 438, 438, 438, 438, 438, 438, 438, 438, 438, 438, 438, 438, 438, 438, 438, 438, 438, 438, 438, 438, 438, 438, 438, 438, 438, 438, 438, 438, 438, 438, 438, 438, 438, 438, 438, 438, 438, 438, 438, 438, 438, 438, 438, 438, 438, 438, 438, 438, 438, 438, 438, 438, 438, 438, 438, 438, 438, 438, 438, 438, 438, 438, 438, 438, 438, 438, 438, 438, 438, 438, 438, 438, 438, 438, 438, 438, 438, 438, 438, 438, 438, 438, 438, 438, 438, 438, 438, 438]

ep431
Train step Loss: [0.38847053050994873, 0.05345243215560913, 0.30888989567756653, 0.015762213617563248, 0.3814007341861725, 0.11726850271224976, 0.14511577785015106, 0.3322085440158844, 0.19370023906230927, 0.16240940988063812, 0.18379317224025726, 0.12022992968559265, 0.35434412956237793, 0.35320571064949036, 0.16031278669834137, 0.20918764173984528, 0.18223612010478973, 0.5275805592536926, 0.3758704960346222, 0.10640544444322586, 0.6466110348701477, 0.06938552111387253, 0.22116480767726898, 0.21720530092716217, 0.4156934916973114, 0.251585990190506, 0.28833362460136414, 0.23021484911441803, 0.5322898626327515, 0.29297739267349243, 0.013935020193457603, 0.36931440234184265, 0.005831753369420767, 0.14848700165748596, 0.15654629468917847, 0.5864251255989075, 0.13434727489948273, 0.2482926845550537, 0.30694258213043213, 0.38500726222991943, 0.3437342345714569, 0.21509791910648346, 0.3519381880760193, 0.40508267283439636, 0.27248841524124146, 0.41996023058891296, 0.4135344624519348, 0.3104134202003479, 0.35438206791877747, 0.4094451367855072, 0.19152572751045227, 0.11503548175096512, 0.15824122726917267, 0.21632038056850433, 0.2683241069316864, 0.2937835156917572, 0.20299454033374786, 0.11514072120189667, 0.1380770057439804, 0.5850070714950562, 0.40290918946266174, 0.5840855836868286, 0.18289613723754883]
val step Loss: [0.5282433032989502, 0.40009811520576477, 0.9175387620925903, 0.15882937610149384, 0.9776493906974792, 0.7822747826576233, 0.9296678304672241, 0.7201155424118042, 0.12228760123252869, 0.34215298295021057, 0.14138376712799072, 0.45882710814476013, 0.29794996976852417, 0.8061831593513489, 0.41651472449302673, 0.435467392206192]
Train step Accs: [0.9015728056823947, 0.9865057945705668, 0.9168097187376205, 0.9973319103521878, 0.9014062741461907, 0.9726459758022094, 0.9644473173884939, 0.9163970493076227, 0.9508333333333333, 0.957623654448835, 0.9519890260631001, 0.9679627601314348, 0.9085091899251191, 0.9090228378884313, 0.9582572030920591, 0.9472750725572396, 0.9533035963200446, 0.8663064560820172, 0.901422334882411, 0.9742357001972387, 0.8341121495327103, 0.9815543198155432, 0.9457981880662293, 0.9423898449896253, 0.9026832198638366, 0.9352216102806189, 0.9216670851117248, 0.9409343984507383, 0.8880933439405994, 0.9252522381696746, 0.9976595220497659, 0.9168591224018475, 1.0, 0.9618546530746465, 0.9615849563465413, 0.8469139338393241, 0.9649287825853265, 0.9378048780487804, 0.9206367924528301, 0.9038306991695687, 0.9127645926876202, 0.9427653498334126, 0.9061696658097687, 0.8969114619080302, 0.9266209000762776, 0.8873205741626794, 0.9002654531664771, 0.9212812864738685, 0.9079392951210334, 0.8911819887429644, 0.9496662216288384, 0.9722374931280924, 0.9584901080228183, 0.9454597783853792, 0.9283387622149837, 0.9248554913294798, 0.9458809380637402, 0.9729992702505473, 0.966064414768264, 0.8470588235294118, 0.899968193384224, 0.8461238293444329, 0.9546632124352331]
val step Accs: [0.8704078680937228, 0.9018973998594518, 0.7776805798550362, 0.9590573986308584, 0.7622701415531155, 0.8119090212113468, 0.7706939525121344, 0.8228605625374028, 0.9707248416608023, 0.9186555041859302, 0.9682306940371457, 0.8896474850215967, 0.9297272306981045, 0.8009831274079978, 0.8953205712549377, 0.8956398869600323]
Preds: [17, 196, 217, 217, 217, 217, 217, 473, 473, 65, 264, 264, 264, 264, 264, 264, 264, 264, 264, 264, 468, 468, 468, 467, 337, 337, 337, 324, 328, 3, 454, 197, 197, 197, 259, 354, 345, 109, 109, 109, 285, 288, 285, 313, 313, 337, 337, 337, 360, 360, 360, 360, 434, 434, 434, 200, 200, 398, 398, 324, 434, 434, 339, 339, 33, 33, 250, 250, 250, 250, 345, 153, 100, 424, 424, 424, 424, 182, 497, 497, 497, 122, 43, 75, 208, 208, 106, 481, 481, 481, 481, 426, 426, 306, 306, 372, 396, 396, 396, 313, 313, 406, 406, 495, 380, 134, 84, 84, 84, 375, 375, 375, 375, 375, 375, 98, 98, 98, 48, 48, 48, 48, 414, 414, 170, 170, 170, 170, 170, 170, 187, 187, 187, 12, 12, 12, 12, 12, 12, 12, 408, 408, 408, 391, 391, 321, 75, 478, 66, 66, 232, 172, 172, 172, 115, 267, 267, 267, 444, 374, 374, 374, 374, 139, 139, 293, 293, 497, 349, 349, 349, 349, 234, 234, 234, 261, 261, 25, 25, 30, 324, 324, 324, 464, 464, 464, 464, 180, 486, 486, 486, 486, 315, 315, 315, 315, 282, 282, 282, 388, 203, 53, 466, 466, 22, 448, 448, 448, 448, 324, 464, 464, 464, 464, 464, 315, 315, 315, 315, 315, 480, 480, 480, 480, 480, 282, 282, 282, 85, 299, 313, 334, 382, 406, 406, 406, 406, 406, 406, 380, 467, 467, 499, 302, 100, 375, 98, 375, 98, 98, 98, 13, 13, 414, 414, 414, 414, 414, 414, 414, 170, 187, 187, 187, 187, 187, 187, 391, 391, 244, 244, 244, 320, 320, 320, 83, 300, 222, 374, 337, 337, 313, 313, 24, 24, 310, 310, 107, 107, 395, 395, 485, 286, 464, 139, 139, 139, 139, 496, 216, 216, 81, 81, 81, 139, 139, 139, 240, 240, 186, 99, 107, 107, 107, 400, 400, 152, 422, 143, 143, 458, 144, 144, 27, 27, 27, 437, 437, 284, 284, 405, 405, 405, 206, 460, 460, 215, 35, 35, 35, 35, 441, 437, 100, 100, 426, 426, 375, 375, 98, 98, 98, 263, 263, 13, 13, 13, 414, 170, 170, 237, 237, 28, 244, 2, 2, 341, 2, 341, 12, 63, 63, 408, 408, 63, 391, 73, 73, 244, 321, 321, 412, 287, 287, 287, 486, 486, 460, 460, 460, 150, 150, 342, 342, 342, 342, 224, 224, 196, 116, 94, 479, 199, 464, 464, 443, 443, 258, 31, 31, 342, 232, 172, 172, 115, 273, 273, 151, 151, 486, 460, 240, 240, 35, 310, 310, 107, 161, 395, 395, 487, 494, 116, 285, 81, 302, 302, 302, 497, 497, 497, 497, 458, 208, 208, 441, 100, 153, 153, 387, 387, 387, 387, 372, 372, 406, 467, 467, 467, 467, 337, 41, 41, 41, 19, 19, 19, 19, 454, 454, 454, 454, 414, 414, 414, 102, 102, 47, 47, 170, 47, 392, 392, 392, 392, 392, 73, 244, 320, 320, 7, 7, 7, 217, 217, 217, 217, 473, 65, 65, 264, 264, 264, 264, 264, 264, 264, 264, 264, 264, 468, 468, 468, 468, 468, 467, 337, 337, 41, 41, 41, 19, 19, 19, 19, 454, 17, 83, 403, 403, 403, 403, 403, 403, 403, 403, 403, 403, 403, 403, 403, 403, 403, 403, 403, 403, 403, 403, 403, 403, 403, 403, 403, 403, 403, 403, 403, 403, 403, 403, 403, 403, 403, 403, 403, 403, 403, 403, 403, 403, 403, 403, 403, 403, 403, 403, 403, 403, 403, 403, 403, 403, 403, 403, 403, 403, 403, 403, 403, 403, 403, 403, 403, 403, 403, 403, 403, 403, 403, 403]

ep432
Train step Loss: [0.012348964810371399, 0.2536899745464325, 0.20311319828033447, 0.2140524536371231, 0.06666848808526993, 0.3870435059070587, 0.15094684064388275, 0.21798300743103027, 0.3362430930137634, 0.4232318699359894, 0.45043158531188965, 0.07910419255495071, 0.23831896483898163, 0.21441294252872467, 0.2726544737815857, 0.101740762591362, 0.40114545822143555, 0.4477425813674927, 0.18066923320293427, 0.2101241499185562, 0.7184075117111206, 0.07586745917797089, 0.33216822147369385, 0.2629549503326416, 0.27144840359687805, 0.32133492827415466, 0.47193726897239685, 0.08045259863138199, 0.27716121077537537, 0.57828289270401, 0.05947672203183174, 0.25102585554122925, 0.2861802577972412, 0.010089336894452572, 0.2536197006702423, 0.11488783359527588, 0.1389925479888916, 0.267963707447052, 0.15027464926242828, 0.3771871328353882, 0.262085884809494, 0.05594398081302643, 0.22698919475078583, 0.3361777663230896, 0.5248861908912659, 0.5188834071159363, 0.38053739070892334, 0.4434766173362732, 0.03210556507110596, 0.006905443500727415, 0.22519905865192413, 0.13653206825256348, 0.2838761806488037, 0.2836681306362152, 0.29988691210746765, 0.4987051486968994, 0.29658830165863037, 0.14919357001781464, 0.6459597945213318, 0.47526901960372925, 0.28378427028656006, 0.5983391404151917, 0.09707118570804596]
val step Loss: [0.6890186667442322, 1.0027018785476685, 0.5215775370597839, 0.6024632453918457, 0.17607760429382324, 0.36901652812957764, 0.2948616147041321, 0.1793716698884964, 0.468692421913147, 0.398684561252594, 0.6611928343772888, 0.7027015089988708, 0.5029955506324768, 0.6215121150016785, 0.633615255355835, 0.5948770046234131]
Train step Accs: [0.9980820300973738, 0.9313528703331995, 0.9514146052436676, 0.9439574651530392, 0.9853515625, 0.8950269161753397, 0.9609943144254925, 0.9404903909874088, 0.9110012360939431, 0.8853479397485373, 0.8844829784521229, 0.9818526116458892, 0.9380563345933423, 0.9425694066412629, 0.9285812957590828, 0.9743589743589743, 0.9034473471586318, 0.8792630341042729, 0.9515693793495242, 0.9503741630563214, 0.8203712406015038, 0.9795918367346939, 0.9132451234483699, 0.931555682304292, 0.9281154239019408, 0.9147363233119763, 0.8791747259832366, 0.9782499581729965, 0.9317440045409394, 0.871222076215506, 0.9870546171865368, 0.9359830097087378, 0.9244779018941234, 0.9993412384716732, 0.9349135673127292, 0.9708929452392698, 0.9654129405576013, 0.933935166187936, 0.9618243668892529, 0.9033333333333333, 0.9350571256764882, 0.9873807325330871, 0.9443298969072165, 0.9145880574452003, 0.8691840863115307, 0.8633619319987289, 0.9013327098433481, 0.8857394624761346, 0.9933923801490229, 0.9997332622032542, 0.9432595573440644, 0.9653211263698155, 0.9286697879372073, 0.9224663359319631, 0.9224205828301392, 0.8748999733262203, 0.9244949122548297, 0.9630826026765114, 0.8283014236622485, 0.8736256629155349, 0.9226495101623045, 0.853167808219178, 0.9730994152046784]
val step Accs: [0.8311998874665917, 0.7592989534737108, 0.8712845696562419, 0.8641519748530818, 0.9562299387219142, 0.9052672447262845, 0.9396145610278372, 0.9552036199095023, 0.8868811517555457, 0.9036751630112626, 0.8358915323612177, 0.8588093806374023, 0.8755874673629243, 0.845642433877728, 0.8484737484737485, 0.8639545056867891]
Preds: [17, 451, 360, 360, 360, 301, 143, 17, 321, 321, 320, 7, 196, 70, 473, 109, 429, 360, 360, 434, 434, 434, 19, 19, 454, 454, 454, 408, 149, 82, 82, 66, 66, 66, 68, 68, 68, 115, 115, 267, 267, 470, 139, 139, 139, 443, 443, 443, 443, 85, 146, 240, 240, 240, 216, 34, 166, 324, 324, 324, 301, 349, 349, 261, 25, 25, 183, 30, 186, 186, 99, 338, 338, 338, 338, 338, 400, 400, 267, 267, 290, 360, 246, 246, 434, 3, 3, 3, 14, 226, 321, 209, 145, 145, 145, 460, 460, 178, 215, 259, 29, 100, 100, 497, 497, 122, 368, 49, 453, 224, 168, 106, 106, 496, 496, 274, 274, 8, 82, 364, 345, 345, 81, 81, 81, 474, 324, 324, 324, 246, 434, 339, 339, 339, 217, 398, 398, 398, 398, 434, 434, 434, 199, 199, 331, 275, 282, 282, 452, 263, 263, 193, 17, 83, 403, 403, 438, 438, 438, 438, 438, 438, 438, 438, 438, 438, 438, 438, 438, 438, 438, 438, 438, 438, 438, 438, 438, 438, 438, 438, 438, 438, 438, 438, 438, 438, 438, 438, 438, 438, 438, 438, 438, 438, 438, 438, 438, 438, 438, 438, 438, 438, 438, 438, 438, 438, 438, 438, 438, 438, 438, 438, 438, 438, 438, 438, 438, 438, 438, 438, 438, 438, 438, 438, 438, 438, 438, 438, 438, 438, 438, 438, 438, 438, 438, 438, 438, 438, 438, 438, 438, 438, 438, 438, 438, 438, 438, 438, 438, 438, 438, 438, 438, 438, 438, 438, 438, 438, 438, 438, 438, 438, 438, 438, 438, 438, 438, 438, 438, 438, 438, 438, 438, 438, 438, 438, 438, 438, 438, 438, 438, 438, 438, 438, 438, 438, 438, 438, 438, 438, 438, 438, 438, 438, 438, 438, 438, 438, 438, 438, 438, 438, 438, 438, 438, 438, 438, 438, 438, 438, 438, 438, 438, 438, 438, 438, 438, 438, 438, 438, 438, 438, 438, 438, 438, 438, 438, 438, 438, 438, 438, 438, 438, 438, 438, 438, 438, 438, 438, 438, 438, 438, 438, 438, 438, 438, 438, 438, 438, 438, 438, 438, 438, 438, 438, 438, 438, 438, 438, 438, 438, 438, 438, 438, 438, 438, 438, 438, 438, 438, 438, 438, 438, 438, 438, 438, 438, 438, 438, 438, 438, 438, 438, 438, 438, 438, 438, 438, 438, 438, 438, 438, 438, 438, 438, 438, 438, 438, 438, 438, 438, 438, 438, 438, 438, 438, 438, 438, 438, 438, 438, 438, 438, 438, 438, 438, 438, 438, 438, 438, 438, 438, 438, 438, 438, 438, 438, 438, 438, 438, 438, 438, 438, 438, 438, 438, 438, 438, 438, 438, 438, 438, 438, 438, 438, 438, 438, 438, 438, 438, 438, 438, 438, 438, 438, 438, 438, 438, 438, 438, 438, 438, 438, 438, 438, 438, 438, 438, 438, 438, 438, 438, 438, 438, 438, 438, 438, 438, 438, 438, 438, 438, 438, 438, 438, 438, 438, 438, 438, 438, 438, 438, 438, 438, 438, 438, 438, 438, 438, 438, 438, 438, 438, 438, 438, 438, 438, 438, 438, 438, 438, 438, 438, 438, 438, 438, 438, 438, 438, 438, 438, 438, 438, 438, 438, 438, 438, 438, 438, 438, 438, 438, 438, 438, 438, 438, 438, 438, 438, 438, 438, 438, 438, 438, 438, 438, 438, 438, 438, 438, 438, 438, 438, 438, 438, 438, 438, 438, 438, 438, 438, 438, 438, 438, 438, 438, 438, 438, 438, 438, 438, 438, 438, 438, 438, 438, 438, 438, 438, 438, 438, 438, 438, 438, 438, 438, 438, 438, 438, 438, 438, 438, 438, 438, 438, 438, 438, 438, 438, 438]

ep433
Train step Loss: [0.2725140154361725, 0.1352178156375885, 0.2861363887786865, 0.11729873716831207, 0.4870164096355438, 0.38524487614631653, 0.41269466280937195, 0.4081681966781616, 0.006696417927742004, 0.2495805025100708, 0.17434464395046234, 0.27386125922203064, 0.4126565754413605, 0.2556701600551605, 0.21299350261688232, 0.06368213146924973, 0.20176051557064056, 0.16792602837085724, 0.23635467886924744, 0.34009385108947754, 0.041450511664152145, 0.02879629097878933, 0.1335541158914566, 0.12296638637781143, 0.37443533539772034, 0.5475456714630127, 0.1949883997440338, 0.4083389639854431, 0.2767588794231415, 0.4558008015155792, 0.305148184299469, 0.007835118100047112, 0.11876966804265976, 0.200277641415596, 0.41435346007347107, 0.13724450767040253, 0.2949149012565613, 0.3016105592250824, 0.28275156021118164, 0.280349463224411, 0.4082721173763275, 0.5761394500732422, 0.35679933428764343, 0.3628773093223572, 0.1390882283449173, 0.005693310871720314, 0.2738155126571655, 0.08314362168312073, 0.3188633620738983, 0.3068084716796875, 0.10988516360521317, 0.0933714210987091, 0.27040356397628784, 0.11812255531549454, 0.6806056499481201, 0.23612728714942932, 0.15626876056194305, 0.18696129322052002, 0.08704573661088943, 0.09686406701803207, 0.3939681649208069, 0.14487192034721375, 0.2444293051958084]
val step Loss: [0.6901313662528992, 0.4062700867652893, 0.33175069093704224, 0.37135452032089233, 0.425950288772583, 0.1992293894290924, 0.7346811890602112, 0.6439956426620483, 0.3993695080280304, 0.16583609580993652, 0.4652728736400604, 0.42172175645828247, 0.816738486289978, 0.3587906062602997, 0.38396385312080383, 1.0686722993850708]
Train step Accs: [0.9297093348239239, 0.9688888888888889, 0.9251412429378532, 0.9681672882258924, 0.8758620689655172, 0.9271307742355237, 0.8919128079453115, 0.894611229745007, 0.9998639270649068, 0.9358221476510067, 0.9568608335364368, 0.9329446064139941, 0.8945472612097876, 0.9326322206980643, 0.9451974071891573, 0.9864521591871296, 0.947521020585677, 0.9579230080572964, 0.9398434281005357, 0.911989223170184, 0.9913201191864232, 0.9944045911047346, 0.9639582272032603, 0.9670288024254674, 0.9037320810677212, 0.8539893233299668, 0.9496040316774658, 0.894297635605007, 0.9241216047844505, 0.876903752551421, 0.9249653783205338, 0.9998784046692607, 0.9723560740552879, 0.95, 0.9011579818031431, 0.9648671808054842, 0.9261511728931364, 0.9284653799433122, 0.9250965250965251, 0.9270226737702887, 0.9011155488224762, 0.8490468162365452, 0.9095833870759706, 0.9049184639663335, 0.9671736184309592, 0.9998261776464453, 0.9260149950488047, 0.9795411369282478, 0.9269514401001809, 0.9213979831468435, 0.9725283501038173, 0.9762939549585145, 0.9312476814640781, 0.9706473663047849, 0.8255125911655429, 0.9433527413876759, 0.963797389683033, 0.9529065489330389, 0.9786723163841808, 0.9769579115610016, 0.8948668679659622, 0.9616895874263262, 0.9351040525739321]
val step Accs: [0.8284660313556717, 0.8993917891535732, 0.9168971238938053, 0.9114095985511621, 0.8948213568847853, 0.9539446791115956, 0.8190664222253561, 0.8357063093243998, 0.9054283845650752, 0.9623633596236336, 0.8801160659743433, 0.9039595619208087, 0.7920718946202142, 0.9109813416892181, 0.9101646385110952, 0.7318353632927341]
Preds: [17, 17, 287, 287, 284, 319, 319, 319, 413, 293, 43, 43, 43, 153, 153, 153, 153, 138, 138, 297, 182, 182, 182, 182, 182, 293, 293, 497, 98, 98, 197, 197, 197, 197, 226, 209, 287, 287, 111, 111, 111, 111, 438, 388, 10, 10, 479, 479, 398, 398, 324, 301, 301, 378, 132, 53, 250, 70, 70, 138, 138, 138, 138, 138, 346, 426, 426, 426, 426, 426, 426, 426, 450, 450, 413, 203, 250, 250, 276, 440, 138, 138, 138, 138, 138, 182, 182, 98, 98, 335, 14, 14, 287, 287, 111, 111, 438, 438, 251, 251, 251, 241, 241, 431, 428, 428, 428, 428, 146, 146, 146, 252, 271, 186, 162, 54, 54, 482, 482, 482, 142, 397, 273, 487, 109, 290, 290, 290, 464, 464, 464, 464, 37, 314, 314, 32, 32, 239, 420, 420, 324, 340, 116, 116, 10, 10, 10, 250, 479, 331, 331, 284, 307, 307, 61, 61, 282, 240, 388, 76, 36, 77, 342, 68, 172, 172, 115, 267, 267, 444, 213, 213, 246, 246, 246, 246, 339, 24, 8, 32, 32, 354, 420, 41, 324, 324, 143, 143, 129, 401, 401, 270, 68, 68, 115, 273, 106, 284, 486, 376, 376, 376, 460, 460, 460, 178, 143, 35, 401, 270, 66, 68, 224, 224, 267, 448, 448, 464, 464, 464, 486, 486, 284, 265, 85, 85, 85, 85, 85, 146, 240, 314, 239, 259, 354, 351, 425, 106, 284, 481, 206, 167, 35, 35, 35, 342, 68, 68, 273, 273, 106, 284, 486, 376, 460, 460, 460, 263, 263, 170, 170, 170, 170, 392, 392, 392, 392, 421, 28, 421, 421, 2, 2, 2, 2, 2, 2, 2, 2, 2, 73, 73, 73, 73, 73, 73, 73, 320, 66, 172, 115, 273, 397, 7, 7, 153, 153, 153, 182, 182, 387, 387, 387, 122, 348, 348, 175, 81, 81, 324, 324, 324, 464, 464, 180, 315, 319, 319, 319, 319, 413, 348, 466, 466, 466, 250, 250, 250, 473, 324, 41, 324, 324, 324, 19, 301, 76, 129, 259, 354, 354, 106, 284, 284, 319, 319, 240, 240, 314, 129, 36, 401, 478, 68, 68, 68, 115, 115, 115, 115, 267, 213, 213, 213, 213, 213, 213, 246, 246, 246, 246, 246, 246, 246, 19, 454, 414, 414, 414, 414, 414, 414, 414, 237, 47, 47, 47, 47, 80, 47, 80, 80, 80, 80, 80, 80, 73, 320, 320, 320, 320, 287, 287, 111, 460, 169, 35, 35, 35, 342, 342, 224, 494, 257, 257, 281, 31, 342, 54, 9, 482, 68, 273, 273, 273, 106, 481, 153, 424, 182, 182, 182, 98, 98, 98, 98, 197, 197, 7, 226, 80, 80, 320, 209, 7, 7, 7, 7, 359, 398, 360, 213, 434, 246, 246, 246, 246, 3, 197, 197, 440, 188, 324, 324, 143, 99, 338, 338, 338, 338, 338, 338, 400, 400, 286, 286, 278, 278, 139, 399, 8, 8, 8, 354, 100, 100, 100, 98, 98, 98, 98, 48, 48, 48, 170, 170, 170, 170, 170, 170, 47, 28, 28, 47, 2, 2, 2, 2, 2, 2, 2, 2, 2, 73, 73, 73, 73, 320, 320, 287, 287, 287, 111, 111, 240, 35, 35, 77, 449, 342, 68, 224, 115, 273, 267, 267, 213, 213, 213, 246, 246, 246, 8, 8, 43, 43, 276, 276, 276, 276, 346, 346, 428, 428, 146, 146, 146, 146, 240, 35, 35, 35, 449, 108, 449, 371, 87, 116, 457, 457, 457, 7, 196, 473, 278, 197, 457, 457, 457, 196, 309, 473, 278, 278, 143, 8, 251, 241, 431, 374, 374, 132, 132, 132, 132, 132, 132, 374, 374, 337]

ep434
Train step Loss: [0.014086365699768066, 0.00753809092566371, 0.22608542442321777, 0.325674831867218, 0.12511277198791504, 0.2598571479320526, 0.281749427318573, 0.5821666121482849, 0.20272773504257202, 0.23629425466060638, 0.22496671974658966, 0.11034595966339111, 0.15597562491893768, 0.17695178091526031, 0.3012634217739105, 0.5607702732086182, 0.20091818273067474, 0.1731971800327301, 0.2893926799297333, 0.22407402098178864, 0.2314567267894745, 0.4592328369617462, 0.21111465990543365, 0.3613651990890503, 0.3272920250892639, 0.22761571407318115, 0.24946407973766327, 0.09867081046104431, 0.2807561755180359, 0.26238927245140076, 0.13175754249095917, 0.15301859378814697, 0.1099085882306099, 0.12239573150873184, 0.10814698785543442, 0.006699967663735151, 0.006174687296152115, 0.35073643922805786, 0.25788211822509766, 0.05727158486843109, 0.3553352355957031, 0.03467974066734314, 0.31481173634529114, 0.399248868227005, 0.286789208650589, 0.2940523624420166, 0.1793985515832901, 0.3416142463684082, 0.23345951735973358, 0.16962619125843048, 0.39017388224601746, 0.1601233035326004, 0.5479446649551392, 0.6495904326438904, 0.11920605599880219, 0.26289495825767517, 0.06288737803697586, 0.30200251936912537, 0.2720305323600769, 0.45452338457107544, 0.007037391886115074, 0.10450048744678497, 0.21254770457744598]
val step Loss: [0.26194438338279724, 0.2880175709724426, 0.6875279545783997, 0.4790073037147522, 0.8430509567260742, 0.11954395473003387, 0.38545849919319153, 0.9938961267471313, 0.7327316403388977, 0.4015708863735199, 0.6519187092781067, 0.008909041993319988, 0.6266487240791321, 0.3350629210472107, 0.39609605073928833, 0.9558019638061523]
Train step Accs: [0.9976204640095181, 0.9996539792387543, 0.9527704485488127, 0.9152263374485596, 0.9702754295064085, 0.9300370828182942, 0.927144704698951, 0.8413593416641267, 0.947001223990208, 0.9405106607001843, 0.9427385892116182, 0.9744970246528761, 0.959753490127028, 0.953134328358209, 0.9236725663716814, 0.8624696718171371, 0.9527322746029762, 0.9537661109140357, 0.9251952322235922, 0.9431266846361186, 0.9378066378066378, 0.879973474801061, 0.9442596991290578, 0.9046847888953152, 0.918048645660586, 0.9417512213453589, 0.9371204453441295, 0.9744279946164199, 0.9295306475202766, 0.9305919003115265, 0.9670650730411686, 0.9595985924670924, 0.9731224279835391, 0.9659293160437326, 0.9707672115499344, 0.9997202797202798, 1.0, 0.9128742113035306, 0.935314932767162, 0.9873807776962582, 0.9101504268871121, 0.9916642713423397, 0.9147038327526132, 0.898423071459014, 0.9294188316564048, 0.9246689805887647, 0.9533048764713491, 0.9123658661216147, 0.9382193411826961, 0.9584235599826765, 0.9005084512848701, 0.9603434816549571, 0.8655474452554744, 0.8290773771333247, 0.9675274865763231, 0.9315490873211643, 0.9849042709867453, 0.9234986945169713, 0.9575055913695566, 0.8854411968416678, 0.9995680967463288, 0.9750927397986221, 0.9457850203697901]
val step Accs: [0.934958217270195, 0.9320978502594515, 0.8274886877828054, 0.878584829804342, 0.7929137028586767, 0.9718234268079968, 0.9062382797849731, 0.763010916476263, 0.8214138073584125, 0.8992101850760345, 0.8415748454716474, 0.9994188580560802, 0.8400834560628375, 0.9120782824594713, 0.9057787068836792, 0.7566198480313148]
Preds: [17, 309, 479, 199, 199, 360, 360, 360, 252, 143, 35, 35, 196, 70, 65, 65, 46, 46, 46, 460, 460, 178, 35, 77, 342, 342, 342, 115, 273, 273, 486, 486, 486, 460, 460, 178, 178, 35, 183, 192, 445, 451, 213, 213, 213, 213, 246, 19, 19, 19, 19, 454, 454, 454, 414, 414, 414, 414, 442, 102, 187, 187, 187, 187, 12, 12, 12, 341, 341, 12, 260, 260, 260, 391, 391, 391, 73, 73, 289, 321, 320, 287, 287, 287, 287, 287, 284, 284, 284, 111, 111, 111, 111, 438, 438, 438, 313, 313, 250, 250, 250, 134, 378, 378, 88, 88, 109, 106, 284, 284, 284, 284, 206, 206, 206, 169, 167, 35, 35, 259, 127, 127, 114, 114, 114, 264, 264, 264, 264, 264, 264, 264, 264, 264, 264, 264, 264, 264, 264, 264, 264, 264, 468, 468, 468, 406, 406, 467, 337, 288, 288, 290, 290, 290, 330, 330, 388, 67, 250, 250, 70, 65, 65, 426, 426, 426, 426, 319, 319, 299, 348, 348, 10, 479, 331, 331, 486, 486, 486, 460, 169, 150, 150, 150, 342, 342, 342, 224, 224, 257, 257, 257, 257, 31, 31, 31, 162, 482, 482, 482, 323, 18, 272, 273, 273, 106, 106, 106, 109, 106, 355, 355, 355, 169, 169, 169, 150, 150, 39, 39, 433, 238, 142, 397, 397, 397, 397, 494, 494, 236, 36, 36, 164, 108, 115, 115, 273, 470, 403, 403, 403, 171, 171, 252, 252, 34, 34, 470, 403, 403, 171, 171, 171, 171, 171, 246, 246, 358, 252, 143, 143, 196, 196, 196, 309, 473, 473, 429, 429, 429, 434, 434, 434, 246, 19, 19, 19, 454, 454, 454, 454, 229, 229, 414, 414, 126, 126, 126, 292, 292, 292, 292, 292, 21, 408, 408, 408, 408, 408, 408, 408, 391, 244, 289, 66, 66, 66, 66, 68, 172, 115, 267, 267, 267, 267, 464, 464, 464, 464, 443, 443, 443, 240, 240, 240, 240, 325, 34, 324, 324, 324, 324, 301, 301, 422, 349, 349, 261, 25, 25, 420, 420, 324, 324, 99, 99, 99, 338, 338, 338, 338, 338, 338, 400, 400, 400, 213, 213, 213, 213, 246, 246, 246, 246, 246, 246, 3, 3, 14, 440, 440, 145, 145, 486, 460, 460, 169, 215, 35, 35, 441, 100, 100, 153, 387, 387, 122, 99, 99, 99, 107, 395, 395, 395, 134, 139, 139, 496, 497, 497, 43, 8, 8, 354, 473, 473, 109, 288, 290, 290, 290, 171, 434, 434, 434, 339, 339, 339, 398, 398, 398, 246, 246, 246, 246, 246, 246, 286, 464, 464, 264, 282, 282, 282, 282, 282, 263, 263, 263, 13, 414, 414, 414, 414, 414, 312, 312, 187, 187, 187, 23, 23, 23, 23, 23, 23, 23, 149, 149, 149, 320, 320, 7, 7, 251, 251, 241, 241, 470, 403, 403, 403, 403, 290, 290, 290, 290, 360, 434, 434, 434, 360, 360, 434, 434, 434, 434, 434, 339, 339, 10, 10, 309, 309, 479, 331, 331, 331, 331, 284, 426, 426, 426, 426, 426, 426, 282, 282, 282, 355, 355, 355, 452, 263, 263, 13, 13, 414, 414, 414, 414, 170, 170, 244, 249, 249, 244, 2, 2, 2, 2, 244, 2, 2, 73, 73, 73, 73, 244, 321, 321, 287, 287, 287, 287, 284, 284, 284, 206, 206, 206, 169, 150, 150, 54, 54, 54, 54, 482, 482, 482, 238, 272, 273, 273, 106, 106, 153, 153, 424, 182, 182, 182, 182, 182, 182, 387, 387, 387, 387, 293, 293, 293, 122, 122, 36, 36, 108, 108, 108, 449, 371, 444, 444, 278, 301, 301, 301, 8, 364]

ep435
Train step Loss: [0.22242841124534607, 0.10107424855232239, 0.20129886269569397, 0.18684938549995422, 0.17147734761238098, 0.3340829312801361, 0.2803134024143219, 0.13530193269252777, 0.5272857546806335, 0.3593224585056305, 0.5328044891357422, 0.2684141993522644, 0.09166986495256424, 0.2840072512626648, 0.2787110507488251, 0.025580430403351784, 0.18973703682422638, 0.16270583868026733, 0.20596621930599213, 0.283629834651947, 0.0057714395225048065, 0.16204865276813507, 0.12967951595783234, 0.00493602966889739, 0.19603541493415833, 0.20837943255901337, 0.45853590965270996, 0.37862616777420044, 0.2251029908657074, 0.5733649730682373, 0.16254526376724243, 0.023511437699198723, 0.005559165962040424, 0.15713824331760406, 0.29877522587776184, 0.3343082666397095, 0.10466151684522629, 0.24411331117153168, 0.13310636579990387, 0.2561531066894531, 0.33694496750831604, 0.1872992217540741, 0.11943437904119492, 0.14866138994693756, 0.12144346535205841, 0.3085917532444, 0.0045972284860908985, 0.3777509927749634, 0.2468506395816803, 0.005528922658413649, 0.16427962481975555, 0.17508737742900848, 0.20971794426441193, 0.7003613114356995, 0.10566013306379318, 0.536157488822937, 0.49745824933052063, 0.25517117977142334, 0.24723303318023682, 0.0353609099984169, 0.056142039597034454, 0.2428733855485916, 0.43540000915527344]
val step Loss: [0.4119613766670227, 0.48990398645401, 0.6848995685577393, 0.19696472585201263, 0.49591758847236633, 0.5665905475616455, 0.20379292964935303, 0.34588196873664856, 0.6363731026649475, 0.4942449629306793, 0.861321210861206, 0.539070188999176, 0.6183205842971802, 0.28870877623558044, 0.659513533115387, 0.023681581020355225]
Train step Accs: [0.9420896328293736, 0.9741992882562278, 0.9534336782690499, 0.9503767951087729, 0.9569804082751062, 0.9127746349164584, 0.9305985552115583, 0.9654622741764081, 0.8646311807619562, 0.9070474679360042, 0.8529219505817754, 0.9302204251989044, 0.9767703259647809, 0.9272926561929119, 0.9261865165664577, 0.9944989237024635, 0.9497697179044329, 0.95837023914969, 0.9452827873880505, 0.9257093968344503, 0.9997284453496266, 0.9579655317360235, 0.9689912163960607, 1.0, 0.9471147409291739, 0.9607976125881714, 0.8789532605653513, 0.9012144735194692, 0.9423892381927182, 0.8527599486521181, 0.9570929652419757, 0.995333415203242, 1.0, 0.9577219597115145, 0.9235993208828522, 0.9145404663923182, 0.9761472333212253, 0.9398754290072454, 0.9694904754529967, 0.9294682422451994, 0.9121333667585861, 0.9532430320395936, 0.9690595738906229, 0.9597051597051597, 0.969611780455154, 0.9244425507740378, 1.0, 0.9032208113967173, 0.9383066231740179, 1.0, 0.959191505692721, 0.9525916561314791, 0.9438800792864221, 0.8197322057787174, 0.9778703462639937, 0.860657966286025, 0.879033384550915, 0.9327419568383424, 0.9345399698340875, 0.9919210053859964, 0.9859849467947054, 0.9392930733872246, 0.8952471033341215]
val step Accs: [0.9018789144050104, 0.8742908330845028, 0.8343965629475328, 0.9533574007220217, 0.8794356562633604, 0.8567184334908845, 0.9473183978275628, 0.9162584200857318, 0.8455023739253176, 0.8755754634813986, 0.7906948195433342, 0.8580916237462727, 0.8338562911829307, 0.9271942834029931, 0.8455929384674428, 0.9956634865568084]
Preds: [17, 479, 398, 360, 360, 171, 360, 360, 171, 434, 252, 252, 252, 252, 143, 393, 205, 441, 441, 148, 148, 346, 346, 306, 306, 306, 203, 203, 467, 65, 65, 84, 319, 319, 319, 175, 175, 251, 251, 251, 81, 81, 219, 219, 398, 398, 360, 464, 464, 464, 464, 264, 264, 468, 468, 58, 58, 156, 84, 84, 84, 426, 426, 450, 413, 98, 98, 263, 263, 13, 417, 417, 414, 414, 170, 170, 170, 170, 28, 82, 2, 2, 2, 2, 2, 2, 2, 2, 163, 316, 316, 73, 73, 140, 140, 320, 320, 320, 373, 4, 4, 219, 4, 219, 219, 219, 453, 280, 444, 444, 360, 213, 360, 213, 213, 246, 246, 246, 19, 19, 454, 454, 454, 414, 414, 414, 414, 414, 249, 249, 249, 47, 249, 249, 2, 244, 461, 316, 316, 244, 73, 73, 244, 244, 320, 320, 320, 7, 479, 398, 360, 360, 360, 171, 171, 252, 378, 173, 280, 34, 324, 324, 324, 324, 422, 143, 77, 478, 342, 342, 232, 172, 172, 115, 115, 267, 444, 171, 171, 252, 252, 301, 173, 4, 4, 4, 4, 4, 280, 280, 25, 444, 213, 213, 213, 213, 213, 246, 246, 246, 246, 19, 454, 454, 454, 454, 197, 197, 197, 197, 80, 80, 7, 7, 478, 310, 9, 9, 172, 395, 395, 470, 470, 403, 403, 403, 403, 403, 171, 207, 358, 358, 358, 225, 225, 225, 414, 197, 197, 451, 451, 451, 30, 213, 360, 360, 360, 457, 457, 457, 196, 196, 398, 398, 360, 360, 360, 360, 464, 464, 315, 315, 315, 315, 315, 315, 315, 450, 450, 450, 450, 175, 175, 43, 43, 43, 276, 276, 153, 153, 424, 497, 497, 497, 497, 175, 413, 250, 250, 413, 426, 426, 319, 319, 413, 413, 413, 381, 250, 42, 250, 88, 241, 431, 431, 426, 426, 426, 426, 426, 480, 480, 480, 480, 426, 426, 85, 85, 299, 299, 299, 299, 116, 399, 217, 473, 398, 324, 324, 324, 324, 464, 464, 464, 264, 264, 222, 222, 245, 173, 349, 349, 349, 234, 155, 155, 25, 148, 148, 153, 153, 153, 153, 387, 387, 387, 285, 134, 134, 134, 88, 88, 88, 88, 387, 497, 175, 175, 431, 431, 265, 265, 428, 85, 85, 146, 146, 146, 464, 464, 464, 464, 171, 171, 171, 325, 325, 464, 464, 464, 120, 443, 120, 120, 263, 263, 263, 263, 229, 229, 229, 312, 312, 312, 312, 292, 292, 292, 292, 23, 23, 23, 23, 23, 23, 23, 23, 260, 260, 260, 391, 391, 391, 73, 73, 244, 73, 320, 321, 320, 320, 287, 284, 284, 284, 284, 284, 284, 284, 284, 284, 284, 480, 85, 480, 85, 85, 85, 85, 85, 85, 146, 146, 207, 207, 207, 324, 464, 464, 464, 464, 464, 486, 315, 315, 315, 315, 282, 450, 450, 175, 43, 43, 276, 153, 153, 153, 297, 297, 182, 182, 182, 182, 182, 182, 372, 372, 372, 372, 372, 59, 59, 59, 467, 467, 467, 467, 134, 134, 175, 431, 431, 431, 431, 431, 480, 480, 480, 85, 85, 85, 85, 85, 299, 468, 468, 59, 467, 467, 275, 275, 275, 303, 303, 303, 303, 98, 98, 98, 233, 233, 414, 170, 209, 188, 188, 188, 19, 19, 303, 303, 282, 282, 282, 37, 303, 303, 102, 48, 48, 170, 170, 170, 249, 249, 249, 249, 249, 249, 249, 249, 98, 249, 249, 249, 249, 249, 249, 249, 249, 249, 249, 249, 249, 249, 249, 249, 441, 441, 346, 346, 284, 206, 206, 206, 167, 167, 167, 233, 170, 170, 170, 352, 352, 40, 40, 305, 237, 237, 102]

ep436
Train step Loss: [0.29300469160079956, 0.11475487798452377, 0.32273903489112854, 0.19114534556865692, 0.005039617884904146, 0.14937162399291992, 0.557391345500946, 0.2974744737148285, 0.2880350351333618, 0.2800024449825287, 0.004750960506498814, 0.0767255574464798, 0.04689490422606468, 0.12404466420412064, 0.21712316572666168, 0.2394723743200302, 0.5716760158538818, 0.10030242800712585, 0.49001020193099976, 0.005805999040603638, 0.273438960313797, 0.1554213911294937, 0.15478463470935822, 0.12009938061237335, 0.07697896659374237, 0.16595704853534698, 0.630814790725708, 0.24494889378547668, 0.28480538725852966, 0.12783032655715942, 0.40479886531829834, 0.15335272252559662, 0.20676393806934357, 0.17079181969165802, 0.6056861877441406, 0.1995604932308197, 0.07429394125938416, 0.033922791481018066, 0.17193976044654846, 0.4626401662826538, 0.4672809839248657, 0.21147163212299347, 0.10833602398633957, 0.20938311517238617, 0.23623386025428772, 0.20915855467319489, 0.28132015466690063, 0.3355405032634735, 0.2601134479045868, 0.4897233843803406, 0.3362736403942108, 0.35825157165527344, 0.005297833122313023, 0.19672837853431702, 0.10821197926998138, 0.3530605435371399, 0.15587325394153595, 0.11144566535949707, 0.02059953846037388, 0.25015854835510254, 0.2321883887052536, 0.14361350238323212, 0.2956618070602417]
val step Loss: [0.5438956618309021, 0.5585289001464844, 0.46143925189971924, 0.4752923846244812, 0.28904610872268677, 0.41987115144729614, 0.2834445834159851, 0.6185694336891174, 0.630877673625946, 0.1921186000108719, 0.5108708143234253, 0.42232492566108704, 0.5536342859268188, 0.9171830415725708, 0.3907681107521057, 0.6136691570281982]
Train step Accs: [0.9221633996279869, 0.9700958649306053, 0.919290626131017, 0.9506282335550629, 1.0, 0.960179554011005, 0.8588096293014326, 0.9246408570732895, 0.9246861924686193, 0.9322923500852907, 1.0, 0.9805774957917908, 0.9900288638152716, 0.9681998864281658, 0.9428315641386367, 0.941022509160705, 0.8574468085106383, 0.9733603786342123, 0.8745799166554644, 0.9997325130399893, 0.9295338183777957, 0.9599445385918964, 0.9604894589414713, 0.9694117647058823, 0.9802942722017867, 0.9558152793614595, 0.83385816853508, 0.9336544437538844, 0.9280722189866045, 0.9661854597476915, 0.8954102920723227, 0.9615210502489815, 0.9444576593720266, 0.9539705882352941, 0.8391322721510072, 0.9494989451476793, 0.9815342837746096, 0.9915726324810741, 0.954053340374967, 0.8795027904616946, 0.8761413259229853, 0.9421611322808927, 0.9702057223930007, 0.9453265221593262, 0.9364664926022629, 0.9461584099673688, 0.9268016601685323, 0.9116038007486323, 0.9344805608667941, 0.8976018271792919, 0.9117773633625018, 0.9023093537132414, 1.0, 0.9497776615223646, 0.9704158145875937, 0.9058386247483351, 0.9594952681388013, 0.9702161307327359, 0.9959509047197267, 0.9350816300295668, 0.9425633995887595, 0.9679260668659962, 0.9238981658910485]
val step Accs: [0.8594005449591281, 0.8648367952522256, 0.8841666666666667, 0.8828907815631263, 0.9289223211544366, 0.899070577984316, 0.9280528908478092, 0.8355587808417997, 0.8499929308638484, 0.9545732827231541, 0.8737355271176113, 0.893552395416264, 0.8654664882617686, 0.7720130447672695, 0.8990109318063508, 0.8474540460595816]
Preds: [17, 17, 287, 287, 284, 284, 319, 450, 450, 450, 169, 169, 76, 76, 349, 234, 234, 234, 234, 234, 234, 261, 25, 106, 25, 106, 284, 428, 428, 330, 388, 388, 10, 10, 10, 309, 479, 398, 398, 324, 324, 422, 186, 162, 162, 232, 232, 172, 172, 115, 273, 267, 267, 267, 324, 324, 3, 3, 14, 14, 411, 188, 188, 171, 443, 443, 271, 178, 143, 96, 54, 232, 232, 86, 238, 6, 336, 336, 440, 145, 145, 145, 486, 486, 460, 468, 406, 406, 406, 42, 132, 32, 32, 32, 32, 239, 82, 310, 107, 107, 107, 395, 395, 286, 286, 264, 264, 264, 120, 120, 120, 120, 120, 207, 178, 178, 143, 233, 233, 170, 170, 170, 312, 312, 170, 170, 82, 170, 170, 187, 187, 187, 244, 2, 2, 2, 2, 244, 392, 316, 316, 392, 244, 73, 73, 73, 244, 287, 287, 100, 293, 293, 43, 43, 8, 129, 144, 208, 27, 346, 106, 174, 426, 319, 348, 348, 348, 199, 199, 250, 250, 98, 197, 129, 401, 7, 7, 217, 473, 109, 109, 313, 313, 406, 285, 337, 337, 337, 324, 340, 116, 94, 94, 199, 398, 340, 340, 116, 94, 94, 479, 331, 331, 138, 138, 138, 138, 138, 182, 497, 497, 43, 416, 32, 239, 208, 208, 27, 441, 346, 426, 426, 319, 348, 348, 94, 250, 250, 303, 375, 98, 98, 98, 13, 414, 414, 170, 170, 170, 170, 170, 28, 2, 2, 244, 2, 2, 2, 2, 2, 244, 244, 73, 73, 73, 73, 244, 320, 7, 70, 473, 106, 284, 405, 206, 206, 240, 385, 35, 82, 77, 270, 323, 323, 142, 397, 106, 153, 153, 153, 153, 387, 169, 349, 349, 349, 234, 234, 234, 261, 25, 25, 100, 100, 100, 302, 497, 497, 98, 98, 98, 197, 226, 226, 226, 226, 226, 442, 209, 287, 287, 284, 284, 284, 480, 480, 480, 480, 480, 480, 480, 480, 480, 282, 282, 282, 388, 388, 388, 388, 195, 195, 195, 250, 250, 250, 250, 250, 109, 109, 109, 403, 403, 403, 207, 207, 207, 252, 416, 32, 32, 239, 75, 131, 180, 106, 153, 153, 387, 349, 349, 349, 349, 234, 261, 261, 25, 148, 148, 148, 148, 153, 182, 182, 182, 182, 406, 132, 42, 42, 495, 134, 132, 132, 98, 98, 98, 98, 13, 13, 78, 78, 170, 170, 170, 170, 312, 187, 187, 187, 187, 391, 391, 392, 392, 73, 73, 73, 244, 310, 310, 323, 323, 323, 323, 273, 106, 106, 153, 153, 153, 182, 182, 182, 182, 182, 182, 182, 182, 182, 182, 182, 345, 122, 122, 236, 129, 129, 82, 75, 310, 310, 323, 323, 273, 106, 106, 106, 100, 375, 98, 98, 98, 98, 17, 83, 83, 443, 443, 403, 403, 403, 403, 438, 438, 438, 438, 438, 438, 438, 438, 438, 438, 438, 438, 438, 438, 438, 438, 438, 438, 438, 438, 438, 438, 438, 438, 438, 438, 438, 438, 438, 438, 438, 438, 438, 438, 438, 438, 438, 438, 438, 438, 438, 438, 438, 438, 438, 438, 438, 438, 438, 438, 438, 438, 438, 438, 438, 438, 438, 438, 438, 438, 438, 438, 438, 438, 438, 438, 438, 438, 438, 438, 403, 403, 403, 403, 403, 403, 403, 403, 403, 403, 403, 403, 403, 403, 403, 403, 403, 403, 403, 403, 403, 403, 403, 403, 403, 403, 403, 403, 403, 403, 403, 403, 403, 403, 403, 403, 403, 403, 403, 403, 403, 403, 403, 403, 403, 403, 403, 403, 403, 403, 403, 403, 403, 403, 403, 403, 403, 403, 403, 403, 403, 403, 403, 403, 403, 403, 403]

ep437
Train step Loss: [0.3696988821029663, 0.04023164138197899, 0.33813825249671936, 0.3891582190990448, 0.06101617589592934, 0.042292963713407516, 0.006412409711629152, 0.3752094507217407, 0.27181288599967957, 0.21959301829338074, 0.005166585557162762, 0.03048877790570259, 0.20885707437992096, 0.5231701731681824, 0.34285908937454224, 0.2504200041294098, 0.3336782455444336, 0.29500019550323486, 0.2871050536632538, 0.2289588749408722, 0.006545873358845711, 0.06035474315285683, 0.11715803295373917, 0.00436361413449049, 0.2781120240688324, 0.0742897167801857, 0.07827407121658325, 0.1873570829629898, 0.1672288030385971, 0.31850722432136536, 0.24928835034370422, 0.481597363948822, 0.16221922636032104, 0.14769600331783295, 0.1441347450017929, 0.08028373122215271, 0.1515214443206787, 0.0860421285033226, 0.023961542174220085, 0.07743150740861893, 0.6166501641273499, 0.2649531960487366, 0.2026509940624237, 0.23073866963386536, 0.08398231118917465, 0.33462125062942505, 0.2756526470184326, 0.23592537641525269, 0.04160155728459358, 0.1694595217704773, 0.30950015783309937, 0.11757037788629532, 0.1240401417016983, 0.10520140081644058, 0.3724590539932251, 0.5173256993293762, 0.06552993506193161, 0.004675834905356169, 0.2687462568283081, 0.3097671866416931, 0.2785117030143738, 0.15949267148971558, 0.005905207712203264]
val step Loss: [0.35430875420570374, 0.5024666786193848, 0.4569202661514282, 0.7320715188980103, 0.6163818836212158, 0.5347663760185242, 0.3334660232067108, 0.6548923254013062, 0.4657653570175171, 0.4816463887691498, 0.3886500298976898, 0.471591979265213, 0.7966110110282898, 0.5584895014762878, 0.4374392032623291, 0.28006041049957275]
Train step Accs: [0.9326221982176613, 0.9907317747959608, 0.9113490364025696, 0.9010989010989011, 0.9838777512967896, 0.99038974906567, 0.9997222607971115, 0.8989771435787347, 0.9273788516356726, 0.940588783801785, 1.0, 0.9935695717608428, 0.9462393721386527, 0.8732442617334704, 0.9089373680506685, 0.9339985573455157, 0.9112091548324831, 0.922255502018492, 0.926583357000852, 0.941473259334006, 0.9998570611778159, 0.9856948228882834, 0.9685402684563759, 1.0, 0.9280853902601734, 0.981661572659072, 0.9811049988041138, 0.9518448182311449, 0.9584439723844929, 0.9189750692520776, 0.9386509998870184, 0.878159509202454, 0.9592016436747872, 0.9639450056116723, 0.9631475607914213, 0.9791934240945286, 0.9637604245640636, 0.9775079872204473, 0.9945101351351351, 0.9816224730900499, 0.8435149755904473, 0.9312598329904394, 0.947416657119945, 0.9443447037701975, 0.978882731765763, 0.9179506451208819, 0.9231879872942536, 0.9396703943496174, 0.9899782135076253, 0.9545222929936306, 0.921339011118997, 0.9684479054779807, 0.9690100084408537, 0.9706469079509832, 0.8976982097186701, 0.8674369109151718, 0.9820859268255655, 1.0, 0.9332708235661822, 0.9179748822605965, 0.9290381401002887, 0.9569490586932448, 0.9996815286624203]
val step Accs: [0.9135328728575083, 0.8740095087163233, 0.8910828025477707, 0.8233777395788568, 0.8496350364963504, 0.875, 0.9131845315338697, 0.8463880431774149, 0.8790322580645161, 0.880433292197998, 0.9109578303809375, 0.8796019900497513, 0.809739671027069, 0.8644654506723473, 0.8859078590785908, 0.9296172617518623]
Preds: [17, 287, 111, 111, 319, 319, 348, 216, 8, 43, 345, 276, 100, 497, 497, 497, 122, 42, 42, 495, 406, 380, 380, 499, 499, 284, 481, 426, 426, 481, 481, 16, 293, 293, 293, 348, 348, 250, 250, 250, 65, 65, 65, 426, 426, 426, 426, 206, 206, 169, 169, 77, 77, 342, 342, 342, 115, 267, 267, 448, 324, 464, 464, 464, 180, 315, 315, 319, 319, 319, 282, 330, 388, 299, 116, 250, 250, 250, 10, 479, 479, 331, 180, 486, 486, 486, 460, 169, 150, 150, 342, 342, 224, 494, 494, 422, 99, 99, 338, 338, 338, 400, 400, 400, 213, 213, 324, 246, 246, 422, 186, 99, 338, 338, 338, 338, 395, 395, 400, 400, 374, 374, 374, 374, 374, 374, 139, 302, 497, 497, 497, 122, 129, 259, 74, 74, 183, 420, 213, 213, 213, 252, 143, 143, 259, 192, 192, 420, 420, 213, 324, 324, 301, 301, 173, 465, 280, 280, 420, 213, 213, 213, 213, 246, 246, 19, 19, 19, 454, 454, 414, 414, 414, 414, 170, 312, 187, 126, 126, 292, 292, 408, 408, 408, 408, 391, 391, 391, 228, 289, 373, 66, 66, 66, 68, 172, 172, 115, 115, 267, 267, 267, 267, 213, 246, 246, 246, 246, 246, 246, 246, 246, 246, 301, 301, 8, 259, 354, 106, 106, 284, 284, 376, 206, 460, 169, 169, 150, 77, 342, 342, 172, 172, 224, 196, 485, 309, 479, 331, 84, 84, 153, 153, 497, 497, 497, 43, 43, 276, 276, 346, 346, 346, 284, 486, 376, 376, 376, 460, 460, 460, 263, 263, 263, 414, 414, 414, 414, 414, 170, 170, 244, 47, 47, 73, 244, 244, 244, 321, 321, 320, 7, 7, 479, 398, 290, 290, 290, 290, 434, 434, 378, 378, 250, 406, 406, 467, 337, 337, 476, 360, 434, 434, 422, 99, 99, 99, 338, 338, 338, 400, 400, 400, 30, 464, 464, 464, 464, 240, 240, 416, 8, 259, 100, 100, 100, 100, 497, 497, 122, 122, 239, 445, 445, 445, 464, 171, 171, 171, 171, 171, 252, 416, 183, 192, 464, 464, 443, 443, 240, 203, 8, 8, 183, 183, 420, 213, 213, 213, 246, 246, 246, 246, 246, 19, 19, 19, 454, 229, 414, 414, 414, 126, 187, 408, 408, 391, 391, 73, 244, 321, 320, 320, 7, 276, 276, 346, 346, 346, 346, 387, 293, 293, 167, 35, 35, 164, 192, 192, 351, 180, 139, 139, 139, 139, 293, 122, 122, 49, 269, 9, 168, 168, 494, 69, 223, 216, 216, 144, 114, 145, 443, 443, 240, 240, 94, 199, 199, 34, 191, 356, 253, 216, 216, 22, 22, 283, 278, 99, 99, 99, 436, 60, 60, 60, 298, 125, 413, 413, 169, 186, 99, 99, 338, 338, 338, 338, 400, 400, 400, 400, 213, 213, 324, 324, 422, 186, 99, 99, 338, 338, 338, 115, 273, 273, 273, 432, 275, 446, 116, 94, 199, 331, 331, 486, 443, 120, 85, 299, 299, 251, 219, 219, 246, 41, 41, 246, 246, 246, 19, 19, 19, 19, 454, 454, 414, 414, 414, 414, 170, 170, 244, 421, 421, 73, 73, 244, 320, 321, 320, 7, 7, 374, 374, 132, 217, 217, 473, 473, 337, 41, 41, 41, 19, 19, 19, 17, 403, 403, 403, 403, 438, 438, 438, 438, 438, 438, 438, 438, 438, 438, 438, 438, 438, 438, 438, 438, 438, 438, 438, 438, 438, 438, 438, 438, 438, 438, 438, 438, 438, 438, 438, 438, 438, 438, 438, 438, 438, 438, 438, 438, 438, 438, 438, 438, 438, 438, 438, 438, 438, 438, 438, 438, 438, 438, 438, 438, 438, 438, 438]

ep438
Train step Loss: [0.07486429065465927, 0.3520910143852234, 0.2427734136581421, 0.32221153378486633, 0.32576385140419006, 0.12912245094776154, 0.18428410589694977, 0.5049461126327515, 0.4781731069087982, 0.09900146722793579, 0.017278000712394714, 0.23653708398342133, 0.48848769068717957, 0.5604771375656128, 0.19712427258491516, 0.09902112931013107, 0.25767743587493896, 0.09703036397695541, 0.19551876187324524, 0.07499410212039948, 0.23204557597637177, 0.39040425419807434, 0.4273763597011566, 0.2041114866733551, 0.05409586802124977, 0.005236668046563864, 0.31675586104393005, 0.10566363483667374, 0.13970063626766205, 0.2645379304885864, 0.03670867905020714, 0.15014976263046265, 0.1981596052646637, 0.12899594008922577, 0.34023764729499817, 0.3299914598464966, 0.2890583276748657, 0.3819909691810608, 0.25476840138435364, 0.11449486017227173, 0.14689992368221283, 0.2089034467935562, 0.04706199839711189, 0.1746755987405777, 0.5341767072677612, 0.15536148846149445, 0.21979738771915436, 0.16027295589447021, 0.22024478018283844, 0.06466162204742432, 0.19947952032089233, 0.29867351055145264, 0.18297171592712402, 0.1684785783290863, 0.07830409705638885, 0.1717890053987503, 0.265975683927536, 0.0068876128643751144, 0.2902127802371979, 0.16528421640396118, 0.3315720558166504, 0.14493052661418915, 0.34144553542137146]
val step Loss: [0.36802512407302856, 0.5112555623054504, 0.6082113981246948, 0.2121003270149231, 0.5956926941871643, 0.6689459085464478, 0.7345106601715088, 0.6442903280258179, 0.4440080225467682, 0.004748508799821138, 0.6737378239631653, 0.5031284093856812, 0.24732765555381775, 0.5609433650970459, 0.3335612416267395, 0.4311756193637848]
Train step Accs: [0.981985698569857, 0.9129239230064161, 0.9341099837153952, 0.9137025363950173, 0.9199531433033971, 0.9680684248039915, 0.9515481651376146, 0.8728557013118062, 0.8732529460126062, 0.9752209595959596, 0.9972576443164678, 0.9388531304856641, 0.8729452977634061, 0.8615859449192782, 0.9450435234506951, 0.9737051792828685, 0.9362650423414054, 0.9753694581280788, 0.9506712928043446, 0.9811610918877355, 0.9381498987170831, 0.8972757475083056, 0.8965759191692394, 0.9489409454341422, 0.9854005167958656, 1.0, 0.925699928212491, 0.9727245775274237, 0.965787030897759, 0.9268962075848304, 0.9914024717893606, 0.9604622024223862, 0.9471506739623649, 0.9668428640076886, 0.9076340326340326, 0.9123384849252597, 0.943089430894309, 0.9054054054054054, 0.9355753646677472, 0.9725821852407585, 0.9645157216820306, 0.942869861997329, 0.9892939422686001, 0.9548936170212766, 0.8622723103131962, 0.9599491417673236, 0.9425482021886399, 0.9559869769685276, 0.9441171519946137, 0.9850427350427351, 0.9503373044351945, 0.919431279620853, 0.9522192883188734, 0.9537024858608444, 0.9816326530612245, 0.9582478580909859, 0.932115974351826, 0.9998448650325783, 0.92464392182842, 0.9562416433693934, 0.9137591446257738, 0.9607070020394289, 0.9083919156414763]
val step Accs: [0.9110644257703081, 0.8708628005657708, 0.8489807637094459, 0.9475982532751092, 0.8578044811615972, 0.8374967131212201, 0.8218733080671359, 0.830168651963675, 0.8884810126582279, 0.9995388162951576, 0.8337230092146884, 0.8735362997658079, 0.9385333333333333, 0.8643166876486222, 0.9205267938237965, 0.8934047663033438]
Preds: [17, 17, 145, 145, 486, 460, 460, 169, 169, 349, 205, 205, 234, 234, 155, 25, 25, 148, 148, 387, 348, 348, 348, 398, 398, 398, 324, 360, 434, 434, 339, 200, 248, 473, 398, 398, 360, 360, 360, 360, 360, 360, 434, 434, 434, 246, 19, 19, 19, 454, 454, 454, 414, 414, 414, 414, 249, 80, 80, 80, 80, 321, 320, 188, 188, 188, 171, 171, 434, 434, 339, 339, 250, 345, 43, 153, 43, 43, 43, 285, 285, 285, 285, 285, 84, 139, 139, 496, 496, 293, 274, 122, 8, 75, 354, 354, 420, 420, 360, 360, 360, 360, 434, 434, 19, 19, 19, 454, 454, 48, 414, 414, 414, 414, 102, 414, 82, 82, 47, 140, 184, 184, 321, 320, 7, 7, 7, 309, 473, 473, 398, 398, 360, 360, 360, 360, 434, 434, 434, 246, 246, 246, 246, 19, 19, 454, 454, 197, 197, 197, 7, 7, 7, 219, 219, 219, 219, 219, 219, 485, 286, 286, 286, 378, 468, 406, 467, 380, 499, 180, 486, 315, 315, 315, 315, 282, 282, 388, 348, 348, 250, 250, 250, 250, 138, 138, 153, 497, 497, 349, 349, 349, 349, 234, 234, 234, 261, 261, 25, 25, 148, 148, 153, 153, 182, 98, 98, 98, 98, 98, 197, 197, 197, 440, 188, 188, 356, 356, 257, 368, 368, 31, 342, 342, 342, 168, 168, 273, 444, 444, 444, 171, 324, 324, 324, 252, 422, 77, 478, 342, 172, 115, 115, 273, 273, 486, 486, 460, 460, 460, 178, 35, 35, 35, 411, 100, 100, 100, 182, 182, 182, 182, 182, 182, 182, 182, 182, 375, 375, 375, 98, 98, 98, 13, 226, 259, 321, 209, 287, 287, 426, 426, 426, 426, 98, 98, 98, 98, 13, 17, 83, 83, 83, 55, 55, 55, 55, 55, 403, 403, 403, 403, 403, 403, 438, 438, 438, 438, 438, 438, 438, 438, 438, 438, 438, 438, 438, 438, 438, 438, 438, 438, 438, 438, 438, 438, 438, 438, 438, 438, 438, 438, 438, 438, 438, 438, 438, 438, 438, 438, 438, 438, 438, 438, 438, 438, 438, 438, 438, 438, 438, 438, 438, 438, 438, 438, 438, 438, 438, 438, 438, 438, 438, 438, 438, 438, 438, 438, 438, 438, 438, 438, 438, 438, 438, 438, 438, 438, 438, 438, 438, 438, 438, 438, 438, 438, 438, 438, 438, 438, 438, 438, 438, 438, 438, 438, 438, 438, 438, 438, 438, 438, 438, 438, 438, 438, 438, 438, 438, 438, 438, 438, 438, 438, 438, 438, 438, 438, 438, 438, 438, 438, 438, 438, 438, 438, 438, 438, 438, 438, 438, 438, 438, 438, 438, 438, 438, 438, 438, 438, 438, 438, 438, 438, 438, 438, 438, 438, 438, 438, 438, 438, 438, 438, 438, 438, 438, 438, 438, 438, 438, 438, 438, 438, 438, 438, 438, 438, 438, 438, 438, 438, 438, 438, 438, 438, 438, 438, 438, 438, 438, 438, 438, 438, 438, 438, 438, 438, 438, 438, 438, 438, 438, 438, 438, 438, 438, 438, 438, 438, 438, 438, 438, 438, 438, 438, 438, 438, 438, 438, 438, 438, 438, 438, 438, 438, 438, 438, 438, 438, 438, 438, 438, 438, 438, 438, 438, 438, 438, 438, 438, 438, 438, 438, 438, 438, 438, 438, 438, 438, 438, 438, 438, 438, 438, 438, 438, 438, 438, 438, 438, 438, 438, 438, 438, 438, 438, 438, 438, 438, 438, 438, 438, 438, 438, 438, 438, 438, 438, 438, 438, 438, 438, 438, 438, 438, 438, 438, 438, 438, 438, 438, 438, 438, 438, 438, 438, 438, 438, 438, 438, 438, 438, 438, 438, 438, 438, 438, 438, 438]

ep439
Train step Loss: [0.40807095170021057, 0.15857313573360443, 0.136811301112175, 0.2118246853351593, 0.48204073309898376, 0.23258905112743378, 0.19629430770874023, 0.03545691445469856, 0.3276519775390625, 0.15569357573986053, 0.14860640466213226, 0.2774844169616699, 0.13178704679012299, 0.3212188184261322, 0.23632003366947174, 0.13318616151809692, 0.00511800916865468, 0.06338055431842804, 0.2797847092151642, 0.18898524343967438, 0.5477343201637268, 0.004759074654430151, 0.45268213748931885, 0.13267841935157776, 0.11029964685440063, 0.13213934004306793, 0.5004037022590637, 0.5333036184310913, 0.2330833077430725, 0.04498530179262161, 0.004437274299561977, 0.24979959428310394, 0.07804915308952332, 0.39984405040740967, 0.21380053460597992, 0.18604311347007751, 0.23664303123950958, 0.27656134963035583, 0.0041438015177845955, 0.8575333952903748, 0.26952415704727173, 0.12290909886360168, 0.03128823637962341, 0.2670130431652069, 0.056521475315093994, 0.22172383964061737, 0.32194632291793823, 0.20443947613239288, 0.2650415301322937, 0.07701760530471802, 0.35420358180999756, 0.21171875298023224, 0.2699873447418213, 0.4720616638660431, 0.08581816405057907, 0.09301537275314331, 0.29303622245788574, 0.20078951120376587, 0.10252375155687332, 0.06533779948949814, 0.07717640697956085, 0.07945224642753601, 0.13495662808418274]
val step Loss: [0.8701217174530029, 0.3501555323600769, 0.1934516429901123, 1.081055998802185, 0.40887022018432617, 0.3460002541542053, 0.363127201795578, 0.10579928755760193, 0.3736798167228699, 0.4847107529640198, 0.7545149922370911, 0.4586852192878723, 0.43536654114723206, 0.5427713394165039, 0.5130296349525452, 0.23579593002796173]
Train step Accs: [0.8927084732106889, 0.9582312925170068, 0.9645027624309392, 0.9439812783384526, 0.8725639078714249, 0.9416058394160584, 0.9484106962663976, 0.9909212680458401, 0.9106680476437079, 0.9606472491909385, 0.9602565890391856, 0.954789800137836, 0.9680807529668531, 0.9132085351485797, 0.9374344176285414, 0.966283863368669, 0.9998686629892304, 0.98468410976388, 0.9271004942339374, 0.949972885032538, 0.8587155963302753, 1.0, 0.8922954725972995, 0.9650128715188392, 0.9733091474475253, 0.9657562733952586, 0.8706908115358819, 0.8634100390257031, 0.9370629370629371, 0.9896425966447848, 1.0, 0.9367331855136733, 0.9779542653703958, 0.8954809725158562, 0.9464866819332288, 0.950979199610753, 0.9422121896162529, 0.9280783230827162, 1.0, 0.776991984912777, 0.9261457758144671, 0.966140275999431, 0.9926690198207982, 0.9370995161501242, 0.9844152498712004, 0.9429847609038361, 0.9173781327458, 0.947941567065073, 0.93238621415417, 0.982036775106082, 0.9123881877220928, 0.9445937300063979, 0.9284615384615384, 0.8754978799948606, 0.9774250923518949, 0.9777747844827587, 0.9264915786468741, 0.9473461917499648, 0.9735333782872556, 0.9827586206896551, 0.9841722885313959, 0.9800446553167736, 0.9600511345477788]
val step Accs: [0.7923773987206824, 0.9109690844233056, 0.9504056329404561, 0.737519445622967, 0.9002631578947369, 0.916522893165229, 0.9125705076551168, 0.9747051300270001, 0.909402795425667, 0.8775557620817844, 0.8117862037460027, 0.8826800111203781, 0.8875952278280869, 0.8636423233250295, 0.8707433174661297, 0.9408624229979466]
Preds: [17, 17, 287, 287, 319, 319, 319, 319, 348, 348, 348, 348, 250, 250, 250, 331, 138, 138, 138, 138, 182, 182, 182, 182, 182, 182, 182, 497, 497, 497, 98, 14, 14, 14, 287, 287, 287, 111, 111, 111, 111, 111, 438, 299, 388, 94, 94, 398, 398, 398, 324, 324, 301, 301, 378, 43, 88, 65, 138, 138, 153, 182, 297, 182, 297, 481, 426, 426, 284, 284, 284, 426, 426, 426, 426, 413, 413, 350, 182, 242, 497, 275, 116, 43, 43, 43, 364, 276, 346, 346, 346, 265, 111, 111, 111, 85, 438, 438, 240, 175, 175, 241, 431, 431, 428, 428, 428, 146, 146, 146, 438, 186, 186, 186, 162, 54, 482, 482, 482, 142, 115, 273, 273, 470, 288, 403, 403, 290, 171, 171, 171, 434, 252, 252, 339, 314, 212, 354, 420, 420, 324, 301, 301, 301, 301, 250, 42, 147, 380, 380, 499, 426, 426, 426, 426, 319, 282, 282, 169, 169, 77, 77, 342, 342, 115, 115, 267, 267, 267, 267, 213, 324, 246, 246, 246, 246, 434, 434, 339, 339, 398, 398, 398, 324, 324, 324, 422, 422, 422, 478, 478, 342, 115, 115, 273, 273, 273, 265, 265, 265, 265, 85, 85, 282, 282, 169, 169, 77, 77, 342, 224, 224, 267, 448, 448, 464, 464, 464, 464, 180, 58, 58, 58, 486, 486, 486, 486, 85, 85, 146, 240, 58, 58, 58, 72, 110, 110, 139, 139, 293, 293, 293, 122, 77, 342, 342, 115, 273, 273, 273, 284, 486, 486, 376, 376, 460, 460, 460, 263, 263, 229, 229, 414, 312, 312, 312, 312, 292, 292, 292, 292, 292, 23, 23, 23, 1, 1, 260, 408, 391, 391, 391, 228, 66, 66, 66, 66, 68, 172, 115, 115, 273, 273, 378, 378, 153, 153, 88, 174, 174, 174, 426, 319, 319, 293, 348, 219, 219, 219, 464, 464, 464, 180, 315, 315, 319, 319, 319, 319, 348, 348, 348, 250, 495, 495, 81, 467, 337, 337, 41, 324, 324, 3, 301, 301, 301, 8, 354, 354, 106, 106, 284, 284, 405, 206, 206, 282, 388, 169, 77, 77, 77, 453, 198, 198, 198, 198, 127, 384, 371, 267, 267, 267, 213, 213, 213, 246, 246, 246, 246, 246, 246, 246, 246, 246, 19, 454, 454, 454, 414, 414, 414, 414, 249, 249, 249, 47, 187, 187, 2, 47, 244, 73, 73, 244, 321, 320, 287, 287, 287, 284, 284, 460, 460, 460, 169, 169, 150, 453, 168, 168, 494, 50, 50, 31, 31, 31, 162, 323, 323, 224, 273, 273, 106, 106, 424, 424, 424, 424, 182, 182, 497, 497, 497, 122, 122, 122, 197, 197, 197, 197, 7, 7, 7, 309, 473, 473, 473, 398, 398, 360, 360, 360, 434, 434, 434, 434, 434, 246, 246, 246, 422, 99, 99, 338, 338, 338, 338, 338, 338, 400, 400, 400, 286, 286, 286, 374, 374, 374, 203, 203, 216, 216, 81, 275, 275, 275, 275, 275, 303, 303, 48, 48, 48, 13, 414, 414, 414, 414, 170, 170, 170, 187, 187, 12, 12, 12, 12, 408, 408, 391, 228, 244, 321, 320, 287, 287, 287, 287, 284, 284, 460, 460, 460, 460, 169, 35, 77, 77, 342, 342, 168, 267, 267, 267, 267, 213, 213, 246, 246, 246, 301, 301, 301, 378, 364, 345, 109, 346, 346, 284, 284, 428, 376, 428, 428, 146, 240, 167, 169, 35, 449, 449, 449, 449, 485, 30, 301, 301, 314, 196, 196, 250, 250, 250, 196, 196, 309, 398, 398, 398, 398, 286, 286, 374, 374, 374, 374, 374, 132, 132, 132, 132, 132, 132, 285, 285, 288, 288, 288]

ep440
Train step Loss: [0.30137789249420166, 0.2537772059440613, 0.18908603489398956, 0.16038164496421814, 0.38267213106155396, 0.31191718578338623, 0.046200696378946304, 0.3030925393104553, 0.034444961696863174, 0.43117401003837585, 0.13871294260025024, 0.4877197742462158, 0.19607530534267426, 0.3345396816730499, 0.18257009983062744, 0.2376834899187088, 0.010813593864440918, 0.5256220102310181, 0.09224770218133926, 0.2307770997285843, 0.00518055958673358, 0.4635899066925049, 0.03745010495185852, 0.3610653281211853, 0.11146214604377747, 0.18408215045928955, 0.2942511737346649, 0.29333558678627014, 0.11577367782592773, 0.052067361772060394, 0.030964253470301628, 0.11716572940349579, 0.1407918483018875, 0.09667874872684479, 0.17966952919960022, 0.08780256658792496, 0.06306517124176025, 0.06773190200328827, 0.04410500451922417, 0.18621514737606049, 0.0381309948861599, 0.4255460798740387, 0.027031760662794113, 0.15037532150745392, 0.2596542239189148, 0.28969040513038635, 0.39129284024238586, 0.3643034100532532, 0.11741605401039124, 0.11468964070081711, 0.02091757394373417, 0.07497140765190125, 0.2163795381784439, 0.20847195386886597, 0.22551725804805756, 0.5003384351730347, 0.11899663507938385, 0.45531967282295227, 0.18739674985408783, 0.5428991317749023, 0.2879444360733032, 0.32051435112953186, 0.038064438849687576]
val step Loss: [0.7338407635688782, 0.3442538380622864, 0.1938944309949875, 0.3639482259750366, 0.5251631736755371, 0.5187645554542542, 0.6255572438240051, 0.00445315008983016, 0.3873193860054016, 0.3805176317691803, 0.5816410779953003, 0.7428603768348694, 0.42128196358680725, 0.43371161818504333, 0.5816391110420227, 0.8251287341117859]
Train step Accs: [0.9207003089598352, 0.9339092872570195, 0.9492072023649557, 0.9585762123279177, 0.9043304668304668, 0.9159416015336971, 0.9896864111498258, 0.9190839694656489, 0.9917476374284574, 0.8861404146962532, 0.9649588161384894, 0.8670621074668527, 0.9447916666666667, 0.9077495679914928, 0.9517637626937466, 0.9412634408602151, 0.9988141120664097, 0.8561598951507209, 0.9772966471207337, 0.942659669781134, 0.9997403608983513, 0.9019894675248683, 0.9908798972382787, 0.9093174581198947, 0.9725450319581639, 0.9546186895810956, 0.9252839210998207, 0.92, 0.970548255550521, 0.9873355465387925, 0.992289899768697, 0.9689199689199689, 0.9616128552298765, 0.9753134796238244, 0.9557891899177787, 0.9772629155274141, 0.9853912066301447, 0.9828281514244829, 0.9897902869757175, 0.9540641099026903, 0.9915833771699105, 0.8871477482222807, 0.9943028058681099, 0.9615910333515583, 0.9320687003332478, 0.9230105051086487, 0.8971783835485414, 0.9023415977961432, 0.9696969696969697, 0.9694578773224739, 0.9950576606260296, 0.9797050664330559, 0.9445560466050623, 0.9472710453283997, 0.9453302961275627, 0.8735632183908046, 0.9686940966010733, 0.8783732898205096, 0.9488029465930018, 0.8637751985339035, 0.9239929060045604, 0.9212112907645931, 0.9900033322225925]
val step Accs: [0.8268239761323569, 0.9139549839228296, 0.9510806263750485, 0.9042960442364951, 0.8713244533802463, 0.8708327709542448, 0.84619926199262, 0.9998657357679914, 0.9051546391752577, 0.9074521165298568, 0.8517350157728707, 0.8059132720105124, 0.8936975926426832, 0.8909443725743855, 0.8587301587301587, 0.793597304128054]
Preds: [17, 7, 217, 217, 473, 473, 473, 476, 213, 360, 360, 252, 143, 36, 36, 75, 107, 107, 395, 395, 213, 171, 171, 171, 246, 3, 3, 3, 143, 197, 259, 354, 29, 109, 109, 288, 104, 313, 285, 337, 337, 337, 171, 360, 360, 434, 434, 200, 199, 398, 340, 340, 116, 116, 33, 466, 250, 250, 250, 250, 250, 250, 250, 43, 76, 129, 259, 441, 100, 100, 100, 497, 497, 497, 497, 43, 43, 208, 208, 106, 346, 346, 346, 306, 306, 372, 372, 396, 396, 396, 396, 396, 406, 406, 467, 303, 275, 275, 303, 303, 303, 303, 303, 48, 48, 48, 48, 417, 414, 414, 414, 170, 47, 170, 2, 244, 392, 392, 392, 244, 392, 392, 321, 321, 66, 66, 66, 66, 172, 172, 115, 115, 267, 267, 286, 286, 374, 468, 468, 139, 139, 274, 274, 399, 399, 10, 398, 398, 398, 324, 324, 324, 324, 3, 3, 3, 3, 440, 440, 145, 111, 111, 253, 240, 216, 280, 65, 111, 111, 111, 438, 253, 368, 281, 453, 9, 168, 273, 443, 443, 443, 460, 240, 240, 35, 26, 183, 183, 183, 41, 213, 213, 213, 246, 246, 246, 246, 246, 246, 246, 3, 197, 197, 259, 259, 354, 287, 287, 284, 284, 284, 376, 376, 376, 460, 460, 263, 263, 263, 13, 78, 78, 170, 170, 421, 421, 15, 15, 187, 341, 435, 157, 157, 73, 244, 73, 73, 321, 321, 320, 219, 219, 213, 213, 324, 301, 301, 143, 259, 259, 354, 437, 437, 284, 319, 319, 282, 17, 403, 403, 403, 438, 438, 438, 438, 438, 438, 443, 443, 443, 438, 438, 438, 438, 438, 438, 438, 438, 438, 438, 438, 438, 438, 438, 438, 438, 438, 438, 438, 438, 438, 438, 438, 438, 438, 438, 438, 438, 438, 438, 438, 438, 438, 438, 438, 438, 438, 438, 438, 438, 438, 438, 438, 438, 438, 438, 438, 438, 438, 438, 438, 438, 438, 438, 438, 438, 438, 438, 438, 438, 438, 438, 438, 438, 438, 438, 438, 438, 438, 438, 438, 438, 438, 438, 438, 438, 438, 438, 438, 438, 438, 438, 438, 438, 438, 438, 438, 438, 438, 438, 438, 438, 438, 438, 438, 438, 438, 438, 438, 438, 438, 438, 438, 438, 438, 438, 438, 438, 438, 438, 438, 438, 438, 438, 438, 438, 438, 438, 438, 438, 443, 443, 443, 443, 443, 443, 443, 443, 443, 443, 443, 443, 443, 443, 443, 443, 443, 443, 443, 443, 443, 443, 443, 443, 443, 443, 443, 443, 443, 443, 443, 443, 443, 443, 443, 443, 443, 443, 443, 443, 443, 443, 443, 443, 443, 443, 443, 443, 443, 443, 443, 443, 443, 443, 443, 443, 443, 443, 443, 443, 443, 443, 443, 443, 443, 443, 443, 443, 443, 443, 443, 443, 443, 443, 443, 443, 443, 443, 443, 443, 443, 443, 443, 443, 443, 443, 443, 443, 443, 443, 443, 443, 443, 443, 443, 443, 443, 443, 443, 443, 443, 443, 443, 443, 443, 443, 443, 443, 443, 443, 443, 443, 443, 443, 443, 443, 443, 443, 443, 443, 443, 443, 443, 443, 443, 443, 443, 443, 443, 443, 443, 443, 443, 443, 443, 443, 443, 443, 443, 443, 443, 443, 443, 443, 443, 443, 443, 443, 443, 443, 443, 443, 443, 443, 443, 443, 443, 443, 443, 443, 443, 443, 443, 443, 443, 443, 443, 443, 443, 443, 443, 443, 443, 443, 443, 443, 443, 443, 443, 443, 443, 443, 443, 443, 443, 443, 443, 443, 443, 443, 443, 443, 443, 443, 443, 443, 443, 443, 443, 443, 443, 443, 443, 443, 443, 443, 443, 443, 443, 443]

ep441
Train step Loss: [0.13043422996997833, 0.004986673593521118, 0.2672692835330963, 0.23250731825828552, 0.21185240149497986, 0.028883079066872597, 0.35252687335014343, 0.024746939539909363, 0.2151554822921753, 0.2135462611913681, 0.0754564180970192, 0.14747421443462372, 0.04769901931285858, 0.46842536330223083, 0.18277372419834137, 0.06275489926338196, 0.12167160212993622, 0.16351106762886047, 0.533311665058136, 0.07691244781017303, 0.3741614520549774, 0.1077197790145874, 0.11626435071229935, 0.11208444088697433, 0.05771386995911598, 0.3002636134624481, 0.06378309428691864, 0.22391584515571594, 0.14207005500793457, 0.1913147121667862, 0.3190515339374542, 0.21273007988929749, 0.47742003202438354, 0.13482436537742615, 0.16826681792736053, 0.07202387601137161, 0.4122892916202545, 0.17043429613113403, 0.14146853983402252, 0.1469268500804901, 0.004757639020681381, 0.04793081805109978, 0.1217072531580925, 0.022483713924884796, 0.253078818321228, 0.14840924739837646, 0.07739869505167007, 0.29634660482406616, 0.3552713990211487, 0.4701049327850342, 0.015691574662923813, 0.23281140625476837, 0.3005809187889099, 0.0710647702217102, 0.3278954029083252, 0.2585548758506775, 0.3123681843280792, 0.27557310461997986, 0.23837578296661377, 0.16070695221424103, 0.43011510372161865, 0.2989065647125244, 0.003897422691807151]
val step Loss: [0.9314846396446228, 0.31946539878845215, 0.3967578709125519, 0.41163790225982666, 0.7355710864067078, 0.33805587887763977, 0.4799117147922516, 0.3127157986164093, 0.2535042464733124, 0.5195451974868774, 0.6133358478546143, 0.42556697130203247, 0.7714587450027466, 0.46601545810699463, 0.009423860348761082, 0.8483719229698181]
Train step Accs: [0.9687582737622452, 1.0, 0.929378146686624, 0.9435644882204179, 0.9407503234152652, 0.9934201315973681, 0.910207423580786, 0.9948603972773996, 0.9380694572824508, 0.9436725497559144, 0.9794633984763167, 0.9628193125585127, 0.9881327925491963, 0.8755292125317528, 0.9518104366347178, 0.9843601251189991, 0.9683197270622639, 0.9588656464972624, 0.8590335114133074, 0.9808662118065856, 0.8945377515509154, 0.9725274725274725, 0.9724061810154525, 0.9723969700860188, 0.9867278590920368, 0.9223342325713474, 0.9840417815174815, 0.940980881130507, 0.9628536285362853, 0.9456842105263158, 0.9157566302652106, 0.9445622967048508, 0.880143571337008, 0.9650190114068441, 0.9561223256376163, 0.9815325578606547, 0.9133744585903661, 0.9532513181019332, 0.9631114675220529, 0.9648399945062491, 1.0, 0.9900734294261626, 0.9688675574004411, 0.9962330149334051, 0.9359245176735671, 0.961436672967864, 0.9810749432248297, 0.9248694254720772, 0.9088846880907372, 0.8836200665028191, 0.9970951343500363, 0.9419011619767604, 0.9219691403379868, 0.9833896016205267, 0.9148486980999296, 0.9295580110497238, 0.9160921473011603, 0.9327812956648807, 0.9332908163265307, 0.9598709134278097, 0.884737678855326, 0.9169535283993115, 1.0]
val step Accs: [0.7611695586828802, 0.920457640969763, 0.8994115998879237, 0.9046664758087604, 0.8220121755847485, 0.9193752638243985, 0.8760810810810811, 0.9238460484865086, 0.9399652359941169, 0.8754356525106493, 0.8463859749964076, 0.8911398584329998, 0.8040194227137847, 0.8801900950475238, 0.9991056598952345, 0.790754755573737]
Preds: [17, 17, 287, 287, 284, 284, 111, 85, 85, 330, 388, 67, 67, 212, 34, 242, 359, 250, 250, 217, 217, 217, 473, 473, 398, 290, 171, 171, 246, 246, 246, 246, 246, 318, 471, 471, 49, 49, 269, 323, 9, 395, 219, 219, 213, 246, 246, 246, 246, 19, 19, 19, 454, 229, 229, 417, 170, 392, 392, 392, 392, 392, 392, 392, 392, 392, 244, 435, 289, 201, 289, 66, 66, 323, 323, 397, 106, 302, 274, 274, 122, 129, 129, 321, 75, 144, 445, 445, 351, 351, 403, 403, 290, 290, 290, 171, 434, 434, 434, 434, 434, 434, 246, 246, 19, 19, 143, 129, 401, 401, 144, 445, 445, 445, 213, 443, 171, 171, 171, 416, 143, 458, 445, 445, 464, 464, 171, 171, 171, 143, 143, 129, 259, 75, 74, 351, 213, 213, 213, 213, 213, 246, 246, 246, 246, 246, 19, 48, 48, 197, 197, 226, 7, 7, 7, 188, 99, 162, 162, 232, 68, 68, 68, 68, 68, 115, 267, 267, 213, 464, 464, 464, 374, 374, 132, 42, 147, 147, 147, 147, 147, 147, 337, 464, 213, 213, 324, 246, 246, 129, 99, 99, 269, 323, 323, 219, 219, 219, 324, 464, 464, 464, 464, 486, 315, 315, 450, 450, 450, 450, 450, 450, 413, 303, 43, 276, 276, 276, 153, 182, 182, 182, 182, 182, 98, 98, 98, 13, 13, 170, 170, 170, 392, 392, 392, 392, 63, 63, 63, 63, 63, 63, 63, 63, 63, 63, 63, 63, 63, 63, 244, 73, 289, 320, 320, 7, 287, 284, 353, 178, 467, 499, 376, 460, 460, 460, 460, 150, 150, 150, 342, 224, 494, 494, 494, 129, 129, 36, 342, 68, 68, 273, 273, 106, 319, 319, 319, 388, 94, 64, 64, 212, 212, 212, 398, 398, 398, 324, 324, 464, 464, 464, 139, 319, 203, 282, 388, 53, 53, 53, 70, 65, 65, 46, 46, 46, 438, 438, 251, 81, 81, 324, 324, 324, 301, 251, 94, 10, 331, 398, 398, 464, 464, 315, 315, 486, 376, 376, 460, 460, 263, 263, 170, 170, 170, 170, 170, 392, 392, 392, 392, 63, 63, 63, 63, 63, 63, 63, 63, 63, 63, 63, 63, 63, 63, 63, 63, 63, 73, 244, 289, 320, 320, 320, 7, 309, 331, 398, 443, 290, 171, 171, 252, 252, 434, 434, 434, 3, 3, 14, 14, 440, 287, 284, 284, 111, 450, 450, 43, 276, 276, 182, 182, 43, 109, 109, 290, 207, 207, 324, 324, 3, 8, 8, 32, 354, 354, 384, 420, 180, 324, 213, 213, 246, 246, 19, 454, 454, 401, 401, 401, 401, 80, 80, 7, 7, 106, 499, 499, 499, 499, 85, 403, 403, 120, 120, 207, 282, 282, 37, 37, 24, 243, 243, 233, 310, 107, 107, 107, 395, 338, 338, 447, 447, 439, 17, 264, 120, 120, 403, 403, 403, 403, 403, 403, 403, 403, 443, 443, 443, 443, 443, 443, 443, 443, 443, 443, 443, 443, 443, 443, 443, 443, 443, 443, 443, 443, 443, 443, 443, 443, 443, 443, 443, 443, 443, 443, 443, 443, 443, 443, 443, 443, 443, 443, 443, 443, 443, 443, 443, 443, 443, 443, 443, 443, 443, 443, 443, 443, 443, 443, 443, 443, 443, 443, 443, 443, 443, 443, 443, 443, 443, 443, 443, 443, 443, 443, 443, 443, 443, 443, 443, 443, 443, 443, 443, 443, 443, 443, 443, 443, 443, 443, 443, 443, 443, 443, 443, 443, 443, 443, 443, 443, 443, 443, 443, 443, 443, 443, 443, 443, 443, 443, 443, 443, 443, 443, 443, 443, 443, 443, 443, 443, 443, 443, 443, 443, 443, 443, 443]

ep442
Train step Loss: [0.47233590483665466, 0.12763716280460358, 0.20238018035888672, 0.22831615805625916, 0.5134873390197754, 0.005336722359061241, 0.2885478734970093, 0.22729891538619995, 0.26532626152038574, 0.12291278690099716, 0.053748562932014465, 0.10580146312713623, 0.10625915229320526, 0.191446915268898, 0.39923468232154846, 0.06215688958764076, 0.11801346391439438, 0.0775865986943245, 0.029930338263511658, 0.0065650478936731815, 0.23213034868240356, 0.16781295835971832, 0.36135435104370117, 0.09390870481729507, 0.2553287148475647, 0.1277027428150177, 0.17230576276779175, 0.11651311069726944, 0.3006182909011841, 0.27941951155662537, 0.36476677656173706, 0.40452098846435547, 0.25365519523620605, 0.25683510303497314, 0.11811627447605133, 0.22428257763385773, 0.0042885420843958855, 0.19527976214885712, 0.11046145111322403, 0.2766140103340149, 0.37219667434692383, 0.09899995476007462, 0.4893956482410431, 0.13427285850048065, 0.2953372895717621, 0.13959594070911407, 0.12768137454986572, 0.1911655068397522, 0.07919856160879135, 0.3732745349407196, 0.4657740890979767, 0.10677333921194077, 0.228709414601326, 0.024856751784682274, 0.10115128010511398, 0.2800286114215851, 0.004351524636149406, 0.004541085101664066, 0.0051424140110611916, 0.2475583404302597, 0.27070412039756775, 0.202829509973526, 0.3545665740966797]
val step Loss: [0.4281185567378998, 0.3065081536769867, 0.6491157412528992, 0.43078869581222534, 0.46011173725128174, 0.4468762278556824, 0.443903386592865, 0.45577380061149597, 0.4724991023540497, 0.010992851108312607, 0.4365977942943573, 0.3961580693721771, 0.5290453433990479, 0.5339138507843018, 0.39602556824684143, 0.3389134705066681]
Train step Accs: [0.8761994651565204, 0.9689852063327278, 0.9443924609009491, 0.9385764944275583, 0.8632447518505035, 0.999488163787588, 0.9271532247021772, 0.9392988678215796, 0.9275628353572437, 0.9670391061452513, 0.9875815952873747, 0.9725077399380805, 0.9736359791343578, 0.9532085561497327, 0.8946936542669585, 0.9835287548855388, 0.9683926302414231, 0.9813747228381374, 0.9932502596053998, 0.9994083715426711, 0.9406029506093649, 0.9595655587542529, 0.9052077238150965, 0.9762778505897772, 0.9332620034773305, 0.9671111111111111, 0.9575696348679463, 0.9710060887213685, 0.9214163485586415, 0.9290949887808526, 0.9013674716322374, 0.8940279542566709, 0.9371788496602023, 0.932201241921176, 0.9687279898577265, 0.9381859467642235, 1.0, 0.9476172224351603, 0.9717579250720461, 0.9292097179558783, 0.9113573407202216, 0.9752468729427255, 0.9003413865546218, 0.964434565156988, 0.9261083743842364, 0.9635622529644269, 0.9652082235108065, 0.9524440323221619, 0.9796277665995976, 0.8990283058724123, 0.8809492419248517, 0.9719199247615209, 0.9380908813662702, 0.9936610608020698, 0.9739617237338888, 0.9271790587580061, 1.0, 1.0, 0.9997468674851284, 0.9313563327032136, 0.9304957559355395, 0.9471336744064017, 0.9044726670347875]
val step Accs: [0.8919082858182701, 0.923949217305559, 0.8367402193041831, 0.8897222222222222, 0.8830727396329028, 0.8922628951747088, 0.8838018741633199, 0.8844694307800421, 0.8817173727608757, 0.9982230727173319, 0.8958359229334991, 0.8966768248439995, 0.8659084526818309, 0.8732867132867133, 0.905780989438577, 0.9182810064573592]
Preds: [17, 309, 479, 479, 331, 278, 443, 443, 271, 169, 150, 478, 54, 54, 224, 224, 273, 273, 273, 494, 494, 498, 264, 468, 468, 468, 468, 468, 467, 337, 337, 337, 337, 328, 434, 339, 33, 10, 309, 479, 331, 331, 331, 84, 84, 84, 426, 426, 426, 16, 375, 375, 375, 375, 98, 98, 98, 263, 13, 13, 13, 414, 102, 102, 442, 187, 187, 187, 187, 187, 187, 341, 341, 341, 341, 341, 341, 341, 341, 341, 163, 163, 163, 163, 244, 63, 366, 63, 163, 63, 63, 63, 63, 73, 244, 73, 7, 7, 7, 7, 7, 7, 7, 7, 354, 420, 420, 213, 213, 213, 213, 213, 213, 213, 246, 246, 246, 246, 246, 246, 246, 246, 246, 3, 3, 3, 188, 188, 188, 177, 177, 301, 143, 143, 8, 259, 354, 354, 109, 109, 278, 278, 171, 171, 171, 171, 171, 171, 246, 246, 246, 246, 246, 246, 246, 246, 422, 186, 338, 338, 338, 338, 338, 338, 400, 400, 400, 400, 267, 324, 324, 464, 464, 434, 434, 339, 143, 77, 77, 478, 108, 54, 172, 395, 395, 400, 286, 286, 464, 464, 464, 264, 264, 443, 315, 315, 315, 282, 282, 282, 282, 282, 203, 203, 203, 43, 43, 43, 43, 43, 276, 182, 182, 182, 182, 182, 182, 182, 182, 182, 182, 497, 497, 81, 89, 89, 275, 275, 59, 59, 59, 406, 406, 406, 406, 495, 134, 134, 302, 302, 375, 375, 375, 375, 122, 130, 130, 130, 196, 196, 309, 479, 398, 398, 464, 464, 464, 84, 84, 88, 88, 43, 43, 43, 43, 43, 276, 153, 174, 174, 387, 426, 319, 413, 348, 348, 348, 64, 219, 398, 398, 464, 464, 464, 365, 120, 120, 282, 282, 282, 282, 263, 263, 263, 263, 414, 414, 414, 414, 187, 187, 187, 187, 187, 187, 2, 2, 392, 392, 392, 392, 392, 392, 73, 244, 73, 73, 75, 75, 310, 323, 323, 323, 377, 397, 106, 106, 106, 153, 153, 153, 424, 182, 182, 182, 182, 182, 182, 182, 182, 182, 182, 182, 497, 497, 497, 122, 122, 122, 36, 310, 310, 323, 323, 115, 273, 106, 106, 106, 481, 387, 387, 293, 293, 293, 175, 81, 35, 207, 188, 324, 324, 324, 301, 143, 143, 35, 259, 354, 354, 345, 109, 109, 109, 355, 355, 355, 355, 376, 376, 376, 376, 376, 376, 376, 376, 376, 486, 460, 460, 460, 460, 169, 35, 259, 75, 354, 114, 180, 486, 486, 486, 460, 460, 169, 150, 150, 449, 449, 449, 119, 351, 486, 486, 486, 460, 240, 240, 368, 449, 449, 449, 371, 324, 324, 324, 464, 464, 464, 378, 88, 88, 375, 375, 98, 98, 263, 417, 129, 259, 208, 441, 441, 441, 100, 100, 100, 182, 182, 375, 98, 98, 98, 48, 13, 13, 414, 170, 170, 170, 170, 170, 28, 28, 28, 63, 63, 63, 63, 392, 63, 63, 63, 2, 2, 2, 2, 2, 63, 63, 63, 63, 63, 63, 63, 63, 63, 63, 316, 316, 73, 73, 73, 73, 244, 321, 321, 287, 287, 287, 287, 287, 284, 284, 284, 284, 284, 450, 450, 450, 450, 450, 88, 88, 43, 276, 174, 174, 174, 387, 387, 387, 250, 250, 248, 248, 394, 32, 239, 354, 219, 398, 398, 464, 171, 171, 171, 171, 171, 171, 246, 252, 143, 310, 310, 99, 107, 107, 447, 400, 400, 400, 30, 477, 477, 374, 374, 374, 132, 132, 274, 186, 186, 186, 162, 482, 482, 482, 482, 482, 482, 482, 115, 273, 273, 106, 106, 424, 424, 293, 497, 497, 122, 122, 75, 310, 310, 445, 107, 107]

ep443
Train step Loss: [0.44506359100341797, 0.26109859347343445, 0.058833979070186615, 0.260478675365448, 0.2117193639278412, 0.5547512173652649, 0.06802918016910553, 0.3736574649810791, 0.31552043557167053, 0.11786682903766632, 0.09365873038768768, 0.23714230954647064, 0.45514819025993347, 0.15783502161502838, 0.0051881009712815285, 0.1563877910375595, 0.26353615522384644, 0.0585843101143837, 0.21516485512256622, 0.29048416018486023, 0.0039038704708218575, 0.3134852349758148, 0.055955298244953156, 0.2094307839870453, 0.2857137620449066, 0.43576279282569885, 0.16072650253772736, 0.22307124733924866, 0.45799994468688965, 0.3632488250732422, 0.19792474806308746, 0.15349180996418, 0.08792098611593246, 0.30554619431495667, 0.05342723801732063, 0.13834454119205475, 0.2721911668777466, 0.12936925888061523, 0.37966200709342957, 0.32004785537719727, 0.04905341565608978, 0.2518734335899353, 0.097900390625, 0.21352021396160126, 0.3141409754753113, 0.37002140283584595, 0.28644052147865295, 0.22854965925216675, 0.1182175949215889, 0.20300926268100739, 0.05929107591509819, 0.0978429839015007, 0.1104532778263092, 0.42472463846206665, 0.1437540352344513, 0.1878069043159485, 0.051101502031087875, 0.04262779280543327, 0.15632328391075134, 0.11371195316314697, 0.15122953057289124, 0.36854928731918335, 0.2947319447994232]
val step Loss: [0.4848713278770447, 0.5576990246772766, 0.5650616884231567, 0.4845834970474243, 1.0603538751602173, 0.18574626743793488, 0.36201366782188416, 0.3608715534210205, 0.4148801267147064, 0.7095317840576172, 0.4169599711894989, 0.3485441505908966, 0.17115728557109833, 0.15933363139629364, 0.5468626618385315, 0.8900900483131409]
Train step Accs: [0.8796923879040668, 0.9303083479568814, 0.9845283018867924, 0.9317787149590673, 0.9440261400767155, 0.8556965442764579, 0.9801057317751809, 0.9020494699646643, 0.914698795180723, 0.9694057127385949, 0.9784024138478641, 0.9360408896256389, 0.880666572518006, 0.9572913739814555, 0.9995883644346871, 0.9578961349448798, 0.9276704240472357, 0.984842221303569, 0.9419492055548605, 0.9236480806948725, 1.0, 0.9199049316696376, 0.9866925422789021, 0.9428049098981457, 0.9269898264512269, 0.8853900709219859, 0.9571954587296717, 0.9466829466829467, 0.8796927090882737, 0.9055275046505448, 0.9476851283310819, 0.9605978260869565, 0.9783201722900216, 0.9238971662284545, 0.9861532375049453, 0.9661225206248903, 0.9281072298943948, 0.9654185547340806, 0.9026449770271948, 0.9220074152542372, 0.9862616394443596, 0.9318906921903176, 0.975591054313099, 0.9608909608909609, 0.9294747081712063, 0.90527950310559, 0.9254315972725954, 0.9374064837905237, 0.9691334598355471, 0.9458084213204427, 0.985348997926745, 0.9743660418963617, 0.9725806451612903, 0.8969341974077767, 0.9627136895948311, 0.9508390141583639, 0.9880247400973813, 0.9898073163920692, 0.9593015068300239, 0.9706748623383276, 0.960928281106595, 0.9048807542983915, 0.9229484732824428]
val step Accs: [0.8761969904240766, 0.8638981915606162, 0.862909892532378, 0.8756063213894539, 0.7283678756476684, 0.9555955180522894, 0.9135624344176285, 0.9158169314678681, 0.8923804226918799, 0.8328974535443909, 0.8942622950819672, 0.9114529472595657, 0.9599014643492542, 0.959500079101408, 0.8616967233934468, 0.781569268492031]
Preds: [17, 287, 100, 387, 387, 98, 98, 35, 129, 129, 129, 401, 401, 414, 82, 208, 437, 437, 426, 426, 426, 348, 348, 348, 426, 167, 263, 263, 414, 170, 170, 170, 414, 47, 47, 225, 225, 225, 7, 32, 32, 473, 443, 286, 286, 286, 468, 264, 264, 468, 406, 406, 406, 406, 337, 337, 337, 324, 171, 171, 171, 171, 3, 3, 3, 14, 14, 14, 197, 197, 197, 217, 217, 398, 398, 398, 360, 360, 33, 33, 33, 465, 398, 331, 331, 132, 132, 132, 153, 182, 182, 182, 182, 98, 98, 43, 32, 197, 440, 100, 497, 497, 497, 122, 43, 8, 259, 354, 208, 437, 437, 106, 481, 284, 426, 426, 426, 206, 167, 285, 285, 382, 382, 467, 467, 467, 467, 467, 134, 134, 375, 375, 375, 98, 98, 98, 48, 13, 414, 414, 170, 170, 170, 237, 237, 47, 47, 47, 47, 47, 80, 80, 80, 80, 320, 320, 188, 70, 309, 398, 331, 324, 236, 236, 143, 458, 458, 75, 27, 106, 106, 151, 486, 315, 203, 203, 388, 388, 64, 466, 212, 212, 465, 465, 354, 420, 464, 324, 464, 464, 464, 486, 355, 376, 460, 460, 263, 263, 170, 170, 170, 170, 170, 312, 187, 187, 292, 292, 292, 292, 292, 23, 23, 23, 391, 391, 260, 149, 391, 244, 73, 73, 244, 73, 244, 244, 320, 287, 287, 284, 111, 111, 240, 169, 35, 35, 35, 342, 172, 172, 68, 172, 172, 115, 267, 267, 213, 213, 324, 246, 246, 246, 19, 454, 197, 197, 197, 197, 7, 7, 7, 217, 398, 443, 443, 443, 240, 330, 330, 143, 76, 465, 310, 354, 107, 107, 395, 395, 106, 106, 88, 88, 88, 405, 405, 206, 206, 206, 167, 167, 167, 35, 35, 35, 449, 342, 342, 224, 224, 273, 267, 267, 267, 213, 213, 324, 246, 3, 8, 197, 197, 197, 7, 7, 414, 82, 287, 287, 100, 497, 182, 182, 182, 182, 182, 182, 182, 182, 182, 387, 122, 169, 167, 35, 35, 32, 239, 75, 75, 354, 384, 371, 371, 93, 171, 171, 171, 171, 143, 314, 32, 32, 354, 354, 473, 264, 264, 264, 290, 264, 264, 264, 264, 264, 468, 468, 94, 199, 41, 41, 19, 19, 19, 454, 454, 454, 414, 414, 414, 414, 170, 170, 170, 187, 187, 187, 292, 408, 408, 391, 391, 391, 73, 244, 73, 73, 320, 287, 83, 287, 284, 284, 460, 240, 35, 35, 35, 449, 342, 342, 342, 224, 224, 494, 267, 444, 324, 324, 324, 301, 3, 14, 14, 411, 411, 411, 411, 145, 153, 424, 424, 424, 43, 43, 43, 32, 32, 354, 208, 441, 100, 100, 375, 98, 98, 98, 98, 98, 48, 414, 414, 414, 414, 170, 170, 392, 80, 80, 287, 287, 100, 481, 293, 98, 98, 35, 129, 458, 401, 401, 208, 27, 441, 153, 153, 346, 284, 206, 169, 169, 35, 35, 17, 219, 264, 264, 264, 264, 264, 403, 403, 403, 403, 403, 403, 403, 403, 403, 403, 403, 403, 403, 403, 403, 403, 403, 403, 403, 403, 403, 403, 403, 403, 403, 403, 403, 403, 403, 403, 403, 403, 403, 403, 403, 403, 403, 403, 403, 403, 403, 403, 403, 403, 403, 403, 403, 403, 403, 403, 403, 403, 403, 403, 403, 403, 403, 403, 403, 403, 403, 403, 403, 403, 403, 403, 403, 403, 403, 403, 403, 403, 403, 403, 403, 403, 403, 403, 403, 403, 403, 403, 403, 403, 403, 403, 403, 403, 403, 403, 403, 403, 403, 403, 403, 403, 403, 403, 403, 403, 403, 403, 403, 403, 403, 403, 403, 403, 403, 403, 403]

ep444
Train step Loss: [0.24344024062156677, 0.05119124799966812, 0.2286727875471115, 0.42591026425361633, 0.10817402601242065, 0.1659347116947174, 0.134321391582489, 0.1778123378753662, 0.292289137840271, 0.16745367646217346, 0.2033357173204422, 0.1535923033952713, 0.28007185459136963, 0.11903780698776245, 0.23901724815368652, 0.3137635588645935, 0.20252440869808197, 0.33981236815452576, 0.0703621432185173, 0.14650017023086548, 0.06218434125185013, 0.39158907532691956, 0.1610148698091507, 0.15005622804164886, 0.1718190312385559, 0.2983940839767456, 0.3349190950393677, 0.16191664338111877, 0.24102918803691864, 0.3740491569042206, 0.5146152377128601, 0.004443436861038208, 0.193125918507576, 0.06390619277954102, 0.13523100316524506, 0.37911128997802734, 0.10033009201288223, 0.23723053932189941, 0.13128718733787537, 0.3432498872280121, 0.17872655391693115, 0.051257241517305374, 0.1766100823879242, 0.054795410484075546, 0.06377115100622177, 0.14402173459529877, 0.0314374603331089, 0.1139867976307869, 0.005056352354586124, 0.39315807819366455, 0.004737264476716518, 0.2009948343038559, 0.4125250577926636, 0.1498185694217682, 0.007401608861982822, 0.22535434365272522, 0.21536885201931, 0.1656579226255417, 0.14358629286289215, 0.25031548738479614, 0.36230504512786865, 0.14805686473846436, 0.037497229874134064]
val step Loss: [0.7368675470352173, 0.04008329287171364, 0.24876314401626587, 0.49426397681236267, 0.3707038462162018, 0.7912590503692627, 0.6142333149909973, 0.7401303648948669, 0.5370197296142578, 0.6075469255447388, 0.4940761625766754, 0.23714718222618103, 0.4661974608898163, 0.19254690408706665, 0.3576318025588989, 0.5925455689430237]
Train step Accs: [0.9374665238350295, 0.9863411798895669, 0.9413265306122449, 0.8917117867555185, 0.9726535660299575, 0.9584352078239609, 0.9649956244530566, 0.9544471306782033, 0.9243599689681924, 0.9571284707236369, 0.947463768115942, 0.9578691253681649, 0.9262979204979488, 0.9677513073794306, 0.9374909354604786, 0.9152724481964697, 0.9463744141163496, 0.9140698772426817, 0.9828051726588035, 0.9617639221955768, 0.9849662377372914, 0.8966662055609351, 0.9617711105734333, 0.9578171554022268, 0.9549636138953728, 0.9201393930593873, 0.9097753491196114, 0.957163323782235, 0.9362977418455534, 0.9012253991830672, 0.8748128527006795, 1.0, 0.948735244519393, 0.9844750102138091, 0.966596095036462, 0.899895724713243, 0.9753784982413213, 0.9401000938379731, 0.9644830307813733, 0.9117979645684131, 0.9550956657555643, 0.9866360691144709, 0.9564841498559078, 0.985512920908379, 0.9835569017741238, 0.9616508400292184, 0.9932112206993724, 0.9717022202873313, 0.9998637045113806, 0.9048117154811716, 0.9997035719579073, 0.9448853615520282, 0.889865115703502, 0.9636898920510304, 0.9993730407523511, 0.9415236787920385, 0.9412848544404864, 0.9561696658097686, 0.9625339625339625, 0.9326341266639774, 0.9050475493782004, 0.9616510087786847, 0.9911242603550295]
val step Accs: [0.817355577689243, 0.9910377358490566, 0.9370576720373438, 0.8870558375634517, 0.9079856313898867, 0.8029018819135182, 0.8490437158469946, 0.8163189269746647, 0.8573559322033898, 0.8454498582108791, 0.8788777987591044, 0.9401157313955053, 0.8818266791293897, 0.9511993382961125, 0.9088490618874265, 0.8559983977568596]
Preds: [17, 17, 486, 486, 460, 460, 169, 178, 35, 35, 259, 208, 208, 441, 100, 153, 153, 497, 122, 129, 129, 129, 458, 208, 208, 437, 346, 346, 405, 405, 206, 98, 263, 263, 263, 439, 417, 414, 249, 249, 249, 249, 249, 249, 305, 237, 237, 237, 237, 170, 28, 249, 82, 305, 249, 82, 28, 40, 289, 40, 435, 435, 435, 211, 211, 211, 211, 211, 21, 21, 260, 260, 260, 391, 391, 228, 289, 82, 320, 287, 287, 287, 111, 111, 460, 169, 169, 99, 338, 338, 338, 338, 338, 338, 400, 400, 400, 444, 213, 213, 213, 246, 246, 246, 246, 246, 246, 422, 99, 99, 338, 338, 338, 338, 338, 400, 400, 400, 485, 286, 286, 286, 374, 374, 374, 132, 132, 134, 132, 132, 132, 132, 132, 132, 132, 132, 132, 132, 132, 132, 132, 132, 197, 197, 197, 197, 197, 197, 197, 414, 414, 414, 82, 354, 420, 213, 213, 213, 213, 246, 246, 434, 434, 374, 132, 132, 43, 43, 43, 250, 364, 276, 346, 174, 480, 480, 480, 480, 282, 282, 282, 282, 388, 303, 303, 217, 473, 473, 398, 324, 464, 301, 457, 129, 401, 401, 197, 7, 7, 420, 346, 109, 428, 428, 146, 146, 146, 207, 207, 207, 3, 3, 3, 454, 197, 197, 197, 197, 197, 197, 7, 79, 147, 456, 456, 456, 236, 374, 374, 42, 147, 147, 147, 132, 132, 132, 132, 132, 132, 132, 217, 217, 398, 331, 331, 88, 153, 98, 457, 457, 197, 7, 217, 473, 65, 324, 213, 324, 324, 324, 246, 19, 454, 454, 414, 414, 414, 414, 170, 170, 312, 126, 126, 126, 408, 408, 408, 23, 23, 23, 23, 23, 391, 260, 391, 391, 391, 244, 392, 73, 73, 83, 460, 460, 319, 348, 348, 53, 348, 250, 250, 250, 276, 174, 319, 403, 403, 171, 324, 324, 324, 464, 301, 251, 251, 251, 241, 431, 431, 431, 486, 319, 319, 388, 94, 64, 466, 466, 250, 398, 199, 324, 290, 290, 290, 171, 324, 324, 3, 8, 8, 8, 354, 354, 354, 354, 106, 284, 284, 405, 169, 240, 35, 35, 77, 342, 342, 224, 397, 397, 485, 374, 374, 374, 374, 153, 153, 182, 182, 43, 43, 364, 276, 346, 346, 284, 428, 428, 146, 330, 94, 94, 94, 398, 324, 324, 116, 116, 33, 94, 199, 331, 134, 153, 43, 43, 276, 276, 276, 346, 153, 387, 387, 122, 122, 236, 314, 35, 35, 77, 226, 226, 226, 287, 287, 287, 481, 293, 293, 293, 497, 122, 122, 36, 269, 224, 494, 494, 143, 143, 8, 27, 106, 180, 443, 330, 94, 94, 398, 398, 464, 464, 180, 120, 330, 253, 368, 453, 453, 168, 168, 494, 278, 99, 99, 436, 436, 60, 395, 106, 319, 426, 426, 413, 303, 76, 76, 76, 239, 107, 107, 395, 485, 374, 286, 464, 139, 496, 496, 274, 274, 43, 8, 259, 259, 208, 208, 441, 437, 153, 426, 426, 372, 396, 348, 199, 250, 413, 375, 98, 98, 197, 197, 414, 7, 7, 473, 398, 286, 286, 286, 468, 406, 406, 337, 337, 337, 41, 324, 19, 454, 454, 414, 170, 170, 170, 170, 170, 170, 187, 187, 28, 187, 2, 187, 187, 187, 12, 40, 40, 12, 163, 392, 435, 435, 435, 392, 73, 73, 73, 320, 345, 217, 213, 324, 340, 116, 33, 94, 331, 331, 106, 153, 153, 387, 387, 387, 122, 43, 8, 259, 208, 208, 441, 106, 481, 387, 372, 372, 406, 406, 406, 413, 413, 375, 98, 98, 98, 98, 414, 414, 170, 170, 170, 170, 170, 47, 47, 47, 80]

ep445
Train step Loss: [0.26263338327407837, 0.38529983162879944, 0.07691685110330582, 0.005536188371479511, 0.004221191629767418, 0.1620883345603943, 0.024703672155737877, 0.02832454815506935, 0.019663363695144653, 0.30725419521331787, 0.2055649757385254, 0.2637064754962921, 0.26188749074935913, 0.25956517457962036, 0.3216977119445801, 0.3276972770690918, 0.33443498611450195, 0.2953830659389496, 0.1713806688785553, 0.3005374073982239, 0.11943919211626053, 0.22711625695228577, 0.263152539730072, 0.21607089042663574, 0.1354970932006836, 0.24072733521461487, 0.13296069204807281, 0.34371843934059143, 0.06208406388759613, 0.08214491605758667, 0.06431902199983597, 0.14201071858406067, 0.2451632171869278, 0.3466258943080902, 0.18417063355445862, 0.2146964967250824, 0.05835986137390137, 0.3087056875228882, 0.2139902412891388, 0.24367322027683258, 0.14242273569107056, 0.10627298802137375, 0.022845063358545303, 0.35973384976387024, 0.3649210035800934, 0.13079673051834106, 0.17504331469535828, 0.12290532886981964, 0.2093944102525711, 0.20111103355884552, 0.003989232238382101, 0.23776543140411377, 0.17864303290843964, 0.009313734248280525, 0.2905266582965851, 0.10618148744106293, 0.2062504142522812, 0.2652517557144165, 0.4499041736125946, 0.19317862391471863, 0.2848711907863617, 0.40034952759742737, 0.17021706700325012]
val step Loss: [0.42363038659095764, 0.025964314118027687, 0.48859331011772156, 0.4509047269821167, 0.6272967457771301, 0.4031195342540741, 0.35167089104652405, 0.25737905502319336, 0.9919273853302002, 0.29018041491508484, 0.3768298625946045, 0.31489890813827515, 0.362846314907074, 0.20344166457653046, 0.5038244128227234, 0.7818498015403748]
Train step Accs: [0.9269374740052683, 0.8960283687943262, 0.9803330274026485, 0.9995453167626553, 1.0, 0.9571599760335531, 0.9935019070490182, 0.9936724565756824, 0.9955495616992582, 0.9162282476730069, 0.9468506452025042, 0.9311533888228299, 0.9411379986919556, 0.954999398387679, 0.9142091152815014, 0.9133799301048428, 0.9120578778135048, 0.9242521504686095, 0.953837001784652, 0.9181686046511628, 0.9685990338164251, 0.9404045926735921, 0.9292369383181979, 0.9447903694479037, 0.9680426098535286, 0.93804704595186, 0.965672550213025, 0.9084873730799271, 0.983099441677984, 0.9775797242723855, 0.9815913585881637, 0.9645861000442674, 0.9319015191199581, 0.9064601908337244, 0.9551194279628784, 0.9476895119418484, 0.984375, 0.9238401341531582, 0.943596268023749, 0.9376194376194377, 0.9633245382585752, 0.9734730848861284, 0.9951341399263546, 0.9078549848942599, 0.9052144554207828, 0.9659936238044633, 0.9529532463725634, 0.9656050955414013, 0.9469292846395841, 0.9457254901960784, 1.0, 0.9375634517766498, 0.9524444444444444, 0.9986747945931619, 0.9243831640058056, 0.9744925213675214, 0.9441087613293051, 0.9315261894677397, 0.8774005009741164, 0.950890116635973, 0.9221529745042493, 0.8966670956118904, 0.9554813578185866]
val step Accs: [0.8900311105099419, 0.9949016751638747, 0.8759968102073366, 0.8919653253978522, 0.8499115525921894, 0.9008649367930806, 0.9102623101702715, 0.935381508726381, 0.7650026553372278, 0.9307864053584718, 0.9057081888503601, 0.919290780141844, 0.9094207593624466, 0.9466808850973074, 0.875, 0.8083756345177665]
Preds: [17, 309, 479, 479, 398, 278, 17, 17, 465, 77, 77, 54, 142, 108, 119, 351, 351, 494, 498, 468, 468, 468, 468, 467, 337, 337, 337, 337, 434, 339, 339, 94, 479, 331, 331, 84, 84, 84, 426, 426, 16, 375, 375, 375, 98, 98, 98, 98, 13, 13, 414, 259, 170, 187, 187, 442, 442, 187, 341, 2, 2, 244, 341, 341, 341, 2, 163, 2, 163, 244, 63, 63, 63, 244, 73, 73, 73, 73, 320, 320, 320, 7, 7, 7, 7, 219, 420, 420, 213, 213, 213, 213, 213, 213, 246, 246, 246, 246, 246, 246, 246, 3, 3, 3, 464, 188, 177, 177, 301, 216, 259, 354, 109, 109, 109, 403, 171, 171, 171, 171, 171, 246, 246, 246, 246, 246, 324, 422, 186, 99, 338, 338, 338, 338, 338, 400, 400, 400, 30, 464, 171, 171, 252, 252, 143, 36, 310, 310, 54, 107, 395, 395, 485, 286, 286, 464, 365, 365, 315, 315, 315, 315, 282, 282, 282, 282, 282, 413, 413, 43, 43, 43, 276, 138, 138, 138, 182, 182, 182, 182, 182, 182, 182, 426, 282, 282, 282, 282, 303, 303, 94, 199, 331, 84, 302, 302, 496, 375, 375, 130, 130, 130, 402, 196, 196, 309, 398, 398, 464, 464, 264, 468, 406, 406, 88, 43, 43, 43, 276, 276, 174, 174, 387, 413, 348, 348, 33, 398, 398, 398, 398, 464, 464, 443, 355, 355, 282, 460, 263, 263, 263, 263, 414, 414, 414, 187, 187, 187, 187, 187, 47, 47, 244, 392, 392, 73, 73, 73, 244, 75, 75, 310, 310, 323, 377, 397, 106, 106, 374, 153, 153, 424, 182, 182, 182, 182, 182, 182, 182, 497, 497, 497, 497, 122, 122, 129, 36, 310, 323, 108, 119, 437, 106, 106, 481, 481, 139, 293, 81, 81, 299, 299, 146, 324, 324, 422, 301, 143, 259, 354, 345, 109, 109, 109, 355, 355, 355, 355, 355, 355, 355, 355, 355, 355, 287, 287, 460, 460, 169, 215, 35, 259, 354, 431, 265, 111, 428, 428, 438, 438, 368, 31, 449, 449, 351, 486, 486, 443, 443, 240, 240, 449, 449, 449, 324, 324, 324, 477, 464, 464, 132, 132, 132, 381, 465, 465, 465, 259, 441, 441, 100, 100, 100, 100, 100, 375, 98, 98, 98, 48, 13, 13, 414, 170, 170, 170, 170, 28, 28, 28, 28, 63, 63, 63, 63, 244, 2, 2, 2, 2, 2, 63, 63, 63, 63, 63, 63, 244, 73, 73, 73, 73, 244, 321, 412, 287, 287, 287, 287, 284, 284, 284, 284, 450, 450, 450, 450, 16, 43, 43, 276, 276, 174, 387, 497, 497, 43, 43, 43, 8, 239, 219, 219, 464, 464, 476, 171, 171, 171, 171, 252, 252, 143, 99, 99, 338, 338, 445, 219, 219, 30, 477, 477, 374, 374, 132, 132, 186, 186, 186, 162, 482, 482, 482, 482, 482, 115, 273, 273, 106, 106, 424, 497, 497, 122, 122, 259, 310, 445, 445, 445, 351, 213, 213, 213, 324, 324, 19, 19, 19, 454, 197, 259, 7, 7, 188, 398, 398, 464, 171, 171, 252, 457, 457, 8, 364, 345, 109, 109, 109, 284, 284, 376, 376, 206, 206, 206, 167, 167, 35, 411, 100, 100, 100, 375, 98, 98, 98, 233, 259, 259, 441, 441, 100, 100, 100, 481, 387, 375, 98, 98, 98, 98, 13, 414, 414, 170, 170, 170, 170, 28, 2, 2, 2, 244, 2, 244, 63, 63, 63, 244, 63, 63, 392, 63, 73, 244, 73, 73, 73, 321, 320, 320, 7, 7, 487, 374, 374, 374, 374, 374, 374, 132, 132, 274, 274, 88, 288, 337, 337]

ep446
Train step Loss: [0.21269401907920837, 0.0038639844860881567, 0.06767662614583969, 0.5685445070266724, 0.14513331651687622, 0.17894122004508972, 0.17825420200824738, 0.41520577669143677, 0.3885396718978882, 0.14297698438167572, 0.14112065732479095, 0.721245288848877, 0.014518328942358494, 0.32538092136383057, 0.1921597123146057, 0.12401572614908218, 0.11764375120401382, 0.08730991184711456, 0.17610013484954834, 0.026521971449255943, 0.07146507501602173, 0.13650256395339966, 0.0039442190900444984, 0.29014796018600464, 0.33610326051712036, 0.14442238211631775, 0.07391606271266937, 0.1831291764974594, 0.06776666641235352, 0.13418328762054443, 0.1360800564289093, 0.18072113394737244, 0.1599656492471695, 0.18075567483901978, 0.006614982150495052, 0.06921480596065521, 0.17279116809368134, 0.003950569313019514, 0.050204403698444366, 0.12774533033370972, 0.004335968289524317, 0.16980671882629395, 0.24744194746017456, 0.08175329864025116, 0.10510934889316559, 0.09101491421461105, 0.003936672583222389, 0.33108434081077576, 0.07480043917894363, 0.3288300633430481, 0.5253401398658752, 0.09277922660112381, 0.16953806579113007, 0.06461459398269653, 0.2380465567111969, 0.05299092456698418, 0.1409400999546051, 0.004270941950380802, 0.004388626664876938, 0.1456993967294693, 0.02424338273704052, 0.07932043820619583, 0.23328512907028198]
val step Loss: [0.2680411636829376, 0.7067233920097351, 0.9277135729789734, 0.12941886484622955, 0.5780086517333984, 0.28327736258506775, 0.44764792919158936, 0.5672256350517273, 0.5669100284576416, 0.10861188918352127, 0.5664018988609314, 0.3963331878185272, 0.5098364353179932, 0.18401458859443665, 0.31632208824157715, 0.014110513962805271]
Train step Accs: [0.9432603263266206, 1.0, 0.9820779546309061, 0.8518461300787888, 0.9603662703293699, 0.9514808751302277, 0.9537888198757764, 0.8901601830663616, 0.8943699731903485, 0.9609515260323159, 0.9646052119797744, 0.8039904454123928, 0.9975305254493072, 0.9135425570887776, 0.9475367882277671, 0.9712392955243173, 0.9689059500959692, 0.9780287984111221, 0.951368233194527, 0.9952593796559664, 0.9821873442949676, 0.966747977917576, 1.0, 0.9234802323933683, 0.9116738727609636, 0.9637933435454672, 0.980228044638525, 0.9513129102844639, 0.9817239144523655, 0.9664487267721955, 0.9626951995373048, 0.9564638530155771, 0.9618637780086067, 0.9509383378016085, 0.9993684875276286, 0.9832565284178187, 0.954089460639679, 1.0, 0.9871369844848163, 0.9673927935333607, 1.0, 0.9516456724908574, 0.9367072711289715, 0.9786931818181818, 0.9716247732573206, 0.9775612636551521, 0.9998719098245165, 0.9122872406510125, 0.9823065995092342, 0.9132453567937439, 0.8836358710376592, 0.976016812955866, 0.9547776255138907, 0.9833333333333333, 0.9381745297563984, 0.9864015206901594, 0.9617248664098422, 1.0, 0.9998568155784651, 0.9623068224651338, 0.9947496478422333, 0.9791905855338691, 0.9384737259044098]
val step Accs: [0.9319603356216628, 0.8246903498026406, 0.7694306930693069, 0.9675137164308403, 0.8527744826677212, 0.9360977874052298, 0.890315378174714, 0.8573166281474274, 0.8672266630537867, 0.9738693467336683, 0.8606661581489957, 0.8973535457348407, 0.8749518551803825, 0.952778170507564, 0.9180048316043768, 0.9974509803921568]
Preds: [17, 17, 17, 284, 486, 486, 460, 460, 169, 150, 349, 234, 234, 234, 261, 25, 25, 332, 332, 399, 399, 53, 473, 473, 473, 398, 360, 360, 360, 360, 434, 434, 434, 339, 339, 216, 81, 398, 398, 324, 360, 360, 360, 360, 360, 360, 434, 434, 434, 434, 434, 19, 19, 454, 454, 454, 417, 414, 414, 414, 249, 249, 249, 82, 80, 80, 80, 320, 321, 188, 188, 188, 290, 171, 171, 171, 434, 339, 399, 53, 345, 345, 100, 497, 497, 497, 122, 285, 285, 285, 285, 285, 241, 431, 431, 139, 139, 139, 293, 175, 122, 216, 458, 192, 192, 180, 470, 403, 290, 290, 171, 434, 434, 434, 19, 19, 19, 19, 454, 454, 414, 414, 414, 414, 414, 414, 102, 414, 47, 47, 140, 140, 73, 244, 244, 321, 7, 7, 7, 309, 309, 309, 309, 398, 398, 360, 360, 360, 360, 360, 434, 434, 434, 434, 434, 434, 434, 434, 19, 19, 454, 454, 197, 197, 197, 197, 7, 321, 7, 219, 219, 219, 219, 451, 30, 30, 286, 286, 286, 468, 468, 468, 468, 467, 380, 180, 486, 315, 315, 315, 315, 315, 315, 315, 450, 450, 203, 203, 53, 250, 250, 250, 138, 138, 138, 345, 345, 387, 186, 186, 186, 349, 349, 234, 234, 234, 234, 261, 25, 25, 374, 374, 153, 153, 153, 182, 182, 98, 98, 98, 98, 197, 259, 259, 183, 183, 183, 257, 171, 171, 257, 422, 31, 31, 342, 342, 342, 342, 115, 273, 26, 359, 171, 171, 171, 171, 171, 171, 252, 422, 143, 478, 342, 342, 342, 115, 115, 273, 273, 486, 486, 486, 460, 460, 460, 169, 35, 35, 35, 441, 441, 100, 100, 424, 424, 182, 182, 182, 182, 182, 182, 182, 182, 182, 182, 375, 375, 98, 98, 98, 13, 13, 226, 321, 75, 437, 437, 437, 405, 405, 405, 206, 98, 98, 98, 98, 13, 13, 17, 83, 83, 83, 55, 55, 443, 443, 443, 443, 443, 443, 443, 443, 443, 438, 438, 438, 438, 438, 438, 438, 438, 438, 438, 438, 438, 438, 438, 438, 438, 438, 438, 438, 438, 438, 438, 438, 438, 438, 438, 438, 438, 438, 438, 438, 438, 438, 438, 438, 438, 438, 438, 438, 438, 438, 438, 438, 438, 438, 438, 438, 438, 438, 438, 438, 438, 438, 438, 438, 438, 438, 438, 438, 438, 438, 438, 438, 438, 438, 438, 438, 438, 438, 438, 438, 438, 438, 438, 438, 438, 438, 438, 438, 438, 438, 438, 438, 438, 438, 438, 438, 438, 438, 438, 438, 438, 438, 438, 438, 438, 438, 438, 438, 438, 438, 438, 438, 438, 438, 438, 438, 438, 438, 438, 438, 438, 438, 438, 438, 438, 438, 438, 438, 438, 438, 438, 438, 438, 438, 438, 438, 438, 438, 438, 438, 438, 438, 438, 438, 438, 438, 438, 438, 438, 438, 438, 438, 438, 438, 438, 438, 438, 438, 438, 438, 438, 438, 438, 438, 438, 438, 438, 438, 438, 438, 438, 438, 438, 438, 438, 438, 438, 438, 438, 438, 438, 438, 438, 438, 438, 438, 438, 438, 438, 438, 438, 438, 438, 438, 438, 438, 438, 438, 438, 438, 438, 438, 438, 438, 438, 438, 438, 438, 438, 438, 438, 438, 438, 438, 438, 438, 438, 438, 438, 438, 438, 438, 438, 438, 438, 438, 438, 438, 438, 438, 438, 438, 438, 438, 438, 438, 438, 438, 438, 438, 438, 438, 438, 438, 438, 438, 438, 438, 438, 438, 438, 438, 438, 438, 438, 438, 438, 438, 438, 438, 438, 438, 438, 438, 438, 438, 438, 438, 438, 438, 438, 438, 438, 438, 438, 438]

ep447
Train step Loss: [0.13966161012649536, 0.29995495080947876, 0.07281205803155899, 0.41261833906173706, 0.35100051760673523, 0.1613641083240509, 0.12389212846755981, 0.23618145287036896, 0.0048887156881392, 0.24592670798301697, 0.017300475388765335, 0.2248956263065338, 0.022993916645646095, 0.07177221775054932, 0.21228018403053284, 0.06497394293546677, 0.17060904204845428, 0.008505343459546566, 0.2549174427986145, 0.003655305365100503, 0.20696251094341278, 0.18206550180912018, 0.07083022594451904, 0.11471961438655853, 0.1975158154964447, 0.2185332179069519, 0.022665372118353844, 0.1494474709033966, 0.16379883885383606, 0.2862299084663391, 0.3808836042881012, 0.2695174217224121, 0.10954924672842026, 0.2730034589767456, 0.14050152897834778, 0.23030532896518707, 0.4144728481769562, 0.2670042812824249, 0.23522858321666718, 0.11618580669164658, 0.0992196649312973, 0.22115598618984222, 0.22375255823135376, 0.2622719407081604, 0.19122439622879028, 0.07970964163541794, 0.2438729852437973, 0.01811971142888069, 0.28721198439598083, 0.1735704392194748, 0.0042974380776286125, 0.057733356952667236, 0.14219678938388824, 0.29958978295326233, 0.20579567551612854, 0.30756205320358276, 0.3944157361984253, 0.27562546730041504, 0.34328901767730713, 0.10538304597139359, 0.18708333373069763, 0.06145311892032623, 0.11768996715545654]
val step Loss: [0.5351985096931458, 0.39819231629371643, 0.08020703494548798, 0.2810976207256317, 0.6756130456924438, 0.25224775075912476, 0.4016973376274109, 0.3178340494632721, 0.5603429675102234, 0.5739490389823914, 0.6347001791000366, 0.95279461145401, 0.30066683888435364, 0.004105606582015753, 0.3331267535686493, 0.4625696539878845]
Train step Accs: [0.9640630127994749, 0.9274182026003714, 0.9806844697951776, 0.889456450556647, 0.911703166410936, 0.9559432288586636, 0.964628937533369, 0.9418038183015142, 0.9998587570621469, 0.9314238952536825, 0.9970970206264324, 0.9447828389830508, 0.9952841896252171, 0.9808192903137416, 0.944269558120555, 0.9842361708225853, 0.9582124967044556, 0.9988415497490024, 0.9370971592265457, 1.0, 0.9440715883668904, 0.9535294117647058, 0.9817196167423097, 0.9693446088794926, 0.9470074812967582, 0.9427540589296453, 0.9942214586912385, 0.9623952095808384, 0.9583073079325422, 0.9242878560719641, 0.9005839822024472, 0.9304889741131351, 0.9735788630904724, 0.9259305520859356, 0.9636657246669358, 0.9381757693373995, 0.890974212034384, 0.9308115543328749, 0.9365611783578824, 0.9709397408479054, 0.9759767353647744, 0.9409437694263917, 0.9391146698897115, 0.9323397208422048, 0.9516005121638924, 0.9837814767392232, 0.9359234560742244, 0.9956427015250545, 0.9230769230769231, 0.9524015577672004, 1.0, 0.9847707847707847, 0.9624891317848715, 0.9181793913507742, 0.9450395307319561, 0.9166353736387532, 0.8966707768187423, 0.9281241847117141, 0.9032981530343008, 0.9711990298620585, 0.9525241335654375, 0.9841558012873411, 0.9706933523945676]
val step Accs: [0.8660693774408454, 0.8946893529260118, 0.9793153678077203, 0.9332976158585587, 0.8350632500810898, 0.936943019173643, 0.8981832440203895, 0.9187824795842613, 0.8644091415830546, 0.856941706561532, 0.8482529966845193, 0.7585933368588048, 0.9327773565832701, 0.9997152619589977, 0.9177163198247535, 0.889937781591933]
Preds: [17, 17, 287, 284, 319, 319, 319, 319, 450, 413, 203, 76, 76, 349, 349, 234, 234, 234, 234, 261, 25, 25, 106, 499, 499, 265, 265, 480, 85, 85, 299, 299, 388, 388, 67, 219, 324, 246, 324, 324, 324, 422, 31, 162, 162, 232, 232, 172, 172, 115, 267, 267, 267, 267, 213, 213, 252, 3, 3, 14, 411, 188, 188, 443, 443, 120, 271, 271, 31, 31, 342, 232, 232, 86, 86, 238, 336, 336, 110, 110, 486, 486, 486, 486, 468, 468, 468, 468, 203, 379, 303, 394, 243, 76, 465, 478, 310, 107, 107, 107, 395, 395, 470, 286, 264, 264, 264, 264, 264, 264, 264, 207, 207, 207, 207, 454, 454, 454, 454, 414, 170, 170, 170, 170, 170, 170, 82, 28, 2, 2, 2, 2, 2, 2, 392, 244, 392, 63, 63, 244, 73, 73, 244, 321, 320, 320, 287, 287, 106, 481, 293, 293, 293, 497, 58, 58, 72, 437, 437, 284, 284, 426, 426, 319, 348, 348, 348, 348, 348, 195, 250, 250, 76, 32, 320, 7, 354, 109, 109, 104, 104, 104, 468, 467, 337, 337, 290, 290, 360, 328, 434, 434, 324, 464, 464, 464, 340, 340, 116, 94, 479, 331, 331, 331, 138, 138, 182, 182, 182, 497, 497, 497, 497, 98, 58, 441, 437, 437, 284, 284, 426, 426, 319, 319, 348, 348, 53, 381, 381, 334, 275, 452, 452, 98, 48, 414, 414, 170, 170, 170, 170, 392, 2, 244, 392, 392, 392, 392, 392, 392, 73, 73, 73, 321, 320, 7, 7, 7, 345, 109, 109, 346, 284, 376, 376, 460, 460, 169, 271, 150, 269, 323, 323, 224, 168, 494, 106, 153, 153, 153, 387, 349, 349, 349, 349, 349, 349, 234, 261, 25, 25, 148, 100, 302, 153, 53, 274, 274, 497, 98, 98, 197, 197, 197, 321, 321, 209, 287, 287, 287, 284, 284, 284, 315, 480, 480, 480, 480, 480, 480, 282, 282, 282, 282, 282, 282, 282, 388, 388, 94, 195, 195, 195, 250, 250, 250, 250, 473, 109, 109, 290, 290, 290, 290, 207, 464, 434, 434, 252, 143, 458, 131, 192, 34, 222, 222, 134, 134, 255, 349, 349, 349, 349, 155, 261, 25, 148, 148, 148, 148, 153, 182, 182, 182, 182, 387, 406, 134, 134, 134, 134, 302, 302, 375, 132, 98, 98, 98, 98, 13, 13, 78, 170, 170, 170, 170, 28, 187, 187, 187, 187, 163, 163, 392, 73, 244, 75, 373, 373, 205, 205, 261, 261, 25, 106, 106, 106, 106, 153, 153, 182, 182, 182, 182, 182, 182, 182, 182, 182, 182, 182, 345, 345, 274, 122, 122, 122, 36, 310, 310, 310, 107, 395, 395, 84, 84, 84, 84, 84, 274, 274, 98, 98, 193, 17, 83, 83, 443, 55, 55, 55, 55, 55, 55, 443, 443, 443, 443, 443, 443, 443, 443, 443, 443, 443, 443, 443, 443, 443, 443, 443, 443, 443, 443, 443, 443, 443, 443, 443, 443, 443, 443, 443, 443, 443, 443, 443, 443, 443, 443, 443, 443, 443, 443, 443, 443, 443, 443, 443, 443, 443, 443, 443, 443, 443, 443, 443, 443, 443, 443, 443, 443, 443, 443, 443, 443, 443, 443, 443, 443, 443, 443, 443, 443, 443, 443, 443, 443, 443, 443, 443, 443, 443, 443, 443, 443, 443, 443, 443, 443, 443, 443, 443, 443, 443, 443, 443, 443, 443, 443, 443, 443, 443, 443, 443, 443, 443, 443, 443, 443, 443, 443, 443, 443, 443, 443, 443, 443, 443, 443, 443, 443, 443, 443, 443, 443, 443, 443, 443, 443, 443, 443, 443, 443, 443, 443, 443, 443, 443, 443]

ep448
Train step Loss: [0.09320073574781418, 0.3635507822036743, 0.1069427952170372, 0.07334951311349869, 0.054736603051424026, 0.0935610756278038, 0.15403498709201813, 0.11516035348176956, 0.1913260966539383, 0.328542023897171, 0.05982590094208717, 0.40316280722618103, 0.07816359400749207, 0.25750523805618286, 0.22850482165813446, 0.004629656206816435, 0.22587716579437256, 0.18131007254123688, 0.19429729878902435, 0.4284553527832031, 0.13005271553993225, 0.1493152678012848, 0.0769398957490921, 0.06634407490491867, 0.10192013531923294, 0.03658461570739746, 0.053091589361429214, 0.20031429827213287, 0.0046169389970600605, 0.086558498442173, 0.004030372481793165, 0.06321485340595245, 0.046313852071762085, 0.07070757448673248, 0.06911713629961014, 0.004652906209230423, 0.12463407963514328, 0.22749009728431702, 0.2471502274274826, 0.2777475118637085, 0.06489095836877823, 0.21887114644050598, 0.08183438330888748, 0.21794171631336212, 0.18775968253612518, 0.005998601671308279, 0.2186262160539627, 0.12661007046699524, 0.14948144555091858, 0.18430371582508087, 0.2755499482154846, 0.4577573239803314, 0.13756029307842255, 0.3373852074146271, 0.2245357781648636, 0.2990589141845703, 0.194327250123024, 0.20841093361377716, 0.0037042207550257444, 0.05377619341015816, 0.2703372836112976, 0.11594974994659424, 0.21118704974651337]
val step Loss: [0.15671662986278534, 0.04692712426185608, 0.20221295952796936, 0.2537859380245209, 0.3857131898403168, 0.44361552596092224, 0.04335815832018852, 0.3507457971572876, 0.7420243620872498, 0.4189644753932953, 0.28841617703437805, 0.5758751630783081, 0.36814573407173157, 0.3796141445636749, 0.15521176159381866, 0.5296235680580139]
Train step Accs: [0.9745689655172414, 0.9050839270619491, 0.9738986503692386, 0.9814289764672526, 0.9857282775989926, 0.9767538975501113, 0.9624983317763246, 0.9700439146800501, 0.9516044187269858, 0.9133419133419134, 0.9866256519994651, 0.8940195818999735, 0.979957805907173, 0.9335264522030797, 0.9441380285673879, 0.9998629198080877, 0.9389227316447579, 0.9492329590384311, 0.9492898081235983, 0.8858105005357416, 0.9651562948092917, 0.9589622641509434, 0.9787801778907242, 0.9825908858166923, 0.9732813804620095, 0.9908156911581569, 0.9863936228697087, 0.9483622799860123, 1.0, 0.9781797301177146, 1.0, 0.9843168527379054, 0.9885464957731115, 0.9798631728410998, 0.982683427398666, 1.0, 0.968365553602812, 0.9396640826873385, 0.9350488679945564, 0.9255177425214969, 0.983836777954425, 0.9414343114574455, 0.9794228031577585, 0.9417252568956193, 0.9506726457399103, 0.9992006394884093, 0.9410125406409661, 0.9653748834731656, 0.9596050269299821, 0.9551792828685259, 0.925071686822092, 0.8765133171912833, 0.9636067354698533, 0.9109779882975759, 0.9488667772249861, 0.9167916041979011, 0.9442665890570431, 0.945959595959596, 0.9998779296875, 0.9849921011058452, 0.9268676277850589, 0.9690249912002816, 0.9444868856633563]
val step Accs: [0.962809364548495, 0.9891304347826086, 0.9548030407740152, 0.9398444012225619, 0.9030705178246162, 0.8878386893509767, 0.9904038384646141, 0.9107023857123817, 0.8261252200150867, 0.8924196018376723, 0.9255658272234619, 0.8524240140668173, 0.9079520697167756, 0.902686567164179, 0.9619495510902095, 0.8670340201245808]
Preds: [17, 17, 17, 145, 284, 284, 284, 450, 450, 450, 43, 43, 43, 43, 276, 276, 153, 153, 138, 182, 182, 182, 182, 182, 182, 182, 98, 98, 98, 98, 98, 197, 226, 226, 226, 209, 287, 287, 110, 145, 111, 111, 322, 322, 67, 10, 10, 479, 398, 398, 398, 301, 399, 43, 43, 250, 138, 138, 138, 153, 387, 387, 109, 146, 146, 324, 324, 422, 99, 99, 338, 338, 338, 338, 338, 338, 395, 395, 395, 278, 278, 278, 374, 378, 416, 8, 259, 208, 100, 100, 100, 375, 122, 122, 122, 233, 82, 75, 75, 66, 68, 68, 68, 224, 25, 267, 444, 448, 324, 464, 464, 58, 315, 486, 319, 319, 72, 72, 203, 7, 364, 276, 276, 276, 276, 153, 153, 182, 182, 182, 182, 375, 98, 98, 98, 98, 426, 426, 282, 282, 59, 282, 282, 282, 413, 413, 413, 303, 413, 303, 303, 303, 303, 303, 309, 309, 479, 479, 331, 331, 106, 481, 481, 481, 481, 182, 387, 293, 375, 98, 263, 263, 263, 78, 170, 170, 170, 170, 170, 392, 392, 392, 392, 392, 392, 392, 392, 63, 63, 63, 63, 63, 63, 63, 63, 63, 63, 63, 392, 392, 392, 392, 244, 244, 289, 289, 321, 7, 7, 420, 324, 324, 324, 464, 464, 464, 110, 486, 486, 460, 460, 169, 349, 349, 234, 234, 234, 234, 261, 25, 25, 485, 324, 324, 324, 464, 464, 464, 139, 139, 426, 426, 426, 413, 348, 10, 10, 473, 398, 398, 340, 340, 116, 94, 199, 302, 88, 274, 122, 122, 129, 129, 75, 342, 68, 115, 273, 273, 151, 151, 151, 240, 215, 35, 129, 259, 354, 354, 420, 286, 286, 286, 286, 374, 374, 374, 374, 374, 246, 246, 246, 477, 132, 132, 132, 375, 375, 375, 98, 98, 98, 13, 401, 82, 401, 321, 75, 208, 208, 441, 437, 437, 437, 481, 481, 375, 375, 98, 98, 98, 263, 13, 193, 17, 83, 83, 55, 55, 55, 438, 438, 438, 438, 438, 438, 438, 438, 438, 438, 438, 438, 438, 438, 438, 438, 438, 438, 438, 438, 438, 438, 438, 438, 438, 438, 438, 438, 438, 438, 438, 438, 438, 438, 438, 438, 438, 438, 438, 438, 438, 438, 438, 438, 438, 438, 438, 438, 438, 438, 438, 438, 438, 438, 438, 438, 438, 438, 438, 438, 438, 438, 438, 438, 438, 438, 438, 438, 438, 438, 438, 438, 438, 438, 438, 438, 438, 438, 438, 438, 438, 438, 438, 438, 438, 438, 438, 438, 438, 438, 438, 438, 438, 438, 438, 438, 438, 438, 438, 438, 438, 438, 438, 438, 438, 438, 438, 438, 438, 438, 438, 438, 438, 438, 438, 438, 438, 438, 438, 438, 438, 438, 438, 438, 438, 438, 438, 438, 438, 438, 438, 438, 438, 438, 438, 438, 438, 438, 438, 438, 438, 438, 438, 438, 438, 438, 438, 438, 438, 438, 438, 438, 438, 438, 438, 438, 438, 438, 438, 438, 438, 438, 438, 438, 438, 438, 438, 438, 438, 438, 438, 438, 438, 438, 438, 438, 438, 438, 438, 438, 438, 438, 438, 438, 438, 438, 438, 438, 438, 438, 438, 438, 438, 438, 438, 438, 438, 438, 438, 438, 438, 438, 438, 438, 438, 438, 438, 438, 438, 438, 438, 438, 438, 438, 438, 438, 438, 438, 438, 438, 438, 438, 438, 438, 438, 438, 438, 438, 438, 438, 438, 438, 438, 438, 438, 438, 438, 438, 438, 438, 438, 438, 438, 438, 438, 438, 438, 438, 438, 438, 438, 438, 438, 438, 438, 438, 438, 438, 438, 438, 438, 438, 438, 438, 438, 438, 438, 438, 438, 438, 438]

ep449
Train step Loss: [0.11470525711774826, 0.08051871508359909, 0.11946053057909012, 0.10523843765258789, 0.004570582415908575, 0.17541252076625824, 0.08832601457834244, 0.0035318827722221613, 0.003774461103603244, 0.2039562165737152, 0.07810989767313004, 0.048457302153110504, 0.06643025577068329, 0.09821778535842896, 0.15979158878326416, 0.2412712723016739, 0.0050259423442184925, 0.11941969394683838, 0.29986879229545593, 0.3068867027759552, 0.21145358681678772, 0.34707969427108765, 0.11366184055805206, 0.025035466998815536, 0.02182629145681858, 0.13485762476921082, 0.130323126912117, 0.19175580143928528, 0.09366083145141602, 0.14589375257492065, 0.16146741807460785, 0.2748188078403473, 0.21777577698230743, 0.275007963180542, 0.2733524739742279, 0.2542846202850342, 0.003427410963922739, 0.07598289847373962, 0.14914393424987793, 0.4740048348903656, 0.3130689859390259, 0.1769014298915863, 0.38570430874824524, 0.4214879274368286, 0.5694265961647034, 0.09528356045484543, 0.0036381324753165245, 0.24624475836753845, 0.05637015774846077, 0.14184816181659698, 0.05966624245047569, 0.20780645310878754, 0.1446920484304428, 0.2342357486486435, 0.1334163099527359, 0.09675860404968262, 0.12543880939483643, 0.15070554614067078, 0.04215488210320473, 0.07190768420696259, 0.19214066863059998, 0.10998053103685379, 0.6270185708999634]
val step Loss: [0.2454720288515091, 0.16435974836349487, 0.23729901015758514, 0.11168990284204483, 0.25323837995529175, 0.4415169060230255, 0.381102591753006, 0.5727769136428833, 0.6783861517906189, 0.35008662939071655, 0.6803908348083496, 0.47218000888824463, 0.5070583820343018, 0.27058616280555725, 0.37189793586730957, 0.2591008245944977]
Train step Accs: [0.9705882352941176, 0.9786126354298579, 0.9696227339539442, 0.9732733155155436, 1.0, 0.9527918781725888, 0.9753747323340471, 1.0, 1.0, 0.9483077736647276, 0.9775890868596881, 0.988031914893617, 0.9809042403819151, 0.9744004311506332, 0.9589430894308943, 0.935243553008596, 0.9995822308870631, 0.9678259736876385, 0.9202508960573477, 0.9191176470588235, 0.946235189196076, 0.907177700348432, 0.9696713217661165, 0.9936149979622334, 0.995279089141905, 0.964500130514226, 0.9661816222042576, 0.9466405740378343, 0.9781283138918345, 0.9607152914671924, 0.9601007423117709, 0.9314900572051212, 0.9456447886941161, 0.9262723521320495, 0.9263565891472868, 0.9304482225656878, 1.0, 0.9816405093278058, 0.9626991791405118, 0.8754583386015932, 0.9193770041227668, 0.9518306775331469, 0.8959235668789809, 0.8836705202312138, 0.8522759805324935, 0.9772634997969956, 1.0, 0.9427949833631942, 0.9854340071343638, 0.9625016740324093, 0.9864247487273202, 0.9449433240100104, 0.9586698976844372, 0.9393520651005681, 0.965127864496845, 0.9781681953236016, 0.965494706574304, 0.9621155288822205, 0.9887218045112782, 0.9813610749891634, 0.9478002546329042, 0.9723889555822329, 0.8295657346817371]
val step Accs: [0.937287247970673, 0.9594136011945161, 0.9418095357276937, 0.9703067830002815, 0.9351048204032582, 0.8874734607218684, 0.9047746065617498, 0.8545117265138465, 0.8279765777488615, 0.9154100772342773, 0.835941790225151, 0.8878799842084485, 0.8712486602357985, 0.932856120257695, 0.9029046997389034, 0.9370532626239336]
Preds: [17, 188, 324, 324, 422, 143, 143, 14, 14, 209, 287, 145, 145, 111, 111, 85, 85, 146, 146, 438, 438, 335, 14, 14, 14, 287, 145, 145, 145, 486, 265, 428, 85, 85, 85, 207, 207, 207, 19, 19, 454, 454, 454, 454, 414, 56, 56, 170, 170, 312, 187, 187, 187, 187, 1, 1, 1, 1, 1, 408, 408, 391, 391, 391, 228, 73, 73, 321, 321, 287, 287, 287, 287, 284, 284, 284, 284, 284, 426, 284, 450, 450, 450, 450, 450, 293, 293, 98, 169, 349, 349, 349, 234, 234, 234, 234, 261, 25, 25, 106, 346, 426, 426, 480, 85, 85, 85, 299, 330, 330, 388, 388, 116, 309, 398, 398, 398, 398, 464, 464, 464, 330, 330, 139, 139, 315, 319, 319, 450, 450, 450, 450, 413, 413, 43, 43, 43, 276, 276, 174, 174, 174, 284, 284, 284, 355, 355, 355, 355, 426, 426, 450, 450, 293, 293, 43, 43, 43, 276, 276, 346, 346, 346, 428, 428, 85, 146, 285, 285, 285, 285, 285, 285, 337, 337, 324, 324, 422, 422, 31, 162, 232, 232, 172, 172, 115, 115, 267, 267, 267, 267, 213, 3, 3, 3, 14, 188, 188, 464, 120, 120, 120, 271, 271, 271, 31, 162, 232, 232, 232, 232, 172, 172, 115, 115, 273, 273, 273, 273, 84, 84, 84, 84, 355, 355, 355, 452, 452, 452, 263, 48, 48, 414, 414, 170, 170, 170, 170, 170, 244, 28, 2, 2, 2, 2, 2, 63, 63, 2, 63, 63, 63, 63, 63, 63, 63, 63, 63, 63, 244, 63, 244, 73, 320, 249, 441, 441, 441, 441, 441, 153, 153, 424, 497, 497, 497, 122, 122, 216, 198, 127, 371, 114, 180, 443, 443, 486, 486, 460, 240, 240, 285, 285, 285, 285, 300, 134, 134, 134, 88, 42, 42, 42, 147, 147, 380, 380, 288, 288, 288, 213, 213, 213, 246, 246, 246, 246, 246, 246, 246, 246, 19, 19, 19, 454, 454, 454, 414, 414, 170, 170, 170, 170, 170, 28, 28, 28, 28, 2, 2, 244, 2, 63, 244, 63, 63, 63, 63, 63, 63, 63, 63, 63, 63, 63, 366, 63, 63, 63, 163, 244, 63, 63, 316, 63, 73, 73, 244, 73, 321, 7, 7, 7, 7, 7, 7, 398, 398, 374, 374, 374, 374, 374, 378, 378, 378, 43, 43, 276, 276, 276, 346, 346, 346, 284, 284, 284, 405, 405, 405, 206, 206, 206, 206, 206, 206, 98, 167, 197, 197, 226, 321, 75, 287, 287, 287, 287, 284, 284, 284, 284, 284, 284, 284, 426, 426, 426, 426, 426, 426, 426, 450, 450, 282, 413, 388, 94, 94, 94, 199, 467, 337, 337, 337, 207, 207, 207, 464, 464, 464, 468, 467, 467, 467, 467, 313, 200, 375, 76, 76, 465, 349, 393, 155, 155, 155, 441, 441, 148, 148, 153, 153, 153, 182, 182, 182, 182, 182, 182, 132, 88, 88, 88, 182, 497, 497, 497, 43, 399, 70, 70, 70, 65, 65, 46, 46, 46, 46, 146, 146, 146, 464, 464, 464, 324, 324, 464, 464, 286, 468, 406, 406, 406, 359, 324, 464, 464, 464, 355, 355, 355, 355, 263, 263, 17, 83, 83, 403, 403, 403, 438, 438, 438, 438, 438, 438, 438, 438, 438, 438, 438, 438, 438, 438, 438, 438, 438, 438, 438, 438, 438, 438, 438, 438, 438, 438, 438, 438, 438, 438, 438, 438, 438, 438, 438, 438, 438, 438, 438, 438, 438, 438, 438, 438, 438, 438, 438, 438, 438, 438, 438, 438, 438, 438, 438, 438, 438, 438, 438, 438, 438, 438, 438, 438, 438, 438, 438, 438, 438, 438]

ep450
Train step Loss: [0.12192713469266891, 0.11307304352521896, 0.14949588477611542, 0.14827433228492737, 0.0037282819394022226, 0.26576265692710876, 0.04373757168650627, 0.1233251690864563, 0.12783882021903992, 0.21286723017692566, 0.12872987985610962, 0.23330135643482208, 0.06972362101078033, 0.10768161714076996, 0.166781947016716, 0.27371060848236084, 0.15787987411022186, 0.07369716465473175, 0.10687270015478134, 0.1492065042257309, 0.003933530766516924, 0.11538926512002945, 0.23143233358860016, 0.0039244238287210464, 0.3659292459487915, 0.0037242716643959284, 0.10438146442174911, 0.1918654441833496, 0.05102032795548439, 0.1039750874042511, 0.21002499759197235, 0.0772438496351242, 0.23964989185333252, 0.19795484840869904, 0.04037463292479515, 0.17152369022369385, 0.11845561116933823, 0.0067611332051455975, 0.24150504171848297, 0.004243835341185331, 0.0654720887541771, 0.06621936708688736, 0.10700920224189758, 0.08856899291276932, 0.005328415893018246, 0.1302773803472519, 0.01956312358379364, 0.2720073163509369, 0.1090569868683815, 0.05667521804571152, 0.20220817625522614, 0.0034148439299315214, 0.3688652515411377, 0.03900352865457535, 0.09552881866693497, 0.18420958518981934, 0.003249230096116662, 0.05196434259414673, 0.12825889885425568, 0.17276285588741302, 0.25740179419517517, 0.13609808683395386, 0.003738950239494443]
val step Loss: [0.37730059027671814, 0.07046303153038025, 0.5963485836982727, 0.17641732096672058, 0.21724465489387512, 0.41075730323791504, 0.18661092221736908, 0.3798201382160187, 0.29079413414001465, 0.35666021704673767, 0.22780169546604156, 0.4267193377017975, 0.5155404210090637, 0.381624311208725, 0.2997896373271942, 0.7335036993026733]
Train step Accs: [0.9663520722199426, 0.9726685894794671, 0.9633479941356791, 0.9635164835164836, 1.0, 0.9313942872049041, 0.9892514892514892, 0.965981671757845, 0.9671797850711589, 0.9404111371324486, 0.9641786570743405, 0.9382682327232996, 0.9825503355704698, 0.9706199460916443, 0.9570146433632499, 0.9255345599204375, 0.9578470410545105, 0.9807668290246034, 0.9701492537313433, 0.9620793174277137, 1.0, 0.9713375796178344, 0.9329010431350437, 1.0, 0.9052648951972273, 1.0, 0.9719905390265157, 0.9464192368008364, 0.9858353190362722, 0.973130508956497, 0.9460876076375889, 0.9818926777689664, 0.9364241738911924, 0.9465426270480423, 0.9908490849084909, 0.9580637132901941, 0.9682095625635809, 0.9990509761388287, 0.9349146658952849, 0.9997376361012724, 0.983347788378144, 0.9819912528942629, 0.9701754385964912, 0.9775796512390192, 0.9997073027952583, 0.968146599434264, 0.9954020131726109, 0.9287025271777496, 0.9706903736630087, 0.9857646022894042, 0.9479251423921887, 1.0, 0.9056916794282798, 0.9902137522534123, 0.9752124645892352, 0.9574987159732923, 1.0, 0.9875685068841064, 0.9652936231535967, 0.952614590058102, 0.9341692789968652, 0.9634146341463414, 1.0]
val step Accs: [0.9026965330289628, 0.9829705505761844, 0.853393930508723, 0.9560125678377607, 0.9458889669711876, 0.8946121965660154, 0.952193475815523, 0.904170363797693, 0.9278730158730158, 0.9101664066562662, 0.9503359626059013, 0.8971562672556599, 0.8708932238193019, 0.9084402764067128, 0.9271079590228526, 0.8205623524361451]
Preds: [17, 17, 17, 309, 309, 309, 473, 398, 324, 324, 434, 301, 339, 8, 8, 259, 354, 354, 420, 213, 213, 213, 324, 19, 19, 19, 454, 454, 454, 439, 78, 170, 170, 170, 170, 392, 237, 237, 237, 237, 237, 237, 237, 28, 244, 244, 244, 28, 63, 392, 63, 63, 63, 63, 63, 63, 63, 63, 63, 63, 63, 63, 63, 63, 63, 63, 63, 63, 63, 63, 63, 63, 63, 63, 63, 63, 63, 63, 63, 392, 244, 289, 289, 289, 287, 287, 287, 284, 284, 284, 284, 111, 85, 240, 240, 240, 314, 314, 243, 197, 414, 414, 414, 414, 47, 392, 392, 244, 80, 102, 321, 102, 102, 102, 102, 320, 320, 479, 331, 331, 307, 307, 61, 61, 167, 167, 457, 35, 401, 7, 196, 479, 473, 65, 429, 360, 171, 171, 171, 171, 171, 246, 3, 19, 3, 3, 197, 226, 320, 188, 188, 188, 340, 203, 399, 70, 70, 70, 138, 65, 174, 319, 319, 240, 251, 251, 241, 431, 443, 486, 486, 264, 264, 468, 468, 443, 443, 240, 271, 150, 150, 35, 342, 68, 68, 224, 26, 26, 494, 444, 448, 324, 324, 324, 464, 464, 464, 464, 459, 50, 271, 143, 458, 96, 96, 66, 68, 68, 68, 261, 25, 25, 106, 499, 284, 284, 306, 306, 306, 85, 59, 59, 452, 452, 48, 414, 170, 82, 170, 392, 392, 392, 392, 392, 392, 392, 392, 392, 392, 73, 289, 320, 320, 345, 345, 345, 132, 122, 236, 32, 32, 239, 259, 75, 371, 180, 180, 319, 319, 319, 319, 240, 388, 64, 64, 199, 374, 132, 132, 132, 132, 132, 359, 325, 34, 444, 324, 324, 324, 246, 246, 246, 246, 246, 246, 3, 3, 14, 14, 440, 440, 287, 284, 284, 265, 306, 85, 85, 59, 59, 59, 59, 59, 406, 42, 42, 147, 147, 147, 337, 41, 324, 324, 324, 301, 301, 8, 32, 32, 259, 259, 354, 354, 284, 284, 265, 376, 460, 17, 83, 403, 403, 443, 438, 438, 438, 438, 438, 438, 438, 438, 438, 438, 443, 443, 443, 443, 443, 443, 443, 443, 443, 443, 443, 443, 443, 443, 443, 443, 443, 443, 443, 443, 443, 443, 443, 443, 443, 443, 443, 443, 443, 443, 443, 443, 443, 443, 443, 443, 443, 443, 443, 443, 443, 443, 443, 443, 443, 443, 443, 443, 443, 443, 443, 443, 443, 443, 443, 443, 443, 443, 443, 443, 443, 443, 443, 443, 443, 443, 443, 443, 443, 443, 443, 443, 443, 443, 443, 443, 443, 443, 443, 443, 443, 443, 443, 443, 443, 443, 443, 443, 443, 443, 443, 443, 443, 443, 443, 443, 443, 443, 443, 443, 443, 443, 443, 443, 443, 443, 443, 443, 443, 443, 443, 443, 443, 443, 443, 443, 443, 443, 443, 443, 443, 443, 443, 443, 443, 443, 443, 443, 443, 443, 443, 443, 443, 443, 443, 443, 443, 443, 443, 443, 443, 443, 443, 443, 443, 443, 443, 443, 443, 443, 443, 443, 443, 443, 443, 443, 443, 443, 443, 443, 443, 443, 443, 443, 443, 443, 443, 443, 443, 443, 443, 443, 443, 443, 443, 443, 443, 443, 443, 443, 443, 443, 443, 443, 443, 443, 443, 443, 443, 443, 443, 443, 443, 443, 443, 443, 443, 443, 443, 443, 443, 443, 443, 443, 443, 443, 443, 443, 443, 443, 443, 443, 443, 443, 443, 443, 443, 443, 443, 443, 443, 443, 443, 443, 443, 443, 443, 443, 443, 443, 443, 443, 443, 443, 443, 443, 443, 443, 443, 443, 443, 443, 443, 443, 443, 443, 443, 443, 443, 443, 443, 443, 443, 443, 443, 443, 443]

ep451
Train step Loss: [0.11714059859514236, 0.060606010258197784, 0.012055245228111744, 0.03707685321569443, 0.004168028011918068, 0.24585743248462677, 0.12638336420059204, 0.07713862508535385, 0.13260510563850403, 0.15702596306800842, 0.20961782336235046, 0.06552682816982269, 0.136461079120636, 0.19490660727024078, 0.13824450969696045, 0.12038633972406387, 0.34681180119514465, 0.29843005537986755, 0.20600730180740356, 0.40638870000839233, 0.18849608302116394, 0.003208089154213667, 0.23725120723247528, 0.14722202718257904, 0.03191164880990982, 0.0033391225151717663, 0.22478070855140686, 0.1775987297296524, 0.11515635997056961, 0.003160563064739108, 0.26759591698646545, 0.22773480415344238, 0.12524548172950745, 0.1507527381181717, 0.059383824467659, 0.1785539984703064, 0.003591724904254079, 0.16975092887878418, 0.2615818381309509, 0.1775345653295517, 0.21299585700035095, 0.0785621628165245, 0.051581092178821564, 0.06711757928133011, 0.03863004595041275, 0.23390495777130127, 0.10262427479028702, 0.12767474353313446, 0.10717426240444183, 0.32462558150291443, 0.0789240375161171, 0.08388534933328629, 0.14735835790634155, 0.30735069513320923, 0.11111196875572205, 0.17845101654529572, 0.15985018014907837, 0.004070980474352837, 0.30911651253700256, 0.07944710552692413, 0.2607252895832062, 0.08365822583436966, 0.10309011489152908]
val step Loss: [0.45315828919410706, 0.3956512212753296, 0.5663471221923828, 0.17642198503017426, 0.3874528408050537, 0.5022919178009033, 0.6194549202919006, 0.10950169712305069, 0.6419990062713623, 0.5708346366882324, 0.14216946065425873, 0.29202863574028015, 0.6975547671318054, 0.07229345291852951, 0.5511493682861328, 0.015097624622285366]
Train step Accs: [0.9678172852322865, 0.98567154778775, 0.9977251438511976, 0.990789146128952, 0.9998653923812088, 0.9354385964912281, 0.9651162790697675, 0.982217448382862, 0.9665730337078652, 0.9592936246632745, 0.9445378151260504, 0.9831202046035805, 0.9653329481438683, 0.9495895146190407, 0.9632262474367738, 0.9702263405742063, 0.9051562917445899, 0.9223737217229625, 0.9437178545187362, 0.8863822805578343, 0.9521871820956256, 1.0, 0.9381633594831564, 0.9621465491030708, 0.9916402421447102, 1.0, 0.9394383069346466, 0.9515926761976423, 0.9669867947178872, 1.0, 0.9301801801801802, 0.9379672131147541, 0.9660225651666451, 0.9603920515574651, 0.9848954298993029, 0.9492968649206553, 1.0, 0.9516129032258065, 0.9331325301204819, 0.9546783625730995, 0.9459317585301837, 0.9806364084854464, 0.9870667356440765, 0.983683278522641, 0.9899337748344371, 0.9418872266973533, 0.9721485411140584, 0.9659023405013663, 0.9716725978647687, 0.9112170753860127, 0.9802201308023608, 0.9766361921346685, 0.9603518079017171, 0.9209408194233687, 0.9710876548875631, 0.9522383997822833, 0.9559290629962943, 0.9997510889856877, 0.9193651606297197, 0.9793055555555555, 0.9293864097363083, 0.9796448679081854, 0.9739583333333334]
val step Accs: [0.8900447912151424, 0.904066985645933, 0.8619418271200328, 0.9563878912262699, 0.9004671684401765, 0.8737091988130564, 0.8411228908466477, 0.975398378529494, 0.8305137358373429, 0.8557536466774717, 0.9656618610747051, 0.9211588353992505, 0.8235675395385015, 0.9843393148450245, 0.8714093631585381, 0.9975652943780434]
Preds: [17, 17, 296, 217, 479, 331, 360, 360, 360, 360, 143, 465, 458, 458, 458, 192, 445, 351, 351, 351, 432, 432, 330, 330, 330, 434, 434, 434, 200, 219, 219, 219, 19, 19, 19, 19, 19, 19, 454, 454, 102, 102, 102, 102, 102, 102, 170, 82, 170, 102, 392, 392, 392, 63, 63, 63, 63, 63, 63, 63, 63, 63, 73, 244, 289, 320, 321, 7, 7, 309, 479, 479, 398, 324, 177, 143, 143, 129, 401, 196, 196, 70, 65, 46, 46, 46, 46, 85, 438, 285, 251, 359, 34, 191, 191, 191, 301, 314, 10, 251, 251, 251, 251, 241, 331, 106, 106, 153, 153, 153, 182, 182, 182, 182, 182, 497, 122, 143, 129, 259, 208, 345, 100, 100, 122, 122, 236, 36, 36, 449, 224, 377, 87, 490, 236, 236, 129, 401, 401, 75, 377, 377, 377, 106, 106, 481, 206, 206, 206, 35, 35, 35, 401, 401, 354, 7, 354, 345, 109, 278, 278, 207, 207, 207, 207, 207, 207, 207, 207, 207, 207, 19, 454, 454, 414, 78, 170, 170, 392, 392, 392, 392, 392, 392, 392, 63, 63, 63, 63, 63, 63, 63, 392, 392, 289, 289, 289, 287, 287, 287, 284, 284, 284, 284, 450, 450, 215, 175, 276, 109, 153, 153, 182, 387, 122, 122, 406, 146, 207, 207, 207, 207, 246, 246, 19, 454, 143, 99, 338, 338, 338, 338, 338, 338, 338, 400, 400, 400, 324, 464, 464, 464, 464, 464, 318, 318, 99, 338, 338, 338, 338, 338, 338, 400, 400, 400, 286, 286, 464, 313, 116, 10, 10, 398, 398, 331, 331, 331, 153, 481, 284, 284, 284, 426, 426, 375, 375, 375, 98, 413, 413, 303, 303, 243, 32, 75, 478, 107, 107, 107, 395, 213, 180, 264, 264, 264, 468, 139, 139, 139, 293, 43, 375, 375, 375, 98, 98, 233, 170, 270, 287, 441, 287, 100, 481, 98, 98, 98, 13, 13, 170, 170, 170, 170, 392, 392, 63, 63, 63, 63, 63, 63, 63, 63, 63, 63, 63, 63, 63, 63, 63, 63, 63, 63, 63, 63, 63, 63, 63, 63, 63, 63, 73, 289, 289, 320, 287, 287, 287, 284, 284, 284, 284, 111, 111, 240, 94, 64, 64, 251, 241, 331, 331, 398, 331, 114, 324, 301, 301, 301, 301, 246, 246, 246, 246, 246, 246, 246, 246, 99, 99, 338, 338, 338, 338, 338, 338, 400, 400, 219, 464, 374, 374, 132, 132, 132, 132, 88, 88, 375, 375, 387, 43, 122, 122, 129, 401, 401, 196, 354, 354, 445, 106, 213, 213, 213, 213, 3, 143, 129, 401, 75, 196, 401, 25, 106, 213, 374, 34, 324, 41, 19, 19, 19, 19, 454, 32, 401, 401, 354, 384, 180, 213, 464, 264, 240, 171, 252, 416, 458, 208, 445, 445, 171, 464, 464, 178, 240, 314, 314, 239, 401, 354, 354, 114, 106, 213, 213, 213, 246, 246, 246, 48, 170, 170, 197, 170, 170, 170, 170, 392, 392, 392, 392, 392, 392, 392, 392, 392, 289, 320, 7, 7, 114, 213, 213, 213, 246, 246, 246, 246, 246, 454, 414, 414, 226, 80, 80, 32, 32, 32, 32, 354, 107, 107, 180, 374, 374, 264, 264, 240, 120, 240, 251, 35, 35, 32, 354, 354, 354, 473, 473, 473, 213, 324, 324, 143, 3, 143, 239, 371, 107, 107, 107, 395, 395, 213, 213, 213, 454, 454, 454, 170, 170, 414, 264, 264, 264, 264, 264, 264, 264, 264, 264, 264, 403, 403, 403, 403, 403, 403, 403, 403, 403, 403, 403, 403, 403, 403, 403, 403, 403, 403, 403, 403, 403, 403, 403, 403, 403]

ep452
Train step Loss: [0.23048965632915497, 0.265433669090271, 0.31142428517341614, 0.16401323676109314, 0.12908606231212616, 0.3565283715724945, 0.2843453586101532, 0.09859098494052887, 0.16793803870677948, 0.18533068895339966, 0.2562193274497986, 0.4418160319328308, 0.1708688735961914, 0.16239483654499054, 0.027445845305919647, 0.29517504572868347, 0.3002300262451172, 0.12134453654289246, 0.08978825062513351, 0.080789715051651, 0.0755562111735344, 0.0038051113951951265, 0.04871997982263565, 0.06174825131893158, 0.02541089802980423, 0.09886452555656433, 0.17431902885437012, 0.19285351037979126, 0.119524285197258, 0.003464540233835578, 0.0036134999245405197, 0.2319699078798294, 0.08437730371952057, 0.013974481262266636, 0.02122986689209938, 0.0029871035367250443, 0.04946432262659073, 0.2071722447872162, 0.3677087128162384, 0.2209170162677765, 0.11019816994667053, 0.12317419797182083, 0.23091162741184235, 0.0030989341903477907, 0.14570459723472595, 0.10718025267124176, 0.12053769826889038, 0.1953403502702713, 0.0029063012916594744, 0.10724852234125137, 0.38142648339271545, 0.003961659036576748, 0.0376054123044014, 0.1026327833533287, 0.0045203035697340965, 0.11343317478895187, 0.12762612104415894, 0.1994723677635193, 0.007720423396676779, 0.10802942514419556, 0.08465269953012466, 0.08398653566837311, 0.08180377632379532]
val step Loss: [0.22308103740215302, 0.7925765514373779, 0.3574446141719818, 0.4181695878505707, 0.30512532591819763, 0.22219426929950714, 0.35059723258018494, 0.4818483293056488, 0.23624464869499207, 0.41600745916366577, 0.24739642441272736, 0.757903516292572, 0.0058210561983287334, 0.4225827157497406, 0.5414668321609497, 0.17238271236419678]
Train step Accs: [0.9383572199106179, 0.9306025303770512, 0.9175118323191346, 0.958674975401771, 0.9672177080414682, 0.9049414824447334, 0.9223185651502553, 0.9738409738409738, 0.9559484132734386, 0.9497944437523359, 0.9520733173076923, 0.8761026991441738, 0.9552620366425224, 0.9627765064836004, 0.9928800781795337, 0.9217651653215309, 0.9172652301143921, 0.9662359316381826, 0.9763937719738824, 0.9771708112515287, 0.9800233493319497, 1.0, 0.9890534449452673, 0.9840577905094035, 0.9944869064027064, 0.9733222175906627, 0.9498197948433601, 0.9500265111346765, 0.9675024513237148, 1.0, 1.0, 0.9385694249649369, 0.9803616333373248, 0.9967733929014644, 0.9954500737825873, 1.0, 0.9883668227828977, 0.9471067532108824, 0.9017116182572614, 0.9406757116254323, 0.9708779443254818, 0.9670119956379498, 0.9403861205322201, 1.0, 0.9617383771296564, 0.9707732149463559, 0.9674841554147148, 0.94921875, 1.0, 0.9723038187159043, 0.9084284339337275, 1.0, 0.9898852657004831, 0.9733760802899358, 0.9997301308865201, 0.9700083310191614, 0.9653753370228466, 0.9479041114235972, 0.9982311320754716, 0.9711012757094507, 0.9788659793814433, 0.9780821917808219, 0.9820466786355476]
val step Accs: [0.9500855675984028, 0.801545396007727, 0.9084824477530392, 0.9063907657657657, 0.9224825217711272, 0.9423761292088694, 0.9099311040161318, 0.8864468864468864, 0.9386351128233351, 0.8994584085543674, 0.93713163064833, 0.8073446327683615, 0.9997513365659579, 0.8909622615234647, 0.8611901857123492, 0.9602356406480118]
Preds: [17, 17, 30, 324, 422, 143, 164, 164, 164, 14, 287, 287, 145, 111, 111, 111, 330, 438, 438, 335, 14, 14, 14, 411, 287, 145, 145, 486, 486, 428, 85, 85, 299, 207, 207, 19, 19, 454, 454, 454, 56, 56, 56, 170, 312, 312, 187, 187, 187, 1, 1, 1, 1, 408, 408, 391, 391, 228, 228, 321, 321, 320, 287, 287, 287, 287, 284, 284, 284, 284, 284, 284, 426, 426, 426, 450, 293, 293, 293, 122, 349, 349, 349, 234, 234, 234, 261, 25, 25, 106, 346, 346, 426, 480, 480, 85, 85, 299, 388, 388, 116, 10, 398, 398, 398, 398, 464, 464, 464, 139, 315, 315, 315, 315, 426, 450, 450, 450, 450, 413, 413, 250, 250, 43, 276, 346, 346, 284, 284, 284, 284, 426, 426, 426, 426, 426, 426, 413, 413, 413, 43, 43, 276, 276, 346, 346, 499, 428, 428, 146, 240, 240, 285, 285, 406, 337, 337, 324, 324, 422, 368, 31, 162, 232, 232, 172, 115, 115, 267, 267, 267, 267, 324, 3, 3, 3, 188, 188, 464, 464, 120, 120, 271, 271, 31, 162, 232, 232, 232, 232, 172, 172, 115, 273, 273, 273, 273, 151, 84, 84, 84, 355, 355, 355, 452, 452, 452, 263, 263, 414, 414, 170, 170, 170, 170, 28, 28, 244, 2, 2, 2, 2, 2, 2, 2, 63, 63, 63, 63, 63, 63, 63, 63, 63, 244, 321, 249, 249, 249, 249, 320, 7, 7, 345, 153, 497, 497, 497, 122, 122, 216, 58, 58, 110, 110, 110, 443, 443, 486, 460, 240, 240, 285, 285, 285, 300, 134, 134, 88, 88, 88, 42, 42, 42, 147, 380, 288, 288, 213, 213, 213, 246, 246, 246, 246, 246, 246, 246, 19, 19, 19, 454, 454, 454, 454, 414, 170, 170, 170, 170, 28, 40, 40, 40, 40, 2, 40, 40, 63, 63, 63, 63, 2, 63, 63, 2, 63, 244, 63, 63, 63, 63, 63, 63, 63, 63, 63, 63, 244, 73, 73, 321, 102, 102, 320, 7, 7, 7, 152, 152, 152, 152, 374, 374, 378, 378, 43, 43, 43, 276, 276, 346, 346, 346, 284, 284, 284, 284, 284, 405, 405, 206, 206, 206, 206, 206, 167, 35, 35, 259, 259, 74, 437, 437, 437, 284, 284, 284, 284, 284, 284, 426, 426, 426, 426, 426, 426, 426, 206, 282, 282, 388, 388, 348, 94, 199, 467, 337, 337, 264, 207, 207, 464, 464, 468, 468, 467, 467, 467, 467, 245, 245, 497, 349, 349, 349, 155, 155, 155, 155, 441, 148, 148, 148, 153, 153, 182, 182, 182, 182, 182, 182, 182, 182, 182, 497, 497, 497, 43, 43, 276, 70, 70, 65, 46, 46, 46, 428, 146, 146, 146, 146, 219, 219, 464, 464, 286, 374, 374, 374, 132, 337, 324, 324, 464, 464, 355, 355, 355, 355, 263, 263, 17, 83, 83, 403, 403, 55, 55, 55, 55, 55, 55, 55, 55, 443, 443, 443, 443, 443, 443, 443, 443, 443, 443, 443, 443, 443, 443, 443, 443, 443, 443, 443, 443, 443, 443, 443, 443, 443, 443, 443, 443, 443, 443, 443, 443, 443, 443, 443, 443, 443, 443, 443, 443, 443, 443, 443, 443, 443, 443, 443, 443, 443, 443, 443, 443, 443, 443, 443, 443, 443, 443, 443, 443, 443, 443, 443, 443, 443, 443, 443, 443, 443, 443, 443, 443, 443, 443, 443, 443, 443, 443, 443, 443, 443, 443, 443, 443, 443, 443, 443, 443, 443, 443, 443, 443, 443, 443, 443, 443, 443, 443, 443, 443, 443, 443, 443, 443, 443, 443, 443, 443, 443, 443, 443, 443, 443, 443, 443]

ep453
Train step Loss: [0.00591669138520956, 0.2693151533603668, 0.27586492896080017, 0.07518009096384048, 0.20563334226608276, 0.053348954766988754, 0.2682068347930908, 0.05902983620762825, 0.05235374718904495, 0.003270697081461549, 0.0030919574201107025, 0.07383675873279572, 0.004371242132037878, 0.0028368595521897078, 0.20249174535274506, 0.10465386509895325, 0.1372034102678299, 0.15673968195915222, 0.09580407291650772, 0.1382698267698288, 0.03846742957830429, 0.1820359081029892, 0.16072945296764374, 0.039389949291944504, 0.017991725355386734, 0.156992569565773, 0.19301334023475647, 0.0027804209385067225, 0.13540849089622498, 0.15462540090084076, 0.18522031605243683, 0.33931171894073486, 0.4003489017486572, 0.10971836000680923, 0.05286287143826485, 0.027702396735548973, 0.22526997327804565, 0.06500296294689178, 0.09805838018655777, 0.07053805887699127, 0.0027809920720756054, 0.2188417613506317, 0.09811998158693314, 0.1496403068304062, 0.11592409014701843, 0.20104479789733887, 0.22256432473659515, 0.10793112963438034, 0.20194704830646515, 0.0030968408100306988, 0.09717671573162079, 0.13103888928890228, 0.18993182480335236, 0.007029599975794554, 0.003915527835488319, 0.09940396994352341, 0.22199253737926483, 0.10769020020961761, 0.27002549171447754, 0.021187610924243927, 0.04980984330177307, 0.2511754631996155, 0.11468247324228287]
val step Loss: [0.4141612648963928, 0.19175486266613007, 0.5745875835418701, 0.37389642000198364, 0.5211836695671082, 0.4515405595302582, 0.567110002040863, 0.3231923580169678, 0.1353832185268402, 0.19962860643863678, 0.3419749140739441, 0.0073390984907746315, 0.36014246940612793, 0.33823880553245544, 0.4072910249233246, 0.546080470085144]
Train step Accs: [0.9992804029743344, 0.9312298776561494, 0.9247693399574166, 0.9801894918173988, 0.9487551047292847, 0.9840330350997936, 0.9282201249501528, 0.9838512688288777, 0.9863431643178846, 1.0, 1.0, 0.9812396818250038, 0.9998465787051243, 1.0, 0.9444302829467245, 0.9707234454391483, 0.9640083816097621, 0.9604980018444512, 0.9739464521551207, 0.9627372212217759, 0.990673847366347, 0.9527345591702028, 0.9556986985671092, 0.9889204970804013, 0.9961609907120743, 0.957471412051908, 0.9521949905736601, 1.0, 0.9634046052631579, 0.9568356143781019, 0.9510146051441127, 0.9139968487394958, 0.897284216187147, 0.9714917990106743, 0.9871710956931535, 0.9930496453900709, 0.9369852757674071, 0.9839768846861046, 0.9745337620578778, 0.9829328235936646, 1.0, 0.9596390072699925, 0.9723561100085059, 0.9619073718827076, 0.9664662658650635, 0.9467525637654484, 0.9385786802030457, 0.9748286768581972, 0.9488478509560385, 1.0, 0.9755061588560102, 0.9673131696731317, 0.9490202325951888, 0.9987223168654173, 0.999858537275428, 0.972463768115942, 0.941509701175471, 0.9734539089848308, 0.9289047151277013, 0.9958612815755673, 0.9864168618266979, 0.9340809628008753, 0.9700319331859494]
val step Accs: [0.9017223910840932, 0.9513970110461338, 0.8570816676185037, 0.9129567277715426, 0.8744233726294208, 0.8841064028873146, 0.8619416758951642, 0.9164253750987101, 0.965592651990086, 0.9524733268671193, 0.915886563876652, 0.9992353570882397, 0.9068221890682219, 0.9130434782608695, 0.9000126246686024, 0.8601660862577016]
Preds: [17, 17, 287, 287, 284, 284, 319, 450, 450, 450, 169, 169, 76, 76, 349, 234, 234, 234, 234, 234, 234, 261, 25, 106, 25, 106, 284, 428, 428, 330, 388, 388, 10, 10, 10, 309, 479, 398, 398, 324, 324, 422, 186, 162, 162, 232, 232, 172, 172, 115, 273, 267, 267, 267, 324, 324, 3, 3, 14, 14, 411, 188, 188, 171, 443, 443, 271, 178, 143, 96, 54, 232, 232, 86, 238, 6, 336, 336, 440, 145, 145, 145, 486, 486, 460, 468, 406, 406, 406, 42, 132, 32, 32, 32, 32, 239, 82, 310, 107, 107, 107, 395, 395, 286, 286, 264, 264, 264, 120, 120, 120, 120, 120, 207, 178, 178, 143, 233, 233, 170, 170, 170, 312, 312, 170, 170, 82, 170, 170, 187, 187, 187, 244, 2, 2, 2, 2, 244, 392, 316, 316, 392, 244, 73, 73, 73, 244, 287, 287, 100, 293, 293, 43, 43, 8, 129, 144, 208, 27, 346, 106, 174, 426, 319, 348, 348, 348, 199, 199, 250, 250, 98, 197, 129, 401, 7, 7, 217, 473, 109, 109, 313, 313, 406, 285, 337, 337, 337, 324, 340, 116, 94, 94, 199, 398, 340, 340, 116, 94, 94, 479, 331, 331, 138, 138, 138, 138, 138, 182, 497, 497, 43, 416, 32, 239, 208, 208, 27, 441, 346, 426, 426, 319, 348, 348, 94, 250, 250, 303, 375, 98, 98, 98, 13, 414, 414, 170, 170, 170, 170, 170, 28, 2, 2, 244, 2, 2, 2, 2, 2, 244, 244, 73, 73, 73, 73, 244, 320, 7, 70, 473, 106, 284, 405, 206, 206, 240, 385, 35, 82, 77, 270, 323, 323, 142, 397, 106, 153, 153, 153, 153, 387, 169, 349, 349, 349, 234, 234, 234, 261, 25, 25, 100, 100, 100, 302, 497, 497, 98, 98, 98, 197, 226, 226, 226, 226, 226, 442, 209, 287, 287, 284, 284, 284, 480, 480, 480, 480, 480, 480, 480, 480, 480, 282, 282, 282, 388, 388, 388, 388, 195, 195, 195, 250, 250, 250, 250, 250, 109, 109, 109, 403, 403, 403, 207, 207, 207, 252, 416, 32, 32, 239, 75, 131, 180, 106, 153, 153, 387, 349, 349, 349, 349, 234, 261, 261, 25, 148, 148, 148, 148, 153, 182, 182, 182, 182, 406, 132, 42, 42, 495, 134, 132, 132, 98, 98, 98, 98, 13, 13, 78, 78, 170, 170, 170, 170, 312, 187, 187, 187, 187, 391, 391, 392, 392, 73, 73, 73, 244, 310, 310, 323, 323, 323, 323, 273, 106, 106, 153, 153, 153, 182, 182, 182, 182, 182, 182, 182, 182, 182, 182, 182, 345, 122, 122, 236, 129, 129, 82, 75, 310, 310, 323, 323, 273, 106, 106, 106, 100, 375, 98, 98, 98, 98, 17, 83, 83, 55, 55, 55, 55, 55, 55, 438, 438, 438, 438, 438, 438, 438, 438, 438, 438, 438, 438, 438, 438, 438, 438, 438, 438, 438, 438, 438, 438, 438, 438, 438, 438, 438, 438, 438, 438, 438, 438, 438, 438, 438, 438, 438, 438, 438, 438, 438, 438, 438, 438, 438, 438, 438, 438, 438, 438, 438, 438, 438, 438, 438, 438, 438, 438, 438, 438, 438, 438, 438, 438, 438, 438, 438, 438, 438, 438, 438, 438, 438, 438, 438, 438, 438, 438, 438, 438, 438, 438, 438, 438, 438, 438, 438, 438, 438, 438, 438, 438, 438, 438, 438, 438, 438, 438, 438, 438, 438, 438, 438, 438, 438, 438, 438, 438, 438, 438, 438, 438, 438, 438, 438, 438, 438, 438, 438, 438, 438, 438, 438, 438, 438, 438, 438, 438, 438, 438, 438, 438, 438, 438, 438, 438, 438]

ep454
Train step Loss: [0.16621483862400055, 0.14120230078697205, 0.0030968361534178257, 0.24116764962673187, 0.1915641576051712, 0.04746723920106888, 0.1980784684419632, 0.11847599595785141, 0.2518702447414398, 0.26680129766464233, 0.21922877430915833, 0.4604671597480774, 0.002795072505250573, 0.08915276825428009, 0.2865830361843109, 0.0025879056192934513, 0.428143709897995, 0.3084897994995117, 0.11563006788492203, 0.2631487250328064, 0.09992178529500961, 0.12575094401836395, 0.1254783570766449, 0.30414876341819763, 0.08929285407066345, 0.13061358034610748, 0.15015216171741486, 0.21910594403743744, 0.17356546223163605, 0.0810941830277443, 0.5227998495101929, 0.10410930216312408, 0.1210203543305397, 0.14485207200050354, 0.24538318812847137, 0.0994601622223854, 0.1136903390288353, 0.10808969289064407, 0.16387443244457245, 0.0029267531353980303, 0.08946999162435532, 0.12278030067682266, 0.1506141871213913, 0.21653267741203308, 0.1327810138463974, 0.10250667482614517, 0.030180152505636215, 0.003557756543159485, 0.3098846971988678, 0.0026169430930167437, 0.03886424005031586, 0.0029567864257842302, 0.3488815724849701, 0.13968466222286224, 0.1569576859474182, 0.08466280996799469, 0.42322614789009094, 0.2144067883491516, 0.05123216286301613, 0.12963934242725372, 0.013201938942074776, 0.1813632994890213, 0.152499720454216]
val step Loss: [0.2927224338054657, 0.3586890995502472, 0.18397405743598938, 0.3052360713481903, 0.8663122653961182, 0.4665988087654114, 0.3862729072570801, 0.30741485953330994, 0.6293846964836121, 0.4769347608089447, 0.23343385756015778, 0.006212953478097916, 0.5042086839675903, 0.40647459030151367, 0.09333807229995728, 0.038202229887247086]
Train step Accs: [0.9549992320688067, 0.9633234588799549, 1.0, 0.9327453142227122, 0.9505813953488372, 0.9885807504078303, 0.9475893652207098, 0.9731454005934718, 0.9351218176840953, 0.9270949374922639, 0.938794580283445, 0.8758216633323807, 1.0, 0.9762167463528258, 0.9207602730558159, 1.0, 0.8941162019407936, 0.918348130212537, 0.9697744360902255, 0.9352536324241651, 0.9708658186294624, 0.9642902367987843, 0.9672308733920109, 0.9166781625051731, 0.9751936108422071, 0.9680313368713672, 0.9614921780986763, 0.937814668662403, 0.9550974301044902, 0.9802631578947368, 0.8559493329739927, 0.9771612722432395, 0.9660779366414354, 0.9623205741626795, 0.9336569579288025, 0.9731936317866376, 0.9715832205683356, 0.9716644080325243, 0.9590254706533776, 1.0, 0.9758551307847082, 0.9669308554249795, 0.9593580119078436, 0.942652329749104, 0.9675400860383262, 0.9732834279814145, 0.9927245358755645, 1.0, 0.9303716360529688, 1.0, 0.989114445425125, 1.0, 0.9071774682010902, 0.964440694310511, 0.9570458639323819, 0.9778058716111814, 0.888468809073724, 0.9432428509217593, 0.986449864498645, 0.9658511055868114, 0.9970787412030275, 0.951002792586951, 0.9604815493326354]
val step Accs: [0.9256765854315336, 0.9062173848218279, 0.9538724373576309, 0.9213275155361629, 0.7789351851851852, 0.8847789663616445, 0.9078539673986259, 0.9259781911481719, 0.8406379841844257, 0.8787654320987655, 0.9455744914788345, 0.9992203336971776, 0.8777969018932874, 0.8981528989225244, 0.9771292268836818, 0.990468121160771]
Preds: [17, 17, 17, 251, 251, 241, 331, 443, 443, 432, 330, 330, 330, 360, 200, 434, 434, 324, 324, 324, 324, 324, 301, 301, 303, 303, 303, 309, 479, 479, 331, 331, 106, 284, 284, 284, 284, 426, 426, 426, 375, 98, 98, 98, 263, 13, 13, 82, 82, 170, 170, 392, 392, 392, 63, 63, 63, 63, 63, 63, 63, 63, 63, 63, 63, 63, 63, 63, 73, 244, 289, 289, 20, 320, 241, 431, 486, 486, 460, 460, 169, 150, 35, 77, 164, 224, 494, 494, 422, 186, 99, 99, 338, 338, 338, 338, 400, 400, 400, 444, 213, 324, 246, 246, 246, 246, 422, 99, 99, 338, 338, 338, 400, 400, 400, 485, 374, 374, 374, 132, 132, 345, 132, 132, 497, 122, 122, 129, 401, 401, 401, 82, 259, 354, 74, 420, 420, 324, 324, 301, 301, 239, 196, 309, 217, 473, 398, 398, 324, 324, 252, 252, 143, 36, 36, 310, 107, 107, 107, 395, 41, 41, 19, 19, 454, 454, 454, 237, 237, 237, 237, 237, 237, 237, 237, 170, 20, 170, 392, 392, 392, 392, 392, 392, 392, 392, 392, 392, 392, 73, 73, 289, 321, 209, 287, 287, 145, 486, 460, 460, 167, 215, 35, 401, 320, 196, 473, 473, 429, 324, 324, 324, 143, 143, 129, 401, 401, 82, 445, 445, 445, 445, 485, 485, 374, 374, 132, 132, 132, 122, 196, 10, 64, 473, 398, 324, 301, 301, 129, 129, 259, 196, 196, 70, 65, 46, 46, 46, 85, 146, 146, 146, 324, 324, 422, 99, 99, 338, 338, 338, 400, 400, 400, 485, 374, 374, 374, 132, 88, 182, 182, 182, 182, 497, 497, 43, 122, 122, 197, 259, 188, 188, 324, 301, 301, 8, 217, 70, 70, 276, 138, 174, 174, 319, 348, 94, 251, 251, 241, 431, 486, 486, 486, 85, 264, 468, 468, 468, 467, 467, 499, 486, 460, 167, 167, 169, 150, 342, 68, 68, 68, 68, 68, 336, 115, 267, 444, 444, 213, 213, 246, 246, 3, 14, 188, 188, 188, 171, 171, 171, 37, 385, 233, 36, 270, 433, 68, 68, 68, 97, 336, 321, 209, 287, 287, 284, 284, 284, 306, 306, 59, 59, 59, 452, 452, 452, 263, 17, 17, 83, 443, 443, 443, 443, 438, 438, 438, 438, 438, 438, 438, 438, 438, 438, 438, 438, 438, 438, 438, 438, 438, 438, 438, 438, 438, 438, 438, 438, 438, 438, 438, 438, 438, 438, 438, 438, 438, 438, 438, 438, 438, 438, 438, 438, 438, 438, 438, 438, 438, 438, 438, 438, 438, 438, 438, 438, 438, 403, 403, 403, 403, 403, 403, 403, 403, 403, 403, 403, 403, 403, 403, 403, 403, 403, 403, 403, 403, 403, 403, 403, 403, 403, 403, 403, 403, 403, 403, 403, 403, 403, 403, 403, 403, 403, 403, 403, 403, 403, 403, 403, 403, 403, 403, 403, 403, 403, 403, 403, 403, 403, 403, 403, 403, 403, 403, 403, 403, 403, 403, 403, 403, 403, 403, 403, 403, 403, 403, 403, 403, 403, 403, 403, 403, 403, 403, 403, 403, 403, 403, 403, 403, 403, 403, 403, 403, 403, 403, 403, 403, 403, 403, 403, 403, 403, 403, 403, 403, 403, 403, 403, 403, 403, 403, 403, 403, 403, 403, 403, 403, 403, 403, 403, 403, 403, 403, 403, 403, 403, 403, 403, 403, 403, 403, 403, 403, 403, 403, 403, 403, 403, 403, 403, 403, 403, 403, 403, 403, 403, 403, 403, 403, 403, 403, 403, 403, 403, 403, 403, 403, 403, 403, 403, 403, 403, 403, 403, 403, 403, 403, 403, 403, 403, 403, 403, 403, 403, 403, 403, 403, 403]

ep455
Train step Loss: [0.12707099318504333, 0.053889647126197815, 0.18137557804584503, 0.09258965402841568, 0.010730762965977192, 0.13148488104343414, 0.3466103971004486, 0.13383111357688904, 0.23289071023464203, 0.031859129667282104, 0.024647202342748642, 0.3955967128276825, 0.27170833945274353, 0.09399309009313583, 0.3421471118927002, 0.28337565064430237, 0.13764043152332306, 0.3423375189304352, 0.15126216411590576, 0.22756178677082062, 0.21406523883342743, 0.23849129676818848, 0.1758347898721695, 0.28924351930618286, 0.12796230614185333, 0.20379185676574707, 0.1989588737487793, 0.3481321930885315, 0.28426557779312134, 0.1200280487537384, 0.06373341381549835, 0.12107139080762863, 0.10715094953775406, 0.2319777011871338, 0.11044926941394806, 0.11836131662130356, 0.07253124564886093, 0.0032661505974829197, 0.11251845210790634, 0.19700376689434052, 0.06296428292989731, 0.12457089871168137, 0.11381630599498749, 0.07414562255144119, 0.2371855527162552, 0.17480960488319397, 0.22162668406963348, 0.31010308861732483, 0.2419242560863495, 0.00597932655364275, 0.08852313458919525, 0.0034683800768107176, 0.1994730681180954, 0.2185261845588684, 0.0033016535453498363, 0.11103163659572601, 0.1852588802576065, 0.13964107632637024, 0.14301735162734985, 0.13448207080364227, 0.02781696617603302, 0.17693272233009338, 0.11678390949964523]
val step Loss: [0.33619624376296997, 0.3586026132106781, 0.43241894245147705, 0.08974004536867142, 0.3127686381340027, 0.2727266550064087, 0.4106736481189728, 0.30843549966812134, 0.797207236289978, 0.21474690735340118, 0.49871522188186646, 0.32153964042663574, 0.21854625642299652, 0.3570684790611267, 0.15558192133903503, 0.17671264708042145]
Train step Accs: [0.9635960334029228, 0.9846394538472479, 0.9508749189889825, 0.9757115749525617, 0.9975225881667152, 0.9635918837242768, 0.9059354838709678, 0.963202902306297, 0.9393605292171996, 0.992209097763257, 0.9948931595215696, 0.8958773040664134, 0.9301061678463094, 0.9748040313549832, 0.9161788185204897, 0.9243827160493827, 0.9644386761842959, 0.9173099568232369, 0.9624242424242424, 0.9378571428571428, 0.9467858095492131, 0.9413576114607043, 0.9555402615278734, 0.9206914082358922, 0.9658006751798033, 0.947487370380218, 0.9482252141982864, 0.9045988258317026, 0.9216875970086074, 0.9685781618224666, 0.9832965212589729, 0.9670720854345891, 0.97398091934085, 0.9400195285255963, 0.9720376950409393, 0.9692988719120377, 0.9815131272331832, 1.0, 0.9696219035202086, 0.9476694309408064, 0.983235438081253, 0.9673578595317726, 0.9698054474708171, 0.9811625403659849, 0.9370197757904019, 0.9516795154185022, 0.9393639401064224, 0.9200056038105912, 0.9368958851146092, 0.9991346985866744, 0.9766927083333333, 0.9998671802364192, 0.948231550605801, 0.944, 1.0, 0.9699973211893919, 0.950885208452313, 0.9620960076045627, 0.9601978332548281, 0.9648609077598829, 0.9933903576982893, 0.9527935851008794, 0.9694583631591506]
val step Accs: [0.9170090386195563, 0.906527616840479, 0.8942531711105358, 0.9778737182946573, 0.9211531353948503, 0.9305412181094234, 0.895906579608237, 0.9184176206346907, 0.8010732559590665, 0.9553064895530649, 0.8759544373513581, 0.9187911773130908, 0.9508976522940004, 0.9182427401340283, 0.9625047825532458, 0.9571708272148801]
Preds: [17, 17, 309, 479, 473, 398, 360, 340, 330, 17, 36, 259, 36, 108, 168, 168, 494, 382, 382, 406, 406, 467, 467, 337, 337, 301, 301, 203, 129, 129, 196, 196, 70, 473, 473, 429, 213, 324, 171, 246, 246, 246, 246, 246, 246, 19, 19, 19, 454, 225, 226, 414, 414, 82, 83, 287, 287, 284, 460, 215, 215, 35, 35, 35, 259, 441, 441, 276, 153, 153, 153, 497, 399, 399, 70, 70, 70, 70, 70, 138, 138, 138, 387, 387, 146, 146, 207, 324, 324, 324, 464, 464, 3, 457, 457, 129, 401, 401, 7, 7, 364, 276, 276, 109, 109, 213, 278, 213, 213, 324, 246, 246, 301, 8, 8, 354, 354, 354, 354, 159, 355, 62, 240, 240, 35, 35, 77, 342, 54, 54, 323, 224, 336, 196, 196, 374, 43, 153, 153, 182, 182, 497, 497, 43, 43, 43, 276, 276, 346, 346, 319, 428, 146, 330, 388, 94, 94, 94, 303, 303, 303, 303, 303, 41, 324, 324, 324, 464, 454, 233, 76, 129, 401, 354, 401, 310, 66, 323, 395, 374, 106, 153, 153, 153, 182, 182, 182, 182, 182, 182, 182, 182, 182, 182, 182, 375, 122, 129, 129, 233, 401, 75, 108, 310, 323, 323, 273, 106, 153, 375, 387, 122, 98, 13, 13, 13, 170, 170, 170, 170, 170, 392, 170, 312, 305, 305, 12, 12, 12, 12, 12, 12, 21, 408, 408, 391, 73, 73, 228, 228, 320, 320, 7, 188, 213, 177, 258, 31, 162, 232, 232, 172, 172, 172, 115, 267, 267, 213, 464, 374, 374, 132, 132, 337, 250, 43, 375, 375, 274, 236, 129, 129, 36, 478, 342, 172, 172, 273, 273, 106, 284, 284, 284, 284, 284, 284, 284, 284, 376, 376, 206, 206, 85, 85, 85, 85, 85, 207, 468, 406, 406, 467, 467, 467, 499, 284, 284, 460, 169, 240, 35, 35, 35, 449, 401, 384, 68, 68, 115, 115, 115, 273, 267, 267, 213, 213, 324, 301, 8, 129, 129, 259, 354, 354, 354, 354, 354, 354, 196, 473, 398, 398, 213, 213, 213, 246, 246, 246, 246, 246, 246, 454, 454, 454, 414, 170, 170, 47, 47, 80, 47, 80, 80, 80, 80, 80, 73, 7, 7, 7, 441, 153, 153, 153, 387, 132, 387, 236, 162, 338, 338, 338, 338, 338, 395, 400, 213, 422, 422, 301, 301, 301, 246, 246, 246, 246, 246, 246, 246, 143, 99, 338, 338, 338, 338, 395, 395, 6, 272, 213, 213, 19, 213, 3, 3, 3, 19, 454, 17, 17, 229, 17, 264, 264, 264, 264, 264, 403, 403, 403, 403, 403, 403, 403, 403, 403, 403, 403, 403, 403, 403, 403, 403, 403, 403, 403, 403, 403, 403, 403, 403, 403, 403, 403, 403, 403, 403, 403, 403, 403, 403, 403, 403, 403, 403, 403, 403, 403, 403, 403, 403, 403, 403, 403, 403, 403, 403, 403, 403, 403, 403, 403, 403, 403, 403, 403, 403, 403, 403, 403, 403, 403, 403, 403, 403, 403, 403, 403, 403, 403, 403, 403, 403, 403, 403, 403, 403, 403, 403, 403, 403, 403, 403, 403, 403, 403, 403, 403, 403, 403, 403, 403, 403, 403, 403, 403, 403, 403, 403, 403, 403, 403, 403, 403, 403, 403, 403, 403, 403, 403, 403, 403, 403, 403, 403, 403, 403, 403, 403, 403, 403, 403, 403, 403, 403, 403, 403, 403, 403, 403, 403, 403, 403, 403, 403, 403, 403, 403, 403, 403, 403, 403, 403, 403, 403, 403, 403, 403, 403, 403, 403, 403, 403, 403, 403, 403, 403, 403, 403, 403, 403, 403, 403, 403, 403, 403, 403, 403, 403, 403]

ep456
Train step Loss: [0.13829223811626434, 0.17398345470428467, 0.11829981952905655, 0.13433021306991577, 0.03905601426959038, 0.004941652063280344, 0.3397783935070038, 0.45734167098999023, 0.2614069879055023, 0.12092729657888412, 0.28024256229400635, 0.11952906101942062, 0.3194645047187805, 0.16940784454345703, 0.3121891915798187, 0.03375976160168648, 0.07544951140880585, 0.2238216996192932, 0.0453721322119236, 0.0036355769261717796, 0.10384209454059601, 0.06836727261543274, 0.1150050237774849, 0.18228521943092346, 0.23616951704025269, 0.12589073181152344, 0.07197216898202896, 0.05602061748504639, 0.24472886323928833, 0.038829024881124496, 0.09625972807407379, 0.07945516705513, 0.19190053641796112, 0.003885317128151655, 0.13007350265979767, 0.15252017974853516, 0.08013347536325455, 0.2089610993862152, 0.15883739292621613, 0.03726569935679436, 0.08091332763433456, 0.1656942069530487, 0.15534570813179016, 0.18997004628181458, 0.2912328243255615, 0.013946669176220894, 0.37650150060653687, 0.10637526959180832, 0.08934886753559113, 0.04619922488927841, 0.26794910430908203, 0.2906709909439087, 0.14173778891563416, 0.14564992487430573, 0.003186444053426385, 0.047908201813697815, 0.0030767072457820177, 0.004713023081421852, 0.00313236890360713, 0.0030926656909286976, 0.05202026292681694, 0.06741522997617722, 0.08132697641849518]
val step Loss: [0.3390178084373474, 0.5100156664848328, 0.25494417548179626, 0.3855311870574951, 0.2945972681045532, 0.2873586416244507, 0.22741547226905823, 0.21164847910404205, 0.16767287254333496, 0.28614652156829834, 0.22233250737190247, 0.2972649931907654, 0.0514867901802063, 0.43352487683296204, 0.29607510566711426, 0.41309747099876404]
Train step Accs: [0.9621172807472755, 0.951676654341451, 0.967946127946128, 0.9637195620199379, 0.9895847608606276, 0.9997073027952583, 0.9051549377353026, 0.8827626233313988, 0.9310886938294248, 0.9685424238626394, 0.9264110180934377, 0.9683285346264585, 0.9101466992665037, 0.9573980207579049, 0.918200408997955, 0.991175633361799, 0.9808310991957104, 0.9365308804204994, 0.9876888640179071, 0.9998520710059171, 0.9760872421495205, 0.985083980947606, 0.9700678623364033, 0.9488314883148832, 0.9389603570490942, 0.9650855473640284, 0.9811929070392262, 0.9843383894438279, 0.9355128205128205, 0.9898752751283932, 0.9749882573978393, 0.9787882989047553, 0.9477803438542468, 1.0, 0.9640397857689365, 0.9599465954606141, 0.9792223572296477, 0.9437440694049072, 0.9564386180527107, 0.9910926365795725, 0.9778556635335351, 0.9547600314712824, 0.9595508485389818, 0.9523291925465839, 0.9200773445053174, 0.9966661374821401, 0.9042623821537644, 0.9706697796585437, 0.9779710144927536, 0.9888740542946151, 0.9258044164037855, 0.9208794495961711, 0.9618571616467184, 0.9614771519659936, 1.0, 0.9884462630882176, 0.9998629573797451, 0.99943574552123, 1.0, 1.0, 0.9856705620478575, 0.9831990165277967, 0.978441127694859]
val step Accs: [0.9199621868599338, 0.8710711204240108, 0.938034777808446, 0.9021534320323015, 0.9238205165199826, 0.927996034204982, 0.949588956103614, 0.9490662139219015, 0.9581787039680274, 0.9294221996958946, 0.9426131055651942, 0.9264223194748359, 0.9874859216618695, 0.898442882733912, 0.9257861635220126, 0.8972767320784942]
Preds: [17, 196, 217, 217, 217, 217, 217, 473, 473, 65, 264, 264, 264, 264, 264, 264, 264, 264, 264, 264, 468, 468, 468, 467, 337, 337, 337, 324, 328, 3, 454, 197, 197, 197, 259, 354, 345, 109, 109, 109, 285, 288, 285, 313, 313, 337, 337, 337, 360, 360, 360, 360, 434, 434, 434, 200, 200, 398, 398, 324, 434, 434, 339, 339, 33, 33, 250, 250, 250, 250, 345, 153, 100, 424, 424, 424, 424, 182, 497, 497, 497, 122, 43, 75, 208, 208, 106, 481, 481, 481, 481, 426, 426, 306, 306, 372, 396, 396, 396, 313, 313, 406, 406, 495, 380, 134, 84, 84, 84, 375, 375, 375, 375, 375, 375, 98, 98, 98, 48, 48, 48, 48, 414, 414, 170, 170, 170, 170, 170, 170, 187, 187, 187, 12, 12, 12, 12, 12, 12, 12, 408, 408, 408, 391, 391, 321, 75, 478, 66, 66, 232, 172, 172, 172, 115, 267, 267, 267, 444, 374, 374, 374, 374, 139, 139, 293, 293, 497, 349, 349, 349, 349, 234, 234, 234, 261, 261, 25, 25, 30, 324, 324, 324, 464, 464, 464, 464, 180, 486, 486, 486, 486, 315, 315, 315, 315, 282, 282, 282, 388, 203, 53, 466, 466, 22, 448, 448, 448, 448, 324, 464, 464, 464, 464, 464, 315, 315, 315, 315, 315, 480, 480, 480, 480, 480, 282, 282, 282, 85, 299, 313, 334, 382, 406, 406, 406, 406, 406, 406, 380, 467, 467, 499, 302, 100, 375, 98, 375, 98, 98, 98, 13, 13, 414, 414, 414, 414, 414, 414, 414, 170, 187, 187, 187, 187, 187, 187, 391, 391, 244, 244, 244, 320, 320, 320, 83, 300, 222, 374, 337, 337, 313, 313, 24, 24, 310, 310, 107, 107, 395, 395, 485, 286, 464, 139, 139, 139, 139, 496, 216, 216, 81, 81, 81, 139, 139, 139, 240, 240, 186, 99, 107, 107, 107, 400, 400, 152, 422, 143, 143, 458, 144, 144, 27, 27, 27, 437, 437, 284, 284, 405, 405, 405, 206, 460, 460, 215, 35, 35, 35, 35, 441, 437, 100, 100, 426, 426, 375, 375, 98, 98, 98, 263, 263, 13, 13, 13, 414, 170, 170, 237, 237, 28, 244, 2, 2, 341, 2, 341, 12, 63, 63, 408, 408, 63, 391, 73, 73, 244, 321, 321, 412, 287, 287, 287, 486, 486, 460, 460, 460, 150, 150, 342, 342, 342, 342, 224, 224, 196, 116, 94, 479, 199, 464, 464, 443, 443, 258, 31, 31, 342, 232, 172, 172, 115, 273, 273, 151, 151, 486, 460, 240, 240, 35, 310, 310, 107, 161, 395, 395, 487, 494, 116, 285, 81, 302, 302, 302, 497, 497, 497, 497, 458, 208, 208, 441, 100, 153, 153, 387, 387, 387, 387, 372, 372, 406, 467, 467, 467, 467, 337, 41, 41, 41, 19, 19, 19, 19, 454, 454, 454, 454, 414, 414, 414, 102, 102, 47, 47, 170, 47, 392, 392, 392, 392, 392, 73, 244, 320, 320, 7, 7, 7, 217, 217, 217, 217, 473, 65, 65, 264, 264, 264, 264, 264, 264, 264, 264, 264, 264, 468, 468, 468, 468, 468, 467, 337, 337, 41, 41, 41, 19, 19, 19, 19, 454, 17, 83, 470, 55, 55, 55, 55, 55, 55, 55, 55, 55, 55, 55, 55, 55, 55, 55, 55, 55, 55, 55, 55, 55, 55, 55, 55, 55, 55, 55, 55, 55, 55, 55, 55, 55, 55, 55, 55, 55, 55, 55, 55, 55, 55, 55, 55, 55, 55, 55, 55, 55, 55, 55, 55, 55, 55, 55, 55, 55, 55, 55, 55, 55, 55, 55, 55, 55, 55, 55, 55, 55, 55, 55]

ep457
Train step Loss: [0.10342022031545639, 0.24848893284797668, 0.10224603116512299, 0.11541732400655746, 0.17897924780845642, 0.22636398673057556, 0.11698337644338608, 0.10177396237850189, 0.06163634732365608, 0.016992636024951935, 0.12855161726474762, 0.04181447625160217, 0.25544753670692444, 0.1612129807472229, 0.1591750830411911, 0.12850886583328247, 0.03926439210772514, 0.003703669412061572, 0.24900373816490173, 0.3072453439235687, 0.47511810064315796, 0.10072917491197586, 0.3668096661567688, 0.08402189612388611, 0.16326753795146942, 0.1434236764907837, 0.36287376284599304, 0.22443239390850067, 0.14816300570964813, 0.15657903254032135, 0.2956233322620392, 0.08423419296741486, 0.16067592799663544, 0.2442241758108139, 0.2498251050710678, 0.17928537726402283, 0.16633091866970062, 0.06446748226881027, 0.11914433538913727, 0.09583250433206558, 0.381172239780426, 0.14080484211444855, 0.06181211397051811, 0.22328655421733856, 0.02118232287466526, 0.25507673621177673, 0.1514960676431656, 0.2660844624042511, 0.1447804868221283, 0.3492473363876343, 0.02846183255314827, 0.22847752273082733, 0.011852271854877472, 0.1957600861787796, 0.17087769508361816, 0.0029459039214998484, 0.1644693911075592, 0.09137246757745743, 0.1283041536808014, 0.002802084432914853, 0.0977073535323143, 0.12926459312438965, 0.0035304042976349592]
val step Loss: [0.4099569618701935, 0.38735371828079224, 0.14601080119609833, 0.21483753621578217, 0.034383539110422134, 0.2715489864349365, 0.3886338174343109, 0.36423948407173157, 0.22400902211666107, 0.0107426131144166, 0.05158329755067825, 0.4880513548851013, 0.37882882356643677, 0.30843213200569153, 0.6653010249137878, 0.0562116838991642]
Train step Accs: [0.9734192509061619, 0.9336887270836042, 0.9751175006911805, 0.9688871675703589, 0.9510279840091377, 0.9415982270890366, 0.968784078516903, 0.9723114578552853, 0.9859193067966423, 0.9961332169140577, 0.9645193759436336, 0.9899017467248908, 0.9285118219749652, 0.9556010928961749, 0.9594288945433984, 0.965330117576123, 0.9896647340559617, 0.9998634625887494, 0.9288404103363199, 0.9203853955375254, 0.8706919583222015, 0.9740097072177861, 0.9005228582919963, 0.9770934079918554, 0.9614227801752321, 0.961794646223451, 0.9024028478196381, 0.941249418694776, 0.9614363560150901, 0.9582960977062853, 0.9248691751806628, 0.9776203509901787, 0.9575378035741561, 0.9343189846918749, 0.932651085603651, 0.9544696066746127, 0.9565045992115637, 0.9829950630828305, 0.9641242937853107, 0.9766846361185983, 0.8967051299874879, 0.9636887608069165, 0.983117046743102, 0.9400053806833468, 0.9954038997214485, 0.9349347975291695, 0.9604228438829444, 0.9288596019365251, 0.962166689934385, 0.907417080177592, 0.9919334509705067, 0.9396342243253613, 0.9978331527627302, 0.94583615436696, 0.9532662676684069, 1.0, 0.9537525354969574, 0.9801935288781373, 0.9669855814580245, 1.0, 0.9727621483375959, 0.9643117261471231, 1.0]
val step Accs: [0.8981015553522416, 0.9030886582468426, 0.96373799627347, 0.9484984984984985, 0.9919365499008592, 0.929791816223977, 0.9085018144116123, 0.9079099307159353, 0.948023613963039, 0.9984885126964933, 0.9870307167235495, 0.8708003632118303, 0.9034702832070204, 0.9178376828219099, 0.8450998303536474, 0.9873447946513849]
Preds: [17, 251, 251, 251, 241, 241, 431, 431, 486, 284, 284, 284, 284, 284, 284, 16, 284, 315, 315, 284, 284, 284, 284, 284, 284, 480, 480, 480, 480, 480, 85, 85, 85, 85, 146, 146, 264, 468, 468, 406, 467, 337, 337, 337, 324, 324, 464, 464, 464, 464, 120, 282, 282, 282, 282, 282, 413, 359, 345, 345, 132, 275, 303, 303, 303, 117, 219, 219, 324, 324, 464, 464, 318, 31, 162, 54, 54, 494, 482, 172, 172, 115, 273, 273, 273, 486, 460, 169, 215, 215, 401, 401, 320, 321, 345, 345, 141, 141, 186, 186, 323, 323, 323, 323, 323, 397, 397, 397, 7, 153, 153, 153, 88, 88, 346, 346, 284, 426, 426, 426, 426, 426, 282, 413, 413, 303, 303, 48, 48, 364, 345, 345, 345, 132, 324, 132, 132, 236, 32, 32, 75, 310, 310, 161, 107, 107, 395, 397, 397, 106, 106, 153, 153, 153, 182, 182, 182, 182, 497, 483, 483, 14, 226, 321, 209, 440, 188, 89, 191, 455, 236, 236, 239, 401, 239, 354, 354, 371, 286, 286, 264, 365, 330, 330, 303, 303, 303, 303, 42, 42, 42, 364, 364, 364, 217, 217, 473, 398, 213, 213, 213, 422, 143, 36, 75, 310, 107, 107, 395, 400, 213, 213, 213, 19, 19, 454, 454, 229, 170, 170, 170, 392, 244, 312, 312, 292, 292, 292, 292, 292, 292, 292, 292, 21, 1, 408, 408, 408, 391, 228, 56, 228, 228, 149, 228, 289, 209, 287, 287, 460, 460, 460, 178, 35, 77, 66, 68, 172, 224, 219, 152, 152, 152, 139, 139, 139, 139, 496, 274, 43, 43, 458, 208, 208, 208, 441, 106, 153, 153, 153, 387, 387, 387, 387, 413, 396, 467, 59, 303, 303, 303, 98, 98, 98, 48, 48, 48, 48, 170, 82, 225, 226, 287, 287, 287, 111, 438, 178, 178, 233, 36, 77, 77, 68, 68, 224, 97, 7, 196, 309, 309, 309, 479, 331, 443, 443, 240, 143, 143, 36, 77, 68, 119, 351, 428, 428, 428, 428, 146, 146, 146, 252, 34, 34, 324, 301, 301, 251, 251, 241, 241, 431, 431, 486, 376, 376, 376, 376, 376, 376, 376, 460, 460, 460, 282, 282, 385, 76, 239, 75, 131, 131, 397, 106, 106, 387, 255, 167, 143, 36, 77, 342, 224, 224, 273, 437, 151, 167, 167, 215, 35, 320, 7, 7, 127, 448, 448, 464, 464, 301, 301, 399, 42, 42, 147, 147, 106, 106, 284, 284, 284, 284, 426, 450, 450, 450, 413, 43, 43, 276, 276, 276, 346, 346, 426, 426, 426, 426, 206, 167, 215, 197, 401, 321, 354, 287, 287, 111, 111, 438, 438, 236, 36, 36, 108, 119, 351, 351, 443, 443, 443, 240, 236, 143, 75, 384, 371, 448, 324, 324, 324, 246, 246, 246, 246, 246, 246, 301, 243, 129, 401, 259, 354, 287, 287, 319, 460, 167, 167, 35, 75, 77, 342, 86, 86, 238, 142, 26, 26, 26, 479, 479, 331, 374, 153, 153, 153, 182, 182, 497, 43, 43, 43, 364, 276, 346, 346, 346, 284, 376, 376, 460, 263, 263, 233, 233, 305, 392, 392, 392, 392, 392, 392, 392, 63, 63, 392, 244, 211, 435, 63, 63, 392, 63, 63, 63, 63, 63, 392, 244, 289, 320, 320, 320, 441, 153, 153, 387, 387, 387, 496, 122, 348, 303, 243, 32, 32, 32, 196, 70, 65, 65, 65, 426, 98, 98, 98, 48, 48, 417, 82, 170, 170, 244, 392, 63, 63, 63, 63, 63, 63, 63, 63, 63, 63, 63, 73, 392, 244, 289, 320, 320, 287, 287, 153, 424, 182, 182, 375, 98]

ep458
Train step Loss: [0.04788050428032875, 0.009385612793266773, 0.22514940798282623, 0.0028008869849145412, 0.12056240439414978, 0.09484808892011642, 0.2048807293176651, 0.003112376667559147, 0.2674461901187897, 0.12690021097660065, 0.00278482330031693, 0.38747501373291016, 0.0972081795334816, 0.14200717210769653, 0.0024041333235800266, 0.4315314292907715, 0.2374129742383957, 0.2908269762992859, 0.23868340253829956, 0.003022554563358426, 0.002993981586769223, 0.22129382193088531, 0.24980133771896362, 0.21147455275058746, 0.3093681335449219, 0.19999609887599945, 0.10478676110506058, 0.0023126481100916862, 0.034094925969839096, 0.2839411497116089, 0.24910980463027954, 0.25541913509368896, 0.09646037966012955, 0.20510222017765045, 0.0023212579544633627, 0.015326172113418579, 0.0028178836219012737, 0.19940832257270813, 0.13127806782722473, 0.2247202843427658, 0.11910934746265411, 0.18071657419204712, 0.34717270731925964, 0.09383110702037811, 0.15430596470832825, 0.2670019567012787, 0.0880507230758667, 0.13111595809459686, 0.5576053261756897, 0.06706447154283524, 0.23148903250694275, 0.2726505994796753, 0.33620429039001465, 0.02098233625292778, 0.022279003635048866, 0.18474042415618896, 0.13552621006965637, 0.22148548066616058, 0.09372836351394653, 0.23527994751930237, 0.10965294390916824, 0.09471173584461212, 0.07623084634542465]
val step Loss: [0.5307652354240417, 0.14517554640769958, 0.3048246204853058, 0.4706147313117981, 0.14795564115047455, 0.6954467296600342, 0.3104606568813324, 0.25308534502983093, 0.2457183599472046, 0.18578876554965973, 0.6969419121742249, 0.5973924398422241, 0.032567378133535385, 0.3735678195953369, 0.3600887656211853, 0.3591827154159546]
Train step Accs: [0.9873258878152842, 0.9982763192787059, 0.9360432852386238, 1.0, 0.9668141592920354, 0.9743759957514604, 0.947817432105787, 0.9998653017241379, 0.9279835390946503, 0.9664399092970521, 1.0, 0.8906650396583282, 0.9749523550231418, 0.9619637328615657, 1.0, 0.8845802324063193, 0.936252328985893, 0.9254996971532404, 0.9393124911585797, 1.0, 1.0, 0.9377093932249658, 0.93085942221685, 0.9416208791208791, 0.917404537908135, 0.9458518930957683, 0.9713892709766162, 1.0, 0.9915829486831388, 0.9253619943275115, 0.9353379782422687, 0.9316500892629431, 0.9772667542706964, 0.943502824858757, 1.0, 0.9963517423575292, 1.0, 0.9477810257773054, 0.9648167817312798, 0.9405304045004018, 0.9684625492772667, 0.9528455284552846, 0.922138384973511, 0.976098791661134, 0.9613684960798289, 0.929220287660863, 0.97824, 0.9644738453999755, 0.8603913273400318, 0.9833864965443913, 0.9366544443039575, 0.9288596019365251, 0.9136999754480727, 0.9945716933668741, 0.9941918353800199, 0.9512162701050113, 0.963998305802626, 0.9420854997111496, 0.9745385962548835, 0.9409569505531121, 0.9725524917783962, 0.9740546508418437, 0.9790255625955866]
val step Accs: [0.8685857321652065, 0.9609243152018694, 0.9296263002439964, 0.8873855405220719, 0.9666564698684613, 0.8311289245156981, 0.9285610781046225, 0.9391516465645752, 0.939116764327569, 0.9537138175860186, 0.8201261310666301, 0.8479092648264553, 0.9914483507533596, 0.9072179596476272, 0.9099132135435766, 0.9092391304347827]
Preds: [17, 196, 217, 217, 217, 217, 217, 473, 473, 65, 264, 264, 264, 264, 264, 264, 264, 264, 264, 264, 468, 468, 468, 467, 337, 337, 337, 324, 328, 3, 454, 197, 197, 197, 259, 354, 345, 109, 109, 109, 285, 288, 285, 313, 313, 337, 337, 337, 360, 360, 360, 360, 434, 434, 434, 200, 200, 398, 398, 324, 434, 434, 339, 339, 33, 33, 250, 250, 250, 250, 345, 153, 100, 424, 424, 424, 424, 182, 497, 497, 497, 122, 43, 75, 208, 208, 106, 481, 481, 481, 481, 426, 426, 306, 306, 372, 396, 396, 396, 313, 313, 406, 406, 495, 380, 134, 84, 84, 84, 375, 375, 375, 375, 375, 375, 98, 98, 98, 48, 48, 48, 48, 414, 414, 170, 170, 170, 170, 170, 170, 187, 187, 187, 12, 12, 12, 12, 12, 12, 12, 408, 408, 408, 391, 391, 321, 75, 478, 66, 66, 232, 172, 172, 172, 115, 267, 267, 267, 444, 374, 374, 374, 374, 139, 139, 293, 293, 497, 349, 349, 349, 349, 234, 234, 234, 261, 261, 25, 25, 30, 324, 324, 324, 464, 464, 464, 464, 180, 486, 486, 486, 486, 315, 315, 315, 315, 282, 282, 282, 388, 203, 53, 466, 466, 22, 448, 448, 448, 448, 324, 464, 464, 464, 464, 464, 315, 315, 315, 315, 315, 480, 480, 480, 480, 480, 282, 282, 282, 85, 299, 313, 334, 382, 406, 406, 406, 406, 406, 406, 380, 467, 467, 499, 302, 100, 375, 98, 375, 98, 98, 98, 13, 13, 414, 414, 414, 414, 414, 414, 414, 170, 187, 187, 187, 187, 187, 187, 391, 391, 244, 244, 244, 320, 320, 320, 83, 300, 222, 374, 337, 337, 313, 313, 24, 24, 310, 310, 107, 107, 395, 395, 485, 286, 464, 139, 139, 139, 139, 496, 216, 216, 81, 81, 81, 139, 139, 139, 240, 240, 186, 99, 107, 107, 107, 400, 400, 152, 422, 143, 143, 458, 144, 144, 27, 27, 27, 437, 437, 284, 284, 405, 405, 405, 206, 460, 460, 215, 35, 35, 35, 35, 441, 437, 100, 100, 426, 426, 375, 375, 98, 98, 98, 263, 263, 13, 13, 13, 414, 170, 170, 237, 237, 28, 244, 2, 2, 341, 2, 341, 12, 63, 63, 408, 408, 63, 391, 73, 73, 244, 321, 321, 412, 287, 287, 287, 486, 486, 460, 460, 460, 150, 150, 342, 342, 342, 342, 224, 224, 196, 116, 94, 479, 199, 464, 464, 443, 443, 258, 31, 31, 342, 232, 172, 172, 115, 273, 273, 151, 151, 486, 460, 240, 240, 35, 310, 310, 107, 161, 395, 395, 487, 494, 116, 285, 81, 302, 302, 302, 497, 497, 497, 497, 458, 208, 208, 441, 100, 153, 153, 387, 387, 387, 387, 372, 372, 406, 467, 467, 467, 467, 337, 41, 41, 41, 19, 19, 19, 19, 454, 454, 454, 454, 414, 414, 414, 102, 102, 47, 47, 170, 47, 392, 392, 392, 392, 392, 73, 244, 320, 320, 7, 7, 7, 217, 217, 217, 217, 473, 65, 65, 264, 264, 264, 264, 264, 264, 264, 264, 264, 264, 468, 468, 468, 468, 468, 467, 337, 337, 41, 41, 41, 19, 19, 19, 19, 454, 17, 83, 55, 55, 55, 55, 55, 55, 55, 55, 55, 55, 55, 55, 55, 55, 55, 55, 55, 55, 438, 438, 438, 438, 438, 438, 438, 438, 438, 438, 438, 438, 438, 438, 438, 438, 438, 438, 438, 438, 438, 438, 438, 438, 438, 438, 438, 438, 438, 438, 438, 438, 438, 438, 438, 438, 438, 438, 438, 438, 438, 438, 438, 438, 438, 438, 438, 438, 438, 438, 438, 438, 438, 438]

ep459
Train step Loss: [0.005279236938804388, 0.44693616032600403, 0.23233157396316528, 0.05735284462571144, 0.19499918818473816, 0.27516552805900574, 0.1580260843038559, 0.1462876945734024, 0.2044174075126648, 0.145966574549675, 0.11959308385848999, 0.023781215772032738, 0.09283513575792313, 0.07478973269462585, 0.1637599915266037, 0.05453312397003174, 0.07791779190301895, 0.13149085640907288, 0.0038039078935980797, 0.18634741008281708, 0.022478215396404266, 0.28758949041366577, 0.10248936712741852, 0.06466178596019745, 0.0030055297538638115, 0.22018969058990479, 0.046034324914216995, 0.08682641386985779, 0.14843791723251343, 0.13260230422019958, 0.042549580335617065, 0.09287992119789124, 0.1716649979352951, 0.14994129538536072, 0.12770035862922668, 0.10018523782491684, 0.08423089981079102, 0.05342433974146843, 0.002561836736276746, 0.002388795604929328, 0.0798269733786583, 0.10276375710964203, 0.1942298412322998, 0.08269408345222473, 0.07398223876953125, 0.11118818819522858, 0.35986974835395813, 0.08671179413795471, 0.03388383239507675, 0.14037096500396729, 0.22187651693820953, 0.009677756577730179, 0.059658538550138474, 0.002822095062583685, 0.1264045685529709, 0.22837477922439575, 0.12830184400081635, 0.0026558784302324057, 0.0031121298670768738, 0.13078801333904266, 0.034060630947351456, 0.0028361398726701736, 0.38439828157424927]
val step Loss: [0.3491569459438324, 0.3948099613189697, 0.3625255823135376, 0.08723265677690506, 0.7788599133491516, 0.4182690978050232, 0.08294026553630829, 0.579334020614624, 0.26549777388572693, 0.13296377658843994, 0.11460129171609879, 0.6870135068893433, 0.269578754901886, 0.21622999012470245, 0.2608132064342499, 0.49014726281166077]
Train step Accs: [0.9994635912565375, 0.8852272727272728, 0.9368530020703933, 0.9839922048997772, 0.9514778325123153, 0.9254761247584874, 0.9563816937323849, 0.9593199757134183, 0.9455437448896157, 0.9628482972136223, 0.9731021299836156, 0.9948403291033329, 0.974134446989088, 0.9799451918285998, 0.9562824824212779, 0.9854340928756851, 0.9780155356881137, 0.9631892469833512, 1.0, 0.946772672146611, 0.9941683233929755, 0.9254064788382773, 0.9729766616623448, 0.983144434757338, 0.9998865183840218, 0.9381023483100313, 0.9879849812265332, 0.9762746831712349, 0.9591778065258013, 0.9629813049399529, 0.9882018479033404, 0.9739791833466773, 0.9562298603651987, 0.9594894561598224, 0.9661556262655482, 0.9746083880747852, 0.9767572108653039, 0.9872805901806156, 1.0, 1.0, 0.9796995533901746, 0.9744710860366713, 0.9472375690607735, 0.9792034282833375, 0.979875283446712, 0.9690652320107599, 0.8987641992260642, 0.9772400261608895, 0.990874524714829, 0.9646122087879682, 0.9440834010289737, 0.998092443140132, 0.9847296161389745, 1.0, 0.9674175382139983, 0.9376573552331855, 0.9639474488237091, 1.0, 0.999874071275658, 0.9654054054054054, 0.9915384615384616, 1.0, 0.9017453135100194]
val step Accs: [0.9108726084927672, 0.8961255381197056, 0.909745873722819, 0.9789016444306546, 0.8120494335736355, 0.8959507272965536, 0.9794244404281941, 0.845748987854251, 0.9332076488015082, 0.96787690646511, 0.9709897610921502, 0.8363705391040243, 0.9386271494477841, 0.9456808199121522, 0.9357444243520193, 0.8854615559083693]
Preds: [17, 17, 7, 217, 217, 217, 217, 217, 473, 473, 331, 443, 443, 443, 330, 330, 330, 330, 388, 64, 76, 76, 310, 99, 338, 338, 107, 395, 395, 106, 106, 153, 153, 481, 387, 387, 206, 167, 167, 35, 35, 35, 401, 7, 196, 217, 473, 65, 65, 222, 313, 313, 313, 285, 285, 337, 337, 290, 290, 290, 434, 434, 434, 339, 339, 199, 398, 464, 464, 464, 340, 340, 340, 116, 94, 199, 199, 84, 84, 84, 153, 43, 182, 182, 182, 182, 182, 497, 497, 497, 497, 497, 497, 43, 43, 259, 208, 208, 441, 106, 346, 346, 346, 265, 265, 265, 265, 85, 85, 85, 146, 468, 468, 468, 406, 406, 467, 467, 467, 467, 134, 375, 375, 375, 375, 98, 98, 48, 48, 48, 13, 13, 170, 82, 321, 187, 187, 170, 187, 2, 341, 341, 341, 260, 260, 260, 391, 391, 321, 320, 320, 320, 7, 7, 479, 479, 398, 290, 290, 290, 360, 360, 434, 252, 143, 465, 310, 161, 161, 395, 395, 395, 444, 213, 213, 360, 360, 360, 434, 434, 434, 434, 434, 398, 331, 331, 331, 180, 443, 486, 376, 376, 376, 376, 376, 282, 282, 460, 263, 263, 263, 414, 414, 414, 247, 312, 312, 126, 292, 292, 292, 23, 23, 23, 23, 23, 260, 391, 391, 391, 391, 391, 73, 244, 244, 320, 320, 320, 320, 7, 473, 473, 473, 290, 290, 290, 171, 171, 171, 434, 434, 252, 143, 36, 310, 310, 107, 107, 107, 107, 400, 400, 213, 213, 213, 213, 246, 246, 246, 246, 19, 19, 19, 454, 197, 197, 197, 414, 414, 414, 80, 225, 66, 66, 66, 68, 68, 115, 115, 273, 273, 486, 486, 486, 460, 460, 240, 240, 35, 183, 183, 183, 30, 30, 324, 324, 286, 464, 464, 464, 464, 139, 330, 330, 116, 116, 33, 250, 250, 147, 473, 398, 324, 324, 324, 324, 318, 318, 368, 368, 478, 453, 342, 342, 115, 168, 273, 273, 273, 265, 265, 376, 376, 460, 460, 460, 178, 178, 35, 35, 440, 287, 287, 111, 111, 111, 438, 438, 169, 150, 162, 232, 232, 172, 172, 115, 267, 267, 444, 286, 278, 139, 139, 139, 302, 497, 497, 497, 98, 14, 259, 440, 437, 287, 287, 125, 125, 125, 413, 348, 348, 216, 212, 219, 448, 448, 324, 464, 464, 374, 374, 374, 313, 251, 94, 199, 331, 134, 134, 153, 497, 497, 43, 43, 43, 364, 364, 100, 100, 153, 100, 182, 182, 182, 182, 98, 98, 98, 13, 13, 414, 414, 237, 237, 237, 237, 237, 237, 237, 237, 47, 47, 80, 80, 73, 73, 244, 321, 321, 320, 287, 287, 481, 297, 297, 293, 497, 497, 122, 122, 8, 8, 280, 354, 100, 100, 100, 346, 346, 426, 426, 426, 98, 98, 98, 98, 263, 193, 17, 83, 83, 55, 55, 55, 55, 55, 55, 55, 55, 438, 438, 438, 438, 438, 438, 438, 438, 438, 438, 438, 438, 438, 438, 438, 438, 438, 438, 438, 438, 438, 438, 438, 438, 438, 438, 438, 438, 438, 438, 438, 438, 438, 438, 438, 438, 438, 438, 438, 438, 438, 438, 438, 438, 438, 438, 438, 438, 438, 438, 438, 438, 438, 438, 438, 438, 438, 438, 438, 438, 438, 438, 438, 438, 438, 438, 438, 438, 438, 438, 438, 438, 438, 438, 438, 438, 438, 438, 438, 438, 438, 438, 438, 438, 438, 438, 438, 438, 438, 438, 438, 438, 438, 438, 438, 438, 438, 438, 438, 438, 438, 438, 438, 438, 438, 438, 438, 438, 438, 438, 438, 438, 438, 438, 438, 438, 438, 438, 438, 438, 438]

ep460
Train step Loss: [0.012256886810064316, 0.12431663274765015, 0.22317005693912506, 0.11132004857063293, 0.18197579681873322, 0.04926555976271629, 0.06190064176917076, 0.013669483363628387, 0.011179331690073013, 0.4160347878932953, 0.12684126198291779, 0.05542243644595146, 0.10018129646778107, 0.04449005052447319, 0.40415337681770325, 0.0025926155503839254, 0.21708674728870392, 0.2869994044303894, 0.28396233916282654, 0.06678634881973267, 0.4313334822654724, 0.0623505525290966, 0.07666528970003128, 0.06703005731105804, 0.14691023528575897, 0.04462621361017227, 0.16242632269859314, 0.08847663551568985, 0.1730063557624817, 0.10776201635599136, 0.05280613526701927, 0.050493285059928894, 0.18496957421302795, 0.0038169529289007187, 0.04894771799445152, 0.07422064989805222, 0.050366997718811035, 0.09930268675088882, 0.02334698848426342, 0.10790859162807465, 0.002808928955346346, 0.002982416423037648, 0.0027290177531540394, 0.014330674894154072, 0.002191184088587761, 0.0025472957640886307, 0.019002141430974007, 0.0433780699968338, 0.18384623527526855, 0.1266327053308487, 0.0185613501816988, 0.05750919133424759, 0.013883383944630623, 0.0021652504801750183, 0.0024552717804908752, 0.1994248330593109, 0.1452617198228836, 0.027408571913838387, 0.04765205830335617, 0.19562140107154846, 0.1948106735944748, 0.07321982830762863, 0.19296671450138092]
val step Loss: [0.4570779800415039, 0.612777829170227, 0.41929399967193604, 0.4422258138656616, 0.3134109377861023, 0.6855767965316772, 0.3197222650051117, 0.24820545315742493, 0.005726125556975603, 0.5827507376670837, 0.2694764733314514, 0.6890284419059753, 0.5205960273742676, 0.5340251326560974, 0.2240203320980072, 0.5949338674545288]
Train step Accs: [0.9973734131037502, 0.9682474226804124, 0.9406284760845384, 0.9714691270404542, 0.9520624303232998, 0.9872577647995753, 0.9868358066060315, 0.9965620971207564, 0.9973659745894019, 0.885803305337307, 0.9651933701657458, 0.9867401668653158, 0.972019781363873, 0.9899032992036405, 0.8906504667358127, 1.0, 0.9459229898074745, 0.9232093207996822, 0.9185671949491045, 0.9824316787506971, 0.9129735082941323, 0.984786641929499, 0.9816890292028414, 0.9834700624464308, 0.9588073754413495, 0.9876773176672876, 0.9581764951902969, 0.9751489793330798, 0.952716049382716, 0.9706040992448759, 0.9843792819950672, 0.9856861457649376, 0.9507696221854726, 0.999869041382923, 0.9864757358790772, 0.9797232497602412, 0.98825413774693, 0.9714831317632081, 0.994391971664699, 0.9719449007961583, 1.0, 1.0, 1.0, 0.9968903861103913, 1.0, 1.0, 0.9952537903757416, 0.9876255641286942, 0.9515501274996645, 0.9690191387559809, 0.9950973109493388, 0.9865030674846625, 0.9962454686690834, 1.0, 1.0, 0.9455782312925171, 0.963600365519342, 0.9926480984023752, 0.9876108502869066, 0.9471629722570751, 0.9471444261394838, 0.9810631678614906, 0.9459396208752633]
val step Accs: [0.8858006912442397, 0.8423933800127308, 0.8921879504179879, 0.8890959925442684, 0.9241750526562135, 0.8462481274683372, 0.9218726923644956, 0.9367023991832568, 0.9990395170142701, 0.8451408568094683, 0.9337136647650095, 0.8329463364293086, 0.8772174884760442, 0.864399891628285, 0.9436532507739938, 0.8589211618257261]
Preds: [17, 296, 481, 481, 293, 98, 98, 129, 129, 129, 401, 401, 82, 80, 354, 208, 441, 441, 346, 426, 426, 426, 206, 167, 129, 13, 13, 233, 170, 170, 47, 80, 80, 80, 80, 80, 80, 7, 7, 217, 217, 398, 264, 286, 286, 286, 468, 468, 468, 468, 406, 337, 337, 337, 337, 337, 337, 337, 337, 171, 19, 19, 246, 246, 3, 454, 197, 226, 226, 226, 226, 7, 32, 398, 464, 464, 360, 339, 339, 217, 70, 250, 250, 138, 138, 138, 182, 182, 182, 182, 182, 182, 497, 98, 129, 48, 32, 197, 280, 100, 98, 98, 497, 122, 43, 32, 32, 259, 208, 441, 441, 153, 481, 405, 206, 426, 206, 167, 167, 406, 285, 382, 382, 313, 313, 199, 398, 134, 375, 375, 375, 182, 182, 98, 98, 13, 48, 48, 13, 170, 170, 170, 170, 47, 47, 47, 47, 47, 47, 47, 47, 80, 80, 80, 73, 320, 7, 70, 309, 398, 398, 464, 422, 143, 129, 401, 458, 75, 27, 180, 486, 486, 315, 450, 450, 319, 203, 94, 64, 64, 212, 212, 76, 465, 354, 420, 464, 301, 464, 464, 180, 180, 355, 460, 169, 169, 263, 225, 170, 170, 47, 392, 392, 392, 392, 392, 28, 28, 28, 28, 2, 2, 2, 2, 2, 2, 2, 2, 2, 2, 2, 316, 73, 73, 73, 73, 289, 320, 83, 287, 460, 460, 460, 35, 35, 35, 401, 342, 232, 172, 172, 172, 115, 115, 267, 267, 213, 213, 213, 246, 246, 246, 19, 454, 454, 197, 226, 226, 80, 80, 7, 479, 331, 331, 443, 240, 240, 416, 285, 239, 32, 76, 76, 239, 107, 107, 395, 213, 374, 496, 88, 88, 88, 426, 426, 265, 85, 85, 85, 85, 240, 240, 239, 401, 310, 478, 342, 172, 115, 273, 267, 267, 213, 213, 213, 3, 246, 3, 14, 226, 226, 401, 209, 209, 209, 209, 188, 153, 153, 182, 182, 182, 182, 182, 182, 182, 182, 182, 182, 98, 98, 413, 413, 236, 239, 239, 239, 239, 354, 354, 354, 371, 213, 371, 171, 171, 171, 314, 251, 239, 239, 239, 384, 354, 398, 286, 171, 171, 171, 171, 171, 171, 434, 434, 24, 303, 48, 19, 19, 19, 19, 19, 454, 454, 454, 414, 442, 170, 170, 170, 392, 392, 28, 2, 2, 2, 2, 2, 2, 2, 2, 73, 73, 73, 73, 73, 320, 320, 83, 287, 460, 460, 460, 169, 35, 239, 35, 77, 342, 342, 224, 224, 224, 444, 213, 324, 422, 301, 301, 301, 3, 14, 14, 14, 209, 209, 188, 188, 153, 424, 424, 497, 497, 122, 129, 129, 129, 239, 441, 153, 100, 387, 153, 497, 98, 98, 98, 48, 48, 170, 170, 80, 80, 80, 80, 80, 80, 80, 287, 441, 287, 481, 98, 169, 35, 349, 234, 402, 205, 261, 441, 148, 437, 153, 481, 426, 182, 169, 98, 98, 263, 17, 219, 443, 403, 403, 403, 240, 240, 240, 240, 240, 240, 240, 240, 240, 240, 240, 240, 240, 240, 240, 240, 240, 240, 240, 240, 240, 240, 240, 240, 240, 240, 403, 403, 403, 403, 403, 403, 403, 403, 403, 403, 403, 403, 403, 403, 403, 403, 403, 403, 403, 403, 403, 403, 403, 403, 403, 403, 403, 403, 403, 403, 403, 403, 403, 403, 403, 403, 403, 403, 403, 403, 403, 403, 403, 403, 403, 403, 403, 403, 403, 403, 403, 403, 403, 403, 403, 403, 403, 403, 403, 403, 403, 403, 403, 403, 403, 403, 403, 403, 403, 403, 403, 403, 403, 403, 403, 403, 403, 403, 403, 403, 403, 403, 403, 403, 403, 403, 403]

ep461
Train step Loss: [0.0043022166937589645, 0.3638535439968109, 0.07643602043390274, 0.10846412926912308, 0.16782723367214203, 0.2498665153980255, 0.04193427413702011, 0.11200503259897232, 0.21023988723754883, 0.06922983378171921, 0.03586461767554283, 0.031413886696100235, 0.23258855938911438, 0.16794133186340332, 0.11600454896688461, 0.051291003823280334, 0.05512537062168121, 0.0023207610938698053, 0.09589486569166183, 0.002302332315593958, 0.2588062584400177, 0.008457123301923275, 0.04581718519330025, 0.027284065261483192, 0.2724147439002991, 0.3118801414966583, 0.2918408215045929, 0.2553797960281372, 0.014860779978334904, 0.0036812128964811563, 0.05355057865381241, 0.19200356304645538, 0.05959991365671158, 0.05463701859116554, 0.11834113299846649, 0.09369169175624847, 0.17364399135112762, 0.26438403129577637, 0.31621500849723816, 0.21572370827198029, 0.002206825651228428, 0.06407430768013, 0.09126399457454681, 0.017946381121873856, 0.43511930108070374, 0.21420757472515106, 0.2167416661977768, 0.1207844689488411, 0.10764093697071075, 0.32168465852737427, 0.13245373964309692, 0.33923426270484924, 0.017625199630856514, 0.16397234797477722, 0.27587488293647766, 0.1330626904964447, 0.293916791677475, 0.09477442502975464, 0.019974730908870697, 0.17426662147045135, 0.3235497772693634, 0.010705064982175827, 0.20397625863552094]
val step Loss: [0.08496838808059692, 0.5481379628181458, 0.288546085357666, 0.6685150861740112, 0.503182053565979, 0.3858678340911865, 0.3294593393802643, 0.34222090244293213, 0.5336003303527832, 0.5957826972007751, 0.1876988261938095, 0.2865784168243408, 0.3612686097621918, 0.35391438007354736, 0.5205665230751038, 0.7140936851501465]
Train step Accs: [0.9994422755158952, 0.9000298864315601, 0.9773857447312337, 0.9702626158599382, 0.9552543361026089, 0.9380354083380925, 0.9888676844783715, 0.9692846557995419, 0.943254817987152, 0.9830218478546986, 0.9909116331096197, 0.9915951972555747, 0.9363207547169812, 0.954979879275654, 0.9699630902380043, 0.9861904129597663, 0.9843683387807304, 1.0, 0.9728519071535224, 1.0, 0.9286831028262177, 0.9982808022922636, 0.9900119260584377, 0.9938152831225948, 0.9280610987928061, 0.9192632774063327, 0.9228002877007911, 0.9324097397145256, 0.996535296665223, 0.9998551983782218, 0.9861381007902578, 0.9492676431424767, 0.9852448021462106, 0.9863305743666918, 0.9687038280725319, 0.9746730901582932, 0.9530413291226143, 0.9291348600508906, 0.9179307662388175, 0.9435643564356435, 1.0, 0.9829758713136729, 0.974073571331614, 0.9951409135082604, 0.8782795156407669, 0.9436226166995397, 0.9438968915845337, 0.9700773609692016, 0.9703837597330367, 0.9182038100997884, 0.9663771364527879, 0.9083540332069552, 0.9952897516414502, 0.9553110567780494, 0.9277093596059113, 0.9664037394098743, 0.9173223096412855, 0.9752506663282142, 0.9955310199789695, 0.9537097405137567, 0.9120576671035386, 0.9980049875311721, 0.952193475815523]
val step Accs: [0.979043214337332, 0.8616194865042791, 0.934431006848317, 0.8321803740712272, 0.8741239892183288, 0.9035621198957429, 0.9243592933565563, 0.9244498121309715, 0.8683786130753008, 0.8482561166059344, 0.9524136982533352, 0.9242501922583953, 0.9102236421725239, 0.9070616883116883, 0.8708647336824626, 0.8441365660564077]
Preds: [17, 17, 287, 287, 284, 315, 450, 450, 450, 450, 43, 43, 43, 364, 276, 276, 276, 153, 153, 182, 182, 182, 182, 182, 182, 182, 387, 98, 98, 98, 98, 197, 197, 197, 197, 82, 226, 83, 83, 83, 55, 55, 322, 322, 67, 10, 10, 309, 398, 398, 398, 301, 378, 43, 153, 153, 153, 153, 153, 387, 387, 387, 109, 146, 146, 324, 324, 422, 186, 99, 99, 338, 338, 338, 338, 338, 400, 400, 400, 278, 171, 171, 171, 378, 173, 8, 8, 100, 100, 100, 100, 497, 379, 122, 471, 243, 76, 129, 36, 478, 232, 172, 172, 115, 115, 267, 267, 324, 324, 464, 464, 464, 315, 319, 319, 319, 450, 450, 413, 250, 364, 276, 276, 276, 153, 153, 182, 182, 182, 182, 182, 182, 182, 182, 182, 413, 426, 413, 413, 303, 303, 195, 199, 199, 413, 413, 413, 413, 348, 303, 10, 10, 10, 10, 309, 309, 479, 479, 331, 331, 106, 153, 153, 481, 481, 387, 387, 387, 355, 375, 452, 263, 263, 13, 13, 170, 170, 170, 170, 20, 170, 249, 20, 28, 2, 20, 249, 249, 20, 421, 20, 2, 2, 20, 20, 20, 20, 20, 163, 316, 73, 73, 73, 289, 20, 20, 320, 7, 7, 30, 324, 324, 3, 464, 464, 464, 486, 486, 486, 460, 460, 215, 215, 349, 205, 205, 205, 261, 261, 261, 25, 420, 420, 324, 324, 324, 464, 464, 331, 139, 426, 426, 319, 348, 348, 94, 219, 219, 398, 464, 464, 340, 116, 94, 199, 302, 302, 497, 122, 122, 129, 129, 36, 342, 172, 115, 273, 273, 151, 486, 460, 240, 215, 35, 35, 259, 354, 29, 420, 286, 286, 286, 278, 374, 374, 324, 219, 219, 219, 246, 246, 477, 477, 132, 132, 375, 375, 375, 98, 98, 98, 143, 129, 401, 401, 82, 20, 208, 208, 441, 441, 441, 441, 441, 153, 153, 375, 98, 98, 98, 98, 263, 193, 17, 83, 83, 443, 254, 438, 438, 438, 438, 438, 438, 438, 438, 438, 438, 438, 438, 438, 438, 438, 438, 438, 438, 438, 438, 438, 438, 438, 438, 438, 438, 438, 438, 438, 438, 438, 438, 438, 438, 438, 438, 438, 438, 438, 438, 438, 438, 438, 438, 438, 438, 438, 438, 438, 438, 438, 438, 438, 438, 438, 438, 438, 438, 438, 438, 438, 438, 438, 438, 438, 438, 438, 438, 438, 438, 438, 438, 438, 438, 438, 438, 438, 438, 438, 438, 438, 438, 438, 438, 438, 438, 438, 438, 438, 438, 438, 438, 438, 438, 438, 438, 438, 438, 438, 438, 438, 438, 438, 438, 438, 438, 438, 438, 438, 438, 438, 438, 438, 438, 438, 438, 438, 438, 438, 438, 438, 438, 438, 438, 438, 438, 438, 438, 438, 438, 438, 438, 438, 438, 438, 438, 438, 438, 438, 438, 438, 438, 438, 438, 438, 438, 438, 438, 438, 438, 438, 438, 438, 438, 438, 438, 438, 438, 438, 438, 438, 438, 438, 438, 438, 438, 438, 438, 438, 438, 438, 438, 438, 438, 438, 438, 438, 438, 438, 438, 438, 438, 438, 438, 438, 438, 438, 438, 438, 438, 438, 438, 438, 438, 438, 438, 438, 438, 438, 438, 438, 438, 438, 438, 438, 438, 438, 438, 438, 438, 438, 438, 438, 438, 438, 438, 438, 438, 438, 438, 438, 438, 438, 438, 438, 438, 438, 438, 438, 438, 438, 438, 438, 438, 438, 438, 438, 438, 438, 438, 438, 438, 438, 438, 438, 438, 438, 438, 438, 438, 438, 438, 438, 438, 438, 438, 438, 438, 438, 438, 438, 438, 438, 438, 438, 438, 438, 438, 438, 438, 438, 438]

ep462
Train step Loss: [0.16264936327934265, 0.08836907148361206, 0.23437325656414032, 0.03037715144455433, 0.044940680265426636, 0.33270230889320374, 0.24962930381298065, 0.37505021691322327, 0.3173121213912964, 0.135872483253479, 0.02304706908762455, 0.20116651058197021, 0.3667392134666443, 0.11195968836545944, 0.18024812638759613, 0.05268210172653198, 0.0025505241937935352, 0.0764804258942604, 0.15478602051734924, 0.0033111306838691235, 0.23771779239177704, 0.1858699470758438, 0.17848630249500275, 0.2629440426826477, 0.11719802767038345, 0.09759169071912766, 0.07355199754238129, 0.12658971548080444, 0.002706321654841304, 0.13807830214500427, 0.27832669019699097, 0.17590610682964325, 0.05290154740214348, 0.10049676150083542, 0.003514325013384223, 0.002383558312430978, 0.16305167973041534, 0.06348378956317902, 0.03302207961678505, 0.029939936473965645, 0.186607226729393, 0.020059173926711082, 0.019499868154525757, 0.0024416004307568073, 0.22020752727985382, 0.12091794610023499, 0.0597897544503212, 0.09062021225690842, 0.12727294862270355, 0.16011659801006317, 0.07613103836774826, 0.00216368748806417, 0.1235237717628479, 0.2094237059354782, 0.46159303188323975, 0.21353423595428467, 0.15299092233181, 0.0028025615029037, 0.08281129598617554, 0.29688963294029236, 0.2881421446800232, 0.1633625626564026, 0.0852588415145874]
val step Loss: [0.1705346256494522, 0.43819546699523926, 0.001997151179239154, 0.24144068360328674, 0.6078296899795532, 0.26110905408859253, 0.01095688808709383, 0.569398820400238, 0.25989508628845215, 0.4269700050354004, 0.3066166341304779, 0.6844792366027832, 0.6409266591072083, 0.02006341703236103, 0.30667874217033386, 0.8470914959907532]
Train step Accs: [0.9548717948717949, 0.9755363683935112, 0.9354057841763282, 0.9925857275254866, 0.988468074775431, 0.9194904773682909, 0.9348648648648649, 0.9036144578313253, 0.9183370452858204, 0.9621079445948097, 0.9947128980695931, 0.9483915126625599, 0.9035579304053174, 0.973421926910299, 0.9545888449474976, 0.9850514736990551, 1.0, 0.9785946265131384, 0.9575971731448764, 0.9998492386552088, 0.9359748097612175, 0.9473813320250215, 0.9545980707395498, 0.9280437352245863, 0.968728474996556, 0.9761869325792528, 0.9804618117229129, 0.9646210368757654, 1.0, 0.9608478466315648, 0.9286265432098766, 0.9520904816368027, 0.9840732910500353, 0.9737348734873488, 0.9998566513761468, 1.0, 0.9584169773444221, 0.9830930537352556, 0.9908798972382787, 0.992257217847769, 0.9511255567593596, 0.99543205177008, 0.9960326721120186, 1.0, 0.9393816110659072, 0.9659180977542933, 0.9834838709677419, 0.9753180661577608, 0.966387788052253, 0.9543108873505349, 0.9781065088757397, 1.0, 0.9681093394077449, 0.9445123815346989, 0.8740731431444012, 0.9463923952002493, 0.9554737194509542, 0.9998711672249421, 0.9790835282785193, 0.9190131028714803, 0.9216332741567335, 0.955308012347336, 0.9763481551561022]
val step Accs: [0.9584431889516636, 0.8980319640734381, 1.0, 0.9427900654886939, 0.8529561671763507, 0.9316172646905876, 0.9984187223276407, 0.8636906539265452, 0.9319718690830403, 0.8985488126649076, 0.9228291111436521, 0.8234992960450531, 0.8432753383043358, 0.9966002163498686, 0.9180448364571848, 0.7870577698163905]
Preds: [17, 17, 284, 486, 460, 460, 169, 215, 35, 35, 458, 208, 441, 441, 100, 153, 387, 497, 122, 129, 129, 129, 458, 208, 441, 441, 346, 481, 481, 405, 206, 98, 98, 263, 263, 13, 414, 414, 414, 170, 170, 170, 170, 28, 28, 28, 28, 28, 28, 28, 20, 28, 2, 28, 2, 40, 2, 2, 2, 2, 2, 435, 435, 2, 2, 366, 366, 366, 163, 366, 20, 316, 316, 316, 73, 20, 73, 73, 289, 320, 83, 287, 111, 111, 111, 240, 186, 99, 54, 54, 338, 338, 338, 338, 400, 400, 400, 444, 213, 213, 213, 246, 246, 246, 246, 246, 246, 422, 186, 99, 338, 338, 338, 338, 338, 400, 400, 400, 485, 485, 286, 374, 374, 374, 132, 132, 132, 132, 132, 132, 132, 132, 132, 132, 132, 132, 132, 132, 413, 381, 381, 117, 117, 117, 197, 197, 197, 197, 197, 401, 401, 401, 320, 354, 420, 213, 213, 213, 213, 246, 246, 246, 301, 378, 132, 43, 43, 43, 43, 276, 276, 174, 174, 174, 480, 480, 480, 480, 85, 282, 282, 282, 388, 303, 303, 309, 309, 479, 398, 324, 278, 301, 143, 143, 129, 196, 7, 7, 70, 65, 65, 265, 428, 428, 428, 146, 146, 207, 207, 3, 358, 358, 143, 129, 414, 197, 197, 226, 197, 197, 7, 79, 456, 374, 374, 374, 374, 374, 132, 132, 43, 132, 132, 132, 132, 132, 132, 132, 132, 399, 8, 53, 345, 65, 134, 223, 130, 129, 129, 196, 196, 196, 473, 473, 429, 213, 41, 324, 246, 246, 19, 19, 454, 454, 454, 78, 78, 78, 170, 170, 170, 47, 47, 47, 47, 20, 2, 2, 2, 2, 2, 2, 316, 316, 73, 73, 73, 73, 20, 320, 83, 287, 287, 284, 319, 319, 203, 53, 250, 250, 276, 276, 174, 109, 109, 409, 146, 324, 324, 324, 464, 301, 26, 251, 251, 251, 241, 241, 331, 443, 443, 319, 330, 388, 348, 33, 466, 466, 199, 81, 81, 290, 290, 290, 171, 434, 246, 434, 301, 301, 8, 129, 239, 32, 354, 354, 106, 284, 405, 206, 240, 215, 35, 36, 77, 342, 9, 142, 219, 485, 152, 374, 374, 153, 153, 153, 153, 182, 182, 43, 276, 276, 346, 346, 346, 319, 428, 85, 330, 388, 388, 94, 199, 398, 324, 340, 116, 116, 466, 466, 331, 250, 153, 153, 43, 43, 182, 182, 153, 182, 387, 387, 387, 387, 240, 240, 385, 35, 35, 483, 226, 226, 14, 155, 25, 106, 100, 387, 387, 122, 122, 122, 36, 269, 9, 397, 494, 494, 416, 8, 280, 114, 180, 443, 240, 240, 94, 199, 464, 464, 464, 464, 120, 330, 253, 368, 216, 280, 280, 283, 494, 313, 99, 99, 436, 395, 395, 395, 106, 125, 125, 125, 348, 348, 64, 394, 76, 239, 384, 107, 395, 485, 286, 286, 139, 139, 496, 496, 496, 274, 274, 43, 8, 129, 458, 208, 441, 437, 346, 426, 426, 426, 348, 348, 303, 303, 303, 303, 303, 48, 48, 401, 401, 7, 7, 219, 398, 286, 286, 286, 374, 468, 468, 337, 337, 41, 41, 19, 19, 454, 454, 229, 78, 78, 170, 170, 170, 170, 47, 47, 47, 47, 47, 2, 2, 2, 2, 2, 2, 20, 2, 2, 163, 316, 316, 73, 73, 73, 20, 289, 320, 188, 188, 324, 324, 301, 339, 33, 466, 250, 331, 65, 65, 153, 387, 293, 497, 122, 43, 129, 458, 208, 208, 106, 106, 284, 284, 319, 319, 319, 203, 381, 381, 303, 303, 117, 48, 48, 48, 48, 414, 414, 414, 47, 20, 80, 47, 80, 80, 80]

ep463
Train step Loss: [0.07991772145032883, 0.11328157037496567, 0.06282437592744827, 0.189654141664505, 0.01493117492645979, 0.09443074464797974, 0.06733667850494385, 0.014237371273338795, 0.09120168536901474, 0.17466014623641968, 0.0026362892240285873, 0.13012544810771942, 0.113068126142025, 0.16839897632598877, 0.3743372857570648, 0.253032386302948, 0.12658831477165222, 0.002238949527963996, 0.010840467177331448, 0.20445100963115692, 0.42203474044799805, 0.0996580719947815, 0.3196781873703003, 0.13190589845180511, 0.002253166167065501, 0.15929988026618958, 0.24168850481510162, 0.2015850991010666, 0.18424351513385773, 0.11849229037761688, 0.16252581775188446, 0.2163367122411728, 0.002497814828529954, 0.2864367365837097, 0.12639398872852325, 0.01118019875138998, 0.1300017535686493, 0.1384764015674591, 0.24461834132671356, 0.18069252371788025, 0.010070724412798882, 0.05628333240747452, 0.36619070172309875, 0.33098965883255005, 0.31565213203430176, 0.08899404853582382, 0.0024322625249624252, 0.18140465021133423, 0.045982155948877335, 0.16883695125579834, 0.00250634946860373, 0.07195289433002472, 0.011964852921664715, 0.13965129852294922, 0.07054435461759567, 0.34745919704437256, 0.12494276463985443, 0.058619074523448944, 0.06848017871379852, 0.002784452401101589, 0.13047970831394196, 0.23644983768463135, 0.10419853031635284]
val step Loss: [0.4804314374923706, 0.28784146904945374, 0.17182490229606628, 0.220791295170784, 0.20551511645317078, 0.39602217078208923, 0.5713443160057068, 0.607192873954773, 0.43238258361816406, 0.46148666739463806, 0.23506547510623932, 0.42476820945739746, 0.19272737205028534, 0.31779345870018005, 0.17229598760604858, 0.5990868806838989]
Train step Accs: [0.9784975137750302, 0.9716096324461343, 0.9832718651211801, 0.9481826185385486, 0.996550083273852, 0.9737363072456117, 0.9822449952335558, 0.996620628856891, 0.9763686490744388, 0.9520827661312279, 1.0, 0.9647058823529412, 0.9707154330903249, 0.953901996370236, 0.8979647218453188, 0.9288107202680067, 0.9653162343340134, 1.0, 0.9973132036847492, 0.9494815208721085, 0.8825365122955936, 0.9762829961141632, 0.9141284403669725, 0.9637262984336357, 1.0, 0.9571354571354571, 0.9385954309198598, 0.945069588392064, 0.9517601043024772, 0.9711497666525244, 0.954740800429761, 0.9435334379010409, 1.0, 0.9204288939051919, 0.9641304347826087, 0.9981835964789716, 0.9650522041763341, 0.9654368399396516, 0.9352832186341979, 0.9522254682935212, 0.9977474306631001, 0.9872068230277186, 0.9037824406405301, 0.9121203599550056, 0.9180618975139523, 0.9751975683890578, 1.0, 0.951691424291599, 0.9874981396041077, 0.9537484467761977, 1.0, 0.9818154265797848, 0.9973094170403587, 0.9611498505763484, 0.9808875507265349, 0.9010568234032776, 0.965677293269818, 0.9823105823418911, 0.9816645179773671, 1.0, 0.9660319094184251, 0.935680751173709, 0.9733401691873879]
val step Accs: [0.8790045766590389, 0.9311685055165496, 0.9584446423271, 0.9439739413680782, 0.9460949464012252, 0.8954074074074074, 0.8652898067954697, 0.853759919385313, 0.893455098934551, 0.8840110351445364, 0.9460586319218242, 0.8939460892620416, 0.9546117921774664, 0.9190865892291447, 0.9595382329409076, 0.8548387096774194]
Preds: [17, 17, 287, 287, 284, 284, 480, 480, 85, 85, 240, 240, 240, 314, 325, 34, 300, 242, 242, 196, 217, 217, 473, 473, 398, 398, 398, 171, 171, 171, 171, 246, 246, 246, 246, 246, 246, 246, 246, 318, 49, 49, 269, 323, 323, 219, 213, 213, 213, 213, 246, 360, 360, 360, 246, 246, 19, 19, 19, 19, 454, 454, 454, 454, 414, 414, 414, 170, 82, 47, 47, 47, 80, 80, 80, 75, 373, 66, 66, 323, 323, 323, 273, 273, 106, 106, 153, 497, 497, 274, 122, 35, 458, 445, 445, 445, 351, 351, 351, 403, 403, 403, 290, 290, 290, 290, 434, 434, 434, 434, 434, 434, 434, 434, 434, 434, 434, 246, 19, 248, 259, 465, 445, 445, 445, 445, 351, 171, 171, 171, 171, 171, 252, 143, 445, 445, 464, 464, 443, 403, 171, 171, 240, 252, 143, 143, 458, 183, 74, 25, 420, 420, 213, 213, 213, 213, 246, 246, 246, 246, 246, 246, 246, 246, 246, 246, 197, 7, 198, 22, 258, 258, 38, 31, 31, 162, 232, 232, 232, 172, 172, 115, 115, 267, 267, 267, 286, 286, 286, 286, 286, 468, 468, 42, 42, 42, 147, 42, 42, 42, 345, 88, 288, 288, 360, 360, 360, 434, 434, 434, 318, 368, 49, 453, 453, 219, 219, 219, 324, 324, 464, 464, 464, 464, 464, 180, 315, 315, 315, 315, 282, 282, 450, 450, 413, 413, 175, 43, 276, 276, 153, 153, 153, 182, 182, 182, 182, 182, 182, 182, 375, 375, 98, 98, 98, 98, 13, 229, 229, 414, 312, 312, 312, 187, 23, 23, 23, 23, 12, 12, 260, 260, 391, 391, 73, 244, 73, 244, 321, 321, 321, 287, 287, 353, 353, 306, 372, 467, 467, 499, 499, 486, 460, 460, 460, 150, 150, 150, 342, 342, 224, 168, 494, 494, 494, 494, 38, 478, 342, 342, 172, 115, 273, 273, 273, 319, 319, 319, 319, 388, 348, 348, 348, 250, 250, 398, 398, 398, 398, 464, 464, 464, 464, 443, 443, 139, 282, 282, 282, 282, 388, 203, 399, 70, 65, 431, 65, 443, 443, 443, 443, 146, 438, 438, 219, 219, 324, 324, 324, 324, 301, 301, 132, 58, 337, 337, 464, 464, 464, 264, 120, 120, 376, 376, 460, 460, 263, 263, 263, 263, 263, 13, 78, 170, 170, 170, 170, 244, 28, 28, 2, 2, 244, 341, 341, 12, 12, 12, 63, 63, 63, 163, 163, 163, 244, 316, 244, 73, 73, 321, 320, 7, 7, 7, 309, 479, 479, 331, 398, 290, 290, 360, 360, 360, 360, 434, 434, 434, 434, 434, 434, 3, 335, 14, 287, 145, 111, 111, 111, 450, 450, 450, 43, 182, 497, 43, 43, 345, 109, 109, 109, 290, 290, 324, 324, 324, 324, 301, 301, 143, 259, 192, 192, 79, 420, 420, 213, 213, 213, 246, 246, 246, 246, 19, 19, 454, 454, 197, 401, 401, 321, 320, 209, 156, 498, 498, 498, 498, 468, 468, 468, 468, 288, 120, 120, 120, 282, 282, 37, 37, 271, 243, 243, 310, 310, 310, 338, 338, 338, 338, 338, 338, 338, 447, 447, 193, 17, 83, 443, 55, 55, 55, 55, 438, 438, 438, 438, 438, 438, 438, 438, 438, 438, 438, 438, 438, 438, 438, 438, 438, 438, 438, 438, 438, 438, 438, 438, 438, 438, 438, 438, 438, 438, 438, 438, 438, 438, 438, 438, 438, 438, 438, 438, 438, 438, 438, 438, 438, 438, 438, 438, 438, 438, 438, 438, 438, 438, 438, 438, 438, 438, 438, 438, 438, 438, 438, 438, 438, 438, 438, 438, 438, 438, 438, 438, 438, 438, 438, 438, 438]

ep464
Train step Loss: [0.39851832389831543, 0.13558809459209442, 0.17152857780456543, 0.002312813652679324, 0.002465166850015521, 0.31148600578308105, 0.34697744250297546, 0.43250566720962524, 0.39878034591674805, 0.002135045826435089, 0.35421404242515564, 0.36188194155693054, 0.012889206409454346, 0.16285185515880585, 0.053058456629514694, 0.026247629895806313, 0.17283961176872253, 0.02646555006504059, 0.24559251964092255, 0.23017728328704834, 0.10304870456457138, 0.14994464814662933, 0.09930646419525146, 0.1330338716506958, 0.12513935565948486, 0.36920517683029175, 0.03626590967178345, 0.09874790906906128, 0.11537265032529831, 0.19390983879566193, 0.3946117162704468, 0.03944185748696327, 0.22378025949001312, 0.03287292271852493, 0.19194340705871582, 0.049532122910022736, 0.06187613308429718, 0.20118917524814606, 0.10165589302778244, 0.34097176790237427, 0.18714211881160736, 0.14400935173034668, 0.019435923546552658, 0.15697135031223297, 0.0031678201630711555, 0.12073914706707001, 0.11593428254127502, 0.2763657867908478, 0.09215230494737625, 0.13116295635700226, 0.01010825578123331, 0.2869011163711548, 0.2708362340927124, 0.27274876832962036, 0.05327099189162254, 0.015230820514261723, 0.05527893826365471, 0.1770286113023758, 0.01629430241882801, 0.1530316025018692, 0.2331411987543106, 0.27401918172836304, 0.4175006151199341]
val step Loss: [0.30245786905288696, 0.004813048522919416, 0.2695697844028473, 0.5850405693054199, 0.43837812542915344, 0.349426805973053, 0.35635167360305786, 0.4058113396167755, 0.3830370306968689, 0.7942361831665039, 0.24160434305667877, 0.35874703526496887, 0.2775227725505829, 0.20461682975292206, 0.2902432680130005, 0.5848062634468079]
Train step Accs: [0.8925962006819289, 0.9619381832905926, 0.9509467530817131, 1.0, 1.0, 0.9241237113402062, 0.9127476724755311, 0.8870664830349317, 0.8959283131583085, 1.0, 0.9064171122994652, 0.9036516853932585, 0.9971830985915493, 0.9567214700193424, 0.9858174655285621, 0.9931744562702453, 0.9557699536398947, 0.9935009889799379, 0.9334582942830365, 0.9365344467640918, 0.9719755826859046, 0.9568506584477444, 0.9714644877435575, 0.9641559299636604, 0.9686511755809157, 0.9016814272878962, 0.990439449849044, 0.9756963407973784, 0.9675376088677752, 0.9464263822483756, 0.9152643335815339, 0.9895914245766662, 0.9449283130108536, 0.9914818386370942, 0.950815494393476, 0.9882717054894934, 0.9835575485799701, 0.9455334190231363, 0.9705696602248326, 0.906988188976378, 0.9524022679797075, 0.9584348767939345, 0.9956527466736925, 0.9586074561403509, 0.9998459167950693, 0.9692393736017897, 0.9696715583508037, 0.9220673792450277, 0.9746819809806101, 0.9637402210356389, 0.9977317833853133, 0.9261253797293565, 0.9269055061312815, 0.9253619943275115, 0.9867034621174109, 0.9960352986315386, 0.9840425531914894, 0.955440563461262, 0.99639930469332, 0.9593308335736949, 0.9418473492918912, 0.9279700654817586, 0.887066541705717]
val step Accs: [0.9244383934649422, 0.9993543388429752, 0.9295277507302824, 0.8496147153865274, 0.8956649522409993, 0.9114137086903304, 0.9125454790459507, 0.8960487183118538, 0.9144624292670088, 0.8004643962848297, 0.9411607381652848, 0.9079403344884737, 0.9337190952130457, 0.949150121411227, 0.9247096515818983, 0.8538037486218302]
Preds: [17, 287, 111, 111, 111, 111, 293, 43, 43, 43, 364, 276, 276, 153, 153, 387, 387, 387, 42, 406, 495, 406, 406, 380, 499, 499, 284, 284, 426, 426, 426, 426, 426, 426, 426, 426, 426, 413, 348, 348, 195, 10, 10, 309, 479, 331, 331, 307, 307, 426, 426, 61, 167, 167, 35, 35, 36, 77, 478, 342, 68, 68, 115, 115, 267, 267, 448, 464, 464, 464, 464, 180, 486, 284, 265, 85, 85, 85, 240, 285, 285, 285, 34, 134, 134, 132, 132, 251, 251, 251, 241, 431, 486, 486, 460, 240, 167, 35, 77, 342, 342, 224, 224, 494, 422, 99, 99, 99, 338, 338, 338, 338, 400, 400, 400, 324, 324, 246, 246, 246, 246, 422, 99, 99, 338, 338, 338, 338, 338, 400, 400, 400, 374, 374, 374, 374, 374, 374, 132, 132, 132, 100, 497, 497, 129, 129, 129, 401, 401, 401, 208, 74, 213, 213, 213, 213, 301, 143, 129, 259, 401, 354, 354, 354, 351, 213, 213, 213, 3, 143, 251, 280, 280, 280, 280, 180, 180, 286, 213, 213, 213, 246, 246, 246, 454, 454, 229, 170, 47, 47, 47, 47, 80, 392, 187, 392, 126, 408, 408, 244, 392, 244, 244, 244, 244, 244, 316, 73, 244, 73, 73, 244, 320, 287, 66, 68, 115, 115, 115, 115, 267, 267, 213, 213, 213, 246, 246, 246, 246, 246, 246, 246, 246, 246, 246, 246, 8, 8, 354, 354, 354, 354, 354, 180, 84, 376, 376, 376, 263, 35, 35, 36, 36, 77, 68, 172, 172, 115, 267, 267, 219, 374, 374, 132, 132, 43, 43, 182, 182, 182, 182, 182, 43, 43, 276, 276, 276, 346, 346, 346, 284, 206, 460, 460, 460, 206, 263, 263, 414, 414, 414, 170, 170, 47, 47, 47, 47, 47, 392, 392, 47, 2, 2, 2, 392, 392, 73, 73, 73, 320, 320, 7, 7, 70, 473, 443, 443, 416, 339, 116, 94, 94, 398, 195, 331, 284, 495, 88, 324, 324, 324, 324, 324, 3, 246, 246, 99, 99, 338, 338, 338, 338, 338, 338, 400, 400, 213, 464, 464, 464, 355, 314, 314, 239, 239, 133, 32, 384, 354, 100, 98, 250, 250, 250, 76, 76, 239, 239, 239, 354, 445, 213, 213, 264, 403, 171, 171, 416, 32, 208, 445, 180, 464, 240, 171, 252, 314, 239, 354, 354, 354, 180, 420, 213, 213, 213, 246, 246, 246, 246, 246, 246, 454, 454, 229, 414, 170, 47, 47, 126, 126, 408, 408, 391, 391, 244, 73, 73, 73, 73, 7, 320, 7, 345, 345, 70, 153, 153, 284, 284, 387, 387, 240, 35, 35, 35, 354, 180, 287, 287, 209, 188, 324, 139, 139, 139, 139, 43, 236, 236, 36, 342, 68, 342, 9, 494, 106, 387, 43, 122, 239, 239, 208, 27, 106, 284, 443, 203, 94, 94, 398, 398, 398, 171, 207, 207, 318, 368, 453, 453, 453, 106, 301, 301, 99, 99, 338, 436, 436, 60, 106, 397, 106, 426, 426, 413, 381, 299, 219, 99, 338, 338, 338, 338, 338, 400, 400, 400, 213, 213, 324, 3, 464, 3, 143, 162, 338, 338, 338, 338, 338, 338, 395, 180, 151, 151, 240, 240, 94, 94, 241, 241, 431, 284, 376, 460, 85, 240, 146, 219, 219, 219, 219, 219, 324, 301, 301, 246, 246, 246, 246, 246, 19, 454, 229, 414, 414, 47, 47, 47, 47, 80, 80, 421, 421, 421, 84, 421, 25, 98, 98, 98, 7, 7, 7, 345, 219, 251, 42, 42, 42, 147, 380, 313, 337, 434, 19, 19, 454, 454, 17, 414, 17, 464, 264, 264, 264, 264, 264, 403]

ep465
Train step Loss: [0.2868778109550476, 0.002348223701119423, 0.0742313489317894, 0.19702160358428955, 0.23209641873836517, 0.20510241389274597, 0.23590855300426483, 0.09414001554250717, 0.04593398794531822, 0.2239910066127777, 0.08146301656961441, 0.011401540599763393, 0.10240285843610764, 0.07004428654909134, 0.03575673699378967, 0.2177300751209259, 0.03759391978383064, 0.36625492572784424, 0.28176477551460266, 0.08508613705635071, 0.16203992068767548, 0.24773898720741272, 0.1295630931854248, 0.20145918428897858, 0.2558800280094147, 0.0024697338230907917, 0.1764710694551468, 0.349220335483551, 0.1735302358865738, 0.14038905501365662, 0.09004106372594833, 0.09498732537031174, 0.0025895601138472557, 0.07566994428634644, 0.11803019046783447, 0.12725500762462616, 0.2390846610069275, 0.06151912361383438, 0.07887597382068634, 0.34077683091163635, 0.14908479154109955, 0.07375430315732956, 0.054724596440792084, 0.16929252445697784, 0.13091501593589783, 0.23331883549690247, 0.08783251792192459, 0.20198939740657806, 0.03338717669248581, 0.16380612552165985, 0.07754386961460114, 0.19877399504184723, 0.19000443816184998, 0.002717583905905485, 0.20915700495243073, 0.058629442006349564, 0.002401441102847457, 0.002224971307441592, 0.08883963525295258, 0.15226761996746063, 0.0062026455998420715, 0.002114178379997611, 0.20498248934745789]
val step Loss: [0.16193972527980804, 0.3077576756477356, 0.4308120906352997, 0.2999165654182434, 0.5738832354545593, 0.05581051483750343, 0.4328913986682892, 0.4139499068260193, 0.4057101607322693, 0.507379412651062, 0.25843000411987305, 0.20348618924617767, 0.4783896505832672, 0.5320371985435486, 0.2612605094909668, 0.04401637986302376]
Train step Accs: [0.9256597549481621, 1.0, 0.9800557880055788, 0.9500458295142071, 0.9393572677154767, 0.9451203385347792, 0.938415939403919, 0.9735366029052208, 0.9873587150505652, 0.9406748238783834, 0.9791666666666666, 0.9976747190285493, 0.9727891156462585, 0.980266893810335, 0.9911746804625685, 0.9373616356296393, 0.9906386252885355, 0.9019502353732347, 0.9227376019248763, 0.9771074602747105, 0.9555256064690026, 0.9306691699074695, 0.9648325979756034, 0.9475290697674419, 0.9317863261174272, 1.0, 0.9553033487459717, 0.9048660470202297, 0.9511528608027328, 0.964728056004308, 0.9734867433716858, 0.9735755573905863, 1.0, 0.9816833181955797, 0.9682018927444795, 0.9680780899617465, 0.9346429920664904, 0.9843103694194837, 0.9792141230068337, 0.9096108417257243, 0.962714013950539, 0.9815296566077003, 0.9846418641599365, 0.9566543790517351, 0.9653968735771741, 0.93513645820585, 0.9781473336998351, 0.9444522373404405, 0.9908627920910725, 0.9554730983302412, 0.9784014307332508, 0.9472878111040204, 0.9469826533105302, 0.99987320907823, 0.9404598959759102, 0.9853235490326885, 1.0, 1.0, 0.9757350109128258, 0.9577411646333794, 0.9986168741355463, 1.0, 0.9457967377666249]
val step Accs: [0.9566602049293824, 0.9225617413143574, 0.8903077512450517, 0.9251567944250871, 0.8619784067697694, 0.9865214431586113, 0.8870805127466513, 0.8953946474663769, 0.8960769030917122, 0.8733929227378474, 0.9343702579666161, 0.9521586931155193, 0.8823923829958429, 0.8802258368060223, 0.9334742776603242, 0.9889029003783102]
Preds: [17, 287, 319, 319, 61, 240, 215, 35, 35, 75, 77, 227, 238, 272, 397, 441, 441, 350, 350, 348, 348, 250, 250, 199, 250, 250, 250, 132, 88, 88, 81, 431, 284, 284, 315, 284, 284, 206, 206, 169, 215, 35, 259, 354, 114, 114, 114, 470, 264, 403, 403, 264, 264, 264, 264, 264, 264, 264, 264, 264, 264, 264, 468, 468, 468, 406, 467, 337, 337, 264, 264, 171, 330, 330, 116, 10, 479, 479, 331, 65, 307, 426, 426, 426, 413, 348, 94, 94, 199, 331, 145, 486, 460, 169, 169, 150, 150, 342, 342, 224, 224, 494, 324, 422, 99, 99, 99, 338, 338, 338, 338, 400, 400, 213, 213, 213, 246, 246, 246, 246, 246, 246, 99, 99, 99, 338, 338, 338, 400, 400, 400, 324, 360, 374, 374, 374, 42, 42, 42, 147, 456, 288, 337, 420, 324, 324, 324, 246, 301, 301, 301, 143, 259, 196, 196, 473, 398, 360, 360, 360, 434, 434, 434, 434, 318, 77, 77, 342, 342, 342, 115, 168, 267, 267, 339, 339, 33, 398, 398, 398, 398, 398, 464, 468, 245, 245, 42, 43, 43, 441, 153, 153, 153, 387, 387, 122, 122, 122, 81, 398, 398, 398, 398, 464, 464, 464, 315, 315, 282, 282, 282, 282, 282, 263, 263, 263, 229, 259, 247, 312, 312, 126, 23, 23, 23, 23, 23, 23, 23, 23, 260, 101, 101, 101, 101, 149, 149, 321, 320, 320, 7, 276, 276, 153, 346, 346, 346, 346, 206, 206, 206, 206, 167, 35, 192, 445, 445, 351, 139, 139, 139, 139, 293, 293, 122, 186, 162, 54, 224, 224, 273, 494, 497, 175, 175, 81, 81, 443, 443, 443, 330, 388, 94, 199, 199, 331, 290, 290, 290, 434, 368, 368, 453, 453, 168, 168, 278, 278, 99, 99, 338, 436, 436, 395, 395, 106, 139, 139, 293, 293, 413, 122, 77, 77, 478, 342, 68, 342, 115, 273, 267, 267, 267, 444, 213, 246, 246, 246, 246, 19, 454, 454, 454, 414, 170, 237, 237, 249, 249, 47, 20, 249, 47, 20, 47, 80, 73, 289, 321, 320, 287, 287, 287, 268, 268, 206, 206, 206, 169, 215, 35, 35, 259, 259, 441, 148, 148, 153, 153, 153, 387, 372, 372, 372, 467, 467, 467, 467, 245, 245, 245, 43, 43, 276, 473, 65, 65, 46, 46, 438, 146, 438, 219, 219, 464, 464, 286, 468, 468, 337, 337, 337, 464, 464, 464, 180, 315, 486, 315, 460, 460, 460, 169, 349, 349, 349, 234, 234, 261, 25, 25, 499, 499, 265, 265, 376, 376, 85, 460, 263, 263, 263, 263, 414, 414, 414, 414, 312, 312, 312, 15, 15, 292, 292, 23, 12, 12, 260, 163, 391, 244, 391, 244, 244, 73, 244, 320, 320, 287, 287, 287, 287, 287, 265, 265, 265, 85, 85, 85, 85, 85, 146, 207, 207, 207, 19, 19, 193, 254, 254, 438, 438, 438, 438, 438, 438, 438, 438, 438, 438, 438, 438, 438, 438, 438, 438, 438, 438, 438, 438, 438, 438, 438, 438, 438, 438, 438, 438, 438, 438, 438, 438, 438, 438, 438, 438, 438, 438, 438, 438, 438, 438, 438, 438, 438, 438, 438, 438, 438, 438, 438, 438, 438, 438, 438, 438, 438, 438, 438, 438, 438, 438, 438, 438, 438, 438, 438, 438, 438, 438, 438, 438, 438, 438, 438, 438, 438, 438, 438, 438, 438, 438, 438, 438, 438, 438, 438, 438, 438, 438, 438, 438, 438, 438, 438, 438, 438, 438, 438, 438, 438, 438, 438, 438, 438, 438, 438, 438, 438, 438, 438, 438, 438, 438, 438, 438, 438, 438, 438, 438]

