ep389
Train step Loss: [0.2579316794872284, 0.05048901587724686, 0.2875118851661682, 0.14242947101593018, 0.3165074288845062, 0.260036826133728, 0.32891929149627686, 0.04576154798269272, 0.6067233681678772, 0.15544526278972626, 0.04148236662149429, 0.524617075920105, 0.28881198167800903, 0.15884844958782196, 0.11769069731235504, 0.7376928329467773, 0.4685525596141815, 0.5104913711547852, 0.5062185525894165, 0.007209877483546734, 0.21211206912994385, 0.3648277223110199, 0.28055667877197266, 0.2763091027736664, 0.413379043340683, 0.265010267496109, 0.32526689767837524, 0.06134562939405441, 0.3637021481990814, 0.32976168394088745, 0.38280409574508667, 0.322103887796402, 0.1146189421415329, 0.44845879077911377, 0.022146400064229965, 0.14891201257705688, 0.047351136803627014, 0.22473467886447906, 0.18576538562774658, 0.25344109535217285, 0.18986958265304565, 0.3095312714576721, 0.5997335314750671, 0.42086273431777954, 0.1870998591184616, 0.2984432280063629, 0.2500111758708954, 0.2904520630836487, 0.6136348247528076, 0.21087022125720978, 0.5146181583404541, 0.5638500452041626, 0.47032037377357483, 0.0986139252781868, 0.18570010364055634, 0.19811172783374786, 0.15392045676708221, 0.23909200727939606, 0.1323062926530838, 0.6041998267173767, 0.1723933219909668, 0.2700912356376648, 0.31984391808509827]
val step Loss: [0.6009308695793152, 0.37366780638694763, 0.6872299909591675, 0.523937463760376, 0.3444654941558838, 0.8259970545768738, 0.4458957016468048, 0.33420538902282715, 0.6393718719482422, 0.4137769341468811, 0.7762410640716553, 1.0317556858062744, 0.11991517245769501, 0.37708741426467896, 0.4093266427516937, 0.4450317919254303]
Train step Accs: [0.9332413100765466, 0.9884645982498012, 0.922031076581576, 0.9635055255718324, 0.9176310415248469, 0.9312267657992565, 0.9215128679084317, 0.9893588362068966, 0.8459362139917695, 0.961753590325019, 0.9904648390941597, 0.863941427699817, 0.9271712496596788, 0.9593100398053959, 0.9713541666666666, 0.8191669930800366, 0.8807559222784136, 0.8702301635372501, 0.8718347715376998, 0.9995647758595677, 0.9488323665030493, 0.9045787318525872, 0.92445304000967, 0.9274725274725275, 0.8970669618151632, 0.9315144766146993, 0.91292984869326, 0.9832256078793475, 0.9105348900352973, 0.9186445738169876, 0.900990099009901, 0.9185156847742922, 0.9752956636005257, 0.8807281858129316, 0.9960619228680065, 0.9613787897848786, 0.9887427098874271, 0.9436619718309859, 0.9543281996813595, 0.9334315563889632, 0.952985837348518, 0.921680216802168, 0.8873013324771232, 0.8912495020581596, 0.9543834640057021, 0.9231642694928085, 0.93696, 0.9263751071909837, 0.8560285563194078, 0.9455077086656034, 0.8663547856871918, 0.8641742872512104, 0.8828873066535723, 0.9763008076261088, 0.9522071025555924, 0.9504187159377908, 0.9624452915431314, 0.9389081455805892, 0.9671291930486327, 0.8575236572037852, 0.9593979256261067, 0.9298923544024289, 0.9211273760104872]
val step Accs: [0.8564872757613684, 0.9075684798130599, 0.8301014511365096, 0.8816454831214979, 0.9178647904557968, 0.8014696058784235, 0.8966816403419794, 0.920449925464155, 0.8477919108189224, 0.9046968869470234, 0.8049081436797367, 0.743099207433725, 0.9701370978688747, 0.9043762432509236, 0.8996455201075663, 0.8891304347826087]
Preds: [17, 196, 217, 217, 217, 217, 217, 473, 473, 65, 264, 264, 264, 264, 264, 264, 264, 264, 264, 264, 468, 468, 468, 467, 337, 337, 337, 324, 328, 3, 454, 197, 197, 197, 259, 354, 345, 109, 109, 109, 285, 288, 285, 313, 313, 337, 337, 337, 360, 360, 360, 360, 434, 434, 434, 200, 200, 398, 398, 324, 434, 434, 339, 339, 33, 33, 250, 250, 250, 250, 345, 153, 100, 424, 424, 424, 424, 182, 497, 497, 497, 122, 43, 75, 208, 208, 106, 481, 481, 481, 481, 426, 426, 306, 306, 372, 396, 396, 396, 313, 313, 406, 406, 495, 380, 134, 84, 84, 84, 375, 375, 375, 375, 375, 375, 98, 98, 98, 48, 48, 48, 48, 414, 414, 170, 170, 170, 170, 170, 170, 187, 187, 187, 12, 12, 12, 12, 12, 12, 12, 408, 408, 408, 391, 391, 321, 75, 478, 66, 66, 232, 172, 172, 172, 115, 267, 267, 267, 444, 374, 374, 374, 374, 139, 139, 293, 293, 497, 349, 349, 349, 349, 234, 234, 234, 261, 261, 25, 25, 30, 324, 324, 324, 464, 464, 464, 464, 180, 486, 486, 486, 486, 315, 315, 315, 315, 282, 282, 282, 388, 203, 53, 466, 466, 22, 448, 448, 448, 448, 324, 464, 464, 464, 464, 464, 315, 315, 315, 315, 315, 480, 480, 480, 480, 480, 282, 282, 282, 85, 299, 313, 334, 382, 406, 406, 406, 406, 406, 406, 380, 467, 467, 499, 302, 100, 375, 98, 375, 98, 98, 98, 13, 13, 414, 414, 414, 414, 414, 414, 414, 170, 187, 187, 187, 187, 187, 187, 391, 391, 244, 244, 244, 320, 320, 320, 83, 300, 222, 374, 337, 337, 313, 313, 24, 24, 310, 310, 107, 107, 395, 395, 485, 286, 464, 139, 139, 139, 139, 496, 216, 216, 81, 81, 81, 139, 139, 139, 240, 240, 186, 99, 107, 107, 107, 400, 400, 152, 422, 143, 143, 458, 144, 144, 27, 27, 27, 437, 437, 284, 284, 405, 405, 405, 206, 460, 460, 215, 35, 35, 35, 35, 441, 437, 100, 100, 426, 426, 375, 375, 98, 98, 98, 263, 263, 13, 13, 13, 414, 170, 170, 237, 237, 28, 244, 2, 2, 341, 2, 341, 12, 63, 63, 408, 408, 63, 391, 73, 73, 244, 321, 321, 412, 287, 287, 287, 486, 486, 460, 460, 460, 150, 150, 342, 342, 342, 342, 224, 224, 196, 116, 94, 479, 199, 464, 464, 443, 443, 258, 31, 31, 342, 232, 172, 172, 115, 273, 273, 151, 151, 486, 460, 240, 240, 35, 310, 310, 107, 161, 395, 395, 487, 494, 116, 285, 81, 302, 302, 302, 497, 497, 497, 497, 458, 208, 208, 441, 100, 153, 153, 387, 387, 387, 387, 372, 372, 406, 467, 467, 467, 467, 337, 41, 41, 41, 19, 19, 19, 19, 454, 454, 454, 454, 414, 414, 414, 102, 102, 47, 47, 170, 47, 392, 392, 392, 392, 392, 73, 244, 320, 320, 7, 7, 7, 217, 217, 217, 217, 473, 65, 65, 264, 264, 264, 264, 264, 264, 264, 264, 264, 264, 468, 468, 468, 468, 468, 467, 337, 337, 41, 41, 41, 19, 19, 19, 19, 454, 17, 403, 403, 403, 403, 403, 403, 403, 403, 403, 403, 403, 403, 403, 403, 403, 403, 403, 403, 403, 403, 403, 403, 403, 403, 403, 403, 403, 403, 403, 403, 403, 403, 403, 403, 403, 403, 403, 403, 403, 403, 403, 403, 403, 403, 403, 403, 403, 403, 403, 403, 403, 403, 403, 403, 403, 403, 403, 403, 403, 403, 403, 403, 403, 403, 403, 403, 403, 403, 403, 403, 403, 403, 403]

ep390
Train step Loss: [0.17324750125408173, 0.623198926448822, 0.2810986638069153, 0.1545928567647934, 0.21673069894313812, 0.40032362937927246, 0.2425525188446045, 0.19747287034988403, 0.3179279565811157, 0.21463176608085632, 0.4339413642883301, 0.14548146724700928, 0.10376773774623871, 0.1537742167711258, 0.28405988216400146, 0.2165302336215973, 0.15253297984600067, 0.2216275930404663, 0.1360122710466385, 0.38223758339881897, 0.1898351013660431, 0.37823063135147095, 0.4630514681339264, 0.19205497205257416, 0.006304481998085976, 0.2516348958015442, 0.30091285705566406, 0.19743411242961884, 0.3805305063724518, 0.16908735036849976, 0.2775338292121887, 0.250201940536499, 0.3532574474811554, 0.34733545780181885, 0.17020413279533386, 0.20238040387630463, 0.43378496170043945, 0.33179953694343567, 0.07183308899402618, 0.0047827051021158695, 0.4472763240337372, 0.2573033273220062, 0.3937561810016632, 0.32309868931770325, 0.13580861687660217, 0.21589545905590057, 0.5618383884429932, 0.1013001874089241, 0.5140113830566406, 0.2740691602230072, 0.5766650438308716, 0.014562314376235008, 0.44783586263656616, 0.12665410339832306, 0.5179410576820374, 0.5003180503845215, 0.3895156681537628, 0.2060268372297287, 0.16233699023723602, 0.15087711811065674, 0.32860490679740906, 0.008778855204582214, 0.7107409238815308]
val step Loss: [0.907420814037323, 0.6318714022636414, 0.4564815163612366, 0.1843443363904953, 0.9494010806083679, 0.5546548962593079, 0.22596539556980133, 0.6782222986221313, 0.37078869342803955, 0.15507492423057556, 0.524779200553894, 1.221693754196167, 0.4944378733634949, 0.42263346910476685, 0.2746236026287079, 0.6197684407234192]
Train step Accs: [0.9533324393187609, 0.8414141414141414, 0.9265010351966874, 0.9617204899777283, 0.9455665024630542, 0.8955285674855092, 0.9385317407059455, 0.9471766848816029, 0.9193785772690106, 0.9479638009049773, 0.9187602403058438, 0.9617905452517083, 0.9731914320355651, 0.9621325361235675, 0.9269336594313665, 0.9463513123738102, 0.9616004690019053, 0.9416526653429051, 0.96637703060068, 0.8975879261555046, 0.950960901259112, 0.9113814074717637, 0.882762385696738, 0.9524847428073234, 0.9998865183840218, 0.9333514320618976, 0.9197747183979975, 0.948570586501621, 0.9058502227971827, 0.9553051875696422, 0.926226012793177, 0.9355484387510008, 0.9256176154672395, 0.9134295227524972, 0.9577668498698293, 0.9501010611419909, 0.89120694483338, 0.9168150597812261, 0.9811194429566149, 1.0, 0.891324942482068, 0.9392101551480959, 0.9022099447513812, 0.9165616334761785, 0.9625850340136054, 0.9439139206455952, 0.8543253027087754, 0.976324395029431, 0.8650950570342205, 0.9364494249483928, 0.8585161115624154, 0.998092443140132, 0.886382740263379, 0.9682375726275017, 0.8668543845534996, 0.8735163649442513, 0.9029941949282004, 0.9498377501352082, 0.9600805943835788, 0.9633783783783784, 0.9202564102564103, 0.999182895274411, 0.8513251454427925]
val step Accs: [0.7725929382485612, 0.841133175947785, 0.8868221116059732, 0.957027614024201, 0.773043254376931, 0.8689555759402438, 0.9457806200472682, 0.8261808367071525, 0.908429841098842, 0.9601835605344851, 0.8718917601170161, 0.7212098202986585, 0.881727946316231, 0.8948755490483162, 0.9334538878842676, 0.8589249262871399]
Preds: [17, 17, 7, 217, 217, 217, 217, 217, 473, 473, 331, 443, 443, 443, 330, 330, 330, 330, 388, 64, 76, 76, 310, 99, 338, 338, 107, 395, 395, 106, 106, 153, 153, 481, 387, 387, 206, 167, 167, 35, 35, 35, 401, 7, 196, 217, 473, 65, 65, 222, 313, 313, 313, 285, 285, 337, 337, 290, 290, 290, 434, 434, 434, 339, 339, 199, 398, 464, 464, 464, 340, 340, 340, 116, 94, 199, 199, 84, 84, 84, 153, 43, 182, 182, 182, 182, 182, 497, 497, 497, 497, 497, 497, 43, 43, 259, 208, 208, 441, 106, 346, 346, 346, 265, 265, 265, 265, 85, 85, 85, 146, 468, 468, 468, 406, 406, 467, 467, 467, 467, 134, 375, 375, 375, 375, 98, 98, 48, 48, 48, 13, 13, 170, 82, 321, 187, 187, 170, 187, 2, 341, 341, 341, 260, 260, 260, 391, 391, 321, 320, 320, 320, 7, 7, 479, 479, 398, 290, 290, 290, 360, 360, 434, 252, 143, 465, 310, 161, 161, 395, 395, 395, 444, 213, 213, 360, 360, 360, 434, 434, 434, 434, 434, 398, 331, 331, 331, 180, 443, 486, 376, 376, 376, 376, 376, 282, 282, 460, 263, 263, 263, 414, 414, 414, 247, 312, 312, 126, 292, 292, 292, 23, 23, 23, 23, 23, 260, 391, 391, 391, 391, 391, 73, 244, 244, 320, 320, 320, 320, 7, 473, 473, 473, 290, 290, 290, 171, 171, 171, 434, 434, 252, 143, 36, 310, 310, 107, 107, 107, 107, 400, 400, 213, 213, 213, 213, 246, 246, 246, 246, 19, 19, 19, 454, 197, 197, 197, 414, 414, 414, 80, 225, 66, 66, 66, 68, 68, 115, 115, 273, 273, 486, 486, 486, 460, 460, 240, 240, 35, 183, 183, 183, 30, 30, 324, 324, 286, 464, 464, 464, 464, 139, 330, 330, 116, 116, 33, 250, 250, 147, 473, 398, 324, 324, 324, 324, 318, 318, 368, 368, 478, 453, 342, 342, 115, 168, 273, 273, 273, 265, 265, 376, 376, 460, 460, 460, 178, 178, 35, 35, 440, 287, 287, 111, 111, 111, 438, 438, 169, 150, 162, 232, 232, 172, 172, 115, 267, 267, 444, 286, 278, 139, 139, 139, 302, 497, 497, 497, 98, 14, 259, 440, 437, 287, 287, 125, 125, 125, 413, 348, 348, 216, 212, 219, 448, 448, 324, 464, 464, 374, 374, 374, 313, 251, 94, 199, 331, 134, 134, 153, 497, 497, 43, 43, 43, 364, 364, 100, 100, 153, 100, 182, 182, 182, 182, 98, 98, 98, 13, 13, 414, 414, 237, 237, 237, 237, 237, 237, 237, 237, 47, 47, 80, 80, 73, 73, 244, 321, 321, 320, 287, 287, 481, 297, 297, 293, 497, 497, 122, 122, 8, 8, 280, 354, 100, 100, 100, 346, 346, 426, 426, 426, 98, 98, 98, 98, 263, 193, 17, 83, 403, 403, 403, 403, 403, 403, 403, 403, 403, 403, 403, 403, 403, 403, 403, 403, 403, 403, 403, 403, 403, 403, 403, 403, 403, 403, 403, 403, 403, 403, 403, 403, 403, 403, 403, 403, 403, 403, 403, 403, 403, 403, 403, 403, 403, 403, 403, 403, 403, 403, 403, 403, 403, 403, 403, 403, 403, 403, 403, 403, 403, 403, 403, 403, 403, 403, 403, 403, 403, 403, 403, 403, 403, 403, 403, 403, 403, 403, 403, 403, 403, 403, 403, 403, 403, 403, 403, 403, 403, 403, 403, 403, 403, 403, 403, 403, 403, 403, 403, 403, 403, 403, 403, 403, 403, 403, 403, 403, 403, 403, 403, 403, 403, 403, 403, 403, 403, 403, 403, 403, 403, 403, 403, 403, 403, 403, 403, 403, 403, 403]

ep391
Train step Loss: [0.337634414434433, 0.14744801819324493, 0.2572158873081207, 0.32422447204589844, 0.3101789951324463, 0.08209193497896194, 0.2547791600227356, 0.07197779417037964, 0.08955606073141098, 0.5438518524169922, 0.2789887487888336, 0.06673091650009155, 0.4302891492843628, 0.08958383649587631, 0.6618515253067017, 0.21674855053424835, 0.5929636359214783, 0.6795414090156555, 0.4521556496620178, 0.33228522539138794, 0.49960845708847046, 0.06578432023525238, 0.13164152204990387, 0.3741380572319031, 0.3186904489994049, 0.23262004554271698, 0.24215906858444214, 0.271371990442276, 0.19757826626300812, 0.5018624067306519, 0.19359925389289856, 0.19989190995693207, 0.4783934950828552, 0.43318477272987366, 0.46731534600257874, 0.09915599972009659, 0.5133633017539978, 0.2565058469772339, 0.21686048805713654, 0.46368324756622314, 0.13078710436820984, 0.22476622462272644, 0.455081969499588, 0.16700786352157593, 0.11774829775094986, 0.34639108180999756, 0.4357413947582245, 0.3859470784664154, 0.4042344093322754, 0.33727261424064636, 0.10742384940385818, 0.21060065925121307, 0.16808471083641052, 0.046670299023389816, 0.06341594457626343, 0.3148578107357025, 0.3296772837638855, 0.17200428247451782, 0.1754305064678192, 0.31312817335128784, 0.4240032732486725, 0.2422640472650528, 0.34338727593421936]
val step Loss: [0.5962231755256653, 0.8818514943122864, 0.6579422354698181, 0.45676499605178833, 0.34186962246894836, 0.7537693381309509, 0.32325422763824463, 0.3867787718772888, 0.5134524703025818, 0.6414813995361328, 0.32296645641326904, 0.8389462828636169, 0.6847529411315918, 0.6899865865707397, 0.2554260492324829, 0.5858937501907349]
Train step Accs: [0.9160951408142419, 0.9639862542955326, 0.935622914349277, 0.9173882185947481, 0.9237736900780379, 0.9812848420493762, 0.9354954523695548, 0.9816645179773671, 0.9770684846606755, 0.8615551341099973, 0.9332872928176795, 0.9851013110846245, 0.8888599687662676, 0.9813708759954494, 0.8316787672247741, 0.9459025955088948, 0.8512174405436014, 0.8405931417979611, 0.8860971524288107, 0.912994980479643, 0.8728645704382273, 0.9846629560915275, 0.9673243883188635, 0.901432594587976, 0.9160455080423695, 0.9408224674022067, 0.9394953297086296, 0.9295042474958793, 0.948395061728395, 0.8677184466019418, 0.9495752260893395, 0.949704530531845, 0.9005215621422211, 0.8876375065479308, 0.8797401219835588, 0.9743800520619262, 0.8717298451681794, 0.9313812858052196, 0.9499704840613932, 0.8853784910906104, 0.9676054635561465, 0.9409561184445238, 0.882319255547602, 0.9615185281160923, 0.9691994572591588, 0.9110451138452835, 0.8884640738299275, 0.9020235842189547, 0.8982686887666085, 0.9143540669856459, 0.9713266973703759, 0.947239263803681, 0.9541688244432937, 0.990152193375112, 0.9842032099077468, 0.9180896848535333, 0.9166920499543101, 0.9599886893821575, 0.9561815336463224, 0.9194200473999721, 0.8945634266886326, 0.9383200324631408, 0.9108354785864732]
val step Accs: [0.8555587557603687, 0.7759388924252069, 0.8325165753819544, 0.8863000931966449, 0.9217177626959981, 0.8270461664169958, 0.9218726923644956, 0.9033945890760592, 0.8690998902305159, 0.8301383563927321, 0.921896223852214, 0.8034055727554179, 0.8381058807095964, 0.8428610132755351, 0.93671826625387, 0.8597947150032759]
Preds: [17, 296, 481, 481, 293, 98, 98, 129, 129, 129, 401, 401, 401, 401, 354, 208, 441, 441, 346, 426, 426, 426, 206, 240, 129, 263, 13, 401, 170, 170, 170, 80, 80, 80, 80, 80, 80, 7, 7, 32, 32, 473, 109, 286, 286, 264, 468, 468, 264, 468, 406, 406, 406, 467, 467, 337, 337, 337, 324, 171, 171, 324, 246, 246, 3, 3, 14, 226, 226, 226, 226, 7, 32, 473, 464, 464, 360, 434, 339, 217, 70, 250, 250, 70, 138, 138, 387, 182, 182, 182, 182, 182, 43, 98, 98, 48, 32, 197, 280, 100, 375, 375, 497, 122, 129, 32, 32, 259, 208, 441, 441, 153, 481, 405, 405, 426, 206, 167, 167, 406, 285, 382, 382, 313, 313, 199, 324, 134, 375, 375, 375, 182, 182, 98, 98, 98, 48, 170, 170, 170, 170, 170, 170, 47, 47, 47, 47, 47, 47, 47, 47, 80, 80, 80, 73, 320, 7, 7, 309, 398, 398, 324, 422, 143, 129, 401, 458, 465, 27, 180, 486, 486, 315, 315, 450, 450, 203, 388, 64, 64, 212, 212, 76, 465, 106, 213, 464, 301, 464, 464, 464, 355, 120, 460, 169, 169, 263, 263, 170, 170, 170, 47, 47, 47, 47, 47, 28, 28, 2, 28, 2, 2, 2, 2, 2, 2, 2, 2, 2, 2, 2, 316, 73, 73, 73, 73, 289, 320, 83, 287, 460, 460, 460, 178, 35, 35, 35, 77, 172, 172, 172, 172, 115, 115, 267, 267, 213, 213, 213, 246, 246, 246, 19, 454, 454, 197, 197, 226, 226, 7, 7, 479, 331, 331, 443, 240, 240, 240, 240, 314, 32, 76, 401, 239, 107, 107, 395, 395, 374, 106, 88, 88, 88, 426, 426, 265, 85, 85, 85, 146, 240, 240, 314, 401, 310, 478, 342, 172, 115, 273, 267, 267, 213, 213, 213, 3, 246, 3, 3, 226, 226, 259, 226, 209, 209, 209, 411, 153, 153, 153, 182, 182, 182, 182, 182, 182, 182, 182, 182, 98, 426, 413, 413, 236, 239, 239, 239, 239, 401, 401, 75, 371, 213, 371, 171, 171, 171, 314, 116, 314, 239, 239, 239, 354, 473, 286, 171, 171, 171, 171, 171, 171, 434, 434, 24, 303, 303, 41, 19, 19, 19, 19, 454, 454, 454, 414, 170, 170, 170, 170, 392, 392, 28, 28, 2, 2, 2, 2, 2, 2, 2, 73, 73, 73, 73, 289, 320, 320, 83, 287, 460, 460, 460, 169, 35, 314, 36, 77, 342, 342, 224, 172, 224, 267, 213, 213, 324, 324, 3, 8, 3, 14, 14, 14, 226, 209, 287, 287, 153, 424, 424, 497, 122, 122, 129, 129, 129, 32, 441, 441, 100, 100, 153, 497, 98, 98, 98, 48, 48, 170, 170, 80, 80, 80, 80, 80, 80, 80, 287, 441, 287, 481, 293, 169, 150, 349, 234, 402, 205, 205, 441, 153, 437, 153, 481, 481, 481, 169, 98, 98, 263, 17, 219, 403, 403, 403, 403, 403, 403, 403, 403, 403, 443, 443, 443, 443, 443, 443, 403, 403, 403, 403, 403, 403, 403, 403, 403, 403, 403, 403, 403, 403, 403, 403, 403, 403, 403, 403, 403, 403, 403, 403, 403, 403, 403, 403, 403, 403, 403, 403, 403, 403, 403, 403, 403, 403, 403, 403, 403, 403, 403, 403, 403, 403, 403, 403, 403, 403, 403, 403, 403, 403, 403, 403, 403, 403, 403, 403, 403, 403, 403, 403, 403, 403, 403, 403, 403, 403, 403, 403, 403, 403, 403, 403, 403, 403, 403, 403, 403, 403, 403, 403, 403, 403, 403, 403, 403, 403, 403, 403, 403, 403, 403, 403, 403, 403, 403, 403, 403, 403]

ep392
Train step Loss: [0.008052070625126362, 0.5349785685539246, 0.1052265465259552, 0.28463035821914673, 0.3529318869113922, 0.38921400904655457, 0.09350506216287613, 0.28792428970336914, 0.7413375973701477, 0.2975798547267914, 0.1462474912405014, 0.17180998623371124, 0.33413246273994446, 0.44499173760414124, 0.5325486660003662, 0.2748369872570038, 0.4995405972003937, 0.27708756923675537, 0.17853015661239624, 0.1299319863319397, 0.5567327737808228, 0.1820753663778305, 0.1298225373029709, 0.21561206877231598, 0.29720354080200195, 0.36121776700019836, 0.4279313087463379, 0.2609367072582245, 0.005984046496450901, 0.007162850815802813, 0.202922061085701, 0.302997350692749, 0.15374913811683655, 0.28296685218811035, 0.14283451437950134, 0.320110559463501, 0.30297601222991943, 0.6025646328926086, 0.8496339917182922, 0.5052016377449036, 0.06835943460464478, 0.08321156352758408, 0.10835670679807663, 0.07007655501365662, 0.483391672372818, 0.3387563228607178, 0.48811352252960205, 0.4156619608402252, 0.11108013987541199, 0.4546738862991333, 0.4894223213195801, 0.5843839049339294, 0.15487748384475708, 0.25606057047843933, 0.559378445148468, 0.4162188172340393, 0.37009045481681824, 0.2170361578464508, 0.3612060844898224, 0.2505483627319336, 0.3875725567340851, 0.05040093883872032, 0.23335663974285126]
val step Loss: [0.173788920044899, 0.8048383593559265, 0.40668758749961853, 0.8792948126792908, 0.5262896418571472, 0.5462079644203186, 0.3959481120109558, 0.4911057949066162, 0.6304631233215332, 0.6810591220855713, 0.3906048536300659, 0.42141586542129517, 0.38667112588882446, 0.8644018173217773, 0.5149335265159607, 0.7132896780967712]
Train step Accs: [0.9994422755158952, 0.8611775254034668, 0.9722945773147051, 0.9268795056642637, 0.9106544235534179, 0.9061964591661907, 0.976940203562341, 0.9281961471103327, 0.8094218415417559, 0.9290602790207949, 0.9658836689038032, 0.9560891938250429, 0.9146521226415094, 0.8866951710261569, 0.8900343642611683, 0.9322799097065463, 0.8702572118800626, 0.9312796208530806, 0.9522193565901995, 0.9677217565369699, 0.8539987973541792, 0.9545845272206304, 0.9695885509838998, 0.9455744914788345, 0.9267060852426706, 0.9114419074050712, 0.8915128266602733, 0.9336691855583543, 1.0, 0.9998551983782218, 0.9505117243166213, 0.9246338215712383, 0.9640509725016767, 0.9287684976172561, 0.9654801880456683, 0.9165863730213352, 0.9233832212000549, 0.8423664122137404, 0.7907429015947103, 0.869024045261669, 0.9829746663034595, 0.9798927613941019, 0.9738020904031491, 0.9844509232264335, 0.8719727547931383, 0.9155161078238001, 0.8886782916350771, 0.8981170632024522, 0.9708008898776418, 0.893256728152404, 0.8718128327262539, 0.8516145901425023, 0.9573222951755638, 0.9335778321108394, 0.865024630541872, 0.894829097283085, 0.9017202293639152, 0.9446630283030841, 0.9087802313354364, 0.934672056330682, 0.8960681520314547, 0.9887780548628429, 0.9482564679415073]
val step Accs: [0.9640121404827288, 0.8, 0.9036864345038613, 0.7787599282603126, 0.8696765498652291, 0.8630176657978569, 0.9130380691714357, 0.8882179280730005, 0.8485299590621511, 0.8291254554919313, 0.9016641452344932, 0.8905408869520636, 0.9063897763578275, 0.8001893939393939, 0.8723974964874186, 0.8456209797130133]
Preds: [17, 17, 287, 287, 284, 315, 450, 450, 450, 450, 43, 43, 43, 364, 276, 276, 276, 153, 153, 182, 182, 182, 182, 182, 182, 182, 387, 98, 98, 98, 98, 197, 197, 197, 197, 82, 226, 83, 83, 83, 55, 55, 322, 322, 67, 10, 10, 309, 398, 398, 398, 301, 378, 43, 153, 153, 153, 153, 153, 387, 387, 387, 109, 146, 146, 324, 324, 422, 186, 99, 99, 338, 338, 338, 338, 338, 400, 400, 400, 278, 171, 171, 171, 378, 173, 8, 8, 100, 100, 100, 100, 497, 379, 122, 471, 243, 76, 129, 36, 478, 232, 172, 172, 115, 115, 267, 267, 324, 324, 464, 464, 464, 315, 319, 319, 319, 450, 450, 413, 250, 364, 276, 276, 276, 153, 153, 182, 182, 182, 182, 182, 182, 182, 182, 182, 413, 426, 413, 413, 303, 303, 195, 199, 199, 413, 413, 413, 413, 348, 303, 10, 10, 10, 10, 309, 309, 479, 479, 331, 331, 106, 153, 153, 481, 481, 387, 387, 387, 355, 375, 452, 263, 263, 13, 13, 170, 170, 170, 170, 20, 170, 249, 20, 28, 2, 20, 249, 249, 20, 421, 20, 2, 2, 20, 20, 20, 20, 20, 163, 316, 73, 73, 73, 289, 20, 20, 320, 7, 7, 30, 324, 324, 3, 464, 464, 464, 486, 486, 486, 460, 460, 215, 215, 349, 205, 205, 205, 261, 261, 261, 25, 420, 420, 324, 324, 324, 464, 464, 331, 139, 426, 426, 319, 348, 348, 94, 219, 219, 398, 464, 464, 340, 116, 94, 199, 302, 302, 497, 122, 122, 129, 129, 36, 342, 172, 115, 273, 273, 151, 486, 460, 240, 215, 35, 35, 259, 354, 29, 420, 286, 286, 286, 278, 374, 374, 324, 219, 219, 219, 246, 246, 477, 477, 132, 132, 375, 375, 375, 98, 98, 98, 143, 129, 401, 401, 401, 208, 20, 208, 441, 441, 153, 153, 153, 148, 153, 153, 375, 98, 98, 98, 13, 13, 17, 17, 219, 403, 403, 403, 403, 403, 403, 403, 403, 403, 403, 403, 403, 403, 403, 403, 403, 403, 403, 403, 403, 403, 403, 403, 403, 403, 403, 403, 403, 403, 403, 403, 403, 403, 403, 403, 403, 403, 403, 403, 403, 403, 403, 403, 403, 403, 403, 403, 403, 403, 403, 403, 403, 403, 403, 403, 403, 403, 403, 403, 403, 403, 403, 403, 403, 403, 403, 403, 403, 403, 403, 403, 403, 403, 403, 403, 403, 403, 403, 403, 403, 403, 403, 403, 403, 403, 403, 403, 403, 403, 403, 403, 403, 403, 403, 403, 403, 403, 403, 403, 403, 403, 403, 403, 403, 403, 403, 403, 403, 403, 403, 403, 403, 403, 403, 403, 403, 403, 403, 403, 403, 403, 403, 403, 403, 403, 403, 403, 403, 403, 403, 403, 403, 403, 403, 403, 403, 403, 403, 403, 403, 403, 403, 403, 403, 403, 403, 403, 403, 403, 403, 403, 403, 403, 403, 403, 403, 403, 403, 403, 403, 403, 403, 403, 403, 403, 403, 403, 403, 403, 403, 403, 403, 403, 403, 403, 403, 403, 403, 403, 403, 403, 403, 403, 403, 403, 403, 403, 403, 403, 403, 403, 403, 403, 403, 403, 403, 403, 403, 403, 403, 403, 403, 403, 403, 403, 403, 403, 403, 403, 403, 403, 403, 403, 403, 403, 403, 403, 403, 403, 403, 403, 403, 403, 403, 403, 403, 403, 403, 403, 403, 403, 403, 403, 403, 403, 403, 403, 403, 403, 403, 403, 403, 403, 403, 403, 403, 403, 403, 403, 403, 403, 403, 403, 403, 403, 403, 403, 403, 403, 403, 403, 403, 403, 403, 403, 403, 403, 403, 403, 403, 403, 403, 403, 403]

ep393
Train step Loss: [0.18396344780921936, 0.1939995437860489, 0.4121277630329132, 0.3112253248691559, 0.404446005821228, 0.44831582903862, 0.29628661274909973, 0.5681238174438477, 0.4291132986545563, 0.15171858668327332, 0.16454681754112244, 0.30428484082221985, 0.5879493951797485, 0.1273331642150879, 0.3292858302593231, 0.3399099111557007, 0.10638352483510971, 0.18166345357894897, 0.2889208197593689, 0.141036719083786, 0.2836764454841614, 0.12204872071743011, 0.20969106256961823, 0.2975723147392273, 0.3353433310985565, 0.11231845617294312, 0.19123369455337524, 0.2673758268356323, 0.15007050335407257, 0.30027031898498535, 0.40289074182510376, 0.4863864779472351, 0.16659359633922577, 0.23182925581932068, 0.1860891431570053, 0.10273733735084534, 0.38919657468795776, 0.41256317496299744, 0.32803332805633545, 0.3632199168205261, 0.4340062141418457, 0.1091243252158165, 0.40324482321739197, 0.14498455822467804, 0.2543918788433075, 0.6682239770889282, 0.15248091518878937, 0.405667245388031, 0.4415615499019623, 0.33191850781440735, 0.11040551215410233, 0.04955779388546944, 0.1334938406944275, 0.4717687666416168, 0.653302788734436, 0.4595758020877838, 0.39178889989852905, 0.21926534175872803, 0.27240243554115295, 0.4686838686466217, 0.4588913917541504, 0.25055089592933655, 0.37581631541252136]
val step Loss: [0.5287308692932129, 0.6382328867912292, 0.0818154588341713, 0.6193867921829224, 1.014750599861145, 0.5746349692344666, 0.02763419970870018, 0.5904732346534729, 0.4054619073867798, 0.4255144000053406, 0.3976585268974304, 0.8172987699508667, 0.8650931119918823, 0.13076788187026978, 0.5394908785820007, 1.0459043979644775]
Train step Accs: [0.953076923076923, 0.9488487702773417, 0.8942540451012868, 0.9207599629286376, 0.8992473901432386, 0.9126885975760574, 0.9286486486486486, 0.8610645112093945, 0.8932442464736451, 0.960675051743353, 0.9597934341571376, 0.923750855578371, 0.8488205395542813, 0.9712624584717608, 0.9264966589390426, 0.9111549851924975, 0.970520892959359, 0.9549749040448775, 0.9280198926842036, 0.9663802201115634, 0.9256100760955129, 0.9694590948117258, 0.9488102893890675, 0.9233156028368794, 0.9165174266427882, 0.9735079624944188, 0.9510276579548338, 0.9323717512586747, 0.9644693782141187, 0.9196705818820035, 0.9012345679012346, 0.8769856398525862, 0.9575757575757575, 0.9405940594059405, 0.9538417431192661, 0.9745001795762002, 0.905936334958417, 0.9018348623853211, 0.9098265895953758, 0.9043307086614173, 0.8937041049717106, 0.9739880725796218, 0.8969661610268378, 0.9633182844243793, 0.9339571467317602, 0.8281373844121532, 0.9611612903225807, 0.8954198473282443, 0.8861001027447527, 0.9142857142857143, 0.9720414201183432, 0.989174956114687, 0.9651986838774994, 0.8751146438398043, 0.8284529345230615, 0.8848371513168147, 0.8968865082022096, 0.9431847461994332, 0.9306453832393009, 0.8822135489266797, 0.8818158762363683, 0.9343712253388807, 0.9001892147587511]
val step Accs: [0.8793471437539234, 0.8531237617223616, 0.9802530941454596, 0.8561720004942543, 0.7594291539245668, 0.8556942277691107, 0.9960468058191019, 0.8598088981785608, 0.8985664051934, 0.9003957783641161, 0.9010103968370186, 0.7926532701907077, 0.7850041425020713, 0.9686292690465153, 0.8616930050226632, 0.7472010747872817]
Preds: [17, 17, 284, 486, 460, 460, 169, 215, 35, 35, 458, 208, 441, 441, 100, 153, 387, 497, 122, 129, 129, 129, 458, 208, 441, 441, 346, 481, 481, 405, 206, 98, 98, 263, 263, 13, 414, 414, 414, 170, 170, 170, 170, 28, 28, 28, 28, 28, 28, 28, 20, 28, 2, 28, 2, 40, 2, 2, 2, 2, 2, 435, 435, 2, 2, 366, 366, 366, 163, 366, 20, 316, 316, 316, 73, 20, 73, 73, 289, 320, 83, 287, 111, 111, 111, 240, 186, 99, 54, 54, 338, 338, 338, 338, 400, 400, 400, 444, 213, 213, 213, 246, 246, 246, 246, 246, 246, 422, 186, 99, 338, 338, 338, 338, 338, 400, 400, 400, 485, 485, 286, 374, 374, 374, 132, 132, 132, 132, 132, 132, 132, 132, 132, 132, 132, 132, 132, 132, 413, 381, 381, 117, 117, 117, 197, 197, 197, 197, 197, 401, 401, 401, 401, 320, 354, 420, 213, 213, 213, 213, 246, 246, 246, 8, 43, 132, 43, 364, 364, 364, 276, 276, 174, 174, 319, 480, 480, 480, 480, 85, 282, 282, 282, 388, 303, 303, 309, 309, 331, 398, 324, 278, 143, 129, 129, 259, 196, 217, 217, 70, 65, 284, 265, 428, 85, 146, 146, 146, 207, 207, 3, 358, 358, 129, 401, 414, 197, 197, 209, 226, 197, 7, 79, 456, 374, 374, 132, 132, 132, 132, 132, 43, 132, 132, 132, 132, 132, 132, 132, 132, 399, 8, 53, 345, 65, 132, 130, 130, 129, 401, 196, 196, 196, 473, 398, 429, 213, 19, 324, 246, 246, 19, 454, 454, 454, 414, 170, 170, 170, 170, 170, 170, 47, 47, 47, 47, 2, 2, 2, 2, 2, 2, 2, 73, 73, 73, 73, 73, 73, 320, 7, 83, 287, 111, 284, 319, 319, 53, 53, 250, 250, 276, 276, 174, 109, 146, 409, 146, 324, 324, 324, 464, 301, 251, 251, 241, 241, 431, 431, 331, 443, 443, 319, 330, 388, 64, 33, 466, 466, 331, 324, 324, 290, 290, 290, 171, 434, 246, 434, 8, 8, 8, 259, 354, 354, 354, 354, 106, 284, 206, 206, 240, 35, 35, 77, 342, 342, 9, 221, 219, 485, 374, 374, 374, 153, 153, 153, 182, 182, 182, 43, 276, 276, 346, 346, 346, 319, 428, 146, 330, 388, 94, 94, 199, 324, 324, 116, 33, 33, 466, 466, 331, 250, 153, 153, 43, 43, 182, 182, 182, 182, 387, 387, 387, 387, 236, 314, 35, 36, 36, 226, 226, 226, 209, 155, 25, 284, 100, 387, 387, 122, 129, 36, 36, 269, 9, 397, 494, 494, 129, 8, 280, 180, 180, 443, 240, 240, 94, 199, 464, 464, 464, 180, 120, 330, 253, 368, 216, 280, 280, 337, 399, 313, 99, 436, 436, 395, 374, 374, 106, 319, 319, 348, 348, 64, 64, 76, 76, 239, 371, 395, 180, 485, 286, 286, 139, 139, 496, 496, 496, 274, 43, 8, 8, 259, 208, 208, 441, 437, 346, 426, 426, 426, 348, 348, 303, 303, 303, 303, 303, 48, 48, 401, 401, 7, 7, 219, 398, 286, 286, 286, 374, 468, 468, 337, 337, 41, 19, 19, 19, 454, 454, 229, 170, 170, 170, 170, 170, 170, 47, 47, 47, 47, 47, 2, 2, 2, 2, 2, 2, 2, 2, 2, 163, 316, 316, 73, 73, 73, 320, 320, 320, 188, 188, 324, 301, 301, 339, 33, 466, 250, 331, 65, 284, 153, 387, 293, 497, 122, 43, 129, 208, 208, 441, 106, 481, 284, 405, 319, 319, 388, 203, 381, 381, 303, 303, 117, 48, 48, 48, 170, 170, 170, 170, 47, 47, 80, 47, 80, 80]

ep394
Train step Loss: [0.19548238813877106, 0.2331310361623764, 0.3550363779067993, 0.33710432052612305, 0.10203304141759872, 0.3653090298175812, 0.18993274867534637, 0.035503704100847244, 0.22798192501068115, 0.4862724542617798, 0.029105087742209435, 0.15269717574119568, 0.300606369972229, 0.35351571440696716, 0.5243129134178162, 0.3436637818813324, 0.14558300375938416, 0.005254179704934359, 0.05823031812906265, 0.32919031381607056, 0.4976006746292114, 0.24827323853969574, 0.35931944847106934, 0.41524577140808105, 0.07818128913640976, 0.24079746007919312, 0.36185574531555176, 0.23316609859466553, 0.3750384449958801, 0.4015273451805115, 0.37116551399230957, 0.2573135197162628, 0.005637060385197401, 0.3163144886493683, 0.26895013451576233, 0.1165427714586258, 0.5061016082763672, 0.3119141757488251, 0.46529754996299744, 0.30946457386016846, 0.1644943654537201, 0.5688411593437195, 0.6681433916091919, 0.5818052291870117, 0.5189336538314819, 0.15588384866714478, 0.16847290098667145, 0.2861010432243347, 0.3120783567428589, 0.31650424003601074, 0.40307968854904175, 0.17135079205036163, 0.1436314880847931, 0.4451989233493805, 0.10449793934822083, 0.37686559557914734, 0.2775680422782898, 0.3551817238330841, 0.1470702439546585, 0.31617382168769836, 0.2205420583486557, 0.2674211263656616, 0.583977222442627]
val step Loss: [0.8016809225082397, 0.4804423153400421, 0.6814224123954773, 0.41224321722984314, 0.2831263244152069, 0.5249910354614258, 0.727910041809082, 0.8424032330513, 0.8268204927444458, 0.5735624432563782, 0.4142075777053833, 0.6257252097129822, 0.19638550281524658, 0.3604980409145355, 0.3786815106868744, 0.6494624018669128]
Train step Accs: [0.9508130627603817, 0.9435994930291508, 0.9092465753424658, 0.9115834486228147, 0.9735902926481085, 0.9066913026263693, 0.952097235462345, 0.9928004701733765, 0.9461730340028883, 0.8755785461475633, 0.993968117190866, 0.9605042016806723, 0.9232670208822439, 0.9051421657592257, 0.8645861601085482, 0.907154821727686, 0.9637132031477703, 1.0, 0.9855424769703173, 0.9202339803243819, 0.8674322806141556, 0.939970521238108, 0.9060550458715596, 0.8948062654575433, 0.9793526042360463, 0.9384874384874385, 0.9110358999153874, 0.9428486822623631, 0.9072866869477039, 0.8984584924338849, 0.9047810905183992, 0.9374019677741338, 1.0, 0.914785553047404, 0.9323671497584541, 0.970518373620232, 0.8697795823665894, 0.9204498697023727, 0.8800952885124405, 0.9221515724351264, 0.9566380402646769, 0.8603411513859275, 0.8440088348978465, 0.8543307086614174, 0.8736681887366818, 0.9597568389057751, 0.9571486322598033, 0.928723005866933, 0.9221610358684328, 0.9127433383956924, 0.8994520547945205, 0.9551447188968025, 0.9648729446935725, 0.8828803187704568, 0.9719858620238251, 0.8969214274774084, 0.9268352265787224, 0.9118659987476518, 0.9633290359547343, 0.9189594797398699, 0.9451878538342768, 0.9294209702660406, 0.9074596257369905]
val step Accs: [0.8052059496567505, 0.8797642928786359, 0.8352626892252895, 0.9003257328990228, 0.925114854517611, 0.8657777777777778, 0.8290473017988008, 0.7965738758029979, 0.8084959180849591, 0.8583423293750749, 0.9047557003257329, 0.846074532331713, 0.9540280210157618, 0.9110348468848997, 0.9114184478226083, 0.8406947890818859]
Preds: [17, 17, 287, 287, 284, 284, 480, 480, 85, 85, 240, 240, 240, 314, 325, 34, 300, 242, 242, 196, 217, 217, 473, 473, 398, 398, 398, 171, 171, 171, 171, 246, 246, 246, 246, 246, 246, 246, 246, 318, 49, 49, 269, 323, 323, 219, 213, 213, 213, 213, 246, 360, 360, 360, 246, 246, 19, 19, 19, 19, 454, 454, 454, 454, 414, 414, 414, 170, 82, 47, 47, 47, 80, 80, 80, 75, 373, 66, 66, 323, 323, 323, 273, 273, 106, 106, 153, 497, 497, 274, 122, 35, 458, 445, 445, 445, 351, 351, 351, 403, 403, 403, 290, 290, 290, 290, 434, 434, 434, 434, 434, 434, 434, 434, 434, 434, 434, 246, 19, 248, 259, 465, 445, 445, 445, 445, 351, 171, 171, 171, 171, 171, 252, 143, 445, 445, 464, 464, 443, 403, 171, 171, 240, 252, 143, 143, 458, 183, 74, 25, 420, 420, 213, 213, 213, 213, 246, 246, 246, 246, 246, 246, 246, 246, 246, 246, 197, 7, 198, 22, 258, 258, 38, 31, 31, 162, 232, 232, 232, 172, 172, 115, 115, 267, 267, 267, 286, 286, 286, 286, 286, 468, 468, 42, 42, 42, 147, 42, 42, 42, 345, 88, 288, 288, 360, 360, 360, 434, 434, 434, 318, 368, 49, 453, 453, 219, 219, 219, 324, 324, 464, 464, 464, 464, 464, 180, 315, 315, 315, 315, 282, 282, 450, 450, 413, 413, 175, 43, 276, 276, 153, 153, 153, 182, 182, 182, 182, 182, 182, 182, 375, 375, 98, 98, 98, 98, 13, 229, 229, 414, 312, 312, 312, 187, 23, 23, 23, 23, 12, 12, 260, 260, 391, 391, 73, 244, 73, 244, 321, 321, 321, 287, 287, 353, 353, 306, 372, 467, 467, 499, 499, 486, 460, 460, 460, 150, 150, 150, 342, 342, 224, 168, 494, 494, 494, 494, 38, 478, 342, 342, 172, 115, 273, 273, 273, 319, 319, 319, 319, 388, 348, 348, 348, 250, 250, 398, 398, 398, 398, 464, 464, 464, 464, 443, 443, 139, 282, 282, 282, 282, 388, 203, 399, 70, 65, 431, 65, 443, 443, 443, 443, 146, 438, 438, 219, 219, 324, 324, 324, 324, 301, 301, 132, 58, 337, 337, 464, 464, 464, 264, 120, 120, 376, 376, 460, 460, 263, 263, 263, 263, 263, 13, 78, 170, 170, 170, 170, 244, 28, 28, 2, 2, 244, 341, 341, 12, 12, 12, 63, 63, 63, 163, 163, 163, 244, 316, 244, 73, 73, 321, 320, 7, 7, 7, 309, 479, 479, 331, 398, 290, 290, 360, 360, 360, 360, 434, 434, 434, 434, 434, 434, 3, 335, 14, 287, 145, 111, 111, 111, 450, 450, 450, 43, 182, 497, 43, 43, 345, 109, 109, 109, 290, 290, 324, 324, 324, 324, 301, 301, 143, 259, 192, 192, 79, 420, 420, 213, 213, 213, 246, 246, 246, 246, 19, 19, 454, 454, 197, 401, 401, 401, 321, 320, 188, 156, 498, 498, 498, 498, 467, 467, 467, 467, 288, 120, 120, 120, 282, 282, 37, 37, 271, 243, 243, 310, 107, 107, 338, 338, 338, 338, 338, 338, 338, 447, 447, 193, 17, 171, 171, 403, 403, 403, 403, 403, 403, 403, 403, 403, 403, 403, 403, 403, 403, 403, 403, 403, 403, 403, 403, 403, 403, 403, 403, 403, 403, 403, 403, 403, 403, 403, 403, 403, 403, 403, 403, 403, 403, 403, 403, 403, 403, 403, 403, 403, 403, 403, 403, 403, 403, 403, 403, 403, 403, 403, 403, 403, 403, 403, 403, 403, 403, 403, 403, 403, 403, 403, 403, 403, 403, 403, 403, 403, 403, 403, 403, 403, 403, 403, 403]

ep395
Train step Loss: [0.5003631711006165, 0.3697074055671692, 0.43083465099334717, 0.23832596838474274, 0.09782824665307999, 0.3828873932361603, 0.5564185380935669, 0.45486724376678467, 0.5158922076225281, 0.00564314890652895, 0.5180338025093079, 0.4591071605682373, 0.019072050228714943, 0.2101948857307434, 0.07952460646629333, 0.04765373840928078, 0.41835516691207886, 0.03311837092041969, 0.2734410762786865, 0.25309881567955017, 0.12182405591011047, 0.18998563289642334, 0.2517089545726776, 0.24757441878318787, 0.2229807823896408, 0.518884003162384, 0.07325819879770279, 0.17034253478050232, 0.13608334958553314, 0.3815057873725891, 0.7406783103942871, 0.24078768491744995, 0.38498228788375854, 0.08417019993066788, 0.31837326288223267, 0.23894856870174408, 0.22553518414497375, 0.6469119191169739, 0.02308020181953907, 0.5699722170829773, 0.4736526608467102, 0.16832242906093597, 0.24743744730949402, 0.22471033036708832, 0.1488770991563797, 0.3074215054512024, 0.22492671012878418, 0.5338072180747986, 0.18610934913158417, 0.3910360038280487, 0.23440903425216675, 0.4216322898864746, 0.3698674440383911, 0.36351099610328674, 0.06550530344247818, 0.021871767938137054, 0.25856098532676697, 0.24911656975746155, 0.20996598899364471, 0.1781892627477646, 0.44966042041778564, 0.5301148891448975, 0.45792070031166077]
val step Loss: [0.5151479840278625, 0.12622039020061493, 0.46171218156814575, 0.8792709112167358, 0.5532433986663818, 0.3536226451396942, 0.7414190173149109, 0.6526222229003906, 0.5316039323806763, 0.987294614315033, 0.34963011741638184, 0.546143114566803, 0.38415560126304626, 0.664538562297821, 0.428080290555954, 0.6053950786590576]
Train step Accs: [0.8707988309790551, 0.9068700229450668, 0.8882958444529165, 0.9417668031163343, 0.9755715218811234, 0.9073539518900343, 0.8617808546192409, 0.8845624139226242, 0.8718754912749568, 0.9996787148594377, 0.8739495798319328, 0.8801966292134832, 0.9963782696177063, 0.9460831721470019, 0.9797767564018385, 0.9886626561776956, 0.8956271143966922, 0.9935009889799379, 0.9279689382782166, 0.9326374391092553, 0.9701720310765816, 0.9477444662370412, 0.9358893777498428, 0.9362405021473406, 0.9466520005499793, 0.8697214734950584, 0.9818852733981885, 0.9580830147460404, 0.9634204275534441, 0.9009439745004291, 0.8416976917349218, 0.9363057324840764, 0.9007101701728527, 0.9795885567341691, 0.9239296636085627, 0.9395667046750285, 0.9427911401005571, 0.8330655526992288, 0.9953265125678918, 0.8537155511811023, 0.8892867800656521, 0.9558624424587057, 0.9372941641417468, 0.9424342105263158, 0.962095531587057, 0.9212807606263982, 0.9438155136268344, 0.8663239074550129, 0.9540570581696924, 0.900906494474109, 0.9414516586333995, 0.8932615299640984, 0.9025006011060351, 0.9043140767278698, 0.9851981936778725, 0.9953958306688835, 0.935215493726132, 0.9384792295529683, 0.9481003228209586, 0.956734929333718, 0.8884572001503948, 0.8659628491246826, 0.8762886597938144]
val step Accs: [0.8766507828454732, 0.96900826446281, 0.8877799415774099, 0.7790206313696246, 0.8690913543962773, 0.9112607099143207, 0.8307505726990971, 0.8392578954822263, 0.8769574944071589, 0.7606811145510836, 0.9130783631987163, 0.8622871779418412, 0.91070489216202, 0.8370232823882302, 0.8926712054465359, 0.8513781697905182]
Preds: [17, 287, 111, 111, 111, 111, 293, 43, 43, 43, 364, 276, 276, 153, 153, 387, 387, 387, 42, 406, 495, 406, 406, 380, 499, 499, 284, 284, 426, 426, 426, 426, 426, 426, 426, 426, 426, 413, 348, 348, 195, 10, 10, 309, 479, 331, 331, 307, 307, 426, 426, 61, 167, 167, 35, 35, 36, 77, 478, 342, 68, 68, 115, 115, 267, 267, 448, 464, 464, 464, 464, 180, 486, 284, 265, 85, 85, 85, 240, 285, 285, 285, 34, 134, 134, 132, 132, 251, 251, 251, 241, 431, 486, 486, 460, 240, 167, 35, 77, 342, 342, 224, 224, 494, 422, 99, 99, 99, 338, 338, 338, 338, 400, 400, 400, 324, 324, 246, 246, 246, 246, 422, 99, 99, 338, 338, 338, 338, 338, 400, 400, 400, 374, 374, 374, 374, 374, 374, 132, 132, 132, 100, 497, 497, 129, 129, 129, 401, 401, 401, 401, 74, 420, 213, 213, 213, 301, 143, 129, 259, 401, 354, 354, 354, 351, 213, 213, 213, 3, 8, 251, 8, 280, 280, 280, 180, 180, 374, 213, 213, 213, 246, 246, 246, 454, 454, 170, 170, 47, 47, 47, 47, 80, 392, 312, 392, 126, 408, 408, 244, 244, 244, 392, 244, 244, 244, 73, 244, 73, 73, 73, 244, 320, 320, 66, 172, 172, 115, 115, 115, 267, 267, 213, 213, 213, 246, 246, 246, 246, 246, 246, 246, 246, 246, 246, 246, 8, 8, 354, 354, 354, 354, 354, 180, 355, 284, 284, 376, 263, 35, 35, 36, 36, 77, 68, 224, 172, 115, 267, 267, 219, 374, 374, 132, 132, 43, 153, 182, 182, 182, 182, 182, 43, 43, 276, 276, 276, 346, 182, 346, 284, 284, 376, 460, 460, 460, 263, 263, 263, 414, 414, 170, 170, 47, 47, 47, 47, 47, 392, 392, 47, 2, 2, 2, 392, 392, 392, 73, 73, 320, 320, 7, 7, 70, 473, 443, 443, 171, 360, 116, 94, 199, 398, 195, 331, 428, 495, 88, 324, 324, 324, 324, 324, 3, 246, 246, 99, 99, 338, 338, 338, 338, 338, 400, 400, 400, 213, 464, 464, 464, 355, 314, 314, 239, 239, 133, 32, 354, 354, 100, 497, 250, 250, 250, 76, 76, 239, 239, 239, 354, 445, 213, 213, 443, 171, 171, 171, 416, 32, 208, 445, 180, 464, 240, 171, 252, 314, 239, 354, 354, 354, 180, 180, 213, 213, 213, 246, 246, 246, 246, 246, 246, 19, 454, 414, 414, 170, 47, 47, 126, 408, 408, 408, 391, 391, 391, 73, 73, 73, 73, 320, 320, 7, 345, 345, 70, 276, 153, 284, 284, 387, 387, 387, 285, 35, 36, 354, 164, 226, 287, 209, 188, 213, 139, 139, 139, 139, 293, 236, 236, 36, 342, 68, 342, 9, 494, 106, 387, 43, 122, 129, 239, 208, 27, 106, 284, 443, 175, 94, 94, 199, 324, 324, 207, 207, 207, 318, 368, 453, 453, 453, 168, 494, 251, 236, 99, 436, 436, 60, 60, 60, 397, 106, 426, 426, 413, 413, 299, 219, 99, 436, 338, 338, 400, 400, 400, 400, 400, 324, 213, 324, 3, 464, 3, 143, 99, 338, 338, 338, 338, 338, 338, 395, 464, 151, 151, 240, 446, 94, 94, 241, 241, 431, 284, 486, 460, 240, 240, 146, 219, 219, 219, 219, 219, 324, 301, 301, 246, 246, 246, 246, 246, 19, 454, 454, 229, 414, 170, 47, 47, 47, 80, 80, 421, 421, 421, 374, 421, 25, 98, 98, 98, 217, 244, 7, 7, 213, 251, 42, 147, 147, 147, 147, 337, 337, 324, 19, 19, 19, 454, 454, 454, 17, 414, 120, 264, 120, 120, 120, 120]

ep396
Train step Loss: [0.4797365367412567, 0.006994991563260555, 0.09651508182287216, 0.3153879940509796, 0.4607760012149811, 0.3990994095802307, 0.6322165727615356, 0.21730655431747437, 0.20884551107883453, 0.2602650225162506, 0.12012208998203278, 0.1845557689666748, 0.28353551030158997, 0.16722838580608368, 0.11702416837215424, 0.2452787458896637, 0.13972769677639008, 0.4418875277042389, 0.3670407235622406, 0.25445541739463806, 0.2680911719799042, 0.47529011964797974, 0.17553338408470154, 0.43399345874786377, 0.5049995183944702, 0.29839402437210083, 0.3475867807865143, 0.6625853776931763, 0.2910345792770386, 0.24828512966632843, 0.09932917356491089, 0.21653872728347778, 0.07625549286603928, 0.15329690277576447, 0.1840842366218567, 0.5998213887214661, 0.36536553502082825, 0.3674466609954834, 0.23971758782863617, 0.5697668194770813, 0.1998467594385147, 0.3328654170036316, 0.10199195891618729, 0.43235617876052856, 0.31495440006256104, 0.3338964879512787, 0.5264381766319275, 0.5981143116950989, 0.15584509074687958, 0.36173751950263977, 0.18586844205856323, 0.36289623379707336, 0.2869483530521393, 0.11770221590995789, 0.36480003595352173, 0.44295209646224976, 0.06360627710819244, 0.06856968998908997, 0.2576606273651123, 0.2717756927013397, 0.15254902839660645, 0.15144699811935425, 0.5145804286003113]
val step Loss: [0.5107813477516174, 0.4513632357120514, 0.6614788770675659, 0.4212527871131897, 0.8643133044242859, 0.22049838304519653, 0.49926456809043884, 0.4847840368747711, 0.6600729823112488, 0.8263754844665527, 0.5551307201385498, 0.2804500162601471, 0.6718226075172424, 0.8517996072769165, 0.3523843586444855, 0.2532927393913269]
Train step Accs: [0.8800659754948162, 0.9995916700694161, 0.9755927475592747, 0.9234647112740605, 0.8883958585451123, 0.8988362866966411, 0.8396179812283879, 0.9470732058104415, 0.9464604402141582, 0.9333827709801014, 0.970108695652174, 0.9536235628471774, 0.9288671990535344, 0.956274843838728, 0.970785149117468, 0.9321526240395885, 0.9672993075147474, 0.8885003362474782, 0.9062959497393397, 0.9345542687853488, 0.9342318059299192, 0.8751508649590989, 0.9552296911497534, 0.8949127906976744, 0.8718268182526087, 0.9243790930433708, 0.9222362337116435, 0.8295516675779114, 0.9234842015371477, 0.9399569197630587, 0.9728197432049358, 0.9453619598128269, 0.9821682387905414, 0.9624583711777173, 0.9531861198738171, 0.853185595567867, 0.9124795365822944, 0.9094280416488375, 0.9335136674259681, 0.856396866840731, 0.9540900443880787, 0.9159729448491155, 0.974050046339203, 0.8906825981949917, 0.91971467597511, 0.9115163382694896, 0.8679219351291919, 0.8490671903492776, 0.9598562013181546, 0.9075210503781932, 0.9482734901637089, 0.9089980855137205, 0.9229171756657708, 0.9707112970711297, 0.9025458527237886, 0.9158105403602401, 0.9842173350582147, 0.9838318512530315, 0.9324688663499807, 0.9307005408124764, 0.961146737080347, 0.9626299522337736, 0.8692597239648683]
val step Accs: [0.8810578787039601, 0.8887958699595367, 0.8416549610522284, 0.8982578397212544, 0.7966151152611614, 0.9471749489448604, 0.8706610975082817, 0.8796359190327401, 0.8407378539880488, 0.7963756581364025, 0.8611532625189682, 0.9323220536756126, 0.8385409682177819, 0.7990321279741901, 0.9154334038054969, 0.935687263556116]
Preds: [17, 287, 319, 319, 61, 240, 215, 35, 35, 75, 77, 227, 238, 272, 397, 441, 441, 350, 350, 348, 348, 250, 250, 199, 250, 250, 250, 132, 88, 88, 81, 431, 284, 284, 315, 284, 284, 206, 206, 169, 215, 35, 259, 354, 114, 114, 114, 470, 264, 403, 403, 264, 264, 264, 264, 264, 264, 264, 264, 264, 264, 264, 468, 468, 468, 406, 467, 337, 337, 264, 264, 171, 330, 330, 116, 10, 479, 479, 331, 65, 307, 426, 426, 426, 413, 348, 94, 94, 199, 331, 145, 486, 460, 169, 169, 150, 150, 342, 342, 224, 224, 494, 324, 422, 99, 99, 99, 338, 338, 338, 338, 400, 400, 213, 213, 213, 246, 246, 246, 246, 246, 246, 99, 99, 99, 338, 338, 338, 400, 400, 400, 324, 360, 374, 374, 374, 42, 42, 42, 147, 456, 288, 337, 420, 324, 324, 324, 246, 301, 301, 301, 143, 259, 196, 196, 473, 398, 360, 360, 360, 434, 434, 434, 434, 318, 77, 77, 342, 342, 342, 115, 168, 267, 267, 339, 339, 33, 398, 398, 398, 398, 398, 464, 468, 245, 245, 42, 43, 43, 441, 153, 153, 153, 387, 387, 122, 122, 122, 81, 398, 398, 398, 398, 464, 464, 464, 315, 315, 282, 282, 282, 282, 282, 263, 263, 263, 229, 259, 247, 312, 312, 126, 23, 23, 23, 23, 23, 23, 23, 23, 260, 101, 101, 101, 101, 149, 149, 321, 320, 320, 7, 276, 276, 153, 346, 346, 346, 346, 206, 206, 206, 206, 167, 35, 192, 445, 445, 351, 139, 139, 139, 139, 293, 293, 122, 186, 162, 54, 224, 224, 273, 494, 497, 175, 175, 81, 81, 443, 443, 443, 330, 388, 94, 199, 199, 331, 290, 290, 290, 434, 368, 368, 453, 453, 168, 168, 278, 278, 99, 99, 338, 436, 436, 395, 395, 106, 139, 139, 293, 293, 413, 122, 77, 77, 478, 342, 68, 342, 115, 273, 267, 267, 267, 444, 213, 246, 246, 246, 246, 19, 454, 454, 454, 414, 170, 237, 237, 249, 249, 47, 20, 249, 47, 20, 47, 80, 73, 289, 321, 320, 287, 287, 287, 268, 268, 206, 206, 206, 169, 215, 35, 35, 259, 259, 441, 148, 148, 153, 153, 153, 387, 372, 372, 372, 467, 467, 467, 467, 245, 245, 245, 43, 43, 276, 473, 65, 65, 46, 46, 438, 146, 438, 219, 219, 464, 464, 286, 468, 468, 337, 337, 337, 464, 464, 464, 180, 315, 486, 315, 460, 460, 460, 169, 349, 349, 349, 234, 234, 261, 25, 25, 499, 499, 265, 265, 376, 376, 85, 460, 263, 263, 263, 263, 414, 414, 414, 414, 312, 312, 312, 15, 15, 292, 292, 23, 12, 12, 260, 163, 391, 244, 391, 244, 244, 73, 244, 320, 320, 287, 287, 287, 287, 287, 265, 265, 265, 85, 85, 85, 85, 85, 146, 207, 207, 207, 19, 19, 193, 278, 403, 403, 403, 403, 403, 403, 403, 403, 403, 403, 403, 403, 403, 403, 403, 403, 403, 403, 403, 403, 403, 403, 403, 403, 403, 403, 403, 403, 403, 403, 403, 403, 403, 403, 403, 403, 403, 403, 403, 403, 403, 403, 403, 403, 403, 403, 403, 403, 403, 403, 403, 403, 403, 403, 403, 403, 403, 403, 403, 403, 403, 403, 403, 403, 403, 403, 403, 403, 403, 403, 403, 403, 403, 403, 403, 403, 403, 403, 403, 403, 403, 403, 403, 403, 403, 403, 403, 403, 403, 403, 403, 403, 403, 403, 403, 403, 403, 403, 403, 403, 403, 403, 403, 403, 403, 403, 403, 403, 403, 403, 403, 403, 403, 403, 403, 403, 403, 403, 403, 403, 403]

ep397
Train step Loss: [0.2843075692653656, 0.33549848198890686, 0.37842902541160583, 0.3480447232723236, 0.5422481894493103, 0.11148451268672943, 0.1358337253332138, 0.06096155196428299, 0.33985885977745056, 0.6601440906524658, 0.14550918340682983, 0.27811872959136963, 0.24074909090995789, 0.2821839451789856, 0.35020962357521057, 0.22798916697502136, 0.6117051839828491, 0.28557196259498596, 0.2425992488861084, 0.47062018513679504, 0.15646523237228394, 0.23330284655094147, 0.24724265933036804, 0.13651584088802338, 0.3608010411262512, 0.4139731824398041, 0.23431280255317688, 0.07183095067739487, 0.007257675286382437, 0.47040948271751404, 0.1733083426952362, 0.2510371804237366, 0.4085167646408081, 0.18130162358283997, 0.3966532349586487, 0.4211975038051605, 0.22981955111026764, 0.21168340742588043, 0.2233894318342209, 0.11915488541126251, 0.3055667281150818, 0.476419597864151, 0.5591197609901428, 0.15202651917934418, 0.45947685837745667, 0.16412726044654846, 0.38772183656692505, 0.4839206635951996, 0.1542753428220749, 0.4592902958393097, 0.39002394676208496, 0.4274805784225464, 0.4069039225578308, 0.16877378523349762, 0.5318222045898438, 0.2833038866519928, 0.11862689256668091, 0.3987087309360504, 0.389468252658844, 0.20789538323879242, 0.20138660073280334, 0.06489133089780807, 0.17431339621543884]
val step Loss: [0.6201542615890503, 0.7338352799415588, 0.6131328344345093, 0.21767112612724304, 0.6614084839820862, 0.3315333425998688, 0.5162251591682434, 0.31826114654541016, 0.6968615055084229, 0.4038674831390381, 0.38024720549583435, 0.683315098285675, 0.7624562978744507, 0.4696158468723297, 0.6175254583358765, 0.7997239828109741]
Train step Accs: [0.9276761093005765, 0.9153231459413992, 0.9061229370963885, 0.9157593903102885, 0.8592771770062607, 0.9705209314847221, 0.9649194649194649, 0.9852454846095141, 0.9100551548578701, 0.8379052369077307, 0.9620553359683794, 0.925930781331935, 0.9432297154899895, 0.9272340990572301, 0.9101840855106889, 0.9424986210700497, 0.8409879284029416, 0.925502512562814, 0.9373440168133456, 0.8781948298524901, 0.9611337168514101, 0.9414319742188595, 0.9349616189811584, 0.9648970478789383, 0.9010069308225448, 0.8985872149951042, 0.9407202944269191, 0.9845090257329407, 0.9997247832668226, 0.8760847915777493, 0.956766917293233, 0.933397286556119, 0.8925368597051223, 0.952836201402167, 0.9007207942336461, 0.9207235967012504, 0.9370561203175045, 0.9502256770310933, 0.940957036274762, 0.9690661193373405, 0.9198703785535425, 0.8794459004118308, 0.869889431730522, 0.9627249357326478, 0.8870397064604901, 0.9601845748187212, 0.9007840342124019, 0.874616029042167, 0.9628282828282828, 0.8823960164030463, 0.8971704623878537, 0.8890979970426133, 0.8904109589041096, 0.9566463186744737, 0.8668662155127538, 0.9320825515947467, 0.9708613055277817, 0.9015402331941845, 0.9040952505560643, 0.9482456140350877, 0.9493670886075949, 0.9860470910676467, 0.95359394703657]
val step Accs: [0.8520057306590257, 0.8202306774492907, 0.8608630016354258, 0.9488931056293485, 0.843954818017013, 0.916236062007071, 0.8761839396019218, 0.9270636191585384, 0.8291568780997128, 0.8987691534790254, 0.9084975684668544, 0.8237812456842978, 0.8093237032173342, 0.8803232825613926, 0.8523259014588495, 0.8111888111888111]
Preds: [17, 17, 251, 251, 251, 251, 241, 431, 486, 486, 460, 169, 169, 35, 77, 342, 342, 224, 168, 494, 494, 422, 99, 99, 338, 338, 338, 338, 338, 400, 400, 400, 30, 324, 324, 464, 464, 464, 464, 355, 111, 111, 111, 438, 438, 219, 219, 219, 219, 464, 464, 464, 464, 222, 255, 43, 43, 43, 43, 276, 276, 345, 109, 109, 109, 41, 324, 246, 246, 246, 246, 3, 3, 197, 197, 197, 82, 197, 7, 7, 217, 473, 473, 398, 398, 360, 464, 464, 464, 464, 315, 315, 315, 319, 426, 426, 450, 450, 450, 450, 43, 43, 250, 276, 276, 276, 276, 346, 346, 346, 426, 426, 426, 426, 426, 284, 284, 284, 265, 265, 85, 85, 299, 299, 406, 406, 406, 406, 406, 42, 217, 473, 473, 291, 275, 275, 275, 275, 37, 37, 24, 8, 239, 354, 354, 106, 100, 255, 169, 349, 349, 349, 234, 234, 261, 261, 25, 148, 148, 148, 148, 148, 153, 153, 182, 182, 387, 372, 406, 406, 406, 406, 406, 406, 406, 134, 134, 302, 98, 98, 98, 98, 98, 13, 78, 82, 170, 170, 170, 82, 170, 28, 28, 28, 187, 187, 187, 12, 12, 23, 23, 23, 260, 260, 391, 249, 244, 244, 73, 249, 73, 73, 73, 73, 244, 320, 354, 420, 213, 213, 213, 213, 213, 252, 422, 143, 36, 36, 259, 310, 310, 310, 323, 323, 323, 395, 395, 374, 374, 374, 132, 132, 182, 182, 182, 98, 98, 98, 13, 13, 414, 170, 82, 170, 170, 170, 244, 2, 2, 2, 2, 2, 2, 102, 244, 244, 163, 316, 73, 73, 244, 289, 244, 287, 287, 287, 111, 111, 111, 240, 251, 251, 251, 81, 106, 302, 88, 274, 274, 122, 314, 32, 239, 401, 82, 384, 371, 180, 443, 151, 460, 240, 178, 35, 35, 401, 401, 270, 66, 172, 172, 273, 273, 273, 499, 284, 486, 460, 460, 169, 271, 271, 150, 150, 342, 232, 232, 232, 68, 68, 172, 115, 267, 267, 267, 267, 324, 324, 3, 3, 14, 440, 188, 188, 188, 120, 120, 271, 271, 143, 82, 270, 270, 433, 433, 172, 172, 97, 336, 483, 106, 287, 284, 284, 284, 306, 306, 306, 468, 59, 313, 59, 303, 303, 48, 263, 17, 83, 83, 403, 403, 403, 403, 403, 403, 403, 403, 403, 403, 403, 403, 403, 403, 403, 403, 403, 403, 403, 403, 403, 403, 403, 403, 403, 403, 403, 403, 403, 403, 403, 403, 403, 403, 403, 403, 403, 403, 403, 403, 403, 403, 403, 403, 403, 403, 403, 403, 403, 403, 403, 403, 403, 403, 403, 403, 403, 403, 403, 403, 403, 403, 403, 403, 403, 403, 403, 403, 403, 403, 403, 403, 403, 403, 403, 403, 403, 403, 403, 403, 403, 403, 403, 403, 403, 403, 403, 403, 403, 403, 403, 403, 403, 403, 403, 403, 403, 403, 403, 403, 403, 403, 403, 403, 403, 403, 403, 403, 403, 403, 403, 403, 403, 403, 403, 403, 403, 403, 403, 403, 403, 403, 403, 403, 403, 403, 403, 403, 403, 403, 403, 403, 403, 403, 403, 403, 403, 403, 403, 403, 403, 403, 403, 403, 403, 403, 403, 403, 403, 403, 403, 403, 403, 403, 403, 403, 403, 403, 403, 403, 403, 403, 403, 403, 403, 403, 403, 403, 403, 403, 403, 403, 403, 403, 403, 403, 403, 403, 403, 403, 403, 403, 403, 403, 403, 403, 403, 403, 403, 403, 403, 403, 403, 403, 403, 403, 403, 403, 403, 403, 403, 403, 403, 403, 403, 403, 403, 403, 403, 403, 403, 403, 403, 403, 403, 403, 403, 403, 403, 403, 403]

ep398
Train step Loss: [0.1946229487657547, 0.28823596239089966, 0.406477689743042, 0.30706894397735596, 0.26723164319992065, 0.35486626625061035, 0.4756705164909363, 0.08002269268035889, 0.41306838393211365, 0.14558358490467072, 0.04978972300887108, 0.11877938359975815, 0.4973125159740448, 0.20300482213497162, 0.1600823849439621, 0.2904362082481384, 0.44588133692741394, 0.19246533513069153, 0.10120745003223419, 0.3008343279361725, 0.15401440858840942, 0.23699980974197388, 0.2099377065896988, 0.09407779574394226, 0.2817661166191101, 0.09495572745800018, 0.10734440386295319, 0.09357951581478119, 0.368377685546875, 0.8498623371124268, 0.4384857714176178, 0.23866137862205505, 0.15249153971672058, 0.14306361973285675, 0.27198827266693115, 0.2978515923023224, 0.2715466618537903, 0.34060579538345337, 0.2511458098888397, 0.5988195538520813, 0.2968149781227112, 0.27052202820777893, 0.07466922700405121, 0.35779112577438354, 0.2003028690814972, 0.21366733312606812, 0.2952825725078583, 0.4456104636192322, 0.2093191295862198, 0.24415452778339386, 0.4145469665527344, 0.27399176359176636, 0.21949318051338196, 0.2586018145084381, 0.12458478659391403, 0.44091540575027466, 0.49566856026649475, 0.45451605319976807, 0.4507978856563568, 0.12716126441955566, 0.14114533364772797, 0.6124423742294312, 0.11747922003269196]
val step Loss: [0.9277211427688599, 0.2688800096511841, 0.3969930112361908, 0.6783041954040527, 0.06296437978744507, 0.4092418849468231, 0.7551818490028381, 0.5079632997512817, 0.3850734233856201, 0.40636178851127625, 0.8864020705223083, 0.2510467767715454, 0.35679855942726135, 0.915969729423523, 0.49759724736213684, 1.0904921293258667]
Train step Accs: [0.9510980966325037, 0.9301193467336684, 0.9239969135802469, 0.9210391604811876, 0.9307195053400787, 0.9099201824401368, 0.87770052148001, 0.9806737350691183, 0.8949477601259482, 0.9639956686518679, 0.9889251739315632, 0.972021158129176, 0.8716763005780347, 0.9489523273801154, 0.9608393477679765, 0.9275022777560848, 0.8836011284189869, 0.9544933078393881, 0.9731029106029107, 0.9208556149732621, 0.9587099926704129, 0.9406470127837203, 0.9475287276754811, 0.9751288659793814, 0.9308897593732512, 0.9769788710186061, 0.9735525375268048, 0.9782418224299065, 0.9062697910069665, 0.7845904095904096, 0.8889325474787164, 0.938925588931821, 0.9623407531849363, 0.9635948414830736, 0.926972614730524, 0.9255550718328254, 0.9317436661698957, 0.9108086680761099, 0.9346777729066199, 0.8597086159256468, 0.9189340030696247, 0.9321716589861752, 0.9806579133135677, 0.9058111380145278, 0.9492690058479533, 0.9459758969386342, 0.92295014421096, 0.8884892086330936, 0.9493523316062176, 0.9366724237190558, 0.8960875052587295, 0.9283819628647215, 0.9437699680511182, 0.9370761709509541, 0.96759941089838, 0.8841379310344828, 0.87522306108442, 0.8832815413300187, 0.8887341595878011, 0.9677089980855137, 0.9667061455454665, 0.8410183140667619, 0.9749910682386567]
val step Accs: [0.773884938590821, 0.9375183769479565, 0.901083634342873, 0.8345907473309608, 0.9837767683322518, 0.897063099738296, 0.8188110245952293, 0.8852967800336221, 0.9042150429076224, 0.8941466083150985, 0.7871865563870291, 0.9366541091112042, 0.9059037790256488, 0.7806498194945848, 0.8859844271412681, 0.742794198641454]
Preds: [17, 17, 196, 309, 479, 479, 398, 398, 360, 360, 360, 252, 252, 35, 259, 164, 127, 420, 41, 324, 213, 213, 360, 246, 246, 19, 19, 19, 454, 454, 454, 454, 78, 78, 82, 170, 170, 170, 170, 237, 237, 237, 237, 237, 237, 28, 237, 341, 341, 341, 12, 12, 12, 12, 12, 341, 244, 341, 341, 341, 63, 244, 163, 163, 63, 63, 63, 392, 63, 63, 63, 63, 63, 392, 244, 163, 73, 73, 289, 289, 321, 321, 320, 287, 287, 287, 284, 284, 284, 284, 284, 486, 443, 330, 330, 330, 388, 388, 379, 243, 243, 197, 414, 414, 414, 197, 197, 197, 197, 197, 7, 7, 7, 7, 309, 479, 331, 331, 331, 315, 315, 315, 315, 460, 450, 167, 167, 457, 457, 196, 473, 398, 398, 324, 324, 171, 171, 171, 171, 171, 171, 171, 171, 434, 434, 3, 3, 197, 259, 188, 188, 340, 121, 322, 399, 399, 250, 345, 65, 65, 174, 319, 319, 388, 94, 199, 331, 145, 145, 145, 264, 264, 264, 468, 468, 443, 443, 443, 169, 150, 150, 342, 342, 342, 342, 342, 115, 267, 267, 267, 267, 267, 324, 324, 464, 464, 464, 356, 50, 271, 271, 31, 31, 342, 232, 232, 86, 86, 68, 336, 273, 27, 437, 499, 499, 499, 306, 306, 85, 146, 146, 59, 59, 59, 452, 452, 263, 414, 414, 414, 414, 414, 47, 47, 47, 47, 80, 244, 321, 320, 320, 345, 100, 100, 100, 497, 132, 122, 122, 122, 216, 310, 384, 371, 180, 180, 443, 443, 486, 486, 443, 240, 240, 240, 285, 34, 134, 134, 88, 88, 134, 313, 285, 285, 34, 41, 324, 324, 324, 324, 246, 246, 246, 246, 324, 3, 3, 464, 14, 440, 145, 145, 145, 265, 265, 306, 85, 85, 85, 85, 299, 468, 468, 406, 406, 406, 467, 467, 337, 337, 337, 324, 324, 324, 324, 19, 301, 173, 259, 354, 354, 106, 355, 376, 376, 376, 376, 376, 193, 403, 403, 403, 403, 403, 403, 403, 403, 403, 403, 403, 403, 403, 403, 403, 403, 403, 403, 403, 403, 403, 403, 403, 403, 403, 403, 403, 403, 403, 403, 403, 403, 403, 403, 403, 403, 403, 438, 438, 438, 438, 438, 438, 438, 438, 438, 438, 438, 438, 438, 438, 438, 438, 438, 438, 438, 438, 438, 438, 438, 438, 438, 438, 438, 438, 438, 438, 438, 438, 438, 438, 438, 438, 438, 438, 438, 438, 438, 438, 438, 438, 438, 438, 438, 438, 438, 438, 438, 438, 438, 438, 438, 438, 438, 438, 438, 438, 438, 438, 438, 438, 438, 438, 438, 438, 438, 438, 438, 438, 438, 438, 438, 438, 438, 438, 438, 438, 438, 438, 438, 438, 438, 438, 438, 438, 438, 438, 438, 438, 438, 438, 438, 438, 438, 438, 438, 438, 438, 438, 438, 438, 438, 438, 438, 438, 438, 438, 438, 438, 438, 438, 438, 438, 438, 438, 438, 438, 438, 438, 438, 438, 438, 438, 438, 438, 438, 438, 438, 438, 438, 438, 438, 438, 438, 438, 438, 438, 438, 438, 438, 438, 438, 438, 438, 438, 438, 438, 438, 438, 438, 438, 438, 438, 438, 438, 438, 438, 438, 438, 438, 438, 438, 438, 438, 438, 438, 438, 438, 438, 438, 438, 438, 438, 438, 438, 438, 438, 438, 438, 438, 438, 438, 438, 438, 438, 438, 438, 438, 438, 438, 438, 438, 438, 438, 438, 438, 438, 438, 438, 438, 438, 438, 438, 438, 438, 438, 438, 438, 438, 438, 438, 438, 438, 438, 438, 438, 438, 438, 438, 438, 438, 438, 438, 438, 438, 438, 438, 438, 438, 438, 438]

ep399
Train step Loss: [0.3792054355144501, 0.2350786179304123, 0.24372108280658722, 0.17931810021400452, 0.23794786632061005, 0.029627284035086632, 0.3080291450023651, 0.32873329520225525, 0.39028507471084595, 0.4078047573566437, 0.34812113642692566, 0.22742348909378052, 0.43863123655319214, 0.0881541445851326, 0.3872239887714386, 0.4009287655353546, 0.37576714158058167, 0.3481326699256897, 0.21236024796962738, 0.018750719726085663, 0.005730662494897842, 0.31110817193984985, 0.3289746344089508, 0.3597402572631836, 0.2711779773235321, 0.25316503643989563, 0.35700884461402893, 0.2947729229927063, 0.3978820741176605, 0.3281576931476593, 0.2022833675146103, 0.4869256317615509, 0.23885978758335114, 0.3219699263572693, 0.16599097847938538, 0.3466373383998871, 0.11992381513118744, 0.4302164614200592, 0.12386799603700638, 0.8406826853752136, 0.5909544825553894, 0.2838783264160156, 0.18056820333003998, 0.22740375995635986, 0.1764644980430603, 0.38993483781814575, 0.006764051970094442, 0.43850797414779663, 0.4270853102207184, 0.3764820992946625, 0.35199904441833496, 0.11917387694120407, 0.28806471824645996, 0.2801157534122467, 0.5638474225997925, 0.12811700999736786, 0.3654797375202179, 0.2706403434276581, 0.23127798736095428, 0.24646635353565216, 0.28499025106430054, 0.1749822348356247, 0.07324188947677612]
val step Loss: [0.8190122246742249, 0.9332535266876221, 0.34685975313186646, 0.3827914297580719, 0.5597069263458252, 0.6381460428237915, 0.49509677290916443, 0.8217629790306091, 0.4113342761993408, 0.5093221664428711, 0.1745445430278778, 0.16357824206352234, 0.7093746066093445, 0.6346341371536255, 0.4561108946800232, 0.6669801473617554]
Train step Accs: [0.9019500137324911, 0.9414909868622059, 0.9334719334719335, 0.9552793439261917, 0.9396107972379159, 0.9934631028471819, 0.9217761891668957, 0.919327289449481, 0.9013114319777454, 0.8933126713553463, 0.921063122923588, 0.9393623942745608, 0.8850395744128714, 0.9795495728708258, 0.8982334869431644, 0.8977314084677909, 0.9021398391713235, 0.9076598909271195, 0.9438134181432682, 0.996772191185599, 1.0, 0.918591706095185, 0.9193197800792737, 0.9083405198965135, 0.9290998766954377, 0.932923076923077, 0.9085335948994605, 0.9300813008130081, 0.8952543822146216, 0.9191286589516678, 0.9492962009989405, 0.8783130765851516, 0.9444880858863577, 0.9162065157371618, 0.9578799129432851, 0.9100264219162842, 0.9743962758219378, 0.8909620991253644, 0.9690652320107599, 0.7838960342979635, 0.8507985430092463, 0.9241669261912177, 0.9545933140300079, 0.9400156821745949, 0.956027293404094, 0.8943302180685359, 0.9998403321092129, 0.8904243610125963, 0.8881915048897971, 0.9035846724351051, 0.908900377253039, 0.9718362748779572, 0.9272518974652728, 0.9298072170044488, 0.8880227851896267, 0.9683060109289617, 0.9060549313358303, 0.934982151963284, 0.9410963052695336, 0.9342930444697833, 0.9294998030720756, 0.9572140681251731, 0.9809428284854563]
val step Accs: [0.8036111474551878, 0.7724517129564359, 0.9115248708888285, 0.9058730158730158, 0.8586781300376142, 0.8452825491660443, 0.8800478612025127, 0.8035400451920662, 0.9010424313610336, 0.8797280593325093, 0.9561659037314468, 0.9575113808801214, 0.8317478347295186, 0.8474940032824139, 0.8901196842373313, 0.8253768844221105]
Preds: [17, 17, 7, 212, 384, 445, 180, 180, 443, 330, 330, 457, 457, 35, 127, 114, 114, 361, 443, 443, 330, 330, 330, 240, 35, 239, 29, 420, 420, 398, 360, 360, 360, 360, 360, 434, 318, 186, 186, 186, 162, 162, 482, 482, 482, 482, 115, 273, 273, 273, 273, 151, 432, 330, 330, 146, 299, 219, 219, 219, 324, 324, 477, 477, 477, 374, 132, 43, 43, 43, 364, 364, 276, 364, 276, 345, 345, 345, 132, 219, 477, 477, 152, 374, 301, 422, 143, 349, 205, 259, 25, 287, 287, 284, 284, 284, 284, 206, 206, 206, 413, 203, 8, 364, 276, 276, 346, 346, 499, 306, 306, 468, 468, 406, 406, 467, 467, 376, 376, 376, 376, 460, 460, 460, 263, 263, 263, 13, 414, 170, 82, 170, 170, 170, 28, 341, 341, 341, 20, 341, 341, 341, 341, 163, 341, 391, 391, 391, 140, 321, 321, 412, 287, 287, 287, 460, 253, 169, 150, 150, 150, 323, 224, 224, 494, 494, 494, 494, 186, 99, 99, 99, 338, 338, 338, 338, 400, 400, 400, 444, 213, 171, 246, 246, 246, 246, 246, 246, 99, 99, 99, 338, 338, 338, 400, 400, 400, 400, 290, 360, 434, 339, 434, 250, 250, 250, 497, 497, 497, 122, 259, 280, 192, 420, 420, 420, 213, 301, 301, 143, 458, 192, 354, 420, 420, 213, 213, 213, 246, 246, 374, 374, 301, 173, 280, 280, 41, 41, 41, 246, 246, 246, 19, 19, 19, 454, 454, 454, 414, 82, 320, 320, 7, 7, 309, 309, 398, 398, 398, 398, 360, 360, 360, 286, 286, 464, 464, 464, 464, 330, 330, 330, 203, 203, 399, 250, 250, 250, 250, 276, 276, 346, 174, 426, 426, 350, 413, 274, 219, 219, 464, 464, 340, 116, 116, 116, 43, 43, 276, 276, 276, 138, 153, 387, 387, 497, 175, 175, 175, 464, 464, 331, 180, 376, 376, 376, 376, 376, 460, 452, 263, 263, 13, 78, 78, 170, 170, 170, 140, 28, 2, 392, 244, 392, 392, 392, 392, 392, 244, 392, 73, 244, 73, 321, 320, 320, 7, 7, 241, 241, 431, 106, 153, 153, 182, 182, 182, 182, 182, 182, 497, 497, 122, 122, 122, 129, 197, 259, 259, 411, 437, 437, 437, 284, 481, 481, 405, 206, 206, 206, 167, 35, 35, 35, 77, 478, 66, 172, 172, 172, 115, 273, 267, 267, 485, 286, 374, 374, 374, 374, 132, 33, 368, 49, 49, 453, 323, 219, 107, 395, 395, 395, 286, 464, 264, 264, 264, 120, 120, 120, 240, 240, 385, 457, 457, 364, 364, 43, 248, 394, 394, 212, 212, 161, 161, 487, 487, 374, 374, 374, 116, 33, 132, 132, 98, 193, 17, 83, 403, 403, 403, 403, 403, 403, 403, 403, 403, 403, 403, 403, 403, 403, 403, 403, 403, 403, 403, 403, 403, 403, 403, 403, 403, 403, 403, 403, 403, 403, 403, 403, 403, 403, 403, 403, 403, 403, 403, 403, 403, 403, 403, 403, 403, 403, 403, 403, 403, 403, 403, 403, 403, 403, 403, 403, 403, 403, 403, 403, 403, 403, 403, 403, 403, 403, 403, 403, 403, 403, 403, 403, 403, 403, 403, 403, 403, 403, 403, 403, 403, 403, 403, 403, 403, 403, 403, 403, 403, 403, 403, 403, 403, 403, 403, 403, 403, 403, 403, 403, 403, 403, 403, 403, 403, 403, 403, 403, 403, 403, 403, 403, 403, 403, 403, 403, 403, 403, 403, 403, 403, 403, 403, 403, 403, 403, 403, 403, 403, 403, 403, 403, 403, 403, 403, 403, 403, 403, 403, 403, 403, 403, 403, 403, 403, 403, 403, 403, 403, 403, 403, 403]

ep400
Train step Loss: [0.5238337516784668, 0.13122722506523132, 0.3309965431690216, 0.3301060199737549, 0.3292692005634308, 0.4202827215194702, 0.210163876414299, 0.1806505024433136, 0.1795305758714676, 0.4141089916229248, 0.11349982023239136, 0.2763400077819824, 0.06424055993556976, 0.345628947019577, 0.23677058517932892, 0.19951212406158447, 0.3892885148525238, 0.3024994432926178, 0.4548458755016327, 0.03917790204286575, 0.5337727069854736, 0.5820510983467102, 0.034808915108442307, 0.1611134111881256, 0.41841816902160645, 0.048214033246040344, 0.21066783368587494, 0.8219518661499023, 0.18283316493034363, 0.1539752334356308, 0.1984778195619583, 0.1017456129193306, 0.6904365420341492, 0.31480541825294495, 0.010604823008179665, 0.14399869740009308, 0.3441122770309448, 0.4519195854663849, 0.11025574803352356, 0.08046535402536392, 0.3245542049407959, 0.30524715781211853, 0.8111554980278015, 0.20201407372951508, 0.23056688904762268, 0.3153112232685089, 0.30955684185028076, 0.4841456711292267, 0.271087646484375, 0.16938601434230804, 0.2728120982646942, 0.21397894620895386, 0.5248715877532959, 0.3829234540462494, 0.31260108947753906, 0.2627129554748535, 0.28035444021224976, 0.38683557510375977, 0.23640960454940796, 0.18983183801174164, 0.4665607511997223, 0.24033373594284058, 0.3279780149459839]
val step Loss: [0.35922038555145264, 0.32235535979270935, 1.0123883485794067, 0.6670711040496826, 0.648461639881134, 0.5210344791412354, 0.6936585903167725, 0.38179734349250793, 0.3561417758464813, 0.5849473476409912, 0.781804621219635, 0.5874462723731995, 0.7420235872268677, 0.33509016036987305, 0.29829129576683044, 0.2709810137748718]
Train step Accs: [0.8630898707544334, 0.9662257247396566, 0.9152518190897417, 0.9193261197096289, 0.9192616775489704, 0.8906860011154489, 0.946188980873537, 0.9542432538130622, 0.9536831087269397, 0.8928234818903998, 0.9707983456573506, 0.9391683057038493, 0.9841131934963386, 0.9144616190725701, 0.9414660831509847, 0.9467623950149011, 0.8984240497947292, 0.9217504898758981, 0.8839187705817783, 0.9914323962516733, 0.8634533396494553, 0.8540270848182466, 0.9926670287887018, 0.9583727530747398, 0.8943498452012384, 0.9893381334810302, 0.945447933082798, 0.7857245029323415, 0.9544821179749187, 0.965289470275871, 0.9489725555095849, 0.9752610441767068, 0.823878984332793, 0.9204076367389061, 0.9986012029654497, 0.9622571001494769, 0.9093690805770072, 0.8899903288201161, 0.9711125784087158, 0.9784142212189616, 0.9207375808449154, 0.9190410958904109, 0.8224633056796427, 0.951212211912601, 0.9385975391231633, 0.9150264693905253, 0.9177042210750076, 0.8723433618548164, 0.9320231525104321, 0.9598202124761646, 0.9304614597980314, 0.9470774091627172, 0.8765126870527, 0.9034267912772586, 0.9197503343736068, 0.9367808981813683, 0.9285714285714286, 0.903308509339519, 0.9367637102234259, 0.9513280125605129, 0.879284649776453, 0.9374738894304414, 0.9157157676348547]
val step Accs: [0.9185448793989719, 0.9218692953632712, 0.7623866015352407, 0.8399688958009331, 0.8394218134034166, 0.8772797527047913, 0.8316402546390356, 0.9042671100027708, 0.9090669478123352, 0.858166398596286, 0.8206422661618287, 0.8553415546626022, 0.8195774832699121, 0.9160101651842439, 0.927253637318134, 0.9342051491622395]
Preds: [17, 17, 30, 324, 422, 143, 164, 164, 164, 14, 287, 287, 145, 111, 111, 111, 330, 438, 438, 335, 14, 14, 14, 411, 287, 145, 145, 486, 486, 428, 85, 85, 299, 207, 207, 19, 19, 454, 454, 454, 56, 56, 56, 170, 312, 312, 187, 187, 187, 1, 1, 1, 1, 408, 408, 391, 391, 228, 228, 321, 321, 320, 287, 287, 287, 287, 284, 284, 284, 284, 284, 284, 426, 426, 426, 450, 293, 293, 293, 122, 349, 349, 349, 234, 234, 234, 261, 25, 25, 106, 346, 346, 426, 480, 480, 85, 85, 299, 388, 388, 116, 10, 398, 398, 398, 398, 464, 464, 464, 139, 315, 315, 315, 315, 426, 450, 450, 450, 450, 413, 413, 250, 250, 43, 276, 346, 346, 284, 284, 284, 284, 426, 426, 426, 426, 426, 426, 413, 413, 413, 43, 43, 276, 276, 346, 346, 499, 428, 428, 146, 240, 240, 285, 285, 406, 337, 337, 324, 324, 422, 368, 31, 162, 232, 232, 172, 115, 115, 267, 267, 267, 267, 324, 3, 3, 3, 188, 188, 464, 464, 120, 120, 271, 271, 31, 162, 232, 232, 232, 232, 172, 172, 115, 273, 273, 273, 273, 151, 84, 84, 84, 355, 355, 355, 452, 452, 452, 263, 263, 414, 414, 170, 170, 170, 170, 28, 28, 244, 2, 2, 2, 2, 2, 2, 2, 63, 63, 63, 63, 63, 63, 63, 63, 63, 244, 321, 249, 249, 249, 249, 320, 7, 7, 345, 153, 497, 497, 497, 122, 122, 216, 58, 58, 110, 110, 110, 443, 443, 486, 460, 240, 240, 285, 285, 285, 300, 134, 134, 88, 88, 88, 42, 42, 42, 147, 380, 288, 288, 213, 213, 213, 246, 246, 246, 246, 246, 246, 246, 19, 19, 19, 454, 454, 454, 454, 414, 170, 170, 170, 170, 28, 40, 40, 40, 40, 2, 40, 40, 63, 63, 63, 63, 2, 63, 63, 2, 63, 244, 63, 63, 63, 63, 63, 63, 63, 63, 63, 63, 244, 73, 73, 321, 102, 102, 320, 7, 7, 7, 152, 152, 152, 152, 374, 374, 378, 378, 43, 43, 43, 276, 276, 346, 346, 346, 284, 284, 284, 284, 284, 405, 405, 206, 206, 206, 206, 206, 167, 35, 35, 259, 259, 74, 437, 437, 437, 284, 284, 284, 284, 284, 284, 426, 426, 426, 426, 426, 426, 426, 206, 282, 282, 388, 388, 348, 94, 199, 467, 337, 337, 264, 207, 207, 464, 464, 468, 468, 467, 467, 467, 467, 245, 245, 497, 349, 349, 349, 155, 155, 155, 155, 441, 148, 148, 148, 153, 153, 182, 182, 182, 182, 182, 182, 182, 182, 182, 497, 497, 497, 43, 43, 276, 70, 70, 65, 46, 46, 46, 428, 146, 146, 146, 146, 219, 219, 464, 464, 286, 374, 374, 374, 132, 337, 324, 324, 464, 464, 355, 355, 355, 355, 263, 263, 17, 83, 403, 403, 403, 403, 403, 403, 403, 403, 403, 403, 403, 403, 403, 403, 403, 403, 438, 438, 438, 438, 438, 438, 438, 438, 438, 438, 438, 438, 438, 438, 438, 438, 438, 438, 438, 438, 438, 438, 438, 438, 438, 438, 438, 438, 438, 438, 438, 438, 438, 438, 438, 438, 438, 438, 438, 438, 438, 438, 438, 438, 438, 438, 438, 438, 438, 438, 438, 438, 438, 438, 438, 438, 438, 438, 438, 438, 438, 438, 438, 438, 438, 438, 438, 438, 438, 438, 438, 438, 438, 438, 438, 438, 438, 438, 438, 438, 438, 438, 438, 438, 438, 438, 438, 438, 438, 438, 438, 438, 438, 438, 438, 438, 438, 438, 438, 438, 438, 438, 438, 438, 438, 438, 438, 438, 438, 438]

ep401
Train step Loss: [0.006472548004239798, 0.3184625804424286, 0.11964692920446396, 0.2881341576576233, 0.4929952323436737, 0.18421286344528198, 0.07836809754371643, 0.7361338138580322, 0.14931415021419525, 0.26325204968452454, 0.18181011080741882, 0.32992085814476013, 0.3454315662384033, 0.25271937251091003, 0.4006088376045227, 0.2830093204975128, 0.09268389642238617, 0.1321742981672287, 0.4523359537124634, 0.2827354669570923, 0.014437948353588581, 0.2582601308822632, 0.516082227230072, 0.38025668263435364, 0.1627088338136673, 0.11269989609718323, 0.28203284740448, 0.41530415415763855, 0.3716984689235687, 0.4536130130290985, 0.12859517335891724, 0.07627946883440018, 0.3138362467288971, 0.19935958087444305, 0.5835009813308716, 0.6069698929786682, 0.3165193498134613, 0.6621857285499573, 0.2508941888809204, 0.2324841171503067, 0.3066459894180298, 0.4867496192455292, 0.2185269296169281, 0.41397762298583984, 0.43798312544822693, 0.5126215815544128, 0.22290724515914917, 0.3737325668334961, 0.32340332865715027, 0.18047374486923218, 0.07383748888969421, 0.14782969653606415, 0.5106557607650757, 0.10228434950113297, 0.25711020827293396, 0.2101769894361496, 0.43709754943847656, 0.3053375780582428, 0.3597297668457031, 0.2791212797164917, 0.2959754168987274, 0.1428924798965454, 0.15549135208129883]
val step Loss: [0.48184919357299805, 0.2089824080467224, 0.4543839395046234, 0.7923847436904907, 0.8867232203483582, 0.36431339383125305, 0.5559965968132019, 0.7298930287361145, 0.4656228721141815, 0.7157775163650513, 0.7269097566604614, 0.7085639238357544, 0.11410222947597504, 0.6684866547584534, 0.08976941555738449, 0.6546047329902649]
Train step Accs: [0.9996752719597337, 0.9177575412635174, 0.973404255319149, 0.9236377116026195, 0.8699986707430546, 0.9537300683371298, 0.9793732645775486, 0.8169285911221396, 0.9609507640067911, 0.9345323741007194, 0.9546532305868406, 0.9148359915738791, 0.911597532954408, 0.9397776405188388, 0.9082246740220662, 0.9240780911062907, 0.9762981230305521, 0.9659106160246946, 0.883543940264216, 0.9258102884329468, 0.9975620905073899, 0.940265196271498, 0.8613198301208755, 0.9053646775165762, 0.9572088499878434, 0.9703753351206434, 0.9282136894824707, 0.8931375031653583, 0.9013377926421404, 0.8769399592412603, 0.9674922600619195, 0.9833155365723438, 0.9231850117096019, 0.9471017179582252, 0.8534376918354819, 0.8457067371202114, 0.9208001081227193, 0.8315412186379928, 0.9375383482635906, 0.9446213327268592, 0.9184410409662558, 0.8779182879377432, 0.9441866812227074, 0.8923755822505516, 0.892338760570491, 0.8952015355086372, 0.9412611575007198, 0.8988723172062568, 0.9142976588628763, 0.9515275439018523, 0.9820070216500878, 0.9650785056848944, 0.8698568296143429, 0.9737153371008017, 0.9340502925826348, 0.9477716766696462, 0.8883190152583664, 0.9264142917907273, 0.9108023889898728, 0.935743539048157, 0.924030387844862, 0.9623465211459754, 0.9604707302353651]
val step Accs: [0.8870609740174957, 0.9482328787212201, 0.8847331292426461, 0.8008449004224502, 0.7891929824561403, 0.9097984179637663, 0.8679463125992206, 0.828155981493721, 0.889687235841082, 0.8246476141212983, 0.8189182452642074, 0.8241443683883012, 0.9702040217231763, 0.8410169079187447, 0.9817529165420281, 0.8427159432746025]
Preds: [17, 17, 217, 217, 217, 473, 473, 65, 264, 264, 264, 264, 264, 264, 468, 468, 468, 467, 337, 337, 337, 337, 301, 301, 457, 129, 401, 401, 7, 7, 7, 473, 109, 264, 240, 468, 406, 337, 337, 337, 171, 171, 434, 434, 339, 33, 33, 199, 398, 398, 324, 324, 301, 251, 8, 354, 43, 276, 276, 276, 276, 153, 182, 182, 182, 182, 182, 98, 98, 122, 129, 129, 208, 445, 208, 441, 437, 437, 481, 405, 405, 206, 426, 206, 396, 396, 285, 315, 426, 426, 480, 480, 480, 450, 282, 282, 303, 98, 48, 48, 48, 48, 48, 170, 170, 170, 170, 170, 392, 392, 63, 63, 63, 63, 63, 63, 63, 63, 63, 63, 63, 63, 63, 63, 63, 63, 73, 244, 73, 289, 320, 7, 7, 309, 398, 331, 290, 290, 360, 434, 434, 434, 434, 434, 434, 434, 434, 3, 3, 457, 188, 324, 324, 143, 143, 349, 234, 261, 261, 25, 25, 106, 284, 460, 460, 169, 150, 150, 342, 342, 68, 68, 68, 273, 273, 470, 278, 290, 171, 434, 434, 339, 200, 200, 200, 398, 398, 464, 464, 324, 464, 286, 286, 406, 303, 199, 41, 41, 19, 324, 286, 286, 286, 468, 468, 59, 337, 41, 19, 19, 19, 19, 454, 454, 454, 454, 78, 170, 170, 170, 392, 392, 392, 392, 392, 63, 63, 63, 63, 63, 63, 63, 63, 63, 63, 63, 63, 63, 63, 63, 63, 244, 73, 289, 320, 320, 83, 188, 171, 171, 171, 171, 171, 464, 464, 464, 264, 264, 264, 264, 171, 171, 173, 314, 239, 32, 239, 239, 371, 371, 106, 153, 153, 88, 274, 497, 43, 129, 259, 208, 208, 441, 441, 148, 153, 153, 153, 182, 182, 182, 182, 182, 98, 98, 98, 98, 98, 13, 13, 414, 170, 170, 392, 392, 392, 392, 392, 63, 63, 63, 63, 63, 63, 392, 392, 73, 289, 320, 320, 7, 7, 374, 374, 374, 132, 132, 132, 132, 132, 132, 132, 285, 324, 41, 213, 213, 246, 246, 246, 246, 246, 246, 246, 19, 454, 414, 414, 197, 197, 197, 249, 249, 80, 392, 80, 80, 320, 320, 114, 188, 188, 171, 278, 120, 37, 37, 37, 314, 239, 259, 321, 354, 75, 75, 354, 354, 188, 473, 420, 213, 213, 171, 171, 171, 252, 464, 468, 468, 468, 468, 467, 337, 337, 337, 337, 41, 19, 19, 19, 3, 3, 14, 14, 287, 287, 145, 460, 460, 460, 35, 35, 35, 401, 270, 342, 68, 68, 68, 115, 224, 196, 196, 213, 213, 213, 246, 246, 19, 454, 454, 170, 170, 170, 170, 392, 392, 392, 392, 392, 392, 392, 63, 63, 63, 63, 63, 63, 63, 63, 63, 63, 63, 244, 73, 320, 320, 7, 287, 188, 171, 171, 171, 171, 264, 264, 468, 406, 467, 337, 337, 337, 324, 324, 464, 325, 251, 251, 241, 241, 431, 431, 431, 376, 460, 460, 460, 460, 460, 460, 263, 263, 35, 99, 225, 352, 352, 352, 80, 80, 80, 209, 188, 145, 460, 182, 182, 375, 43, 98, 197, 401, 401, 411, 411, 188, 284, 297, 182, 182, 426, 426, 426, 426, 426, 206, 98, 13, 13, 170, 312, 17, 264, 264, 264, 264, 264, 264, 264, 264, 264, 264, 264, 264, 264, 264, 264, 264, 264, 264, 264, 264, 264, 264, 264, 264, 264, 264, 264, 264, 264, 264, 264, 264, 264, 264, 264, 264, 264, 264, 264, 264, 264, 264, 264, 264, 264, 264, 264, 264, 264, 264, 264, 264, 264, 264, 264, 264, 264, 264, 264, 264, 264, 264, 264, 264, 264, 264, 264, 264, 264]

ep402
Train step Loss: [0.07978660613298416, 0.431410551071167, 0.16929179430007935, 0.23726047575473785, 0.39766064286231995, 0.4589169919490814, 0.19060973823070526, 0.21743471920490265, 0.2793208956718445, 0.3578111231327057, 0.29104313254356384, 0.5534120202064514, 0.5885763764381409, 0.34755414724349976, 0.19018135964870453, 0.39823511242866516, 0.40502896904945374, 0.43959617614746094, 0.12604205310344696, 0.2208395153284073, 0.41794633865356445, 0.2553550899028778, 0.32120850682258606, 0.2786523401737213, 0.22945329546928406, 0.2703312635421753, 0.4356343746185303, 0.17520771920681, 0.10463564097881317, 0.005822528153657913, 0.2559255361557007, 0.2279663234949112, 0.48349660634994507, 0.29227033257484436, 0.21365605294704437, 0.1533658653497696, 0.19099092483520508, 0.3597046732902527, 0.31399184465408325, 0.4581364393234253, 0.3971695601940155, 0.05846913531422615, 0.2904203534126282, 0.08408518135547638, 0.5241380929946899, 0.04230212792754173, 0.2947455644607544, 0.18793796002864838, 0.22121402621269226, 0.727384090423584, 0.4725184440612793, 0.3283972442150116, 0.04453533515334129, 0.14646340906620026, 0.2713283896446228, 0.32070019841194153, 0.5489054918289185, 0.40925514698028564, 0.6084579229354858, 0.09437070041894913, 0.2647119164466858, 0.14444993436336517, 0.2675359547138214]
val step Loss: [0.4143165946006775, 0.5162397623062134, 0.9095786809921265, 0.6326252818107605, 0.6225960850715637, 0.5496663451194763, 0.30600905418395996, 0.510908305644989, 0.8676400780677795, 0.06412793695926666, 0.7809940576553345, 0.6929954290390015, 0.2524699568748474, 0.29490363597869873, 0.7462567687034607, 0.3080478608608246]
Train step Accs: [0.9796976882039122, 0.8881588144834335, 0.9534952606635071, 0.94, 0.9035963352933133, 0.8765618563778662, 0.9503567181926278, 0.9418145956607495, 0.9287874206229211, 0.9055672139242069, 0.9270644124633226, 0.8594377510040161, 0.844985918942084, 0.9123801220575414, 0.955512031337437, 0.8983761840324763, 0.8920863309352518, 0.8930754834684965, 0.9691926832622748, 0.9447632711621234, 0.8949119645085263, 0.9344663319170851, 0.9202755905511811, 0.925549278091651, 0.9418227919425272, 0.9349010229839245, 0.8905682313617207, 0.9538617115408924, 0.9733372833654274, 1.0, 0.9349754999337836, 0.9418262150220913, 0.8734400234914109, 0.9217331499312242, 0.9449351366271046, 0.9642536643733174, 0.9517105909314126, 0.9070041972717734, 0.9135747938751473, 0.8814501190791214, 0.8957281792441216, 0.9861073644456434, 0.9283214122660174, 0.979204449280619, 0.8691396810053166, 0.9899767576990122, 0.9269066117012843, 0.9554436752674638, 0.9429088090932576, 0.8435761589403974, 0.8726348155156102, 0.9160434598560745, 0.9896447576585646, 0.9655775962660443, 0.9352570320077594, 0.9168779938010707, 0.8545617440645065, 0.8916643665470605, 0.8667755102040816, 0.9762088477366255, 0.931649704736776, 0.9646900269541779, 0.93324816352603]
val step Accs: [0.8978556940017386, 0.8808880034153977, 0.7728229902142946, 0.8484848484848485, 0.8534262155245949, 0.8744376819264356, 0.9274347549331636, 0.8797236895570906, 0.7836308775458889, 0.9862216778934476, 0.8149719654493105, 0.8243914871925576, 0.9419276784514048, 0.9223590408295528, 0.8170835875533862, 0.9213637613417652]
Preds: [17, 17, 17, 7, 217, 217, 217, 217, 473, 473, 65, 443, 443, 443, 330, 330, 240, 314, 35, 76, 310, 310, 107, 107, 395, 395, 395, 106, 153, 153, 481, 387, 387, 206, 167, 167, 35, 35, 320, 7, 354, 473, 473, 65, 288, 382, 313, 313, 285, 285, 34, 337, 337, 171, 171, 434, 434, 3, 3, 464, 464, 464, 464, 464, 340, 116, 116, 466, 199, 199, 106, 153, 153, 424, 182, 182, 182, 182, 182, 497, 497, 497, 497, 122, 43, 259, 208, 441, 441, 441, 346, 346, 346, 265, 265, 265, 85, 85, 146, 468, 468, 468, 406, 406, 406, 406, 467, 467, 134, 375, 98, 98, 98, 98, 98, 48, 13, 13, 414, 414, 170, 187, 187, 187, 187, 82, 2, 2, 2, 260, 391, 244, 244, 321, 320, 7, 7, 7, 309, 309, 398, 398, 290, 360, 360, 360, 252, 252, 143, 465, 192, 445, 445, 395, 395, 444, 444, 213, 213, 360, 324, 434, 434, 434, 434, 464, 464, 331, 331, 443, 443, 376, 376, 376, 376, 460, 460, 263, 263, 263, 263, 414, 414, 414, 312, 312, 312, 312, 23, 23, 23, 23, 23, 23, 23, 260, 391, 391, 391, 391, 140, 20, 321, 320, 320, 7, 7, 309, 473, 473, 288, 290, 290, 360, 171, 434, 434, 252, 143, 310, 310, 310, 107, 107, 107, 400, 400, 213, 213, 213, 213, 246, 246, 246, 19, 19, 454, 454, 414, 414, 414, 414, 225, 225, 225, 66, 66, 66, 66, 115, 115, 273, 273, 273, 151, 460, 460, 240, 285, 53, 280, 34, 324, 324, 324, 324, 286, 171, 171, 464, 464, 464, 139, 139, 116, 116, 116, 399, 195, 195, 359, 324, 324, 324, 324, 257, 257, 368, 31, 453, 342, 342, 115, 273, 273, 273, 265, 284, 376, 460, 460, 460, 460, 178, 35, 35, 440, 287, 287, 111, 111, 460, 169, 169, 150, 162, 342, 172, 172, 115, 267, 267, 444, 286, 286, 374, 139, 132, 132, 497, 375, 98, 98, 98, 440, 287, 287, 125, 125, 125, 348, 348, 348, 212, 77, 310, 219, 107, 395, 395, 374, 374, 374, 116, 94, 199, 331, 134, 134, 153, 182, 182, 43, 43, 43, 364, 276, 100, 100, 100, 100, 182, 375, 98, 98, 98, 13, 13, 13, 414, 414, 237, 249, 249, 47, 47, 47, 47, 80, 80, 80, 73, 73, 321, 320, 320, 287, 100, 100, 481, 182, 182, 375, 497, 122, 122, 8, 458, 100, 100, 100, 346, 346, 346, 426, 206, 98, 98, 263, 263, 263, 17, 83, 83, 403, 438, 438, 438, 438, 438, 438, 438, 438, 438, 438, 438, 438, 438, 438, 438, 438, 438, 438, 438, 438, 438, 438, 438, 438, 438, 438, 438, 438, 438, 438, 438, 438, 438, 438, 438, 438, 438, 438, 438, 438, 438, 438, 438, 438, 438, 438, 438, 438, 438, 438, 438, 438, 438, 438, 438, 438, 438, 438, 438, 438, 438, 438, 438, 438, 438, 438, 438, 438, 438, 438, 438, 438, 438, 438, 438, 438, 438, 438, 438, 438, 438, 438, 438, 438, 438, 438, 438, 438, 438, 438, 438, 438, 438, 438, 438, 438, 438, 438, 438, 438, 438, 438, 438, 438, 438, 438, 438, 438, 438, 438, 438, 438, 438, 438, 438, 438, 438, 438, 438, 438, 438, 438, 438, 438, 438, 438, 438, 438, 438, 438, 438, 438, 438, 438, 438, 438, 438, 438, 438, 438, 438, 438, 438, 438, 438, 438, 438, 438, 438, 438, 438, 438, 438, 438, 438, 438, 438, 438, 438, 438, 438, 438, 438, 438, 438, 438, 438, 438, 438, 438, 438, 438, 438, 438, 438]

ep403
Train step Loss: [0.13868865370750427, 0.15959830582141876, 0.07820779085159302, 0.40671825408935547, 0.09229382127523422, 0.30042511224746704, 0.11444777250289917, 0.2986518144607544, 0.28404921293258667, 0.20486916601657867, 0.10099288076162338, 0.2581583261489868, 0.48651769757270813, 0.1971864402294159, 0.46120330691337585, 0.23058831691741943, 0.3798981010913849, 0.17121002078056335, 0.328086793422699, 0.20275531709194183, 0.6119109392166138, 0.48060980439186096, 0.27657291293144226, 0.07680577039718628, 0.3424881100654602, 0.48571398854255676, 0.30101630091667175, 0.2825310528278351, 0.38452473282814026, 0.35869136452674866, 0.2588040828704834, 0.37545326352119446, 0.1025162860751152, 0.1488678753376007, 0.34317293763160706, 0.305914044380188, 0.22119104862213135, 0.20996485650539398, 0.45216912031173706, 0.40780866146087646, 0.4647118151187897, 0.3553678095340729, 0.12290693819522858, 0.3186682164669037, 0.10264533013105392, 0.2583721876144409, 0.21858209371566772, 0.28633764386177063, 0.3007686138153076, 0.4143100380897522, 0.28479698300361633, 0.2962753474712372, 0.12726174294948578, 0.3073749244213104, 0.4100465774536133, 0.17333880066871643, 0.30558887124061584, 0.43095773458480835, 0.2638929784297943, 0.16433849930763245, 0.7633560299873352, 0.3133874237537384, 0.20761500298976898]
val step Loss: [0.35112765431404114, 0.7919630408287048, 0.37849393486976624, 0.3764854073524475, 0.35116007924079895, 0.9196426272392273, 0.5495825409889221, 0.43735361099243164, 0.7085943818092346, 0.7079739570617676, 0.38767287135124207, 0.7342361211776733, 0.23399360477924347, 1.0505766868591309, 0.22494375705718994, 0.3864715099334717]
Train step Accs: [0.9654760125541773, 0.9593564775613886, 0.9799348534201955, 0.8939943571140669, 0.9771725440806045, 0.9240984405458089, 0.9700678462152454, 0.9241931109302957, 0.9268593343377619, 0.9474728764223339, 0.973909553117474, 0.9314445096887844, 0.902027027027027, 0.9468671679197995, 0.882573726541555, 0.9378842213114754, 0.9062341611758743, 0.9568154402895054, 0.9159511974694984, 0.9504845347139254, 0.8359644087256027, 0.8737399844921169, 0.9280283167278448, 0.9810748338630454, 0.9111200752991798, 0.874012689369416, 0.9250727755980256, 0.9299712568591586, 0.9039555162391002, 0.9106975289333751, 0.9390539334438353, 0.908658062899386, 0.9759293928857984, 0.9615769175832024, 0.9134970105584531, 0.9224150719477823, 0.9421314480230427, 0.9458538432411965, 0.8984771573604061, 0.894546027742749, 0.8790106007067138, 0.903526376146789, 0.9710695982807076, 0.9194272880404267, 0.9745642958078191, 0.932015493522105, 0.9461889611287868, 0.9229643427354977, 0.9251059177258439, 0.8913293321414889, 0.9273784485958184, 0.9279811097992916, 0.9673024523160763, 0.9207934151936311, 0.9010582899378464, 0.9574746008708273, 0.916828793774319, 0.8946551054743108, 0.9332382988833452, 0.9565780014378146, 0.8159543522040725, 0.9185560859188544, 0.943986820428336]
val step Accs: [0.9173913043478261, 0.8066888703857896, 0.9069703996726232, 0.9103281415393921, 0.9110417966313162, 0.7660919540229885, 0.8648820905035054, 0.8970632304465088, 0.8219444107294575, 0.8390619183521528, 0.9091274628065943, 0.8186356073211315, 0.9468525042119773, 0.7457499055534568, 0.9487926727726894, 0.9051150895140665]
Preds: [17, 287, 486, 486, 460, 460, 215, 215, 35, 35, 259, 259, 208, 441, 100, 100, 153, 43, 98, 259, 208, 441, 437, 346, 481, 481, 481, 387, 387, 169, 263, 263, 263, 439, 439, 414, 414, 249, 249, 249, 237, 187, 187, 12, 341, 249, 82, 249, 249, 249, 249, 75, 201, 201, 201, 201, 201, 201, 201, 201, 201, 40, 40, 408, 391, 391, 228, 289, 321, 321, 72, 110, 110, 110, 486, 460, 460, 169, 150, 150, 338, 338, 338, 338, 338, 400, 400, 400, 213, 213, 213, 360, 360, 434, 434, 246, 246, 422, 99, 338, 338, 338, 338, 338, 400, 400, 400, 213, 213, 152, 374, 374, 374, 132, 132, 132, 132, 132, 132, 100, 100, 182, 182, 182, 497, 497, 497, 98, 197, 197, 197, 197, 197, 197, 249, 259, 183, 451, 451, 30, 213, 213, 213, 213, 246, 246, 246, 246, 301, 301, 43, 43, 43, 276, 276, 346, 174, 319, 480, 480, 480, 480, 282, 282, 282, 282, 388, 388, 94, 398, 398, 324, 324, 324, 301, 301, 301, 8, 8, 241, 431, 431, 265, 428, 428, 428, 428, 403, 207, 207, 207, 3, 3, 3, 3, 197, 197, 440, 79, 79, 380, 456, 288, 288, 374, 313, 374, 374, 374, 132, 132, 132, 132, 132, 132, 132, 132, 132, 374, 132, 132, 153, 134, 43, 43, 43, 196, 196, 473, 473, 109, 213, 213, 213, 246, 246, 246, 246, 19, 19, 454, 454, 454, 229, 414, 414, 126, 126, 126, 126, 292, 23, 23, 23, 23, 23, 149, 149, 149, 321, 321, 412, 287, 287, 287, 111, 319, 319, 319, 348, 413, 43, 43, 345, 345, 109, 109, 403, 171, 171, 171, 324, 464, 464, 324, 301, 464, 331, 180, 443, 486, 319, 282, 282, 388, 388, 94, 199, 199, 331, 403, 290, 290, 171, 171, 171, 246, 3, 301, 301, 143, 280, 29, 437, 106, 284, 405, 206, 206, 271, 368, 77, 269, 323, 224, 168, 494, 374, 374, 374, 374, 139, 88, 497, 497, 43, 88, 109, 346, 346, 428, 428, 428, 85, 85, 146, 146, 146, 219, 219, 219, 219, 152, 152, 382, 382, 245, 245, 43, 43, 43, 276, 276, 276, 346, 293, 293, 293, 293, 240, 216, 58, 192, 183, 183, 351, 139, 139, 139, 139, 293, 293, 122, 49, 269, 9, 168, 168, 494, 494, 241, 114, 331, 443, 443, 330, 330, 299, 299, 464, 464, 464, 464, 340, 330, 216, 216, 22, 22, 278, 99, 99, 99, 436, 60, 395, 395, 499, 319, 413, 413, 379, 471, 49, 49, 107, 107, 395, 400, 485, 464, 464, 378, 139, 139, 255, 348, 348, 43, 58, 441, 437, 437, 481, 426, 306, 372, 372, 396, 467, 467, 303, 303, 243, 243, 32, 259, 354, 473, 109, 286, 286, 286, 286, 468, 468, 468, 337, 337, 337, 41, 324, 19, 19, 454, 454, 454, 414, 414, 170, 170, 170, 47, 47, 244, 2, 2, 2, 2, 2, 244, 435, 435, 435, 435, 435, 320, 320, 320, 451, 451, 30, 30, 324, 464, 434, 301, 378, 378, 88, 88, 100, 100, 293, 497, 497, 497, 43, 98, 208, 106, 106, 306, 372, 372, 396, 396, 396, 406, 132, 375, 375, 98, 98, 98, 98, 414, 414, 414, 414, 414, 47, 47, 244, 80, 80, 321, 321, 320, 441, 441, 346, 346, 346, 346, 265, 85, 85, 282, 271, 271, 77, 77, 323, 323, 224, 273, 106, 106, 153, 182, 182, 182, 375, 375, 98, 98, 13, 13, 417, 414, 414, 249, 170, 249, 249, 28, 28, 28, 2, 244, 2, 244, 63, 63, 63, 63, 63, 63, 244]

ep404
Train step Loss: [0.08663520961999893, 0.32039210200309753, 0.4266548156738281, 0.20179644227027893, 0.1694737821817398, 0.5479117035865784, 0.15245646238327026, 0.31408101320266724, 0.2913514971733093, 0.08425083011388779, 0.07721066474914551, 0.64974045753479, 0.6290848255157471, 0.27227216958999634, 0.2751733362674713, 0.3241116404533386, 0.216146782040596, 0.38867226243019104, 0.39746421575546265, 0.27795830368995667, 0.36036038398742676, 0.24182112514972687, 0.29743558168411255, 0.2849122881889343, 0.10492923855781555, 0.09790994971990585, 0.30802014470100403, 0.34467247128486633, 0.16702106595039368, 0.18705950677394867, 0.04945851489901543, 0.17583897709846497, 0.16383329033851624, 0.185370534658432, 0.49652212858200073, 0.18548493087291718, 0.5483282208442688, 0.35524579882621765, 0.1906181126832962, 0.17257577180862427, 0.3698866367340088, 0.033827073872089386, 0.13795877993106842, 0.3102850019931793, 0.19633251428604126, 0.7369052767753601, 0.3946775197982788, 0.4355485141277313, 0.33273205161094666, 0.05745895951986313, 0.21190065145492554, 0.005413943435996771, 0.24320586025714874, 0.3556120991706848, 1.033414602279663, 0.3816923201084137, 0.07981421798467636, 0.227911576628685, 0.36999595165252686, 0.3165570795536041, 0.31747356057167053, 0.4832674562931061, 0.3669556677341461]
val step Loss: [0.5016973614692688, 0.8870115876197815, 0.47284919023513794, 0.44791972637176514, 0.3598015308380127, 0.8740015029907227, 0.2951435446739197, 1.017648458480835, 0.4780561923980713, 0.5141854882240295, 0.7048655152320862, 0.12669900059700012, 0.5820947885513306, 0.7365456223487854, 0.37178099155426025, 0.16606733202934265]
Train step Accs: [0.979864200421447, 0.9208994708994709, 0.8855057876195269, 0.9498708795382045, 0.9581527424899118, 0.855413673849428, 0.9636388213030549, 0.9196925523456135, 0.9231819310002481, 0.981709910676308, 0.9813972715998347, 0.8395824143508308, 0.8401496925955627, 0.9346969889467666, 0.9258826583592938, 0.9165924984106802, 0.9452363090772693, 0.9030752662438675, 0.8942453306410904, 0.928875144955547, 0.9050875929925606, 0.9368998628257887, 0.9225862568860539, 0.924724409448819, 0.9757963380988212, 0.9747266789720289, 0.923535648025444, 0.9114906832298136, 0.9573367808661927, 0.9528436325948957, 0.9872966029117899, 0.9552219321148825, 0.9624091671324763, 0.953724755918149, 0.8684656682678723, 0.9507042253521126, 0.8603880738286797, 0.9124497991967871, 0.9493540810334703, 0.9554294975688817, 0.9047039740470397, 0.9927479927479927, 0.9662512980269989, 0.9219600725952813, 0.9460167714884696, 0.8311719500480308, 0.8933084434233199, 0.8851141809980265, 0.9181830619783828, 0.9869885788636692, 0.9433849821215733, 1.0, 0.9343727852586818, 0.9128510167381381, 0.7470449172576832, 0.9082539169762559, 0.9800079438633655, 0.9409851860773214, 0.9010580497569345, 0.9171324422843257, 0.9232280885628193, 0.8783394985614468, 0.9029211508895234]
val step Accs: [0.8865143699336773, 0.784336569579288, 0.8812556284574811, 0.889693421660761, 0.9107708553326294, 0.791038283062645, 0.9283044058744994, 0.74279895257492, 0.8791375645308229, 0.8864464415836775, 0.8303214236446407, 0.9694477085781433, 0.8647228789072761, 0.8194648993618066, 0.9110335804622764, 0.9610710607621009]
Preds: [17, 17, 296, 109, 278, 278, 330, 385, 35, 35, 77, 54, 54, 323, 224, 273, 273, 494, 498, 498, 406, 406, 406, 406, 406, 467, 337, 337, 337, 328, 116, 200, 33, 10, 10, 309, 479, 331, 331, 106, 284, 284, 426, 426, 426, 426, 375, 98, 98, 98, 98, 13, 13, 82, 82, 170, 170, 392, 392, 392, 63, 63, 63, 63, 63, 63, 63, 63, 63, 63, 63, 63, 63, 63, 63, 63, 63, 63, 63, 63, 63, 63, 63, 63, 63, 392, 244, 289, 289, 321, 7, 7, 7, 32, 32, 354, 354, 420, 420, 213, 213, 213, 246, 246, 246, 246, 246, 246, 246, 246, 246, 3, 3, 3, 188, 188, 177, 177, 236, 143, 129, 401, 401, 354, 354, 106, 109, 109, 278, 171, 171, 171, 171, 171, 171, 246, 246, 246, 246, 246, 246, 3, 143, 99, 338, 338, 338, 338, 338, 338, 400, 400, 400, 213, 360, 434, 434, 339, 394, 76, 129, 401, 401, 354, 445, 106, 351, 351, 351, 286, 286, 464, 139, 139, 120, 486, 315, 450, 450, 450, 450, 450, 450, 450, 450, 450, 43, 276, 276, 276, 276, 276, 346, 182, 182, 182, 182, 182, 182, 182, 182, 182, 182, 182, 182, 303, 303, 59, 59, 59, 132, 98, 197, 197, 98, 98, 98, 98, 414, 414, 414, 197, 80, 80, 320, 320, 7, 473, 398, 398, 398, 398, 464, 464, 139, 293, 153, 182, 182, 182, 182, 182, 182, 182, 98, 98, 98, 303, 413, 348, 10, 398, 473, 398, 398, 464, 464, 464, 139, 315, 460, 460, 169, 169, 263, 225, 170, 170, 170, 170, 392, 392, 63, 392, 392, 392, 63, 63, 63, 63, 63, 63, 63, 63, 63, 392, 392, 73, 244, 320, 320, 66, 66, 397, 397, 397, 106, 153, 153, 153, 132, 132, 182, 182, 182, 182, 182, 182, 182, 182, 122, 122, 129, 401, 259, 259, 75, 445, 107, 323, 323, 397, 273, 106, 106, 481, 387, 387, 122, 348, 348, 199, 199, 398, 324, 277, 277, 233, 129, 401, 321, 321, 354, 441, 213, 109, 109, 290, 284, 319, 251, 285, 376, 460, 263, 35, 35, 35, 14, 287, 284, 284, 284, 460, 35, 35, 239, 354, 354, 354, 420, 284, 460, 460, 240, 35, 35, 77, 77, 449, 324, 351, 443, 486, 460, 460, 169, 35, 239, 449, 371, 371, 324, 324, 374, 286, 464, 374, 43, 48, 303, 381, 48, 48, 170, 170, 80, 7, 445, 441, 441, 100, 98, 98, 98, 98, 13, 13, 48, 170, 170, 392, 392, 392, 63, 63, 63, 63, 63, 63, 63, 63, 63, 63, 63, 63, 63, 63, 63, 63, 63, 63, 63, 63, 63, 63, 63, 63, 63, 63, 63, 63, 63, 63, 63, 63, 73, 244, 209, 320, 320, 287, 111, 111, 111, 460, 460, 284, 284, 43, 43, 43, 43, 276, 276, 346, 346, 182, 182, 182, 182, 43, 43, 122, 32, 197, 259, 7, 7, 196, 196, 100, 213, 171, 171, 143, 252, 252, 24, 239, 36, 75, 208, 445, 213, 213, 213, 213, 213, 219, 213, 374, 374, 132, 132, 132, 132, 98, 236, 99, 232, 172, 323, 482, 482, 397, 397, 397, 397, 18, 106, 106, 426, 153, 43, 122, 129, 401, 401, 354, 354, 354, 354, 106, 213, 213, 213, 213, 171, 171, 171, 19, 454, 414, 414, 170, 401, 80, 80, 7, 196, 398, 398, 398, 116, 116, 116, 233, 76, 401, 401, 196, 7, 473, 473, 65, 65, 284, 46, 284, 206, 206, 206, 240, 167, 35, 14, 287, 287, 287, 188, 188, 375, 182, 98, 98, 13, 129, 401, 401]

ep405
Train step Loss: [0.5332400798797607, 0.2517845332622528, 0.10351164638996124, 0.27597492933273315, 0.03995272144675255, 0.19053412973880768, 0.5512638688087463, 0.093392513692379, 0.7195621728897095, 0.2988854646682739, 0.3466009199619293, 0.11092405766248703, 0.12693212926387787, 0.473813533782959, 0.5309239625930786, 0.5263802409172058, 0.4780959188938141, 0.2836045026779175, 0.1847870647907257, 0.07651874423027039, 0.3887748122215271, 0.34725651144981384, 0.7212755084037781, 0.2060329020023346, 0.039849795401096344, 0.3596678376197815, 0.34731999039649963, 0.2817339301109314, 0.16504256427288055, 0.3813331723213196, 0.3623415529727936, 0.2385045886039734, 0.4238462746143341, 0.20045572519302368, 0.0885273888707161, 0.2178216278553009, 0.21215184032917023, 0.31102317571640015, 0.23234474658966064, 0.2928735613822937, 0.19601929187774658, 0.2789401412010193, 0.15421782433986664, 0.1325916051864624, 0.17596246302127838, 0.4763047397136688, 0.082547128200531, 0.3330397307872772, 0.5188462734222412, 0.2367519736289978, 0.22417277097702026, 0.37417834997177124, 0.26749101281166077, 0.4752965569496155, 0.3646012842655182, 0.06852088123559952, 0.11958539485931396, 0.43953725695610046, 0.4989314675331116, 0.25915995240211487, 0.26287782192230225, 0.21019278466701508, 0.15292520821094513]
val step Loss: [0.6491455435752869, 0.905444860458374, 0.2549687922000885, 0.579919695854187, 0.4111359417438507, 0.9072567820549011, 0.3440118730068207, 0.17642197012901306, 0.9265855550765991, 0.2106226682662964, 0.552285373210907, 0.6269850730895996, 0.5758737325668335, 0.1664978414773941, 0.7935425639152527, 0.3774425983428955]
Train step Accs: [0.8595598349381018, 0.9327007116993382, 0.9723710177614886, 0.9296669890838746, 0.9913663149239413, 0.9527663331371395, 0.8579789309403043, 0.9788184254178895, 0.8093899009658883, 0.9261025029797377, 0.9113680154142582, 0.9726172288165472, 0.9684835959700335, 0.878455341019586, 0.8654350104821803, 0.8692943248002167, 0.8799374266718811, 0.9279538904899135, 0.9504625484929872, 0.9801688329090178, 0.902502157031924, 0.9102167182662538, 0.8236207308335324, 0.9461352006463776, 0.990851334180432, 0.9053719609841316, 0.9121076233183857, 0.9320274813623739, 0.957127379662591, 0.9024451097804391, 0.9066709429121231, 0.9355629057944383, 0.8897185525560023, 0.9491429380932144, 0.9776459854014599, 0.9474655686497231, 0.9470049143312524, 0.9167588835608017, 0.9390062481404344, 0.9258788648877594, 0.9476938296030667, 0.9315245478036176, 0.9616287094547964, 0.9680050188205772, 0.9558251855342208, 0.8769700050838841, 0.9788424124513618, 0.9129449406745768, 0.8696952435203645, 0.9402166644376087, 0.9448403648802737, 0.9048409405255878, 0.9283158701763353, 0.9057651245551601, 0.9093711467324291, 0.9831241283124128, 0.9726858877086495, 0.8846208362863217, 0.8701849452232301, 0.9347393553521687, 0.934755156447313, 0.9459308807134894, 0.96128]
val step Accs: [0.8456248517903723, 0.7779751332149201, 0.9403521825396826, 0.8544418184345892, 0.8941000374204815, 0.7858132446661125, 0.9163267991053808, 0.9577052539148251, 0.7722998005129666, 0.9524714828897338, 0.8680225010817828, 0.8437892095357591, 0.8656121045392022, 0.956221516365143, 0.7990861443354388, 0.9135829824950144]
Preds: [17, 17, 296, 109, 278, 278, 330, 385, 35, 35, 77, 54, 54, 323, 224, 273, 273, 494, 498, 498, 406, 406, 406, 406, 406, 467, 337, 337, 337, 328, 116, 200, 33, 10, 10, 309, 479, 331, 331, 106, 284, 284, 426, 426, 426, 426, 375, 98, 98, 98, 98, 13, 13, 82, 82, 170, 170, 392, 392, 392, 63, 63, 63, 63, 63, 63, 63, 63, 63, 63, 63, 63, 63, 63, 63, 63, 63, 63, 63, 63, 63, 63, 63, 63, 63, 392, 244, 289, 289, 321, 7, 7, 7, 32, 32, 354, 354, 420, 420, 213, 213, 213, 246, 246, 246, 246, 246, 246, 246, 246, 246, 3, 3, 3, 188, 188, 177, 177, 236, 143, 129, 401, 401, 354, 354, 106, 109, 109, 278, 171, 171, 171, 171, 171, 171, 246, 246, 246, 246, 246, 246, 3, 143, 99, 338, 338, 338, 338, 338, 338, 400, 400, 400, 213, 360, 434, 434, 339, 394, 76, 129, 401, 401, 354, 445, 106, 106, 351, 351, 171, 286, 464, 464, 139, 120, 486, 315, 450, 450, 450, 450, 450, 450, 450, 450, 450, 43, 276, 276, 276, 276, 276, 346, 182, 182, 182, 182, 182, 182, 182, 182, 182, 182, 182, 182, 303, 303, 303, 59, 59, 132, 98, 98, 98, 98, 98, 496, 98, 414, 414, 414, 197, 80, 80, 320, 320, 7, 473, 398, 398, 398, 398, 464, 464, 139, 293, 153, 182, 182, 182, 182, 182, 182, 182, 98, 98, 98, 303, 413, 10, 10, 398, 473, 398, 398, 464, 464, 464, 464, 315, 376, 460, 169, 169, 263, 225, 170, 170, 170, 392, 392, 392, 392, 392, 392, 392, 63, 63, 63, 63, 63, 63, 63, 63, 63, 63, 392, 73, 244, 320, 320, 66, 66, 397, 397, 397, 106, 153, 153, 153, 132, 132, 182, 182, 182, 182, 182, 182, 182, 182, 122, 122, 129, 401, 259, 259, 75, 445, 107, 323, 323, 397, 273, 106, 106, 481, 387, 387, 122, 348, 348, 199, 398, 398, 324, 277, 277, 233, 129, 401, 321, 321, 354, 441, 213, 109, 109, 290, 284, 319, 285, 285, 376, 460, 263, 35, 35, 35, 14, 287, 284, 460, 284, 460, 35, 401, 354, 354, 354, 354, 420, 284, 460, 460, 240, 35, 35, 449, 77, 449, 324, 351, 443, 486, 460, 460, 169, 35, 239, 449, 371, 371, 324, 324, 374, 286, 464, 374, 43, 48, 303, 381, 48, 48, 48, 170, 80, 7, 445, 441, 441, 100, 98, 98, 98, 98, 13, 13, 48, 170, 170, 392, 392, 392, 63, 63, 63, 63, 63, 63, 63, 63, 63, 63, 63, 63, 63, 63, 63, 63, 63, 63, 63, 63, 63, 63, 63, 63, 63, 63, 63, 63, 63, 63, 63, 63, 73, 244, 209, 320, 320, 287, 111, 111, 111, 460, 460, 284, 284, 293, 43, 43, 43, 276, 276, 276, 346, 182, 182, 182, 182, 43, 43, 122, 129, 197, 259, 7, 7, 196, 196, 100, 213, 171, 171, 171, 252, 252, 24, 239, 36, 75, 208, 445, 213, 213, 213, 213, 213, 219, 213, 374, 374, 132, 132, 132, 132, 132, 236, 99, 232, 172, 323, 482, 482, 397, 397, 397, 397, 397, 106, 106, 426, 153, 43, 122, 129, 401, 401, 354, 354, 354, 354, 106, 213, 213, 213, 213, 171, 171, 171, 19, 454, 414, 414, 401, 401, 80, 80, 441, 196, 398, 398, 398, 116, 116, 116, 233, 76, 401, 401, 196, 7, 473, 473, 65, 65, 284, 284, 284, 206, 206, 206, 169, 263, 35, 14, 287, 287, 287, 188, 188, 375, 182, 98, 129, 17, 129, 401, 401]

ep406
Train step Loss: [0.21470603346824646, 0.37703755497932434, 0.35489949584007263, 0.4906315505504608, 0.20753686130046844, 0.38005706667900085, 0.3932036757469177, 0.2599641978740692, 0.3055347204208374, 0.6921476721763611, 0.5884430408477783, 0.27700141072273254, 0.33074554800987244, 0.36846497654914856, 0.2976606488227844, 0.2656168043613434, 0.26771280169487, 0.43137478828430176, 0.38511520624160767, 0.1296362578868866, 0.30676913261413574, 0.025744888931512833, 0.20458686351776123, 0.22910040616989136, 0.37674984335899353, 0.01986105367541313, 0.3881581127643585, 0.04008843004703522, 0.12350909411907196, 0.198016956448555, 0.3686372935771942, 0.09123758226633072, 0.46093031764030457, 0.40097713470458984, 0.32839199900627136, 0.13131844997406006, 0.2625139653682709, 0.13829974830150604, 0.1705777645111084, 0.24422498047351837, 0.1926180124282837, 0.2944313585758209, 0.14342635869979858, 0.055468033999204636, 0.25284111499786377, 0.2130499929189682, 0.48092520236968994, 0.3738829791545868, 0.32944154739379883, 0.4813305139541626, 0.23708373308181763, 0.16864266991615295, 0.38177183270454407, 0.14241985976696014, 0.3329397141933441, 0.28906628489494324, 0.20952360332012177, 0.18087521195411682, 0.41205936670303345, 0.21579918265342712, 0.25684741139411926, 0.20835010707378387, 0.4929329752922058]
val step Loss: [0.2980291247367859, 0.38059455156326294, 0.7297360897064209, 0.9105854034423828, 0.5460852980613708, 0.8429558277130127, 0.308062881231308, 0.48580411076545715, 0.6460608243942261, 0.2706870138645172, 0.541604220867157, 0.44862934947013855, 0.2630023956298828, 0.786783754825592, 0.44873782992362976, 0.7685984373092651]
Train step Accs: [0.9474885844748858, 0.9040667361835245, 0.914578735557575, 0.8686765457332652, 0.9462634341414646, 0.9021175150750246, 0.8998804939583057, 0.9356204379562044, 0.9245923913043478, 0.8185117967332124, 0.8501737503341352, 0.9294051469554212, 0.9214702292147023, 0.9010684606252474, 0.9214058392140584, 0.9312608372553877, 0.9321481883566292, 0.8905980639172524, 0.8995234312946783, 0.9684460260972716, 0.9199476782210595, 0.9945369076356244, 0.9486305538648813, 0.9393335988318067, 0.9077729796421962, 0.9959726137736609, 0.9052574672253008, 0.9920285871357889, 0.968035889527548, 0.9478653530377669, 0.9017195767195767, 0.9783489096573209, 0.8841744826559476, 0.9029199277543648, 0.925029593581481, 0.9649599348091811, 0.9305647401137416, 0.9661016949152542, 0.9560954192887458, 0.9374345157910492, 0.9523492612804473, 0.9262107109132605, 0.9659400544959128, 0.9874349536743241, 0.9333812949640288, 0.9434143661584947, 0.8778859527121001, 0.9052139221350942, 0.9119850187265918, 0.9041678480294868, 0.9424186778593914, 0.9597989949748744, 0.9043467583497053, 0.9658070950277817, 0.913097301312206, 0.9252880533656762, 0.9455453032824082, 0.9528045838359469, 0.8945008965929468, 0.9461346633416459, 0.9311949069539667, 0.9474110032362459, 0.8854868340477648]
val step Accs: [0.9222444889779559, 0.9033429133262744, 0.8257585295228503, 0.7820563195808775, 0.86439508897779, 0.789414694894147, 0.9280499137129962, 0.8840353614144566, 0.8459406586240626, 0.9325878091037959, 0.8632345293811753, 0.8903856312731114, 0.9449073498321104, 0.8048186594899398, 0.8947048082775411, 0.8191638327665534]
Preds: [17, 17, 309, 309, 479, 479, 398, 290, 360, 360, 360, 434, 434, 434, 434, 434, 434, 3, 3, 3, 3, 197, 226, 226, 440, 287, 287, 284, 460, 460, 178, 215, 129, 129, 401, 401, 441, 441, 441, 441, 148, 153, 153, 497, 143, 129, 259, 208, 441, 441, 153, 100, 153, 182, 497, 43, 129, 259, 259, 208, 208, 441, 437, 125, 426, 426, 413, 348, 64, 466, 466, 331, 331, 284, 284, 426, 426, 426, 426, 426, 98, 263, 263, 13, 13, 417, 170, 170, 170, 170, 170, 187, 170, 187, 187, 187, 2, 435, 2, 244, 341, 2, 2, 163, 163, 73, 73, 63, 73, 73, 73, 73, 244, 320, 287, 287, 284, 284, 284, 319, 319, 348, 413, 250, 250, 250, 138, 138, 138, 138, 138, 138, 138, 182, 182, 182, 182, 182, 182, 182, 182, 182, 182, 182, 182, 182, 372, 406, 406, 467, 467, 467, 467, 331, 134, 153, 182, 182, 182, 182, 182, 182, 182, 98, 98, 98, 98, 13, 13, 13, 414, 417, 170, 417, 417, 170, 170, 47, 47, 435, 435, 80, 73, 73, 244, 320, 287, 83, 55, 55, 240, 438, 438, 416, 32, 32, 32, 354, 354, 354, 473, 264, 264, 264, 264, 264, 468, 406, 406, 467, 337, 134, 88, 88, 426, 426, 319, 319, 282, 388, 388, 379, 77, 77, 342, 342, 68, 115, 115, 267, 267, 267, 267, 213, 324, 324, 3, 464, 464, 464, 171, 171, 171, 171, 246, 246, 246, 143, 239, 239, 32, 32, 354, 354, 354, 420, 213, 464, 464, 277, 233, 129, 401, 77, 342, 342, 172, 273, 273, 106, 355, 284, 376, 460, 169, 169, 263, 263, 414, 414, 170, 170, 170, 47, 312, 187, 187, 187, 292, 292, 1, 1, 23, 23, 408, 408, 391, 391, 244, 73, 73, 320, 83, 287, 287, 111, 111, 240, 35, 35, 449, 342, 342, 342, 172, 267, 267, 267, 213, 324, 324, 464, 464, 464, 464, 315, 284, 284, 376, 376, 376, 376, 460, 460, 240, 35, 35, 449, 401, 354, 449, 397, 397, 441, 387, 387, 387, 167, 35, 35, 35, 342, 342, 224, 273, 106, 106, 284, 319, 319, 319, 388, 388, 348, 94, 76, 10, 10, 473, 473, 398, 398, 464, 464, 434, 434, 246, 246, 434, 434, 434, 3, 197, 440, 440, 145, 460, 169, 35, 35, 354, 354, 354, 354, 284, 443, 240, 240, 35, 314, 239, 310, 371, 324, 443, 486, 460, 460, 169, 35, 314, 239, 239, 371, 371, 278, 257, 257, 31, 31, 54, 232, 232, 232, 172, 172, 115, 273, 267, 267, 267, 213, 213, 246, 246, 3, 3, 14, 440, 411, 188, 171, 171, 171, 264, 120, 143, 143, 458, 96, 96, 342, 342, 86, 160, 483, 336, 7, 188, 287, 145, 284, 284, 306, 306, 85, 406, 406, 59, 59, 59, 59, 59, 452, 263, 229, 170, 170, 170, 312, 187, 187, 187, 187, 187, 1, 1, 12, 1, 1, 1, 1, 1, 1, 260, 391, 391, 391, 228, 73, 320, 287, 287, 284, 284, 111, 460, 240, 35, 36, 77, 66, 342, 172, 273, 273, 267, 464, 464, 464, 120, 460, 460, 460, 215, 8, 8, 354, 109, 284, 46, 146, 240, 240, 35, 77, 449, 324, 443, 443, 443, 443, 240, 240, 314, 32, 239, 371, 371, 324, 301, 213, 213, 246, 246, 246, 246, 246, 301, 8, 32, 354, 354, 354, 180, 180, 355, 355, 355, 355, 355, 263, 263, 263, 170, 170, 170, 170, 170, 170, 28, 28, 28, 2, 2, 187, 187, 12, 163, 163, 163, 73, 73, 73, 73, 73, 321, 320, 320, 7]

ep407
Train step Loss: [0.05332542955875397, 0.5370401740074158, 0.4329271614551544, 0.34873437881469727, 0.06052834168076515, 0.2049449235200882, 0.25753065943717957, 0.4597941040992737, 0.07040153443813324, 0.22712650895118713, 0.4765927195549011, 0.25983333587646484, 0.36741939187049866, 0.26423344016075134, 0.20726178586483002, 0.33004605770111084, 0.32122814655303955, 0.27992016077041626, 0.3246358036994934, 0.27661368250846863, 0.1588018834590912, 0.616831362247467, 0.25672009587287903, 0.532741904258728, 0.20530743896961212, 0.1708160638809204, 0.4781494736671448, 0.24911552667617798, 0.024443740025162697, 0.3487343192100525, 0.3665372431278229, 0.3415661156177521, 0.060959067195653915, 0.26840806007385254, 0.1454036980867386, 0.4079013764858246, 0.12871888279914856, 0.3764232397079468, 0.2743033468723297, 0.26141080260276794, 0.2399073839187622, 0.22166772186756134, 0.25485432147979736, 0.8129886388778687, 0.3918343782424927, 0.3527644872665405, 0.22481286525726318, 0.11563275009393692, 0.06830176711082458, 0.6017733812332153, 0.4791252315044403, 0.47196319699287415, 0.46256330609321594, 0.27653902769088745, 0.18796154856681824, 0.2820352017879486, 0.3107244670391083, 0.09336645901203156, 0.34514328837394714, 0.11652310192584991, 0.4528363347053528, 0.12765632569789886, 0.24624493718147278]
val step Loss: [0.762958824634552, 0.35601940751075745, 0.5460323095321655, 0.9616619944572449, 0.010119632817804813, 0.10346712917089462, 0.2695309817790985, 0.6759413480758667, 1.118030309677124, 0.4764225482940674, 0.6391899585723877, 0.31993913650512695, 0.495374470949173, 0.3488929569721222, 0.7117105722427368, 0.8504787087440491]
Train step Accs: [0.9878431908209261, 0.8613382899628252, 0.8935935778372422, 0.9089671858460608, 0.9837876614060258, 0.9501377771945939, 0.9348825649310302, 0.8832559339525283, 0.983162100456621, 0.9418463407227452, 0.8815942028985507, 0.9302114803625378, 0.9023075860163051, 0.9297734199019478, 0.9469723283547528, 0.9161621479336668, 0.9277872651866309, 0.9277690700104493, 0.9118980169971671, 0.925673113386424, 0.9601532567049809, 0.8420107719928187, 0.9314632297194845, 0.8613400691305504, 0.9499248873309964, 0.9554726368159204, 0.87213902232269, 0.9391220320265047, 0.9953407880724174, 0.9078156312625251, 0.9071045401020542, 0.9159870550161813, 0.9861149298872697, 0.9306520414381475, 0.9610016420361248, 0.8959398496240601, 0.9667641584684924, 0.9032035349351007, 0.9283202596700028, 0.9319440780796624, 0.9377115775220041, 0.9430871737923376, 0.9316318638824439, 0.7970941883767535, 0.9005123825789924, 0.9079754601226994, 0.9401190331592372, 0.9720829380674888, 0.9831838565022422, 0.8694928278688525, 0.8793193262719222, 0.8785677879714577, 0.8929094053478781, 0.9299641862315957, 0.9532592218292066, 0.9265408805031446, 0.9236175573531362, 0.9760574620909817, 0.9073906874758159, 0.9690493736182756, 0.8806004618937644, 0.9704775687409551, 0.9399779735682819]
val step Accs: [0.8178553739474987, 0.912847905538375, 0.8694708276797829, 0.7678766541216462, 0.9986427386517871, 0.9753515802207773, 0.9314780782357575, 0.8353038218311796, 0.7308268628252281, 0.8805819101834282, 0.8417867435158501, 0.9183011355257337, 0.8798293723339428, 0.9124278972207656, 0.8261196272918545, 0.809206541490006]
Preds: [17, 17, 17, 145, 284, 284, 284, 450, 450, 450, 43, 43, 43, 43, 276, 276, 153, 153, 138, 182, 182, 182, 182, 182, 182, 182, 98, 98, 98, 98, 98, 197, 226, 226, 226, 209, 287, 287, 110, 145, 111, 111, 322, 322, 67, 10, 10, 479, 398, 398, 398, 301, 399, 43, 43, 250, 138, 138, 138, 153, 387, 387, 109, 146, 146, 324, 324, 422, 99, 99, 338, 338, 338, 338, 338, 338, 395, 395, 395, 278, 278, 278, 374, 378, 416, 8, 259, 208, 100, 100, 100, 375, 122, 122, 122, 233, 82, 75, 75, 66, 68, 68, 68, 224, 25, 267, 444, 448, 324, 464, 464, 58, 315, 486, 319, 319, 72, 72, 203, 7, 364, 276, 276, 276, 276, 153, 153, 182, 182, 182, 182, 375, 98, 98, 98, 98, 426, 426, 282, 282, 59, 282, 282, 282, 413, 413, 413, 303, 413, 303, 303, 303, 303, 303, 309, 309, 479, 479, 331, 331, 106, 481, 481, 481, 481, 182, 387, 293, 375, 98, 263, 263, 263, 78, 170, 170, 170, 170, 170, 392, 392, 392, 392, 392, 392, 392, 392, 63, 63, 63, 63, 63, 63, 63, 63, 63, 63, 63, 392, 392, 392, 392, 244, 244, 289, 289, 321, 7, 7, 420, 324, 324, 324, 464, 464, 464, 110, 486, 486, 460, 460, 169, 349, 349, 234, 234, 234, 234, 261, 25, 25, 485, 324, 324, 324, 464, 464, 464, 139, 139, 426, 426, 426, 413, 348, 10, 10, 473, 398, 398, 340, 340, 116, 94, 199, 302, 88, 274, 122, 122, 129, 129, 75, 342, 68, 115, 273, 273, 151, 151, 151, 240, 215, 35, 129, 259, 354, 354, 420, 286, 286, 286, 286, 374, 374, 374, 374, 374, 246, 246, 246, 477, 132, 132, 132, 375, 375, 375, 98, 98, 98, 13, 401, 82, 401, 321, 75, 208, 208, 441, 437, 437, 437, 481, 481, 375, 375, 98, 98, 98, 263, 13, 193, 17, 83, 83, 403, 403, 403, 403, 438, 438, 438, 438, 438, 438, 438, 438, 438, 438, 438, 438, 438, 438, 438, 438, 438, 438, 438, 438, 438, 438, 438, 438, 438, 438, 438, 438, 438, 438, 438, 438, 438, 438, 438, 438, 438, 438, 438, 438, 438, 438, 438, 438, 438, 438, 438, 438, 438, 438, 438, 438, 438, 438, 438, 438, 438, 438, 438, 438, 438, 438, 438, 438, 438, 438, 438, 438, 438, 438, 438, 438, 438, 438, 438, 438, 438, 438, 438, 438, 438, 438, 438, 438, 438, 438, 438, 438, 438, 438, 438, 438, 438, 438, 438, 438, 438, 438, 438, 438, 438, 438, 438, 438, 438, 438, 438, 438, 438, 438, 438, 438, 438, 438, 438, 438, 438, 438, 438, 438, 438, 438, 438, 438, 438, 438, 438, 438, 438, 438, 438, 438, 438, 438, 438, 438, 438, 438, 438, 438, 438, 438, 438, 438, 438, 438, 438, 438, 438, 438, 438, 438, 438, 438, 438, 438, 438, 438, 438, 438, 438, 438, 438, 438, 438, 438, 438, 438, 438, 438, 438, 438, 438, 438, 438, 438, 438, 438, 438, 438, 438, 438, 438, 438, 438, 438, 438, 438, 438, 438, 438, 438, 438, 438, 438, 438, 438, 438, 438, 438, 438, 438, 438, 438, 438, 438, 438, 438, 438, 438, 438, 438, 438, 438, 438, 438, 438, 438, 438, 438, 438, 438, 438, 438, 438, 438, 438, 438, 438, 438, 438, 438, 438, 438, 438, 438, 438, 438, 438, 438, 438, 438, 438, 438, 438, 438, 438, 438, 438, 438, 438, 438, 438, 438, 438, 438, 438, 438, 438, 438, 438, 438, 438, 438, 438, 438, 438, 438, 438, 438]

ep408
Train step Loss: [0.2522931694984436, 0.06642110645771027, 0.6096391081809998, 0.6248564124107361, 0.6704587340354919, 0.02281769923865795, 0.18085812032222748, 0.18188758194446564, 0.3159560263156891, 0.005102227441966534, 0.17602157592773438, 0.35597294569015503, 0.22862181067466736, 0.1561502069234848, 0.5117929577827454, 0.5372633337974548, 0.2615396976470947, 0.2463383972644806, 0.20362533628940582, 0.2910827100276947, 0.15251308679580688, 0.20989316701889038, 0.33446937799453735, 0.21956691145896912, 0.25087806582450867, 0.1991143524646759, 0.11612585932016373, 0.024654775857925415, 0.3406125605106354, 0.33300691843032837, 0.2566497027873993, 0.37331581115722656, 0.23033331334590912, 0.4235896170139313, 0.5282222032546997, 0.5797531008720398, 0.6501328349113464, 0.49949562549591064, 0.22272710502147675, 0.15546075999736786, 0.2637759745121002, 0.1475619524717331, 0.6089155077934265, 0.3681851327419281, 0.5712292194366455, 0.4762479066848755, 0.07461025565862656, 0.3188707232475281, 0.28381526470184326, 0.3649531900882721, 0.1058972030878067, 0.08253485709428787, 0.4024285674095154, 0.24054661393165588, 0.1184084415435791, 0.3237347900867462, 0.2452884167432785, 0.3087197542190552, 0.26163235306739807, 0.2694433629512787, 0.21843203902244568, 0.09885922819375992, 0.1020713672041893]
val step Loss: [0.7124261856079102, 0.9065533876419067, 0.17918303608894348, 0.5284957885742188, 0.4230714440345764, 0.7380824089050293, 0.4526638388633728, 0.806437611579895, 0.6312150359153748, 0.3367109000682831, 0.42049574851989746, 0.3165464699268341, 0.457185834646225, 0.45961254835128784, 0.6614963412284851, 0.7626684904098511]
Train step Accs: [0.9348129536571748, 0.9841452499680348, 0.8437776933789087, 0.8542119565217391, 0.8290211040896626, 0.9948883508205542, 0.9528817263042885, 0.9545859305431879, 0.9250464314141682, 1.0, 0.9534851039910062, 0.9068066157760815, 0.9392006802721088, 0.9622405991574349, 0.8654948414214749, 0.865179677819083, 0.9352132370076905, 0.9334672357519458, 0.9479622056127486, 0.9233492381098969, 0.9584641735655153, 0.9489916963226572, 0.9196649272177974, 0.9431862809268229, 0.9349617422012949, 0.9490038655961939, 0.9713496218731821, 0.9951314508276533, 0.908875177978168, 0.9121067450116294, 0.9341383095499451, 0.9035382752589802, 0.9398280802292264, 0.8898075552387741, 0.8597568945235917, 0.8596398305084746, 0.8331217379037946, 0.8691189050470488, 0.9464549483013294, 0.9590523544896169, 0.9327699293642785, 0.9632505893773402, 0.8411782119597395, 0.9059168443496801, 0.8901778808971385, 0.8742070246015782, 0.9813459606830248, 0.915828677839851, 0.9238213399503722, 0.9048896839594514, 0.9741833508956796, 0.9793041003751132, 0.8941176470588236, 0.9395917398528365, 0.9701672240802676, 0.9171110033931168, 0.9402572258332181, 0.9247529769445149, 0.935569819547051, 0.935163996948894, 0.9420710631826351, 0.9746724890829694, 0.9733298808907301]
val step Accs: [0.8264442231075697, 0.7723612941004245, 0.9564082885648504, 0.8694781796343254, 0.894075859444374, 0.8328599829593866, 0.8854299566215872, 0.8136645962732919, 0.8404900064474533, 0.9219839494803316, 0.8948203722406579, 0.9168370824812543, 0.8888448844884489, 0.8906025356162593, 0.8478208232445521, 0.8201422854602045]
Preds: [17, 309, 479, 479, 199, 278, 278, 17, 465, 465, 77, 269, 54, 9, 224, 224, 273, 494, 494, 222, 468, 406, 406, 406, 406, 467, 337, 337, 337, 340, 116, 33, 10, 10, 10, 309, 479, 331, 331, 84, 426, 426, 426, 426, 426, 375, 375, 98, 98, 98, 263, 263, 13, 13, 13, 414, 102, 82, 305, 312, 305, 187, 187, 187, 187, 187, 341, 341, 341, 341, 341, 2, 341, 163, 163, 2, 244, 366, 366, 366, 366, 366, 244, 63, 244, 73, 73, 73, 73, 320, 7, 7, 7, 32, 32, 354, 354, 420, 420, 213, 213, 213, 213, 246, 246, 246, 246, 246, 246, 246, 3, 3, 3, 188, 188, 188, 177, 255, 236, 416, 129, 129, 259, 354, 354, 425, 109, 278, 403, 403, 171, 171, 171, 171, 246, 246, 246, 246, 246, 246, 246, 422, 99, 99, 338, 338, 338, 338, 338, 400, 400, 400, 444, 324, 464, 171, 252, 314, 314, 239, 239, 239, 36, 108, 107, 395, 395, 286, 286, 286, 464, 464, 264, 264, 264, 315, 315, 315, 315, 282, 282, 282, 450, 413, 203, 250, 250, 250, 276, 276, 138, 138, 138, 138, 182, 182, 182, 182, 182, 182, 182, 182, 182, 372, 59, 59, 59, 406, 406, 406, 467, 467, 134, 302, 302, 302, 375, 375, 375, 98, 122, 385, 197, 197, 196, 309, 309, 479, 479, 398, 398, 84, 84, 88, 88, 88, 43, 43, 43, 43, 182, 182, 182, 387, 387, 242, 242, 116, 33, 10, 10, 309, 398, 398, 398, 464, 464, 120, 355, 460, 460, 178, 263, 263, 263, 414, 414, 414, 414, 187, 187, 187, 187, 78, 170, 2, 2, 392, 392, 2, 2, 392, 392, 73, 244, 73, 73, 73, 373, 373, 323, 323, 323, 397, 106, 106, 153, 153, 153, 182, 182, 182, 182, 182, 182, 182, 182, 182, 387, 122, 122, 122, 129, 129, 129, 401, 401, 310, 270, 323, 323, 273, 273, 106, 153, 387, 387, 387, 348, 348, 94, 199, 398, 324, 324, 277, 233, 233, 457, 197, 414, 80, 80, 7, 420, 420, 284, 319, 62, 251, 285, 285, 355, 355, 452, 263, 35, 285, 440, 287, 460, 35, 35, 35, 401, 354, 354, 354, 354, 420, 284, 376, 460, 240, 35, 35, 239, 310, 107, 395, 180, 486, 486, 460, 240, 240, 314, 314, 239, 384, 371, 371, 324, 374, 286, 286, 374, 132, 88, 132, 98, 98, 98, 13, 401, 401, 401, 354, 208, 100, 100, 100, 98, 98, 98, 98, 13, 13, 13, 170, 170, 170, 170, 392, 392, 392, 392, 2, 2, 63, 2, 2, 2, 2, 2, 2, 63, 63, 63, 244, 2, 2, 2, 163, 63, 163, 366, 366, 366, 73, 73, 163, 73, 73, 73, 73, 73, 73, 7, 287, 287, 111, 460, 460, 460, 460, 284, 284, 293, 293, 43, 43, 276, 276, 276, 346, 387, 387, 413, 348, 10, 76, 76, 212, 239, 239, 239, 354, 354, 420, 264, 278, 171, 171, 252, 252, 24, 99, 36, 75, 208, 354, 27, 445, 464, 464, 464, 219, 464, 374, 374, 132, 132, 132, 132, 132, 122, 236, 99, 162, 232, 323, 482, 482, 482, 482, 397, 397, 106, 106, 106, 153, 497, 122, 129, 401, 401, 401, 354, 354, 208, 445, 445, 445, 213, 213, 171, 171, 19, 454, 233, 233, 401, 401, 226, 82, 7, 80, 188, 217, 398, 398, 398, 116, 116, 233, 457, 401, 401, 354, 354, 473, 354, 106, 284, 284, 284, 460, 460, 282, 450, 450, 169, 167, 35, 226, 414, 354, 188, 375, 497, 98, 182, 98, 98, 129, 401, 401, 354, 354]

ep409
Train step Loss: [0.48957502841949463, 0.5060787796974182, 0.015298306941986084, 0.5426477193832397, 0.11050689965486526, 0.26382923126220703, 0.7196937203407288, 0.23410291969776154, 0.42416852712631226, 0.2866981327533722, 0.20227794349193573, 0.32097354531288147, 0.005340310279279947, 0.2974345088005066, 0.48754775524139404, 0.158158540725708, 0.012268406338989735, 0.20522497594356537, 0.17206764221191406, 0.1759638786315918, 0.2922304570674896, 0.24713134765625, 0.4108530879020691, 0.13027475774288177, 0.20654547214508057, 0.0829109326004982, 0.32175952196121216, 0.3950021266937256, 0.41585755348205566, 0.4996579587459564, 0.23522858321666718, 0.4643944799900055, 0.17546948790550232, 0.17627255618572235, 0.4887951612472534, 0.2199259251356125, 0.5487074851989746, 0.18198929727077484, 0.8441615104675293, 0.3555481433868408, 0.43588727712631226, 0.5455875396728516, 0.1664484739303589, 0.3057052791118622, 0.15879622101783752, 0.4926696717739105, 0.6241051554679871, 0.4448067545890808, 0.1578160971403122, 0.21426509320735931, 0.10317081958055496, 0.48126447200775146, 0.30991968512535095, 0.004788396880030632, 0.5089617967605591, 0.17688006162643433, 0.36856621503829956, 0.007373772095888853, 0.2611129581928253, 0.07693949341773987, 0.6788462400436401, 0.03905419260263443, 0.013521106913685799]
val step Loss: [0.2913898229598999, 0.42321139574050903, 0.1656932830810547, 0.7925941944122314, 0.6891831755638123, 0.5669949650764465, 0.5338375568389893, 0.5765801668167114, 0.11854350566864014, 0.43346869945526123, 0.7606239318847656, 0.7626183032989502, 0.31775471568107605, 0.6307792663574219, 0.7247900366783142, 1.287337064743042]
Train step Accs: [0.8738781294284365, 0.8761344125582536, 0.9983270598076118, 0.8599059771658831, 0.972940103374886, 0.9351851851851852, 0.8199004975124378, 0.9389361432017266, 0.8886301369863013, 0.9325501036627505, 0.9516235046667543, 0.9173844949099452, 1.0, 0.9252348815667593, 0.8728778467908903, 0.9610289389067525, 0.9985581544376803, 0.9440060698027314, 0.9527134631875536, 0.952299605781866, 0.9263899765074393, 0.9349247874427731, 0.8953317674691721, 0.9642306073783139, 0.9478764478764479, 0.9799080125877512, 0.9141950613877776, 0.8971135343168698, 0.8986713192860019, 0.8999874671011405, 0.9413481584433634, 0.8819561551433389, 0.9578490624515729, 0.9535068022718267, 0.8717423932323646, 0.9413708690330478, 0.8576212161800161, 0.9529564091497627, 0.7785817655571635, 0.9060962274466922, 0.8907094594594595, 0.8625238397965671, 0.9537837837837838, 0.91882988536039, 0.9579583613163197, 0.8716594157862027, 0.8387924000466255, 0.8858972683309372, 0.9596625362509886, 0.9486549563935635, 0.9737884791222189, 0.875231624459543, 0.9177231907025885, 1.0, 0.8710787011557513, 0.955174841586482, 0.9016079632465543, 0.9996797950688441, 0.9370768618080446, 0.9812244897959184, 0.8335255670895809, 0.9902631578947368, 0.9983853606027987]
val step Accs: [0.9280161243881371, 0.8990576813249571, 0.957465718638903, 0.8065613608748481, 0.8295793758480325, 0.8647735801851388, 0.8736202406052338, 0.8531448355452972, 0.9693048864418444, 0.897287683414851, 0.8165835411471322, 0.8044494827830523, 0.9228567339344497, 0.8506363863239331, 0.8243001786777844, 0.6957999514445253]
Preds: [17, 17, 309, 479, 473, 398, 360, 340, 330, 17, 36, 259, 36, 108, 168, 168, 494, 382, 382, 406, 406, 467, 467, 337, 337, 301, 301, 203, 129, 129, 196, 196, 70, 473, 473, 429, 213, 324, 171, 246, 246, 246, 246, 246, 246, 19, 19, 19, 454, 225, 226, 414, 414, 82, 83, 287, 287, 284, 460, 215, 215, 35, 35, 35, 259, 441, 441, 276, 153, 153, 153, 497, 399, 399, 70, 70, 70, 70, 70, 138, 138, 138, 387, 387, 146, 146, 207, 324, 324, 324, 464, 464, 3, 457, 457, 129, 401, 401, 7, 7, 364, 276, 276, 109, 109, 109, 278, 213, 213, 301, 246, 246, 8, 8, 8, 354, 354, 354, 354, 84, 355, 62, 240, 240, 35, 35, 77, 342, 54, 54, 323, 224, 336, 196, 196, 374, 43, 153, 182, 182, 182, 497, 43, 43, 8, 364, 276, 276, 346, 284, 319, 428, 146, 330, 388, 94, 94, 94, 303, 303, 303, 303, 303, 41, 324, 324, 301, 464, 454, 233, 129, 401, 401, 401, 354, 196, 107, 68, 323, 395, 374, 106, 387, 153, 182, 182, 182, 182, 182, 182, 182, 182, 182, 182, 182, 182, 98, 129, 129, 129, 401, 401, 7, 445, 107, 323, 323, 106, 106, 426, 375, 122, 122, 129, 13, 13, 13, 170, 170, 170, 170, 392, 392, 170, 312, 305, 305, 12, 12, 12, 12, 12, 12, 21, 408, 391, 244, 73, 73, 73, 320, 320, 287, 7, 213, 213, 177, 258, 31, 342, 232, 232, 172, 172, 172, 273, 267, 213, 213, 464, 374, 132, 132, 132, 406, 250, 43, 375, 375, 43, 236, 129, 401, 77, 232, 172, 172, 172, 267, 106, 151, 284, 284, 284, 284, 284, 284, 284, 284, 376, 206, 206, 206, 85, 85, 85, 85, 85, 207, 406, 406, 467, 467, 355, 355, 284, 284, 206, 460, 263, 35, 35, 36, 449, 449, 75, 180, 68, 68, 115, 115, 115, 267, 267, 267, 213, 213, 301, 8, 43, 129, 401, 354, 354, 354, 354, 354, 354, 354, 196, 473, 398, 213, 213, 213, 246, 246, 246, 246, 246, 246, 246, 454, 454, 454, 414, 414, 170, 47, 47, 47, 47, 80, 80, 80, 80, 80, 73, 7, 7, 7, 441, 153, 153, 153, 387, 132, 387, 236, 162, 338, 338, 338, 338, 338, 395, 400, 213, 213, 464, 301, 246, 3, 246, 246, 246, 246, 246, 246, 246, 314, 99, 338, 338, 338, 338, 395, 395, 6, 272, 213, 213, 213, 213, 19, 3, 3, 454, 454, 17, 17, 414, 170, 414, 264, 264, 264, 264, 264, 264, 264, 264, 264, 264, 264, 264, 264, 264, 264, 264, 264, 264, 264, 264, 264, 264, 264, 264, 264, 264, 264, 264, 264, 264, 264, 264, 264, 264, 264, 264, 264, 264, 264, 264, 264, 264, 264, 264, 264, 264, 264, 264, 264, 264, 264, 264, 264, 264, 264, 264, 264, 264, 264, 264, 264, 264, 264, 264, 264, 264, 264, 264, 264, 264, 264, 264, 264, 264, 264, 264, 264, 264, 264, 264, 264, 264, 264, 264, 264, 264, 264, 264, 264, 264, 264, 264, 264, 264, 264, 264, 264, 264, 264, 264, 264, 264, 264, 264, 264, 264, 264, 264, 264, 264, 264, 264, 264, 264, 264, 264, 264, 264, 264, 264, 264, 264, 264, 264, 264, 264, 264, 264, 264, 264, 264, 264, 264, 264, 264, 264, 264, 264, 264, 264, 264, 264, 264, 264, 264, 264, 264, 264, 264, 264, 264, 264, 264, 264, 264, 264, 264, 264, 264, 264, 264, 264, 264, 264, 264, 264, 264, 264, 264, 264, 264, 264, 264, 264, 264, 264]

ep410
Train step Loss: [0.3612387478351593, 0.33032575249671936, 0.3910793960094452, 0.12281449884176254, 0.2558838427066803, 0.2302965223789215, 0.2553569972515106, 0.1460714191198349, 0.2449444830417633, 0.1706889271736145, 0.2444799542427063, 0.49834346771240234, 0.4059428572654724, 0.2643885612487793, 0.31483694911003113, 0.2640545964241028, 0.33395299315452576, 0.19643209874629974, 0.24173440039157867, 0.4417053759098053, 0.122362419962883, 0.49650853872299194, 0.11003304272890091, 0.44640207290649414, 0.4862437844276428, 0.1814761459827423, 0.5250481963157654, 0.18842698633670807, 0.30962684750556946, 0.4314495921134949, 0.18357135355472565, 0.16473054885864258, 0.18290694057941437, 0.09466252475976944, 0.12019234150648117, 0.2748663127422333, 0.8162438869476318, 0.4617946147918701, 0.20518776774406433, 0.1450802981853485, 0.1794239580631256, 0.22173576056957245, 0.3232850134372711, 0.15412473678588867, 0.11569706350564957, 0.28512704372406006, 0.2547384202480316, 0.30294036865234375, 0.5000918507575989, 0.12979283928871155, 0.283478319644928, 0.3510495126247406, 0.5465486645698547, 0.15970160067081451, 0.179404616355896, 0.3006921708583832, 0.24643993377685547, 0.5144754648208618, 0.47291937470436096, 0.3513794541358948, 0.38051924109458923, 0.1708897352218628, 0.21995960175991058]
val step Loss: [0.4728602170944214, 0.6231922507286072, 0.33632174134254456, 0.7235142588615417, 0.7179412245750427, 0.8796834349632263, 0.38350263237953186, 0.5318340063095093, 0.22576124966144562, 0.3936067521572113, 0.9449348449707031, 0.4310772120952606, 0.33225640654563904, 0.42859160900115967, 0.6258280873298645, 0.6216260194778442]
Train step Accs: [0.8994614003590664, 0.9160530191458026, 0.9052991886409736, 0.9694687289845326, 0.9370469798657718, 0.9430573248407643, 0.9355135277121093, 0.9631587924270851, 0.932573726541555, 0.9553785867779042, 0.9367854741089442, 0.8817598533455545, 0.8961070858405993, 0.9370619367758547, 0.9217329545454546, 0.9345399698340875, 0.9143596377749029, 0.949687406966359, 0.9335691219437183, 0.9167755991285403, 0.9691709484793779, 0.8749189048916569, 0.9729694092827004, 0.8822140918210787, 0.8713629402756509, 0.9560690343745543, 0.8664374840845429, 0.9533243283806093, 0.9232938522278624, 0.8876609023534001, 0.9534263959390863, 0.9575787645745473, 0.9535536159600998, 0.9772433828276307, 0.9691957329497782, 0.9309456325689255, 0.7804963299545613, 0.8796427558831869, 0.9506137596345989, 0.9644781969622734, 0.9536150234741784, 0.9426127527216174, 0.9181230218797303, 0.9593366093366094, 0.9723337155963303, 0.9290611814345991, 0.9325513196480938, 0.9219001610305958, 0.866547619047619, 0.9669421487603306, 0.9267960924941264, 0.9116781157998037, 0.859218770830556, 0.9593506664906956, 0.9589495925143374, 0.9198547891650377, 0.9371154319468373, 0.8707711442786069, 0.8849628055260361, 0.9053606882859033, 0.9022529069767442, 0.9598341909662664, 0.9397648188144948]
val step Accs: [0.8860448300795373, 0.8633053221288516, 0.9199653636813458, 0.8309514613106733, 0.8207632018501863, 0.7850730956655553, 0.9020968471866043, 0.8715066354410617, 0.9451774048930447, 0.9070993914807303, 0.750825300409349, 0.8905911482513154, 0.9169002242152466, 0.8966882174429345, 0.8514737782314661, 0.858051689860835]
Preds: [17, 479, 398, 360, 360, 171, 360, 360, 171, 434, 252, 252, 252, 252, 143, 393, 205, 441, 441, 148, 148, 346, 346, 306, 306, 306, 203, 203, 467, 65, 65, 84, 319, 319, 319, 175, 175, 251, 251, 251, 81, 81, 219, 219, 398, 398, 360, 464, 464, 464, 464, 264, 264, 468, 468, 58, 58, 156, 84, 84, 84, 426, 426, 450, 413, 98, 98, 263, 263, 13, 417, 417, 414, 414, 170, 170, 170, 170, 28, 82, 2, 2, 2, 2, 2, 2, 2, 2, 163, 316, 316, 73, 73, 140, 140, 320, 320, 320, 373, 4, 4, 219, 4, 219, 219, 219, 453, 280, 444, 444, 360, 213, 360, 213, 213, 246, 246, 246, 19, 19, 454, 454, 454, 414, 414, 414, 414, 414, 249, 249, 249, 47, 249, 249, 2, 244, 461, 316, 316, 244, 73, 73, 244, 244, 320, 320, 320, 7, 479, 398, 360, 360, 360, 171, 171, 252, 378, 173, 280, 34, 324, 324, 324, 324, 422, 143, 77, 478, 342, 342, 232, 172, 172, 115, 115, 267, 444, 171, 171, 252, 252, 301, 173, 4, 4, 4, 4, 4, 280, 280, 25, 444, 213, 213, 213, 213, 213, 246, 246, 246, 246, 19, 454, 454, 454, 454, 197, 197, 197, 197, 80, 80, 7, 7, 478, 310, 9, 9, 172, 395, 395, 470, 470, 403, 403, 403, 403, 403, 171, 207, 358, 358, 358, 225, 225, 225, 414, 197, 197, 451, 451, 451, 30, 213, 360, 360, 360, 457, 457, 457, 196, 196, 398, 398, 360, 360, 360, 360, 464, 464, 315, 315, 315, 315, 315, 315, 315, 450, 450, 450, 450, 175, 175, 43, 43, 43, 276, 276, 153, 153, 424, 497, 497, 497, 497, 175, 413, 250, 250, 413, 426, 426, 319, 319, 413, 413, 413, 381, 250, 42, 250, 88, 241, 431, 431, 426, 426, 426, 426, 426, 480, 480, 480, 480, 426, 426, 85, 85, 299, 299, 299, 299, 116, 399, 217, 473, 398, 324, 324, 324, 324, 464, 464, 464, 264, 264, 222, 222, 245, 173, 349, 349, 349, 234, 155, 155, 25, 148, 148, 153, 153, 153, 153, 387, 387, 387, 285, 134, 134, 134, 88, 88, 88, 88, 387, 497, 175, 175, 431, 431, 265, 265, 428, 85, 85, 146, 146, 146, 464, 464, 464, 464, 171, 171, 171, 325, 325, 464, 464, 464, 120, 443, 120, 120, 263, 263, 263, 263, 229, 229, 229, 312, 312, 312, 312, 292, 292, 292, 292, 23, 23, 23, 23, 23, 23, 23, 23, 260, 260, 260, 391, 391, 391, 73, 73, 244, 73, 320, 321, 320, 320, 287, 284, 284, 284, 284, 284, 284, 284, 284, 284, 284, 480, 85, 480, 85, 85, 85, 85, 85, 85, 146, 146, 207, 207, 207, 324, 464, 464, 464, 464, 464, 486, 315, 315, 315, 315, 282, 450, 450, 175, 43, 43, 276, 153, 153, 153, 297, 297, 182, 182, 182, 182, 182, 182, 372, 372, 372, 372, 372, 59, 59, 59, 467, 467, 467, 467, 134, 134, 175, 431, 431, 431, 431, 431, 480, 480, 480, 85, 85, 85, 85, 85, 299, 468, 468, 59, 467, 467, 275, 275, 275, 303, 303, 303, 303, 98, 98, 98, 233, 233, 414, 170, 209, 188, 188, 188, 19, 19, 303, 303, 282, 282, 282, 37, 303, 303, 102, 48, 48, 170, 170, 170, 249, 249, 249, 249, 249, 249, 249, 249, 98, 249, 249, 249, 249, 249, 249, 249, 249, 249, 249, 249, 249, 249, 249, 249, 441, 441, 346, 346, 284, 206, 206, 206, 167, 167, 167, 233, 170, 170, 170, 352, 352, 40, 40, 305, 237, 237, 102]

ep411
Train step Loss: [0.1685592383146286, 0.2503959536552429, 0.2795260548591614, 0.37379536032676697, 0.2588692009449005, 0.224424809217453, 0.21207427978515625, 0.33420422673225403, 0.1488124132156372, 0.21963714063167572, 0.06474190205335617, 0.005708468612283468, 0.11676661670207977, 0.1926586776971817, 0.46238645911216736, 0.6010767817497253, 0.36933279037475586, 0.22494983673095703, 0.25647586584091187, 0.5969784259796143, 0.514996349811554, 0.11915449798107147, 0.12860779464244843, 0.3951626121997833, 0.42992734909057617, 0.41239118576049805, 0.5206989645957947, 0.5775894522666931, 0.5645015835762024, 0.2998760938644409, 0.18279461562633514, 0.24079973995685577, 0.2916848361492157, 0.13416889309883118, 0.5120077729225159, 0.4057295620441437, 0.2776455283164978, 0.032256271690130234, 0.3445936441421509, 0.08451348543167114, 0.33969298005104065, 0.22513650357723236, 0.18660785257816315, 0.23871468007564545, 0.2999284863471985, 0.24532274901866913, 0.5304630994796753, 0.20737400650978088, 0.0601767934858799, 0.13267354667186737, 0.26507437229156494, 0.38772621750831604, 0.4136045575141907, 0.31656038761138916, 0.22692818939685822, 0.2951998710632324, 0.32486966252326965, 0.18315811455249786, 0.19439487159252167, 0.11639732867479324, 0.38819533586502075, 0.051249708980321884, 0.37254807353019714]
val step Loss: [0.5708991289138794, 0.5255810618400574, 0.7922424674034119, 0.5437174439430237, 0.44324207305908203, 0.6351444125175476, 0.6389003396034241, 0.510090708732605, 0.4025586247444153, 0.6142999529838562, 0.45901456475257874, 0.5531001091003418, 0.4613918662071228, 0.7315982580184937, 0.3917686641216278, 0.41427019238471985]
Train step Accs: [0.9604268563806136, 0.9336232254764036, 0.9268556329570021, 0.9051680883090818, 0.9310344827586207, 0.9465413423410193, 0.9442946990116802, 0.9167213114754098, 0.9613320707070707, 0.9458985429033999, 0.9842090933841546, 1.0, 0.9705090396204642, 0.953941908713693, 0.8831118565346406, 0.848225404732254, 0.9097708082026538, 0.943502824858757, 0.9346356123215628, 0.8492545554942021, 0.8668848881614839, 0.968034617532105, 0.9688581314878892, 0.8999497234791353, 0.8910004711795194, 0.8902935193257774, 0.8880834287167748, 0.8531478989083296, 0.8601359003397508, 0.9195284469502819, 0.9543089224520879, 0.9374047739969528, 0.9258793969849246, 0.9686284046692607, 0.8672929346387933, 0.8899326977005048, 0.933076287524098, 0.9936613844870725, 0.9066878139043087, 0.9785919540229885, 0.9170355381307702, 0.9408654515096703, 0.9516477579686656, 0.9370988446726572, 0.9215100488864747, 0.9380633530775174, 0.8644155844155844, 0.9464212678936605, 0.9847621979375096, 0.9657667687169497, 0.9308908222031613, 0.9086693288677058, 0.8925470332850941, 0.9189076215689006, 0.9415794718485302, 0.9241050119331742, 0.9133723419437705, 0.9493614493614494, 0.9542902967121091, 0.9711639901535576, 0.8995023667920864, 0.9885762050710505, 0.9017931034482759]
val step Accs: [0.8562899194668148, 0.8696647367712401, 0.8018226529726602, 0.8764137931034482, 0.8992653291890365, 0.8503899220155969, 0.8430241384545316, 0.879500464992693, 0.9014376218323586, 0.8494490528661632, 0.8913107947805456, 0.8635814403093282, 0.8963944076526857, 0.8207195103746828, 0.9005108556832695, 0.8886612021857924]
Preds: [17, 188, 213, 213, 213, 246, 246, 246, 19, 3, 197, 197, 321, 7, 7, 320, 354, 109, 109, 109, 109, 403, 171, 171, 360, 246, 246, 434, 434, 246, 246, 3, 212, 384, 114, 180, 180, 486, 486, 376, 376, 376, 376, 460, 460, 460, 167, 35, 35, 259, 287, 287, 287, 287, 284, 284, 284, 284, 426, 426, 450, 450, 203, 175, 88, 88, 182, 100, 497, 293, 293, 235, 235, 293, 293, 293, 413, 250, 250, 250, 345, 345, 174, 174, 387, 319, 240, 240, 216, 183, 183, 183, 183, 351, 171, 171, 171, 171, 143, 143, 478, 96, 68, 68, 172, 115, 267, 267, 267, 464, 464, 464, 464, 180, 180, 486, 486, 460, 460, 460, 169, 169, 402, 402, 183, 183, 257, 257, 257, 31, 31, 162, 342, 68, 115, 115, 273, 273, 470, 278, 278, 264, 264, 468, 468, 468, 468, 467, 337, 337, 337, 337, 324, 301, 301, 301, 250, 43, 345, 345, 431, 431, 431, 284, 486, 376, 376, 376, 376, 460, 460, 240, 240, 240, 24, 77, 77, 310, 107, 107, 395, 41, 41, 213, 360, 360, 275, 303, 303, 19, 19, 19, 19, 19, 19, 454, 454, 229, 229, 229, 82, 82, 312, 312, 187, 12, 12, 12, 12, 408, 408, 408, 408, 391, 244, 244, 321, 321, 287, 287, 287, 287, 111, 111, 111, 460, 460, 240, 150, 77, 77, 342, 342, 172, 172, 115, 267, 267, 464, 464, 464, 464, 315, 315, 282, 282, 282, 450, 450, 203, 53, 70, 276, 65, 174, 174, 387, 319, 146, 299, 434, 434, 434, 434, 246, 246, 246, 318, 318, 49, 269, 9, 54, 9, 400, 213, 213, 477, 477, 301, 301, 349, 349, 349, 234, 234, 234, 155, 155, 25, 25, 148, 148, 148, 153, 153, 153, 182, 182, 182, 182, 182, 182, 497, 497, 497, 98, 122, 197, 259, 183, 183, 451, 451, 30, 30, 324, 324, 324, 219, 219, 219, 219, 464, 464, 464, 464, 139, 139, 302, 497, 497, 497, 98, 129, 259, 259, 441, 441, 441, 153, 153, 153, 153, 153, 182, 182, 182, 182, 182, 182, 182, 182, 375, 375, 98, 98, 98, 13, 17, 83, 83, 403, 403, 403, 403, 403, 403, 403, 403, 403, 403, 403, 403, 403, 403, 403, 403, 403, 403, 403, 403, 403, 403, 403, 403, 403, 403, 403, 403, 403, 403, 403, 403, 403, 403, 403, 403, 403, 403, 403, 403, 403, 403, 403, 403, 403, 403, 403, 403, 403, 403, 403, 403, 403, 403, 403, 403, 403, 403, 403, 403, 403, 403, 403, 403, 403, 403, 403, 403, 403, 403, 403, 403, 403, 403, 403, 403, 403, 403, 403, 403, 403, 403, 403, 403, 403, 403, 403, 403, 403, 403, 403, 403, 403, 403, 403, 403, 403, 403, 403, 403, 403, 403, 403, 403, 403, 403, 403, 403, 403, 403, 403, 403, 403, 403, 403, 403, 403, 403, 403, 403, 403, 403, 403, 403, 403, 403, 403, 403, 403, 403, 403, 403, 403, 403, 403, 403, 403, 403, 403, 403, 403, 403, 403, 403, 403, 403, 403, 403, 403, 403, 403, 403, 403, 403, 403, 403, 403, 403, 403, 403, 403, 403, 403, 403, 403, 403, 403, 403, 403, 403, 403, 403, 403, 403, 403, 403, 403, 403, 403, 403, 403, 403, 403, 403, 403, 403, 403, 403, 403, 403, 403, 403, 403, 403, 403, 403, 403, 403, 403, 403, 403, 403, 403, 403, 403, 403, 403, 403, 403, 403, 403, 403, 403, 403, 403, 403, 403, 403, 403, 403, 403, 403, 403, 403, 403, 403, 403, 403, 403, 403, 403, 403, 403, 403, 403, 403, 403, 403]

ep412
Train step Loss: [0.46995940804481506, 0.5322317481040955, 0.15882240235805511, 0.3859882056713104, 0.0630142092704773, 0.3871018886566162, 0.24401837587356567, 0.3021281063556671, 0.021730002015829086, 0.4627995491027832, 0.30651259422302246, 0.006221340503543615, 0.32639867067337036, 0.018847297877073288, 0.31350845098495483, 0.5283941626548767, 0.11456159502267838, 0.5573187470436096, 0.1952812671661377, 0.12365322560071945, 0.09174427390098572, 0.4341471493244171, 0.027660995721817017, 0.3290117681026459, 0.3656303584575653, 0.29253584146499634, 0.21814171969890594, 0.07042182236909866, 0.3085358738899231, 0.20789289474487305, 0.2771245241165161, 0.22072385251522064, 0.24824906885623932, 0.015271187759935856, 0.44907042384147644, 0.35816872119903564, 0.3849102556705475, 0.3338318467140198, 0.17416930198669434, 0.43782103061676025, 0.0532432496547699, 0.15506786108016968, 0.38554519414901733, 0.04317891597747803, 0.6475204825401306, 0.23111438751220703, 0.2872466444969177, 0.3856927454471588, 0.3001375198364258, 0.1018078476190567, 0.5724960565567017, 0.320525199174881, 0.16785934567451477, 0.4471575915813446, 0.5388005375862122, 0.4577559232711792, 0.37820959091186523, 0.4965871274471283, 0.2507532835006714, 0.3107481598854065, 0.3950294852256775, 0.35084688663482666, 0.19094358384609222]
val step Loss: [0.7983171343803406, 0.5698469877243042, 0.23435252904891968, 0.46519899368286133, 0.70318603515625, 0.5293842554092407, 0.7286450266838074, 0.34260594844818115, 1.0748562812805176, 0.5410399436950684, 0.4288836419582367, 0.7225326299667358, 0.1069352924823761, 0.5054198503494263, 0.6264241337776184, 0.025380192324519157]
Train step Accs: [0.8798392498325519, 0.8605442176870748, 0.9609538418630595, 0.9053288804994918, 0.9859426681367145, 0.9001736111111112, 0.9324178782983307, 0.9175206611570248, 0.996049512773242, 0.8817682448339, 0.9189222593004573, 0.9998575904300769, 0.9409337420419712, 0.9960411718131433, 0.9160442956476951, 0.866946989037393, 0.9709443099273608, 0.852221100454316, 0.9479220779220779, 0.971375, 0.9767600820232399, 0.8852354145342887, 0.9944923033469849, 0.9189884269181312, 0.9153338410764154, 0.9227982162764772, 0.9445872607826336, 0.9835021707670043, 0.9197289549126922, 0.946577214560815, 0.9290671848972792, 0.9420364195947679, 0.9359021859948129, 0.997676107480029, 0.8868594622019279, 0.9068659875644927, 0.9063750333422246, 0.9130083490438998, 0.9568069983597595, 0.8862948006057547, 0.9861487503763926, 0.9602767811378781, 0.9046664758087604, 0.9903995848469123, 0.8442622950819673, 0.941733135054752, 0.927025054731209, 0.8984547461368654, 0.9227082085080887, 0.9745231797299179, 0.8555229965600714, 0.9188316247718017, 0.9543549138332557, 0.8847602962193062, 0.8666237113402062, 0.8791417707767518, 0.9094626168224299, 0.8690776209677419, 0.9365643989921446, 0.9189547685369412, 0.9014194556582888, 0.9038688718251624, 0.9522744220730798]
val step Accs: [0.803967761934284, 0.8588370313695486, 0.9455483870967742, 0.8992725237828764, 0.831798278725653, 0.8716820061357876, 0.8195331855522232, 0.9128475998135778, 0.7424079548508465, 0.8675542135602525, 0.8877591973244147, 0.8245479030396307, 0.9750560119492159, 0.8837699091746742, 0.8379109728047626, 0.9956766104626027]
Preds: [17, 17, 7, 217, 217, 217, 309, 473, 331, 331, 443, 443, 443, 330, 330, 330, 240, 64, 76, 77, 310, 107, 107, 107, 395, 395, 106, 106, 106, 405, 405, 206, 206, 167, 167, 167, 35, 197, 321, 320, 7, 217, 473, 65, 288, 222, 313, 285, 285, 34, 337, 337, 290, 360, 360, 434, 434, 339, 200, 398, 398, 324, 464, 464, 464, 464, 116, 116, 199, 134, 84, 134, 88, 88, 182, 182, 297, 297, 182, 293, 497, 497, 497, 497, 122, 122, 458, 208, 208, 287, 106, 284, 284, 284, 265, 428, 85, 85, 146, 146, 146, 468, 468, 468, 468, 467, 467, 467, 381, 375, 375, 375, 98, 98, 98, 48, 48, 417, 414, 82, 170, 170, 170, 187, 187, 187, 187, 187, 20, 260, 260, 391, 20, 82, 320, 320, 7, 7, 309, 479, 331, 398, 360, 290, 360, 434, 434, 434, 76, 465, 310, 107, 107, 395, 395, 213, 171, 171, 171, 360, 434, 434, 434, 434, 434, 219, 464, 464, 180, 443, 443, 443, 443, 376, 376, 460, 460, 178, 263, 263, 414, 414, 414, 414, 247, 312, 126, 126, 126, 292, 292, 292, 23, 408, 408, 408, 391, 391, 391, 73, 244, 244, 321, 320, 7, 7, 217, 473, 473, 65, 290, 290, 171, 171, 171, 171, 434, 252, 143, 36, 310, 310, 107, 107, 107, 400, 400, 213, 213, 213, 213, 246, 246, 246, 19, 19, 454, 197, 197, 197, 197, 197, 414, 80, 75, 66, 66, 68, 68, 115, 115, 273, 273, 486, 486, 432, 330, 388, 67, 67, 183, 183, 451, 30, 30, 324, 213, 171, 464, 464, 464, 464, 139, 240, 252, 301, 216, 8, 29, 420, 420, 324, 324, 324, 464, 318, 318, 368, 77, 342, 342, 342, 115, 273, 273, 273, 486, 376, 376, 376, 460, 460, 460, 167, 167, 35, 440, 83, 145, 145, 486, 460, 460, 169, 150, 342, 342, 342, 342, 115, 267, 267, 278, 278, 278, 139, 139, 132, 132, 132, 98, 98, 98, 197, 440, 440, 287, 287, 125, 125, 319, 388, 348, 216, 219, 219, 219, 219, 464, 464, 222, 222, 313, 285, 285, 285, 331, 106, 153, 153, 497, 497, 43, 43, 43, 364, 100, 100, 100, 100, 100, 182, 182, 375, 98, 98, 98, 13, 414, 414, 414, 414, 102, 102, 47, 47, 47, 47, 47, 80, 80, 73, 244, 244, 321, 320, 287, 287, 100, 424, 424, 182, 375, 375, 122, 122, 8, 280, 29, 100, 100, 100, 100, 426, 426, 98, 263, 263, 263, 263, 17, 17, 83, 83, 403, 403, 438, 438, 438, 438, 438, 438, 438, 438, 438, 438, 438, 438, 438, 438, 438, 438, 438, 438, 438, 438, 438, 438, 438, 438, 438, 438, 438, 438, 438, 438, 438, 438, 438, 438, 438, 438, 438, 438, 438, 438, 438, 438, 438, 438, 438, 438, 438, 438, 438, 438, 438, 438, 438, 438, 438, 438, 438, 438, 438, 438, 438, 438, 438, 438, 438, 438, 438, 438, 438, 438, 438, 438, 438, 438, 438, 438, 438, 438, 438, 438, 438, 438, 438, 438, 438, 438, 438, 438, 438, 438, 438, 438, 438, 438, 438, 438, 438, 438, 438, 438, 438, 438, 438, 438, 438, 438, 438, 438, 438, 438, 438, 438, 438, 438, 438, 438, 438, 438, 438, 438, 438, 438, 438, 438, 438, 438, 438, 438, 438, 438, 438, 438, 438, 438, 438, 438, 438, 438, 438, 438, 438, 438, 438, 438, 438, 438, 438, 438, 438, 438, 438, 438, 438, 438, 438, 438, 438, 438, 438, 438, 438, 438, 438, 438, 438, 438, 438, 438, 438, 438, 438, 438, 438, 438]

ep413
Train step Loss: [0.4112282693386078, 0.3382461369037628, 0.18873849511146545, 0.16816382110118866, 0.09325926005840302, 0.2802390456199646, 0.4237518012523651, 0.17250657081604004, 0.4320113956928253, 0.3405102789402008, 0.20811904966831207, 0.19590868055820465, 0.5794467329978943, 0.24449670314788818, 0.37951838970184326, 0.18526335060596466, 0.24953371286392212, 0.11491605639457703, 0.5062315464019775, 0.1647571623325348, 0.5100418925285339, 0.45338279008865356, 0.09457992017269135, 0.3804992735385895, 0.32776695489883423, 0.36054372787475586, 0.2629725933074951, 0.11814255267381668, 0.21364876627922058, 0.64616858959198, 0.5517027974128723, 0.39986830949783325, 0.2653968632221222, 0.22428973019123077, 0.47666701674461365, 0.32438191771507263, 0.10247992724180222, 0.5549574494361877, 0.3116820752620697, 0.3354848623275757, 0.44905954599380493, 0.23722676932811737, 0.13651108741760254, 0.4978852868080139, 0.3526754677295685, 0.3340272009372711, 0.26850321888923645, 0.1358303725719452, 0.129047691822052, 0.33101969957351685, 0.26415014266967773, 0.04351455718278885, 0.25168269872665405, 0.41223666071891785, 0.3546586334705353, 0.06413096934556961, 0.16363075375556946, 0.11591166257858276, 0.045048728585243225, 0.26126667857170105, 0.2131386250257492, 0.12302009761333466, 0.5628156065940857]
val step Loss: [0.7172024250030518, 0.6914413571357727, 0.5944749116897583, 0.2875189185142517, 0.6466648578643799, 0.3422071635723114, 0.4579834043979645, 0.3265206813812256, 0.3677690029144287, 0.7155066132545471, 0.49865153431892395, 0.6514927744865417, 0.6677969098091125, 0.3934202194213867, 0.9583070874214172, 0.5475552082061768]
Train step Accs: [0.8935060565275909, 0.914798811774237, 0.9512809743805124, 0.9594198856505369, 0.9747888723298559, 0.9255126237969034, 0.8903948911768539, 0.9554030874785592, 0.8903018778226764, 0.9114832535885168, 0.9505841278367128, 0.9493233515692485, 0.8764339152119701, 0.9483133841131665, 0.8994360902255639, 0.9559182428309945, 0.9366596952494771, 0.971037060105886, 0.8690861957226182, 0.9593116523260902, 0.8673205285383463, 0.8810213940648723, 0.9754523776125684, 0.9040152055119981, 0.9167194828241856, 0.9135660401483187, 0.9325373134328359, 0.9713555675094137, 0.9466275659824047, 0.8272129880170082, 0.8586542530681337, 0.8932476763258611, 0.9299429164504411, 0.9418447389775494, 0.8836129032258064, 0.9137124569177745, 0.9750340444847935, 0.8514954486345904, 0.9210898342115409, 0.9186147186147187, 0.8862780539237837, 0.938832381217779, 0.9653667848377421, 0.8700066800267201, 0.9097695128339445, 0.9189262472885033, 0.9283179559971612, 0.9660466489518749, 0.9694189602446484, 0.915342570230075, 0.9322144158209732, 0.9903710360765182, 0.9377922077922078, 0.8904398209112457, 0.9108367626886146, 0.9852841906304847, 0.9565336249316566, 0.9707959793534365, 0.9898418413269898, 0.9364279880206915, 0.9460990847014383, 0.9698649609097371, 0.8828250401284109]
val step Accs: [0.8309372408072989, 0.8299154063060754, 0.854198013842913, 0.9279182356105433, 0.8375298916865944, 0.9155836413497079, 0.8953168044077136, 0.9241040056219255, 0.9100964265456608, 0.8218766335598536, 0.8719714358581995, 0.8582099506469254, 0.8331533477321814, 0.8990428740002622, 0.7709823383447671, 0.8710990502035278]
Preds: [17, 287, 284, 111, 460, 240, 215, 35, 35, 35, 77, 323, 323, 142, 397, 397, 397, 153, 153, 350, 413, 348, 195, 250, 250, 10, 309, 250, 250, 250, 250, 132, 43, 345, 88, 109, 109, 315, 315, 315, 113, 460, 167, 215, 35, 197, 197, 414, 7, 7, 473, 109, 109, 264, 264, 264, 264, 264, 264, 264, 264, 264, 264, 264, 264, 264, 264, 264, 468, 468, 406, 406, 406, 467, 467, 337, 288, 264, 120, 330, 330, 116, 10, 10, 10, 309, 479, 331, 307, 307, 307, 426, 319, 348, 251, 251, 251, 241, 241, 431, 486, 486, 460, 240, 150, 77, 342, 342, 342, 115, 224, 494, 494, 324, 422, 99, 99, 338, 338, 338, 338, 338, 400, 400, 400, 213, 213, 324, 246, 246, 246, 246, 246, 246, 246, 99, 99, 338, 338, 338, 338, 400, 400, 400, 400, 324, 324, 301, 301, 301, 42, 42, 42, 147, 147, 147, 337, 337, 41, 324, 464, 464, 464, 301, 236, 129, 129, 259, 196, 196, 309, 473, 473, 398, 398, 360, 434, 434, 434, 339, 243, 76, 465, 77, 342, 342, 342, 115, 224, 267, 267, 301, 339, 33, 217, 217, 473, 398, 398, 398, 374, 139, 378, 43, 43, 43, 43, 70, 70, 70, 138, 138, 153, 387, 387, 413, 348, 10, 10, 10, 398, 398, 398, 398, 464, 464, 464, 355, 355, 355, 355, 355, 355, 355, 263, 263, 13, 229, 229, 82, 247, 312, 312, 126, 292, 23, 23, 23, 23, 23, 23, 23, 23, 23, 101, 101, 101, 101, 149, 391, 228, 82, 289, 320, 320, 7, 276, 276, 153, 153, 346, 387, 387, 387, 387, 240, 240, 35, 35, 127, 183, 183, 183, 183, 139, 139, 139, 139, 293, 293, 122, 122, 35, 36, 108, 108, 119, 437, 106, 302, 497, 122, 416, 458, 27, 27, 180, 443, 446, 388, 94, 94, 199, 331, 290, 290, 290, 434, 434, 379, 368, 453, 453, 453, 168, 494, 278, 278, 99, 99, 338, 338, 436, 60, 395, 106, 106, 426, 426, 426, 413, 379, 379, 76, 76, 77, 478, 342, 68, 172, 115, 115, 267, 267, 267, 213, 213, 246, 246, 246, 19, 19, 454, 454, 454, 417, 417, 414, 414, 170, 305, 170, 170, 47, 20, 47, 47, 2, 140, 47, 140, 47, 80, 73, 73, 289, 20, 209, 287, 287, 284, 284, 206, 169, 215, 215, 35, 35, 401, 414, 208, 208, 441, 148, 148, 153, 153, 153, 387, 372, 372, 406, 406, 406, 467, 499, 426, 426, 426, 413, 399, 399, 70, 70, 65, 46, 46, 46, 438, 438, 175, 251, 81, 166, 324, 286, 286, 468, 285, 285, 337, 337, 464, 464, 464, 180, 486, 486, 486, 113, 460, 460, 450, 169, 349, 349, 349, 234, 234, 234, 234, 261, 25, 25, 106, 284, 284, 376, 376, 460, 460, 263, 263, 263, 414, 414, 414, 414, 414, 414, 82, 312, 312, 15, 15, 15, 15, 15, 15, 15, 15, 15, 260, 163, 163, 163, 391, 391, 244, 73, 244, 73, 73, 73, 73, 244, 287, 287, 287, 287, 284, 265, 265, 85, 85, 85, 85, 85, 207, 207, 207, 19, 19, 19, 454, 17, 83, 403, 403, 403, 403, 438, 438, 438, 438, 438, 438, 438, 438, 438, 438, 438, 438, 438, 438, 438, 438, 438, 438, 438, 438, 438, 438, 438, 438, 438, 438, 438, 438, 438, 438, 438, 438, 438, 438, 438, 438, 438, 438, 438, 438, 438, 438, 438, 438, 438, 438, 438, 438, 438, 438, 438, 438, 438, 438, 438, 438, 438, 438, 438, 438, 438, 438, 438, 438, 438, 438, 438, 438, 438]

ep414
Train step Loss: [0.12649662792682648, 0.13750573992729187, 0.19664104282855988, 0.35676872730255127, 0.4531348943710327, 0.09061392396688461, 0.24884644150733948, 0.325794517993927, 0.1700160950422287, 0.21802853047847748, 0.21609635651111603, 0.14340266585350037, 0.15397147834300995, 0.1833336353302002, 0.04027892276644707, 0.244635671377182, 0.31906431913375854, 0.45502638816833496, 0.3821377456188202, 0.05589742213487625, 0.26240959763526917, 0.3316953182220459, 0.3134970963001251, 0.4124535322189331, 0.37680965662002563, 0.17869749665260315, 0.29185083508491516, 0.03658459335565567, 0.4574650526046753, 0.10623518377542496, 0.4839651584625244, 0.21589364111423492, 0.11445488035678864, 0.23327012360095978, 0.4813837707042694, 0.4108196198940277, 0.24828623235225677, 0.47535842657089233, 0.2821611166000366, 0.0981576144695282, 0.4635803997516632, 0.4364689290523529, 0.2888854146003723, 0.334408164024353, 0.015286720357835293, 0.2596193850040436, 0.3747558891773224, 0.6674726605415344, 0.3834276795387268, 0.285342812538147, 0.2070397138595581, 0.2795473337173462, 0.08507541567087173, 0.3170929551124573, 0.4722178280353546, 0.3128882646560669, 0.3372153639793396, 0.4120003581047058, 0.026096314191818237, 0.6200262308120728, 0.28797680139541626, 0.19060303270816803, 0.0861484557390213]
val step Loss: [0.6053261160850525, 0.37253475189208984, 0.587539553642273, 1.0682295560836792, 1.0181111097335815, 0.4345991015434265, 0.0619436651468277, 0.6524271368980408, 0.3481046259403229, 0.5207555294036865, 0.5899274349212646, 0.15638446807861328, 0.49233633279800415, 0.5055012702941895, 0.5626296401023865, 0.7922850251197815]
Train step Accs: [0.9685452162516383, 0.9647542279121226, 0.9529460466399889, 0.9087867326156532, 0.8885722041259501, 0.9773095623987034, 0.9343828715365239, 0.9172648281072913, 0.9606060606060606, 0.9444686727722053, 0.9441913439635535, 0.9650648118874486, 0.9619707467282526, 0.9569424964936887, 0.9904306220095693, 0.9363598957618983, 0.9180216802168022, 0.8852670878805284, 0.9075333837238599, 0.9872867179658749, 0.9354928017718716, 0.9194544149318019, 0.9228733959518455, 0.8963398692810457, 0.9022198011711834, 0.9517567567567567, 0.9218164143868907, 0.9918587001517869, 0.8764898493778651, 0.9742148356348528, 0.8746168849261633, 0.9444377047191557, 0.9703934027308369, 0.9356607811663992, 0.8753784056508577, 0.8928433268858801, 0.9358499876634592, 0.8728902953586498, 0.9265966270389826, 0.9753024822252713, 0.8754981448399065, 0.9112109802016276, 0.927710843373494, 0.9104300933841905, 0.9969588056400331, 0.932807437667277, 0.9068083051665862, 0.8289703315881326, 0.8992958682077853, 0.9234852408078715, 0.9470046082949308, 0.9373107971745711, 0.978822589238146, 0.920817541959935, 0.8859815618221258, 0.9204760616716257, 0.9159792239535595, 0.8903556034482759, 0.9945560596241089, 0.8413253012048193, 0.9222222222222223, 0.9500449467060486, 0.9807632640397146]
val step Accs: [0.8505082095387021, 0.9069662921348315, 0.8561845988730883, 0.73326452373931, 0.7551724137931034, 0.8901652039235932, 0.9859722041823613, 0.8411977008421334, 0.9171480907425673, 0.8852358083979806, 0.8498568826437679, 0.9641352750030088, 0.8838028169014085, 0.8730738037307381, 0.8704983095693076, 0.8040031708283789]
Preds: [17, 17, 287, 287, 284, 284, 111, 85, 85, 330, 388, 67, 67, 212, 34, 242, 359, 250, 250, 217, 217, 217, 473, 473, 398, 290, 171, 171, 246, 246, 246, 246, 246, 318, 471, 471, 49, 49, 269, 323, 9, 395, 219, 219, 213, 246, 246, 246, 246, 19, 19, 19, 454, 229, 229, 417, 170, 392, 392, 392, 392, 392, 392, 392, 392, 392, 244, 435, 289, 201, 289, 66, 66, 323, 323, 397, 106, 302, 274, 274, 122, 129, 129, 321, 75, 144, 445, 445, 351, 351, 403, 403, 290, 290, 290, 171, 434, 434, 434, 434, 434, 434, 246, 246, 19, 19, 143, 129, 401, 401, 144, 445, 445, 445, 445, 180, 171, 171, 171, 416, 143, 458, 445, 445, 464, 464, 171, 171, 171, 143, 143, 129, 259, 445, 74, 351, 213, 213, 213, 213, 213, 246, 246, 246, 246, 246, 19, 48, 48, 197, 197, 197, 197, 197, 7, 188, 99, 31, 162, 232, 68, 68, 68, 68, 68, 115, 267, 267, 213, 286, 286, 286, 374, 374, 132, 42, 42, 147, 147, 147, 147, 147, 337, 324, 213, 213, 324, 246, 246, 143, 99, 99, 269, 323, 323, 219, 219, 219, 324, 464, 464, 464, 464, 486, 315, 315, 450, 450, 450, 450, 450, 450, 413, 303, 43, 276, 276, 276, 153, 182, 182, 182, 182, 182, 98, 98, 98, 13, 13, 170, 170, 170, 170, 392, 392, 392, 63, 63, 63, 63, 63, 63, 63, 63, 63, 63, 63, 63, 63, 63, 392, 73, 289, 320, 7, 7, 287, 284, 264, 264, 467, 499, 376, 460, 460, 460, 460, 150, 150, 150, 342, 224, 494, 494, 494, 129, 129, 310, 342, 68, 68, 273, 273, 106, 319, 319, 319, 388, 94, 64, 76, 212, 212, 212, 398, 398, 324, 324, 324, 464, 464, 464, 139, 319, 319, 282, 388, 53, 53, 53, 70, 65, 65, 46, 46, 46, 438, 438, 251, 81, 81, 324, 324, 324, 251, 251, 94, 10, 331, 398, 398, 464, 464, 464, 315, 486, 376, 376, 460, 460, 263, 263, 78, 170, 170, 170, 170, 392, 392, 392, 392, 63, 63, 63, 63, 63, 63, 63, 63, 63, 63, 63, 63, 63, 63, 63, 63, 63, 73, 244, 73, 320, 320, 320, 7, 309, 398, 398, 331, 290, 171, 171, 252, 252, 434, 434, 434, 3, 3, 14, 14, 411, 287, 284, 284, 111, 450, 450, 43, 276, 276, 182, 182, 43, 109, 109, 109, 207, 207, 324, 324, 301, 301, 8, 32, 354, 354, 384, 420, 180, 324, 213, 213, 246, 246, 19, 454, 454, 401, 401, 401, 401, 80, 80, 80, 7, 7, 106, 499, 499, 284, 306, 468, 403, 403, 240, 240, 240, 282, 282, 37, 303, 303, 233, 233, 170, 107, 107, 107, 395, 395, 338, 338, 447, 447, 439, 17, 264, 264, 264, 264, 264, 264, 264, 264, 403, 403, 403, 403, 403, 403, 403, 403, 403, 403, 403, 403, 403, 403, 403, 403, 403, 403, 403, 403, 403, 403, 403, 403, 403, 403, 403, 403, 403, 403, 403, 403, 403, 403, 403, 403, 403, 403, 403, 403, 403, 403, 403, 403, 403, 403, 403, 403, 403, 403, 403, 403, 403, 403, 403, 403, 403, 403, 403, 403, 403, 403, 403, 403, 403, 403, 403, 403, 403, 403, 403, 403, 403, 403, 403, 403, 403, 403, 403, 403, 403, 403, 403, 403, 403, 403, 403, 403, 403, 403, 403, 403, 403, 403, 403, 403, 403, 403, 403, 403, 403, 403, 403, 403, 403, 403, 403, 403, 403, 403, 403, 403, 403, 403, 403, 403, 403, 403, 403, 403, 403, 403, 403, 403, 403]

ep415
Train step Loss: [0.11251839995384216, 0.37778621912002563, 0.21178971230983734, 0.31572428345680237, 0.27875202894210815, 0.29987281560897827, 0.3484511971473694, 0.06147954240441322, 0.4801802635192871, 0.13121835887432098, 0.253959059715271, 0.3088224530220032, 0.2341783493757248, 0.13212788105010986, 0.40927472710609436, 0.250376433134079, 0.520589292049408, 0.5833404660224915, 0.3128551244735718, 0.058700256049633026, 0.4868554174900055, 0.1913558691740036, 0.1696309745311737, 0.36500638723373413, 0.4005317986011505, 0.0669621080160141, 0.15672406554222107, 0.12216290086507797, 0.4507684111595154, 0.43171972036361694, 0.07183969765901566, 0.08015094697475433, 0.11012723296880722, 0.36727601289749146, 0.23529358208179474, 0.14657790958881378, 0.26192185282707214, 0.261829137802124, 0.3852241635322571, 0.15019015967845917, 0.0785478726029396, 0.39324116706848145, 0.3067249059677124, 0.5592834949493408, 0.6117942333221436, 0.07889219373464584, 0.46278321743011475, 0.34011462330818176, 0.10983716696500778, 0.3825197219848633, 0.3187045454978943, 0.6534333825111389, 0.2590937912464142, 0.17043878138065338, 0.44414621591567993, 0.22847622632980347, 0.4360829293727875, 0.24139641225337982, 0.25195959210395813, 0.25056856870651245, 0.11950462311506271, 0.19731129705905914, 0.23194344341754913]
val step Loss: [0.6580173373222351, 0.5888388752937317, 0.25875601172447205, 0.25311723351478577, 0.4735369384288788, 0.34979453682899475, 0.49641725420951843, 0.2912292182445526, 0.3430696427822113, 0.9610316753387451, 0.4171905815601349, 0.6646835207939148, 0.5930444598197937, 0.3440645933151245, 1.1869107484817505, 0.48411664366722107]
Train step Accs: [0.9700871898054997, 0.9043147208121828, 0.9469015003261578, 0.913933236574746, 0.9280308060018589, 0.9209039548022598, 0.9111889018540127, 0.9858477970627504, 0.87322695035461, 0.96794208893485, 0.9377436963867949, 0.9200990615224192, 0.9393585248669004, 0.9680030840400925, 0.8999356499356499, 0.9368626903198771, 0.8730222579780101, 0.8434984308909811, 0.9203117544138699, 0.9853809012875536, 0.8725354068314357, 0.95350101971448, 0.9573061561768351, 0.9087549087549087, 0.8967908621158553, 0.9842648539778449, 0.957933299646286, 0.974195264698058, 0.8847980997624703, 0.8846801346801347, 0.9805389221556886, 0.9804950228679042, 0.9747100740533743, 0.9046038389377976, 0.9382126756828427, 0.9617785899192934, 0.9288094920677243, 0.9366803550139091, 0.8958791208791209, 0.9630400195814466, 0.9822291911668627, 0.9005795809184128, 0.951011107946454, 0.8622942580726222, 0.83882369574438, 0.9808507528139161, 0.8828571428571429, 0.910843702994667, 0.9707450105367547, 0.9024480712166172, 0.9185074254336703, 0.8322046651617758, 0.9329468111923368, 0.9538053767512306, 0.884404173531027, 0.9405626733588693, 0.8867001254705145, 0.9395758303321329, 0.932349323493235, 0.9355500219715834, 0.9727120067170445, 0.9483632379126147, 0.9452367370222475]
val step Accs: [0.842092060704879, 0.8507823613086771, 0.9371645503338133, 0.9372426522788584, 0.8838289962825279, 0.9162340395678406, 0.8742220292372268, 0.9279494382022472, 0.9118722079328551, 0.7679373636246951, 0.9028409090909091, 0.8423236514522822, 0.8562532433834976, 0.9115379223328193, 0.7138310568890067, 0.8905754417761668]
Preds: [17, 17, 287, 284, 284, 319, 319, 428, 85, 240, 388, 348, 325, 34, 34, 300, 300, 374, 374, 132, 88, 109, 109, 109, 171, 171, 171, 171, 171, 246, 246, 246, 246, 246, 246, 318, 368, 49, 269, 9, 9, 9, 219, 219, 213, 213, 213, 360, 360, 360, 19, 19, 19, 19, 19, 19, 454, 417, 414, 414, 414, 82, 170, 47, 80, 80, 82, 75, 373, 66, 66, 66, 66, 224, 273, 273, 494, 139, 293, 274, 274, 35, 458, 445, 445, 351, 351, 351, 351, 403, 290, 290, 290, 360, 434, 434, 434, 434, 434, 434, 434, 434, 434, 434, 434, 434, 19, 197, 259, 75, 445, 445, 445, 351, 443, 443, 240, 240, 67, 143, 183, 445, 110, 403, 403, 443, 171, 171, 438, 252, 143, 458, 280, 192, 25, 420, 420, 213, 213, 213, 246, 246, 246, 246, 246, 246, 246, 197, 197, 249, 75, 75, 471, 471, 38, 31, 162, 162, 232, 232, 232, 232, 172, 115, 115, 267, 267, 267, 286, 286, 286, 464, 374, 374, 132, 42, 42, 42, 42, 345, 109, 109, 288, 288, 360, 360, 360, 434, 434, 465, 465, 465, 449, 453, 371, 324, 324, 324, 464, 464, 464, 464, 464, 120, 486, 315, 315, 315, 282, 282, 282, 203, 203, 203, 70, 65, 138, 138, 138, 138, 138, 138, 182, 182, 375, 375, 98, 98, 98, 98, 13, 229, 414, 414, 312, 312, 312, 292, 292, 292, 23, 12, 12, 408, 391, 392, 392, 73, 73, 244, 244, 321, 320, 287, 287, 353, 353, 353, 467, 467, 467, 499, 486, 486, 460, 460, 169, 150, 150, 342, 168, 168, 494, 494, 38, 38, 77, 342, 342, 115, 273, 273, 486, 486, 319, 319, 330, 388, 388, 35, 35, 250, 473, 398, 398, 398, 398, 464, 464, 464, 443, 443, 330, 282, 282, 282, 388, 203, 175, 473, 65, 65, 443, 443, 432, 330, 330, 438, 94, 324, 464, 324, 324, 324, 301, 301, 406, 337, 337, 464, 464, 464, 464, 443, 120, 376, 460, 460, 263, 263, 263, 263, 13, 78, 78, 170, 170, 170, 170, 28, 244, 28, 244, 2, 2, 392, 63, 63, 63, 63, 63, 63, 244, 63, 63, 73, 73, 244, 244, 320, 7, 7, 7, 309, 479, 331, 398, 360, 360, 360, 360, 360, 360, 360, 360, 360, 360, 3, 3, 14, 14, 145, 145, 111, 315, 315, 450, 450, 293, 43, 43, 43, 43, 345, 109, 109, 109, 171, 171, 171, 324, 324, 301, 416, 239, 259, 192, 420, 420, 420, 213, 213, 213, 246, 246, 246, 19, 454, 143, 129, 401, 401, 401, 321, 354, 354, 380, 499, 499, 499, 499, 468, 468, 120, 120, 120, 120, 271, 282, 282, 37, 271, 243, 243, 310, 107, 107, 338, 338, 338, 338, 338, 447, 447, 439, 17, 264, 443, 443, 443, 443, 443, 443, 443, 443, 443, 443, 443, 443, 443, 443, 443, 443, 443, 443, 443, 443, 443, 443, 443, 443, 443, 443, 443, 443, 443, 443, 443, 443, 443, 443, 443, 443, 443, 443, 443, 443, 443, 443, 443, 443, 443, 443, 443, 443, 443, 443, 443, 443, 443, 443, 443, 443, 443, 443, 443, 443, 443, 443, 443, 443, 443, 443, 443, 443, 443, 443, 443, 443, 443, 443, 443, 443, 443, 443, 443, 443, 443, 443, 443, 443, 443, 443, 443, 443, 443, 443, 443, 443, 443, 443, 443, 443, 443, 443, 443, 443, 443, 443, 443, 443, 443, 443, 443, 443, 443, 443, 443, 443, 443, 443, 443, 443, 443, 443, 443, 443, 443, 443, 443, 443, 443, 443, 443, 443, 443, 443, 443, 443, 443]

ep416
Train step Loss: [0.31323155760765076, 0.3318096399307251, 0.26386624574661255, 0.0891534835100174, 0.13811518251895905, 0.03588208183646202, 0.35513052344322205, 0.1190117597579956, 0.5710570812225342, 0.2564380168914795, 0.3146511912345886, 0.062467243522405624, 0.23280459642410278, 0.2856936454772949, 0.3060768246650696, 0.1680770218372345, 0.0846877172589302, 0.2527426779270172, 0.41824373602867126, 0.26184341311454773, 0.45348060131073, 0.3672415018081665, 0.2910043001174927, 0.23675881326198578, 0.4613797664642334, 0.13859611749649048, 0.23164860904216766, 0.4497809410095215, 0.3850163519382477, 0.44229820370674133, 0.30636608600616455, 0.3599092960357666, 0.0137665756046772, 0.36718153953552246, 0.007329022511839867, 0.6279391050338745, 0.03369222953915596, 0.3015773296356201, 0.2965770363807678, 0.29816579818725586, 0.31766214966773987, 0.23592214286327362, 0.5920905470848083, 0.19969773292541504, 0.24909061193466187, 0.08600092679262161, 0.7608639597892761, 0.09216373413801193, 0.27617716789245605, 0.4269463121891022, 0.3028993010520935, 0.4712832570075989, 0.48293885588645935, 0.19736316800117493, 0.5798993706703186, 0.37595608830451965, 0.40264061093330383, 0.24685092270374298, 0.0065560853108763695, 0.1065206229686737, 0.24991363286972046, 0.5299818515777588, 0.006424169521778822]
val step Loss: [0.4011255204677582, 0.6913920640945435, 0.47975802421569824, 0.44632309675216675, 0.58856600522995, 0.5886262655258179, 0.6978904604911804, 0.67144775390625, 0.7059949636459351, 0.21345853805541992, 0.5556027889251709, 0.4241665005683899, 0.5738263130187988, 0.2595166265964508, 0.4388933777809143, 0.7157757878303528]
Train step Accs: [0.920512136569752, 0.9158519985150353, 0.9408526437075918, 0.9768512756689484, 0.9637681159420289, 0.9916107382550335, 0.9106666666666666, 0.9700380228136882, 0.8522286173203052, 0.9330543933054394, 0.9143988756867254, 0.9848484848484849, 0.9405344373353406, 0.9293136250548807, 0.9219306343135962, 0.9534426987060998, 0.9807303807303808, 0.9371413667188315, 0.892416934619507, 0.9314521324571576, 0.8845628415300546, 0.9012138970280452, 0.9212026956972524, 0.9401064224724662, 0.9113332467869661, 0.9656362545018007, 0.9457507082152975, 0.8836743453999142, 0.8996888427915247, 0.881104033970276, 0.9236174763214177, 0.9052516940948693, 0.9975096845600443, 0.90376055257099, 0.9997454499172712, 0.8490491283676703, 0.9923978065802592, 0.9249464995414246, 0.9235866347102777, 0.927408328154133, 0.9151977793199167, 0.9362337662337662, 0.8450550945449599, 0.9554824838750474, 0.9313310772701635, 0.9786356821589205, 0.8097459823742872, 0.9755366949575637, 0.9344084354163437, 0.8856088560885609, 0.9216767081143443, 0.8798791236464366, 0.8674220129487934, 0.9493260756868844, 0.8511544804837823, 0.9041765169424744, 0.8941484957217776, 0.9333899024183284, 0.9997217584863661, 0.9726874905688848, 0.9362492853058891, 0.8676952484980884, 1.0]
val step Accs: [0.9041391398139409, 0.8307302095848351, 0.8845524017467249, 0.8840345990323999, 0.8563920941391523, 0.8556514476614699, 0.8340617510221345, 0.8416967008594399, 0.831357552581262, 0.9488136099089688, 0.8688697951090548, 0.8977556109725686, 0.8645751633986928, 0.9368029739776952, 0.8865865620402158, 0.8202273254465321]
Preds: [17, 287, 100, 100, 293, 98, 98, 35, 129, 259, 208, 259, 259, 209, 287, 287, 284, 426, 426, 426, 293, 293, 293, 98, 35, 35, 225, 225, 225, 225, 225, 7, 7, 7, 345, 109, 109, 109, 286, 286, 286, 286, 286, 468, 468, 468, 468, 468, 406, 337, 337, 337, 171, 171, 171, 171, 324, 324, 3, 3, 3, 252, 196, 196, 479, 479, 398, 398, 360, 360, 434, 339, 53, 53, 250, 250, 132, 132, 132, 88, 153, 153, 132, 43, 43, 43, 364, 364, 100, 100, 100, 497, 497, 497, 43, 43, 441, 441, 106, 346, 346, 346, 284, 284, 387, 206, 206, 396, 396, 468, 468, 468, 406, 406, 467, 467, 134, 302, 100, 375, 98, 98, 98, 98, 48, 48, 48, 13, 414, 414, 47, 47, 47, 47, 80, 244, 244, 320, 320, 320, 7, 7, 398, 213, 324, 324, 324, 3, 3, 58, 58, 110, 145, 145, 145, 486, 315, 315, 315, 282, 282, 388, 348, 64, 212, 219, 219, 219, 464, 464, 464, 464, 464, 120, 120, 355, 460, 263, 263, 263, 229, 229, 229, 247, 312, 312, 312, 292, 292, 292, 292, 292, 23, 23, 23, 23, 23, 23, 149, 391, 228, 244, 321, 321, 83, 287, 110, 486, 486, 460, 460, 460, 169, 150, 150, 342, 232, 342, 172, 115, 267, 267, 267, 213, 171, 171, 246, 246, 3, 3, 3, 197, 197, 259, 196, 309, 479, 331, 290, 290, 290, 290, 330, 330, 330, 76, 76, 310, 107, 107, 395, 395, 134, 134, 88, 88, 106, 284, 284, 265, 206, 85, 460, 460, 169, 271, 77, 342, 342, 172, 172, 115, 267, 267, 267, 267, 213, 246, 246, 3, 3, 197, 197, 197, 259, 354, 100, 100, 100, 100, 182, 182, 182, 182, 182, 182, 182, 387, 387, 293, 293, 497, 122, 122, 35, 465, 75, 445, 445, 351, 351, 171, 171, 171, 171, 252, 252, 416, 200, 398, 398, 464, 464, 171, 171, 171, 290, 120, 207, 207, 388, 325, 325, 199, 41, 41, 41, 19, 19, 19, 454, 454, 414, 414, 414, 414, 170, 187, 187, 187, 187, 408, 408, 408, 408, 244, 244, 321, 412, 287, 287, 287, 486, 486, 460, 460, 240, 240, 150, 77, 77, 342, 342, 115, 267, 267, 267, 213, 324, 324, 301, 301, 14, 14, 14, 411, 441, 100, 100, 424, 424, 424, 182, 43, 43, 364, 182, 182, 100, 100, 100, 497, 497, 497, 497, 98, 98, 197, 197, 197, 197, 170, 82, 259, 320, 287, 100, 481, 481, 182, 375, 375, 98, 98, 129, 259, 441, 441, 346, 346, 405, 405, 405, 206, 169, 98, 17, 83, 83, 403, 438, 438, 438, 438, 438, 438, 438, 438, 438, 438, 438, 438, 438, 438, 438, 438, 438, 438, 438, 438, 438, 438, 438, 438, 438, 438, 438, 438, 438, 438, 438, 438, 438, 438, 438, 438, 438, 438, 438, 438, 438, 438, 438, 438, 438, 438, 438, 438, 438, 438, 438, 438, 438, 438, 438, 438, 438, 438, 438, 438, 438, 438, 438, 438, 438, 438, 438, 438, 438, 438, 438, 438, 438, 438, 438, 438, 438, 438, 438, 438, 438, 438, 438, 438, 438, 438, 438, 438, 438, 438, 438, 438, 438, 438, 438, 438, 438, 438, 438, 438, 438, 438, 438, 438, 438, 438, 438, 438, 438, 438, 438, 438, 438, 438, 438, 438, 438, 438, 438, 438, 438, 438, 438, 438, 438, 438, 438, 438, 438, 438, 438, 438, 438, 438, 438, 438, 438, 438, 438, 438, 438, 438, 438, 438, 438, 438, 438, 438, 438, 438, 438, 438, 438, 438, 438, 438, 438, 438, 438, 438]

ep417
Train step Loss: [0.2232539802789688, 0.26775217056274414, 0.2351371943950653, 0.11162829399108887, 0.162438303232193, 0.21638910472393036, 0.36705055832862854, 0.22834639251232147, 0.2444676160812378, 0.27285340428352356, 0.09560932964086533, 0.2942509651184082, 0.3565589189529419, 0.24888405203819275, 0.15843282639980316, 0.22150324285030365, 0.5090432167053223, 0.5095137357711792, 0.2305791825056076, 0.22959987819194794, 0.1358334720134735, 0.520306408405304, 0.48734334111213684, 0.4243803024291992, 0.17557595670223236, 0.2786526679992676, 0.4687615633010864, 0.33144518733024597, 0.7341492176055908, 0.5190466046333313, 0.22560395300388336, 0.44081634283065796, 0.7168238759040833, 0.007084311917424202, 0.3688221573829651, 0.38071197271347046, 0.3502275347709656, 0.42824646830558777, 0.28974562883377075, 0.14089393615722656, 0.1404080092906952, 0.20391568541526794, 0.20934274792671204, 0.13720686733722687, 0.06579023599624634, 0.19911763072013855, 0.41584512591362, 0.1475970298051834, 0.5908632874488831, 0.3365725874900818, 0.18170519173145294, 0.2694995403289795, 0.28721994161605835, 0.11660511791706085, 0.3600553870201111, 0.33807024359703064, 0.15074387192726135, 0.1831640601158142, 0.11279311776161194, 0.4828663170337677, 0.07195867598056793, 0.35354849696159363, 0.28231868147850037]
val step Loss: [0.38463735580444336, 0.5489596128463745, 0.40721988677978516, 0.2741672992706299, 0.939423143863678, 0.46948546171188354, 0.23785559833049774, 0.31308096647262573, 0.4028205871582031, 0.8796135187149048, 1.1372530460357666, 0.5159040689468384, 0.38230034708976746, 0.6593506336212158, 0.3439731001853943, 0.4602935016155243]
Train step Accs: [0.9413169137974365, 0.9277910335300766, 0.9391796322489392, 0.9729658792650918, 0.9589486119314826, 0.9463338937023148, 0.9029944640161047, 0.9401536009274019, 0.9342653582470762, 0.9269860707178937, 0.9767043958936562, 0.9252873563218391, 0.9066517607602013, 0.9380517731557684, 0.9623003194888179, 0.947509732850047, 0.8815116126492586, 0.8676356888820164, 0.9389784946236559, 0.9433041481268839, 0.9651693158258465, 0.8670451544758384, 0.8745509412271878, 0.8948968165093585, 0.957574928151088, 0.9305496378355347, 0.9039898670044332, 0.9147781245759262, 0.8145838635785188, 0.8728404471544715, 0.941446303291959, 0.886411332633788, 0.811682049869128, 0.9992193598750976, 0.8983050847457628, 0.9006451612903226, 0.910042125288762, 0.8862551702195355, 0.9254319105691057, 0.9630279117346193, 0.9635362014690452, 0.9492273730684326, 0.9455231177538762, 0.963622190463817, 0.9835250233136462, 0.9512049985123475, 0.8900026730820636, 0.9621261590701319, 0.8454323995127893, 0.9140417191656167, 0.9597928308572986, 0.9329388560157791, 0.9210203246487518, 0.9736699239956569, 0.9065941020124035, 0.9101369863013699, 0.9622428499749122, 0.9538855678906917, 0.973492945703292, 0.877431026684758, 0.9815564017134698, 0.9064967447014822, 0.9288452323909918]
val step Accs: [0.9061822817080943, 0.8676374983747237, 0.9054302807179015, 0.9323464305478694, 0.7811850946854001, 0.8748479318734793, 0.9430211395772085, 0.9198291440775423, 0.8989746682750301, 0.7859290438965725, 0.7300370828182942, 0.8755218216318785, 0.9079616036137775, 0.8347554038680318, 0.9126315789473685, 0.8858717844017967]
Preds: [17, 100, 100, 100, 293, 497, 98, 98, 35, 129, 208, 208, 208, 441, 441, 287, 346, 346, 481, 426, 426, 426, 426, 426, 169, 167, 263, 225, 225, 225, 225, 225, 225, 225, 7, 7, 7, 345, 109, 109, 109, 374, 286, 286, 286, 286, 286, 286, 264, 468, 468, 468, 406, 467, 337, 337, 337, 337, 171, 324, 324, 324, 324, 3, 3, 3, 3, 3, 3, 188, 188, 188, 398, 398, 398, 360, 360, 434, 339, 203, 465, 465, 250, 250, 132, 132, 43, 43, 182, 182, 182, 497, 497, 43, 43, 364, 276, 100, 100, 100, 497, 497, 497, 497, 43, 98, 441, 441, 441, 346, 346, 346, 284, 426, 426, 306, 387, 85, 396, 396, 396, 382, 382, 382, 406, 406, 467, 467, 467, 134, 375, 375, 375, 375, 303, 303, 48, 48, 48, 13, 13, 414, 237, 47, 47, 47, 47, 80, 80, 80, 82, 320, 320, 7, 7, 7, 420, 213, 324, 324, 324, 3, 3, 3, 58, 58, 110, 110, 145, 486, 486, 315, 315, 315, 450, 450, 450, 450, 413, 35, 173, 219, 219, 219, 219, 219, 464, 464, 464, 443, 443, 355, 355, 355, 355, 452, 263, 263, 263, 229, 229, 229, 312, 312, 312, 312, 23, 23, 23, 23, 23, 23, 23, 23, 23, 23, 23, 260, 391, 391, 244, 244, 321, 320, 287, 287, 287, 287, 486, 486, 486, 460, 460, 169, 150, 150, 342, 232, 232, 172, 115, 115, 267, 267, 267, 267, 267, 246, 246, 246, 246, 246, 19, 3, 454, 197, 197, 197, 188, 188, 188, 145, 145, 365, 365, 330, 330, 330, 330, 339, 76, 310, 107, 107, 395, 395, 395, 494, 134, 175, 175, 88, 426, 426, 426, 284, 426, 486, 460, 460, 169, 169, 77, 478, 342, 172, 172, 115, 115, 267, 267, 267, 267, 213, 246, 246, 246, 301, 301, 301, 197, 197, 259, 354, 100, 100, 100, 100, 182, 182, 182, 182, 182, 182, 182, 182, 182, 182, 293, 293, 497, 497, 122, 122, 122, 465, 465, 183, 183, 183, 351, 171, 171, 171, 171, 171, 171, 252, 252, 216, 239, 219, 286, 286, 286, 286, 286, 286, 286, 264, 264, 264, 468, 468, 325, 337, 41, 41, 41, 41, 19, 19, 19, 19, 454, 454, 454, 414, 414, 442, 102, 170, 244, 187, 187, 292, 408, 408, 244, 408, 408, 244, 244, 412, 287, 287, 287, 287, 284, 486, 460, 460, 460, 460, 169, 150, 150, 150, 342, 172, 172, 115, 267, 267, 444, 444, 324, 324, 301, 301, 301, 173, 8, 259, 354, 100, 100, 100, 424, 424, 424, 497, 497, 122, 8, 259, 354, 100, 100, 100, 100, 182, 182, 375, 348, 348, 122, 117, 197, 197, 197, 226, 414, 82, 320, 209, 287, 287, 481, 481, 481, 481, 375, 98, 98, 98, 129, 259, 209, 411, 287, 437, 481, 481, 426, 426, 426, 98, 98, 98, 17, 83, 83, 403, 403, 403, 438, 438, 438, 438, 438, 438, 438, 438, 438, 438, 438, 438, 438, 438, 438, 438, 438, 438, 438, 438, 438, 438, 438, 438, 438, 438, 438, 438, 438, 438, 438, 438, 438, 438, 438, 438, 438, 438, 438, 438, 438, 438, 438, 438, 438, 438, 438, 438, 438, 438, 438, 438, 438, 438, 438, 438, 438, 438, 438, 438, 438, 438, 438, 438, 438, 438, 438, 438, 438, 438, 438, 438, 438, 438, 438, 438, 438, 438, 438, 438, 438, 438, 438, 438, 438, 438, 438, 438, 438, 438, 438, 438, 438, 438, 438, 438, 438, 438, 438, 438, 438, 438, 438, 438, 438, 438, 438, 438, 438, 438, 438, 438, 438, 438]

ep418
Train step Loss: [0.7889177203178406, 0.2739019989967346, 0.16194915771484375, 0.0899229496717453, 0.3522186279296875, 0.30244070291519165, 0.6049772500991821, 0.4478200376033783, 0.3160035312175751, 0.08237519860267639, 0.29230496287345886, 0.0951818972826004, 0.06461059302091599, 0.5065959692001343, 0.22695177793502808, 0.1454274207353592, 0.24469773471355438, 0.10746274888515472, 0.21174605190753937, 0.2107156217098236, 0.4504958987236023, 0.603395402431488, 0.3843565285205841, 0.3030126094818115, 0.15772776305675507, 0.07389912754297256, 0.25393858551979065, 0.05850754678249359, 0.03556080162525177, 0.3310672342777252, 0.06824582070112228, 0.27225780487060547, 0.3566443622112274, 0.29280948638916016, 0.2602733373641968, 0.22985929250717163, 0.3174341320991516, 0.3299069106578827, 0.07449940592050552, 0.1130969300866127, 0.14985142648220062, 0.38916441798210144, 0.5476235747337341, 0.32178378105163574, 0.31722357869148254, 0.28097638487815857, 0.10992096364498138, 0.15223515033721924, 0.10175524652004242, 0.005006787832826376, 0.3935588300228119, 0.21895892918109894, 0.10475508123636246, 0.8221944570541382, 0.5798486471176147, 0.5299150347709656, 0.29480305314064026, 0.29700806736946106, 0.26879140734672546, 0.05655982345342636, 0.5636964440345764, 0.3746144473552704, 0.3511946499347687]
val step Loss: [0.8859069347381592, 0.8547312021255493, 0.29749783873558044, 0.3612962067127228, 0.7622491717338562, 0.2632705569267273, 0.4357284605503082, 0.4118693768978119, 0.3982090353965759, 0.6299631595611572, 0.5103229880332947, 0.7238332033157349, 0.376401424407959, 0.8491155505180359, 0.37436965107917786, 0.3896647095680237]
Train step Accs: [0.8177966101694916, 0.9335526315789474, 0.9584935684922424, 0.978988748813881, 0.9072926596758818, 0.9235548352242031, 0.8451152719398802, 0.879836472477734, 0.9168018881840979, 0.9783501896333755, 0.931025673776983, 0.9759819157954225, 0.9843168527379054, 0.8706814955040227, 0.9475262368815592, 0.9612713675213675, 0.9335130278526504, 0.97375, 0.9463408644400786, 0.9468085106382979, 0.8834586466165414, 0.8392010346314126, 0.9024707412223667, 0.923481833354731, 0.9598623853211009, 0.9822788315104527, 0.9365744203440538, 0.9858470931039267, 0.9919881305637982, 0.9074817976399698, 0.9831686791072082, 0.9290127195639006, 0.9057459005465938, 0.9226182589108255, 0.9392966360856269, 0.9409910477871642, 0.9172759274302735, 0.9142139768447483, 0.982286188762801, 0.9727713051446525, 0.9636886818306385, 0.8979093130600054, 0.8579434015130288, 0.9167175479301503, 0.9162408076779259, 0.9238156209987196, 0.9732583653318705, 0.9648706088261033, 0.974827768945416, 1.0, 0.900897848551584, 0.9476247030878859, 0.9740324594257178, 0.7999750436735712, 0.8485070079219987, 0.8607774968394437, 0.9252115998334952, 0.9219845407154413, 0.9295590161548537, 0.9853091466530404, 0.8576653459311185, 0.9014936427601531, 0.9030579050097592]
val step Accs: [0.7787321558190177, 0.8010654885654885, 0.9273190469054399, 0.9180194805194806, 0.812807881773399, 0.937027027027027, 0.8948521358159912, 0.8965178320696433, 0.9007704569606801, 0.8444345105051408, 0.8706886045094454, 0.8297935985641639, 0.9130371660859465, 0.7942735949098622, 0.9041748388904455, 0.9064793457747956]
Preds: [17, 17, 309, 309, 479, 479, 398, 290, 360, 360, 360, 434, 434, 434, 434, 434, 434, 3, 3, 3, 3, 197, 226, 226, 440, 287, 287, 284, 460, 460, 178, 215, 129, 129, 401, 401, 441, 441, 441, 441, 148, 153, 153, 497, 129, 129, 259, 208, 441, 441, 153, 100, 153, 182, 497, 43, 129, 259, 259, 208, 441, 441, 437, 125, 426, 348, 413, 348, 64, 466, 466, 331, 331, 284, 284, 426, 426, 426, 426, 426, 98, 263, 263, 13, 13, 417, 170, 170, 170, 170, 170, 187, 170, 187, 187, 187, 2, 435, 2, 244, 244, 2, 2, 163, 163, 73, 73, 63, 73, 73, 73, 73, 244, 320, 287, 287, 284, 284, 284, 319, 319, 348, 413, 250, 250, 250, 138, 138, 138, 138, 138, 138, 138, 182, 182, 182, 182, 182, 182, 182, 182, 182, 182, 182, 182, 182, 372, 406, 406, 467, 467, 467, 467, 331, 88, 153, 153, 182, 182, 182, 182, 182, 182, 98, 98, 98, 98, 13, 13, 13, 414, 417, 417, 417, 417, 170, 170, 47, 47, 435, 435, 80, 73, 73, 244, 320, 287, 83, 55, 55, 443, 438, 438, 416, 32, 32, 32, 239, 354, 354, 473, 264, 264, 264, 264, 264, 468, 406, 406, 337, 337, 134, 88, 88, 426, 426, 319, 348, 282, 388, 94, 379, 77, 77, 342, 342, 115, 115, 115, 267, 267, 267, 267, 213, 324, 324, 3, 464, 464, 464, 171, 171, 171, 171, 246, 246, 246, 143, 239, 314, 32, 32, 32, 354, 354, 420, 213, 464, 464, 277, 233, 129, 401, 77, 342, 342, 172, 273, 273, 106, 355, 284, 376, 460, 169, 169, 263, 263, 414, 13, 170, 170, 170, 47, 187, 187, 187, 187, 292, 292, 1, 1, 23, 23, 408, 408, 391, 391, 244, 73, 73, 320, 83, 287, 287, 111, 111, 240, 314, 35, 77, 342, 342, 224, 224, 267, 267, 267, 213, 324, 324, 464, 464, 464, 464, 315, 284, 284, 376, 376, 376, 376, 460, 460, 240, 35, 35, 35, 401, 354, 449, 397, 397, 441, 387, 387, 387, 167, 35, 35, 35, 342, 342, 224, 273, 273, 106, 151, 319, 319, 319, 388, 388, 348, 94, 76, 10, 10, 473, 473, 398, 398, 464, 464, 434, 434, 246, 246, 434, 434, 434, 3, 197, 440, 440, 145, 460, 169, 35, 35, 354, 354, 354, 354, 284, 443, 240, 240, 240, 314, 239, 107, 371, 324, 443, 486, 460, 460, 169, 35, 314, 239, 239, 371, 371, 278, 257, 257, 31, 31, 54, 232, 232, 232, 172, 172, 115, 273, 267, 267, 267, 213, 213, 246, 246, 3, 3, 14, 440, 411, 188, 171, 171, 171, 264, 120, 143, 143, 458, 96, 96, 342, 342, 86, 160, 483, 336, 7, 188, 287, 145, 284, 284, 306, 306, 85, 468, 406, 59, 59, 59, 452, 452, 452, 263, 229, 170, 170, 170, 312, 187, 187, 187, 187, 187, 1, 1, 12, 1, 1, 1, 1, 1, 1, 260, 391, 391, 391, 228, 73, 320, 287, 287, 287, 284, 111, 460, 240, 35, 36, 77, 66, 342, 224, 273, 273, 267, 464, 464, 464, 120, 460, 460, 460, 215, 8, 8, 354, 109, 284, 46, 146, 240, 240, 35, 77, 449, 324, 443, 443, 443, 443, 240, 240, 314, 32, 239, 371, 371, 324, 301, 213, 213, 213, 246, 246, 246, 246, 301, 8, 32, 354, 354, 354, 180, 180, 355, 355, 355, 355, 452, 263, 263, 263, 78, 170, 170, 170, 170, 170, 28, 28, 28, 2, 2, 187, 187, 12, 163, 163, 163, 73, 73, 73, 73, 244, 244, 320, 320, 7]

ep419
Train step Loss: [0.3137359023094177, 0.2570088505744934, 0.0805673748254776, 0.25219592452049255, 0.3361870348453522, 0.1857244372367859, 0.2646748721599579, 0.46515101194381714, 0.15363994240760803, 0.4772496819496155, 0.20650318264961243, 0.2065533697605133, 0.20024381577968597, 0.051126137375831604, 0.3631766438484192, 0.3033407926559448, 0.021841710433363914, 0.06366615742444992, 0.22409483790397644, 0.25640177726745605, 0.07955248653888702, 0.034245565533638, 0.37519320845603943, 0.16356992721557617, 0.267770916223526, 0.37527647614479065, 0.3845112919807434, 0.19780264794826508, 0.03982950747013092, 0.28297942876815796, 0.5243090391159058, 0.29652178287506104, 0.2076880782842636, 0.5865868330001831, 0.19229453802108765, 0.5717652440071106, 0.18627792596817017, 0.39147377014160156, 0.27153900265693665, 0.14357014000415802, 0.2722908556461334, 0.2635442912578583, 0.2277054637670517, 0.2767641544342041, 0.4063415229320526, 0.5387642979621887, 0.5155404806137085, 0.28913527727127075, 0.373426616191864, 0.19997283816337585, 0.4017919898033142, 0.9739850163459778, 0.5554899573326111, 0.005060109309852123, 0.5243176221847534, 0.30689680576324463, 0.4258210361003876, 0.22798004746437073, 0.15013577044010162, 0.18425960838794708, 0.4841473698616028, 0.25478076934814453, 0.1360706388950348]
val step Loss: [0.5119765996932983, 0.37260597944259644, 0.9243052005767822, 0.5825489163398743, 0.7225022912025452, 0.6041614413261414, 0.6450066566467285, 0.375766396522522, 0.6399374008178711, 0.4109008312225342, 0.4948006272315979, 0.5087509751319885, 0.33616095781326294, 0.15778414905071259, 0.6941531300544739, 0.5786651372909546]
Train step Accs: [0.9189562162840296, 0.9342694589032805, 0.9802412111880934, 0.936510307738273, 0.9131998748827025, 0.9531504446949768, 0.9290068580137161, 0.880656788145775, 0.9594179466451092, 0.8819714656290532, 0.9472789115646258, 0.9480376766091052, 0.9499072356215214, 0.9871482683982684, 0.9084288604180715, 0.9213381555153707, 0.9957627118644068, 0.9848792884371029, 0.9394711691621536, 0.9372283303502941, 0.9806371018113679, 0.9916061339790153, 0.9134580124679135, 0.9594227746820975, 0.9306077884265437, 0.9066380499770045, 0.898457391043882, 0.9472074468085107, 0.9906961289250706, 0.9283371183446884, 0.8689743589743589, 0.9247948338490515, 0.9447936594698005, 0.8503537578427446, 0.9481233243967828, 0.8484071274298056, 0.9533222803213875, 0.8959325760351777, 0.92977923907938, 0.9647297297297297, 0.9273407239214638, 0.9325666492420283, 0.9389885327844751, 0.9311668723433429, 0.8932633420822397, 0.8584368530020704, 0.8668361884368309, 0.9395013444145686, 0.8974576271186441, 0.9477730646871686, 0.8954107322687384, 0.7881462799495587, 0.8540401996492648, 0.9998526812021213, 0.8658814081113639, 0.9166270783847981, 0.8911084409732652, 0.9453306746427385, 0.9597575132206888, 0.952831501321831, 0.871437865972674, 0.936467020470053, 0.9620886981402003]
val step Accs: [0.867150362772079, 0.904154614777807, 0.7779499096307771, 0.861889412348128, 0.8218348170128585, 0.8597406258810262, 0.8485910351876186, 0.9067043048694425, 0.8441716299987845, 0.8961832061068702, 0.8829160530191458, 0.8741542625169147, 0.919943378420887, 0.9643227815256876, 0.8348107499648234, 0.8561151079136691]
Preds: [17, 309, 479, 479, 398, 324, 360, 252, 143, 35, 259, 196, 196, 70, 65, 46, 46, 46, 169, 150, 342, 342, 342, 273, 273, 486, 486, 460, 460, 178, 178, 183, 183, 451, 213, 213, 213, 213, 246, 19, 19, 454, 454, 454, 229, 414, 414, 414, 312, 187, 187, 187, 187, 187, 187, 187, 187, 260, 260, 391, 391, 391, 228, 289, 321, 320, 287, 287, 287, 287, 284, 284, 284, 111, 111, 111, 438, 438, 388, 348, 199, 331, 134, 378, 43, 88, 88, 346, 346, 284, 284, 206, 206, 206, 167, 167, 35, 259, 198, 354, 114, 114, 361, 264, 264, 264, 264, 264, 264, 264, 264, 264, 264, 264, 264, 264, 468, 468, 468, 406, 467, 337, 337, 337, 290, 360, 330, 330, 203, 203, 280, 29, 106, 284, 426, 426, 426, 426, 348, 348, 94, 94, 331, 331, 284, 284, 319, 460, 169, 150, 150, 342, 342, 224, 257, 257, 257, 257, 31, 31, 31, 269, 323, 323, 323, 272, 273, 273, 106, 106, 106, 106, 355, 355, 169, 169, 150, 150, 150, 39, 86, 238, 221, 397, 397, 494, 494, 494, 349, 349, 234, 261, 25, 25, 470, 470, 278, 171, 264, 325, 464, 34, 403, 403, 403, 171, 171, 171, 171, 246, 358, 301, 339, 196, 196, 196, 473, 473, 429, 429, 429, 434, 19, 19, 19, 19, 19, 454, 454, 454, 229, 229, 414, 126, 126, 126, 292, 292, 292, 292, 408, 408, 408, 408, 408, 408, 408, 228, 66, 66, 66, 68, 68, 115, 115, 267, 267, 267, 464, 464, 464, 443, 443, 111, 330, 240, 438, 219, 219, 324, 152, 324, 301, 422, 349, 349, 261, 25, 420, 420, 324, 422, 99, 99, 338, 338, 338, 338, 338, 400, 400, 400, 213, 213, 213, 246, 246, 246, 246, 3, 3, 14, 440, 145, 145, 486, 460, 460, 169, 215, 35, 441, 345, 100, 387, 387, 122, 99, 99, 107, 395, 395, 180, 139, 139, 496, 274, 122, 8, 8, 217, 473, 473, 109, 213, 324, 324, 324, 434, 252, 339, 325, 199, 398, 324, 246, 246, 246, 246, 464, 464, 464, 464, 282, 282, 282, 263, 263, 263, 13, 13, 414, 414, 414, 414, 312, 187, 187, 23, 23, 23, 23, 23, 149, 149, 149, 320, 320, 7, 251, 251, 479, 331, 470, 403, 403, 403, 290, 290, 290, 290, 434, 434, 434, 434, 434, 434, 434, 434, 434, 339, 10, 309, 479, 331, 331, 331, 331, 284, 426, 426, 426, 426, 426, 426, 375, 282, 355, 355, 452, 263, 13, 13, 414, 414, 414, 82, 170, 170, 187, 187, 187, 2, 2, 244, 244, 73, 73, 73, 73, 244, 321, 320, 287, 287, 287, 268, 268, 268, 206, 169, 150, 150, 54, 54, 54, 54, 482, 482, 142, 273, 273, 106, 106, 153, 424, 153, 182, 182, 182, 182, 182, 387, 387, 293, 293, 293, 122, 122, 77, 77, 108, 449, 449, 371, 444, 278, 301, 301, 378, 8, 345, 345, 100, 100, 497, 43, 43, 364, 364, 276, 276, 138, 174, 174, 387, 387, 387, 413, 216, 216, 398, 398, 464, 340, 340, 301, 116, 399, 53, 473, 65, 319, 319, 151, 169, 150, 99, 99, 436, 400, 400, 400, 422, 99, 99, 338, 338, 338, 400, 400, 400, 213, 324, 324, 246, 422, 99, 99, 99, 338, 338, 338, 400, 400, 400, 400, 286, 286, 301, 378, 42, 42, 147, 147, 467, 288, 288, 337, 277, 328, 328, 116, 303, 303, 398, 398, 398, 464, 464, 459, 471, 471, 77, 453, 342, 342, 168, 448, 448, 448, 464, 464, 464, 443, 443, 443, 240, 240, 146]

ep420
Train step Loss: [0.09357805550098419, 0.1358618289232254, 0.6975497007369995, 0.24781806766986847, 0.3988785445690155, 0.30332881212234497, 0.30020466446876526, 0.23309294879436493, 0.2679782807826996, 0.2752044200897217, 0.02548607625067234, 0.2620810866355896, 0.12130821496248245, 0.42472633719444275, 0.19643634557724, 0.33793604373931885, 0.5179390907287598, 0.30704689025878906, 0.19214554131031036, 0.5805538892745972, 0.11967138946056366, 0.37853869795799255, 0.08148078620433807, 0.5084701180458069, 0.2199944704771042, 0.1681479513645172, 0.4514026641845703, 0.33774691820144653, 0.34835848212242126, 0.31302034854888916, 0.38534677028656006, 0.3438529074192047, 0.14701628684997559, 0.2716139554977417, 0.022318167611956596, 0.18723870813846588, 0.06501393765211105, 0.407576322555542, 0.24950586259365082, 0.24485637247562408, 0.39200711250305176, 0.15740399062633514, 0.1773553043603897, 0.1965923309326172, 0.36250588297843933, 0.33084186911582947, 0.35184603929519653, 0.12846583127975464, 0.19015558063983917, 0.3189285695552826, 0.4624615013599396, 0.08692014962434769, 0.28720909357070923, 0.31275564432144165, 0.1766061633825302, 0.27769145369529724, 0.1748836636543274, 0.3186764717102051, 0.21320362389087677, 0.5042942762374878, 0.25366848707199097, 0.24775271117687225, 0.11331664025783539]
val step Loss: [0.21092857420444489, 0.5900643467903137, 0.2555094063282013, 1.3056068420410156, 0.41038253903388977, 0.33075088262557983, 0.3012731373310089, 0.8710547685623169, 0.5247340202331543, 0.46611034870147705, 0.89835125207901, 0.5059688687324524, 0.5345773100852966, 0.4396887719631195, 0.27803197503089905, 0.6567252278327942]
Train step Accs: [0.976522147440914, 0.964005142122554, 0.8473983950297697, 0.9338815789473685, 0.899500704135194, 0.9239871382636656, 0.9249498327759197, 0.9386262731783755, 0.9328367630349703, 0.9304, 0.9950955085183273, 0.9316518557239938, 0.9697630469544992, 0.8975844219866896, 0.9498956158663883, 0.9142604596346494, 0.867726369571388, 0.9202847968728186, 0.9531866174786923, 0.8628432711272948, 0.970402002650567, 0.9039527151828592, 0.9802722128765866, 0.8658260130348541, 0.9400723957635072, 0.9554962171784601, 0.8776693909833905, 0.9094231271208562, 0.9121868843231072, 0.920678818353237, 0.9051008303677343, 0.9099974753850038, 0.9653996101364523, 0.931336646612608, 0.995126993502658, 0.9531920600858369, 0.9832002203249793, 0.8953849695016688, 0.9342346148429799, 0.934940790412327, 0.901178361006963, 0.9608148252935351, 0.9534726904922455, 0.946961894953656, 0.9058302174214098, 0.9194287960172933, 0.9059168443496801, 0.9663078428631343, 0.9503324208056316, 0.9133409350057012, 0.87778321507218, 0.978498878775887, 0.9201423487544484, 0.922440537745605, 0.9544521426738517, 0.9303721488595438, 0.9592402057776019, 0.9163131507905901, 0.9497881883877398, 0.8674521354933726, 0.935910878112713, 0.9364013148492211, 0.9681857265692175]
val step Accs: [0.9480930744871265, 0.8517261556465769, 0.9389300931039924, 0.6839555428897122, 0.9130129286115796, 0.9191370911621434, 0.9289703565802664, 0.7778220981252493, 0.8707758853744255, 0.8908296943231441, 0.7813734233660339, 0.8837152904086334, 0.8686595643186517, 0.8839861924058232, 0.9307683446607534, 0.8324736488001794]
Preds: [17, 17, 7, 309, 309, 309, 94, 479, 398, 360, 360, 360, 252, 339, 465, 465, 183, 444, 444, 213, 213, 324, 324, 324, 246, 19, 19, 19, 454, 454, 454, 454, 78, 78, 170, 170, 170, 170, 170, 312, 187, 187, 187, 187, 187, 341, 237, 341, 341, 260, 260, 260, 260, 341, 341, 341, 341, 341, 2, 2, 2, 2, 2, 2, 163, 163, 163, 244, 163, 316, 63, 316, 244, 316, 316, 73, 73, 73, 289, 289, 321, 412, 287, 287, 287, 287, 284, 284, 284, 486, 486, 85, 85, 146, 240, 240, 240, 388, 24, 35, 414, 414, 414, 414, 414, 197, 197, 197, 102, 102, 102, 102, 7, 7, 127, 331, 331, 331, 315, 315, 315, 315, 113, 450, 450, 450, 167, 35, 8, 354, 420, 420, 420, 324, 213, 171, 171, 246, 246, 246, 246, 246, 246, 246, 3, 3, 3, 3, 188, 250, 250, 250, 250, 250, 250, 43, 43, 276, 346, 174, 174, 319, 319, 240, 285, 285, 34, 145, 145, 486, 486, 486, 486, 460, 460, 460, 460, 169, 150, 150, 162, 342, 342, 68, 68, 115, 115, 267, 267, 267, 267, 267, 324, 3, 464, 464, 464, 356, 50, 50, 368, 281, 31, 162, 232, 232, 232, 172, 115, 115, 273, 273, 499, 265, 265, 428, 85, 85, 85, 85, 59, 59, 59, 59, 452, 452, 263, 414, 414, 414, 414, 414, 47, 47, 47, 47, 244, 321, 320, 320, 345, 100, 100, 497, 497, 497, 497, 122, 122, 122, 239, 310, 107, 395, 395, 180, 151, 151, 319, 319, 330, 240, 348, 348, 374, 374, 132, 132, 132, 88, 132, 132, 313, 285, 34, 41, 324, 324, 324, 324, 246, 246, 246, 246, 3, 3, 3, 464, 14, 440, 287, 284, 265, 265, 265, 85, 85, 85, 85, 468, 396, 313, 406, 406, 406, 406, 147, 467, 337, 213, 213, 324, 324, 324, 301, 301, 301, 8, 259, 354, 65, 106, 284, 284, 265, 265, 265, 85, 193, 288, 403, 438, 438, 438, 438, 438, 438, 438, 438, 438, 438, 438, 438, 438, 438, 438, 438, 438, 438, 438, 438, 438, 438, 438, 438, 438, 438, 438, 438, 438, 438, 438, 438, 438, 438, 438, 438, 438, 438, 438, 438, 438, 438, 438, 438, 438, 438, 438, 438, 438, 438, 438, 438, 438, 438, 438, 438, 438, 438, 438, 438, 438, 438, 438, 438, 438, 438, 438, 438, 438, 438, 438, 438, 438, 438, 438, 438, 438, 438, 438, 438, 438, 438, 438, 438, 438, 438, 438, 438, 438, 438, 438, 438, 438, 438, 438, 438, 438, 438, 438, 438, 438, 438, 438, 438, 438, 438, 438, 438, 438, 438, 438, 438, 438, 438, 438, 438, 438, 438, 438, 438, 438, 438, 438, 438, 438, 438, 438, 438, 438, 438, 438, 438, 438, 438, 438, 438, 438, 438, 438, 438, 438, 438, 438, 438, 438, 438, 438, 438, 438, 438, 438, 438, 438, 438, 438, 438, 438, 438, 438, 438, 438, 438, 438, 438, 438, 438, 438, 438, 438, 438, 438, 438, 438, 438, 438, 438, 438, 438, 438, 438, 438, 438, 438, 438, 438, 438, 438, 438, 438, 438, 438, 438, 438, 438, 438, 438, 438, 438, 438, 438, 438, 438, 438, 438, 438, 438, 438, 438, 438, 438, 438, 438, 438, 438, 438, 438, 438, 438, 438, 438, 438, 438, 438, 438, 438, 438, 438, 438, 438, 438, 438, 438, 438, 438, 438, 438, 438, 438, 438, 438, 438, 438, 438, 438, 438, 438, 438, 438, 438, 438, 438, 438, 438, 438, 438, 438, 438, 438, 438, 438, 438, 438, 438, 438, 438, 438, 438, 438, 438]

