ep361
Train step Loss: [0.011154178529977798, 0.17145803570747375, 0.12772665917873383, 0.2972995936870575, 0.26440149545669556, 0.24763017892837524, 0.38156482577323914, 0.0060058776289224625, 0.17036072909832, 0.1666421741247177, 0.1897265762090683, 0.17697657644748688, 0.2278720736503601, 0.1863333135843277, 0.0164529699832201, 0.2003413438796997, 0.18693861365318298, 0.3200685977935791, 0.15526098012924194, 0.006186819635331631, 0.2328479290008545, 0.08624427020549774, 0.1159433126449585, 0.053059231489896774, 0.0871070846915245, 0.10498151183128357, 0.08530577272176743, 0.402238130569458, 0.26304760575294495, 0.023047620430588722, 0.16286280751228333, 0.15759694576263428, 0.36309581995010376, 0.13377688825130463, 0.09493537247180939, 0.04148885980248451, 0.036435168236494064, 0.05304513871669769, 0.04250343143939972, 0.00790184922516346, 0.18806853890419006, 0.1692223846912384, 0.007556250784546137, 0.09687989950180054, 0.24705302715301514, 0.44714826345443726, 0.18092232942581177, 0.2999993860721588, 0.025017298758029938, 0.00867503136396408, 0.425197035074234, 0.016476808115839958, 0.21907199919223785, 0.03782946988940239, 0.3000325858592987, 0.15286336839199066, 0.11784884333610535, 0.010401937179267406, 0.4687175154685974, 0.2586134970188141, 0.3658776581287384, 0.21570013463497162, 0.006144920829683542]
val step Loss: [0.22713428735733032, 0.3861555755138397, 0.329283207654953, 0.3138399124145508, 0.6498962640762329, 0.17625215649604797, 0.3298768103122711, 0.4210536777973175, 0.18596038222312927, 0.6847789883613586, 0.26169487833976746, 0.28794342279434204, 0.16020485758781433, 0.5519255995750427, 0.07391199469566345, 0.15884600579738617]
Train step Accs: [0.998629573797451, 0.9557556270096463, 0.9704610060561117, 0.9465270121278941, 0.9374350986500519, 0.9486014821898159, 0.9113325667561006, 0.9995604395604396, 0.9632037626227694, 0.9644346013548724, 0.9551915945611866, 0.956551724137931, 0.944287203932668, 0.955393446543889, 0.9986527862829149, 0.953566384180791, 0.9595680231792441, 0.9227467811158798, 0.9623832365564251, 0.9997299851491832, 0.947109471094711, 0.9790917565587961, 0.9746893695352048, 0.9890403259800478, 0.9807545245985215, 0.9755641607691281, 0.9796441089242384, 0.9057758510773939, 0.9383637368711996, 0.9958195185238575, 0.9605817588691042, 0.9628014366341714, 0.9101699882766706, 0.9683284457478006, 0.976401623327822, 0.991830985915493, 0.9930304594734125, 0.988702201622248, 0.9905403238736572, 0.9994877049180327, 0.9539544962080173, 0.9628776978417266, 0.9997049712346954, 0.9778767418474357, 0.9411472560218525, 0.8885523924894003, 0.9544772386193097, 0.927974103048287, 0.9947865754317368, 0.9995123140697391, 0.9011235955056179, 0.9974163720424258, 0.942608214631448, 0.9919822375724683, 0.9314348570031777, 0.9629765395894428, 0.9718962769810228, 0.9995244322910475, 0.8854918612880396, 0.939017374295248, 0.9108237803252466, 0.9484577922077922, 0.999559277214632]
val step Accs: [0.946170566423731, 0.9164420485175202, 0.923266967010609, 0.9214886901630721, 0.8510386536944518, 0.9580278128950696, 0.9225990163085684, 0.9016299685444666, 0.9570961412688032, 0.8457172342621259, 0.9382756908820122, 0.9359524138885046, 0.9585974376264329, 0.871700038260426, 0.9824830977258758, 0.9640040444893833]
Preds: [17, 17, 437, 284, 284, 284, 426, 426, 426, 426, 426, 319, 413, 413, 348, 250, 250, 250, 276, 276, 346, 346, 346, 346, 428, 146, 146, 422, 422, 31, 162, 232, 232, 232, 172, 172, 115, 115, 273, 273, 273, 151, 460, 460, 215, 35, 233, 375, 375, 375, 497, 186, 186, 323, 323, 323, 323, 238, 142, 397, 494, 494, 109, 498, 467, 313, 37, 385, 385, 183, 3, 3, 3, 464, 464, 110, 443, 443, 169, 169, 169, 150, 150, 150, 482, 482, 482, 482, 482, 115, 115, 267, 267, 267, 267, 213, 213, 246, 246, 246, 246, 246, 246, 3, 301, 143, 259, 259, 354, 106, 499, 284, 265, 306, 306, 85, 468, 406, 406, 467, 467, 467, 315, 315, 315, 450, 450, 203, 203, 53, 381, 489, 404, 225, 225, 197, 197, 320, 320, 127, 114, 114, 114, 403, 403, 403, 403, 207, 207, 301, 301, 378, 133, 8, 276, 346, 346, 346, 284, 284, 284, 426, 426, 450, 450, 413, 413, 348, 250, 364, 276, 276, 276, 138, 138, 138, 138, 182, 182, 426, 426, 426, 413, 413, 282, 282, 303, 303, 303, 303, 303, 303, 303, 303, 303, 303, 303, 479, 331, 331, 499, 106, 284, 284, 481, 481, 481, 481, 426, 426, 375, 98, 263, 263, 13, 13, 78, 170, 170, 170, 170, 28, 28, 28, 341, 341, 341, 341, 244, 341, 341, 12, 12, 12, 12, 12, 12, 260, 260, 260, 63, 63, 63, 63, 244, 63, 63, 244, 63, 63, 63, 73, 244, 73, 73, 244, 321, 320, 7, 7, 7, 479, 398, 398, 398, 360, 360, 360, 360, 434, 246, 246, 246, 246, 246, 246, 246, 246, 246, 324, 301, 301, 143, 259, 259, 354, 106, 284, 284, 284, 284, 426, 450, 450, 413, 175, 293, 497, 497, 497, 98, 197, 7, 32, 473, 473, 398, 398, 464, 464, 464, 464, 374, 374, 116, 116, 250, 250, 250, 153, 153, 153, 153, 153, 153, 182, 182, 387, 497, 497, 122, 122, 122, 143, 310, 310, 107, 107, 107, 395, 395, 395, 106, 106, 153, 424, 424, 182, 293, 293, 497, 497, 98, 35, 229, 229, 229, 170, 247, 312, 126, 126, 23, 23, 101, 155, 155, 320, 441, 148, 148, 153, 153, 182, 387, 387, 413, 122, 122, 250, 76, 465, 259, 208, 441, 441, 441, 346, 151, 169, 150, 150, 162, 54, 172, 172, 115, 273, 273, 494, 278, 278, 325, 286, 464, 464, 464, 264, 264, 264, 120, 120, 120, 282, 282, 271, 271, 271, 77, 77, 342, 433, 433, 115, 224, 267, 267, 267, 213, 213, 246, 246, 246, 246, 19, 197, 197, 226, 440, 440, 440, 89, 89, 446, 322, 67, 416, 32, 239, 259, 354, 354, 398, 464, 171, 403, 171, 171, 464, 464, 464, 464, 139, 139, 139, 293, 497, 497, 497, 122, 122, 310, 310, 107, 107, 395, 395, 395, 106, 153, 424, 424, 424, 424, 497, 497, 497, 497, 497, 122, 122, 42, 147, 380, 288, 288, 337, 337, 324, 19, 403, 403, 403, 403, 403, 403, 403, 403, 403, 403, 403, 403, 403, 403, 403, 403, 403, 403, 403, 403, 403, 403, 403, 403, 403, 403, 403, 403, 403, 403, 403, 403, 403, 403, 403, 403, 403, 403, 403, 403, 403, 403, 403, 403, 403, 403, 403, 403, 403, 403, 403, 403, 403, 403, 403, 403, 403, 403, 403, 403, 403, 403, 403, 403, 403, 403, 403, 403, 403, 403, 403, 403, 403, 403, 403, 403, 403, 403, 403, 403, 403, 403, 403, 403, 403, 403, 403, 403, 403, 403, 403, 403, 403, 403, 403, 403, 403, 403, 403, 403]

ep362
Train step Loss: [0.1611914038658142, 0.06293202191591263, 0.12257997691631317, 0.01867491379380226, 0.3017235994338989, 0.0305654164403677, 0.2125651240348816, 0.09076608717441559, 0.20821867883205414, 0.31338948011398315, 0.13857047259807587, 0.17630483210086823, 0.34881871938705444, 0.24637934565544128, 0.1344832181930542, 0.14569157361984253, 0.20664937794208527, 0.1807572841644287, 0.3618547022342682, 0.005393336061388254, 0.5287923216819763, 0.07851490378379822, 0.1663838028907776, 0.2582431435585022, 0.22306707501411438, 0.007570409681648016, 0.3399319052696228, 0.04359353706240654, 0.33225730061531067, 0.3626771867275238, 0.07255753129720688, 0.2971823215484619, 0.0055033136159181595, 0.05813257023692131, 0.08707454800605774, 0.3883827328681946, 0.0927751362323761, 0.1228623166680336, 0.12446007132530212, 0.133620485663414, 0.17699600756168365, 0.19240790605545044, 0.21350006759166718, 0.13832072913646698, 0.1215503141283989, 0.015556111000478268, 0.4941045939922333, 0.18921484053134918, 0.2771802246570587, 0.35171470046043396, 0.15982423722743988, 0.1823977530002594, 0.051858775317668915, 0.006557512562721968, 0.1483239084482193, 0.1523483693599701, 0.07306745648384094, 0.005186459515243769, 0.1710565835237503, 0.11481423676013947, 0.0037944463547319174, 0.25187405943870544, 0.007288745138794184]
val step Loss: [0.1947559267282486, 0.01765536330640316, 0.8543712496757507, 0.15908165276050568, 0.8428048491477966, 0.13576261699199677, 0.42261412739753723, 0.6630672216415405, 0.05450965464115143, 0.04966340959072113, 0.3012305498123169, 0.09264551848173141, 0.2901726961135864, 0.49346572160720825, 0.29209911823272705, 0.3465839624404907]
Train step Accs: [0.9622019279553526, 0.9858707731385934, 0.9696289449359566, 0.9966648879402348, 0.9242775459743471, 0.9935121865684727, 0.950355526826115, 0.9774815581726414, 0.9516666666666667, 0.9206976427306173, 0.9662551440329218, 0.9583789704271632, 0.915997277059224, 0.9404717334331711, 0.9669711876317639, 0.9666236697839407, 0.9488430443267354, 0.9564976447769465, 0.9108576256865231, 0.9997534516765286, 0.8777258566978193, 0.9811474298114743, 0.9589190877850672, 0.9379958501159527, 0.9514083566947003, 0.9993443482821925, 0.9158925433090636, 0.9906802227063665, 0.9212410501193318, 0.9072047747619725, 0.9852180339985218, 0.9287143956889915, 0.9998480243161094, 0.9860243341006248, 0.9798522498321021, 0.9097808964628383, 0.9780972856758936, 0.9669376693766938, 0.9699292452830188, 0.9690597374765604, 0.9566388710711995, 0.9550214183722037, 0.9474293059125964, 0.970487302676733, 0.9675057208237986, 0.9972488038277512, 0.8891417014283909, 0.956555569964985, 0.9321459927254484, 0.9141290229470342, 0.9622162883845127, 0.9517592083562397, 0.9876198567787353, 0.9998560944020722, 0.9624755700325733, 0.9625103220478943, 0.9825616355983163, 0.9997567501824374, 0.9583660644147682, 0.9721719457013575, 1.0, 0.9397762747138397, 0.9992227979274612]
val step Accs: [0.9538617298235464, 0.9971890372452565, 0.7950512371907024, 0.960242232754081, 0.8052652467257574, 0.9683107590084334, 0.895579168306441, 0.8478456014362658, 0.9864883884588318, 0.9897538423091341, 0.9318181818181818, 0.9786819005155357, 0.9325011558021267, 0.8824232762056596, 0.931175934366454, 0.9196608800968914]
Preds: [17, 196, 217, 217, 217, 217, 217, 473, 473, 65, 264, 264, 264, 264, 264, 264, 264, 264, 264, 264, 468, 468, 468, 467, 337, 337, 337, 324, 328, 3, 454, 197, 197, 197, 259, 354, 345, 109, 109, 109, 285, 288, 285, 313, 313, 337, 337, 337, 360, 360, 360, 360, 434, 434, 434, 200, 200, 398, 398, 324, 434, 434, 339, 339, 33, 33, 250, 250, 250, 250, 345, 153, 100, 424, 424, 424, 424, 182, 497, 497, 497, 122, 43, 75, 208, 208, 106, 481, 481, 481, 481, 426, 426, 306, 306, 372, 396, 396, 396, 313, 313, 406, 406, 495, 380, 134, 84, 84, 84, 375, 375, 375, 375, 375, 375, 98, 98, 98, 48, 48, 48, 48, 414, 414, 170, 170, 170, 170, 170, 170, 187, 187, 187, 12, 12, 12, 12, 12, 12, 12, 408, 408, 408, 391, 391, 321, 75, 478, 66, 66, 232, 172, 172, 172, 115, 267, 267, 267, 444, 374, 374, 374, 374, 139, 139, 293, 293, 497, 349, 349, 349, 349, 234, 234, 234, 261, 261, 25, 25, 30, 324, 324, 324, 464, 464, 464, 464, 180, 486, 486, 486, 486, 315, 315, 315, 315, 282, 282, 282, 388, 203, 53, 466, 466, 22, 448, 448, 448, 448, 324, 464, 464, 464, 464, 464, 315, 315, 315, 315, 315, 480, 480, 480, 480, 480, 282, 282, 282, 85, 299, 313, 334, 382, 406, 406, 406, 406, 406, 406, 380, 467, 467, 499, 302, 100, 375, 98, 375, 98, 98, 98, 13, 13, 414, 414, 414, 414, 414, 414, 414, 170, 187, 187, 187, 187, 187, 187, 391, 391, 244, 244, 244, 320, 320, 320, 83, 300, 222, 374, 337, 337, 313, 313, 24, 24, 310, 310, 107, 107, 395, 395, 485, 286, 464, 139, 139, 139, 139, 496, 216, 216, 81, 81, 81, 139, 139, 139, 240, 240, 186, 99, 107, 107, 107, 400, 400, 152, 422, 143, 143, 458, 144, 144, 27, 27, 27, 437, 437, 284, 284, 405, 405, 405, 206, 460, 460, 215, 35, 35, 35, 35, 441, 437, 100, 100, 426, 426, 375, 375, 98, 98, 98, 263, 263, 13, 13, 13, 414, 170, 170, 237, 237, 28, 244, 2, 2, 341, 2, 341, 12, 63, 63, 408, 408, 63, 391, 73, 73, 244, 321, 321, 412, 287, 287, 287, 486, 486, 460, 460, 460, 150, 150, 342, 342, 342, 342, 224, 224, 196, 116, 94, 479, 199, 464, 464, 443, 443, 258, 31, 31, 342, 232, 172, 172, 115, 273, 273, 151, 151, 486, 460, 240, 240, 35, 310, 310, 107, 161, 395, 395, 487, 494, 116, 285, 81, 302, 302, 302, 497, 497, 497, 497, 458, 208, 208, 441, 100, 153, 153, 387, 387, 387, 387, 372, 372, 406, 467, 467, 467, 467, 337, 41, 41, 41, 19, 19, 19, 19, 454, 454, 454, 454, 414, 414, 414, 102, 102, 47, 47, 170, 47, 392, 392, 392, 392, 392, 73, 244, 320, 320, 7, 7, 7, 217, 217, 217, 217, 473, 65, 65, 264, 264, 264, 264, 264, 264, 264, 264, 264, 264, 468, 468, 468, 468, 468, 467, 337, 337, 41, 41, 41, 19, 19, 19, 19, 454, 17, 188, 470, 470, 470, 470, 470, 470, 403, 403, 403, 403, 403, 403, 403, 403, 403, 403, 403, 403, 403, 403, 403, 403, 403, 403, 403, 403, 403, 403, 403, 403, 403, 403, 403, 403, 403, 403, 403, 403, 403, 403, 403, 403, 403, 403, 403, 403, 403, 403, 403, 403, 403, 403, 403, 403, 403, 403, 403, 403, 403, 403, 403, 403, 403, 403, 403, 403, 403, 403, 403, 403, 403, 403]

ep363
Train step Loss: [0.0038893618620932102, 0.12106446921825409, 0.005131780635565519, 0.0062728337943553925, 0.0772804245352745, 0.20503999292850494, 0.09699878096580505, 0.10370738804340363, 0.17602917551994324, 0.2631593942642212, 0.33296847343444824, 0.005191967822611332, 0.23594927787780762, 0.0514179989695549, 0.004843722563236952, 0.016577808186411858, 0.3332129418849945, 0.12206360697746277, 0.09891843795776367, 0.07693780958652496, 0.34001341462135315, 0.08525510132312775, 0.06515204161405563, 0.24064800143241882, 0.09721723943948746, 0.08254050463438034, 0.3223981261253357, 0.0034620806109160185, 0.14590291678905487, 0.2551785111427307, 0.012748428620398045, 0.07972440123558044, 0.12623202800750732, 0.06949353963136673, 0.2796994149684906, 0.01122200582176447, 0.16658256947994232, 0.18864542245864868, 0.2986863851547241, 0.2024063766002655, 0.1813276708126068, 0.06613846868276596, 0.25523391366004944, 0.10905736684799194, 0.17201589047908783, 0.3616306781768799, 0.13657039403915405, 0.49610835313796997, 0.11480836570262909, 0.006123682949692011, 0.18038317561149597, 0.15192200243473053, 0.24499942362308502, 0.14219337701797485, 0.1987185776233673, 0.23884651064872742, 0.3377491533756256, 0.05226500332355499, 0.42477893829345703, 0.3906900882720947, 0.20245087146759033, 0.31503066420555115, 0.11760175228118896]
val step Loss: [0.38290998339653015, 0.6483042240142822, 0.08684463053941727, 0.30635008215904236, 0.007366177625954151, 0.384880930185318, 0.30843040347099304, 0.1923106610774994, 0.3437202274799347, 0.17460119724273682, 0.3808070123195648, 0.24904261529445648, 0.43088066577911377, 0.4965454638004303, 0.5413617491722107, 0.4904271066188812]
Train step Accs: [1.0, 0.9682858289843437, 0.9997037475929492, 0.9992815059635005, 0.9833984375, 0.9505255062804409, 0.977654369959011, 0.9742876076872101, 0.9567367119901112, 0.9346445910618698, 0.919418589825322, 0.9998421966230078, 0.9453725155468845, 0.9874795862819815, 1.0, 0.9975412715138743, 0.915836251009965, 0.9702077616620933, 0.9762817781565118, 0.9835893396350269, 0.9208176691729323, 0.9785997732426304, 0.9849952257536488, 0.9422501069442464, 0.9784218590398366, 0.9801626416954164, 0.9136041263700838, 0.9998326919859462, 0.9633886760323542, 0.9390275952693824, 0.9993835531993589, 0.9810376213592233, 0.9683098591549296, 0.9841897233201581, 0.929937139863803, 0.9991366551554021, 0.9618621778011572, 0.954725755710573, 0.9273025072445509, 0.9493333333333334, 0.958959711365003, 0.9858417974761465, 0.938880706921944, 0.9794406651549509, 0.9588671611598112, 0.9100730854782333, 0.9662146364274024, 0.8788368336025848, 0.9723042316884577, 0.9995998933048813, 0.9580147551978538, 0.9610209460396726, 0.9424400991462407, 0.9647058823529412, 0.9532685744289839, 0.9433182181915177, 0.9188910190237428, 0.9886940470696816, 0.8991163475699558, 0.9007890311731989, 0.951601111273578, 0.9297945205479452, 0.9672514619883041]
val step Accs: [0.9064566043044029, 0.8479384692976926, 0.9799689842336521, 0.9285226185595189, 0.9992704989786986, 0.9051378283939433, 0.9384725196288366, 0.9541478129713424, 0.9222858821801088, 0.9576170717249556, 0.9064978255308263, 0.9450390859891762, 0.8960835509138381, 0.875993640699523, 0.8703296703296703, 0.8834208223972003]
Preds: [17, 451, 360, 360, 360, 301, 143, 17, 321, 321, 320, 7, 196, 70, 473, 109, 429, 360, 360, 434, 434, 434, 19, 19, 454, 454, 454, 408, 149, 82, 82, 66, 66, 66, 68, 68, 68, 115, 115, 267, 267, 470, 139, 139, 139, 443, 443, 443, 443, 85, 146, 240, 240, 240, 216, 34, 166, 324, 324, 324, 301, 349, 349, 261, 25, 25, 183, 30, 186, 186, 99, 338, 338, 338, 338, 338, 400, 400, 267, 267, 290, 360, 246, 246, 434, 3, 3, 3, 14, 226, 321, 209, 145, 145, 145, 460, 460, 178, 215, 259, 29, 100, 100, 497, 497, 122, 368, 49, 453, 224, 168, 106, 106, 496, 496, 274, 274, 8, 82, 364, 345, 345, 81, 81, 81, 474, 324, 324, 324, 246, 434, 339, 339, 339, 217, 398, 398, 398, 398, 434, 434, 434, 199, 199, 331, 275, 282, 282, 452, 263, 263, 193, 17, 188, 403, 403, 403, 403, 403, 403, 403, 403, 403, 403, 403, 403, 403, 403, 403, 403, 403, 403, 403, 403, 403, 403, 403, 403, 403, 403, 403, 403, 403, 403, 403, 403, 403, 403, 403, 403, 403, 403, 403, 403, 403, 403, 403, 403, 403, 403, 403, 403, 403, 403, 403, 403, 403, 403, 403, 403, 403, 403, 403, 403, 403, 403, 403, 403, 403, 403, 403, 403, 403, 403, 403, 403, 403, 403, 403, 403, 403, 403, 403, 403, 403, 403, 403, 403, 403, 403, 403, 403, 403, 403, 403, 403, 403, 403, 403, 403, 403, 403, 403, 403, 403, 403, 403, 403, 403, 403, 403, 403, 403, 403, 403, 403, 403, 403, 403, 403, 403, 403, 403, 403, 403, 403, 403, 403, 403, 403, 403, 403, 403, 403, 403, 403, 403, 403, 403, 403, 403, 403, 403, 403, 403, 403, 403, 403, 403, 403, 403, 403, 403, 403, 403, 403, 403, 403, 403, 403, 403, 403, 403, 403, 403, 403, 403, 403, 403, 403, 403, 403, 403, 403, 403, 403, 403, 403, 403, 403, 403, 403, 403, 403, 403, 403, 403, 403, 403, 403, 403, 403, 403, 403, 403, 403, 403, 403, 403, 403, 403, 403, 403, 403, 403, 403, 403, 403, 403, 403, 403, 403, 403, 403, 403, 403, 403, 403, 403, 403, 403, 403, 403, 403, 403, 403, 403, 403, 403, 403, 403, 403, 403, 403, 403, 403, 403, 403, 403, 403, 403, 403, 403, 403, 403, 403, 403, 403, 403, 403, 403, 403, 403, 403, 403, 403, 403, 403, 403, 403, 403, 403, 403, 403, 403, 403, 403, 403, 403, 403, 403, 403, 403, 403, 403, 403, 403, 403, 403, 403, 403, 403, 403, 403, 403, 403, 403, 403, 403, 403, 403, 403, 403, 403, 403, 403, 403, 403, 403, 403, 403, 403, 403, 403, 403, 403, 403, 403, 403, 403, 403, 403, 403, 403, 403, 403, 403, 403, 403, 403, 403, 403, 403, 403, 403, 403, 403, 403, 403, 403, 403, 403, 403, 403, 403, 403, 403, 403, 403, 403, 403, 403, 403, 403, 403, 403, 403, 403, 403, 403, 403, 403, 403, 403, 403, 403, 403, 403, 403, 403, 403, 403, 403, 403, 403, 403, 403, 403, 403, 403, 403, 403, 403, 403, 403, 403, 403, 403, 403, 403, 403, 403, 403, 403, 403, 403, 403, 403, 403, 403, 403, 403, 403, 403, 403, 403, 403, 403, 403, 403, 403, 403, 403, 403, 403, 403, 403, 403, 403, 403, 403, 403, 403, 403, 403, 403, 403, 403, 403, 403, 403, 403, 403, 403, 403, 403, 403, 403, 403, 403, 403, 403, 403, 403, 403, 403, 403, 403, 403, 403, 403, 403, 403, 403, 403, 403, 403, 403, 403, 403]

ep364
Train step Loss: [0.10914316773414612, 0.06830156594514847, 0.24460940062999725, 0.003887318540364504, 0.15464399755001068, 0.07647129893302917, 0.17755647003650665, 0.04321325570344925, 0.005448333919048309, 0.08695993572473526, 0.0769670233130455, 0.16075928509235382, 0.3163536489009857, 0.09430451691150665, 0.08664574474096298, 0.006019447930157185, 0.22643309831619263, 0.06993041932582855, 0.41624829173088074, 0.19412623345851898, 0.0474870540201664, 0.0315423309803009, 0.12241707742214203, 0.060723721981048584, 0.09742175042629242, 0.27036818861961365, 0.029806680977344513, 0.1803664118051529, 0.07279157638549805, 0.26297351717948914, 0.3297988772392273, 0.23937934637069702, 0.03837001696228981, 0.006034263875335455, 0.1880769580602646, 0.23987503349781036, 0.10182974487543106, 0.3185504674911499, 0.054197266697883606, 0.07708548754453659, 0.12045973539352417, 0.46003296971321106, 0.2877480685710907, 0.2994138300418854, 0.054930880665779114, 0.005173522047698498, 0.3032805323600769, 0.009035141207277775, 0.1757843941450119, 0.2906063497066498, 0.11581116914749146, 0.0749107226729393, 0.3017785847187042, 0.11603100597858429, 0.34949031472206116, 0.3400214910507202, 0.11345160007476807, 0.13864871859550476, 0.0050412253476679325, 0.003894184250384569, 0.12405174225568771, 0.2038506716489792, 0.28542348742485046]
val step Loss: [0.26128941774368286, 0.21961098909378052, 0.12202594429254532, 0.2767156660556793, 0.3636002242565155, 0.21105052530765533, 0.19568726420402527, 0.3567270338535309, 0.41015586256980896, 0.17183338105678558, 0.3480629622936249, 0.4151194095611572, 0.7546619772911072, 0.03032783791422844, 0.46682775020599365, 0.5315378904342651]
Train step Accs: [0.9751257685858021, 0.9845210727969349, 0.9353107344632768, 1.0, 0.9653820148749155, 0.9806115810019519, 0.9578227782793757, 0.9904534606205251, 0.9997278541298136, 0.9788870246085011, 0.9819644162807701, 0.963821892393321, 0.9242330145323562, 0.9780521262002744, 0.9790807307012375, 0.9998588766581993, 0.9437518121194549, 0.9841411945261542, 0.8956187336904271, 0.9537494387067804, 0.9905428164269983, 0.9934002869440459, 0.9700713194090678, 0.9868620515411825, 0.9772614928324271, 0.9291588515365748, 0.994240460763139, 0.9543557971930712, 0.98218290555694, 0.9315434134086984, 0.9171597633136095, 0.9416342412451362, 0.9922647730154704, 0.9996305418719211, 0.9538185828508409, 0.9393030562696373, 0.9749493194323776, 0.923471453637468, 0.9882882882882883, 0.9809193408499567, 0.9705274755543314, 0.8856179483854234, 0.9266090545595254, 0.9279326670173593, 0.9878030417105857, 0.9996523552928906, 0.9244589050785118, 0.9995615957913196, 0.955614303603729, 0.9276143113689737, 0.9725283501038173, 0.9838008692216516, 0.9255595400024731, 0.9729258812491623, 0.9148204210816018, 0.9212760795730228, 0.9732753262896209, 0.9658572479764532, 1.0, 1.0, 0.9704913532802635, 0.9494106090373281, 0.9309967141292442]
val step Accs: [0.9379034737165693, 0.9452610238215915, 0.9716537610619469, 0.9320857229097494, 0.9122173156697444, 0.9523095789617114, 0.9513467776054153, 0.9142936906756002, 0.9101373446697187, 0.9593192195931922, 0.9126450824679292, 0.9067276447225899, 0.817308876031023, 0.9933057968950292, 0.8982343116201383, 0.865812683746325]
Preds: [17, 17, 287, 287, 284, 319, 319, 319, 413, 293, 43, 43, 43, 153, 153, 153, 153, 138, 138, 297, 182, 182, 182, 182, 182, 293, 293, 497, 98, 98, 197, 197, 197, 197, 226, 209, 287, 287, 111, 111, 111, 111, 438, 388, 10, 10, 479, 479, 398, 398, 324, 301, 301, 378, 132, 53, 250, 70, 70, 138, 138, 138, 138, 138, 346, 426, 426, 426, 426, 426, 426, 426, 450, 450, 413, 203, 250, 250, 276, 440, 138, 138, 138, 138, 138, 182, 182, 98, 98, 335, 14, 14, 287, 287, 111, 111, 438, 438, 251, 251, 251, 241, 241, 431, 428, 428, 428, 428, 146, 146, 146, 252, 271, 186, 162, 54, 54, 482, 482, 482, 142, 397, 273, 487, 109, 290, 290, 290, 464, 464, 464, 464, 37, 314, 314, 32, 32, 239, 420, 420, 324, 340, 116, 116, 10, 10, 10, 250, 479, 331, 331, 284, 307, 307, 61, 61, 282, 240, 388, 76, 36, 77, 342, 68, 172, 172, 115, 267, 267, 444, 213, 213, 246, 246, 246, 246, 339, 24, 8, 32, 32, 354, 420, 41, 324, 324, 143, 143, 129, 401, 270, 68, 68, 115, 273, 273, 273, 486, 376, 376, 376, 460, 460, 460, 178, 143, 35, 401, 270, 66, 68, 342, 224, 267, 448, 448, 464, 464, 464, 180, 180, 284, 265, 265, 265, 85, 85, 85, 146, 240, 236, 314, 129, 259, 74, 425, 106, 106, 106, 206, 167, 35, 35, 35, 270, 68, 68, 115, 273, 273, 284, 486, 376, 376, 460, 460, 263, 263, 13, 233, 170, 170, 170, 170, 170, 170, 421, 28, 421, 421, 2, 2, 2, 2, 2, 2, 2, 2, 2, 316, 316, 316, 316, 73, 73, 73, 289, 66, 172, 172, 115, 397, 7, 7, 153, 153, 153, 153, 153, 387, 387, 387, 387, 348, 348, 175, 359, 81, 166, 324, 324, 464, 464, 180, 315, 319, 319, 319, 319, 413, 348, 466, 466, 466, 250, 250, 250, 473, 337, 41, 324, 324, 324, 19, 301, 76, 129, 129, 259, 354, 106, 106, 284, 319, 319, 240, 240, 314, 129, 36, 401, 478, 66, 68, 68, 68, 68, 68, 68, 115, 371, 444, 213, 213, 213, 213, 246, 246, 246, 246, 246, 246, 246, 19, 454, 414, 414, 414, 414, 414, 414, 414, 237, 47, 47, 47, 20, 20, 47, 47, 20, 47, 47, 80, 80, 73, 73, 73, 289, 320, 287, 287, 111, 460, 460, 240, 35, 35, 77, 342, 224, 168, 257, 257, 281, 31, 31, 162, 9, 482, 68, 115, 115, 273, 106, 106, 153, 424, 182, 182, 182, 375, 375, 98, 98, 197, 197, 197, 226, 80, 80, 20, 20, 320, 7, 7, 7, 359, 398, 360, 213, 360, 246, 246, 246, 246, 3, 197, 197, 440, 188, 324, 324, 422, 99, 99, 338, 338, 338, 338, 338, 400, 400, 286, 286, 278, 278, 139, 203, 8, 8, 8, 8, 100, 100, 100, 100, 375, 98, 98, 48, 48, 48, 48, 414, 414, 170, 170, 170, 47, 28, 28, 47, 2, 20, 47, 47, 20, 2, 20, 2, 2, 73, 73, 73, 73, 289, 289, 209, 287, 287, 111, 111, 240, 240, 35, 35, 36, 77, 68, 342, 172, 115, 267, 267, 213, 213, 213, 246, 246, 246, 301, 301, 378, 43, 364, 364, 276, 276, 346, 346, 428, 428, 428, 428, 428, 146, 240, 385, 35, 35, 36, 75, 108, 371, 87, 177, 457, 457, 457, 7, 196, 473, 278, 197, 457, 457, 457, 196, 309, 473, 278, 278, 301, 301, 251, 251, 241, 374, 374, 132, 132, 132, 132, 132, 132, 374, 374, 337, 337]

ep365
Train step Loss: [0.059591129422187805, 0.008440594188869, 0.15434682369232178, 0.37823519110679626, 0.1611328274011612, 0.4680425524711609, 0.2746456563472748, 0.4623081684112549, 0.29531294107437134, 0.02463969960808754, 0.28266584873199463, 0.18942998349666595, 0.09203463047742844, 0.16488802433013916, 0.005082476884126663, 0.3370729684829712, 0.017639119178056717, 0.04092688113451004, 0.3058528006076813, 0.16671457886695862, 0.007067757658660412, 0.570203959941864, 0.005762780550867319, 0.13131679594516754, 0.17871157824993134, 0.1075151339173317, 0.1685411036014557, 0.3336818814277649, 0.09639391303062439, 0.09799882024526596, 0.13589760661125183, 0.004532274790108204, 0.10873422771692276, 0.15575721859931946, 0.01719571277499199, 0.007354594301432371, 0.007442094385623932, 0.25218600034713745, 0.10183300077915192, 0.0435229167342186, 0.07906955480575562, 0.00387822394259274, 0.22809389233589172, 0.3979303538799286, 0.08426463603973389, 0.05845397710800171, 0.13477876782417297, 0.19241948425769806, 0.14342299103736877, 0.492917537689209, 0.4300980269908905, 0.04426214098930359, 0.3414883315563202, 0.22560039162635803, 0.004670942667871714, 0.3041410744190216, 0.21322175860404968, 0.05079399421811104, 0.13728897273540497, 0.15756915509700775, 0.031753573566675186, 0.07115505635738373, 0.34017929434776306]
val step Loss: [0.23171642422676086, 0.2854016423225403, 0.33015820384025574, 0.1895822137594223, 0.6456614136695862, 0.11807972937822342, 0.3158546984195709, 0.6682634949684143, 0.44732362031936646, 0.41144728660583496, 0.5286272764205933, 0.024210194125771523, 0.47695213556289673, 0.006242145784199238, 0.6265637874603271, 0.6365767121315002]
Train step Accs: [0.9866151100535395, 0.9995386389850057, 0.9593667546174143, 0.9124279835390946, 0.9599127352058904, 0.8817058096415328, 0.9337548498347463, 0.881590978360256, 0.9277845777233782, 0.9955251381942617, 0.9294605809128631, 0.9535279115896854, 0.9778644195698655, 0.9592537313432836, 0.9998617256637168, 0.9186566211211851, 0.9964986870076279, 0.9914863426747074, 0.9228661460474038, 0.9551212938005391, 0.9997113997113997, 0.8569297082228117, 0.9996832937450515, 0.9691150954308849, 0.9557766721945826, 0.9739446323437304, 0.9572368421052632, 0.919650067294751, 0.9772636617471081, 0.9768224299065421, 0.9629482071713148, 1.0, 0.9753086419753086, 0.9600813628273582, 0.9959432048681541, 0.9997202797202798, 0.9992978514253616, 0.941200161095449, 0.9765038924274593, 0.990608950843727, 0.980756200027104, 0.9998562805403852, 0.9409059233449477, 0.9016905810484444, 0.9792761675927316, 0.9867592235505849, 0.9670159099728366, 0.955799693408278, 0.9662653790183887, 0.8803233723112458, 0.889927167788924, 0.9895394223263075, 0.9242335766423357, 0.9452072372642115, 0.9997443109179238, 0.927109028120375, 0.9444035346097202, 0.9887728459530026, 0.9696092619392185, 0.9634298379276908, 0.9930895479412611, 0.9844992050874404, 0.9222814164838609]
val step Accs: [0.9452646239554318, 0.931653076352854, 0.9218042986425339, 0.9516215491825248, 0.8449872500335526, 0.9741043874949684, 0.9243655456932116, 0.8361259202843361, 0.894722337053879, 0.9088765766827773, 0.8769148078473529, 0.9950602934766817, 0.8829160530191458, 0.9995618519059442, 0.8585934000298642, 0.8491825926778724]
Preds: [17, 309, 479, 199, 199, 360, 360, 360, 252, 143, 35, 35, 196, 70, 65, 65, 46, 46, 46, 460, 460, 178, 35, 77, 342, 342, 342, 115, 273, 273, 486, 486, 486, 460, 460, 178, 178, 35, 183, 192, 445, 451, 213, 213, 213, 213, 246, 19, 19, 19, 19, 454, 454, 454, 414, 414, 414, 414, 442, 102, 187, 187, 187, 187, 12, 12, 12, 341, 341, 12, 260, 260, 260, 391, 391, 391, 73, 73, 289, 321, 320, 287, 287, 287, 287, 287, 284, 284, 284, 111, 111, 111, 111, 438, 438, 438, 313, 313, 250, 250, 250, 134, 378, 378, 88, 88, 109, 106, 284, 284, 284, 284, 206, 206, 206, 169, 167, 35, 35, 259, 127, 127, 114, 114, 114, 264, 264, 264, 264, 264, 264, 264, 264, 264, 264, 264, 264, 264, 264, 264, 264, 264, 468, 468, 468, 406, 406, 467, 337, 288, 288, 290, 290, 290, 330, 330, 388, 67, 250, 250, 70, 65, 65, 426, 426, 426, 426, 319, 319, 299, 348, 348, 10, 479, 331, 331, 486, 486, 486, 460, 169, 150, 150, 150, 342, 342, 342, 224, 224, 257, 257, 257, 257, 31, 31, 31, 162, 482, 482, 482, 323, 18, 272, 273, 273, 106, 106, 106, 109, 106, 355, 355, 355, 169, 169, 169, 150, 150, 39, 39, 433, 238, 142, 397, 397, 397, 397, 494, 494, 236, 36, 36, 164, 108, 115, 115, 273, 470, 403, 403, 403, 171, 171, 252, 252, 34, 34, 470, 403, 403, 171, 171, 171, 171, 171, 246, 246, 358, 252, 143, 143, 196, 196, 196, 309, 473, 473, 429, 429, 429, 434, 434, 434, 246, 19, 19, 19, 454, 454, 454, 454, 229, 229, 414, 414, 126, 126, 126, 292, 292, 292, 292, 292, 21, 408, 408, 408, 408, 408, 408, 408, 391, 244, 289, 66, 66, 66, 66, 68, 172, 115, 267, 267, 267, 267, 464, 464, 464, 464, 443, 443, 443, 240, 240, 240, 240, 325, 34, 324, 324, 324, 324, 301, 301, 422, 349, 349, 261, 25, 25, 420, 420, 324, 324, 99, 99, 99, 338, 338, 338, 338, 338, 338, 400, 400, 400, 213, 213, 213, 213, 246, 246, 246, 246, 246, 246, 3, 3, 14, 440, 440, 145, 145, 486, 460, 460, 169, 215, 35, 35, 441, 100, 100, 153, 387, 387, 122, 99, 99, 99, 107, 395, 395, 395, 134, 139, 139, 496, 497, 497, 43, 8, 8, 354, 473, 473, 109, 288, 290, 290, 290, 171, 434, 434, 434, 339, 339, 339, 398, 398, 398, 246, 246, 246, 246, 246, 246, 286, 464, 464, 264, 282, 282, 282, 282, 282, 263, 263, 263, 13, 414, 414, 414, 414, 414, 312, 312, 187, 187, 187, 23, 23, 23, 23, 23, 23, 23, 149, 149, 149, 320, 320, 7, 7, 251, 251, 241, 241, 470, 403, 403, 403, 403, 290, 290, 290, 290, 360, 434, 434, 434, 360, 360, 434, 434, 434, 434, 434, 339, 339, 10, 10, 309, 309, 479, 331, 331, 331, 331, 284, 426, 426, 426, 426, 426, 426, 282, 282, 282, 355, 355, 355, 452, 263, 263, 13, 13, 414, 414, 414, 414, 170, 170, 244, 249, 249, 244, 2, 2, 2, 2, 244, 2, 2, 73, 73, 73, 73, 244, 321, 321, 287, 287, 287, 287, 284, 284, 284, 206, 206, 206, 169, 150, 150, 54, 54, 54, 54, 482, 482, 482, 238, 272, 273, 273, 106, 106, 153, 153, 424, 182, 182, 182, 182, 182, 182, 387, 387, 387, 387, 293, 293, 293, 122, 122, 36, 36, 108, 108, 108, 449, 371, 444, 444, 278, 301, 301, 301, 8, 364]

ep366
Train step Loss: [0.1984439343214035, 0.23737728595733643, 0.2393871545791626, 0.007864279672503471, 0.21763743460178375, 0.5000756978988647, 0.25460606813430786, 0.22949546575546265, 0.578436017036438, 0.4106854200363159, 0.17915579676628113, 0.13699041306972504, 0.14883477985858917, 0.12277982383966446, 0.11324317753314972, 0.07685468345880508, 0.029147297143936157, 0.2806982398033142, 0.25182294845581055, 0.2976644039154053, 0.004798392299562693, 0.30293574929237366, 0.2268955558538437, 0.05007299408316612, 0.016230059787631035, 0.07471013814210892, 0.19579358398914337, 0.17415201663970947, 0.3331620693206787, 0.41831162571907043, 0.04658353701233864, 0.027470439672470093, 0.22438061237335205, 0.4143473207950592, 0.20081770420074463, 0.29981982707977295, 0.21989768743515015, 0.16453570127487183, 0.04719184339046478, 0.027713514864444733, 0.253781795501709, 0.29057884216308594, 0.13770876824855804, 0.004769579507410526, 0.1572025567293167, 0.23968136310577393, 0.00783407874405384, 0.006524190306663513, 0.2646108567714691, 0.004409688990563154, 0.14626173675060272, 0.13412071764469147, 0.2745448052883148, 0.5232309103012085, 0.1294885128736496, 0.22281675040721893, 0.2699658274650574, 0.11567803472280502, 0.09854982048273087, 0.00616162596270442, 0.1102900356054306, 0.3077056407928467, 0.1136697381734848]
val step Loss: [0.3126590847969055, 0.15297356247901917, 0.8569219708442688, 0.31427910923957825, 0.18036162853240967, 0.42288529872894287, 0.0059742736630141735, 0.08475103229284286, 0.4508635997772217, 0.39277052879333496, 0.38684022426605225, 0.4252002537250519, 0.4671614468097687, 0.15372803807258606, 0.4338817298412323, 0.025410635396838188]
Train step Accs: [0.949244060475162, 0.9397983392645315, 0.9441831295076827, 0.9991468789990047, 0.9480750787779147, 0.876858308117353, 0.9393704850361198, 0.9408873538788523, 0.8596325317481762, 0.9022874520692846, 0.9559419531964962, 0.9660884309377853, 0.9634070188584988, 0.9707709170624772, 0.9737751055392094, 0.9818225304950968, 0.993811168681635, 0.927959846471804, 0.9397619923935714, 0.9275630971053758, 0.9997284453496266, 0.9255989911727617, 0.9447697631088634, 0.9883917775090689, 0.9965189449725532, 0.9822300596852958, 0.9499020431010355, 0.9537999248779266, 0.9141687381196081, 0.9029525032092426, 0.9885248627972726, 0.9943509762986614, 0.9432359377011198, 0.8921909972643621, 0.948757524309307, 0.9282578875171468, 0.9487831456592808, 0.9598322104995551, 0.9891590521914202, 0.9935992122107337, 0.9397092003008273, 0.9314925761917165, 0.9652598724385941, 0.9998361998361999, 0.9639892904953146, 0.9369407754580316, 0.9992150706436421, 0.9995354598947043, 0.9385902708835626, 1.0, 0.9652040424715363, 0.9661820480404552, 0.9308721506442021, 0.8662438336856941, 0.9726633689143452, 0.9454866775421424, 0.9316943707221679, 0.9715344896067788, 0.9767722473604826, 0.9995511669658886, 0.9728782766675318, 0.9242352195276589, 0.9720974225585245]
val step Accs: [0.9284047648286872, 0.9620782323081517, 0.8019789089962245, 0.9282310469314079, 0.9589568191534844, 0.8946657663740716, 0.9997284453496266, 0.9796387017758726, 0.8945207237264211, 0.9041931068806769, 0.9168917260004911, 0.8929249119002439, 0.8785691873235018, 0.9627881892948632, 0.899066137904567, 0.9952298352124892]
Preds: [17, 479, 398, 360, 360, 171, 360, 360, 171, 434, 252, 252, 252, 252, 143, 393, 205, 441, 441, 148, 148, 346, 346, 306, 306, 306, 203, 203, 467, 65, 65, 84, 319, 319, 319, 175, 175, 251, 251, 251, 81, 81, 219, 219, 398, 398, 360, 464, 464, 464, 464, 264, 264, 468, 468, 58, 58, 156, 84, 84, 84, 426, 426, 450, 413, 98, 98, 263, 263, 13, 417, 417, 414, 414, 170, 170, 170, 170, 28, 82, 2, 2, 2, 2, 2, 2, 2, 2, 163, 316, 316, 73, 73, 140, 140, 320, 320, 320, 373, 4, 4, 219, 4, 219, 219, 219, 453, 280, 444, 444, 360, 213, 360, 213, 213, 246, 246, 246, 19, 19, 454, 454, 454, 414, 414, 414, 414, 414, 249, 249, 249, 47, 249, 249, 2, 244, 461, 316, 316, 244, 73, 73, 244, 244, 320, 320, 320, 7, 479, 398, 360, 360, 360, 171, 171, 252, 378, 173, 280, 34, 324, 324, 324, 324, 422, 143, 77, 478, 342, 342, 232, 172, 172, 115, 115, 267, 444, 171, 171, 252, 252, 301, 173, 4, 4, 4, 4, 4, 280, 280, 25, 444, 213, 213, 213, 213, 213, 246, 246, 246, 246, 19, 454, 454, 454, 454, 197, 197, 197, 197, 80, 80, 7, 7, 478, 310, 9, 9, 172, 395, 395, 470, 470, 403, 403, 403, 403, 403, 171, 207, 358, 358, 358, 225, 225, 225, 414, 197, 197, 451, 451, 451, 30, 213, 360, 360, 360, 457, 457, 457, 196, 196, 398, 398, 360, 360, 360, 360, 464, 464, 315, 315, 315, 315, 315, 315, 315, 450, 450, 450, 450, 175, 175, 43, 43, 43, 276, 276, 153, 153, 424, 497, 497, 497, 497, 175, 413, 250, 250, 413, 426, 426, 319, 319, 413, 413, 413, 381, 250, 42, 250, 88, 241, 431, 431, 426, 426, 426, 426, 426, 480, 480, 480, 480, 426, 426, 85, 85, 299, 299, 299, 299, 116, 399, 217, 473, 398, 324, 324, 324, 324, 464, 464, 464, 264, 264, 222, 222, 245, 173, 349, 349, 349, 234, 155, 155, 25, 148, 148, 153, 153, 153, 153, 387, 387, 387, 285, 134, 134, 134, 88, 88, 88, 88, 387, 497, 175, 175, 431, 431, 265, 265, 428, 85, 85, 146, 146, 146, 464, 464, 464, 464, 171, 171, 171, 325, 325, 464, 464, 464, 120, 443, 120, 120, 263, 263, 263, 263, 229, 229, 229, 312, 312, 312, 312, 292, 292, 292, 292, 23, 23, 23, 23, 23, 23, 23, 23, 260, 260, 260, 391, 391, 391, 73, 73, 244, 73, 320, 321, 320, 320, 287, 284, 284, 284, 284, 284, 284, 284, 284, 284, 284, 480, 85, 480, 85, 85, 85, 85, 85, 85, 146, 146, 207, 207, 207, 324, 464, 464, 464, 464, 464, 486, 315, 315, 315, 315, 282, 450, 450, 175, 43, 43, 276, 153, 153, 153, 297, 297, 182, 182, 182, 182, 182, 182, 372, 372, 372, 372, 372, 59, 59, 59, 467, 467, 467, 467, 134, 134, 175, 431, 431, 431, 431, 431, 480, 480, 480, 85, 85, 85, 85, 85, 299, 468, 468, 59, 467, 467, 275, 275, 275, 303, 303, 303, 303, 98, 98, 98, 233, 233, 414, 170, 209, 188, 188, 188, 19, 19, 303, 303, 282, 282, 282, 37, 303, 303, 102, 48, 48, 170, 170, 170, 249, 249, 249, 249, 249, 249, 249, 249, 98, 249, 249, 249, 249, 249, 249, 249, 249, 249, 249, 249, 249, 249, 249, 249, 441, 441, 346, 346, 284, 206, 206, 206, 167, 167, 167, 233, 170, 170, 170, 352, 352, 40, 40, 305, 237, 237, 102]

ep367
Train step Loss: [0.1756671667098999, 0.15373113751411438, 0.007474900223314762, 0.29083555936813354, 0.004405144602060318, 0.1510353982448578, 0.4247110188007355, 0.1820020228624344, 0.1765305995941162, 0.34455087780952454, 0.04228803515434265, 0.19461122155189514, 0.1123477965593338, 0.0647580549120903, 0.006528361700475216, 0.23201167583465576, 0.15922440588474274, 0.14210988581180573, 0.2947217524051666, 0.006500799674540758, 0.2708904445171356, 0.25018399953842163, 0.10114720463752747, 0.1898518204689026, 0.010870997793972492, 0.0635366290807724, 0.39911600947380066, 0.23162952065467834, 0.22791939973831177, 0.20273107290267944, 0.17153362929821014, 0.1750960797071457, 0.31193485856056213, 0.020439784973859787, 0.20156283676624298, 0.19705523550510406, 0.07447774708271027, 0.1866212785243988, 0.29055237770080566, 0.2620003819465637, 0.0538504421710968, 0.16800493001937866, 0.012413055635988712, 0.18582791090011597, 0.3091992437839508, 0.09379921108484268, 0.10700356215238571, 0.063965804874897, 0.16309818625450134, 0.5405002236366272, 0.1881812959909439, 0.14030806720256805, 0.0047328881919384, 0.21039989590644836, 0.14071667194366455, 0.2853817641735077, 0.12205208092927933, 0.0455595962703228, 0.14774225652217865, 0.23279033601284027, 0.18235473334789276, 0.2571033239364624, 0.005042275879532099]
val step Loss: [0.315097451210022, 0.44635531306266785, 0.2390042245388031, 0.3397560119628906, 0.14575724303722382, 0.34862908720970154, 0.4225327968597412, 0.250535786151886, 0.25890684127807617, 0.11382206529378891, 0.3136814832687378, 0.34669798612594604, 0.5313424468040466, 0.5966489911079407, 0.27915123105049133, 0.2848723530769348]
Train step Accs: [0.9570754042066104, 0.9633710115896409, 0.9995174327421884, 0.9280118255728012, 1.0, 0.9600347523892268, 0.8976517501107665, 0.9599464329194058, 0.9554516367216342, 0.9140532738485763, 0.9907023495413997, 0.9502783892269844, 0.9711361847284178, 0.9846678023850085, 0.999872106407469, 0.9453847496073984, 0.9642287234042554, 0.9632183908045977, 0.9259309046914908, 0.9994650260799786, 0.930611694960927, 0.9360653212139886, 0.9771487542385375, 0.9536842105263158, 0.998949027850762, 0.9851767388825542, 0.8994835621614813, 0.940024860161591, 0.9448165404775771, 0.9482377422291586, 0.9584144645340751, 0.9607665610381771, 0.9206707897240723, 0.995, 0.9519650655021834, 0.9494989451476793, 0.9808553971486762, 0.9551492643908013, 0.9242144177449169, 0.9419076610857433, 0.987428873891756, 0.9609417528579205, 0.9981082998344762, 0.9529200607483087, 0.9216710182767625, 0.9778997330169089, 0.9717016727455666, 0.9851713216239563, 0.9579349904397706, 0.8668950640781626, 0.9552431501936595, 0.9617876723708257, 0.9998773608045132, 0.9487313628040805, 0.9655078391274711, 0.9251974601207992, 0.9712302839116719, 0.9897206114918292, 0.9638112109325573, 0.9418948450957707, 0.9550376970527759, 0.939113889643925, 0.9997262523952916]
val step Accs: [0.9212534059945504, 0.8968842729970327, 0.9415277777777777, 0.9200901803607214, 0.9634633097942892, 0.9255010165553297, 0.8959035519834068, 0.9358490566037736, 0.937791601866252, 0.972205216113628, 0.9262644728823888, 0.9210271986745824, 0.8806714511616591, 0.8658464275126001, 0.9293336803748048, 0.9306993450242975]
Preds: [17, 17, 287, 287, 284, 284, 319, 450, 450, 450, 169, 169, 76, 76, 349, 234, 234, 234, 234, 234, 234, 261, 25, 106, 25, 106, 284, 428, 428, 330, 388, 388, 10, 10, 10, 309, 479, 398, 398, 324, 324, 422, 186, 162, 162, 232, 232, 172, 172, 115, 273, 267, 267, 267, 324, 324, 3, 3, 14, 14, 411, 188, 188, 171, 443, 443, 271, 178, 143, 96, 54, 232, 232, 86, 238, 6, 336, 336, 440, 145, 145, 145, 486, 486, 460, 468, 406, 406, 406, 42, 132, 32, 32, 32, 32, 239, 82, 310, 107, 107, 107, 395, 395, 286, 286, 264, 264, 264, 120, 120, 120, 120, 120, 207, 178, 178, 143, 233, 233, 170, 170, 170, 312, 312, 170, 170, 82, 170, 170, 187, 187, 187, 244, 2, 2, 2, 2, 244, 392, 316, 316, 392, 244, 73, 73, 73, 244, 287, 287, 100, 293, 293, 43, 43, 8, 129, 144, 208, 27, 346, 106, 174, 426, 319, 348, 348, 348, 199, 199, 250, 250, 98, 197, 129, 401, 7, 7, 217, 473, 109, 109, 313, 313, 406, 285, 337, 337, 337, 324, 340, 116, 94, 94, 199, 398, 340, 340, 116, 94, 94, 479, 331, 331, 138, 138, 138, 138, 138, 182, 497, 497, 43, 416, 32, 239, 208, 208, 27, 441, 346, 426, 426, 319, 348, 348, 94, 250, 250, 303, 375, 98, 98, 98, 13, 414, 414, 170, 170, 170, 170, 170, 28, 2, 2, 244, 2, 2, 2, 2, 2, 244, 244, 73, 73, 73, 73, 244, 320, 7, 70, 473, 106, 284, 405, 206, 206, 240, 385, 35, 82, 77, 270, 323, 323, 142, 397, 106, 153, 153, 153, 153, 387, 169, 349, 349, 349, 234, 234, 234, 261, 25, 25, 100, 100, 100, 302, 497, 497, 98, 98, 98, 197, 226, 226, 226, 226, 226, 442, 209, 287, 287, 284, 284, 284, 480, 480, 480, 480, 480, 480, 480, 480, 480, 282, 282, 282, 388, 388, 388, 388, 195, 195, 195, 250, 250, 250, 250, 250, 109, 109, 109, 403, 403, 403, 207, 207, 207, 252, 416, 32, 32, 239, 75, 131, 180, 106, 153, 153, 387, 349, 349, 349, 349, 234, 261, 261, 25, 148, 148, 148, 148, 153, 182, 182, 182, 182, 406, 132, 42, 42, 495, 134, 132, 132, 98, 98, 98, 98, 13, 13, 78, 78, 170, 170, 170, 170, 312, 187, 187, 187, 187, 391, 391, 392, 392, 73, 73, 73, 244, 310, 310, 323, 323, 323, 323, 273, 106, 106, 153, 153, 153, 182, 182, 182, 182, 182, 182, 182, 182, 182, 182, 182, 345, 122, 122, 236, 129, 129, 82, 75, 310, 310, 323, 323, 273, 106, 106, 106, 100, 375, 98, 98, 98, 98, 17, 83, 403, 403, 403, 403, 403, 403, 403, 403, 403, 403, 403, 403, 403, 403, 403, 403, 403, 403, 403, 403, 403, 403, 403, 403, 403, 403, 403, 403, 403, 403, 403, 403, 403, 403, 403, 403, 403, 403, 403, 403, 403, 403, 403, 403, 403, 403, 403, 403, 403, 403, 403, 403, 403, 403, 403, 403, 403, 403, 403, 403, 403, 403, 403, 403, 403, 403, 403, 403, 403, 403, 403, 403, 403, 403, 403, 403, 403, 403, 403, 403, 403, 403, 403, 403, 403, 403, 403, 403, 403, 403, 403, 403, 403, 403, 403, 403, 403, 403, 403, 403, 403, 403, 403, 403, 403, 403, 403, 403, 403, 403, 403, 403, 403, 403, 403, 403, 403, 403, 403, 403, 403, 403, 403, 403, 403, 403, 403, 403, 403, 403, 403, 403, 403, 403, 403, 403, 403, 403, 403, 403, 403, 403, 403, 403]

ep368
Train step Loss: [0.03988250344991684, 0.051458537578582764, 0.314330518245697, 0.46251484751701355, 0.16248029470443726, 0.10859674960374832, 0.015828082337975502, 0.35185927152633667, 0.3422069549560547, 0.2488311529159546, 0.005522822495549917, 0.08370553702116013, 0.1476026177406311, 0.4543587565422058, 0.01812712289392948, 0.21518373489379883, 0.02612474374473095, 0.14657726883888245, 0.17551608383655548, 0.025040334090590477, 0.0892418846487999, 0.04963025450706482, 0.1379545032978058, 0.005416921339929104, 0.3731176257133484, 0.036523379385471344, 0.22079749405384064, 0.14852620661258698, 0.07579365372657776, 0.32194191217422485, 0.2883366644382477, 0.14999599754810333, 0.05729416757822037, 0.20848463475704193, 0.021927114576101303, 0.09505756944417953, 0.10834307223558426, 0.30469006299972534, 0.1310039609670639, 0.11095871031284332, 0.5987386703491211, 0.055770598351955414, 0.007883300073444843, 0.0037986559327691793, 0.14506447315216064, 0.5471552014350891, 0.2070777267217636, 0.12627720832824707, 0.004167175851762295, 0.08439736813306808, 0.006134283263236284, 0.13089944422245026, 0.07294657826423645, 0.13371038436889648, 0.09014543145895004, 0.3441349267959595, 0.014921247959136963, 0.003761543892323971, 0.2697368264198303, 0.018827786669135094, 0.13545291125774384, 0.06353803724050522, 0.16356049478054047]
val step Loss: [0.3077760338783264, 0.37419819831848145, 0.37803158164024353, 0.6876406073570251, 0.6849740743637085, 0.5419312119483948, 0.3510909974575043, 0.5031572580337524, 0.05724220722913742, 0.24107491970062256, 0.36259230971336365, 0.3540773391723633, 0.6639845371246338, 0.6942700147628784, 0.5049108862876892, 0.12858790159225464]
Train step Accs: [0.9909532811234134, 0.9887951307234749, 0.9174875089221984, 0.8851710087665143, 0.9603252488434039, 0.9730379071009077, 0.9973614775725593, 0.9145094077535042, 0.9155694312474548, 0.9320634074863461, 0.9996110967072854, 0.981392803393077, 0.9648136036625246, 0.8927714970880438, 0.9963406052076003, 0.9456600144265448, 0.9948986626223632, 0.9667925511134262, 0.9613746094859414, 0.9954591321897074, 0.9781303602058319, 0.9880108991825614, 0.9629474272930649, 0.9997141223556318, 0.9090060040026684, 0.9912475687691026, 0.9453480028701268, 0.9620184481823114, 0.9820764737121614, 0.9209141274238227, 0.9326629759349226, 0.9619631901840491, 0.9869386557088348, 0.9497755331088664, 0.995166893218547, 0.9764962753660417, 0.9731614859742229, 0.9246006389776358, 0.9701576576576577, 0.972302441585718, 0.8548621190130624, 0.9864456008713542, 0.9995417573605224, 1.0, 0.9631571064849483, 0.8593260678942753, 0.9454230436038117, 0.9673337257210124, 0.9998547567175018, 0.9792356687898089, 0.9997634255973503, 0.9679108485499462, 0.9848064632822863, 0.9672271302365346, 0.977116704805492, 0.9130434782608695, 0.9972673447700016, 1.0, 0.9382716049382716, 0.9958137100994244, 0.9699133870232487, 0.9854651162790697, 0.9614649681528662]
val step Accs: [0.9246610386288053, 0.9091389329107237, 0.9113375796178343, 0.8361266294227188, 0.8345985401459854, 0.8818622174381054, 0.9103296132883467, 0.8800166066980348, 0.9863423517169615, 0.9417249417249417, 0.9211475152845273, 0.9115671641791044, 0.8417303458101282, 0.8378378378378378, 0.8796747967479674, 0.9699460570254302]
Preds: [17, 287, 111, 111, 319, 319, 348, 216, 8, 43, 345, 276, 100, 497, 497, 497, 122, 42, 42, 495, 406, 380, 380, 499, 499, 284, 481, 426, 426, 481, 481, 16, 293, 293, 293, 348, 348, 250, 250, 250, 65, 65, 65, 426, 426, 426, 426, 206, 206, 169, 169, 77, 77, 342, 342, 342, 115, 267, 267, 448, 324, 464, 464, 464, 180, 315, 315, 319, 319, 319, 282, 330, 388, 299, 116, 250, 250, 250, 10, 479, 479, 331, 180, 486, 486, 486, 460, 169, 150, 150, 342, 342, 224, 494, 494, 422, 99, 99, 338, 338, 338, 400, 400, 400, 213, 213, 324, 246, 246, 422, 186, 99, 338, 338, 338, 338, 395, 395, 400, 400, 374, 374, 374, 374, 374, 374, 139, 302, 497, 497, 497, 122, 129, 259, 74, 74, 183, 420, 213, 213, 213, 252, 143, 143, 259, 192, 192, 420, 420, 213, 324, 324, 301, 301, 173, 465, 280, 280, 420, 213, 213, 213, 213, 246, 246, 19, 19, 19, 454, 454, 414, 414, 414, 414, 170, 312, 187, 126, 126, 292, 292, 408, 408, 408, 408, 391, 391, 391, 228, 289, 373, 66, 66, 66, 68, 172, 172, 115, 115, 267, 267, 267, 267, 213, 246, 246, 246, 246, 246, 246, 246, 246, 246, 301, 301, 8, 259, 354, 106, 106, 284, 284, 376, 206, 460, 169, 169, 150, 77, 342, 342, 172, 172, 224, 196, 485, 309, 479, 331, 84, 84, 153, 153, 497, 497, 497, 43, 43, 276, 276, 346, 346, 346, 284, 486, 376, 376, 376, 460, 460, 460, 263, 263, 263, 414, 414, 414, 414, 414, 170, 170, 244, 47, 47, 73, 244, 244, 244, 321, 321, 320, 7, 7, 479, 398, 290, 290, 290, 290, 434, 434, 378, 378, 250, 406, 406, 467, 337, 337, 476, 360, 434, 434, 422, 99, 99, 99, 338, 338, 338, 400, 400, 400, 30, 464, 464, 464, 464, 240, 240, 416, 8, 259, 100, 100, 100, 100, 497, 497, 122, 122, 239, 445, 445, 445, 464, 171, 171, 171, 171, 171, 252, 416, 183, 192, 464, 464, 443, 443, 240, 203, 8, 8, 183, 183, 420, 213, 213, 213, 246, 246, 246, 246, 246, 19, 19, 19, 454, 229, 414, 414, 414, 126, 187, 408, 408, 391, 391, 73, 244, 321, 320, 320, 7, 276, 276, 346, 346, 346, 346, 387, 293, 293, 167, 35, 35, 164, 192, 192, 351, 180, 139, 139, 139, 139, 293, 122, 122, 49, 269, 9, 168, 168, 494, 69, 223, 216, 216, 144, 114, 145, 443, 443, 240, 240, 94, 199, 199, 34, 191, 356, 253, 216, 216, 22, 22, 283, 278, 99, 99, 99, 436, 60, 60, 60, 298, 125, 413, 413, 169, 186, 99, 99, 338, 338, 338, 338, 400, 400, 400, 400, 213, 213, 324, 324, 422, 186, 99, 99, 338, 338, 338, 115, 273, 273, 273, 432, 275, 446, 116, 94, 199, 331, 331, 486, 443, 120, 85, 299, 299, 251, 219, 219, 246, 41, 41, 246, 246, 246, 19, 19, 19, 19, 454, 454, 414, 414, 414, 414, 170, 170, 244, 421, 421, 73, 73, 244, 320, 321, 320, 7, 7, 374, 374, 132, 217, 217, 473, 473, 337, 41, 41, 41, 19, 19, 19, 17, 403, 403, 403, 403, 403, 403, 403, 403, 403, 403, 403, 403, 403, 403, 403, 403, 403, 403, 403, 403, 403, 403, 403, 403, 403, 403, 403, 403, 403, 403, 403, 403, 403, 403, 403, 403, 403, 403, 403, 403, 403, 403, 403, 403, 403, 403, 403, 403, 403, 403, 403, 403, 403, 403, 403, 403, 403, 403, 403, 403, 403, 403, 403]

ep369
Train step Loss: [0.07254498451948166, 0.32832640409469604, 0.49008166790008545, 0.21295282244682312, 0.40516310930252075, 0.09126005321741104, 0.08006681501865387, 0.38611653447151184, 0.4907819628715515, 0.0388677716255188, 0.020540229976177216, 0.13074588775634766, 0.35131388902664185, 0.3989569842815399, 0.16904541850090027, 0.019743749871850014, 0.10972905158996582, 0.04185863584280014, 0.3561735153198242, 0.05789276957511902, 0.1968473494052887, 0.12591126561164856, 0.21838313341140747, 0.2428419142961502, 0.14288286864757538, 0.06412481516599655, 0.4510944187641144, 0.004140389151871204, 0.22639451920986176, 0.24486875534057617, 0.043032169342041016, 0.21551932394504547, 0.08675560355186462, 0.12333618104457855, 0.362693727016449, 0.2558470070362091, 0.09064053744077682, 0.2887437343597412, 0.3060956597328186, 0.02294927090406418, 0.17600305378437042, 0.05964497849345207, 0.12276295572519302, 0.04942028969526291, 0.101096011698246, 0.016825221478939056, 0.13266323506832123, 0.1727784126996994, 0.3124714195728302, 0.04935145378112793, 0.03755265474319458, 0.07691120356321335, 0.1918507069349289, 0.003565910505130887, 0.06587837636470795, 0.22183965146541595, 0.226068913936615, 0.12116920948028564, 0.20467820763587952, 0.14999598264694214, 0.34762632846832275, 0.027339471504092216, 0.24309203028678894]
val step Loss: [0.157711461186409, 0.2917158901691437, 0.3296286165714264, 0.1406346708536148, 0.6984516978263855, 0.42854148149490356, 0.5038692355155945, 0.5694290995597839, 0.27659088373184204, 0.020619306713342667, 0.5261592268943787, 0.11986847966909409, 0.1725310981273651, 0.36826395988464355, 0.3934141993522644, 0.29353460669517517]
Train step Accs: [0.9844609460946094, 0.9224826502553358, 0.8753601402981336, 0.9429686327480115, 0.9069373942470389, 0.977904490377762, 0.9805045871559633, 0.9046417759838546, 0.8757193751712798, 0.9913194444444444, 0.9964349376114082, 0.9688414277355178, 0.9159256265157639, 0.8986229819563153, 0.9571261530466415, 0.9960159362549801, 0.9738523250631407, 0.9908134735720943, 0.9134107708553326, 0.986159169550173, 0.9503038487508441, 0.9687707641196013, 0.9510244176255964, 0.9415065226539486, 0.9624031007751938, 0.9837793998377939, 0.8882507776980139, 0.9998517640083012, 0.9452327277549397, 0.9366267465069861, 0.9900591080064481, 0.9490463594598357, 0.9779794474843186, 0.9675636713118693, 0.9069055944055944, 0.9365340765138079, 0.9776767259198016, 0.9266030736618972, 0.9235548352242031, 0.9961806029191106, 0.9554236646041167, 0.9841222733343226, 0.9689659845507521, 0.9879432624113476, 0.975232603852706, 0.9969485060394151, 0.9693850964043773, 0.9569516459664777, 0.9277899343544858, 0.9878917378917379, 0.991818573274006, 0.9804850850292723, 0.9525965044637243, 1.0, 0.9860544217687075, 0.9479908290092917, 0.9435461388346807, 0.9702140862550419, 0.9479960251738987, 0.9638993557797496, 0.9147439504783342, 0.9940176750509857, 0.9387082601054482]
val step Accs: [0.9628851540616247, 0.9288543140028288, 0.9200401952339937, 0.9649246372728554, 0.843159344098135, 0.8936366026820931, 0.8819707634001083, 0.8534025238825333, 0.9324050632911393, 0.9964642582628747, 0.8821345069453995, 0.9720347155255545, 0.9641333333333333, 0.9136942229682473, 0.9106872540115047, 0.9246259006096434]
Preds: [17, 17, 145, 145, 486, 460, 460, 169, 169, 349, 205, 205, 234, 234, 155, 25, 25, 148, 148, 387, 348, 348, 348, 398, 398, 398, 324, 360, 434, 434, 339, 200, 248, 473, 398, 398, 360, 360, 360, 360, 360, 360, 434, 434, 434, 246, 19, 19, 19, 454, 454, 454, 414, 414, 414, 414, 249, 80, 80, 80, 80, 321, 320, 188, 188, 188, 171, 171, 434, 434, 339, 339, 250, 345, 43, 153, 43, 43, 43, 285, 285, 285, 285, 285, 84, 139, 139, 496, 496, 293, 274, 122, 8, 75, 354, 354, 420, 420, 360, 360, 360, 360, 434, 434, 19, 19, 19, 454, 454, 48, 414, 414, 414, 414, 102, 414, 82, 82, 47, 140, 184, 184, 321, 320, 7, 7, 7, 309, 473, 473, 398, 398, 360, 360, 360, 360, 434, 434, 434, 246, 246, 246, 246, 19, 19, 454, 454, 197, 197, 197, 7, 7, 7, 219, 219, 219, 219, 219, 219, 485, 286, 286, 286, 378, 468, 406, 467, 380, 499, 180, 486, 315, 315, 315, 315, 282, 282, 388, 348, 348, 250, 250, 250, 250, 138, 138, 153, 497, 497, 349, 349, 349, 349, 234, 234, 234, 261, 261, 25, 25, 148, 148, 153, 153, 182, 98, 98, 98, 98, 98, 197, 197, 197, 440, 188, 188, 356, 356, 257, 368, 368, 31, 342, 342, 342, 168, 168, 273, 444, 444, 444, 171, 324, 324, 324, 252, 422, 77, 478, 342, 172, 115, 115, 273, 273, 486, 486, 460, 460, 460, 178, 35, 35, 35, 411, 100, 100, 100, 182, 182, 182, 182, 182, 182, 182, 182, 182, 375, 375, 375, 98, 98, 98, 13, 226, 259, 321, 209, 287, 287, 426, 426, 426, 426, 98, 98, 98, 98, 13, 17, 83, 83, 403, 403, 403, 403, 403, 403, 403, 403, 403, 403, 403, 403, 403, 403, 403, 403, 403, 403, 403, 403, 403, 403, 403, 403, 403, 403, 403, 403, 403, 403, 403, 403, 403, 403, 403, 403, 403, 403, 403, 403, 403, 403, 403, 403, 403, 403, 403, 403, 403, 403, 403, 403, 403, 403, 403, 403, 403, 403, 403, 403, 403, 403, 403, 403, 403, 403, 403, 403, 403, 403, 403, 403, 403, 403, 403, 403, 403, 403, 403, 403, 403, 403, 403, 403, 403, 403, 403, 403, 403, 403, 403, 403, 403, 403, 403, 403, 403, 403, 403, 403, 403, 403, 403, 403, 403, 403, 403, 403, 403, 403, 403, 403, 403, 403, 403, 403, 403, 403, 403, 403, 403, 403, 403, 403, 403, 403, 403, 403, 403, 403, 403, 403, 403, 403, 403, 403, 403, 403, 403, 403, 403, 403, 403, 403, 403, 403, 403, 403, 403, 403, 403, 403, 403, 403, 403, 403, 403, 403, 403, 403, 403, 403, 403, 403, 403, 403, 403, 403, 403, 403, 403, 403, 403, 403, 403, 403, 403, 403, 403, 403, 403, 403, 403, 403, 403, 403, 403, 403, 403, 403, 403, 403, 403, 403, 403, 403, 403, 403, 403, 403, 403, 403, 403, 403, 403, 403, 403, 403, 403, 403, 403, 403, 403, 403, 403, 403, 403, 403, 403, 403, 403, 403, 403, 403, 403, 403, 403, 403, 403, 403, 403, 403, 403, 403, 403, 403, 403, 403, 403, 403, 403, 403, 403, 403, 403, 403, 403, 403, 403, 403, 403, 403, 403, 403, 403, 403, 403, 403, 403, 403, 403, 403, 403, 403, 403, 403, 403, 403, 403, 403, 403, 403, 403, 403, 403, 403, 403, 403, 403, 403, 403, 403, 403, 403, 403, 403, 403, 403, 403, 403, 403, 403, 403, 403, 403, 403, 403, 403, 403, 403, 403, 403, 403, 403, 403, 403, 403, 403]

ep370
Train step Loss: [0.20452596247196198, 0.171603262424469, 0.1654747724533081, 0.32615530490875244, 0.505201518535614, 0.11535326391458511, 0.1632603406906128, 0.5041512250900269, 0.004388208966702223, 0.23364432156085968, 0.07650250196456909, 0.11690611392259598, 0.22293175756931305, 0.29889458417892456, 0.13942945003509521, 0.11877606064081192, 0.0717214047908783, 0.08338351547718048, 0.19287516176700592, 0.10587069392204285, 0.37505874037742615, 0.04521181061863899, 0.2678966522216797, 0.059715088456869125, 0.1228523850440979, 0.07673807442188263, 0.5349993705749512, 0.4697135388851166, 0.18600356578826904, 0.1374572515487671, 0.004490794148296118, 0.2493245154619217, 0.06747181713581085, 0.6033084392547607, 0.10736905783414841, 0.396210640668869, 0.16520850360393524, 0.15623587369918823, 0.003929035272449255, 0.37164410948753357, 0.1203177273273468, 0.1027853861451149, 0.09646940231323242, 0.170485258102417, 0.005554258357733488, 0.13083109259605408, 0.16553767025470734, 0.4103875756263733, 0.08527448028326035, 0.06358137726783752, 0.3080388307571411, 0.08657823503017426, 0.2658097743988037, 0.25726285576820374, 0.2639932334423065, 0.17126433551311493, 0.24265609681606293, 0.2704155743122101, 0.1208462342619896, 0.07783522456884384, 0.11740699410438538, 0.007332951296120882, 0.16197676956653595]
val step Loss: [0.6420394778251648, 0.2564545273780823, 0.005734247155487537, 0.563170850276947, 0.21395352482795715, 0.38609492778778076, 0.30061718821525574, 0.27043744921684265, 0.24209001660346985, 0.5227005481719971, 0.8603911995887756, 0.33500736951828003, 0.4629839062690735, 0.2082981914281845, 0.38861650228500366, 0.2383798360824585]
Train step Accs: [0.948301329394387, 0.9556462585034013, 0.9598066298342541, 0.9204329384232851, 0.878132118451025, 0.9717153284671532, 0.9606458123107972, 0.8734930793272808, 0.9998705334023822, 0.9396763754045308, 0.9818714265792776, 0.972157133011716, 0.9478925112535806, 0.9185757298075664, 0.9640608604407135, 0.9712897526501767, 0.9825321775676386, 0.9813337587747287, 0.9497528830313015, 0.9743763557483731, 0.9058574453069866, 0.9900373599003736, 0.9378872120730739, 0.9839691083547859, 0.9690334283493133, 0.9818383474282545, 0.8680080482897384, 0.8831920333737048, 0.9550277308897999, 0.9648431801604668, 0.9997047970479704, 0.9390983000739098, 0.984800766808161, 0.8473837209302325, 0.9733638664577559, 0.9000121639703199, 0.9647855530474041, 0.9592067277519769, 1.0, 0.9077086280056577, 0.9682495858641634, 0.9748186086214256, 0.9761064349714906, 0.9593304563881261, 0.9998712004121587, 0.9695218076720967, 0.960754613054255, 0.8909694555112881, 0.9793475401210208, 0.9855728429985856, 0.9202303639259894, 0.9772232885476647, 0.9311538461538461, 0.9348580238982398, 0.9384320700506226, 0.958917025862069, 0.9423351413074508, 0.9328452766436717, 0.9711732973701955, 0.9795977011494252, 0.9757394914374675, 0.999581356405247, 0.9590923617769256]
val step Accs: [0.8618070362473348, 0.9368311533888228, 0.999234654829328, 0.8679111865365577, 0.9552631578947368, 0.9074983410749834, 0.9250604351329573, 0.9408838993889441, 0.9428208386277002, 0.8755808550185874, 0.7852900867976245, 0.918960244648318, 0.8861578266494179, 0.94834141864429, 0.9033321127792018, 0.9390143737166324]
Preds: [17, 17, 287, 287, 319, 319, 319, 319, 348, 348, 348, 348, 250, 250, 250, 331, 138, 138, 138, 138, 182, 182, 182, 182, 182, 182, 182, 497, 497, 497, 98, 14, 14, 14, 287, 287, 287, 111, 111, 111, 111, 111, 438, 299, 388, 94, 94, 398, 398, 398, 324, 324, 301, 301, 378, 43, 88, 65, 138, 138, 153, 182, 297, 182, 297, 481, 426, 426, 284, 284, 284, 426, 426, 426, 426, 413, 413, 350, 182, 242, 497, 275, 116, 43, 43, 43, 364, 276, 346, 346, 346, 265, 111, 111, 111, 85, 438, 438, 240, 175, 175, 241, 431, 431, 428, 428, 428, 146, 146, 146, 438, 186, 186, 186, 162, 54, 482, 482, 482, 142, 115, 273, 273, 470, 288, 403, 403, 290, 171, 171, 171, 434, 252, 252, 339, 314, 212, 354, 420, 420, 324, 301, 301, 301, 301, 250, 42, 147, 380, 380, 499, 426, 426, 426, 426, 319, 282, 282, 169, 169, 77, 77, 342, 342, 115, 115, 267, 267, 267, 267, 213, 324, 246, 246, 246, 246, 434, 434, 339, 339, 398, 398, 398, 324, 324, 324, 422, 422, 422, 478, 478, 342, 115, 115, 273, 273, 273, 265, 265, 265, 265, 85, 85, 282, 282, 169, 169, 77, 77, 342, 224, 224, 267, 448, 448, 464, 464, 464, 464, 180, 58, 58, 58, 486, 486, 486, 486, 85, 85, 146, 240, 58, 58, 58, 72, 110, 110, 139, 139, 293, 293, 293, 122, 77, 342, 342, 115, 273, 273, 273, 284, 486, 486, 376, 376, 460, 460, 460, 263, 263, 229, 229, 414, 312, 312, 312, 312, 292, 292, 292, 292, 292, 23, 23, 23, 1, 1, 260, 408, 391, 391, 391, 228, 66, 66, 66, 66, 68, 172, 115, 115, 273, 273, 378, 378, 153, 153, 88, 174, 174, 174, 426, 319, 319, 293, 348, 219, 219, 219, 464, 464, 464, 180, 315, 315, 319, 319, 319, 319, 348, 348, 348, 250, 495, 495, 81, 467, 337, 337, 41, 324, 324, 3, 301, 301, 301, 8, 354, 354, 106, 106, 284, 284, 405, 206, 206, 282, 388, 169, 77, 77, 77, 453, 198, 198, 198, 198, 127, 384, 371, 267, 267, 267, 213, 213, 213, 246, 246, 246, 246, 246, 246, 246, 246, 246, 19, 454, 454, 454, 414, 414, 414, 414, 249, 249, 249, 47, 187, 187, 2, 47, 244, 73, 73, 244, 321, 320, 287, 287, 287, 284, 284, 460, 460, 460, 169, 169, 150, 453, 168, 168, 494, 50, 50, 31, 31, 31, 162, 323, 323, 224, 273, 273, 106, 106, 424, 424, 424, 424, 182, 182, 497, 497, 497, 122, 122, 122, 197, 197, 197, 197, 7, 7, 7, 309, 473, 473, 473, 398, 398, 360, 360, 360, 434, 434, 434, 434, 434, 246, 246, 246, 422, 99, 99, 338, 338, 338, 338, 338, 338, 400, 400, 400, 286, 286, 286, 374, 374, 374, 203, 203, 216, 216, 81, 275, 275, 275, 275, 275, 303, 303, 48, 48, 48, 13, 414, 414, 414, 414, 170, 170, 170, 187, 187, 12, 12, 12, 12, 408, 408, 391, 228, 244, 321, 320, 287, 287, 287, 287, 284, 284, 460, 460, 460, 460, 169, 35, 77, 77, 342, 342, 168, 267, 267, 267, 267, 213, 213, 246, 246, 246, 301, 301, 301, 378, 364, 345, 109, 346, 346, 284, 284, 428, 376, 428, 428, 146, 240, 167, 169, 35, 449, 449, 449, 449, 485, 30, 301, 301, 314, 196, 196, 250, 250, 250, 196, 196, 309, 398, 398, 398, 398, 286, 286, 374, 374, 374, 374, 374, 132, 132, 132, 132, 132, 132, 285, 285, 288, 288, 288]

ep371
Train step Loss: [0.21826204657554626, 0.17646591365337372, 0.05817371606826782, 0.10364564508199692, 0.3099483847618103, 0.15322929620742798, 0.004249969497323036, 0.10784150660037994, 0.003600925672799349, 0.32392433285713196, 0.26154956221580505, 0.2827887237071991, 0.1377723664045334, 0.39142173528671265, 0.2692098021507263, 0.22627680003643036, 0.15477365255355835, 0.506240725517273, 0.3478948771953583, 0.3168307840824127, 0.0064267381094396114, 0.7375099658966064, 0.048475053161382675, 0.28942206501960754, 0.2235175222158432, 0.1768164187669754, 0.23542287945747375, 0.445425420999527, 0.10939086228609085, 0.12461860477924347, 0.037952933460474014, 0.005090849474072456, 0.08948482573032379, 0.2714255154132843, 0.20911912620067596, 0.03950444236397743, 0.26683133840560913, 0.038014817982912064, 0.06517214328050613, 0.23392212390899658, 0.057513702660799026, 0.28085532784461975, 0.0348973385989666, 0.08741392195224762, 0.3362247347831726, 0.020918365567922592, 0.269811749458313, 0.4131939113140106, 0.05777600780129433, 0.1150934100151062, 0.024763230234384537, 0.33037352561950684, 0.3415984511375427, 0.14556916058063507, 0.19604134559631348, 0.4329485595226288, 0.03537144884467125, 0.4009648561477661, 0.27238979935646057, 0.4297299087047577, 0.1712367832660675, 0.3658105731010437, 0.0035827660467475653]
val step Loss: [0.551941454410553, 0.5982721447944641, 0.19446761906147003, 0.15314146876335144, 0.18209967017173767, 0.46265003085136414, 0.8351863622665405, 0.014530729502439499, 0.1352168172597885, 0.36873194575309753, 0.520978569984436, 0.32515671849250793, 0.3307861089706421, 0.20736616849899292, 0.430601567029953, 0.7467116713523865]
Train step Accs: [0.9440929821980285, 0.9579553635709144, 0.984950282182209, 0.9744511968250031, 0.9261363636363636, 0.9625423978764194, 1.0, 0.9708749266001174, 1.0, 0.9170607493634049, 0.9311740890688259, 0.9263782274947662, 0.9636904761904762, 0.8993752492356772, 0.9334580438268306, 0.9478494623655914, 0.9598280462496294, 0.8686107470511141, 0.9144489550443542, 0.9252527838218354, 0.9997403608983513, 0.8364540667056758, 0.9890815671162492, 0.928423092897688, 0.9455258570598489, 0.9571697099892589, 0.9426180514046623, 0.8919753086419753, 0.97387101646277, 0.9682773884175581, 0.9916473914160884, 0.9996891996891997, 0.9766403808957, 0.9319487983281086, 0.9510715729882734, 0.99165347532019, 0.9329962073324906, 0.9910238064264343, 0.984271523178808, 0.9479107040641099, 0.9859284587059443, 0.9374506189096655, 0.9924512177752457, 0.9782668124658284, 0.9154063060753653, 0.9953950208663117, 0.9331659493065518, 0.8955922865013775, 0.9868856633562516, 0.9730211249681853, 0.9941705740717273, 0.9167761717038984, 0.9176376054640418, 0.9626007664860579, 0.9564160971905846, 0.8915708812260537, 0.9922480620155039, 0.90071545123635, 0.9330877839165131, 0.897128894318876, 0.9583227767925007, 0.9070978350232941, 1.0]
val step Accs: [0.8661513425549227, 0.8607073954983923, 0.9512100427073896, 0.9620019849709344, 0.9543855240010053, 0.8866243757592118, 0.8162361623616237, 0.9973147153598282, 0.970446735395189, 0.9126026074360213, 0.87422850089151, 0.9173455978975033, 0.9215580200162293, 0.9510996119016818, 0.897089947089947, 0.8249789385004213]
Preds: [17, 7, 217, 217, 473, 473, 473, 476, 213, 360, 360, 252, 143, 36, 36, 75, 107, 107, 395, 395, 213, 171, 171, 171, 246, 3, 3, 3, 143, 197, 259, 354, 29, 109, 109, 288, 104, 313, 285, 337, 337, 337, 171, 360, 360, 434, 434, 200, 199, 398, 340, 340, 116, 116, 33, 466, 250, 250, 250, 250, 250, 250, 250, 43, 76, 129, 259, 441, 100, 100, 100, 497, 497, 497, 497, 43, 43, 208, 208, 106, 346, 346, 346, 306, 306, 372, 372, 396, 396, 396, 396, 396, 406, 406, 467, 303, 275, 275, 303, 303, 303, 303, 303, 48, 48, 48, 48, 417, 414, 414, 414, 170, 47, 170, 2, 244, 392, 392, 392, 244, 392, 392, 321, 321, 66, 66, 66, 66, 172, 172, 115, 115, 267, 267, 286, 286, 374, 468, 468, 139, 139, 274, 274, 399, 399, 10, 398, 398, 398, 324, 324, 324, 324, 3, 3, 3, 3, 440, 440, 145, 111, 111, 358, 240, 216, 280, 65, 111, 111, 111, 438, 253, 368, 281, 453, 9, 168, 273, 443, 443, 443, 460, 240, 240, 35, 26, 183, 183, 183, 41, 213, 213, 213, 246, 246, 246, 246, 246, 246, 246, 3, 197, 197, 259, 259, 354, 287, 287, 284, 284, 284, 376, 376, 376, 460, 460, 263, 263, 263, 13, 78, 78, 170, 170, 421, 421, 15, 15, 187, 341, 435, 157, 157, 73, 244, 73, 73, 321, 321, 320, 219, 219, 213, 213, 324, 301, 301, 143, 259, 259, 354, 437, 437, 284, 319, 319, 282, 17, 188, 403, 403, 403, 403, 403, 403, 403, 403, 403, 403, 403, 403, 403, 403, 403, 403, 403, 403, 403, 403, 403, 403, 403, 403, 403, 403, 403, 403, 403, 403, 403, 403, 403, 403, 403, 403, 403, 403, 403, 403, 403, 403, 403, 403, 403, 403, 403, 403, 403, 403, 403, 403, 403, 403, 403, 403, 403, 403, 403, 403, 403, 403, 403, 403, 403, 403, 403, 403, 403, 403, 403, 403, 403, 403, 403, 403, 403, 403, 403, 403, 403, 403, 403, 403, 403, 403, 403, 403, 403, 403, 403, 403, 403, 403, 403, 403, 403, 403, 403, 403, 403, 403, 403, 403, 403, 403, 403, 403, 403, 403, 403, 403, 403, 403, 403, 403, 403, 403, 403, 403, 403, 403, 403, 403, 403, 403, 403, 403, 403, 403, 403, 403, 403, 403, 403, 403, 403, 403, 403, 403, 403, 403, 403, 403, 403, 403, 403, 403, 403, 403, 403, 403, 403, 403, 403, 403, 403, 403, 403, 403, 403, 403, 403, 403, 403, 403, 403, 403, 403, 403, 403, 403, 403, 403, 403, 403, 403, 403, 403, 403, 403, 403, 403, 403, 403, 403, 403, 403, 403, 403, 403, 403, 403, 403, 403, 403, 403, 403, 403, 403, 403, 403, 403, 403, 403, 403, 403, 403, 403, 403, 403, 403, 403, 403, 403, 403, 403, 403, 403, 403, 403, 403, 403, 403, 403, 403, 403, 403, 403, 403, 403, 403, 403, 403, 403, 403, 403, 403, 403, 403, 403, 403, 403, 403, 403, 403, 403, 403, 403, 403, 403, 403, 403, 403, 403, 403, 403, 403, 403, 403, 403, 403, 403, 403, 403, 403, 403, 403, 403, 403, 403, 403, 403, 403, 403, 403, 403, 403, 403, 403, 403, 403, 403, 403, 403, 403, 403, 403, 403, 403, 403, 403, 403, 403, 403, 403, 403, 403, 403, 403, 403, 403, 403, 403, 403, 403, 403, 403, 403, 403, 403, 403, 403, 403, 403, 403, 403, 403, 403, 403, 403, 403, 403, 403, 403, 403, 403, 403, 403, 403, 403, 403, 403, 403, 403, 403, 403, 403, 403, 403, 403]

ep372
Train step Loss: [0.13767829537391663, 0.12790662050247192, 0.2061864137649536, 0.296531617641449, 0.16139231622219086, 0.07034911960363388, 0.2625965178012848, 0.03919658437371254, 0.1854153573513031, 0.19196461141109467, 0.1556238830089569, 0.013104390352964401, 0.11504340171813965, 0.5166230201721191, 0.0826956257224083, 0.0841621458530426, 0.03676595538854599, 0.09805254638195038, 0.7210096716880798, 0.039196327328681946, 0.15775109827518463, 0.0872131735086441, 0.023876145482063293, 0.1454547643661499, 0.004527274519205093, 0.3061523735523224, 0.13224835693836212, 0.1550012081861496, 0.158931702375412, 0.2301570177078247, 0.2237558662891388, 0.19816574454307556, 0.6098220944404602, 0.0272699985653162, 0.2988564670085907, 0.05436950922012329, 0.7668533325195312, 0.19404606521129608, 0.24231870472431183, 0.23273663222789764, 0.004407863132655621, 0.07898996770381927, 0.21014785766601562, 0.3936223089694977, 0.3091262876987457, 0.36816343665122986, 0.005117612425237894, 0.34361934661865234, 0.4786966145038605, 0.46147483587265015, 0.017867332324385643, 0.27143576741218567, 0.05676725134253502, 0.20905567705631256, 0.2990204393863678, 0.30224886536598206, 0.3578576445579529, 0.5879053473472595, 0.2918470501899719, 0.06606146693229675, 0.6463103294372559, 0.39205697178840637, 0.011211886070668697]
val step Loss: [0.8879693150520325, 0.3519224524497986, 0.5549262762069702, 0.3952006995677948, 0.7202691435813904, 0.35130012035369873, 0.5054177045822144, 0.2723222076892853, 0.2604524791240692, 0.5218380093574524, 0.7204234600067139, 0.6354643702507019, 0.6732467412948608, 0.6300755143165588, 0.1075085699558258, 0.8729238510131836]
Train step Accs: [0.9667725708234048, 0.9669451507446422, 0.9485644305347667, 0.9310528417409824, 0.9580853816300129, 0.9843203135937282, 0.9323144104803494, 0.9909709681900264, 0.9510101677010432, 0.9535611465765428, 0.9595892679695264, 0.9974588738798984, 0.9738621000450653, 0.8721422523285352, 0.9789669861554846, 0.9794641642866857, 0.9918362373583526, 0.9761336515513126, 0.8186012627489072, 0.9912488875704538, 0.9609623241034952, 0.9805464805464805, 0.9955849889624724, 0.9632815509051226, 0.9997519225998511, 0.925031946613659, 0.9677934136080081, 0.9628706012745913, 0.9606396063960639, 0.9414736842105264, 0.9451578063122524, 0.9493706689294301, 0.8498910396103063, 0.9932826362484157, 0.9236069140577783, 0.9866890514450174, 0.822286389289933, 0.9507908611599297, 0.9377171879176691, 0.9442384287872545, 1.0, 0.9830024476475387, 0.9482423141782332, 0.9003094309161845, 0.9260667511618081, 0.902835538752363, 0.9998738329548322, 0.9165662247221106, 0.8827977315689981, 0.8920052045684546, 0.9962236746550472, 0.9391012179756405, 0.9876561351947097, 0.949628629304524, 0.9263898662913441, 0.922149673530889, 0.912392803093997, 0.8520863776587109, 0.9264030612244898, 0.9848463589167953, 0.8418124006359301, 0.8973034997131383, 0.9982174688057041]
val step Accs: [0.7801612242109578, 0.9139199128302915, 0.8631269263098907, 0.9073862009733753, 0.8329061198333867, 0.9150133671028563, 0.8721621621621621, 0.9341186138885085, 0.9406337745687926, 0.877888214792823, 0.8295732145423192, 0.856602391994142, 0.8347720528729431, 0.8462981490745373, 0.9790468889740641, 0.7991409286152588]
Preds: [17, 17, 287, 287, 284, 284, 111, 85, 85, 330, 388, 67, 67, 212, 34, 242, 359, 250, 250, 217, 217, 217, 473, 473, 398, 290, 171, 171, 246, 246, 246, 246, 246, 318, 471, 471, 49, 49, 269, 323, 9, 395, 219, 219, 213, 246, 246, 246, 246, 19, 19, 19, 454, 229, 229, 417, 170, 392, 392, 392, 392, 392, 392, 392, 392, 392, 244, 435, 289, 201, 289, 66, 66, 323, 323, 397, 106, 302, 274, 274, 122, 129, 129, 321, 75, 144, 445, 445, 351, 351, 403, 403, 290, 290, 290, 171, 434, 434, 434, 434, 434, 434, 246, 246, 19, 19, 143, 129, 401, 401, 82, 75, 445, 445, 445, 180, 171, 171, 171, 416, 143, 458, 445, 445, 464, 464, 171, 171, 171, 301, 143, 129, 259, 75, 74, 351, 213, 213, 213, 213, 213, 246, 246, 246, 246, 246, 19, 48, 48, 197, 197, 197, 7, 7, 7, 188, 143, 31, 232, 232, 68, 68, 68, 68, 68, 115, 267, 267, 213, 286, 286, 286, 374, 374, 132, 42, 42, 147, 147, 147, 147, 147, 337, 324, 213, 213, 324, 246, 246, 143, 99, 99, 49, 323, 323, 219, 219, 219, 324, 464, 464, 464, 464, 486, 315, 315, 450, 450, 450, 450, 450, 450, 413, 303, 43, 276, 276, 276, 153, 182, 182, 182, 182, 182, 98, 98, 98, 98, 98, 233, 170, 170, 170, 392, 392, 392, 63, 63, 63, 63, 63, 63, 63, 63, 63, 63, 63, 63, 63, 63, 392, 73, 289, 320, 7, 7, 287, 287, 264, 264, 467, 499, 376, 460, 460, 460, 460, 169, 150, 150, 342, 224, 494, 494, 494, 129, 129, 36, 342, 68, 68, 115, 273, 106, 319, 319, 319, 388, 94, 64, 64, 64, 64, 64, 398, 398, 398, 324, 324, 464, 464, 464, 139, 319, 319, 282, 388, 203, 53, 53, 70, 65, 65, 46, 46, 46, 438, 438, 251, 81, 81, 324, 324, 324, 301, 251, 33, 10, 331, 398, 398, 464, 464, 464, 464, 486, 376, 376, 460, 460, 263, 263, 170, 170, 170, 170, 170, 392, 392, 392, 392, 63, 63, 63, 63, 63, 63, 63, 63, 63, 63, 63, 63, 63, 63, 63, 63, 63, 73, 392, 73, 289, 320, 320, 7, 309, 398, 398, 331, 290, 171, 171, 171, 252, 434, 434, 434, 3, 3, 14, 14, 411, 287, 284, 284, 111, 450, 450, 43, 276, 276, 182, 182, 43, 109, 109, 109, 207, 207, 324, 324, 324, 301, 8, 32, 354, 354, 75, 354, 371, 324, 213, 213, 246, 246, 19, 19, 454, 401, 401, 401, 401, 80, 80, 80, 7, 320, 420, 499, 499, 499, 499, 288, 403, 403, 120, 120, 240, 282, 282, 37, 37, 37, 243, 243, 233, 310, 107, 107, 395, 395, 338, 338, 447, 447, 439, 17, 264, 120, 403, 403, 403, 403, 403, 403, 403, 403, 403, 403, 403, 403, 403, 403, 403, 403, 403, 403, 403, 403, 403, 403, 403, 403, 403, 403, 403, 403, 403, 403, 403, 403, 403, 403, 403, 403, 403, 403, 403, 403, 403, 403, 403, 403, 403, 403, 403, 403, 403, 403, 403, 403, 403, 403, 403, 403, 403, 403, 403, 403, 403, 403, 403, 403, 403, 403, 403, 403, 403, 403, 403, 403, 403, 403, 403, 403, 403, 403, 403, 403, 403, 403, 403, 403, 403, 403, 403, 403, 403, 403, 403, 403, 403, 403, 403, 403, 403, 403, 403, 403, 403, 403, 403, 403, 403, 403, 403, 403, 403, 403, 403, 403, 403, 403, 403, 403, 403, 403, 403, 403, 403, 403, 403, 403, 403, 403, 403, 403, 403, 403, 403]

ep373
Train step Loss: [0.3394396901130676, 0.2681034505367279, 0.17994479835033417, 0.13806815445423126, 0.4018751084804535, 0.02485220693051815, 0.32894232869148254, 0.07178371399641037, 0.28886303305625916, 0.25350701808929443, 0.15531395375728607, 0.2555943429470062, 0.2633279860019684, 0.2229384332895279, 0.4648338854312897, 0.07905972748994827, 0.13199114799499512, 0.03805474936962128, 0.10782186686992645, 0.07762734591960907, 0.27123358845710754, 0.15256692469120026, 0.1899528056383133, 0.1534714549779892, 0.08398804068565369, 0.2072233408689499, 0.1771966964006424, 0.024580784142017365, 0.21512311697006226, 0.30213677883148193, 0.5192614197731018, 0.5163813829421997, 0.2911921739578247, 0.11001798510551453, 0.2724306285381317, 0.2099994719028473, 0.047006770968437195, 0.1731993854045868, 0.06606368720531464, 0.32165008783340454, 0.4798218309879303, 0.24339690804481506, 0.13659244775772095, 0.25125911831855774, 0.30282047390937805, 0.017343221232295036, 0.130527064204216, 0.42788994312286377, 0.2576307952404022, 0.24948452413082123, 0.43088096380233765, 0.04657578468322754, 0.20223069190979004, 0.09284225106239319, 0.33040159940719604, 0.35834941267967224, 0.004355525132268667, 0.011241494677960873, 0.16636686027050018, 0.07820416986942291, 0.22160443663597107, 0.2823169529438019, 0.39905720949172974]
val step Loss: [0.4352065622806549, 0.5734254717826843, 0.780514121055603, 0.35315510630607605, 0.5383567810058594, 0.4867038130760193, 0.7492756247520447, 0.46379584074020386, 0.7265476584434509, 0.16117742657661438, 0.43351879715919495, 0.3516639769077301, 0.6368321180343628, 0.5638915300369263, 0.41331997513771057, 0.6410490870475769]
Train step Accs: [0.9150542708824917, 0.9329094212302103, 0.9541505146370806, 0.9635258358662614, 0.9024390243902439, 0.9946257197696737, 0.9223606736957415, 0.9836311553676169, 0.9264332109573566, 0.9300279329608938, 0.96099347237701, 0.9374613003095975, 0.9330325673198928, 0.9490493166963755, 0.8803336980306345, 0.9808766052484645, 0.9682337992376112, 0.991869918699187, 0.9730010384215991, 0.9818074249371395, 0.936241180243746, 0.9658466370060194, 0.953042715038034, 0.9629095674967234, 0.9798047345191921, 0.9497142857142857, 0.9554048203203925, 0.9943461873006668, 0.9468211135974727, 0.9275991024682124, 0.8699447192318883, 0.8743329097839898, 0.9320404442234378, 0.9740210366240021, 0.932807437667277, 0.946007316765485, 0.9888275169470249, 0.9565606234828159, 0.9853025936599423, 0.9209717955878246, 0.8929362880886427, 0.9404871626069783, 0.9661239495798319, 0.9358155043067519, 0.930635068566103, 0.9967885375494071, 0.9662625197680548, 0.8900516624718505, 0.9332243460764588, 0.9388818476270948, 0.8914963744232037, 0.9893860002687088, 0.9484598963098506, 0.9789133247089262, 0.9140736883218331, 0.9120022277917015, 1.0, 0.9983381803074366, 0.9593722313631186, 0.9810964083175804, 0.9469799483331283, 0.9281122917486554, 0.8981225842076201]
val step Accs: [0.89118039548708, 0.8630592875631702, 0.8122377149045621, 0.9088888888888889, 0.8701563562202583, 0.8874098724348308, 0.8183400267737617, 0.8851721714687281, 0.8313903895365368, 0.9663750683433571, 0.8990677439403356, 0.9097373385575388, 0.8507441729851165, 0.8686713286713287, 0.9041133963312952, 0.8474727232242262]
Preds: [17, 309, 479, 479, 331, 278, 443, 443, 271, 169, 150, 478, 54, 54, 224, 224, 273, 273, 273, 494, 494, 498, 264, 468, 468, 468, 468, 468, 467, 337, 337, 337, 337, 328, 434, 339, 33, 10, 309, 479, 331, 331, 331, 84, 84, 84, 426, 426, 426, 16, 375, 375, 375, 375, 98, 98, 98, 263, 13, 13, 13, 414, 102, 102, 442, 187, 187, 187, 187, 187, 187, 341, 341, 341, 341, 341, 341, 341, 341, 341, 163, 163, 163, 163, 244, 63, 366, 63, 163, 63, 63, 63, 63, 73, 244, 73, 7, 7, 7, 7, 7, 7, 7, 7, 354, 420, 420, 213, 213, 213, 213, 213, 213, 213, 246, 246, 246, 246, 246, 246, 246, 246, 246, 3, 3, 3, 188, 188, 188, 177, 177, 301, 143, 143, 8, 259, 354, 354, 109, 109, 278, 278, 171, 171, 171, 171, 171, 171, 246, 246, 246, 246, 246, 246, 246, 246, 422, 186, 338, 338, 338, 338, 338, 338, 400, 400, 400, 400, 267, 324, 324, 464, 464, 434, 434, 339, 143, 77, 77, 478, 108, 54, 172, 395, 395, 400, 286, 286, 464, 464, 464, 264, 264, 443, 315, 315, 315, 282, 282, 282, 282, 282, 203, 203, 203, 43, 43, 43, 43, 43, 276, 182, 182, 182, 182, 182, 182, 182, 182, 182, 182, 497, 497, 81, 89, 89, 275, 275, 59, 59, 59, 406, 406, 406, 406, 495, 134, 134, 302, 302, 375, 375, 375, 375, 122, 130, 130, 130, 196, 196, 309, 479, 398, 398, 464, 464, 464, 84, 84, 88, 88, 43, 43, 43, 43, 43, 276, 153, 174, 174, 387, 426, 319, 413, 348, 348, 348, 64, 219, 398, 398, 464, 464, 464, 365, 120, 120, 282, 282, 282, 282, 263, 263, 263, 263, 414, 414, 414, 414, 187, 187, 187, 187, 187, 187, 2, 2, 392, 392, 392, 392, 392, 392, 73, 244, 73, 73, 75, 75, 310, 323, 323, 323, 377, 397, 106, 106, 106, 153, 153, 153, 424, 182, 182, 182, 182, 182, 182, 182, 182, 182, 182, 182, 497, 497, 497, 122, 122, 122, 36, 310, 310, 323, 323, 115, 273, 106, 106, 106, 481, 387, 387, 293, 293, 293, 175, 81, 35, 207, 188, 324, 324, 324, 301, 143, 143, 35, 259, 354, 354, 345, 109, 109, 109, 355, 355, 355, 355, 376, 376, 376, 376, 376, 376, 376, 376, 376, 486, 460, 460, 460, 460, 169, 35, 259, 75, 354, 114, 180, 486, 486, 486, 460, 460, 169, 150, 150, 449, 449, 449, 119, 351, 486, 486, 486, 460, 240, 240, 368, 449, 449, 449, 371, 324, 324, 324, 464, 464, 464, 378, 88, 88, 375, 375, 98, 98, 263, 417, 129, 259, 208, 441, 441, 441, 100, 100, 100, 182, 182, 375, 98, 98, 98, 48, 13, 13, 414, 170, 170, 170, 170, 170, 28, 28, 28, 63, 63, 63, 63, 392, 63, 63, 63, 2, 2, 2, 2, 2, 63, 63, 63, 63, 63, 63, 63, 63, 63, 63, 316, 316, 73, 73, 73, 73, 244, 321, 321, 287, 287, 287, 287, 287, 284, 284, 284, 284, 284, 450, 450, 450, 450, 450, 88, 88, 43, 276, 174, 174, 174, 387, 387, 387, 250, 250, 248, 248, 394, 32, 239, 354, 219, 398, 398, 464, 171, 171, 171, 171, 171, 171, 246, 252, 143, 310, 310, 99, 107, 107, 447, 400, 400, 400, 30, 477, 477, 374, 374, 374, 132, 132, 274, 186, 186, 186, 162, 482, 482, 482, 482, 482, 482, 482, 115, 273, 273, 106, 106, 424, 424, 293, 497, 497, 122, 122, 75, 310, 310, 445, 107, 107]

ep374
Train step Loss: [0.5818907022476196, 0.49134209752082825, 0.008120869286358356, 0.19193583726882935, 0.24759912490844727, 0.46526190638542175, 0.2600281536579132, 0.5289014577865601, 0.5598491430282593, 0.3700440227985382, 0.044073715806007385, 0.4057146906852722, 0.508463442325592, 0.18994446098804474, 0.07728677242994308, 0.40187081694602966, 0.058366965502500534, 0.11190714687108994, 0.016906404867768288, 0.38210830092430115, 0.004037284757941961, 0.35704901814460754, 0.37253835797309875, 0.37124699354171753, 0.4013196527957916, 0.40191999077796936, 0.18301095068454742, 0.24906465411186218, 0.5428880453109741, 0.37923464179039, 0.3177562952041626, 0.2471928596496582, 0.10704883188009262, 0.4568302631378174, 0.18127581477165222, 0.24093985557556152, 0.30718863010406494, 0.23768417537212372, 0.4468178451061249, 0.44986492395401, 0.17612655460834503, 0.35684216022491455, 0.13927917182445526, 0.3780364990234375, 0.28690657019615173, 0.4714502990245819, 0.3317287862300873, 0.3829343616962433, 0.22096261382102966, 0.34762313961982727, 0.1383514553308487, 0.11466772109270096, 0.06844248622655869, 0.5128076076507568, 0.16556008160114288, 0.3022793233394623, 0.05827944353222847, 0.004562915302813053, 0.13503459095954895, 0.06545137614011765, 0.24983707070350647, 0.38045355677604675, 0.45921942591667175]
val step Loss: [0.478196382522583, 0.5567966103553772, 0.6176083087921143, 0.5089284181594849, 1.047215223312378, 0.3397844433784485, 0.24273553490638733, 0.48784953355789185, 0.5752193927764893, 0.7033672332763672, 0.4237259030342102, 0.4947381019592285, 0.1786128133535385, 0.16159208118915558, 0.5669666528701782, 0.9597418308258057]
Train step Accs: [0.8572732012513035, 0.870142892955628, 0.9993710691823899, 0.9538576035723145, 0.9360704645546243, 0.8870140388768899, 0.9332220367278798, 0.8658657243816255, 0.8594377510040161, 0.9060511709760389, 0.9903128473876449, 0.8948749827324216, 0.8728993080073436, 0.9511098623208767, 0.9810647639956093, 0.9009164563687077, 0.9863123993558777, 0.9710624224886316, 0.995871387464031, 0.9043149341552256, 1.0, 0.9144385026737968, 0.9069864153035764, 0.9025855314703578, 0.9028126870137642, 0.8994326241134751, 0.9518257134090212, 0.9445122778456112, 0.8672271343672996, 0.9056603773584906, 0.9195628146874616, 0.9410326086956522, 0.9747307968413496, 0.8904469763365469, 0.9550309903732033, 0.9415481832543444, 0.9281072298943948, 0.9398998330550918, 0.8914690177573575, 0.8928760593220338, 0.9529842772095863, 0.9067831876820641, 0.9658785942492013, 0.9246309246309247, 0.9328793774319066, 0.8845285149632975, 0.9189032351661105, 0.9011221945137157, 0.942820999367489, 0.9092990713649662, 0.965860400829302, 0.971058434399118, 0.9846774193548387, 0.8794865403788634, 0.9592138915062592, 0.9239643418982695, 0.9864455849453876, 1.0, 0.9654978172088439, 0.9852734024843129, 0.9390323849482103, 0.9079312257348863, 0.8850190839694656]
val step Accs: [0.8803009575923393, 0.8660415271265908, 0.8517497933314963, 0.872789860741668, 0.7395077720207254, 0.9203209295891548, 0.9468782791185729, 0.8891391984823334, 0.8697163515016685, 0.8392291810048176, 0.896448087431694, 0.8781023784901758, 0.9574380730806077, 0.958234456573327, 0.8624587249174498, 0.7709440130772375]
Preds: [17, 287, 100, 387, 387, 98, 98, 35, 129, 129, 129, 401, 401, 414, 82, 27, 27, 437, 426, 426, 426, 426, 426, 426, 426, 167, 263, 263, 414, 170, 170, 47, 47, 47, 47, 225, 225, 225, 7, 7, 7, 473, 109, 286, 286, 468, 468, 264, 264, 468, 406, 406, 467, 467, 337, 337, 337, 324, 171, 171, 171, 246, 3, 3, 3, 14, 14, 14, 197, 197, 197, 217, 217, 398, 398, 464, 360, 434, 116, 33, 250, 465, 398, 331, 331, 132, 132, 132, 153, 182, 182, 182, 182, 98, 98, 43, 32, 197, 440, 100, 375, 375, 497, 122, 43, 32, 259, 354, 208, 437, 437, 106, 481, 284, 426, 426, 426, 206, 167, 285, 285, 382, 382, 406, 467, 467, 467, 467, 134, 134, 375, 98, 98, 98, 98, 98, 48, 13, 13, 13, 170, 170, 170, 237, 237, 170, 47, 47, 47, 47, 80, 80, 80, 80, 320, 320, 7, 7, 309, 398, 331, 324, 324, 143, 129, 129, 458, 465, 27, 27, 351, 443, 486, 315, 203, 203, 282, 388, 64, 466, 64, 212, 76, 465, 354, 213, 464, 324, 464, 464, 464, 486, 355, 376, 460, 460, 263, 263, 170, 170, 170, 170, 170, 312, 312, 126, 292, 292, 292, 292, 292, 23, 23, 23, 23, 23, 260, 149, 391, 391, 73, 73, 73, 73, 73, 73, 320, 287, 287, 284, 111, 111, 169, 169, 35, 35, 35, 77, 172, 172, 68, 172, 172, 115, 267, 267, 267, 213, 324, 246, 246, 246, 19, 454, 197, 197, 197, 197, 197, 7, 7, 217, 473, 443, 443, 240, 240, 330, 330, 143, 76, 76, 310, 354, 107, 107, 395, 395, 106, 387, 88, 88, 88, 206, 206, 206, 206, 206, 169, 169, 167, 240, 35, 35, 449, 342, 342, 224, 172, 273, 267, 267, 267, 213, 213, 324, 246, 3, 8, 197, 197, 197, 197, 197, 414, 82, 188, 287, 100, 100, 182, 182, 182, 182, 182, 182, 182, 182, 182, 387, 122, 167, 167, 35, 236, 32, 239, 401, 401, 354, 445, 371, 371, 287, 171, 171, 171, 171, 143, 314, 32, 32, 239, 354, 473, 264, 264, 264, 290, 264, 264, 264, 264, 264, 468, 468, 199, 199, 41, 41, 41, 19, 19, 454, 454, 414, 414, 414, 414, 414, 170, 47, 47, 187, 126, 187, 292, 408, 408, 408, 408, 408, 73, 73, 73, 73, 320, 287, 83, 460, 284, 284, 460, 240, 35, 35, 35, 36, 77, 342, 342, 224, 224, 494, 267, 213, 324, 324, 324, 301, 3, 14, 14, 411, 411, 411, 411, 411, 153, 424, 424, 424, 43, 43, 276, 32, 32, 144, 208, 441, 100, 100, 375, 497, 122, 98, 98, 98, 48, 13, 414, 170, 170, 170, 170, 2, 80, 80, 287, 287, 100, 481, 293, 98, 98, 35, 129, 129, 401, 401, 208, 208, 441, 153, 153, 346, 284, 405, 169, 169, 263, 35, 17, 414, 171, 278, 278, 278, 278, 278, 278, 278, 278, 278, 278, 403, 403, 403, 403, 403, 403, 403, 403, 403, 403, 403, 403, 403, 403, 403, 403, 403, 403, 403, 403, 403, 403, 403, 403, 403, 403, 403, 403, 403, 403, 403, 403, 403, 403, 403, 403, 403, 403, 403, 403, 403, 403, 403, 403, 403, 403, 403, 403, 403, 403, 403, 403, 403, 403, 403, 403, 403, 403, 403, 403, 403, 403, 403, 403, 403, 403, 403, 403, 403, 403, 403, 403, 403, 403, 403, 403, 403, 403, 403, 403, 403, 403, 403, 403, 403, 403, 403, 403, 403, 403, 403, 403, 403, 403, 403, 403, 403, 403, 403, 403, 403, 403, 403, 403, 403]

ep375
Train step Loss: [0.14702251553535461, 0.158431276679039, 0.2438134104013443, 0.592648983001709, 0.1235899105668068, 0.1753869652748108, 0.15901076793670654, 0.21779778599739075, 0.19331054389476776, 0.08171745389699936, 0.1188981682062149, 0.2703683078289032, 0.20440877974033356, 0.21555252373218536, 0.10917339473962784, 0.12408775836229324, 0.2182760387659073, 0.15213990211486816, 0.1596323400735855, 0.1674782782793045, 0.05697477608919144, 0.4043460786342621, 0.16127073764801025, 0.30472812056541443, 0.15909279882907867, 0.39771631360054016, 0.40702179074287415, 0.2837235927581787, 0.2986961305141449, 0.5132168531417847, 0.3319307565689087, 0.11713255941867828, 0.2161264717578888, 0.2392314374446869, 0.16968785226345062, 0.45116713643074036, 0.16370278596878052, 0.3533768355846405, 0.008032076060771942, 0.38420459628105164, 0.18074491620063782, 0.05918231979012489, 0.20867392420768738, 0.17611445486545563, 0.0735599622130394, 0.23502705991268158, 0.2771816551685333, 0.3133031129837036, 0.05969848856329918, 0.34233102202415466, 0.006992913316935301, 0.2801538407802582, 0.31491076946258545, 0.3745022416114807, 0.022588543593883514, 0.29388320446014404, 0.3517811894416809, 0.26006779074668884, 0.08171915262937546, 0.3444286584854126, 0.4766010642051697, 0.21983273327350616, 0.0453222393989563]
val step Loss: [0.737669825553894, 0.040373921394348145, 0.25847968459129333, 0.4903011620044708, 0.3998641073703766, 0.9653078317642212, 0.8305824398994446, 0.7590799331665039, 0.6302465200424194, 0.6482164859771729, 0.5861652493476868, 0.48772281408309937, 0.34619414806365967, 0.26333531737327576, 0.4066055715084076, 0.6098195910453796]
Train step Accs: [0.9662560257096947, 0.959604766056379, 0.9365079365079365, 0.8457587116479245, 0.9721038889652329, 0.9563569682151589, 0.9632454056757095, 0.9456673877083599, 0.947633824670287, 0.9792835563228313, 0.9742196209587514, 0.9344346267127673, 0.9502051209506295, 0.94712376525276, 0.9747643219724438, 0.9720644666155027, 0.9437551695616212, 0.9634088762983947, 0.960352422907489, 0.9580335731414868, 0.9870047139763027, 0.896112878683082, 0.9644326155335108, 0.9189273953269562, 0.9604558561032541, 0.9011180484971686, 0.896782027929569, 0.9260744985673353, 0.9213827711179259, 0.872385196187647, 0.9177703558677877, 0.9690415606446141, 0.9448566610455312, 0.9395342503064142, 0.9594213126323218, 0.8867868315209295, 0.9611561400825814, 0.9141382546137004, 0.999605367008682, 0.9038823972860912, 0.9540544058310556, 0.9855561555075594, 0.9511527377521614, 0.9560167058209345, 0.9819702870330305, 0.9413196980764549, 0.9298065838350199, 0.9265708895661007, 0.9863704511380673, 0.919157202630006, 0.9997035719579073, 0.9263668430335097, 0.9209256280163346, 0.9092247301275761, 0.9952351097178683, 0.9249142072752231, 0.9113131064979733, 0.9371465295629821, 0.9806949806949807, 0.9120613150463897, 0.8816386247256767, 0.9460957954720468, 0.9911242603550295]
val step Accs: [0.8202191235059761, 0.9905660377358491, 0.9366059328414396, 0.8909898477157361, 0.90715667311412, 0.7629650912225255, 0.8032786885245902, 0.8227769498261301, 0.8494915254237289, 0.8418406805877804, 0.857566765578635, 0.8877674606378684, 0.9152089731606357, 0.93424317617866, 0.9019882385886306, 0.8559983977568596]
Preds: [17, 17, 486, 486, 460, 460, 169, 178, 35, 35, 259, 208, 208, 441, 100, 153, 153, 497, 122, 129, 129, 129, 458, 208, 208, 437, 346, 346, 405, 405, 206, 98, 263, 263, 263, 439, 417, 414, 249, 249, 249, 249, 249, 249, 305, 237, 237, 237, 237, 170, 28, 249, 82, 305, 249, 82, 28, 40, 289, 40, 435, 435, 435, 211, 211, 211, 211, 211, 21, 21, 260, 260, 260, 391, 391, 228, 289, 82, 320, 287, 287, 287, 111, 111, 460, 169, 169, 99, 338, 338, 338, 338, 338, 338, 400, 400, 400, 444, 213, 213, 213, 246, 246, 246, 246, 246, 246, 422, 99, 99, 338, 338, 338, 338, 338, 400, 400, 400, 485, 286, 286, 286, 374, 374, 374, 132, 132, 134, 132, 132, 132, 132, 132, 132, 132, 132, 132, 132, 132, 132, 132, 132, 197, 197, 197, 197, 197, 197, 197, 414, 414, 414, 82, 354, 420, 213, 213, 213, 213, 246, 246, 434, 434, 374, 132, 132, 43, 43, 43, 250, 364, 276, 346, 174, 480, 480, 480, 480, 282, 282, 282, 282, 388, 303, 303, 217, 473, 473, 398, 324, 464, 301, 457, 129, 401, 401, 197, 7, 32, 354, 276, 109, 428, 428, 428, 146, 146, 207, 207, 207, 3, 3, 3, 454, 197, 197, 197, 197, 197, 7, 7, 79, 147, 456, 456, 236, 236, 374, 374, 42, 147, 147, 147, 132, 132, 132, 132, 132, 132, 132, 217, 70, 398, 331, 331, 134, 153, 98, 457, 457, 197, 7, 217, 473, 65, 324, 213, 324, 324, 324, 246, 19, 454, 454, 414, 414, 414, 414, 170, 82, 312, 126, 126, 408, 408, 292, 292, 23, 23, 23, 23, 23, 23, 260, 391, 391, 391, 228, 392, 392, 392, 83, 460, 460, 319, 348, 348, 53, 348, 250, 250, 250, 276, 174, 109, 403, 403, 171, 324, 324, 324, 464, 301, 251, 251, 241, 241, 431, 431, 431, 486, 319, 319, 330, 388, 64, 466, 466, 250, 199, 199, 81, 290, 290, 290, 171, 324, 324, 3, 301, 8, 8, 259, 354, 354, 354, 106, 284, 284, 206, 206, 240, 35, 35, 77, 342, 342, 323, 397, 397, 485, 374, 374, 374, 374, 153, 182, 182, 182, 43, 43, 364, 276, 346, 346, 284, 428, 428, 146, 330, 388, 94, 94, 398, 324, 324, 116, 116, 33, 94, 199, 331, 134, 153, 43, 43, 276, 276, 276, 276, 153, 387, 387, 387, 122, 236, 314, 35, 401, 77, 226, 226, 287, 287, 287, 287, 375, 375, 375, 293, 497, 122, 129, 36, 269, 449, 494, 494, 494, 143, 129, 144, 106, 180, 443, 330, 388, 94, 199, 199, 464, 464, 464, 120, 330, 253, 368, 453, 453, 168, 494, 494, 278, 99, 338, 436, 436, 60, 106, 106, 319, 426, 426, 413, 94, 64, 76, 76, 239, 107, 107, 395, 485, 374, 286, 464, 139, 496, 496, 496, 496, 274, 8, 129, 259, 208, 208, 441, 437, 153, 426, 426, 372, 396, 348, 199, 250, 413, 375, 98, 98, 13, 197, 414, 7, 7, 473, 398, 286, 286, 286, 468, 468, 406, 467, 337, 337, 41, 324, 19, 454, 414, 414, 170, 170, 170, 170, 170, 170, 170, 187, 28, 187, 2, 187, 187, 187, 12, 40, 40, 12, 163, 392, 435, 435, 435, 392, 73, 73, 244, 320, 7, 7, 213, 324, 340, 116, 94, 94, 331, 331, 84, 153, 153, 387, 387, 387, 43, 43, 8, 129, 208, 208, 441, 106, 106, 387, 372, 372, 406, 406, 406, 413, 413, 375, 375, 98, 98, 98, 414, 414, 414, 414, 414, 414, 170, 47, 47, 47, 244]

ep376
Train step Loss: [0.45434853434562683, 0.4715724289417267, 0.21524983644485474, 0.15188896656036377, 0.060449011623859406, 0.39446398615837097, 0.12126316875219345, 0.1523408144712448, 0.14095620810985565, 0.4599991738796234, 0.4762016236782074, 0.4262443780899048, 0.35922542214393616, 0.2817339301109314, 0.4147259593009949, 0.3760570287704468, 0.38896456360816956, 0.5387447476387024, 0.19989199936389923, 0.3560126721858978, 0.16617092490196228, 0.33340001106262207, 0.44003739953041077, 0.2602820098400116, 0.161256343126297, 0.41699111461639404, 0.21399450302124023, 0.5108878016471863, 0.15050654113292694, 0.022001691162586212, 0.1549062728881836, 0.2712635099887848, 0.5949622392654419, 0.22590279579162598, 0.19172732532024384, 0.2000505030155182, 0.0742308720946312, 0.2978760004043579, 0.25728553533554077, 0.24982336163520813, 0.20229734480381012, 0.11955207586288452, 0.026141125708818436, 0.42037004232406616, 0.47753727436065674, 0.2256292849779129, 0.19036796689033508, 0.14924253523349762, 0.24881313741207123, 0.23656442761421204, 0.19358780980110168, 0.330569326877594, 0.08716283738613129, 0.011666974052786827, 0.3367200493812561, 0.17825229465961456, 0.2467159479856491, 0.15638922154903412, 0.5708962082862854, 0.27480611205101013, 0.3732477128505707, 0.5304988622665405, 0.199584499001503]
val step Loss: [0.43482160568237305, 0.10146746039390564, 0.5427446365356445, 0.6554704904556274, 0.8692476153373718, 0.5372299551963806, 0.3593033254146576, 0.2923269271850586, 1.2108596563339233, 0.4491654336452484, 0.38270705938339233, 0.37754377722740173, 0.5128946304321289, 0.3082360029220581, 0.6555196642875671, 0.789597749710083]
Train step Accs: [0.8827117704145293, 0.880709219858156, 0.948210305493641, 0.958472264322522, 0.9860978601608287, 0.9012881965248651, 0.9701935301596271, 0.9640198511166254, 0.9642616318273769, 0.8845271819776069, 0.8763255397981347, 0.8927467300832342, 0.9122302158273381, 0.9588497172422091, 0.8949316992212435, 0.9078881677483774, 0.9014469453376206, 0.8716138143535755, 0.9502676977989292, 0.9116279069767442, 0.9563707729468599, 0.9209950792782942, 0.8899634390847977, 0.9369032793690328, 0.9640479360852197, 0.8978391684901532, 0.9454656116859403, 0.8725592293673523, 0.9600120718273729, 0.9955437961286729, 0.9593792788680967, 0.9321233584181792, 0.8508381351492929, 0.9407164085718754, 0.957553628480146, 0.9553478712357217, 0.9818209134615384, 0.9283119060927892, 0.9332767882386203, 0.9433524433524434, 0.9510554089709763, 0.9711438923395446, 0.9946081009994739, 0.8994629070157771, 0.8797048893335001, 0.9429178685289206, 0.9516341785138502, 0.9607926397735315, 0.9398167145397347, 0.9389803921568628, 0.9520833333333333, 0.9204314720812182, 0.9785555555555555, 0.9981447124304267, 0.9152394775036284, 0.9567307692307693, 0.9359264853977844, 0.9610334603981364, 0.8543000278318954, 0.9300184162062615, 0.9070821529745042, 0.8692574958177841, 0.9504730105731776]
val step Accs: [0.8889490058163128, 0.9750910415149308, 0.8696172248803827, 0.8416353991460732, 0.7983399101918628, 0.8713240186294079, 0.9091885258475226, 0.9293235251694792, 0.7229155602761551, 0.8882411312329447, 0.9069085089357162, 0.9070921985815603, 0.878061422832707, 0.9265529192215409, 0.8411907327586207, 0.8062605752961083]
Preds: [17, 309, 479, 479, 398, 278, 17, 17, 465, 77, 77, 54, 142, 108, 119, 351, 351, 494, 498, 468, 468, 468, 468, 467, 337, 337, 337, 337, 434, 339, 339, 94, 479, 331, 331, 84, 84, 84, 426, 426, 16, 375, 375, 375, 98, 98, 98, 98, 13, 13, 414, 259, 170, 187, 187, 442, 442, 187, 341, 2, 2, 244, 341, 341, 341, 2, 163, 2, 163, 244, 63, 63, 63, 244, 73, 73, 73, 73, 320, 320, 320, 7, 7, 7, 7, 219, 420, 420, 213, 213, 213, 213, 213, 213, 246, 246, 246, 246, 246, 246, 246, 3, 3, 3, 464, 188, 177, 177, 301, 216, 259, 354, 109, 109, 109, 403, 171, 171, 171, 171, 171, 246, 246, 246, 246, 246, 324, 422, 186, 99, 338, 338, 338, 338, 338, 400, 400, 400, 30, 464, 171, 171, 252, 252, 143, 36, 310, 310, 54, 107, 395, 395, 485, 286, 286, 464, 365, 365, 315, 315, 315, 315, 282, 282, 282, 282, 282, 413, 413, 43, 43, 43, 276, 138, 138, 138, 182, 182, 182, 182, 182, 182, 182, 426, 282, 282, 282, 282, 303, 303, 94, 199, 331, 84, 302, 302, 496, 375, 375, 130, 130, 130, 402, 196, 196, 309, 398, 398, 464, 464, 264, 468, 406, 406, 88, 43, 43, 43, 276, 276, 174, 174, 387, 413, 348, 348, 33, 398, 398, 398, 398, 464, 464, 443, 355, 355, 282, 460, 263, 263, 263, 263, 414, 414, 414, 187, 187, 187, 187, 187, 47, 47, 244, 392, 392, 73, 73, 73, 244, 75, 75, 310, 310, 323, 377, 397, 106, 106, 374, 153, 153, 424, 182, 182, 182, 182, 182, 182, 182, 497, 497, 497, 497, 122, 122, 129, 36, 310, 323, 108, 119, 437, 106, 106, 481, 481, 139, 293, 81, 81, 299, 299, 146, 324, 324, 422, 301, 143, 259, 354, 345, 109, 109, 109, 355, 355, 355, 355, 355, 355, 355, 355, 355, 355, 287, 287, 460, 460, 169, 215, 35, 259, 354, 431, 265, 111, 428, 428, 438, 438, 368, 31, 449, 449, 351, 486, 486, 443, 443, 240, 240, 449, 449, 449, 324, 324, 324, 477, 464, 464, 132, 132, 132, 381, 465, 465, 465, 259, 441, 441, 100, 100, 100, 100, 100, 375, 98, 98, 98, 48, 13, 13, 414, 170, 170, 170, 170, 28, 28, 28, 28, 63, 63, 63, 63, 244, 2, 2, 2, 2, 2, 63, 63, 63, 63, 63, 63, 244, 73, 73, 73, 73, 244, 321, 412, 287, 287, 287, 287, 284, 284, 284, 284, 450, 450, 450, 450, 16, 43, 43, 276, 276, 174, 387, 497, 497, 43, 43, 43, 8, 239, 219, 219, 464, 464, 476, 171, 171, 171, 171, 252, 252, 143, 99, 99, 338, 338, 445, 219, 219, 30, 477, 477, 374, 374, 132, 132, 186, 186, 186, 162, 482, 482, 482, 482, 482, 115, 273, 273, 106, 106, 424, 497, 497, 122, 122, 259, 310, 445, 445, 445, 351, 213, 213, 213, 324, 324, 19, 19, 19, 454, 197, 259, 7, 7, 188, 398, 398, 464, 171, 171, 252, 457, 457, 8, 364, 345, 109, 109, 109, 284, 284, 376, 376, 206, 206, 206, 167, 167, 35, 411, 100, 100, 100, 375, 98, 98, 98, 233, 259, 259, 441, 441, 100, 100, 100, 481, 387, 375, 98, 98, 98, 98, 13, 414, 414, 170, 170, 170, 170, 28, 2, 2, 2, 244, 2, 244, 63, 63, 63, 244, 63, 63, 392, 63, 73, 244, 73, 73, 73, 321, 320, 320, 7, 7, 487, 374, 374, 374, 374, 374, 374, 132, 132, 274, 274, 88, 288, 337, 337]

ep377
Train step Loss: [0.33416905999183655, 0.21212171018123627, 0.1995653510093689, 0.7728182077407837, 0.11870801448822021, 0.28030475974082947, 0.2439335286617279, 0.5079143643379211, 0.4433418810367584, 0.2958323657512665, 0.31011930108070374, 0.888076901435852, 0.21806581318378448, 0.6319043040275574, 0.3049561083316803, 0.14792653918266296, 0.1686514914035797, 0.32848432660102844, 0.3723188042640686, 0.04263288155198097, 0.08881987631320953, 0.1795370727777481, 0.0050406381487846375, 0.45324063301086426, 0.5271161794662476, 0.20438052713871002, 0.12508784234523773, 0.2813481390476227, 0.3091006577014923, 0.31074342131614685, 0.24401313066482544, 0.3135664463043213, 0.3332623243331909, 0.21114692091941833, 0.00840410403907299, 0.28319329023361206, 0.35582488775253296, 0.005293192341923714, 0.05763738602399826, 0.30243173241615295, 0.12035498768091202, 0.3354824483394623, 0.2836253345012665, 0.21347279846668243, 0.20237840712070465, 0.21230396628379822, 0.059089869260787964, 0.45725226402282715, 0.11471857875585556, 0.49508368968963623, 0.4893663823604584, 0.1473836451768875, 0.26507940888404846, 0.07466023415327072, 0.315313458442688, 0.2585905194282532, 0.28577691316604614, 0.006530625745654106, 0.018767165020108223, 0.23583824932575226, 0.027042772620916367, 0.21388506889343262, 0.2574732005596161]
val step Loss: [0.48438048362731934, 0.7398608326911926, 1.0371993780136108, 0.1486620455980301, 0.7662230134010315, 0.46096861362457275, 0.4601101279258728, 1.0173293352127075, 0.6771233677864075, 0.10677988082170486, 0.6603821516036987, 0.40451472997665405, 0.5181583166122437, 0.19922062754631042, 0.32376888394355774, 0.007709371391683817]
Train step Accs: [0.9166544171688961, 0.9450463385980943, 0.9484897856874295, 0.8146145527576085, 0.968703020363537, 0.9309421044798333, 0.9433540372670808, 0.8709112935792166, 0.8840482573726541, 0.9223518850987432, 0.9192272786205108, 0.7758887171561051, 0.9416929619975305, 0.8443033337403835, 0.9250159948816379, 0.9704314105671352, 0.9553422904670505, 0.9137288977159881, 0.9022903033908388, 0.9911959907896519, 0.978824115595416, 0.9586596482218513, 0.9998784490093594, 0.8847952387700155, 0.8678196417541693, 0.9522350647542125, 0.9673702086365842, 0.9279266958424508, 0.9217109526895658, 0.9299724707501721, 0.9366685945633314, 0.9254426840633737, 0.9174951773260127, 0.9477211796246648, 0.999052731291443, 0.9296466973886329, 0.9107754042251859, 1.0, 0.9858109004110861, 0.9261542677079052, 0.9719702098849018, 0.9120953541920629, 0.932060781112646, 0.9474431818181818, 0.9493392070484582, 0.9461175081192796, 0.984372998591008, 0.8878121505777116, 0.9727495802660467, 0.8752443792766373, 0.9013817393660255, 0.9643960934602547, 0.932477887130933, 0.981651376146789, 0.9227567067530065, 0.9372715309255739, 0.9255623213619982, 0.999675535366645, 0.9965635738831615, 0.9411986430456087, 0.9944935331028301, 0.9454649827784156, 0.9358331132822815]
val step Accs: [0.882837528604119, 0.8227848101265823, 0.7507425742574257, 0.9630378284724228, 0.8178463160669567, 0.9023673216772397, 0.8875244208763606, 0.7593966670721324, 0.8431106896084541, 0.974300071787509, 0.8424866514111365, 0.8983812949640287, 0.8730260623956863, 0.9510815778311891, 0.9167258775046184, 0.9994117647058823]
Preds: [17, 17, 17, 284, 486, 486, 460, 460, 169, 150, 349, 234, 234, 234, 261, 25, 25, 332, 332, 399, 399, 53, 473, 473, 473, 398, 360, 360, 360, 360, 434, 434, 434, 339, 339, 216, 81, 398, 398, 324, 360, 360, 360, 360, 360, 360, 434, 434, 434, 434, 434, 19, 19, 454, 454, 454, 417, 414, 414, 414, 249, 249, 249, 82, 80, 80, 80, 320, 321, 188, 188, 188, 290, 171, 171, 171, 434, 339, 399, 53, 345, 345, 100, 497, 497, 497, 122, 285, 285, 285, 285, 285, 241, 431, 431, 139, 139, 139, 293, 175, 122, 216, 458, 192, 192, 180, 470, 403, 290, 290, 171, 434, 434, 434, 19, 19, 19, 19, 454, 454, 414, 414, 414, 414, 414, 414, 102, 414, 47, 47, 140, 140, 73, 244, 244, 321, 7, 7, 7, 309, 309, 309, 309, 398, 398, 360, 360, 360, 360, 360, 434, 434, 434, 434, 434, 434, 434, 434, 19, 19, 454, 454, 197, 197, 197, 197, 7, 321, 7, 219, 219, 219, 219, 451, 30, 30, 286, 286, 286, 468, 468, 468, 468, 467, 380, 180, 486, 315, 315, 315, 315, 315, 315, 315, 450, 450, 203, 203, 53, 250, 250, 250, 138, 138, 138, 345, 345, 387, 186, 186, 186, 349, 349, 234, 234, 234, 234, 261, 25, 25, 374, 374, 153, 153, 153, 182, 182, 98, 98, 98, 98, 197, 259, 259, 183, 183, 183, 257, 171, 171, 257, 422, 31, 31, 342, 342, 342, 342, 115, 273, 26, 359, 171, 171, 171, 171, 171, 171, 252, 422, 143, 478, 342, 342, 342, 115, 115, 273, 273, 486, 486, 486, 460, 460, 460, 169, 35, 35, 35, 441, 441, 100, 100, 424, 424, 182, 182, 182, 182, 182, 182, 182, 182, 182, 182, 375, 375, 98, 98, 98, 13, 13, 226, 321, 75, 437, 437, 437, 405, 405, 405, 206, 98, 98, 98, 98, 13, 13, 17, 83, 83, 403, 403, 403, 403, 403, 403, 403, 403, 403, 403, 403, 403, 403, 403, 403, 403, 403, 403, 403, 403, 403, 403, 403, 403, 403, 403, 403, 403, 403, 403, 403, 403, 403, 403, 403, 403, 403, 403, 403, 403, 403, 403, 403, 403, 403, 403, 403, 403, 403, 403, 403, 403, 403, 403, 403, 403, 403, 403, 403, 403, 403, 403, 403, 403, 403, 403, 403, 403, 403, 403, 403, 403, 403, 403, 403, 403, 403, 403, 403, 403, 403, 403, 403, 403, 403, 403, 403, 403, 403, 403, 403, 403, 403, 403, 403, 403, 403, 403, 403, 403, 403, 403, 403, 403, 403, 403, 403, 403, 403, 403, 403, 403, 403, 403, 403, 403, 403, 403, 403, 403, 403, 403, 403, 403, 403, 403, 403, 403, 403, 403, 403, 403, 403, 403, 403, 403, 403, 403, 403, 403, 403, 403, 403, 403, 403, 403, 403, 403, 403, 403, 403, 403, 403, 403, 403, 403, 403, 403, 403, 403, 403, 403, 403, 403, 403, 403, 403, 403, 403, 403, 403, 403, 403, 403, 403, 403, 403, 403, 403, 403, 403, 403, 403, 403, 403, 403, 403, 403, 403, 403, 403, 403, 403, 403, 403, 403, 403, 403, 403, 403, 403, 403, 403, 403, 403, 403, 403, 403, 403, 403, 403, 403, 403, 403, 403, 403, 403, 403, 403, 403, 403, 403, 403, 403, 403, 403, 403, 403, 403, 403, 403, 403, 403, 403, 403, 403, 403, 403, 403, 403, 403, 403, 403, 403, 403, 403, 403, 403, 403, 403, 403, 403, 403, 403, 403, 403, 403, 403, 403, 403, 403, 403, 403, 403, 403, 403, 403, 403, 403, 403, 403, 403, 403, 403, 403, 403, 403, 403, 403]

ep378
Train step Loss: [0.17778295278549194, 0.3576936721801758, 0.06997285038232803, 0.427089661359787, 0.4020508825778961, 0.029258353635668755, 0.1437883824110031, 0.26911860704421997, 0.05723465234041214, 0.13780800998210907, 0.023249682039022446, 0.3565942347049713, 0.027410855516791344, 0.13903070986270905, 0.2730594277381897, 0.14694298803806305, 0.08020958304405212, 0.008399286307394505, 0.40621399879455566, 0.007257169112563133, 0.37734121084213257, 0.4435747563838959, 0.16677722334861755, 0.1345929652452469, 0.25927451252937317, 0.2357378900051117, 0.1498817503452301, 0.4044514298439026, 0.42979755997657776, 0.40541622042655945, 0.41087794303894043, 0.30623799562454224, 0.13570690155029297, 0.2825015187263489, 0.10941667854785919, 0.3534725308418274, 0.4242394268512726, 0.36363983154296875, 0.2699650824069977, 0.06319966167211533, 0.11900150030851364, 0.32920724153518677, 0.18731801211833954, 0.30134326219558716, 0.4705672562122345, 0.09188798815011978, 0.28836068511009216, 0.0790383592247963, 0.32449737191200256, 0.3638613224029541, 0.28265219926834106, 0.41737592220306396, 0.14971217513084412, 0.3905777931213379, 0.42942410707473755, 0.4049628973007202, 0.511082649230957, 0.5171599388122559, 0.4477858245372772, 0.1469753384590149, 0.41357943415641785, 0.08980778604745865, 0.8961398005485535]
val step Loss: [0.9330209493637085, 0.4527941942214966, 0.10749337822198868, 0.41718846559524536, 0.7800223231315613, 0.2631366550922394, 0.5264688730239868, 0.4351807236671448, 0.625911295413971, 0.582224428653717, 0.6397004723548889, 1.0716259479522705, 0.5114425420761108, 0.004819502122700214, 0.44091856479644775, 0.46286365389823914]
Train step Accs: [0.955201837873318, 0.9201314473496214, 0.9817215452424164, 0.8912901113294041, 0.9036127772353187, 0.9936428149024246, 0.9594233849439402, 0.9379855167873601, 0.9878531073446327, 0.962847790507365, 0.9961802902979373, 0.9145921610169492, 0.9947877885331348, 0.9656117276339224, 0.9299288795616183, 0.9624534250501576, 0.9823358818876878, 0.9992276998326683, 0.8991406063499642, 0.9993657237092477, 0.9031040268456376, 0.8911764705882353, 0.959909228441755, 0.9652672908486862, 0.935785536159601, 0.9401082381238726, 0.9642355146025301, 0.8949700598802395, 0.8924109931292942, 0.8961769115442278, 0.8953003337041157, 0.9244167465643975, 0.9689084601014145, 0.928178865850612, 0.973354864755753, 0.9086498475187136, 0.8942693409742121, 0.9071526822558459, 0.9310193962374216, 0.985406969430117, 0.9733215324314073, 0.9143825939530941, 0.9521075691192022, 0.9260704991719896, 0.8810499359795134, 0.9815051927727984, 0.9289649173673529, 0.9795894966173604, 0.9184149184149184, 0.9097071974614164, 0.9301521438450899, 0.8918414918414919, 0.9611228418829959, 0.9005605979711693, 0.8891864320326447, 0.899361622230567, 0.8745992601726263, 0.8732063657709366, 0.8812664907651715, 0.9610428982871002, 0.8961861053964235, 0.9792044891896352, 0.775077436263998]
val step Accs: [0.7813002526992878, 0.8910801753029132, 0.9747997086671523, 0.8983391374229842, 0.8159260460590334, 0.9357277882797732, 0.8713893608678605, 0.8907201187824796, 0.8582775919732442, 0.853139960574486, 0.8488905891354246, 0.7341353781068218, 0.8851402577710387, 0.9997152619589977, 0.8914293537787513, 0.8865050418365158]
Preds: [17, 17, 287, 284, 319, 319, 319, 319, 450, 413, 203, 76, 76, 349, 349, 234, 234, 234, 234, 261, 25, 25, 106, 499, 499, 265, 265, 480, 85, 85, 299, 299, 388, 388, 67, 219, 324, 246, 324, 324, 324, 422, 31, 162, 162, 232, 232, 172, 172, 115, 267, 267, 267, 267, 213, 213, 252, 3, 3, 14, 411, 188, 188, 443, 443, 120, 271, 271, 31, 31, 342, 232, 232, 86, 86, 238, 336, 336, 110, 110, 486, 486, 486, 486, 468, 468, 468, 468, 203, 379, 303, 394, 243, 76, 465, 478, 310, 107, 107, 107, 395, 395, 470, 286, 264, 264, 264, 264, 264, 264, 264, 207, 207, 207, 207, 454, 454, 454, 454, 414, 170, 170, 170, 170, 170, 170, 82, 28, 2, 2, 2, 2, 2, 2, 392, 244, 392, 63, 63, 244, 73, 73, 244, 321, 320, 320, 287, 287, 106, 481, 293, 293, 293, 497, 58, 58, 72, 437, 437, 284, 284, 426, 426, 319, 348, 348, 348, 348, 348, 195, 250, 250, 76, 32, 320, 7, 354, 109, 109, 104, 104, 104, 468, 467, 337, 337, 290, 290, 360, 328, 434, 434, 324, 464, 464, 464, 340, 340, 116, 94, 479, 331, 331, 331, 138, 138, 182, 182, 182, 497, 497, 497, 497, 98, 58, 441, 437, 437, 284, 284, 426, 426, 319, 319, 348, 348, 53, 381, 381, 334, 275, 452, 452, 98, 48, 414, 414, 170, 170, 170, 170, 392, 2, 244, 392, 392, 392, 392, 392, 392, 73, 73, 73, 321, 320, 7, 7, 7, 345, 109, 109, 346, 284, 376, 376, 460, 460, 169, 271, 150, 269, 323, 323, 224, 168, 494, 106, 153, 153, 153, 387, 349, 349, 349, 349, 349, 349, 234, 261, 25, 25, 148, 100, 302, 153, 53, 274, 274, 497, 98, 98, 197, 197, 197, 321, 321, 209, 287, 287, 287, 284, 284, 284, 315, 480, 480, 480, 480, 480, 480, 282, 282, 282, 282, 282, 282, 282, 388, 388, 94, 195, 195, 195, 250, 250, 250, 250, 473, 109, 109, 290, 290, 290, 290, 207, 464, 434, 434, 252, 143, 458, 131, 192, 34, 222, 222, 134, 134, 255, 349, 349, 349, 349, 155, 261, 25, 148, 148, 148, 148, 153, 182, 182, 182, 182, 387, 406, 134, 134, 134, 134, 302, 302, 375, 132, 98, 98, 98, 98, 13, 13, 78, 170, 170, 170, 170, 28, 187, 187, 187, 187, 163, 163, 392, 73, 244, 75, 373, 373, 205, 205, 261, 261, 25, 106, 106, 106, 106, 153, 153, 182, 182, 182, 182, 182, 182, 182, 182, 182, 182, 182, 345, 345, 274, 122, 122, 122, 36, 310, 310, 310, 107, 395, 395, 84, 84, 84, 84, 84, 274, 274, 98, 98, 193, 17, 83, 403, 403, 403, 403, 403, 403, 403, 403, 403, 403, 403, 403, 403, 403, 403, 403, 403, 403, 403, 403, 403, 403, 403, 403, 403, 403, 403, 403, 403, 403, 403, 403, 403, 403, 403, 403, 403, 403, 403, 403, 403, 403, 403, 403, 403, 403, 403, 403, 403, 403, 403, 403, 403, 403, 403, 403, 403, 403, 403, 403, 403, 403, 403, 403, 403, 403, 403, 403, 403, 403, 403, 403, 403, 403, 403, 403, 403, 403, 403, 403, 403, 403, 403, 403, 403, 403, 403, 403, 403, 403, 403, 403, 403, 403, 403, 403, 403, 403, 403, 403, 403, 403, 403, 403, 403, 403, 403, 403, 403, 403, 403, 403, 403, 403, 403, 403, 403, 403, 403, 403, 403, 403, 403, 403, 403, 403, 403, 403, 403, 403, 403, 403, 403, 403, 403, 403, 403, 403, 403, 403, 403, 403, 403, 403]

ep379
Train step Loss: [0.1104293093085289, 0.4995482861995697, 0.1242847591638565, 0.21053265035152435, 0.0865083709359169, 0.10812591761350632, 0.30001088976860046, 0.12706677615642548, 0.22549794614315033, 0.41181156039237976, 0.06824032217264175, 0.4224802553653717, 0.1288752257823944, 0.3467984199523926, 0.3817647099494934, 0.07725733518600464, 0.2925114929676056, 0.22232955694198608, 0.26392531394958496, 0.553202748298645, 0.1458996683359146, 0.3260311782360077, 0.17135313153266907, 0.07706552743911743, 0.1904352605342865, 0.3124258518218994, 0.4041958153247833, 0.2739546298980713, 0.21421930193901062, 0.29154327511787415, 0.10748929530382156, 0.29909685254096985, 0.2629474401473999, 0.15658420324325562, 0.10589025914669037, 0.20401190221309662, 0.35084015130996704, 0.2588290274143219, 0.2774863839149475, 0.3798750340938568, 0.08077406138181686, 0.2580108344554901, 0.258277028799057, 0.32629120349884033, 0.374831885099411, 0.007925881072878838, 0.377868115901947, 0.2800265848636627, 0.22466881573200226, 0.28138306736946106, 0.5060241222381592, 0.6515344381332397, 0.3954829275608063, 0.6271665692329407, 0.2951502799987793, 0.3536010682582855, 0.3498126268386841, 0.2918194830417633, 0.1431816965341568, 0.12556125223636627, 0.3467770218849182, 0.2828742265701294, 0.7265825867652893]
val step Loss: [0.5235445499420166, 0.283515602350235, 0.4946132004261017, 0.32909178733825684, 0.4568513035774231, 0.5153384804725647, 0.22695757448673248, 0.4435565173625946, 0.9415011405944824, 0.6774136424064636, 0.5192902088165283, 0.9083601236343384, 0.5449086427688599, 0.4321877956390381, 0.24421800673007965, 0.6154603362083435]
Train step Accs: [0.9711206896551724, 0.8773095036831301, 0.970715558950853, 0.9502409980153105, 0.9797117671750385, 0.9745267260579065, 0.9276658214333378, 0.9691028858218319, 0.9466070489216202, 0.898040898040898, 0.9846194997993848, 0.9109552791743848, 0.9674502712477396, 0.9158408293947248, 0.912742186395135, 0.9813570938999314, 0.9248156460403976, 0.9425905424640203, 0.9332170446050336, 0.8585642124598194, 0.9611413822770289, 0.9139937106918239, 0.9567979669631512, 0.9812254650964328, 0.9528249373782355, 0.9249688667496887, 0.90021990104453, 0.9328593076116097, 0.9477167438782264, 0.9306632213608957, 0.9720896601590745, 0.9218500797448166, 0.9385055904008727, 0.959597263456822, 0.9747306310928682, 0.9465681398323149, 0.9151007165066919, 0.9344961240310078, 0.9294816281083756, 0.9020225263412862, 0.9818494965553789, 0.9331547546572507, 0.9391743237996635, 0.9168469442942131, 0.9049327354260089, 0.9990674127364775, 0.9075708313980493, 0.9272872552936476, 0.9432974266906045, 0.9327689243027888, 0.8689689564892158, 0.8342615012106538, 0.9020912547528517, 0.8414600167177487, 0.941404090657822, 0.9064217891054472, 0.9087601862630966, 0.931060606060606, 0.9635009765625, 0.9677461822011585, 0.9125819134993447, 0.9300715710430599, 0.8100331041507512]
val step Accs: [0.8754515050167224, 0.9339872746553552, 0.8937111264685557, 0.91914420672409, 0.8883684621389539, 0.8729678638941399, 0.9454884712781554, 0.8927095828335333, 0.7782247925572039, 0.8337161817253701, 0.878068218042716, 0.7766892740517458, 0.8596132897603486, 0.8938805970149254, 0.9410004275331338, 0.8531384762817441]
Preds: [17, 17, 17, 145, 284, 284, 284, 450, 450, 450, 43, 43, 43, 43, 276, 276, 153, 153, 138, 182, 182, 182, 182, 182, 182, 182, 98, 98, 98, 98, 98, 197, 226, 226, 226, 209, 287, 287, 110, 145, 111, 111, 322, 322, 67, 10, 10, 479, 398, 398, 398, 301, 399, 43, 43, 250, 138, 138, 138, 153, 387, 387, 109, 146, 146, 324, 324, 422, 99, 99, 338, 338, 338, 338, 338, 338, 395, 395, 395, 278, 278, 278, 374, 378, 416, 8, 259, 208, 100, 100, 100, 375, 122, 122, 122, 233, 82, 75, 75, 66, 68, 68, 68, 224, 25, 267, 444, 448, 324, 464, 464, 58, 315, 486, 319, 319, 72, 72, 203, 7, 364, 276, 276, 276, 276, 153, 153, 182, 182, 182, 182, 375, 98, 98, 98, 98, 426, 426, 282, 282, 59, 282, 282, 282, 413, 413, 413, 303, 413, 303, 303, 303, 303, 303, 309, 309, 479, 479, 331, 331, 106, 481, 481, 481, 481, 182, 387, 293, 375, 98, 263, 263, 263, 78, 170, 170, 170, 170, 170, 392, 392, 392, 392, 392, 392, 392, 392, 63, 63, 63, 63, 63, 63, 63, 63, 63, 63, 63, 392, 392, 392, 392, 244, 244, 289, 289, 321, 7, 7, 420, 324, 324, 324, 464, 464, 464, 110, 486, 486, 460, 460, 169, 349, 349, 234, 234, 234, 234, 261, 25, 25, 485, 324, 324, 324, 464, 464, 464, 139, 139, 426, 426, 426, 413, 348, 10, 10, 473, 398, 398, 340, 340, 116, 94, 199, 302, 88, 274, 122, 122, 129, 129, 75, 342, 68, 115, 273, 273, 151, 151, 151, 240, 215, 35, 129, 259, 354, 354, 420, 286, 286, 286, 286, 374, 374, 374, 374, 374, 246, 246, 246, 477, 132, 132, 132, 375, 375, 375, 98, 98, 98, 13, 401, 82, 401, 321, 75, 208, 208, 441, 437, 437, 437, 481, 481, 375, 375, 98, 98, 98, 263, 13, 193, 17, 83, 403, 403, 403, 403, 403, 403, 403, 403, 403, 403, 403, 403, 403, 403, 403, 403, 403, 403, 403, 403, 403, 403, 403, 403, 403, 403, 403, 403, 403, 403, 403, 403, 403, 403, 403, 403, 403, 403, 403, 403, 403, 403, 403, 403, 403, 403, 403, 403, 403, 403, 403, 403, 403, 403, 403, 403, 403, 403, 403, 403, 403, 403, 403, 403, 403, 403, 403, 403, 403, 403, 403, 403, 403, 403, 403, 403, 403, 403, 403, 403, 403, 403, 403, 403, 403, 403, 403, 403, 403, 403, 403, 403, 403, 403, 403, 403, 403, 403, 403, 403, 403, 403, 403, 403, 403, 403, 403, 403, 403, 403, 403, 403, 403, 403, 403, 403, 403, 403, 403, 403, 403, 403, 403, 403, 403, 403, 403, 403, 403, 403, 403, 403, 403, 403, 403, 403, 403, 403, 403, 403, 403, 403, 403, 403, 403, 403, 403, 403, 403, 403, 403, 403, 403, 403, 403, 403, 403, 403, 403, 403, 403, 403, 403, 403, 403, 403, 403, 403, 403, 403, 403, 403, 403, 403, 403, 403, 403, 403, 403, 403, 403, 403, 403, 403, 403, 403, 403, 403, 403, 403, 403, 403, 403, 403, 403, 403, 403, 403, 403, 403, 403, 403, 403, 403, 403, 403, 403, 403, 403, 403, 403, 403, 403, 403, 403, 403, 403, 403, 403, 403, 403, 403, 403, 403, 403, 403, 403, 403, 403, 403, 403, 403, 403, 403, 403, 403, 403, 403, 403, 403, 403, 403, 403, 403, 403, 403, 403, 403, 403, 403, 403, 403, 403, 403, 403, 403, 403, 403, 403, 403, 403, 403, 403, 403, 403, 403, 403, 403, 403, 403, 403, 403, 403, 403, 403]

ep380
Train step Loss: [0.3317931294441223, 0.1049448624253273, 0.3215935230255127, 0.31585484743118286, 0.16756433248519897, 0.34346896409988403, 0.1640014499425888, 0.00528226513415575, 0.014986630529165268, 0.4614836275577545, 0.08671800792217255, 0.07684396952390671, 0.19798672199249268, 0.3765542507171631, 0.1795610785484314, 0.38289910554885864, 0.12743806838989258, 0.16852164268493652, 0.3303408920764923, 0.5177891850471497, 0.2715388834476471, 0.40957993268966675, 0.3178405463695526, 0.11940540373325348, 0.02793046459555626, 0.15649498999118805, 0.14862380921840668, 0.3257240056991577, 0.09984740614891052, 0.1722291260957718, 0.26234447956085205, 0.23855270445346832, 0.24871735274791718, 0.3551231920719147, 0.4148697555065155, 0.38845258951187134, 0.11872376501560211, 0.08981024473905563, 0.4735466539859772, 0.6204748153686523, 0.5208559036254883, 0.4190201461315155, 0.5252478122711182, 0.6892399787902832, 0.7223668098449707, 0.19620433449745178, 0.16899201273918152, 0.4843186140060425, 0.2598126232624054, 0.16752807796001434, 0.09489209204912186, 0.5334394574165344, 0.434954971075058, 0.26199209690093994, 0.2446914166212082, 0.21715758740901947, 0.19006872177124023, 0.2848259508609772, 0.1815263032913208, 0.3030587434768677, 0.22031068801879883, 0.2176014631986618, 0.7433340549468994]
val step Loss: [0.3972119390964508, 0.42460858821868896, 0.398097962141037, 0.23682774603366852, 0.2810179591178894, 0.7054610252380371, 0.4585255980491638, 0.6798720359802246, 0.778718888759613, 0.41770926117897034, 0.7095911502838135, 0.8946323394775391, 0.8195762634277344, 0.3940110504627228, 0.37414008378982544, 0.418561726808548]
Train step Accs: [0.9162464985994397, 0.9749542704375967, 0.9178098971092602, 0.9241806161204107, 0.9596079989405377, 0.9101522842639594, 0.9565616396451514, 1.0, 0.997625034925957, 0.8872289793759915, 0.9768930957683741, 0.982313829787234, 0.9487503510249929, 0.9052815952573431, 0.9544715447154472, 0.9035816618911174, 0.9671354964489626, 0.9570144587729582, 0.9163679808841099, 0.866202731092437, 0.9336221174671933, 0.8957491289198606, 0.9176188460995909, 0.9697052030974053, 0.9945848375451264, 0.9603236752806056, 0.9630827270277553, 0.9133724722765819, 0.9768027571580064, 0.9574767671078569, 0.9479056203605515, 0.9430672841187687, 0.940481043620057, 0.9101788170563961, 0.8979789590254706, 0.8968018071572941, 0.9729839804507195, 0.9800118448326918, 0.8849589570255915, 0.843343026931344, 0.8692930218353947, 0.8908891862303856, 0.8643312101910828, 0.8205202312138729, 0.8200687088462639, 0.9531736364866694, 0.959094865100087, 0.896851804453545, 0.9348989298454221, 0.959019686621133, 0.9798981856154549, 0.8601501545708818, 0.8826063543349488, 0.9353600491325043, 0.9395549651278645, 0.9475519958661671, 0.9513789047183375, 0.9261065266316579, 0.9524617996604414, 0.9258777633289987, 0.9439807610694582, 0.9474789915966386, 0.8120166567519334]
val step Accs: [0.9067818800733176, 0.8961585448622235, 0.906144412464022, 0.9424430059104981, 0.9312324742956336, 0.840622788393489, 0.8866364363830355, 0.8321187226712601, 0.8091086532205596, 0.9020473213191125, 0.8305875892366832, 0.790761942360837, 0.7943461950696677, 0.9122405153901217, 0.9045365535248042, 0.9043117362231957]
Preds: [17, 188, 324, 324, 422, 143, 143, 14, 14, 209, 287, 145, 145, 111, 111, 85, 85, 146, 146, 438, 438, 335, 14, 14, 14, 287, 145, 145, 145, 486, 265, 428, 85, 85, 85, 207, 207, 207, 19, 19, 454, 454, 454, 454, 414, 56, 56, 170, 170, 312, 187, 187, 187, 187, 1, 1, 1, 1, 1, 408, 408, 391, 391, 391, 228, 73, 73, 321, 321, 287, 287, 287, 287, 284, 284, 284, 284, 284, 426, 284, 450, 450, 450, 450, 450, 293, 293, 98, 169, 349, 349, 349, 234, 234, 234, 234, 261, 25, 25, 106, 346, 426, 426, 480, 85, 85, 85, 299, 330, 330, 388, 388, 116, 309, 398, 398, 398, 398, 464, 464, 464, 330, 330, 139, 139, 315, 319, 319, 450, 450, 450, 450, 413, 413, 43, 43, 43, 276, 276, 174, 174, 174, 284, 284, 284, 355, 355, 355, 355, 426, 426, 450, 450, 293, 293, 43, 43, 43, 276, 276, 346, 346, 346, 428, 428, 85, 146, 285, 285, 285, 285, 285, 285, 337, 337, 324, 324, 422, 422, 31, 162, 232, 232, 172, 172, 115, 115, 267, 267, 267, 267, 213, 3, 3, 3, 14, 188, 188, 464, 120, 120, 120, 271, 271, 271, 31, 162, 232, 232, 232, 232, 172, 172, 115, 115, 273, 273, 273, 273, 84, 84, 84, 84, 355, 355, 355, 452, 452, 452, 263, 48, 48, 414, 414, 170, 170, 170, 170, 170, 244, 28, 2, 2, 2, 2, 2, 63, 63, 2, 63, 63, 63, 63, 63, 63, 63, 63, 63, 63, 244, 63, 244, 73, 320, 249, 441, 441, 441, 441, 441, 153, 153, 424, 497, 497, 497, 122, 122, 216, 198, 127, 371, 114, 180, 443, 443, 486, 486, 460, 240, 240, 285, 285, 285, 285, 300, 134, 134, 134, 88, 42, 42, 42, 147, 147, 380, 380, 288, 288, 288, 213, 213, 213, 246, 246, 246, 246, 246, 246, 246, 246, 19, 19, 19, 454, 454, 454, 414, 414, 170, 170, 170, 170, 170, 28, 28, 28, 28, 2, 2, 244, 2, 63, 244, 63, 63, 63, 63, 63, 63, 63, 63, 63, 63, 63, 366, 63, 63, 63, 163, 244, 63, 63, 316, 63, 73, 73, 244, 73, 321, 7, 7, 7, 7, 7, 7, 398, 398, 374, 374, 374, 374, 374, 378, 378, 378, 43, 43, 276, 276, 276, 346, 346, 346, 284, 284, 284, 405, 405, 405, 206, 206, 206, 206, 206, 206, 98, 167, 197, 197, 226, 321, 75, 287, 287, 287, 287, 284, 284, 284, 284, 284, 284, 284, 426, 426, 426, 426, 426, 426, 426, 450, 450, 282, 413, 388, 94, 94, 94, 199, 467, 337, 337, 337, 207, 207, 207, 464, 464, 464, 468, 467, 467, 467, 467, 313, 200, 375, 76, 76, 465, 349, 393, 155, 155, 155, 441, 441, 148, 148, 153, 153, 153, 182, 182, 182, 182, 182, 182, 132, 88, 88, 88, 182, 497, 497, 497, 43, 399, 70, 70, 70, 65, 65, 46, 46, 46, 46, 146, 146, 146, 464, 464, 464, 324, 324, 464, 464, 286, 468, 406, 406, 406, 359, 324, 464, 464, 464, 355, 355, 355, 355, 263, 263, 17, 83, 403, 403, 403, 403, 403, 403, 403, 403, 403, 403, 403, 403, 403, 403, 403, 403, 403, 403, 403, 403, 403, 403, 403, 403, 403, 403, 403, 403, 403, 403, 403, 403, 403, 403, 403, 403, 403, 403, 403, 403, 403, 403, 403, 403, 403, 403, 403, 403, 403, 403, 403, 403, 403, 403, 403, 403, 403, 403, 403, 403, 403, 403, 403, 403, 403, 403, 403, 403, 403, 403, 403, 403, 403, 403]

ep381
Train step Loss: [0.15511290729045868, 0.276553750038147, 0.2945419251918793, 0.5743516087532043, 0.06759871542453766, 0.41474682092666626, 0.18452289700508118, 0.4098139703273773, 0.14589045941829681, 0.34595242142677307, 0.16607807576656342, 0.3387874364852905, 0.3434019982814789, 0.3186906576156616, 0.19210292398929596, 0.5878661870956421, 0.3297443687915802, 0.4387712776660919, 0.12884041666984558, 0.3618197739124298, 0.25547927618026733, 0.20010922849178314, 0.31125199794769287, 0.1802324503660202, 0.45399636030197144, 0.21622195839881897, 0.4123857319355011, 0.37308523058891296, 0.375301331281662, 0.32552334666252136, 0.4039829969406128, 0.09679374098777771, 0.36099478602409363, 0.2875168025493622, 0.1025986447930336, 0.3086383044719696, 0.2531614899635315, 0.10285777598619461, 0.5422428250312805, 0.25689753890037537, 0.1343381404876709, 0.26149556040763855, 0.26487618684768677, 0.23951542377471924, 0.21189464628696442, 0.27370741963386536, 0.0837719738483429, 0.30814626812934875, 0.14182250201702118, 0.06605684757232666, 0.28586268424987793, 0.20885217189788818, 0.7862489223480225, 0.08495581895112991, 0.1827319711446762, 0.22005148231983185, 0.1337711066007614, 0.09416314959526062, 0.23984777927398682, 0.2079249918460846, 0.41973498463630676, 0.49043917655944824, 0.005219511687755585]
val step Loss: [0.7954026460647583, 0.28155073523521423, 0.8255056142807007, 0.41240957379341125, 0.5268161296844482, 0.4570234417915344, 0.19082650542259216, 0.5675175786018372, 0.40196311473846436, 0.643111526966095, 0.4723379611968994, 0.6764748692512512, 0.6230350136756897, 0.6301167607307434, 0.5167191028594971, 0.7662155628204346]
Train step Accs: [0.9601969634796882, 0.9306413954127181, 0.9304278288684527, 0.8542124542124542, 0.9843196073084265, 0.8998304421546889, 0.9538979538979538, 0.8926687031380173, 0.9647110078419983, 0.9077543585740308, 0.9566846522781774, 0.9187380497131931, 0.9107382550335571, 0.9190026954177898, 0.9508738781294285, 0.851193436101442, 0.919950569820129, 0.8973398276508056, 0.9651741293532339, 0.9082003476062569, 0.9312714776632303, 0.9503919647231749, 0.9197913729912602, 0.9546832154712079, 0.8871100841723056, 0.9442294863242161, 0.892194696875389, 0.902247778358599, 0.9003177124702144, 0.9179698606767132, 0.9032821664794709, 0.9785884218873909, 0.9086568664405076, 0.9289086364898639, 0.9774977497749775, 0.9252115480338476, 0.9364191251271617, 0.975732104121475, 0.8615851894706393, 0.9370326643053916, 0.9668690372940156, 0.9358116799588372, 0.9332080200501253, 0.9407368559066475, 0.949217034977316, 0.9344484073299717, 0.9792469243196222, 0.9229140194832698, 0.9649951382136408, 0.9840035221602583, 0.9311093029563331, 0.9428397689267255, 0.8169984686064319, 0.9792686067473603, 0.9539660056657224, 0.9504365690806369, 0.9653465346534653, 0.9782114690549392, 0.9397141827789119, 0.94770819883796, 0.9064576802507837, 0.8783110411749279, 1.0]
val step Accs: [0.8038236553003282, 0.9346991037131882, 0.8020818061867762, 0.8986003998857469, 0.8653548840477864, 0.8858792184724689, 0.9516310461192351, 0.8699454937254405, 0.9038730158730158, 0.8420436817472698, 0.8962898042652644, 0.8340695748205411, 0.8438141683778234, 0.8571076011846002, 0.8745731547149986, 0.8173427774200472]
Preds: [17, 17, 17, 309, 309, 309, 473, 398, 324, 324, 434, 301, 339, 8, 8, 259, 354, 354, 420, 213, 213, 213, 324, 19, 19, 19, 454, 454, 454, 439, 78, 170, 170, 170, 170, 392, 237, 237, 237, 237, 237, 237, 237, 28, 244, 244, 244, 28, 63, 392, 63, 63, 63, 63, 63, 63, 63, 63, 63, 63, 63, 63, 63, 63, 63, 63, 63, 63, 63, 63, 63, 63, 63, 63, 63, 63, 63, 63, 63, 392, 244, 289, 289, 289, 287, 287, 287, 284, 284, 284, 284, 111, 85, 240, 240, 240, 314, 314, 243, 197, 414, 414, 414, 414, 47, 392, 392, 244, 80, 102, 321, 102, 102, 102, 102, 320, 320, 479, 331, 331, 307, 307, 61, 61, 167, 167, 457, 35, 401, 7, 196, 479, 473, 65, 429, 360, 171, 171, 171, 171, 171, 246, 3, 19, 3, 3, 197, 226, 320, 188, 188, 188, 340, 203, 399, 70, 70, 70, 138, 65, 174, 319, 319, 240, 251, 251, 241, 431, 443, 486, 486, 264, 264, 468, 468, 443, 443, 240, 271, 150, 150, 35, 342, 68, 68, 224, 26, 26, 494, 444, 448, 324, 324, 324, 464, 464, 464, 464, 459, 50, 271, 143, 458, 96, 96, 66, 68, 68, 68, 261, 25, 25, 106, 499, 284, 284, 306, 306, 306, 85, 59, 59, 452, 452, 48, 414, 170, 82, 170, 392, 392, 392, 392, 392, 392, 392, 392, 392, 392, 73, 289, 320, 320, 345, 345, 345, 132, 122, 236, 32, 32, 239, 259, 75, 371, 180, 180, 319, 319, 319, 319, 240, 388, 64, 64, 199, 374, 132, 132, 132, 132, 132, 359, 325, 34, 444, 324, 324, 324, 246, 246, 246, 246, 246, 246, 3, 3, 14, 14, 440, 440, 287, 284, 284, 265, 306, 85, 85, 59, 59, 59, 59, 59, 406, 42, 42, 147, 147, 147, 337, 41, 324, 324, 324, 301, 301, 8, 32, 32, 259, 259, 354, 354, 284, 284, 265, 376, 460, 17, 403, 403, 403, 403, 403, 403, 403, 403, 403, 403, 403, 403, 403, 403, 403, 403, 403, 403, 403, 403, 403, 403, 403, 403, 403, 403, 403, 403, 403, 403, 403, 403, 403, 403, 403, 403, 403, 403, 403, 403, 403, 403, 403, 403, 403, 403, 403, 403, 403, 403, 403, 403, 403, 403, 403, 403, 403, 403, 403, 403, 403, 403, 403, 403, 403, 403, 403, 403, 403, 403, 403, 403, 403, 403, 403, 403, 403, 403, 403, 403, 403, 403, 403, 403, 403, 403, 403, 403, 403, 403, 403, 403, 403, 403, 403, 403, 403, 403, 403, 403, 403, 403, 403, 403, 403, 403, 403, 403, 403, 403, 403, 403, 403, 403, 403, 403, 403, 403, 403, 403, 403, 403, 403, 403, 403, 403, 403, 403, 403, 403, 403, 403, 403, 403, 403, 403, 403, 403, 403, 403, 403, 403, 403, 403, 403, 403, 403, 403, 403, 403, 403, 403, 403, 403, 403, 403, 403, 403, 403, 403, 403, 403, 403, 403, 403, 403, 403, 403, 403, 403, 403, 403, 403, 403, 403, 403, 403, 403, 403, 403, 403, 403, 403, 403, 403, 403, 403, 403, 403, 403, 403, 403, 403, 403, 403, 403, 403, 403, 403, 403, 403, 403, 403, 403, 403, 403, 403, 403, 403, 403, 403, 403, 403, 403, 403, 403, 403, 403, 403, 403, 403, 403, 403, 403, 403, 403, 403, 403, 403, 403, 403, 403, 403, 403, 403, 403, 403, 403, 403, 403, 403, 403, 403, 403, 403, 403, 403, 403, 403, 403, 403, 403, 403, 403, 403, 403, 403, 403, 403, 403, 403, 403, 403, 403, 403, 403, 403, 403, 403, 403, 403]

ep382
Train step Loss: [0.3524235785007477, 0.17759594321250916, 0.19337594509124756, 0.3758772909641266, 0.28460606932640076, 0.6234177947044373, 0.21984846889972687, 0.2314116209745407, 0.29421061277389526, 0.2594227194786072, 0.23568283021450043, 0.496811181306839, 0.15645430982112885, 0.41896167397499084, 0.1717846542596817, 0.14309491217136383, 0.4312823414802551, 0.48043420910835266, 0.2780105769634247, 0.5523031949996948, 0.2234756201505661, 0.00537040363997221, 0.3155097961425781, 0.16297928988933563, 0.14103367924690247, 0.005621979013085365, 0.35582104325294495, 0.25481608510017395, 0.2759980857372284, 0.16339227557182312, 0.532958984375, 0.3284558355808258, 0.19850797951221466, 0.4097047746181488, 0.10778646916151047, 0.21981798112392426, 0.08605341613292694, 0.2675248384475708, 0.38652899861335754, 0.21539147198200226, 0.36315780878067017, 0.29556044936180115, 0.3353070616722107, 0.3036825954914093, 0.2197893261909485, 0.3178086578845978, 0.13860639929771423, 0.3369869291782379, 0.17290864884853363, 0.38021284341812134, 0.3527376055717468, 0.1410588026046753, 0.3322252631187439, 0.49220597743988037, 0.23220227658748627, 0.32511603832244873, 0.1777147799730301, 0.006529951002448797, 0.35398828983306885, 0.2376827448606491, 0.39112040400505066, 0.167559415102005, 0.11271101236343384]
val step Loss: [0.7164496183395386, 0.4973893165588379, 0.5259233713150024, 0.4432719647884369, 0.4111877381801605, 0.6405278444290161, 0.7146161794662476, 0.333890438079834, 0.7084237337112427, 0.5830338001251221, 0.1725778430700302, 0.399709552526474, 1.015695333480835, 0.2542281448841095, 0.7430111765861511, 0.0837179571390152]
Train step Accs: [0.91344406955619, 0.9551251771374587, 0.9527632811454569, 0.9051530993278566, 0.9277157087091129, 0.8705263157894737, 0.9485751719620046, 0.9462943071965628, 0.9287921348314607, 0.9319066147859922, 0.9389355742296919, 0.8740409207161125, 0.9643218257980645, 0.8973066397810745, 0.9551606288448393, 0.967340118487012, 0.8892599519102324, 0.8814688565230865, 0.9306392358559883, 0.8594476346732294, 0.9465194012498184, 0.9998736735725113, 0.9224734656206738, 0.9588020674977197, 0.9649754972614586, 0.9997389715478987, 0.9090909090909091, 0.9374216202658641, 0.9264705882352942, 0.9585726004922067, 0.8668668668668669, 0.9146229508196722, 0.946958889897549, 0.8936627282491945, 0.9749548153885876, 0.942201006321765, 0.9778108342630469, 0.9288250961823025, 0.916566265060241, 0.9477671451355661, 0.9093175853018373, 0.922915638875185, 0.9145111226073461, 0.9220844927902858, 0.9443708609271523, 0.9264959723820483, 0.9652761032071376, 0.9144588333135322, 0.9548754448398576, 0.9024750227066304, 0.9137023448715904, 0.964881729792483, 0.9172134580483038, 0.8776934749620637, 0.9429401866299526, 0.9194448224248197, 0.9531498147167814, 0.9997510889856877, 0.9136055292461283, 0.9436111111111111, 0.8983265720081136, 0.9590010105384726, 0.9727746212121212]
val step Accs: [0.8318162115301257, 0.8864832535885168, 0.8745049842960535, 0.8903283735248846, 0.8987801712950947, 0.8433234421364986, 0.8176795580110497, 0.9221414593234554, 0.8190284029178954, 0.8568341437061048, 0.963302752293578, 0.8943499567598732, 0.755509463313456, 0.9420880913539967, 0.8337611538931671, 0.9803010181496238]
Preds: [17, 17, 296, 217, 479, 331, 360, 360, 360, 360, 143, 465, 458, 458, 458, 192, 445, 351, 351, 351, 432, 432, 330, 330, 330, 434, 434, 434, 200, 219, 219, 219, 19, 19, 19, 19, 19, 19, 454, 454, 102, 102, 102, 102, 102, 102, 170, 82, 170, 102, 392, 392, 392, 63, 63, 63, 63, 63, 63, 63, 63, 63, 73, 244, 289, 320, 321, 7, 7, 309, 479, 479, 398, 324, 177, 143, 143, 129, 401, 401, 196, 196, 65, 65, 46, 46, 46, 46, 146, 438, 285, 251, 81, 324, 191, 251, 251, 251, 314, 10, 251, 241, 241, 241, 431, 106, 106, 153, 153, 153, 182, 182, 182, 182, 182, 182, 497, 122, 129, 129, 259, 208, 345, 100, 100, 122, 129, 129, 36, 36, 449, 494, 87, 87, 251, 129, 36, 129, 401, 401, 75, 377, 377, 377, 106, 106, 426, 206, 206, 206, 35, 35, 35, 401, 401, 354, 7, 354, 345, 213, 278, 278, 171, 207, 207, 207, 207, 207, 207, 207, 207, 207, 19, 454, 414, 414, 170, 170, 170, 392, 392, 392, 392, 392, 392, 392, 63, 63, 63, 63, 63, 63, 63, 63, 392, 73, 289, 320, 287, 287, 284, 460, 460, 460, 284, 43, 43, 35, 251, 88, 109, 153, 153, 182, 387, 387, 122, 406, 146, 207, 207, 207, 207, 246, 246, 19, 48, 143, 338, 338, 338, 338, 338, 338, 338, 338, 400, 324, 213, 324, 464, 464, 464, 464, 355, 318, 31, 99, 338, 338, 338, 338, 338, 338, 400, 213, 213, 374, 286, 464, 285, 10, 10, 398, 398, 398, 331, 331, 84, 153, 426, 284, 284, 284, 426, 426, 375, 375, 98, 98, 413, 413, 303, 303, 243, 32, 384, 478, 107, 107, 107, 213, 374, 355, 264, 264, 264, 468, 139, 375, 375, 98, 98, 98, 98, 98, 98, 13, 170, 170, 75, 188, 441, 287, 100, 98, 98, 98, 98, 13, 13, 170, 170, 170, 170, 392, 392, 63, 63, 63, 63, 63, 63, 63, 63, 63, 63, 63, 63, 63, 63, 63, 63, 63, 63, 63, 63, 63, 63, 63, 63, 63, 63, 73, 289, 320, 320, 287, 287, 284, 284, 284, 284, 284, 111, 111, 240, 94, 10, 250, 251, 241, 331, 250, 398, 331, 443, 324, 301, 301, 301, 3, 246, 246, 246, 246, 246, 246, 246, 246, 99, 99, 338, 338, 338, 338, 338, 338, 400, 213, 219, 374, 374, 132, 132, 132, 132, 132, 88, 88, 375, 375, 387, 43, 43, 129, 401, 401, 354, 354, 196, 196, 445, 106, 213, 213, 213, 213, 3, 99, 458, 401, 75, 401, 401, 25, 106, 213, 34, 34, 34, 41, 19, 19, 19, 19, 454, 32, 32, 32, 354, 75, 445, 445, 213, 180, 443, 171, 171, 416, 458, 208, 445, 445, 171, 464, 464, 240, 240, 314, 314, 239, 401, 354, 354, 354, 420, 213, 213, 213, 246, 246, 246, 48, 442, 303, 48, 170, 170, 170, 170, 392, 392, 392, 392, 392, 392, 392, 392, 392, 289, 320, 7, 7, 114, 213, 213, 213, 246, 246, 246, 246, 246, 454, 414, 414, 197, 226, 80, 32, 32, 32, 32, 354, 107, 107, 213, 374, 374, 264, 264, 240, 120, 120, 251, 35, 35, 32, 401, 32, 354, 473, 473, 473, 213, 429, 324, 3, 3, 143, 239, 310, 107, 107, 107, 395, 395, 213, 213, 213, 19, 454, 454, 17, 170, 219, 264, 264, 264, 264, 120, 120, 120, 120, 403, 403, 403, 403, 403, 403, 403, 403, 403, 403, 403, 403, 403, 403, 403, 403, 403, 403, 403, 403, 403, 403, 403, 403, 403, 403]

ep383
Train step Loss: [0.32820531725883484, 0.46540120244026184, 0.4178088307380676, 0.3641740679740906, 0.15059144794940948, 0.5968974828720093, 0.3258015513420105, 0.32452669739723206, 0.23976333439350128, 0.2964174449443817, 0.3526018559932709, 0.744884192943573, 0.2572324275970459, 0.3679410517215729, 0.1503904014825821, 0.5713184475898743, 0.37219810485839844, 0.2796684801578522, 0.3375602066516876, 0.23120644688606262, 0.381155401468277, 0.16826729476451874, 0.1738230288028717, 0.13026005029678345, 0.14804521203041077, 0.39947906136512756, 0.38619256019592285, 0.5330655574798584, 0.1379319727420807, 0.040348321199417114, 0.18511827290058136, 0.6897180080413818, 0.15865127742290497, 0.01845511980354786, 0.21688471734523773, 0.021246151998639107, 0.15743951499462128, 0.2561779320240021, 0.6042407155036926, 0.3680453598499298, 0.21849769353866577, 0.23695941269397736, 0.3797817826271057, 0.010787706822156906, 0.3762977719306946, 0.15271686017513275, 0.2204865664243698, 0.5167346596717834, 0.01893358677625656, 0.25316566228866577, 0.5096144676208496, 0.11937420070171356, 0.04320378229022026, 0.1185959056019783, 0.2747196555137634, 0.014629467390477657, 0.2711596190929413, 0.22447353601455688, 0.14445723593235016, 0.23273952305316925, 0.27959680557250977, 0.17181521654129028, 0.1052108108997345]
val step Loss: [0.28777948021888733, 0.924460232257843, 0.4571937918663025, 0.7090243697166443, 0.4651111662387848, 0.27970755100250244, 0.4663100242614746, 0.8041474223136902, 0.4338338375091553, 0.4729287028312683, 0.3694963753223419, 0.8246319890022278, 0.30520978569984436, 0.620867908000946, 0.6137705445289612, 0.30394384264945984]
Train step Accs: [0.9169363538295577, 0.8863835650757861, 0.891683569979716, 0.9148901279107904, 0.9639955169515271, 0.8439531859557867, 0.9140040384843806, 0.9184149184149184, 0.9414577597449645, 0.922137784975707, 0.9471153846153846, 0.8171165240289664, 0.931827865360034, 0.9113653699466057, 0.9625855088650007, 0.855896901848477, 0.9039638201649375, 0.9269139919410866, 0.9132345554997489, 0.9389862753091452, 0.9055649241146712, 0.9586433886662851, 0.9578879587894398, 0.9672437414372899, 0.9627866182182684, 0.9005141030985133, 0.9006099251455503, 0.8736744432661718, 0.9648410141476397, 0.9911212945725333, 0.9526315789473684, 0.8259467040673212, 0.9615614896419591, 0.9966492926284438, 0.9460157402852927, 0.9950073421439061, 0.9619277836531198, 0.937991990056622, 0.8526970954356846, 0.9076882149507848, 0.9464668094218416, 0.9439749182115594, 0.9077745890947039, 0.9983363371690004, 0.9041293676003466, 0.9618941916389198, 0.9429594929732709, 0.8744419642857143, 0.9961028838659393, 0.9334172611554064, 0.8807919703011137, 0.9729800975352577, 0.9894323671497585, 0.9696124895455812, 0.92861961948455, 0.997917245209664, 0.9345820916702142, 0.943082898084907, 0.9635908018867925, 0.9435042957563134, 0.9326030927835052, 0.957945205479452, 0.9792254424211336]
val step Accs: [0.9343981745579008, 0.7778493238892467, 0.8803442152711378, 0.8372747747747747, 0.890469765730406, 0.9303312346016972, 0.8822046714837842, 0.8151404151404151, 0.8911667583929554, 0.8848771004027218, 0.9104125736738703, 0.7949152542372881, 0.9324878776575904, 0.8459824536972567, 0.8492612172970042, 0.9255207237534189]
Preds: [17, 17, 30, 324, 422, 143, 164, 164, 164, 14, 287, 287, 145, 111, 111, 111, 330, 438, 438, 335, 14, 14, 14, 411, 287, 145, 145, 486, 486, 428, 85, 85, 299, 207, 207, 19, 19, 454, 454, 454, 56, 56, 56, 170, 312, 312, 187, 187, 187, 1, 1, 1, 1, 408, 408, 391, 391, 228, 228, 321, 321, 320, 287, 287, 287, 287, 284, 284, 284, 284, 284, 284, 426, 426, 426, 450, 293, 293, 293, 122, 349, 349, 349, 234, 234, 234, 261, 25, 25, 106, 346, 346, 426, 480, 480, 85, 85, 299, 388, 388, 116, 10, 398, 398, 398, 398, 464, 464, 464, 139, 315, 315, 315, 315, 426, 450, 450, 450, 450, 413, 413, 250, 250, 43, 276, 346, 346, 284, 284, 284, 284, 426, 426, 426, 426, 426, 426, 413, 413, 413, 43, 43, 276, 276, 346, 346, 499, 428, 428, 146, 240, 240, 285, 285, 406, 337, 337, 324, 324, 422, 368, 31, 162, 232, 232, 172, 115, 115, 267, 267, 267, 267, 324, 3, 3, 3, 188, 188, 464, 464, 120, 120, 271, 271, 31, 162, 232, 232, 232, 232, 172, 172, 115, 273, 273, 273, 273, 151, 84, 84, 84, 355, 355, 355, 452, 452, 452, 263, 263, 414, 414, 170, 170, 170, 170, 28, 28, 244, 2, 2, 2, 2, 2, 2, 2, 63, 63, 63, 63, 63, 63, 63, 63, 63, 244, 321, 249, 249, 249, 249, 320, 7, 7, 345, 153, 497, 497, 497, 122, 122, 216, 58, 58, 110, 110, 110, 443, 443, 486, 460, 240, 240, 285, 285, 285, 300, 134, 134, 88, 88, 88, 42, 42, 42, 147, 380, 288, 288, 213, 213, 213, 246, 246, 246, 246, 246, 246, 246, 19, 19, 19, 454, 454, 454, 454, 414, 170, 170, 170, 170, 28, 40, 40, 40, 40, 2, 40, 40, 63, 63, 63, 63, 2, 63, 63, 2, 63, 244, 63, 63, 63, 63, 63, 63, 63, 63, 63, 63, 244, 73, 73, 321, 102, 102, 320, 7, 7, 7, 152, 152, 152, 152, 374, 374, 378, 378, 43, 43, 43, 276, 276, 346, 346, 346, 284, 284, 284, 284, 284, 405, 405, 206, 206, 206, 206, 206, 167, 35, 35, 259, 259, 74, 437, 437, 437, 284, 284, 284, 284, 284, 284, 426, 426, 426, 426, 426, 426, 426, 206, 282, 282, 388, 388, 348, 94, 199, 467, 337, 337, 264, 207, 207, 464, 464, 468, 468, 467, 467, 467, 467, 245, 245, 497, 349, 349, 349, 155, 155, 155, 155, 441, 148, 148, 148, 153, 153, 182, 182, 182, 182, 182, 182, 182, 182, 182, 497, 497, 497, 43, 43, 276, 70, 70, 65, 46, 46, 46, 428, 146, 146, 146, 146, 219, 219, 464, 464, 286, 374, 374, 374, 132, 337, 324, 324, 464, 464, 355, 355, 355, 355, 263, 263, 17, 83, 403, 403, 403, 403, 403, 403, 403, 403, 403, 403, 403, 403, 403, 403, 403, 403, 403, 403, 403, 403, 403, 403, 403, 403, 403, 403, 403, 403, 403, 403, 403, 403, 403, 403, 403, 403, 403, 403, 403, 403, 403, 403, 403, 403, 403, 403, 403, 403, 403, 403, 403, 403, 403, 403, 403, 403, 403, 403, 403, 403, 403, 403, 403, 403, 403, 403, 403, 403, 403, 403, 403, 403, 403, 403, 403, 403, 403, 403, 403, 403, 403, 403, 403, 403, 403, 403, 403, 403, 403, 403, 403, 403, 403, 403, 403, 403, 403, 403, 403, 403, 403, 403, 403, 403, 403, 403, 403, 403, 403, 403, 403, 403, 403, 403, 403, 403, 403, 403, 403, 403, 403, 403, 403, 403, 403, 403]

ep384
Train step Loss: [0.010830419138073921, 0.3098314702510834, 0.3784277141094208, 0.15379397571086884, 0.4847484230995178, 0.17867442965507507, 0.6816883683204651, 0.1902053952217102, 0.06347057223320007, 0.08850788325071335, 0.0053305067121982574, 0.31714314222335815, 0.29247286915779114, 0.04536977782845497, 0.31077492237091064, 0.21110957860946655, 0.28544899821281433, 0.28669267892837524, 0.12252835929393768, 0.25611287355422974, 0.20655997097492218, 0.3945515751838684, 0.2714003026485443, 0.16761285066604614, 0.06243863329291344, 0.5003997683525085, 0.2860479950904846, 0.05645319074392319, 0.3387467563152313, 0.394209086894989, 0.4578697383403778, 0.6055923700332642, 0.4451611638069153, 0.17309565842151642, 0.07246705889701843, 0.28963515162467957, 0.3179800510406494, 0.20523540675640106, 0.19611528515815735, 0.24776524305343628, 0.20113079249858856, 0.38130542635917664, 0.4523979127407074, 0.17685823142528534, 0.2558329105377197, 0.4184058904647827, 0.2851436734199524, 0.2225092500448227, 0.22776465117931366, 0.09003344178199768, 0.3112151324748993, 0.33547672629356384, 0.46211183071136475, 0.14938275516033173, 0.26625287532806396, 0.24852393567562103, 0.5295438766479492, 0.34018847346305847, 0.5748538374900818, 0.06866302341222763, 0.16556407511234283, 0.4075256586074829, 0.3444459140300751]
val step Loss: [0.4866107106208801, 0.19502082467079163, 0.6864294409751892, 0.6449859738349915, 0.6197863221168518, 0.6670469045639038, 0.6886390447616577, 0.4879716634750366, 0.31503424048423767, 0.20221059024333954, 0.36563462018966675, 0.063232421875, 0.6185402870178223, 0.558196485042572, 0.9254753589630127, 0.565310537815094]
Train step Accs: [0.9989206044615015, 0.9229877656149388, 0.9044712562100781, 0.9628194085558427, 0.8777499670662626, 0.9516861665519615, 0.824405157516948, 0.9503324738770526, 0.9850355949440651, 0.9785796434732605, 1.0, 0.9209064985742158, 0.9266646210494016, 0.9897507275718082, 0.9198317614070864, 0.9454391483184128, 0.9287563170220634, 0.9317553027974178, 0.9690238924240605, 0.934339936279263, 0.9475896492841193, 0.9035832154644036, 0.9311160772972262, 0.9547836502470429, 0.9853869969040248, 0.8685596813568033, 0.9306490708322112, 0.9856832185574483, 0.912828947368421, 0.8968265904647316, 0.8839343414760243, 0.851890756302521, 0.888814197364883, 0.9567820879979172, 0.9833747872758214, 0.9313475177304964, 0.9182680309458447, 0.9535066981875493, 0.9498392282958199, 0.9370562534134352, 0.9487795118047219, 0.9043619954875909, 0.8816274454210377, 0.9573855850918059, 0.9326653306613226, 0.892058900867736, 0.9271573604060914, 0.9467580390089615, 0.9439450890668409, 0.9759236197592362, 0.9440747557695031, 0.921334599213346, 0.881790664330094, 0.9620954003407155, 0.9332295940019805, 0.9379446640316206, 0.867016003398952, 0.9161318553092183, 0.8571954813359528, 0.983016983016983, 0.9594067135050741, 0.8978391684901532, 0.9145173176123802]
val step Accs: [0.8823273990447242, 0.9523066926575698, 0.8283837806967447, 0.8512283327098142, 0.8481547924141466, 0.8370538698035022, 0.8361018826135105, 0.8789155040800211, 0.9271030762501823, 0.9515033947623667, 0.9106552863436124, 0.985165927511852, 0.8470093584700936, 0.8635372579197127, 0.782098219921727, 0.8548084650415215]
Preds: [17, 17, 287, 287, 284, 284, 319, 450, 450, 450, 169, 169, 76, 76, 349, 234, 234, 234, 234, 234, 234, 261, 25, 106, 25, 106, 284, 428, 428, 330, 388, 388, 10, 10, 10, 309, 479, 398, 398, 324, 324, 422, 186, 162, 162, 232, 232, 172, 172, 115, 273, 267, 267, 267, 324, 324, 3, 3, 14, 14, 411, 188, 188, 171, 443, 443, 271, 178, 143, 96, 54, 232, 232, 86, 238, 6, 336, 336, 440, 145, 145, 145, 486, 486, 460, 468, 406, 406, 406, 42, 132, 32, 32, 32, 32, 239, 82, 310, 107, 107, 107, 395, 395, 286, 286, 264, 264, 264, 120, 120, 120, 120, 120, 207, 178, 178, 143, 233, 233, 170, 170, 170, 312, 312, 170, 170, 82, 170, 170, 187, 187, 187, 244, 2, 2, 2, 2, 244, 392, 316, 316, 392, 244, 73, 73, 73, 244, 287, 287, 100, 293, 293, 43, 43, 8, 129, 144, 208, 27, 346, 106, 174, 426, 319, 348, 348, 348, 199, 199, 250, 250, 98, 197, 129, 401, 401, 7, 7, 217, 473, 109, 443, 313, 236, 406, 285, 337, 324, 324, 324, 340, 33, 94, 199, 331, 324, 116, 116, 33, 94, 199, 331, 331, 331, 138, 138, 138, 138, 138, 182, 497, 43, 43, 8, 32, 239, 208, 441, 437, 100, 346, 426, 426, 319, 348, 348, 94, 250, 250, 303, 375, 98, 98, 98, 13, 414, 170, 170, 170, 170, 170, 170, 28, 2, 2, 2, 2, 2, 2, 2, 2, 2, 2, 73, 73, 73, 244, 320, 7, 7, 70, 65, 481, 284, 206, 206, 169, 240, 35, 35, 75, 66, 66, 323, 323, 397, 397, 106, 153, 153, 153, 182, 387, 150, 349, 349, 234, 234, 234, 234, 261, 25, 25, 100, 100, 375, 375, 497, 497, 98, 98, 98, 197, 226, 226, 226, 209, 209, 442, 287, 287, 284, 284, 284, 284, 480, 480, 480, 480, 480, 480, 480, 480, 480, 282, 282, 282, 388, 303, 303, 303, 195, 195, 195, 250, 250, 250, 250, 250, 109, 278, 278, 403, 171, 171, 207, 207, 207, 24, 416, 32, 32, 354, 384, 106, 180, 106, 153, 153, 387, 349, 349, 349, 234, 234, 261, 25, 106, 148, 148, 148, 148, 153, 182, 182, 182, 182, 406, 132, 42, 42, 495, 134, 132, 132, 98, 98, 98, 98, 13, 170, 170, 170, 170, 170, 170, 170, 312, 187, 187, 187, 187, 391, 391, 392, 392, 73, 73, 73, 320, 310, 107, 323, 323, 323, 397, 273, 106, 106, 153, 182, 182, 182, 182, 182, 182, 182, 182, 182, 182, 182, 182, 182, 345, 122, 129, 129, 129, 259, 75, 75, 107, 107, 323, 323, 106, 106, 106, 481, 100, 375, 98, 98, 98, 13, 17, 219, 251, 278, 278, 278, 278, 403, 403, 403, 403, 403, 403, 403, 403, 403, 403, 403, 403, 403, 403, 403, 403, 403, 403, 403, 403, 403, 403, 403, 403, 403, 403, 403, 403, 403, 403, 403, 403, 403, 403, 403, 403, 403, 403, 403, 403, 403, 403, 403, 403, 403, 403, 403, 403, 403, 403, 403, 403, 403, 403, 403, 403, 403, 403, 403, 403, 403, 403, 403, 403, 403, 403, 403, 403, 403, 403, 403, 403, 403, 403, 403, 403, 403, 403, 403, 403, 403, 403, 403, 403, 403, 403, 403, 403, 403, 403, 403, 403, 403, 403, 403, 403, 403, 403, 403, 403, 403, 403, 403, 403, 403, 403, 403, 403, 403, 403, 403, 403, 403, 403, 403, 403, 403, 403, 403, 403, 403, 403, 403, 403, 403, 403, 403, 403, 403, 403, 403, 403, 403, 403, 403, 403, 403, 403]

ep385
Train step Loss: [0.2496388554573059, 0.322627991437912, 0.10706232488155365, 0.21050474047660828, 0.3043467104434967, 0.05878371000289917, 0.25226259231567383, 0.2622544765472412, 0.388985276222229, 0.30115798115730286, 0.24564220011234283, 0.6145000457763672, 0.005395462736487389, 0.30545857548713684, 0.400253564119339, 0.35241034626960754, 0.5108402371406555, 0.30409538745880127, 0.19990380108356476, 0.18583442270755768, 0.23393437266349792, 0.1470487415790558, 0.17510969936847687, 0.4473925828933716, 0.1961657553911209, 0.2368718683719635, 0.3525169789791107, 0.41853153705596924, 0.24378971755504608, 0.22469362616539001, 0.6282222270965576, 0.1557287573814392, 0.1762414276599884, 0.2911241352558136, 0.4050256609916687, 0.19526240229606628, 0.13328883051872253, 0.19544485211372375, 0.1916794329881668, 0.06926718354225159, 0.3985172212123871, 0.24873709678649902, 0.3388298749923706, 0.2697198688983917, 0.280170738697052, 0.11652501672506332, 0.2651195526123047, 0.2402854561805725, 0.4623623788356781, 0.16548113524913788, 0.4320860505104065, 0.005979063455015421, 0.4240607023239136, 0.24910074472427368, 0.38679754734039307, 0.1678726226091385, 0.6714841723442078, 0.2394593507051468, 0.06652729213237762, 0.2713887393474579, 0.15254110097885132, 0.34043315052986145, 0.3397655487060547]
val step Loss: [0.3891106843948364, 0.4456177353858948, 0.24398843944072723, 0.5379189848899841, 1.0466523170471191, 0.6283801198005676, 0.4315822422504425, 0.4205499291419983, 0.9755054116249084, 0.606376051902771, 0.49059000611305237, 0.33392468094825745, 0.5089340209960938, 0.5175305604934692, 0.2680339813232422, 0.41956573724746704]
Train step Accs: [0.9345722623252957, 0.9228382000282127, 0.9738422527692513, 0.9483186328555678, 0.9222037652270211, 0.9858618814573138, 0.9367764915405165, 0.9321958456973294, 0.9040514645496852, 0.9210298304245575, 0.9361470175985049, 0.8442412117747928, 1.0, 0.9193330881451514, 0.8951947530451078, 0.9119521394199506, 0.8798673381648446, 0.9241323648103309, 0.9538345864661654, 0.9547540147846036, 0.9365339898782656, 0.9609978472837787, 0.9554502369668246, 0.883983997792799, 0.9507502420135527, 0.9476876421531463, 0.9129061371841155, 0.8972649340046265, 0.9397062976560294, 0.9430291153415453, 0.8360059291200647, 0.9656718509177525, 0.9531819456125595, 0.9272727272727272, 0.8951954194672641, 0.9480201387943938, 0.9682002706359946, 0.9517062954293458, 0.9547188384397687, 0.983690766662386, 0.8969199814270237, 0.9355015031429352, 0.914574165156614, 0.9341935483870968, 0.9320818667709555, 0.9722509034589571, 0.9325137982940291, 0.9370739381227058, 0.9122881959276662, 0.9558757316524088, 0.8911444542512503, 1.0, 0.8946093276801939, 0.9410559305689489, 0.8964943882499654, 0.9571569040595589, 0.8359438293275723, 0.9396138771955291, 0.984446800989749, 0.9337956299882245, 0.9596335148054708, 0.9108910891089109, 0.9149437320073279]
val step Accs: [0.9002288945738521, 0.8884747278962278, 0.9421981776765376, 0.860769535898453, 0.7451131687242798, 0.8471452506766336, 0.9015222955678297, 0.8996792815907633, 0.7689317785819595, 0.8514814814814815, 0.8842770753161078, 0.9176672384219554, 0.8773666092943201, 0.875064135454079, 0.9334923530237127, 0.9019275577208219]
Preds: [17, 17, 17, 251, 251, 241, 331, 443, 443, 432, 330, 330, 330, 360, 200, 434, 434, 324, 324, 324, 324, 324, 301, 301, 303, 303, 303, 309, 479, 479, 331, 331, 106, 284, 284, 284, 284, 426, 426, 426, 375, 98, 98, 98, 263, 13, 13, 82, 82, 170, 170, 392, 392, 392, 63, 63, 63, 63, 63, 63, 63, 63, 63, 63, 63, 63, 63, 63, 73, 244, 289, 289, 20, 320, 241, 431, 486, 486, 460, 460, 169, 150, 35, 77, 164, 224, 494, 494, 422, 186, 99, 99, 338, 338, 338, 338, 400, 400, 400, 444, 213, 324, 246, 246, 246, 246, 422, 99, 99, 338, 338, 338, 400, 400, 400, 485, 374, 374, 374, 132, 132, 345, 132, 132, 497, 122, 122, 129, 401, 401, 401, 82, 259, 354, 74, 420, 420, 324, 324, 301, 301, 239, 196, 309, 217, 473, 398, 398, 324, 324, 252, 252, 143, 36, 36, 310, 107, 107, 107, 395, 41, 41, 19, 19, 454, 454, 454, 237, 237, 237, 237, 237, 237, 237, 237, 170, 20, 170, 392, 392, 392, 392, 392, 392, 392, 392, 392, 392, 392, 73, 73, 289, 321, 209, 287, 287, 145, 486, 460, 460, 167, 215, 35, 401, 320, 196, 473, 473, 429, 324, 324, 324, 143, 143, 129, 401, 401, 401, 208, 445, 445, 445, 445, 485, 485, 374, 374, 132, 132, 132, 122, 196, 10, 212, 398, 324, 324, 301, 143, 129, 259, 354, 196, 196, 65, 65, 46, 46, 46, 146, 146, 146, 219, 324, 324, 143, 99, 338, 338, 338, 338, 400, 400, 213, 286, 374, 374, 132, 132, 88, 182, 182, 182, 182, 497, 43, 43, 129, 129, 197, 259, 188, 188, 324, 301, 8, 8, 217, 65, 65, 65, 138, 174, 174, 348, 348, 94, 251, 251, 431, 431, 486, 460, 460, 85, 468, 468, 406, 406, 467, 337, 499, 486, 169, 167, 35, 35, 150, 342, 68, 68, 68, 68, 115, 336, 273, 267, 213, 213, 213, 213, 246, 246, 3, 14, 188, 188, 188, 171, 171, 171, 37, 233, 233, 310, 270, 433, 68, 68, 68, 97, 336, 7, 188, 287, 284, 284, 284, 284, 306, 306, 59, 59, 59, 452, 263, 263, 263, 17, 17, 219, 278, 278, 278, 278, 278, 278, 278, 278, 278, 278, 278, 278, 278, 403, 403, 403, 403, 403, 403, 403, 403, 403, 403, 403, 403, 403, 403, 403, 403, 403, 403, 403, 403, 403, 403, 403, 403, 403, 403, 403, 403, 403, 403, 403, 403, 403, 403, 403, 403, 403, 403, 403, 403, 403, 403, 403, 403, 403, 403, 403, 403, 403, 403, 403, 403, 403, 403, 403, 403, 403, 403, 403, 403, 403, 403, 403, 403, 403, 403, 403, 403, 403, 403, 403, 403, 403, 403, 403, 403, 403, 403, 403, 403, 403, 403, 403, 403, 403, 403, 403, 403, 403, 403, 403, 403, 403, 403, 403, 403, 403, 403, 403, 403, 403, 403, 403, 403, 403, 403, 403, 403, 403, 403, 403, 403, 403, 403, 403, 403, 403, 403, 403, 403, 403, 403, 403, 403, 403, 403, 403, 403, 403, 403, 403, 403, 403, 403, 403, 403, 403, 403, 403, 403, 403, 403, 403, 403, 403, 403, 403, 403, 403, 403, 403, 403, 403, 403, 403, 403, 403, 403, 403, 403, 403, 403, 403, 403, 403, 403, 403, 403, 403, 403, 403, 403, 403, 403, 403, 403, 403, 403, 403, 403, 403, 403, 403, 403, 403, 403, 403, 403, 403, 403, 403, 403, 403, 403, 403, 403, 403, 403, 403, 403, 403, 403, 403, 403, 403, 403, 403, 403, 403, 403, 403, 403, 403, 403, 403, 403]

ep386
Train step Loss: [0.16688649356365204, 0.07138241827487946, 0.2608305811882019, 0.11494456976652145, 0.18638776242733002, 0.2799725830554962, 0.5908753871917725, 0.3339180648326874, 0.3786724805831909, 0.30444085597991943, 0.19173069298267365, 0.5745275020599365, 0.3393956124782562, 0.2838747799396515, 0.3994561731815338, 0.3804759681224823, 0.16352654993534088, 0.4863213300704956, 0.35756540298461914, 0.33636829257011414, 0.3170159161090851, 0.2848556339740753, 0.364228218793869, 0.3453824520111084, 0.1452232003211975, 0.2192213088274002, 0.22250303626060486, 0.43691349029541016, 0.31449398398399353, 0.13563095033168793, 0.005077994428575039, 0.18481001257896423, 0.1222371831536293, 0.36605268716812134, 0.13548898696899414, 0.1495448648929596, 0.18079866468906403, 0.04156006500124931, 0.2392563372850418, 0.5503730177879333, 0.07834120094776154, 0.30971330404281616, 0.2758108079433441, 0.13814648985862732, 0.35878074169158936, 0.18992596864700317, 0.6110185384750366, 0.3611406683921814, 0.5686719417572021, 0.22325585782527924, 0.2106747031211853, 0.024226685985922813, 0.6853784322738647, 0.3785554766654968, 0.0758492648601532, 0.3090415298938751, 0.4435257613658905, 0.18602924048900604, 0.5491499900817871, 0.22515740990638733, 0.2107509970664978, 0.3597949743270874, 0.19455008208751678]
val step Loss: [0.4418264627456665, 0.6631320714950562, 0.526073157787323, 0.24768857657909393, 0.5314087867736816, 0.5507001280784607, 0.6742978692054749, 0.3225290775299072, 1.0791361331939697, 0.39152461290359497, 0.7464368343353271, 0.6476187109947205, 0.3454808294773102, 0.5070116519927979, 0.3111145794391632, 0.5754308104515076]
Train step Accs: [0.9575939457202505, 0.9819371355425971, 0.9324692158133506, 0.9717900063251107, 0.9519090644127076, 0.9253129946754929, 0.8454193548387097, 0.9124125421093547, 0.9053197353914002, 0.9227192762000502, 0.9513506249160059, 0.8557759954973969, 0.9178463094034378, 0.9294512877939529, 0.9092602448110697, 0.9024971941638609, 0.9588578844905905, 0.9004317676305116, 0.9140909090909091, 0.9124285714285715, 0.920378767671379, 0.9343955014058107, 0.9110805230557467, 0.913065582104728, 0.9616908850726552, 0.9452273331560755, 0.9427172582619339, 0.8882909328114807, 0.9177367010018344, 0.9667452212621105, 1.0, 0.953871254820528, 0.9703671581381902, 0.9075184823545822, 0.9663216437509655, 0.9635870341282308, 0.9538604940189529, 0.9902821683643601, 0.9384615384615385, 0.8627394909922791, 0.9805433186490455, 0.9240133779264214, 0.9268482490272374, 0.9670344456404736, 0.9084267539992442, 0.9514041850220264, 0.8429649795817349, 0.9121602689829084, 0.8523888428610881, 0.9415921546005191, 0.9473958333333333, 0.9945543896931863, 0.8237669807857055, 0.9194181818181818, 0.983081911743973, 0.9236538976694347, 0.8906339234723015, 0.9506891634980988, 0.8591615638247763, 0.9443631039531479, 0.9472524624157594, 0.9084324883600621, 0.954426151276545]
val step Accs: [0.8945494385099972, 0.8398352002059998, 0.8725084131504013, 0.9400971397733405, 0.8722434396944684, 0.8669812711989382, 0.8294826720241085, 0.9159542095348501, 0.7320604018469986, 0.9129652691296527, 0.8218800851170359, 0.845316528215411, 0.9179070124290317, 0.8811615785554728, 0.9246269608468307, 0.8627019089574156]
Preds: [17, 17, 309, 479, 473, 398, 360, 340, 330, 17, 36, 259, 36, 108, 168, 168, 494, 382, 382, 406, 406, 467, 467, 337, 337, 301, 301, 203, 129, 129, 196, 196, 70, 473, 473, 429, 213, 324, 171, 246, 246, 246, 246, 246, 246, 19, 19, 19, 454, 225, 226, 414, 414, 82, 83, 287, 287, 284, 460, 215, 215, 35, 35, 35, 259, 441, 441, 276, 153, 153, 153, 497, 399, 399, 70, 70, 70, 70, 70, 138, 138, 138, 387, 387, 146, 146, 207, 324, 324, 324, 464, 464, 3, 457, 457, 129, 401, 401, 7, 7, 364, 276, 276, 109, 109, 109, 278, 213, 213, 324, 246, 246, 301, 8, 8, 354, 354, 354, 354, 84, 355, 62, 240, 240, 35, 36, 342, 342, 54, 54, 142, 494, 336, 196, 196, 374, 43, 153, 153, 182, 182, 497, 497, 43, 43, 364, 276, 276, 346, 284, 319, 428, 146, 388, 388, 94, 94, 94, 303, 303, 303, 303, 303, 199, 324, 324, 324, 464, 454, 233, 129, 401, 401, 401, 354, 196, 107, 68, 323, 395, 374, 496, 387, 153, 182, 182, 182, 182, 182, 182, 182, 182, 182, 182, 182, 182, 98, 129, 129, 129, 401, 401, 7, 75, 107, 323, 323, 106, 106, 387, 375, 387, 122, 129, 13, 13, 13, 170, 170, 170, 170, 47, 47, 170, 187, 305, 305, 12, 12, 12, 12, 12, 12, 21, 408, 392, 392, 73, 73, 320, 320, 320, 7, 7, 188, 213, 177, 258, 31, 342, 232, 232, 172, 172, 172, 273, 267, 213, 213, 464, 374, 132, 132, 132, 406, 250, 43, 375, 375, 274, 236, 129, 401, 77, 232, 172, 172, 172, 273, 106, 151, 284, 284, 284, 284, 284, 284, 284, 284, 376, 376, 376, 460, 85, 85, 85, 85, 85, 85, 468, 468, 467, 467, 337, 337, 284, 284, 284, 460, 169, 35, 35, 35, 36, 164, 401, 445, 68, 68, 115, 115, 115, 267, 267, 267, 213, 213, 301, 8, 43, 129, 401, 401, 354, 354, 354, 354, 354, 354, 196, 473, 398, 213, 213, 213, 213, 246, 246, 246, 246, 246, 246, 454, 454, 454, 414, 414, 170, 47, 47, 170, 47, 80, 80, 80, 80, 80, 73, 7, 7, 7, 441, 153, 153, 153, 153, 109, 387, 132, 99, 338, 338, 338, 338, 395, 395, 400, 400, 324, 324, 324, 246, 3, 246, 246, 246, 246, 246, 246, 246, 143, 99, 338, 338, 338, 338, 395, 395, 6, 395, 213, 213, 213, 213, 3, 3, 3, 19, 454, 454, 17, 414, 17, 414, 120, 120, 120, 120, 120, 120, 120, 120, 120, 120, 120, 120, 120, 120, 120, 120, 120, 120, 120, 120, 120, 120, 120, 120, 120, 120, 120, 120, 120, 120, 120, 120, 120, 120, 120, 120, 120, 120, 120, 120, 120, 120, 120, 120, 120, 120, 120, 120, 120, 120, 120, 120, 120, 120, 120, 120, 120, 120, 120, 120, 120, 120, 120, 120, 120, 120, 120, 120, 120, 120, 120, 120, 120, 120, 120, 120, 120, 120, 120, 120, 120, 120, 120, 120, 120, 120, 120, 120, 120, 120, 120, 120, 120, 120, 120, 120, 120, 120, 120, 120, 120, 120, 120, 120, 120, 120, 120, 120, 120, 120, 120, 120, 120, 120, 120, 120, 120, 120, 120, 120, 120, 120, 120, 120, 120, 120, 120, 120, 120, 120, 120, 120, 120, 120, 120, 120, 120, 120, 120, 120, 120, 120, 120, 120, 120, 120, 120, 120, 120, 120, 120, 120, 120, 120, 120, 120, 120, 120, 120, 120, 120, 120, 120, 120, 120, 120, 120, 120, 120, 120, 120, 120, 120, 120, 120, 120]

ep387
Train step Loss: [0.3037625551223755, 0.31784650683403015, 0.45455998182296753, 0.15109974145889282, 0.16388067603111267, 0.00910100806504488, 0.4655453562736511, 0.6934177279472351, 0.4259470999240875, 0.16091983020305634, 0.4226195812225342, 0.23893266916275024, 0.4182972013950348, 0.4463039040565491, 0.43757081031799316, 0.569889485836029, 0.29746466875076294, 0.25032705068588257, 0.3787217438220978, 0.00862346962094307, 0.21826110780239105, 0.14451119303703308, 0.20006930828094482, 0.43467092514038086, 0.3319687843322754, 0.24870167672634125, 0.33517882227897644, 0.11456261575222015, 0.2761663496494293, 0.07522356510162354, 0.10586970299482346, 0.16785576939582825, 0.21860791742801666, 0.10182671248912811, 0.39890021085739136, 0.4990471303462982, 0.14836090803146362, 0.3143785297870636, 0.20952361822128296, 0.34477320313453674, 0.1577455848455429, 0.3495890200138092, 0.18865834176540375, 0.28374987840652466, 0.4144936203956604, 0.041210293769836426, 0.5645049810409546, 0.2623087763786316, 0.27829238772392273, 0.13759827613830566, 0.3292672038078308, 0.537645697593689, 0.26314017176628113, 0.18775759637355804, 0.24376043677330017, 0.21456775069236755, 0.1634392887353897, 0.4398696720600128, 0.11736509203910828, 0.3680694103240967, 0.14463011920452118, 0.1832970529794693, 0.12794965505599976]
val step Loss: [0.5221616625785828, 0.6486431956291199, 0.8150847554206848, 0.5373042225837708, 0.45617324113845825, 0.4868987500667572, 0.40671730041503906, 0.5772882699966431, 0.6694225072860718, 0.557248055934906, 0.3120254576206207, 0.5763556361198425, 0.13792148232460022, 0.6513839364051819, 0.44440069794654846, 0.6914030909538269]
Train step Accs: [0.9208614426569798, 0.9187810786688767, 0.887003367003367, 0.9606144794901128, 0.9594353844045498, 0.9994146055905166, 0.8777874312192296, 0.8258850841555426, 0.8933577885497184, 0.959518736683795, 0.8946799891979476, 0.9395362933777845, 0.8927261613691931, 0.9104513637460777, 0.8903885480572598, 0.8501280956447481, 0.9241286863270778, 0.9345597897503285, 0.9051482932288752, 0.9995562130177514, 0.9458678228879254, 0.9680371020305841, 0.9501938923897237, 0.8853628536285363, 0.915725912312943, 0.9339268326610098, 0.9106663084363246, 0.9704032556418793, 0.9325641025641026, 0.9818048422597212, 0.9738139971817755, 0.9581311520865105, 0.9455991788555299, 0.9766955482521661, 0.89811272634532, 0.8829550511793502, 0.9619684082624544, 0.9192083502778907, 0.9466065820019118, 0.9140142517814727, 0.9584196272104508, 0.9100445843168109, 0.9516396580324104, 0.9316770186335404, 0.8930067676442153, 0.9892046356564534, 0.8605762846899482, 0.9344812490879907, 0.9285507246376812, 0.9654353953419375, 0.9136908517350157, 0.86778342805863, 0.9351571747994213, 0.952577045696068, 0.9385784964402075, 0.9466843182091708, 0.9576538303412361, 0.88630272252786, 0.9707241910631741, 0.9110158134548378, 0.9632721202003339, 0.9546510039612075, 0.968727789623312]
val step Accs: [0.8741137545296991, 0.8345864661654135, 0.8036157880209771, 0.8714670255720054, 0.8876064060020199, 0.8861073243276738, 0.9038312393361253, 0.8611727830743111, 0.8357122466457322, 0.8649265078560567, 0.9239290004003737, 0.8579048140043763, 0.9678388186710049, 0.8524183546920215, 0.8870719776380154, 0.8352022426912294]
Preds: [17, 196, 217, 217, 217, 217, 217, 473, 473, 65, 264, 264, 264, 264, 264, 264, 264, 264, 264, 264, 468, 468, 468, 467, 337, 337, 337, 324, 328, 3, 454, 197, 197, 197, 259, 354, 345, 109, 109, 109, 285, 288, 285, 313, 313, 337, 337, 337, 360, 360, 360, 360, 434, 434, 434, 200, 200, 398, 398, 324, 434, 434, 339, 339, 33, 33, 250, 250, 250, 250, 345, 153, 100, 424, 424, 424, 424, 182, 497, 497, 497, 122, 43, 75, 208, 208, 106, 481, 481, 481, 481, 426, 426, 306, 306, 372, 396, 396, 396, 313, 313, 406, 406, 495, 380, 134, 84, 84, 84, 375, 375, 375, 375, 375, 375, 98, 98, 98, 48, 48, 48, 48, 414, 414, 170, 170, 170, 170, 170, 170, 187, 187, 187, 12, 12, 12, 12, 12, 12, 12, 408, 408, 408, 391, 391, 321, 75, 478, 66, 66, 232, 172, 172, 172, 115, 267, 267, 267, 444, 374, 374, 374, 374, 139, 139, 293, 293, 497, 349, 349, 349, 349, 234, 234, 234, 261, 261, 25, 25, 30, 324, 324, 324, 464, 464, 464, 464, 180, 486, 486, 486, 486, 315, 315, 315, 315, 282, 282, 282, 388, 203, 53, 466, 466, 22, 448, 448, 448, 448, 324, 464, 464, 464, 464, 464, 315, 315, 315, 315, 315, 480, 480, 480, 480, 480, 282, 282, 282, 85, 299, 313, 334, 382, 406, 406, 406, 406, 406, 406, 380, 467, 467, 499, 302, 100, 375, 98, 375, 98, 98, 98, 13, 13, 414, 414, 414, 414, 414, 414, 414, 170, 187, 187, 187, 187, 187, 187, 391, 391, 244, 244, 244, 320, 320, 320, 83, 300, 222, 374, 337, 337, 313, 313, 24, 24, 310, 310, 107, 107, 395, 395, 485, 286, 464, 139, 139, 139, 139, 496, 216, 216, 81, 81, 81, 139, 139, 139, 240, 240, 186, 99, 107, 107, 107, 400, 400, 152, 422, 143, 143, 458, 144, 144, 27, 27, 27, 437, 437, 284, 284, 405, 405, 405, 206, 460, 460, 215, 35, 35, 35, 35, 441, 437, 100, 100, 426, 426, 375, 375, 98, 98, 98, 263, 263, 13, 13, 13, 414, 170, 170, 237, 237, 28, 244, 2, 2, 341, 2, 341, 12, 63, 63, 408, 408, 63, 391, 73, 73, 244, 321, 321, 412, 287, 287, 287, 486, 486, 460, 460, 460, 150, 150, 342, 342, 342, 342, 224, 224, 196, 116, 94, 479, 199, 464, 464, 443, 443, 258, 31, 31, 342, 232, 172, 172, 115, 273, 273, 151, 151, 486, 460, 240, 240, 35, 310, 310, 107, 161, 395, 395, 487, 494, 116, 285, 81, 302, 302, 302, 497, 497, 497, 497, 458, 208, 208, 441, 100, 153, 153, 387, 387, 387, 387, 372, 372, 406, 467, 467, 467, 467, 337, 41, 41, 41, 19, 19, 19, 19, 454, 454, 454, 454, 414, 414, 414, 102, 102, 47, 47, 170, 47, 392, 392, 392, 392, 392, 73, 244, 320, 320, 7, 7, 7, 217, 217, 217, 217, 473, 65, 65, 264, 264, 264, 264, 264, 264, 264, 264, 264, 264, 468, 468, 468, 468, 468, 467, 337, 337, 41, 41, 41, 19, 19, 19, 19, 454, 17, 403, 403, 403, 403, 403, 403, 403, 403, 403, 403, 403, 403, 403, 403, 403, 403, 403, 403, 403, 403, 403, 403, 403, 403, 403, 403, 403, 403, 403, 403, 403, 403, 403, 403, 403, 403, 403, 403, 403, 403, 403, 403, 403, 403, 403, 403, 403, 403, 403, 403, 403, 403, 403, 403, 403, 403, 403, 403, 403, 403, 403, 403, 403, 403, 403, 403, 403, 403, 403, 403, 403, 403, 403]

ep388
Train step Loss: [0.11346908658742905, 0.4617626368999481, 0.18620330095291138, 0.4203951954841614, 0.28331053256988525, 0.4571109712123871, 0.13850463926792145, 0.30968526005744934, 0.07323171943426132, 0.038798149675130844, 0.25328129529953003, 0.2795161008834839, 0.3136568069458008, 0.18629217147827148, 0.2781214416027069, 0.1307702362537384, 0.2574663758277893, 0.006333609577268362, 0.28270843625068665, 0.4469511806964874, 0.8269429206848145, 0.1796882599592209, 0.4906686544418335, 0.2148687094449997, 0.2117553949356079, 0.3536877930164337, 0.4434984624385834, 0.26780202984809875, 0.17778606712818146, 0.5158597826957703, 0.3756639063358307, 0.09719332307577133, 0.2972716689109802, 0.3161810338497162, 0.33588188886642456, 0.3016163110733032, 0.37122640013694763, 0.09086129069328308, 0.1328834444284439, 0.54169100522995, 0.5269330739974976, 0.2723191976547241, 0.0890209823846817, 0.4914698302745819, 0.13674573600292206, 0.47402423620224, 0.3223450183868408, 0.3723101317882538, 0.4386446177959442, 0.5525067448616028, 0.19996489584445953, 0.3407149314880371, 0.113953597843647, 0.3765471577644348, 0.3818295896053314, 0.018984248861670494, 0.3849025070667267, 0.2314710170030594, 0.27783963084220886, 0.05935564637184143, 0.3044121563434601, 0.27699363231658936, 0.15605610609054565]
val step Loss: [0.7325626611709595, 0.6823112368583679, 0.17280004918575287, 0.39397934079170227, 0.30012834072113037, 0.545382559299469, 0.45426368713378906, 0.8951932787895203, 0.4824109673500061, 0.18352274596691132, 0.20535719394683838, 0.7539631128311157, 0.9118428230285645, 0.41062262654304504, 0.9123253226280212, 0.17384061217308044]
Train step Accs: [0.9734192509061619, 0.8850604602782473, 0.9535526679568703, 0.8862638781306481, 0.9256139348943461, 0.8872376482857516, 0.966330425299891, 0.9178522257916475, 0.9840238288654211, 0.9922664338281153, 0.934071464519376, 0.9280840611353712, 0.9205841446453408, 0.951775956284153, 0.9312977099236641, 0.9675911968646367, 0.9339551298210235, 0.9998634625887494, 0.9240358395013635, 0.8833671399594321, 0.8113812449906492, 0.9534992954438704, 0.8762568708942218, 0.9448969203359634, 0.9509611612397019, 0.9101420133216036, 0.8850489469000297, 0.9345837854596186, 0.9540310185832053, 0.8698242478403336, 0.9091701968602043, 0.9755272902914185, 0.9286696196731328, 0.9171791181473243, 0.9128751210067764, 0.935041716328963, 0.9052562417871222, 0.9775095995611629, 0.9638418079096045, 0.8645552560646901, 0.8632003336577228, 0.9298270893371758, 0.9770694216958549, 0.8793381759483454, 0.9671309192200557, 0.8870281400137269, 0.9252288255768983, 0.9088219472834858, 0.8892921960072595, 0.8583180987202925, 0.9497101083942526, 0.9153344417444687, 0.9721018418201517, 0.9002031144211239, 0.9013116006621673, 0.9960233297985154, 0.9027721433400947, 0.9463259752041124, 0.9291200646813098, 0.9858868231781789, 0.919309462915601, 0.9277494537509104, 0.962682379349046]
val step Accs: [0.8222781335773102, 0.8324371639364762, 0.9575748889207396, 0.9087087087087087, 0.9255783212161269, 0.867767408470926, 0.8932089165370658, 0.7878175519630485, 0.8904004106776181, 0.9557134220072552, 0.9507167235494881, 0.8100921001426904, 0.7847360723308071, 0.8941783768282191, 0.7848101265822784, 0.9539159503342884]
Preds: [17, 251, 251, 251, 241, 241, 431, 431, 486, 284, 284, 284, 284, 284, 284, 16, 284, 315, 315, 284, 284, 284, 284, 284, 284, 480, 480, 480, 480, 480, 85, 85, 85, 85, 146, 146, 264, 468, 468, 406, 467, 337, 337, 337, 324, 324, 464, 464, 464, 464, 120, 282, 282, 282, 282, 282, 413, 359, 345, 345, 132, 275, 303, 303, 303, 117, 219, 219, 324, 324, 464, 464, 318, 31, 162, 54, 54, 494, 482, 172, 172, 115, 273, 273, 273, 486, 460, 169, 215, 215, 401, 401, 320, 321, 345, 345, 141, 141, 186, 186, 323, 323, 323, 323, 323, 397, 397, 397, 7, 153, 153, 153, 88, 88, 346, 346, 284, 426, 426, 426, 426, 426, 282, 413, 413, 303, 303, 48, 48, 364, 345, 345, 345, 132, 324, 132, 132, 236, 32, 32, 75, 310, 310, 161, 107, 107, 395, 397, 397, 106, 106, 153, 153, 153, 182, 182, 182, 182, 497, 483, 483, 14, 226, 321, 209, 440, 188, 89, 191, 455, 236, 236, 239, 401, 239, 354, 354, 371, 286, 286, 264, 365, 330, 330, 303, 303, 303, 303, 42, 42, 42, 364, 364, 364, 217, 217, 473, 398, 213, 213, 213, 422, 143, 36, 75, 310, 107, 107, 395, 400, 213, 213, 213, 19, 19, 454, 454, 229, 170, 170, 170, 392, 244, 312, 312, 292, 292, 292, 292, 292, 292, 292, 292, 21, 1, 408, 408, 408, 391, 228, 56, 228, 228, 149, 228, 289, 209, 287, 287, 460, 460, 460, 178, 35, 77, 66, 68, 172, 224, 219, 152, 152, 152, 139, 139, 139, 139, 496, 274, 43, 43, 458, 208, 208, 208, 441, 106, 153, 153, 153, 387, 387, 387, 387, 413, 396, 467, 59, 303, 303, 303, 98, 98, 98, 48, 48, 48, 48, 170, 82, 225, 226, 287, 287, 287, 111, 438, 178, 178, 233, 36, 77, 77, 68, 68, 224, 97, 7, 196, 309, 309, 309, 479, 331, 443, 443, 240, 143, 143, 36, 77, 68, 119, 351, 428, 428, 428, 428, 146, 146, 146, 252, 34, 34, 324, 301, 301, 251, 251, 241, 241, 431, 431, 486, 376, 376, 376, 376, 376, 376, 376, 460, 460, 460, 282, 282, 385, 76, 239, 75, 131, 131, 397, 106, 106, 387, 255, 167, 143, 36, 77, 342, 224, 224, 273, 437, 151, 167, 167, 215, 35, 320, 7, 7, 127, 448, 448, 464, 464, 301, 301, 399, 42, 42, 147, 147, 106, 106, 284, 284, 284, 284, 426, 450, 450, 450, 413, 43, 43, 276, 276, 276, 346, 346, 426, 426, 426, 426, 206, 167, 215, 197, 401, 401, 320, 354, 287, 284, 111, 111, 438, 438, 236, 77, 77, 449, 119, 351, 351, 443, 240, 240, 240, 314, 129, 75, 371, 371, 448, 324, 301, 464, 246, 246, 246, 246, 246, 246, 301, 233, 401, 401, 401, 354, 106, 284, 284, 240, 240, 35, 35, 35, 75, 68, 224, 86, 86, 6, 336, 26, 251, 251, 331, 331, 331, 374, 153, 153, 182, 182, 182, 43, 43, 43, 276, 276, 276, 346, 284, 284, 284, 376, 460, 263, 263, 263, 170, 170, 170, 392, 392, 392, 392, 392, 392, 392, 63, 63, 73, 73, 73, 435, 63, 63, 63, 63, 63, 63, 63, 63, 63, 73, 320, 320, 7, 7, 153, 153, 153, 387, 387, 387, 274, 35, 10, 303, 243, 32, 239, 239, 196, 65, 65, 284, 284, 426, 98, 98, 98, 48, 170, 170, 170, 392, 392, 392, 392, 63, 63, 63, 63, 63, 63, 63, 63, 63, 63, 63, 73, 73, 73, 320, 320, 7, 287, 284, 153, 424, 182, 182]

