ep28
Train step Loss: [2.773735761642456, 2.4105594158172607, 2.5352561473846436, 2.608032703399658, 2.648254871368408, 2.3083789348602295, 2.823366165161133, 2.4944379329681396, 2.4463276863098145, 2.6777002811431885, 2.7228446006774902, 2.85652494430542, 2.811321496963501, 2.664921998977661, 3.019465446472168, 2.8562731742858887, 2.8356053829193115, 2.903873920440674, 3.012787103652954, 2.52599835395813, 2.926374673843384, 2.6585121154785156, 2.453587293624878, 2.5680644512176514, 2.559300422668457, 2.6090734004974365, 2.8562772274017334, 2.712843894958496, 2.9287564754486084, 2.7270076274871826, 2.2377705574035645, 2.734941244125366, 2.103419780731201, 2.4931161403656006, 2.560236692428589, 2.4282429218292236, 2.4681081771850586, 2.780367374420166, 2.682887554168701, 2.724250555038452, 3.097698450088501, 2.7563719749450684, 2.505631446838379, 2.6308209896087646, 2.482067584991455, 2.3154940605163574, 2.0689315795898438, 2.5349056720733643, 2.6448984146118164, 2.4786407947540283, 2.203890562057495, 2.6073737144470215, 2.8681535720825195, 2.8916072845458984, 2.999453544616699, 3.0411791801452637, 3.0206494331359863, 2.8279478549957275, 3.333679676055908, 2.7702651023864746, 2.736567258834839, 2.797398805618286, 3.1415822505950928]
val step Loss: [2.5344650745391846, 2.3328614234924316, 2.3064956665039062, 2.54870343208313, 2.6126179695129395, 2.4870095252990723, 2.3327834606170654, 2.5968692302703857, 2.596849203109741, 2.3912553787231445, 2.4832324981689453, 2.2122201919555664, 2.29516339302063, 2.6294801235198975, 2.331244468688965, 2.3330299854278564]
Train step Accs: [0.5051604693906404, 0.5779118196179808, 0.5319029589117936, 0.5335069206523229, 0.5282354597943951, 0.5795924184124269, 0.5077075378305755, 0.5598999473407056, 0.5642701525054467, 0.5227990970654628, 0.501657275439178, 0.4966112956810631, 0.4953646477132262, 0.5376693766937669, 0.48295677158155936, 0.501062101711858, 0.4890740234908495, 0.48724528301886794, 0.44989838987025166, 0.556738715829625, 0.4903758020164986, 0.5324359157955033, 0.5526659696811291, 0.5449750534568781, 0.5532071040657567, 0.535891858297079, 0.48794279062032264, 0.5217248729299885, 0.46868110491505643, 0.5097331442568003, 0.6053388090349076, 0.5196282950881851, 0.6480526409390005, 0.5429945054945055, 0.5445787353301804, 0.5600790513833992, 0.5701789799488629, 0.5106481481481482, 0.5271509167842031, 0.5124076809453472, 0.4588744588744589, 0.49058531601226096, 0.5453558691269964, 0.5262290579511123, 0.5659891598915989, 0.5919427288040426, 0.6391005621486571, 0.5424875921191157, 0.5368779822767553, 0.5576148267526189, 0.620662828691458, 0.5553470919324578, 0.48453904789299584, 0.47472426470588236, 0.4793087767166894, 0.4817234406595116, 0.48461643648297553, 0.4871457785568215, 0.4044817024020635, 0.5058875478363262, 0.5208530805687204, 0.4887249443207127, 0.45419734904270986]
val step Accs: [0.5631006774854261, 0.6037224208061136, 0.6010212531051615, 0.5476446837146702, 0.5256095801471649, 0.5656215144379725, 0.5883356599968977, 0.5328457620477994, 0.5312589209249214, 0.5861632032437912, 0.5511811023622047, 0.6169310722100656, 0.5985483669127769, 0.5245969408846631, 0.593570929419986, 0.591710052062475]
Preds: [17, 17, 217, 217, 217, 217, 217, 473, 473, 65, 264, 264, 264, 264, 264, 264, 264, 264, 264, 264, 468, 468, 468, 468, 337, 337, 324, 324, 107, 3, 454, 197, 197, 197, 75, 354, 217, 109, 109, 114, 129, 264, 371, 139, 406, 219, 219, 324, 324, 360, 360, 360, 434, 434, 434, 143, 143, 360, 360, 324, 434, 434, 339, 339, 139, 139, 250, 250, 250, 250, 387, 153, 153, 43, 497, 497, 497, 182, 497, 497, 497, 122, 43, 75, 106, 106, 106, 481, 481, 481, 481, 426, 426, 293, 293, 348, 54, 84, 84, 348, 348, 348, 348, 348, 54, 497, 293, 293, 84, 132, 132, 132, 250, 250, 250, 98, 98, 98, 48, 48, 48, 48, 414, 414, 170, 170, 170, 170, 170, 170, 187, 187, 187, 320, 320, 287, 287, 293, 293, 293, 197, 392, 392, 392, 73, 244, 75, 66, 66, 172, 172, 172, 172, 172, 115, 267, 267, 267, 246, 374, 374, 374, 374, 139, 139, 293, 293, 497, 195, 195, 195, 381, 224, 395, 395, 139, 348, 10, 10, 240, 324, 324, 324, 464, 464, 464, 464, 180, 486, 486, 486, 486, 315, 315, 315, 315, 450, 282, 282, 54, 413, 348, 293, 293, 172, 115, 115, 403, 403, 324, 464, 464, 464, 464, 464, 315, 315, 315, 315, 315, 450, 450, 450, 450, 450, 315, 282, 282, 85, 395, 348, 54, 77, 348, 348, 348, 348, 348, 348, 350, 172, 172, 426, 43, 100, 250, 98, 98, 98, 98, 98, 13, 13, 414, 414, 414, 414, 414, 414, 414, 170, 187, 187, 187, 187, 187, 187, 392, 2, 244, 244, 244, 320, 320, 320, 83, 66, 293, 374, 122, 219, 139, 406, 239, 371, 310, 310, 107, 107, 395, 395, 330, 286, 464, 139, 139, 139, 139, 106, 331, 331, 199, 199, 199, 139, 139, 139, 240, 240, 77, 54, 107, 107, 107, 146, 146, 239, 107, 371, 143, 180, 106, 106, 27, 27, 293, 293, 293, 284, 284, 206, 450, 450, 206, 460, 460, 180, 35, 35, 35, 35, 106, 441, 100, 100, 426, 426, 250, 250, 98, 98, 98, 48, 263, 13, 13, 13, 414, 170, 170, 47, 47, 244, 244, 2, 2, 244, 2, 244, 287, 63, 63, 73, 73, 63, 73, 73, 73, 321, 321, 321, 287, 287, 287, 287, 486, 486, 460, 460, 460, 77, 77, 342, 342, 342, 342, 115, 115, 348, 348, 54, 319, 199, 464, 464, 443, 443, 106, 282, 172, 342, 172, 172, 172, 115, 115, 115, 77, 355, 486, 486, 240, 240, 35, 264, 107, 107, 468, 395, 395, 129, 239, 139, 354, 251, 43, 43, 43, 497, 497, 497, 497, 473, 481, 481, 441, 153, 153, 153, 387, 387, 387, 387, 387, 348, 348, 467, 467, 467, 68, 267, 41, 41, 246, 19, 19, 19, 19, 454, 414, 414, 414, 414, 414, 414, 47, 47, 47, 47, 392, 47, 392, 392, 392, 392, 392, 73, 244, 320, 320, 7, 7, 7, 217, 217, 217, 217, 473, 65, 65, 264, 264, 264, 264, 264, 264, 264, 264, 264, 264, 468, 468, 468, 468, 468, 468, 337, 337, 464, 464, 246, 19, 19, 19, 19, 454, 14, 473, 145, 443, 278, 278, 278, 278, 278, 278, 278, 278, 278, 278, 278, 278, 278, 278, 278, 278, 278, 278, 278, 278, 278, 278, 278, 278, 278, 278, 278, 278, 278, 278, 278, 278, 278, 278, 35, 35, 35, 35, 35, 35, 35, 35, 35, 35, 35, 35, 35, 35, 35, 35, 35, 35, 35, 35, 35, 35, 35, 35, 35, 35, 35, 35, 35, 35, 35, 35, 35, 35, 35, 35]

ep29
Train step Loss: [3.1179654598236084, 2.6132240295410156, 2.5802907943725586, 2.628889560699463, 2.214463949203491, 2.4306466579437256, 2.5745813846588135, 2.6204044818878174, 2.5126614570617676, 2.521827220916748, 2.838589906692505, 2.5398926734924316, 2.7512755393981934, 2.5244576930999756, 2.7177977561950684, 2.444586992263794, 3.149890661239624, 2.8472747802734375, 2.802079916000366, 2.6434309482574463, 3.2407584190368652, 3.5734262466430664, 3.0990490913391113, 2.589211940765381, 3.1581482887268066, 2.9523890018463135, 2.9775211811065674, 2.8428432941436768, 3.0469307899475098, 2.809749126434326, 3.5971603393554688, 3.2705461978912354, 3.5278279781341553, 3.5706050395965576, 3.017571210861206, 3.4718542098999023, 3.383164882659912, 2.5655930042266846, 2.5085532665252686, 2.7174744606018066, 2.613516330718994, 2.852499485015869, 2.8949148654937744, 2.9008538722991943, 2.902604341506958, 3.151176691055298, 3.5036826133728027, 3.2438337802886963, 2.9004998207092285, 2.7311313152313232, 2.947805881500244, 2.6518337726593018, 2.5062592029571533, 3.400306224822998, 3.698173999786377, 3.0050220489501953, 2.547163486480713, 2.9972259998321533, 2.757110118865967, 3.006986379623413, 2.724700450897217, 2.8557305335998535, 2.2609775066375732]
val step Loss: [3.32734751701355, 3.0500526428222656, 2.9054057598114014, 2.797523260116577, 3.3888938426971436, 2.6970107555389404, 2.746034860610962, 2.9902892112731934, 2.67596697807312, 2.7680752277374268, 2.6635422706604004, 2.8165647983551025, 2.7050299644470215, 2.8439183235168457, 3.1516306400299072, 2.8770291805267334]
Train step Accs: [0.43064541581189836, 0.5278738414718495, 0.5255720053835801, 0.5229249011857707, 0.604199066874028, 0.5577057916140794, 0.53739982190561, 0.5329701834862385, 0.5501523616048756, 0.5491980259099322, 0.49350471762614523, 0.5528839272935452, 0.5004048582995951, 0.5520816967792616, 0.5121598527671881, 0.5578402573786544, 0.4338048090523338, 0.48250484183344095, 0.4777599533323611, 0.5315171714244312, 0.4286760398359695, 0.3818413237165889, 0.44956997654417513, 0.5328434313137372, 0.4357344632768362, 0.47440132122213047, 0.4667019027484144, 0.4991846053489889, 0.46729233786244573, 0.49612403100775193, 0.35208444681988244, 0.4225941422594142, 0.38854097268487675, 0.3776824034334764, 0.47104706504494975, 0.37969676994067236, 0.39441997063142437, 0.5321541203894145, 0.555106826472121, 0.5132152192855068, 0.5364106645443693, 0.5023558082859464, 0.48182665424044735, 0.4834547843746267, 0.47520107238605896, 0.42532637075718016, 0.3672819859961808, 0.42230769230769233, 0.47509903791737407, 0.4993684210526316, 0.48199288256227757, 0.5271814887092278, 0.5622858922454064, 0.4042207792207792, 0.3484497247174732, 0.44749805548353644, 0.5582502603779199, 0.4543163201008192, 0.5196824882553054, 0.461942610804257, 0.5228301110654052, 0.48744677727205993, 0.6100459087226573]
val step Accs: [0.41682649277585987, 0.45714285714285713, 0.4859758755994768, 0.5047343503419253, 0.4124375493031817, 0.5312262958280657, 0.5274398136163604, 0.47340577637975406, 0.5279267495094834, 0.5150928792569659, 0.5424458050637101, 0.5021441416516808, 0.528658125421443, 0.4968753985461038, 0.446220036877689, 0.5017189079878666]
Preds: [17, 17, 17, 284, 284, 284, 426, 426, 426, 426, 426, 319, 413, 413, 348, 250, 250, 250, 276, 276, 346, 346, 346, 346, 428, 146, 146, 107, 107, 468, 139, 68, 68, 172, 172, 172, 115, 115, 273, 273, 273, 450, 460, 460, 180, 35, 14, 132, 132, 132, 497, 497, 467, 293, 293, 293, 293, 293, 68, 68, 115, 239, 75, 143, 468, 406, 10, 467, 77, 169, 115, 115, 460, 464, 464, 460, 443, 443, 180, 169, 169, 77, 342, 342, 467, 467, 467, 467, 467, 115, 115, 267, 267, 267, 267, 213, 213, 246, 246, 246, 246, 246, 246, 3, 301, 143, 354, 259, 354, 106, 426, 284, 315, 450, 450, 428, 468, 406, 406, 467, 68, 68, 315, 315, 315, 450, 450, 413, 413, 497, 303, 122, 169, 14, 14, 197, 197, 320, 320, 473, 75, 114, 114, 264, 264, 264, 310, 207, 207, 301, 301, 43, 43, 75, 276, 106, 106, 106, 284, 284, 284, 426, 426, 450, 450, 413, 413, 406, 250, 497, 276, 276, 276, 387, 138, 138, 138, 182, 182, 426, 426, 426, 413, 413, 282, 282, 303, 303, 303, 303, 303, 303, 303, 303, 303, 303, 303, 65, 65, 65, 426, 106, 284, 284, 208, 106, 481, 481, 426, 426, 250, 98, 48, 48, 13, 13, 187, 170, 170, 170, 170, 244, 244, 244, 47, 244, 244, 244, 244, 244, 244, 320, 320, 287, 293, 293, 293, 100, 100, 153, 63, 63, 63, 63, 244, 63, 63, 244, 63, 63, 63, 73, 244, 73, 73, 244, 321, 320, 7, 7, 7, 7, 398, 398, 398, 360, 360, 360, 360, 434, 246, 246, 246, 246, 246, 246, 246, 246, 246, 324, 301, 301, 143, 354, 259, 354, 106, 284, 284, 284, 284, 426, 450, 450, 413, 338, 293, 497, 497, 497, 98, 197, 7, 32, 473, 35, 398, 398, 464, 464, 464, 464, 374, 374, 251, 406, 250, 250, 250, 153, 153, 153, 153, 153, 153, 182, 182, 387, 497, 497, 122, 122, 264, 143, 310, 107, 107, 107, 107, 395, 395, 395, 106, 106, 153, 43, 43, 182, 293, 293, 497, 497, 98, 473, 100, 229, 229, 170, 244, 187, 47, 47, 23, 408, 80, 320, 320, 320, 320, 217, 217, 153, 153, 182, 387, 387, 413, 122, 219, 250, 129, 395, 259, 106, 441, 441, 441, 346, 293, 169, 342, 342, 406, 467, 172, 172, 115, 115, 273, 239, 273, 273, 239, 219, 464, 464, 464, 264, 264, 264, 120, 120, 120, 282, 282, 468, 468, 468, 77, 342, 342, 303, 303, 115, 115, 267, 267, 267, 213, 213, 246, 246, 246, 246, 19, 197, 197, 244, 244, 320, 481, 293, 450, 293, 467, 467, 330, 32, 239, 354, 354, 354, 398, 464, 171, 301, 171, 171, 464, 464, 464, 464, 139, 139, 139, 293, 497, 497, 497, 122, 122, 310, 310, 107, 107, 395, 395, 395, 106, 153, 43, 43, 43, 43, 497, 497, 497, 497, 497, 122, 122, 106, 426, 84, 35, 264, 337, 464, 324, 19, 301, 301, 301, 443, 145, 145, 145, 145, 145, 145, 145, 145, 145, 145, 145, 145, 145, 145, 145, 145, 145, 145, 145, 145, 145, 145, 145, 145, 145, 145, 145, 145, 145, 145, 145, 145, 145, 145, 145, 145, 145, 145, 145, 145, 145, 145, 145, 145, 145, 443, 443, 443, 443, 443, 443, 443, 443, 443, 443, 443, 443, 443, 443, 443, 443, 443, 443, 443, 443, 443, 443, 443, 443, 443, 443, 443, 443, 443, 443, 443, 443, 443, 443, 443, 443, 443, 443, 443, 443, 443, 443, 443, 443, 443, 443, 443, 443, 443, 443, 443]

ep30
Train step Loss: [3.232283592224121, 3.1910269260406494, 2.8704047203063965, 3.4864888191223145, 3.8379034996032715, 3.597229480743408, 3.151150941848755, 3.0036089420318604, 3.318531036376953, 3.070280075073242, 2.924551010131836, 2.707843065261841, 3.2958154678344727, 2.62662410736084, 3.6697206497192383, 3.2469470500946045, 3.3470990657806396, 3.326019525527954, 2.8760032653808594, 3.187412738800049, 3.0272552967071533, 2.755507230758667, 2.831732988357544, 2.919652223587036, 2.6279797554016113, 2.4808349609375, 2.936410665512085, 3.058202028274536, 2.7594430446624756, 3.0704407691955566, 3.717433452606201, 2.975045680999756, 2.626767635345459, 3.0090548992156982, 2.811443328857422, 2.8433618545532227, 3.025439977645874, 2.5368683338165283, 2.664409875869751, 3.2579593658447266, 3.0775015354156494, 3.239595651626587, 2.8697478771209717, 2.48280668258667, 3.056058168411255, 3.342988967895508, 3.339114189147949, 2.9837710857391357, 3.148690938949585, 2.6558542251586914, 2.538776397705078, 2.8203940391540527, 2.969533681869507, 2.485088348388672, 2.616503953933716, 3.1881206035614014, 4.027683734893799, 3.1852216720581055, 3.5214128494262695, 3.0287444591522217, 2.658283233642578, 2.942448616027832, 2.8442366123199463]
val step Loss: [2.8198678493499756, 3.1406071186065674, 2.94572114944458, 3.2587101459503174, 3.0046651363372803, 2.8730125427246094, 2.841434955596924, 2.8876638412475586, 2.935770273208618, 2.8801324367523193, 2.826441526412964, 3.232689619064331, 3.018258571624756, 3.300544023513794, 2.960700750350952, 2.9279444217681885]
Train step Accs: [0.42208774583963693, 0.437015244717839, 0.48374368686868685, 0.42424242424242425, 0.3396551724137931, 0.3824270262261076, 0.4359461830944721, 0.4620863629618638, 0.40552416823603266, 0.4431991849210392, 0.479204107830552, 0.5156715359523472, 0.39650331801939764, 0.5218256600769537, 0.3442300118156755, 0.40076112412177983, 0.3933522134446266, 0.4114522606555253, 0.47766884531590414, 0.42071148628278565, 0.4339622641509434, 0.49754402779441714, 0.4897245299519021, 0.48676859747133194, 0.5222254086607399, 0.5531042285391033, 0.4562364816149964, 0.4544619623450176, 0.4917004313161678, 0.4478499542543458, 0.3517276946879835, 0.45433151934107957, 0.5352500984639622, 0.4516551092502944, 0.49091643116673395, 0.49006293474660484, 0.4706682794073178, 0.5474770975716156, 0.5282123396027422, 0.4138418079096045, 0.439163262780047, 0.4309501784062376, 0.4746556864972313, 0.5555708769994484, 0.45099591082970586, 0.4034064753721037, 0.3959675161019322, 0.4552238805970149, 0.4266077565046637, 0.5289749563191614, 0.5400622876557192, 0.48127880184331795, 0.48987395553037816, 0.5592552324001088, 0.5271186440677966, 0.41609458428680396, 0.314874634671589, 0.43893181510098955, 0.3847840103159252, 0.46475462077756535, 0.5389460746658473, 0.4704119850187266, 0.4993397887323944]
val step Accs: [0.5211165750650854, 0.4408995080815179, 0.488127968007998, 0.42956819378620326, 0.4840587379282974, 0.49859442882698696, 0.509641873278237, 0.49042489527229205, 0.4844475721323012, 0.4988129451455704, 0.509652981427175, 0.4249686498536993, 0.47757743874248726, 0.44041450777202074, 0.4990884229717411, 0.48082357690754945]
Preds: [17, 17, 217, 217, 217, 217, 217, 473, 473, 65, 264, 264, 264, 264, 264, 264, 264, 264, 264, 264, 468, 468, 468, 468, 337, 337, 337, 324, 422, 3, 454, 197, 197, 197, 75, 354, 345, 109, 109, 114, 143, 264, 143, 406, 406, 337, 337, 337, 324, 360, 360, 360, 434, 434, 434, 143, 143, 360, 360, 324, 434, 434, 339, 339, 139, 406, 250, 250, 250, 250, 387, 153, 43, 43, 497, 497, 497, 182, 497, 497, 497, 122, 43, 75, 106, 208, 106, 106, 106, 481, 293, 426, 426, 293, 293, 372, 467, 467, 467, 406, 406, 406, 406, 406, 467, 250, 293, 84, 84, 132, 132, 98, 98, 98, 250, 98, 98, 98, 48, 48, 48, 48, 414, 414, 170, 170, 170, 170, 170, 170, 187, 187, 187, 320, 320, 320, 293, 293, 293, 293, 408, 408, 408, 408, 2, 244, 75, 66, 68, 68, 68, 172, 172, 172, 115, 267, 267, 267, 246, 374, 374, 374, 374, 139, 139, 293, 293, 497, 195, 195, 195, 342, 224, 395, 395, 84, 84, 10, 10, 240, 324, 324, 324, 464, 464, 464, 464, 180, 486, 486, 486, 486, 315, 315, 315, 315, 450, 282, 282, 338, 413, 497, 293, 293, 68, 115, 115, 264, 120, 324, 464, 464, 464, 464, 464, 315, 315, 315, 315, 315, 450, 450, 450, 450, 450, 315, 282, 282, 146, 395, 406, 467, 77, 406, 406, 406, 406, 406, 406, 293, 68, 68, 426, 43, 100, 98, 98, 98, 98, 98, 98, 13, 13, 414, 414, 414, 414, 414, 414, 414, 170, 187, 187, 187, 187, 187, 187, 2, 2, 244, 244, 244, 320, 320, 320, 83, 66, 348, 374, 219, 337, 139, 406, 239, 239, 310, 107, 107, 107, 395, 395, 330, 264, 464, 139, 139, 139, 139, 106, 331, 129, 354, 354, 354, 139, 139, 139, 240, 240, 468, 468, 107, 107, 107, 400, 207, 239, 107, 143, 143, 114, 106, 106, 27, 27, 293, 293, 293, 284, 284, 206, 450, 450, 206, 460, 460, 180, 35, 35, 35, 35, 106, 106, 100, 100, 426, 426, 250, 250, 98, 98, 98, 48, 263, 13, 13, 13, 414, 170, 170, 47, 47, 244, 244, 2, 2, 244, 2, 244, 320, 63, 63, 73, 73, 63, 73, 73, 73, 244, 321, 321, 287, 287, 287, 287, 486, 486, 460, 460, 460, 77, 77, 342, 342, 342, 342, 115, 115, 293, 10, 338, 331, 199, 464, 464, 443, 443, 106, 68, 68, 342, 172, 172, 172, 115, 115, 273, 355, 355, 486, 460, 240, 240, 35, 107, 107, 107, 468, 395, 395, 129, 239, 139, 354, 354, 43, 43, 43, 497, 497, 497, 497, 473, 106, 106, 441, 100, 153, 153, 387, 387, 387, 387, 387, 372, 406, 467, 68, 68, 68, 337, 337, 464, 464, 19, 19, 19, 19, 454, 414, 414, 414, 414, 414, 414, 47, 80, 47, 47, 170, 47, 392, 392, 392, 392, 392, 73, 244, 320, 320, 7, 7, 7, 217, 217, 217, 217, 473, 65, 65, 264, 264, 264, 264, 264, 264, 264, 264, 264, 264, 468, 468, 468, 468, 468, 468, 337, 337, 464, 464, 464, 19, 19, 19, 19, 454, 303, 473, 473, 443, 443, 443, 443, 443, 443, 443, 443, 443, 443, 443, 443, 443, 443, 443, 443, 443, 443, 443, 443, 443, 443, 443, 443, 443, 443, 443, 443, 443, 443, 443, 443, 443, 443, 443, 443, 443, 443, 443, 443, 443, 443, 443, 443, 443, 443, 443, 443, 443, 443, 443, 443, 443, 443, 443, 443, 443, 443, 443, 443, 443, 443, 443, 443, 443, 443, 443, 443, 443, 443, 443]

ep31
Train step Loss: [3.0713014602661133, 3.2565650939941406, 3.113849401473999, 2.975656747817993, 3.0456624031066895, 2.9367902278900146, 2.9058938026428223, 3.0250637531280518, 3.505943775177002, 3.3089141845703125, 2.903775691986084, 3.343465566635132, 3.105189800262451, 2.8513545989990234, 2.8810346126556396, 3.1054129600524902, 3.064756393432617, 2.407891273498535, 3.2322707176208496, 3.243182420730591, 2.696674108505249, 2.5028488636016846, 3.013233184814453, 2.9764602184295654, 3.008678913116455, 2.7119345664978027, 3.182767152786255, 2.889129638671875, 3.1510558128356934, 2.762488842010498, 2.690638542175293, 2.806790828704834, 2.9094700813293457, 2.8314759731292725, 3.554511070251465, 3.1355841159820557, 3.2295773029327393, 3.0581114292144775, 2.910382032394409, 2.595632791519165, 2.8697896003723145, 3.191331624984741, 3.752967357635498, 3.3604607582092285, 2.892969846725464, 3.5094258785247803, 3.3082234859466553, 2.861895799636841, 2.916213274002075, 2.5889344215393066, 3.149573802947998, 3.019573926925659, 3.157975673675537, 3.477884292602539, 3.7849133014678955, 3.262249708175659, 3.2204747200012207, 2.7991628646850586, 2.9293081760406494, 2.9697906970977783, 2.7368838787078857, 2.773080825805664, 2.7455756664276123]
val step Loss: [2.430271625518799, 2.1333396434783936, 2.231698751449585, 2.3920154571533203, 2.319898843765259, 2.3657639026641846, 2.439079523086548, 2.3102378845214844, 2.4144675731658936, 2.263655424118042, 2.1675076484680176, 2.188023328781128, 2.2384088039398193, 2.6982595920562744, 2.2620749473571777, 2.372331142425537]
Train step Accs: [0.45603733815115927, 0.4157748130772614, 0.44028169014084506, 0.46885839239933647, 0.45385553598048517, 0.4865109074480444, 0.4917686787674124, 0.47717628905747717, 0.37085984663077176, 0.399174024494446, 0.47653709152857365, 0.4124087591240876, 0.42405896288496975, 0.5010152971436307, 0.49477921751163667, 0.42477643345607574, 0.45701476793248946, 0.577727033198665, 0.42677503450391047, 0.4037304452466907, 0.5233683628318584, 0.5380050861825374, 0.44, 0.45956232159847765, 0.4647418101054969, 0.5135094790267204, 0.4283910078302602, 0.48767416934619506, 0.42862135243753274, 0.5131195335276968, 0.52152466367713, 0.4861164923156399, 0.4733352144469526, 0.4939946304931468, 0.3681854095338425, 0.4420628525382756, 0.413064208518754, 0.4575513851653262, 0.4754800386793756, 0.5452497681197827, 0.4871692060946271, 0.43291636006867795, 0.35022933082441493, 0.4153383851580873, 0.4965277777777778, 0.3647859922178988, 0.39988098780124964, 0.48514203429768293, 0.4762161433769034, 0.5530996599529165, 0.4313349320543565, 0.4654044271195879, 0.42537091988130565, 0.38783214752432116, 0.33505450372920254, 0.404776869893149, 0.41751287711552615, 0.47268344938403856, 0.46436227224008575, 0.45619884813579875, 0.5152585476123198, 0.49699006019879605, 0.507382972038957]
val step Accs: [0.5705443803629202, 0.6441810616567898, 0.6238046006720083, 0.5850758507585075, 0.6100087540122556, 0.5988093697424615, 0.5733047822983584, 0.5993966817496229, 0.5910092551784927, 0.6004742145820984, 0.6337938091583525, 0.6329524954900781, 0.6142297650130548, 0.5139471021823963, 0.6087912087912087, 0.5947069116360455]
Preds: [17, 473, 360, 360, 360, 301, 143, 14, 321, 321, 320, 7, 387, 387, 473, 473, 278, 360, 360, 434, 434, 434, 19, 19, 454, 454, 414, 414, 320, 47, 20, 66, 66, 68, 68, 68, 68, 115, 115, 267, 267, 422, 139, 139, 139, 443, 443, 443, 443, 486, 464, 240, 240, 240, 401, 143, 354, 324, 324, 324, 301, 139, 342, 84, 10, 10, 426, 240, 468, 467, 54, 338, 338, 338, 338, 338, 400, 400, 267, 267, 434, 434, 246, 246, 434, 3, 3, 3, 14, 14, 321, 287, 145, 145, 486, 460, 460, 460, 180, 259, 354, 100, 100, 497, 497, 122, 273, 77, 115, 115, 395, 106, 106, 106, 106, 497, 497, 8, 100, 43, 387, 387, 387, 199, 199, 68, 324, 324, 324, 246, 434, 339, 339, 339, 217, 398, 398, 398, 360, 434, 434, 434, 339, 143, 331, 139, 282, 282, 263, 263, 263, 293, 13, 473, 473, 443, 443, 443, 443, 443, 443, 443, 443, 443, 443, 443, 443, 443, 443, 443, 443, 443, 443, 443, 443, 443, 443, 443, 443, 443, 443, 443, 443, 443, 443, 443, 443, 443, 443, 443, 443, 443, 443, 443, 443, 443, 443, 443, 443, 443, 443, 443, 443, 443, 443, 443, 443, 443, 443, 443, 443, 443, 443, 443, 443, 443, 443, 443, 443, 443, 443, 443, 443, 443, 443, 443, 443, 443, 443, 443, 443, 443, 443, 443, 443, 443, 443, 443, 443, 443, 443, 443, 443, 443, 443, 443, 443, 443, 443, 443, 443, 443, 443, 443, 443, 443, 443, 443, 443, 443, 443, 443, 443, 443, 443, 443, 443, 443, 443, 443, 443, 443, 443, 443, 443, 443, 443, 443, 443, 443, 443, 443, 443, 443, 443, 443, 443, 443, 443, 443, 443, 443, 443, 443, 443, 443, 443, 443, 443, 443, 443, 443, 443, 443, 443, 443, 443, 443, 443, 443, 443, 443, 443, 443, 443, 443, 443, 443, 443, 443, 443, 443, 443, 443, 443, 443, 443, 443, 443, 443, 443, 443, 443, 443, 443, 443, 443, 443, 443, 443, 443, 443, 443, 443, 443, 443, 443, 443, 443, 443, 443, 443, 443, 443, 443, 443, 443, 443, 443, 443, 443, 443, 443, 443, 443, 443, 443, 443, 443, 443, 443, 443, 443, 443, 443, 443, 443, 443, 443, 443, 443, 443, 443, 443, 443, 443, 443, 443, 443, 443, 443, 443, 443, 443, 443, 443, 443, 443, 443, 443, 443, 443, 443, 443, 443, 443, 443, 443, 443, 443, 443, 443, 443, 443, 443, 443, 443, 443, 443, 443, 443, 443, 443, 443, 443, 443, 443, 443, 443, 443, 443, 443, 443, 443, 443, 443, 443, 443, 443, 443, 443, 443, 443, 443, 443, 443, 443, 443, 443, 443, 443, 443, 443, 443, 443, 443, 443, 443, 443, 443, 443, 443, 443, 443, 443, 443, 443, 443, 443, 443, 443, 443, 443, 443, 443, 443, 443, 443, 443, 443, 443, 443, 443, 443, 443, 443, 443, 443, 443, 443, 443, 443, 443, 443, 443, 443, 443, 443, 443, 443, 443, 443, 443, 443, 443, 443, 443, 443, 443, 443, 443, 443, 443, 443, 443, 443, 443, 443, 443, 443, 443, 443, 443, 443, 443, 443, 443, 443, 443, 443, 443, 443, 443, 443, 443, 443, 443, 443, 443, 443, 443, 443, 443, 443, 443, 443, 443, 443, 443, 443, 443, 443, 443, 443, 443, 443, 443, 443, 443, 443, 443, 443, 443, 443, 443, 443, 443, 443, 443, 443, 443, 443, 443, 443, 443, 443, 443, 443, 443, 443, 443, 443, 443, 443, 443, 443, 443, 443, 443, 443, 443, 443, 443, 443, 443, 443, 443, 443, 443, 443]

ep32
Train step Loss: [2.8059754371643066, 2.5866596698760986, 2.9056103229522705, 3.2547249794006348, 2.712913990020752, 2.7496509552001953, 3.2269036769866943, 2.5466108322143555, 2.9967198371887207, 3.0189552307128906, 3.246377944946289, 3.1861836910247803, 3.5853490829467773, 2.579561471939087, 2.983771800994873, 2.8772544860839844, 2.6697380542755127, 3.2136597633361816, 3.5765814781188965, 3.2011399269104004, 2.8870508670806885, 3.6350200176239014, 3.5028998851776123, 3.1868505477905273, 3.794133424758911, 3.2049617767333984, 2.9237895011901855, 2.8072824478149414, 3.0983922481536865, 2.9095451831817627, 3.3028039932250977, 3.08097767829895, 2.915159225463867, 2.6483845710754395, 2.7321364879608154, 2.941774606704712, 2.4882853031158447, 2.9248266220092773, 3.69439959526062, 3.6617462635040283, 2.8280234336853027, 2.7694358825683594, 3.1945436000823975, 3.599238395690918, 3.2521111965179443, 3.0636954307556152, 3.0875394344329834, 3.176685333251953, 2.7646944522857666, 3.1614949703216553, 2.9483084678649902, 2.860133647918701, 2.7527084350585938, 2.5366315841674805, 3.08390212059021, 3.7667694091796875, 2.5147593021392822, 3.0202109813690186, 2.999946355819702, 3.545815944671631, 3.78051495552063, 3.2530694007873535, 3.378054618835449]
val step Loss: [3.1117448806762695, 2.7966127395629883, 2.778456926345825, 3.0897462368011475, 3.0957014560699463, 2.710444450378418, 2.988565444946289, 3.4041860103607178, 3.008788824081421, 2.8944685459136963, 2.7757339477539062, 3.207923173904419, 3.1422436237335205, 2.718980312347412, 3.1355648040771484, 3.7197368144989014]
Train step Accs: [0.49891176963000167, 0.5354775003526591, 0.4674802025184993, 0.41970233876683205, 0.5119944211994422, 0.5110722610722611, 0.44731332868108864, 0.5557522123893806, 0.46398709109578995, 0.47108502719725165, 0.4225769082249968, 0.4311392405063291, 0.3746027542372881, 0.5404451266308519, 0.4605353466026081, 0.48057893959533304, 0.5394736842105263, 0.43413536437597366, 0.38040816326530613, 0.43553194246468835, 0.4908531063213186, 0.34245061472579086, 0.3973384030418251, 0.4508182601205857, 0.34782608695652173, 0.4333230198019802, 0.491362220334183, 0.49978720385870334, 0.41354488027031, 0.4823146944083225, 0.4071864998545243, 0.4384862091084028, 0.46640211640211643, 0.5182248369356696, 0.5117335352006056, 0.45076335877862594, 0.5592417061611374, 0.45734881858229876, 0.34493056592504107, 0.37756808408982323, 0.4984406010774029, 0.5157757070459376, 0.4340482573726542, 0.36709351959642994, 0.41511662237968705, 0.4526010034327964, 0.4547969319753552, 0.4280368451352907, 0.5151935832176462, 0.4265323257766583, 0.49004082642583197, 0.4709001551991723, 0.5211198428290766, 0.5446646755362476, 0.454530001699813, 0.34382376081825333, 0.5454014029618083, 0.4660460021905805, 0.47148923263572945, 0.3717001055966209, 0.3171319257474848, 0.4288267585854717, 0.38310991957104557]
val step Accs: [0.4561942822010452, 0.5187531677648252, 0.5129977876106194, 0.4532146091156052, 0.4502877023952897, 0.5300449652541218, 0.483852771118319, 0.39824120603015073, 0.46814911706998036, 0.4840182648401826, 0.5201588271227856, 0.42532194006498975, 0.446017481226148, 0.5304087736789631, 0.4421379145788595, 0.32969340613187736]
Preds: [17, 17, 287, 287, 284, 319, 319, 319, 413, 293, 43, 43, 43, 153, 153, 153, 153, 387, 138, 387, 182, 182, 182, 182, 182, 293, 293, 497, 98, 98, 197, 197, 197, 197, 244, 320, 287, 287, 111, 111, 111, 111, 114, 468, 251, 387, 331, 319, 398, 398, 324, 301, 301, 43, 132, 497, 250, 387, 387, 138, 138, 138, 138, 138, 346, 426, 426, 426, 426, 426, 426, 426, 450, 450, 413, 413, 250, 250, 276, 481, 138, 138, 138, 138, 138, 182, 182, 98, 98, 244, 14, 14, 287, 287, 111, 111, 114, 180, 354, 251, 251, 354, 354, 426, 486, 85, 85, 85, 146, 146, 146, 219, 468, 77, 139, 54, 54, 467, 467, 293, 68, 232, 273, 129, 109, 290, 290, 434, 464, 464, 464, 464, 354, 330, 239, 32, 32, 239, 219, 219, 324, 339, 251, 251, 10, 10, 10, 250, 479, 331, 331, 284, 106, 106, 129, 129, 282, 240, 251, 143, 107, 77, 342, 68, 68, 172, 115, 267, 267, 246, 213, 213, 246, 246, 246, 246, 339, 239, 8, 32, 32, 354, 286, 464, 324, 324, 143, 143, 354, 401, 106, 68, 68, 115, 273, 273, 273, 486, 376, 376, 376, 460, 460, 460, 460, 143, 35, 401, 106, 68, 68, 342, 115, 267, 464, 464, 464, 464, 464, 180, 180, 284, 315, 315, 315, 85, 85, 85, 146, 240, 264, 239, 354, 259, 84, 426, 106, 106, 106, 284, 450, 35, 35, 35, 139, 68, 68, 115, 273, 273, 284, 486, 376, 376, 460, 460, 263, 263, 13, 13, 170, 170, 170, 170, 170, 170, 244, 28, 28, 20, 2, 2, 2, 2, 2, 2, 2, 2, 2, 2, 63, 63, 2, 73, 73, 73, 289, 66, 66, 68, 115, 172, 7, 7, 153, 153, 153, 153, 153, 387, 387, 387, 387, 348, 406, 251, 199, 199, 251, 324, 324, 464, 464, 180, 315, 319, 319, 319, 319, 413, 406, 195, 293, 293, 250, 250, 250, 473, 324, 246, 324, 324, 324, 19, 301, 143, 354, 354, 259, 354, 106, 106, 284, 319, 319, 240, 240, 239, 354, 107, 401, 139, 68, 68, 68, 68, 68, 68, 68, 115, 115, 267, 213, 213, 213, 213, 246, 246, 246, 246, 246, 246, 246, 19, 454, 414, 414, 414, 414, 414, 414, 414, 47, 47, 47, 47, 20, 20, 47, 47, 20, 47, 47, 80, 80, 73, 73, 73, 289, 320, 287, 287, 111, 460, 460, 240, 35, 35, 77, 342, 115, 395, 84, 84, 68, 68, 68, 467, 68, 467, 68, 115, 115, 273, 106, 106, 153, 43, 182, 182, 182, 250, 98, 98, 98, 197, 197, 197, 244, 80, 80, 20, 20, 320, 7, 7, 7, 199, 398, 360, 213, 360, 246, 246, 246, 246, 3, 197, 197, 320, 188, 324, 324, 422, 339, 339, 338, 338, 338, 338, 338, 400, 400, 286, 286, 264, 264, 139, 413, 8, 8, 8, 8, 43, 100, 100, 100, 250, 98, 98, 48, 48, 48, 48, 414, 414, 170, 170, 170, 47, 20, 20, 47, 2, 20, 47, 47, 20, 2, 20, 2, 2, 73, 73, 73, 73, 289, 66, 293, 287, 287, 111, 111, 240, 240, 35, 35, 107, 77, 68, 342, 68, 115, 267, 267, 213, 213, 213, 246, 246, 246, 301, 301, 100, 43, 43, 43, 276, 276, 346, 346, 428, 428, 85, 85, 85, 146, 240, 468, 35, 35, 395, 75, 354, 395, 395, 395, 395, 395, 395, 401, 345, 473, 278, 197, 129, 395, 395, 106, 65, 473, 278, 278, 443, 239, 354, 251, 354, 374, 374, 132, 132, 132, 132, 132, 132, 132, 374, 337, 337]

ep33
Train step Loss: [3.388611316680908, 3.0305912494659424, 3.113081455230713, 3.3057308197021484, 2.884732961654663, 3.4378514289855957, 2.9810903072357178, 2.675903081893921, 2.692314386367798, 3.0797338485717773, 2.7767996788024902, 3.2634787559509277, 3.214721918106079, 3.252979040145874, 3.045966386795044, 2.866741895675659, 2.834850311279297, 2.817736864089966, 3.2277698516845703, 3.125502586364746, 2.914876699447632, 3.27001690864563, 2.941206455230713, 3.5723018646240234, 2.720029592514038, 3.274925947189331, 3.3251097202301025, 3.3462777137756348, 3.148024559020996, 3.4659423828125, 3.078303575515747, 3.0200300216674805, 2.9410860538482666, 2.628124475479126, 2.9780826568603516, 2.8913960456848145, 2.9561550617218018, 2.907921552658081, 2.6695027351379395, 2.8314731121063232, 2.806321144104004, 2.8737151622772217, 2.8990445137023926, 3.2272846698760986, 3.252739667892456, 3.5551888942718506, 3.232186794281006, 3.0668046474456787, 3.1249053478240967, 3.158216714859009, 2.601926326751709, 2.8248913288116455, 2.4642269611358643, 2.132216453552246, 3.1308045387268066, 3.0664587020874023, 3.130302906036377, 2.8286726474761963, 2.3911023139953613, 3.209442377090454, 2.903184652328491, 3.1379542350769043, 2.731804847717285]
val step Loss: [2.8592889308929443, 3.0301413536071777, 2.628598690032959, 3.1181833744049072, 3.1812214851379395, 3.1828718185424805, 2.9219419956207275, 2.71877384185791, 2.8515243530273438, 3.249450922012329, 2.8758745193481445, 2.9371209144592285, 2.9324424266815186, 2.448087215423584, 3.2431139945983887, 2.7050130367279053]
Train step Accs: [0.3856132075471698, 0.4698878582306521, 0.46772908366533866, 0.4243067131383543, 0.4857500782962731, 0.3721973094170404, 0.4659714599341383, 0.5089061716006021, 0.5154667026880995, 0.4354184766869389, 0.49121140142517816, 0.4139520101700302, 0.4171511627906977, 0.4199043634190078, 0.45396205357142855, 0.479156202913109, 0.49147596375364766, 0.5033196332595637, 0.40219486875278065, 0.4131326949384405, 0.4614030676389238, 0.4111256544502618, 0.47130013831258644, 0.3620312762737515, 0.5113560897861602, 0.40246171461285246, 0.3904163393558523, 0.39960132890365446, 0.4145513577331759, 0.3839077303309076, 0.451114922813036, 0.47116581385700457, 0.4917106254709872, 0.5329348200942637, 0.46586771844660196, 0.47293872073952586, 0.4653620911298386, 0.4697913844486589, 0.5249376558603491, 0.48320787492762013, 0.4907325684024713, 0.47437597974195106, 0.478584447144593, 0.43105556310283927, 0.43893536121673005, 0.364724545716758, 0.4108514724711908, 0.46048064085447266, 0.4271447282252783, 0.44160854726220505, 0.5336354623990937, 0.49963689179375453, 0.5671097211363044, 0.6352357320099256, 0.4220362622036262, 0.4433990002940312, 0.43196269605765153, 0.4963736939151813, 0.5747173409617219, 0.42418952618453865, 0.49935254127549367, 0.4379183171697856, 0.5149903288201161]
val step Accs: [0.5153203342618384, 0.4781319495922906, 0.5473699095022625, 0.4406325381935138, 0.4381962152731177, 0.4145981483966188, 0.48268533566695837, 0.529068291444529, 0.5066832024252446, 0.4306259577979488, 0.48306906745498523, 0.48917623129449367, 0.47631320569464897, 0.5785015335183292, 0.4315365088845752, 0.5245222196638268]
Preds: [17, 7, 319, 331, 76, 360, 360, 360, 252, 143, 35, 35, 106, 217, 65, 319, 450, 450, 450, 460, 460, 460, 35, 77, 342, 342, 342, 115, 273, 273, 486, 486, 486, 460, 460, 460, 460, 35, 180, 84, 114, 240, 213, 213, 213, 213, 246, 19, 19, 19, 19, 454, 414, 414, 414, 414, 414, 414, 47, 80, 187, 187, 187, 187, 320, 320, 320, 47, 47, 320, 80, 80, 80, 408, 392, 73, 73, 73, 320, 321, 320, 287, 287, 287, 287, 287, 284, 284, 284, 111, 111, 111, 111, 114, 114, 180, 406, 406, 250, 250, 250, 250, 43, 100, 497, 497, 109, 106, 284, 284, 284, 284, 206, 206, 206, 169, 169, 35, 35, 259, 114, 114, 114, 114, 114, 264, 264, 264, 264, 264, 264, 264, 264, 264, 264, 264, 264, 264, 264, 264, 264, 264, 468, 468, 468, 406, 406, 467, 337, 264, 264, 290, 434, 434, 330, 330, 339, 251, 250, 250, 345, 65, 65, 426, 426, 426, 426, 319, 319, 169, 348, 348, 387, 479, 331, 331, 486, 486, 486, 460, 169, 77, 342, 342, 342, 342, 342, 224, 224, 84, 10, 10, 467, 68, 68, 68, 54, 293, 293, 293, 68, 293, 68, 273, 273, 106, 106, 106, 109, 106, 355, 355, 355, 169, 169, 169, 342, 342, 342, 342, 303, 293, 68, 232, 10, 10, 10, 494, 239, 239, 107, 107, 180, 338, 115, 115, 273, 273, 403, 403, 403, 171, 171, 252, 252, 143, 143, 114, 264, 310, 171, 171, 171, 171, 171, 246, 246, 19, 252, 143, 143, 106, 345, 345, 479, 473, 473, 403, 403, 278, 434, 434, 434, 246, 19, 19, 19, 454, 414, 414, 414, 229, 187, 414, 414, 244, 47, 47, 80, 20, 20, 20, 20, 73, 408, 408, 408, 408, 408, 408, 408, 73, 244, 320, 66, 66, 66, 68, 68, 172, 115, 267, 267, 267, 267, 464, 464, 464, 464, 443, 443, 443, 240, 240, 240, 240, 143, 143, 324, 324, 324, 324, 301, 301, 422, 342, 342, 293, 84, 84, 337, 337, 324, 324, 339, 339, 338, 338, 338, 338, 338, 338, 338, 400, 400, 400, 213, 213, 213, 213, 246, 246, 246, 246, 246, 246, 3, 3, 14, 14, 481, 145, 145, 486, 460, 460, 169, 180, 35, 35, 106, 100, 100, 153, 387, 387, 122, 468, 338, 338, 107, 395, 395, 395, 374, 139, 139, 106, 497, 497, 43, 8, 8, 354, 473, 473, 473, 264, 290, 434, 434, 171, 171, 434, 434, 434, 339, 339, 339, 398, 398, 398, 246, 246, 246, 246, 246, 246, 252, 464, 464, 264, 282, 282, 282, 282, 282, 263, 263, 263, 13, 414, 414, 414, 414, 414, 47, 187, 187, 187, 187, 23, 73, 73, 73, 73, 73, 73, 244, 320, 66, 320, 320, 7, 7, 251, 251, 241, 241, 114, 403, 403, 403, 403, 290, 434, 434, 434, 360, 434, 434, 434, 360, 360, 434, 434, 434, 434, 434, 339, 339, 354, 10, 479, 479, 479, 331, 331, 331, 331, 284, 426, 426, 426, 426, 426, 426, 450, 282, 282, 355, 355, 355, 263, 263, 263, 13, 13, 414, 414, 414, 414, 170, 170, 244, 73, 73, 244, 2, 2, 2, 2, 244, 2, 2, 73, 73, 73, 73, 244, 321, 321, 287, 287, 287, 287, 284, 284, 284, 206, 206, 206, 169, 150, 77, 54, 54, 54, 54, 68, 68, 68, 68, 115, 115, 273, 106, 106, 153, 153, 43, 182, 182, 182, 182, 182, 182, 387, 387, 387, 387, 293, 293, 293, 122, 219, 395, 107, 468, 68, 68, 395, 395, 337, 246, 301, 301, 301, 301, 8]

ep34
Train step Loss: [3.3544504642486572, 3.2537171840667725, 3.0595414638519287, 2.768291473388672, 3.2232630252838135, 3.5763661861419678, 3.1657049655914307, 2.7137653827667236, 3.1431376934051514, 2.457547664642334, 2.7999038696289062, 2.9470603466033936, 2.5824952125549316, 2.664156436920166, 2.644670009613037, 2.7843127250671387, 3.1016905307769775, 3.4414706230163574, 3.3294243812561035, 3.1094019412994385, 3.513082265853882, 3.630451202392578, 3.0843594074249268, 2.9048173427581787, 2.823328733444214, 3.0735862255096436, 3.261507511138916, 2.6346654891967773, 3.290895700454712, 3.4337871074676514, 3.1122419834136963, 3.1354761123657227, 3.3097047805786133, 3.2371504306793213, 3.148472547531128, 2.9349865913391113, 3.1531341075897217, 3.2149813175201416, 3.541837215423584, 2.782824754714966, 3.254937171936035, 2.929938793182373, 3.0308005809783936, 3.2585530281066895, 3.307877779006958, 2.881650447845459, 3.0727789402008057, 2.930032730102539, 3.2433183193206787, 2.683384656906128, 3.107106924057007, 2.8557984828948975, 2.9626288414001465, 3.4239256381988525, 4.018019676208496, 3.235264301300049, 2.972494125366211, 2.700896739959717, 3.1549065113067627, 3.1385338306427, 3.6156647205352783, 3.097141981124878, 3.450855255126953]
val step Loss: [3.042888641357422, 3.0070226192474365, 3.205810308456421, 3.2366178035736084, 3.3329432010650635, 3.20011568069458, 2.76161527633667, 2.72749400138855, 2.69589900970459, 3.3581418991088867, 3.305919647216797, 3.3386070728302, 2.853182315826416, 3.279075860977173, 3.295382499694824, 3.092068672180176]
Train step Accs: [0.4064296609175173, 0.43997113997113996, 0.47200829383886256, 0.5064400478024167, 0.4031578947368421, 0.3461958003817835, 0.4264363591816734, 0.5247717407573717, 0.4329736211031175, 0.5570058185249253, 0.5077720207253886, 0.4819734345351044, 0.5367288378766141, 0.5282006488644871, 0.5360716952949963, 0.501349623526069, 0.44522714203565267, 0.40475807747950493, 0.4106793402292424, 0.4443124443124443, 0.3706342553785974, 0.36091336467427804, 0.45473851871515797, 0.47336199036081805, 0.4854202401372213, 0.4390911579523679, 0.4039577443832763, 0.5246135861800234, 0.397341211225997, 0.3585811648079306, 0.42531603459747175, 0.4379304821399968, 0.41920754161143026, 0.3943268665490888, 0.44275281594256716, 0.49178100801521535, 0.43596278832674906, 0.4463087248322148, 0.37282780410742494, 0.5017737485218763, 0.40385180829167894, 0.4511196067722556, 0.4735314443676572, 0.399316920449694, 0.3895160043296737, 0.4651366759245724, 0.4518972213922916, 0.47737704918032786, 0.4095637099104305, 0.5154905335628227, 0.43496463115345746, 0.4951844903064415, 0.46401457637412696, 0.4066541117388575, 0.3237001514386673, 0.4048293538378524, 0.45453390906781815, 0.5328088382992969, 0.45025188916876574, 0.43048498845265587, 0.3547097156398104, 0.4741799831791421, 0.3503623188405797]
val step Accs: [0.44418518973351345, 0.4540161242161839, 0.4205181616976956, 0.4332129963898917, 0.4291007553085364, 0.43511141120864283, 0.5083503054989816, 0.5240355174525413, 0.5227768510201463, 0.4097299987557546, 0.4136999754480727, 0.4174573055028463, 0.4968622529024161, 0.4183632196305784, 0.42637840603812205, 0.4559843885516045]
Preds: [17, 65, 398, 360, 360, 171, 171, 360, 360, 171, 434, 252, 252, 252, 252, 143, 180, 106, 106, 441, 217, 217, 346, 346, 293, 293, 84, 413, 413, 467, 426, 426, 84, 319, 319, 319, 251, 251, 251, 251, 251, 251, 251, 219, 219, 398, 398, 360, 464, 464, 464, 464, 264, 264, 468, 468, 395, 169, 77, 84, 84, 84, 426, 426, 450, 413, 98, 98, 48, 48, 13, 414, 414, 414, 414, 170, 170, 170, 170, 244, 47, 2, 2, 2, 2, 2, 2, 2, 2, 73, 2, 2, 73, 73, 289, 66, 320, 320, 320, 66, 371, 371, 219, 143, 219, 219, 219, 107, 143, 464, 464, 360, 213, 360, 213, 213, 246, 246, 246, 19, 19, 454, 454, 454, 414, 414, 414, 414, 414, 249, 249, 249, 47, 249, 249, 2, 244, 287, 2, 2, 244, 73, 73, 244, 244, 320, 320, 320, 7, 309, 398, 360, 360, 360, 171, 171, 252, 43, 10, 273, 143, 324, 324, 324, 324, 422, 143, 77, 54, 342, 342, 172, 172, 172, 115, 115, 267, 444, 171, 171, 171, 171, 252, 252, 301, 354, 180, 143, 34, 34, 34, 143, 107, 84, 464, 213, 213, 213, 213, 213, 246, 246, 246, 246, 19, 454, 454, 454, 454, 197, 197, 197, 197, 80, 80, 7, 7, 66, 310, 468, 338, 68, 395, 395, 114, 114, 403, 403, 403, 403, 403, 171, 464, 19, 395, 395, 14, 47, 47, 414, 197, 197, 83, 451, 464, 324, 213, 360, 360, 360, 143, 143, 143, 106, 345, 398, 398, 360, 360, 360, 360, 464, 464, 315, 315, 315, 315, 315, 315, 315, 450, 450, 450, 450, 10, 10, 43, 43, 43, 276, 276, 153, 153, 43, 497, 497, 497, 497, 387, 413, 250, 250, 413, 426, 426, 319, 319, 413, 413, 413, 303, 250, 387, 250, 497, 387, 426, 426, 426, 426, 426, 426, 426, 450, 450, 450, 450, 426, 426, 428, 85, 169, 395, 395, 395, 94, 43, 217, 473, 398, 324, 324, 324, 324, 464, 464, 464, 264, 264, 139, 139, 331, 10, 342, 342, 342, 68, 293, 293, 293, 106, 217, 153, 153, 153, 153, 387, 387, 387, 285, 43, 43, 43, 138, 88, 88, 88, 387, 497, 387, 10, 426, 426, 315, 315, 428, 85, 85, 146, 146, 146, 464, 464, 464, 464, 171, 171, 171, 171, 171, 143, 143, 464, 464, 464, 120, 443, 120, 120, 263, 263, 263, 263, 229, 229, 229, 187, 187, 187, 187, 244, 20, 20, 20, 23, 408, 408, 408, 408, 408, 408, 73, 73, 73, 73, 2, 2, 2, 73, 73, 244, 73, 320, 321, 320, 320, 287, 284, 284, 284, 284, 284, 284, 284, 284, 284, 284, 450, 85, 450, 85, 85, 85, 85, 85, 85, 146, 146, 146, 207, 207, 324, 464, 464, 464, 464, 464, 486, 315, 315, 315, 315, 450, 450, 450, 10, 43, 43, 276, 153, 153, 153, 387, 346, 182, 182, 182, 182, 182, 182, 387, 372, 372, 372, 372, 303, 303, 303, 467, 467, 467, 467, 250, 250, 372, 426, 426, 426, 426, 426, 450, 169, 169, 85, 85, 85, 85, 85, 395, 468, 468, 342, 467, 467, 413, 413, 413, 303, 303, 303, 303, 48, 98, 98, 13, 13, 414, 170, 320, 188, 188, 188, 19, 19, 303, 303, 19, 282, 282, 232, 303, 303, 100, 48, 48, 170, 170, 170, 249, 249, 249, 249, 249, 249, 249, 249, 414, 249, 249, 249, 249, 249, 249, 249, 249, 249, 249, 249, 249, 249, 249, 249, 320, 320, 7, 441, 284, 287, 206, 206, 206, 450, 450, 263, 170, 170, 170, 244, 201, 244]

ep35
Train step Loss: [3.7220325469970703, 2.9656879901885986, 2.770555257797241, 2.9429516792297363, 3.0575952529907227, 3.006917953491211, 3.6473286151885986, 2.671020269393921, 3.227933883666992, 2.8565196990966797, 2.992251396179199, 2.857201337814331, 2.9119443893432617, 2.9876937866210938, 2.799038887023926, 2.7147417068481445, 3.3258159160614014, 3.160064458847046, 3.031829357147217, 3.2624263763427734, 2.9033970832824707, 3.11609148979187, 3.2563860416412354, 3.073672294616699, 3.6684112548828125, 3.3136627674102783, 3.5828912258148193, 3.51513409614563, 3.0677874088287354, 3.913990020751953, 3.17256760597229, 3.046684980392456, 3.1691970825195312, 2.9577391147613525, 2.673492193222046, 3.1877825260162354, 3.0376360416412354, 3.203540325164795, 3.2452235221862793, 3.002593755722046, 3.3387725353240967, 3.506791114807129, 3.1004931926727295, 3.0272376537323, 2.819713592529297, 2.6870062351226807, 2.899137496948242, 3.295189619064331, 3.565354347229004, 3.2985270023345947, 3.0540459156036377, 3.5066750049591064, 2.9943244457244873, 2.975620985031128, 2.426788091659546, 3.1742820739746094, 3.0059564113616943, 3.063115358352661, 2.7457501888275146, 3.1951358318328857, 2.7776548862457275, 3.5890729427337646, 3.34055495262146]
val step Loss: [2.7752134799957275, 3.074934244155884, 3.013639211654663, 3.038297414779663, 2.957263231277466, 2.703120470046997, 2.486813545227051, 2.821331262588501, 2.6019883155822754, 2.450085163116455, 3.25063157081604, 3.019742488861084, 2.9769787788391113, 2.651216983795166, 2.639120101928711, 3.06052303314209]
Train step Accs: [0.3451472191930207, 0.4731098986749805, 0.5012661602025856, 0.45304512925368773, 0.44048734770384257, 0.4892370771708889, 0.34313584851527756, 0.5384048356184579, 0.4217363344051447, 0.48551162088741323, 0.4475304008407146, 0.4715202304569857, 0.4948737566947207, 0.4589231379812144, 0.4754502837404392, 0.5041678243956654, 0.4073344819099188, 0.4288443170964661, 0.44479415837844644, 0.4262771701509068, 0.49051530993278564, 0.43598705501618124, 0.42690217391304347, 0.4415475189234651, 0.338008800880088, 0.42568306010928963, 0.3398268398268398, 0.3631159780985565, 0.4636579572446556, 0.31551332955190015, 0.4477329056713807, 0.4590758555432897, 0.4245633337917755, 0.46761933718455456, 0.5215762905064322, 0.41114058355437666, 0.45772929524903117, 0.4327693677649154, 0.41417035686376663, 0.44961016459717007, 0.3756771397616468, 0.34722838137472284, 0.41821488891776015, 0.49319826338639655, 0.5188606620477291, 0.5228268551236749, 0.47705063665975717, 0.40406290956749674, 0.3455871835216707, 0.3811836115326252, 0.4494602551521099, 0.36159979749398813, 0.46215481470882813, 0.47492044249128657, 0.5698299015219338, 0.4027253324577245, 0.4502019779913637, 0.4396231422505308, 0.5072533849129593, 0.4059190877002444, 0.5160095263297169, 0.35547276464542654, 0.39399293286219084]
val step Accs: [0.5158038147138965, 0.44584569732937684, 0.47402777777777777, 0.46054609218436876, 0.4659195578753454, 0.5304966598896311, 0.5729841845994296, 0.4966618287373004, 0.5396578538102644, 0.5812415819762459, 0.4015843997562462, 0.46099682452022644, 0.4802335482301423, 0.5401719537503706, 0.5383914627798022, 0.4601732516374393]
Preds: [17, 17, 287, 287, 284, 284, 319, 450, 450, 450, 169, 169, 285, 285, 342, 180, 395, 395, 395, 395, 395, 84, 84, 106, 293, 481, 284, 428, 428, 330, 468, 338, 10, 10, 387, 479, 479, 398, 398, 324, 324, 422, 186, 54, 54, 172, 172, 172, 172, 115, 273, 267, 267, 267, 324, 324, 3, 3, 14, 14, 411, 188, 188, 171, 443, 443, 468, 180, 129, 450, 54, 172, 172, 303, 355, 293, 336, 336, 481, 145, 145, 486, 486, 486, 460, 468, 406, 406, 406, 406, 132, 32, 32, 32, 32, 239, 14, 310, 107, 107, 107, 395, 395, 264, 264, 264, 264, 264, 120, 120, 120, 120, 120, 207, 120, 180, 129, 14, 263, 170, 170, 170, 187, 187, 170, 170, 47, 170, 170, 187, 187, 187, 244, 2, 2, 2, 2, 244, 392, 63, 73, 392, 244, 73, 73, 73, 244, 287, 287, 497, 293, 293, 43, 43, 8, 129, 106, 208, 27, 106, 106, 426, 426, 319, 348, 348, 348, 199, 199, 250, 250, 98, 197, 75, 401, 217, 7, 217, 473, 473, 109, 406, 406, 406, 285, 337, 337, 337, 324, 339, 116, 251, 251, 199, 398, 339, 338, 94, 251, 251, 331, 331, 331, 138, 138, 138, 138, 138, 182, 497, 497, 43, 8, 32, 239, 208, 208, 437, 441, 346, 426, 426, 319, 348, 348, 232, 250, 250, 303, 98, 98, 98, 98, 13, 414, 414, 170, 170, 170, 170, 170, 244, 2, 2, 244, 2, 2, 2, 2, 2, 244, 244, 73, 73, 73, 73, 321, 320, 7, 7, 473, 106, 284, 206, 206, 206, 240, 468, 35, 208, 77, 139, 342, 342, 68, 10, 106, 153, 153, 153, 153, 387, 169, 342, 342, 342, 169, 169, 395, 84, 84, 84, 100, 100, 100, 497, 497, 497, 98, 98, 98, 197, 244, 244, 244, 244, 244, 80, 320, 287, 287, 284, 284, 284, 450, 450, 450, 450, 450, 450, 450, 450, 450, 282, 282, 282, 388, 338, 338, 94, 195, 195, 195, 250, 250, 250, 250, 250, 109, 109, 109, 403, 403, 403, 207, 207, 207, 219, 239, 32, 32, 239, 75, 354, 180, 106, 153, 153, 387, 139, 342, 342, 342, 169, 84, 467, 84, 106, 217, 217, 217, 153, 182, 182, 182, 182, 406, 132, 372, 372, 406, 250, 132, 132, 98, 98, 98, 98, 13, 13, 170, 187, 170, 170, 170, 170, 47, 187, 187, 187, 187, 392, 73, 392, 392, 73, 73, 73, 244, 83, 310, 468, 77, 77, 467, 273, 106, 106, 153, 153, 153, 182, 182, 182, 182, 182, 182, 182, 182, 182, 182, 182, 387, 122, 219, 239, 259, 259, 208, 75, 107, 107, 468, 77, 273, 106, 106, 106, 100, 98, 98, 98, 98, 98, 17, 83, 278, 443, 443, 443, 443, 443, 443, 443, 443, 443, 443, 443, 443, 443, 443, 443, 443, 443, 443, 443, 443, 443, 443, 443, 443, 443, 443, 443, 443, 443, 443, 443, 443, 443, 443, 443, 443, 443, 443, 443, 443, 443, 443, 443, 443, 443, 443, 443, 443, 443, 443, 443, 443, 443, 443, 443, 443, 443, 443, 443, 443, 443, 443, 443, 443, 443, 443, 443, 443, 443, 443, 443, 443, 443, 443, 443, 443, 443, 443, 443, 443, 443, 443, 443, 443, 443, 443, 443, 443, 443, 443, 443, 443, 443, 443, 443, 443, 443, 443, 443, 443, 443, 443, 443, 443, 443, 443, 443, 443, 443, 443, 443, 443, 443, 443, 443, 443, 443, 443, 443, 443, 443, 443, 443, 443, 443, 443, 443, 443, 443, 443, 443, 443, 443, 443, 443, 443, 443, 443, 443, 443, 443, 443, 443]

ep36
Train step Loss: [3.25459623336792, 2.6265788078308105, 2.873502254486084, 3.5351109504699707, 3.3274574279785156, 2.9247970581054688, 3.495845079421997, 2.926792621612549, 2.7418570518493652, 2.8568150997161865, 2.9210681915283203, 2.8499205112457275, 3.2093892097473145, 3.3362488746643066, 2.9645133018493652, 3.0999929904937744, 3.2632477283477783, 3.0618784427642822, 2.4334840774536133, 3.36781644821167, 3.272094488143921, 3.145679473876953, 2.9888880252838135, 2.900641679763794, 3.179856300354004, 3.626150131225586, 3.1588752269744873, 2.834557294845581, 3.4798672199249268, 3.280787706375122, 2.7451179027557373, 3.0659685134887695, 3.064314126968384, 3.08992862701416, 2.887047529220581, 3.232729196548462, 3.3228671550750732, 3.281611442565918, 3.901930570602417, 3.49615740776062, 3.2094013690948486, 3.7175519466400146, 3.0596702098846436, 3.682116985321045, 2.8585448265075684, 3.213848352432251, 3.2655200958251953, 3.362732172012329, 3.257343053817749, 3.3452086448669434, 3.351439952850342, 3.1414308547973633, 3.112891912460327, 2.8267219066619873, 3.0707733631134033, 3.437661647796631, 2.7898635864257812, 3.262377977371216, 3.421566963195801, 3.4202077388763428, 3.3786466121673584, 3.2072880268096924, 2.7977023124694824]
val step Loss: [2.6854848861694336, 3.013984441757202, 2.4054994583129883, 2.746581792831421, 2.6585845947265625, 2.558868169784546, 2.526015043258667, 2.652540445327759, 2.3806912899017334, 2.6027984619140625, 2.43851637840271, 2.461303472518921, 2.567739248275757, 2.7112627029418945, 2.991687297821045, 2.4357638359069824]
Train step Accs: [0.41527001862197394, 0.5529625700863767, 0.4940516655336506, 0.37830276655268885, 0.3976555455365194, 0.469372010492208, 0.38133813381338133, 0.4826388888888889, 0.5029863481228669, 0.4601556970983723, 0.48553359683794467, 0.4881064373068136, 0.4203452178834182, 0.3706909643128322, 0.45718349928876245, 0.44818747711461004, 0.402486822543587, 0.44702211368878036, 0.5579399141630901, 0.36070234113712374, 0.40236686390532544, 0.44027954256670904, 0.4587726412543931, 0.465785747994337, 0.41951636541279924, 0.3548234552332913, 0.4100708800945068, 0.4922486342831832, 0.3551983782218361, 0.41378281622911695, 0.4977922077922078, 0.4367610668133077, 0.44282414091827893, 0.4302453818582851, 0.4789859002169197, 0.4028422681862952, 0.41714864083285136, 0.4280090840272521, 0.28507795100222716, 0.3552795031055901, 0.4340094062316285, 0.3331211812627291, 0.4688128772635815, 0.3394495412844037, 0.48916319793311325, 0.4583621046816738, 0.40732484076433123, 0.39780192016169785, 0.41868678760635736, 0.373925690863414, 0.3988748627881449, 0.42474440274362624, 0.4289972899728997, 0.47293300758647294, 0.44933576452201096, 0.40088449531737774, 0.4843404808317089, 0.38757655293088367, 0.37314874436574375, 0.39134952591245614, 0.3981767180925666, 0.44361770365618985, 0.49645390070921985]
val step Accs: [0.5298030186748529, 0.43964606444796617, 0.5886624203821657, 0.5128205128205128, 0.5404379562043795, 0.5548977395048439, 0.5625486633791851, 0.5399944644339884, 0.6031477627471384, 0.5619086795557384, 0.5889637874274964, 0.5787313432835821, 0.5542028234684626, 0.5219012115563839, 0.4589430894308943, 0.582840996660673]
Preds: [17, 287, 111, 111, 319, 319, 348, 331, 330, 43, 345, 276, 100, 497, 497, 497, 122, 387, 293, 406, 406, 84, 84, 426, 426, 284, 481, 426, 426, 481, 293, 16, 293, 293, 293, 348, 348, 250, 250, 250, 65, 65, 65, 426, 426, 426, 426, 450, 206, 169, 169, 77, 342, 342, 342, 342, 115, 267, 267, 464, 324, 464, 464, 464, 180, 315, 315, 319, 319, 319, 282, 330, 94, 395, 94, 250, 250, 250, 387, 479, 479, 331, 284, 486, 486, 486, 460, 169, 77, 342, 342, 342, 224, 494, 239, 107, 338, 338, 338, 338, 338, 400, 400, 400, 213, 213, 324, 246, 246, 422, 186, 338, 338, 338, 338, 338, 395, 395, 400, 400, 374, 374, 374, 374, 374, 374, 139, 43, 497, 497, 497, 122, 129, 259, 84, 426, 284, 290, 213, 213, 213, 252, 143, 143, 259, 180, 84, 286, 286, 213, 324, 324, 301, 301, 10, 180, 273, 395, 464, 213, 213, 213, 213, 246, 246, 19, 19, 19, 454, 454, 414, 414, 414, 414, 170, 187, 187, 47, 47, 73, 73, 408, 392, 392, 73, 73, 73, 73, 320, 320, 66, 66, 66, 66, 68, 68, 68, 115, 115, 267, 267, 267, 267, 213, 246, 246, 246, 246, 246, 246, 246, 246, 246, 301, 301, 8, 259, 354, 106, 106, 284, 284, 376, 206, 460, 169, 169, 77, 77, 342, 342, 172, 172, 115, 345, 494, 401, 331, 331, 84, 84, 153, 153, 497, 497, 497, 43, 43, 276, 276, 346, 346, 346, 284, 486, 376, 376, 376, 460, 460, 460, 263, 263, 263, 414, 414, 414, 414, 414, 170, 170, 244, 47, 47, 73, 244, 244, 244, 321, 321, 320, 7, 7, 331, 398, 290, 434, 434, 434, 434, 434, 43, 100, 250, 406, 406, 467, 337, 337, 443, 360, 434, 434, 422, 339, 338, 338, 338, 338, 338, 400, 400, 400, 464, 464, 464, 464, 464, 240, 240, 330, 8, 259, 100, 100, 100, 100, 497, 497, 122, 122, 239, 114, 278, 278, 464, 171, 171, 171, 171, 171, 171, 252, 8, 180, 84, 464, 464, 443, 443, 240, 139, 8, 8, 180, 180, 464, 213, 213, 213, 246, 246, 246, 246, 246, 19, 19, 19, 454, 229, 414, 414, 414, 47, 187, 408, 408, 73, 73, 73, 244, 321, 320, 320, 7, 276, 276, 346, 346, 346, 346, 387, 293, 293, 426, 35, 35, 180, 84, 84, 464, 180, 139, 139, 139, 139, 293, 122, 443, 355, 355, 68, 224, 395, 239, 10, 106, 331, 180, 106, 114, 486, 443, 443, 240, 240, 251, 129, 34, 34, 406, 224, 395, 180, 180, 84, 68, 331, 278, 338, 338, 338, 338, 338, 94, 94, 338, 199, 413, 413, 169, 467, 338, 338, 338, 338, 338, 338, 400, 400, 400, 400, 213, 213, 324, 324, 422, 186, 338, 338, 338, 338, 338, 400, 273, 273, 273, 273, 139, 77, 467, 251, 199, 331, 331, 486, 443, 120, 146, 395, 395, 251, 219, 219, 246, 246, 246, 246, 246, 246, 19, 19, 19, 19, 454, 414, 414, 414, 414, 414, 170, 170, 244, 244, 28, 73, 73, 244, 320, 321, 320, 7, 7, 374, 374, 132, 217, 217, 473, 473, 290, 246, 246, 246, 19, 19, 19, 14, 473, 278, 278, 278, 278, 278, 278, 278, 278, 278, 278, 278, 278, 278, 278, 278, 278, 278, 278, 278, 278, 278, 278, 278, 278, 278, 278, 278, 278, 278, 278, 278, 278, 278, 278, 278, 278, 278, 278, 278, 278, 278, 278, 278, 278, 278, 278, 278, 278, 278, 278, 278, 278, 278, 278, 278, 278, 278, 278, 278, 278, 278]

ep37
Train step Loss: [2.6989102363586426, 3.107306718826294, 3.203681230545044, 3.2139201164245605, 2.7382235527038574, 2.7152276039123535, 2.8871817588806152, 2.6889851093292236, 2.9969375133514404, 2.5058422088623047, 3.406036615371704, 2.6755216121673584, 3.770683526992798, 2.7330105304718018, 3.3711485862731934, 3.091601848602295, 3.450484275817871, 2.8706018924713135, 3.6752753257751465, 3.1839349269866943, 3.011866331100464, 3.5240612030029297, 3.671595811843872, 3.2663583755493164, 3.21254825592041, 3.56156587600708, 3.3248796463012695, 3.33394455909729, 3.000462770462036, 2.870842695236206, 3.099879741668701, 2.974613904953003, 3.1809818744659424, 3.2067959308624268, 3.049785614013672, 2.6731765270233154, 3.2080819606781006, 3.670649766921997, 3.119713544845581, 3.612917423248291, 3.1283442974090576, 3.0210258960723877, 2.8511765003204346, 3.2595345973968506, 2.6733436584472656, 3.14492130279541, 3.1650969982147217, 3.0991570949554443, 2.6858034133911133, 2.717597723007202, 3.43110728263855, 4.053997039794922, 3.342792510986328, 3.0225460529327393, 2.9442949295043945, 3.4124069213867188, 3.031092643737793, 3.2643816471099854, 3.740675449371338, 3.3622379302978516, 3.1964271068573, 3.2734835147857666, 2.894829750061035]
val step Loss: [2.7590394020080566, 2.964599847793579, 3.0339465141296387, 2.765775203704834, 3.0482935905456543, 2.813891887664795, 2.6976613998413086, 2.488036632537842, 2.8180088996887207, 2.561464548110962, 3.0110678672790527, 2.7977957725524902, 3.3602190017700195, 3.0113577842712402, 3.049241781234741, 2.982093095779419]
Train step Accs: [0.5316230179939426, 0.4384218731262741, 0.420767306088407, 0.4410662824207493, 0.5159180113388574, 0.5210463018641011, 0.46778277996623524, 0.5180612711476908, 0.4312217194570136, 0.552400773004311, 0.4106029106029106, 0.5361827560795873, 0.3554147465437788, 0.5163813459268005, 0.4068763490595128, 0.429750965508057, 0.3875611862942701, 0.4953547297297297, 0.34151634341516346, 0.42810457516339867, 0.4555785123966942, 0.3630573248407643, 0.333641975308642, 0.3813291139240506, 0.4286912751677852, 0.3582934262080975, 0.3927547563200417, 0.3779930051116492, 0.4350987759059508, 0.49052206339341203, 0.45693684069969287, 0.47233546884100175, 0.4132119070273209, 0.43054039301310043, 0.42942316291548666, 0.5304702858006956, 0.42447418738049714, 0.3288545962485034, 0.43924175979629365, 0.3633256012696862, 0.40421263791374124, 0.4403849045256352, 0.48568264515108367, 0.39730779905634195, 0.5118879139541466, 0.43270746739286226, 0.42228420889508755, 0.43315736909687547, 0.5143180105501131, 0.5143350146004778, 0.3933495539334955, 0.30508977593114706, 0.4025815217391304, 0.45301582774846716, 0.4905830753353973, 0.3720030935808198, 0.4517715112075199, 0.41560975609756096, 0.3209169054441261, 0.4071220930232558, 0.4081408140814081, 0.411297440423654, 0.4770408163265306]
val step Accs: [0.5340336134453781, 0.47029702970297027, 0.4523399368360609, 0.495140160585998, 0.45963199399173865, 0.495661320010518, 0.5303194369247428, 0.5771907064512325, 0.5078481012658228, 0.5589546502690238, 0.4594966304497318, 0.5185287229645956, 0.386, 0.45740663029794376, 0.45443536179231003, 0.47053389987068167]
Preds: [17, 17, 145, 145, 486, 460, 460, 169, 169, 342, 342, 342, 169, 395, 293, 293, 293, 441, 217, 387, 348, 348, 348, 398, 398, 398, 324, 360, 434, 434, 339, 143, 406, 473, 398, 398, 360, 360, 360, 360, 360, 360, 434, 434, 434, 246, 19, 19, 19, 454, 414, 414, 414, 414, 414, 414, 249, 80, 80, 80, 80, 320, 320, 188, 188, 188, 171, 171, 434, 434, 339, 339, 250, 345, 43, 153, 43, 43, 43, 129, 251, 34, 34, 34, 84, 139, 139, 106, 106, 293, 88, 122, 8, 75, 354, 354, 286, 286, 360, 360, 360, 360, 434, 434, 19, 19, 19, 454, 414, 414, 414, 414, 414, 414, 47, 414, 244, 20, 47, 66, 20, 244, 321, 320, 7, 7, 7, 479, 473, 473, 398, 398, 360, 360, 360, 360, 434, 434, 434, 246, 246, 246, 246, 19, 19, 454, 454, 197, 197, 197, 7, 7, 7, 219, 219, 219, 219, 219, 219, 239, 286, 286, 286, 43, 468, 406, 467, 84, 426, 180, 486, 315, 315, 315, 315, 450, 282, 388, 406, 406, 250, 250, 250, 250, 138, 138, 153, 497, 497, 497, 195, 195, 195, 426, 169, 169, 84, 84, 84, 84, 106, 217, 153, 153, 182, 98, 98, 98, 98, 414, 197, 197, 197, 244, 188, 188, 422, 107, 468, 395, 395, 68, 342, 342, 342, 224, 395, 273, 444, 444, 246, 171, 171, 324, 324, 324, 252, 422, 77, 54, 342, 68, 115, 115, 273, 273, 486, 486, 460, 460, 460, 460, 35, 35, 35, 208, 100, 100, 100, 182, 182, 182, 182, 182, 182, 182, 182, 182, 98, 98, 98, 98, 98, 98, 13, 47, 75, 321, 287, 287, 287, 426, 426, 426, 426, 98, 98, 98, 98, 13, 13, 83, 75, 278, 278, 278, 278, 278, 278, 278, 278, 278, 278, 278, 278, 278, 278, 278, 278, 278, 278, 278, 278, 278, 278, 278, 278, 278, 278, 278, 278, 278, 278, 278, 278, 278, 278, 278, 278, 278, 278, 278, 278, 278, 278, 278, 278, 278, 278, 278, 278, 278, 278, 278, 278, 278, 278, 278, 278, 278, 278, 278, 278, 278, 278, 278, 278, 278, 278, 278, 278, 278, 278, 278, 278, 278, 278, 278, 278, 278, 278, 278, 278, 278, 278, 278, 278, 278, 278, 278, 278, 278, 278, 278, 278, 278, 278, 278, 278, 278, 278, 278, 278, 278, 278, 278, 278, 278, 278, 278, 278, 278, 278, 278, 278, 278, 278, 278, 278, 278, 278, 278, 278, 278, 278, 278, 278, 278, 278, 278, 278, 278, 278, 278, 278, 278, 278, 278, 278, 278, 278, 278, 278, 278, 278, 278, 278, 278, 278, 278, 278, 278, 278, 278, 278, 278, 278, 278, 278, 278, 278, 278, 278, 278, 278, 278, 278, 278, 278, 278, 278, 278, 278, 278, 278, 278, 278, 278, 278, 278, 278, 278, 278, 278, 278, 278, 278, 278, 278, 278, 278, 278, 278, 278, 278, 278, 278, 278, 278, 278, 278, 278, 278, 278, 278, 278, 278, 278, 278, 278, 278, 278, 278, 278, 278, 278, 278, 278, 278, 278, 278, 278, 278, 278, 278, 278, 278, 278, 278, 278, 278, 278, 278, 278, 278, 278, 278, 278, 278, 278, 278, 278, 278, 278, 278, 278, 278, 278, 278, 278, 278, 278, 278, 278, 278, 278, 278, 278, 278, 278, 278, 278, 278, 278, 278, 278, 278, 278, 278, 278, 278, 278, 278, 278, 278, 278, 278, 278, 278, 278, 278, 278, 278, 278, 278, 278, 278, 278, 278, 278, 278, 278, 278, 278, 278, 278, 278, 278, 278, 278, 278, 278, 278, 278, 278, 278, 278, 278, 278, 278]

ep38
Train step Loss: [3.3047990798950195, 3.028006076812744, 2.4727113246917725, 2.5450780391693115, 3.181178331375122, 3.0887506008148193, 3.006800651550293, 2.9074811935424805, 2.9240901470184326, 3.5499143600463867, 3.469028949737549, 3.1030821800231934, 2.993971586227417, 2.603174924850464, 3.0200064182281494, 3.1183488368988037, 3.439610004425049, 3.1513078212738037, 3.270066499710083, 3.5909335613250732, 3.5135738849639893, 3.403813123703003, 2.7677414417266846, 3.608638048171997, 3.0169153213500977, 2.648057460784912, 3.7442634105682373, 3.1626012325286865, 2.8189809322357178, 3.057983160018921, 3.3771331310272217, 3.0803003311157227, 2.855487585067749, 3.8011960983276367, 2.8636891841888428, 3.251763105392456, 3.038883686065674, 3.138607978820801, 2.9398953914642334, 3.3531627655029297, 2.6958746910095215, 3.4003944396972656, 3.1244890689849854, 2.9756641387939453, 3.1099584102630615, 3.205036163330078, 2.946866989135742, 3.2365002632141113, 3.1801278591156006, 3.006338596343994, 2.47163462638855, 3.3597123622894287, 3.262340545654297, 3.3345155715942383, 3.551910161972046, 3.241346836090088, 3.151599645614624, 3.0129048824310303, 3.474257230758667, 3.1796112060546875, 3.262444019317627, 3.4264087677001953, 3.6321024894714355]
val step Loss: [3.351736545562744, 3.5638370513916016, 3.069366931915283, 2.6347317695617676, 3.4564602375030518, 3.5033152103424072, 2.7411139011383057, 2.7800819873809814, 2.9235668182373047, 3.3281679153442383, 3.379398822784424, 3.0966055393218994, 3.104663133621216, 3.356666326522827, 3.274660110473633, 3.3680269718170166]
Train step Accs: [0.3964661214953271, 0.4517894736842105, 0.5647681777088983, 0.5481804949053858, 0.41394304951606115, 0.4321273122959739, 0.4627375296912114, 0.46433922685046447, 0.4728847245883021, 0.37528056262157716, 0.3743547044129892, 0.4629976288531137, 0.44711476673949363, 0.5588157195963888, 0.475735517136791, 0.45562876769942523, 0.4005075384385729, 0.4300900900900901, 0.4216580165521111, 0.3786497555819791, 0.3880139982502187, 0.38781480539302976, 0.5003318951211417, 0.339321644150618, 0.44000967585873246, 0.5338600451467269, 0.31917211328976036, 0.4111986001749781, 0.5093026773559219, 0.4418918918918919, 0.3913588850174216, 0.4307669572927442, 0.4838314176245211, 0.29759086478206376, 0.48404840484048406, 0.40382513661202185, 0.43945959724700484, 0.4546225614927905, 0.46504369538077406, 0.3751745539177657, 0.5151157646364843, 0.3845701689933872, 0.42104599873976056, 0.4510529311326124, 0.4350268685881778, 0.39447983014862, 0.4779783393501805, 0.41975308641975306, 0.3989307535641548, 0.4413145539906103, 0.5643752373718193, 0.383634431455898, 0.4188213676335477, 0.38277310924369745, 0.36444212721584984, 0.40627261761158023, 0.41617787477833856, 0.46465879799213133, 0.35654718361375276, 0.4342657342657343, 0.39614348504182617, 0.3978247549019608, 0.3355688622754491]
val step Accs: [0.42044243070362475, 0.3748513674197384, 0.43333843563447116, 0.5467402064771603, 0.3936842105263158, 0.38115461181154614, 0.5196078431372549, 0.5208185306238454, 0.47573062261753496, 0.4246050185873606, 0.40977615349474644, 0.4499582985821518, 0.4286330314790858, 0.39583060180936147, 0.4175515684120591, 0.3809034907597536]
Preds: [17, 17, 287, 287, 319, 319, 319, 319, 348, 348, 348, 348, 250, 250, 250, 65, 138, 138, 138, 138, 182, 182, 182, 182, 182, 182, 182, 497, 497, 497, 98, 14, 14, 14, 287, 287, 287, 111, 111, 111, 111, 111, 114, 395, 338, 94, 94, 398, 398, 398, 324, 324, 301, 301, 43, 43, 88, 65, 138, 138, 153, 182, 297, 182, 297, 481, 426, 426, 284, 284, 284, 426, 426, 426, 426, 413, 413, 348, 182, 372, 497, 413, 372, 43, 43, 43, 276, 276, 346, 346, 346, 284, 111, 111, 111, 85, 114, 114, 240, 354, 251, 431, 180, 426, 428, 85, 85, 146, 146, 146, 114, 77, 54, 54, 54, 54, 68, 68, 68, 68, 115, 273, 273, 486, 264, 403, 403, 290, 171, 171, 171, 171, 434, 252, 252, 339, 301, 143, 354, 286, 286, 324, 301, 301, 301, 301, 250, 345, 426, 84, 426, 426, 426, 426, 426, 426, 319, 282, 282, 169, 169, 77, 342, 342, 342, 115, 115, 267, 267, 267, 267, 213, 324, 246, 246, 246, 246, 434, 434, 339, 339, 398, 398, 398, 324, 324, 324, 422, 422, 422, 99, 54, 342, 115, 115, 273, 273, 273, 169, 315, 315, 315, 85, 85, 282, 282, 169, 169, 77, 342, 342, 224, 224, 267, 464, 464, 464, 464, 464, 464, 180, 180, 169, 169, 486, 486, 486, 486, 85, 146, 146, 240, 169, 169, 169, 106, 460, 460, 139, 139, 293, 293, 293, 122, 342, 342, 342, 115, 273, 273, 273, 284, 486, 486, 376, 376, 460, 460, 460, 263, 263, 229, 187, 414, 187, 187, 187, 187, 201, 23, 23, 23, 20, 408, 408, 408, 408, 408, 408, 408, 408, 408, 73, 320, 66, 66, 66, 68, 68, 68, 115, 115, 273, 273, 100, 100, 153, 153, 497, 426, 426, 426, 426, 319, 319, 293, 348, 219, 219, 219, 464, 464, 464, 180, 315, 315, 319, 319, 319, 319, 348, 348, 406, 250, 406, 406, 199, 467, 337, 337, 464, 324, 324, 3, 301, 301, 301, 8, 354, 354, 106, 106, 284, 284, 206, 206, 206, 282, 388, 169, 77, 342, 342, 224, 426, 426, 426, 426, 114, 330, 395, 324, 324, 324, 213, 213, 213, 246, 246, 246, 246, 246, 246, 246, 246, 246, 19, 454, 454, 414, 414, 414, 414, 414, 249, 249, 249, 47, 187, 187, 2, 47, 244, 73, 73, 244, 321, 320, 287, 287, 287, 284, 284, 460, 460, 460, 169, 169, 77, 224, 395, 273, 494, 186, 68, 68, 68, 68, 68, 342, 342, 224, 273, 273, 106, 106, 424, 43, 497, 497, 182, 182, 497, 497, 497, 122, 122, 32, 197, 197, 197, 197, 7, 7, 7, 479, 473, 473, 473, 360, 398, 360, 360, 360, 434, 434, 434, 434, 434, 246, 246, 246, 422, 339, 339, 338, 338, 338, 338, 338, 338, 400, 400, 400, 286, 286, 286, 374, 374, 374, 374, 250, 109, 331, 354, 139, 195, 195, 195, 195, 303, 303, 48, 48, 48, 13, 414, 414, 414, 414, 170, 170, 170, 187, 187, 244, 244, 244, 244, 408, 408, 73, 320, 321, 321, 320, 287, 287, 287, 284, 284, 284, 460, 460, 460, 460, 169, 35, 77, 77, 342, 342, 224, 267, 267, 267, 267, 213, 213, 246, 246, 246, 301, 301, 301, 100, 43, 345, 109, 106, 441, 284, 284, 428, 376, 85, 85, 146, 240, 315, 169, 35, 395, 395, 395, 395, 239, 324, 301, 301, 301, 345, 345, 250, 250, 250, 138, 138, 65, 398, 398, 398, 398, 286, 286, 374, 374, 374, 374, 374, 132, 132, 132, 132, 132, 132, 76, 251, 264, 264]

ep39
Train step Loss: [3.926196575164795, 3.245985984802246, 3.148780107498169, 3.5418481826782227, 2.7592387199401855, 3.0036354064941406, 3.143812656402588, 3.5832347869873047, 3.4367012977600098, 3.2227907180786133, 3.5256357192993164, 2.7290587425231934, 2.8623223304748535, 3.5497848987579346, 3.711581230163574, 2.87162709236145, 3.418116569519043, 3.542119026184082, 3.424870491027832, 3.1503372192382812, 2.9358952045440674, 2.725898265838623, 2.582860231399536, 2.8087306022644043, 2.8056514263153076, 3.0680644512176514, 2.930652379989624, 2.86910080909729, 3.1682024002075195, 3.4280130863189697, 3.526257276535034, 3.7771236896514893, 3.8778514862060547, 3.4527204036712646, 3.503230333328247, 3.501833200454712, 3.6343722343444824, 3.871436834335327, 3.227208375930786, 3.4055984020233154, 3.284153938293457, 2.900578260421753, 2.941398859024048, 2.9563345909118652, 3.3762335777282715, 2.9063572883605957, 3.5381245613098145, 3.393497943878174, 3.582742929458618, 3.5428452491760254, 3.7500834465026855, 3.760007381439209, 3.549240827560425, 3.439944267272949, 3.097219705581665, 3.0913023948669434, 3.776900053024292, 3.243194103240967, 3.4761593341827393, 3.888360023498535, 3.1783254146575928, 3.272031545639038, 3.2644174098968506]
val step Loss: [2.9399354457855225, 2.9994006156921387, 2.804574489593506, 3.0610342025756836, 2.72748064994812, 2.6066932678222656, 3.0499234199523926, 2.7097620964050293, 2.321863889694214, 2.6729953289031982, 2.9127652645111084, 2.896420955657959, 2.797457695007324, 2.655510425567627, 2.9886186122894287, 2.9583487510681152]
Train step Accs: [0.28850970569818407, 0.43435815241148185, 0.4175603217158177, 0.34072500331961225, 0.5180909474869774, 0.45615538417594975, 0.4309240622140897, 0.3485841636077609, 0.37310366624525915, 0.42016219239373603, 0.3368954651322099, 0.5105542900531511, 0.4640452876376989, 0.3524671285168952, 0.3368489372059062, 0.46785662458278915, 0.38009700017962994, 0.370521727285111, 0.3688565077796987, 0.4088421658986175, 0.49640188209244396, 0.5049463564163299, 0.5578605701383009, 0.4795670153247385, 0.49671196843489696, 0.44607343192248855, 0.47144087256027556, 0.45839151075118684, 0.4235181644359465, 0.37962594508555514, 0.38767633750332714, 0.3233977050097957, 0.33635804367886807, 0.383025027203482, 0.3659684274438373, 0.38997760358342665, 0.32836468885672937, 0.30578847714362994, 0.41538871849579945, 0.35479901558654636, 0.37990047335841726, 0.4765799256505576, 0.4439407676035056, 0.4718162839248434, 0.3745019920318725, 0.46208813021040096, 0.3656562885749554, 0.34961023679952935, 0.32887624466571835, 0.3440776091378501, 0.32953726394695115, 0.3350628072091753, 0.35883981926832825, 0.35135135135135137, 0.4516171968587781, 0.41787197479593297, 0.27154696132596684, 0.4129836255615128, 0.38814942035208244, 0.2853639648941662, 0.3830542871638762, 0.38355957767722476, 0.37056]
val step Accs: [0.46758882560347165, 0.45363344051446947, 0.4970881325223243, 0.45767758400680564, 0.500879617994471, 0.5447428802807397, 0.4487084870848708, 0.5198711063372717, 0.6092096219931271, 0.5271205536777724, 0.4873131257714991, 0.46925098554533506, 0.495942656207736, 0.5278137128072445, 0.4523809523809524, 0.4667228306655434]
Preds: [17, 7, 217, 217, 473, 473, 473, 473, 213, 360, 360, 252, 143, 107, 107, 75, 107, 107, 395, 395, 213, 171, 171, 171, 171, 171, 246, 3, 3, 3, 143, 197, 259, 354, 84, 109, 114, 264, 395, 406, 34, 337, 337, 337, 171, 171, 434, 360, 434, 434, 143, 251, 398, 339, 338, 94, 10, 406, 467, 250, 250, 250, 250, 250, 250, 250, 43, 129, 129, 259, 106, 100, 100, 100, 497, 497, 497, 497, 43, 43, 208, 208, 106, 346, 346, 346, 293, 84, 372, 372, 467, 467, 467, 467, 467, 406, 406, 467, 303, 303, 303, 303, 303, 303, 303, 303, 48, 48, 414, 414, 414, 414, 414, 414, 170, 47, 392, 2, 244, 392, 392, 392, 244, 392, 392, 320, 321, 66, 66, 66, 66, 115, 115, 115, 115, 267, 267, 464, 286, 374, 468, 468, 139, 139, 139, 274, 153, 153, 387, 398, 398, 398, 324, 324, 324, 324, 3, 3, 3, 3, 14, 355, 145, 111, 111, 169, 240, 180, 330, 180, 111, 111, 111, 114, 282, 395, 282, 395, 68, 224, 273, 443, 443, 443, 460, 240, 240, 35, 251, 180, 180, 180, 337, 213, 213, 213, 246, 246, 246, 246, 246, 246, 246, 3, 197, 197, 75, 259, 354, 284, 284, 284, 284, 284, 376, 376, 376, 460, 460, 263, 263, 263, 170, 170, 187, 170, 170, 244, 28, 287, 287, 47, 244, 287, 287, 331, 276, 321, 276, 276, 287, 287, 320, 219, 219, 213, 213, 324, 301, 301, 143, 259, 259, 354, 437, 437, 284, 319, 319, 282, 263, 35, 278, 443, 278, 278, 443, 443, 443, 443, 443, 443, 443, 443, 443, 443, 443, 443, 443, 443, 443, 443, 443, 443, 443, 443, 443, 443, 443, 443, 443, 443, 443, 443, 443, 443, 443, 443, 443, 443, 443, 443, 443, 443, 443, 443, 443, 443, 443, 443, 443, 443, 443, 443, 443, 443, 443, 443, 443, 443, 443, 443, 443, 443, 443, 443, 443, 443, 443, 443, 443, 443, 443, 443, 443, 443, 443, 443, 443, 443, 443, 443, 443, 443, 443, 443, 443, 443, 443, 443, 443, 443, 443, 443, 443, 443, 443, 443, 443, 443, 443, 443, 443, 443, 443, 443, 443, 443, 443, 443, 443, 443, 443, 443, 443, 443, 443, 443, 443, 443, 443, 443, 443, 443, 443, 443, 443, 443, 443, 443, 443, 443, 443, 443, 443, 443, 443, 443, 443, 443, 443, 443, 443, 443, 443, 443, 443, 443, 443, 443, 443, 443, 443, 443, 443, 443, 443, 443, 443, 443, 443, 443, 443, 443, 443, 443, 443, 443, 443, 443, 443, 443, 443, 443, 443, 443, 443, 443, 443, 443, 443, 443, 443, 443, 443, 443, 443, 443, 443, 443, 443, 443, 443, 443, 443, 443, 443, 443, 443, 443, 443, 443, 443, 443, 443, 443, 443, 443, 443, 443, 443, 443, 443, 443, 443, 443, 443, 443, 443, 443, 443, 443, 443, 443, 443, 443, 443, 443, 443, 443, 443, 443, 443, 443, 443, 443, 443, 443, 443, 443, 443, 443, 443, 443, 443, 443, 443, 443, 443, 443, 443, 443, 443, 443, 443, 443, 443, 443, 443, 443, 443, 443, 443, 443, 443, 278, 278, 278, 278, 278, 278, 278, 278, 278, 278, 278, 278, 278, 278, 278, 278, 278, 278, 278, 278, 278, 278, 278, 278, 278, 278, 278, 278, 278, 278, 278, 278, 278, 278, 278, 278, 278, 278, 278, 278, 278, 278, 278, 278, 278, 278, 278, 278, 278, 278, 278, 278, 278, 278, 278, 278, 278, 278, 278, 278, 278, 278, 278, 278, 278, 278, 278, 278, 278, 278, 278, 278, 278, 278, 278]

ep40
Train step Loss: [3.237581729888916, 2.960115432739258, 3.0531654357910156, 3.524369716644287, 3.85151743888855, 2.9057018756866455, 3.1492342948913574, 2.879059314727783, 3.145426034927368, 2.9948740005493164, 2.8548882007598877, 3.2366726398468018, 2.8072550296783447, 2.920485496520996, 3.3016257286071777, 2.9299330711364746, 2.740854263305664, 3.1097333431243896, 2.779956340789795, 3.1273839473724365, 3.299675941467285, 3.0493860244750977, 2.600877523422241, 3.409876823425293, 2.9631683826446533, 3.656036615371704, 3.9757580757141113, 3.4359898567199707, 3.545820713043213, 3.9378936290740967, 3.665287733078003, 4.117434501647949, 3.4749460220336914, 3.4801900386810303, 3.3423218727111816, 3.730370283126831, 3.1340887546539307, 3.0508363246917725, 3.3525519371032715, 3.0237014293670654, 3.4967832565307617, 3.0090572834014893, 2.927478075027466, 3.0171051025390625, 3.286303758621216, 3.0927605628967285, 2.918898582458496, 3.2040276527404785, 3.149573564529419, 3.35030198097229, 3.1023108959198, 3.7223427295684814, 3.6653616428375244, 3.5311622619628906, 3.214886426925659, 3.2367336750030518, 3.27363920211792, 3.300434112548828, 3.0415937900543213, 2.8969295024871826, 2.557252883911133, 2.6879470348358154, 3.0444326400756836]
val step Loss: [2.8436977863311768, 2.269289970397949, 2.58065128326416, 2.4867382049560547, 2.6282801628112793, 2.670509099960327, 2.9816269874572754, 2.508500814437866, 2.8054959774017334, 2.3609535694122314, 2.859496593475342, 2.6213746070861816, 2.39845609664917, 2.9368770122528076, 2.6464192867279053, 2.8357722759246826]
Train step Accs: [0.4088583737210555, 0.44339622641509435, 0.4466509062253743, 0.3438735177865613, 0.3096939463394904, 0.4643556895252449, 0.41011031640198814, 0.4661902871509858, 0.38968560397131824, 0.4482758620689655, 0.460707534431542, 0.3887143052329553, 0.49008168028004667, 0.44864719343114823, 0.40117735470941884, 0.45643328188578647, 0.5085904628330996, 0.3872494871390248, 0.4890892460473017, 0.41307080016757436, 0.39590785520103017, 0.43214798277786637, 0.5534950071326676, 0.3711949685534591, 0.45579649708090075, 0.3333333333333333, 0.2771157037260522, 0.3985178463399879, 0.36477174849267874, 0.29573253601522154, 0.35922485586162717, 0.25168768309769457, 0.377552400270453, 0.3592439960210317, 0.3816585956416465, 0.3333333333333333, 0.4356834103443136, 0.4490362374710871, 0.39636065125188125, 0.45904714267850444, 0.32369348209042864, 0.45927261797415087, 0.45704234880259775, 0.4386917188587335, 0.3768913342503439, 0.44072869225764477, 0.46588397790055247, 0.39389805283393275, 0.43302180685358255, 0.37505297358383954, 0.4374174614820249, 0.33227978562594473, 0.3167844522968198, 0.3395261173936457, 0.4065587856222254, 0.3937889779814178, 0.3652266101245693, 0.35704200494175786, 0.44014038736513716, 0.46651232015875643, 0.5460254250268035, 0.5165372932838339, 0.4274649985105749]
val step Accs: [0.49159721273398005, 0.6276219013892672, 0.5430092462874755, 0.577297452046951, 0.5418135213072733, 0.5242718446601942, 0.44972972972972974, 0.5469113820024654, 0.48629495921914695, 0.597134374596618, 0.4964793792211525, 0.5441786673175494, 0.5936066900458592, 0.474112056028014, 0.5318768365912866, 0.47964818981386786]
Preds: [17, 17, 287, 287, 284, 284, 111, 428, 428, 330, 388, 94, 10, 199, 371, 251, 199, 250, 250, 217, 217, 217, 473, 473, 398, 290, 171, 171, 171, 171, 246, 246, 246, 246, 246, 19, 14, 14, 293, 323, 342, 342, 68, 224, 219, 219, 213, 246, 246, 246, 246, 19, 19, 19, 454, 229, 229, 414, 170, 392, 392, 392, 392, 392, 392, 392, 392, 392, 244, 244, 7, 201, 7, 66, 66, 66, 66, 66, 481, 497, 497, 497, 122, 129, 129, 321, 75, 106, 109, 278, 464, 428, 403, 403, 290, 290, 290, 171, 434, 434, 434, 434, 434, 434, 246, 246, 19, 19, 143, 259, 401, 208, 75, 114, 278, 278, 180, 171, 171, 171, 171, 143, 143, 114, 114, 445, 464, 464, 171, 171, 171, 171, 171, 301, 143, 259, 259, 75, 84, 331, 464, 213, 213, 213, 213, 246, 246, 246, 246, 246, 19, 48, 48, 197, 197, 197, 197, 197, 7, 188, 422, 68, 54, 54, 68, 68, 68, 68, 68, 115, 115, 267, 267, 464, 286, 286, 374, 374, 132, 467, 139, 84, 84, 84, 84, 331, 337, 337, 213, 213, 324, 246, 246, 143, 422, 422, 355, 342, 342, 219, 219, 219, 324, 464, 464, 464, 464, 180, 315, 315, 315, 315, 315, 450, 450, 450, 413, 413, 43, 43, 276, 276, 153, 182, 182, 182, 182, 182, 98, 98, 98, 98, 98, 13, 414, 170, 170, 392, 392, 392, 63, 63, 63, 63, 63, 63, 63, 63, 63, 63, 63, 63, 63, 63, 392, 73, 289, 320, 320, 321, 287, 287, 35, 35, 271, 319, 376, 376, 376, 460, 460, 169, 150, 342, 342, 224, 224, 494, 239, 239, 259, 371, 77, 68, 68, 115, 273, 273, 319, 319, 319, 388, 94, 406, 199, 212, 212, 212, 473, 473, 398, 324, 324, 464, 464, 464, 139, 319, 319, 282, 319, 413, 53, 53, 70, 387, 65, 293, 450, 450, 240, 114, 84, 84, 129, 251, 324, 324, 301, 301, 339, 10, 479, 398, 398, 464, 464, 464, 464, 486, 376, 376, 460, 460, 263, 263, 170, 170, 187, 170, 170, 392, 392, 392, 392, 63, 63, 63, 63, 63, 63, 63, 63, 63, 63, 63, 63, 63, 63, 63, 63, 63, 73, 392, 244, 7, 66, 321, 7, 7, 479, 473, 331, 290, 171, 171, 171, 171, 171, 434, 434, 434, 3, 3, 14, 14, 14, 287, 287, 145, 111, 450, 450, 43, 43, 43, 182, 182, 43, 497, 109, 109, 207, 207, 324, 324, 324, 301, 8, 32, 239, 239, 75, 354, 371, 286, 213, 213, 246, 246, 19, 19, 454, 259, 401, 401, 401, 80, 80, 320, 321, 354, 84, 84, 426, 426, 35, 403, 403, 120, 120, 120, 282, 282, 388, 94, 251, 467, 467, 263, 107, 107, 107, 107, 107, 395, 338, 467, 467, 14, 16, 473, 278, 278, 278, 443, 443, 443, 443, 443, 443, 443, 443, 443, 443, 443, 443, 443, 443, 443, 443, 443, 443, 443, 443, 443, 443, 443, 443, 443, 443, 443, 443, 443, 443, 443, 443, 443, 443, 443, 443, 443, 443, 443, 443, 443, 443, 443, 443, 443, 443, 443, 443, 443, 443, 443, 443, 443, 443, 443, 443, 443, 443, 443, 443, 443, 443, 443, 443, 443, 443, 443, 443, 443, 443, 443, 443, 443, 443, 443, 443, 443, 443, 443, 443, 443, 443, 443, 443, 443, 443, 443, 443, 443, 443, 443, 443, 443, 443, 443, 443, 443, 443, 443, 443, 443, 443, 443, 443, 443, 443, 443, 443, 443, 443, 443, 443, 443, 443, 443, 443, 443, 443, 443, 443, 443, 443, 443, 443, 443]

ep41
Train step Loss: [2.8898966312408447, 2.949563503265381, 3.0228970050811768, 2.7221860885620117, 3.1212966442108154, 3.267423629760742, 3.947324752807617, 3.640449047088623, 3.3592991828918457, 3.8275251388549805, 3.493358850479126, 4.028110980987549, 3.3143739700317383, 3.7105634212493896, 3.671431064605713, 3.049147367477417, 3.376150131225586, 3.219414234161377, 3.625319242477417, 3.4323461055755615, 3.510369062423706, 3.5412299633026123, 2.9979777336120605, 3.3622872829437256, 3.0985281467437744, 3.031559705734253, 3.6362202167510986, 3.6897194385528564, 3.093702793121338, 3.0206761360168457, 3.061189651489258, 3.292715072631836, 3.3627066612243652, 3.378643274307251, 3.222740411758423, 3.4969077110290527, 3.2260525226593018, 3.3521275520324707, 3.6454036235809326, 3.1791858673095703, 2.948713541030884, 3.336353063583374, 3.366091251373291, 3.4904122352600098, 3.2202742099761963, 3.2196366786956787, 3.269198417663574, 3.2290472984313965, 3.1965692043304443, 3.6488559246063232, 3.2433910369873047, 3.5646162033081055, 3.2887275218963623, 3.3069324493408203, 3.947077512741089, 3.1243221759796143, 3.2271246910095215, 3.3570168018341064, 3.5987071990966797, 2.688511371612549, 3.121400833129883, 3.332885503768921, 3.1581077575683594]
val step Loss: [2.315737009048462, 2.688276767730713, 2.5612778663635254, 2.7446718215942383, 2.3691227436065674, 2.475268840789795, 2.492830991744995, 2.5059611797332764, 2.7300970554351807, 2.592694044113159, 2.213866710662842, 2.3693816661834717, 2.550211191177368, 2.6712448596954346, 2.429936170578003, 2.9546351432800293]
Train step Accs: [0.45395232120451695, 0.44529863985807216, 0.43056915116766886, 0.5001954906816108, 0.4004765909728063, 0.40249816311535636, 0.2899524209347887, 0.35668789808917195, 0.3935930002822467, 0.306133192945512, 0.36462770489010055, 0.241780543904749, 0.3601186463529729, 0.3162825095525699, 0.3321128909229596, 0.45971055922815796, 0.39296924042686754, 0.40574223063574694, 0.32761499924092913, 0.38748370273794003, 0.33859784283513095, 0.35907654253126287, 0.4653744201457919, 0.368010752688172, 0.4069855732725892, 0.4570204184522309, 0.3470889735839138, 0.30726096333572966, 0.47208672086720865, 0.4400115640358485, 0.44338640083320935, 0.3767249310027599, 0.3653259764774212, 0.38563659628918745, 0.40388114008489995, 0.35829022597331883, 0.4036136394511615, 0.40343593414459555, 0.313058748403576, 0.4090459363957597, 0.4540988639852625, 0.34814405961087347, 0.3969790859798606, 0.3205290558604193, 0.44925178919973974, 0.4058359621451104, 0.3722732491389208, 0.39949313058556757, 0.42662028089163767, 0.3376074602943319, 0.41303724928366764, 0.37353522053982885, 0.3919732441471572, 0.3777679362267493, 0.24651557386983397, 0.4025758205234732, 0.4276060388209921, 0.3796574715649104, 0.3406234896085065, 0.5141430948419301, 0.4006283294631881, 0.3588537839823659, 0.3942431251606271]
val step Accs: [0.6153099599660318, 0.5146061876001479, 0.5466359821307702, 0.5040277777777777, 0.5904826648538409, 0.5666943982251803, 0.5607764390896921, 0.5600843288826423, 0.5092408302530566, 0.5486604702022964, 0.6359229334990677, 0.5954143085183573, 0.5502667789946645, 0.5218181818181818, 0.5789327404113397, 0.47717657537296815]
Preds: [17, 7, 479, 331, 331, 273, 443, 443, 468, 169, 342, 54, 54, 54, 224, 273, 273, 273, 273, 494, 239, 339, 264, 468, 468, 468, 468, 468, 467, 337, 337, 337, 337, 422, 434, 339, 406, 10, 479, 331, 331, 331, 331, 84, 84, 84, 426, 426, 426, 16, 98, 98, 98, 98, 98, 98, 98, 170, 13, 170, 170, 414, 47, 80, 20, 187, 187, 187, 187, 187, 187, 47, 47, 47, 244, 244, 244, 244, 244, 244, 80, 80, 80, 80, 244, 63, 73, 63, 73, 63, 63, 63, 63, 73, 244, 73, 7, 7, 7, 7, 7, 7, 7, 7, 354, 420, 286, 213, 213, 213, 213, 213, 213, 213, 246, 246, 246, 246, 246, 246, 246, 246, 246, 3, 3, 3, 464, 464, 464, 143, 339, 301, 143, 143, 8, 259, 354, 354, 114, 114, 278, 278, 171, 171, 171, 171, 171, 171, 246, 246, 246, 246, 246, 246, 246, 246, 422, 186, 338, 338, 338, 338, 338, 338, 400, 400, 400, 400, 213, 324, 324, 464, 464, 434, 434, 339, 143, 77, 342, 68, 172, 54, 172, 224, 395, 400, 286, 286, 464, 464, 464, 264, 264, 443, 315, 315, 315, 282, 282, 282, 282, 282, 413, 413, 250, 43, 43, 43, 43, 43, 276, 182, 182, 182, 182, 182, 182, 182, 182, 182, 182, 497, 497, 122, 284, 206, 413, 413, 303, 303, 303, 406, 406, 406, 406, 406, 250, 43, 43, 497, 98, 98, 98, 98, 122, 68, 68, 68, 196, 387, 479, 479, 398, 398, 464, 464, 464, 84, 84, 43, 88, 43, 43, 43, 43, 43, 276, 153, 65, 426, 387, 426, 319, 413, 348, 348, 348, 199, 219, 398, 398, 464, 464, 464, 180, 120, 120, 282, 282, 282, 282, 263, 263, 170, 170, 414, 414, 414, 414, 187, 187, 187, 187, 187, 187, 2, 2, 392, 392, 392, 392, 392, 392, 73, 244, 73, 73, 75, 75, 310, 77, 77, 323, 348, 10, 106, 106, 481, 153, 153, 153, 43, 182, 182, 182, 182, 182, 182, 182, 182, 182, 182, 182, 497, 497, 497, 122, 122, 122, 422, 310, 107, 77, 77, 115, 273, 106, 106, 106, 481, 387, 387, 293, 293, 293, 387, 285, 35, 207, 324, 324, 324, 324, 301, 143, 143, 35, 259, 354, 354, 345, 109, 114, 114, 355, 355, 355, 355, 376, 376, 376, 376, 376, 376, 376, 376, 376, 486, 460, 460, 460, 460, 169, 35, 259, 75, 354, 114, 180, 486, 486, 486, 460, 460, 169, 150, 342, 224, 395, 395, 180, 464, 486, 486, 486, 460, 240, 240, 395, 395, 395, 395, 395, 324, 324, 324, 464, 464, 464, 43, 88, 88, 98, 98, 98, 98, 170, 414, 75, 259, 208, 441, 441, 441, 100, 100, 98, 182, 182, 98, 98, 98, 98, 48, 170, 170, 414, 170, 170, 170, 170, 170, 28, 28, 28, 63, 63, 63, 63, 392, 63, 63, 63, 73, 73, 2, 2, 2, 63, 63, 63, 63, 63, 63, 63, 63, 63, 63, 63, 63, 73, 73, 73, 73, 244, 321, 321, 287, 287, 287, 287, 287, 284, 284, 284, 284, 284, 450, 450, 450, 450, 450, 88, 88, 43, 276, 65, 426, 426, 387, 387, 387, 250, 250, 372, 372, 239, 32, 239, 354, 219, 398, 398, 464, 171, 171, 171, 171, 171, 171, 171, 246, 252, 143, 107, 107, 338, 107, 107, 468, 400, 400, 400, 464, 143, 339, 374, 374, 374, 132, 132, 132, 467, 54, 54, 54, 68, 68, 68, 68, 68, 68, 68, 115, 273, 273, 106, 106, 43, 43, 293, 497, 497, 122, 122, 75, 310, 107, 114, 107]

ep42
Train step Loss: [3.0057528018951416, 3.5126559734344482, 3.181910514831543, 3.118365526199341, 3.4619932174682617, 3.2396912574768066, 3.1385536193847656, 3.2775957584381104, 3.06554913520813, 3.359429359436035, 3.4477758407592773, 3.3046445846557617, 2.8637890815734863, 3.404733419418335, 3.103569507598877, 3.1070830821990967, 3.111762046813965, 2.8241753578186035, 3.0696024894714355, 3.4750568866729736, 3.6787800788879395, 3.5345470905303955, 3.876636028289795, 3.324603796005249, 3.6247501373291016, 3.84305739402771, 3.5131442546844482, 3.8435301780700684, 3.9183614253997803, 3.6698012351989746, 3.752885103225708, 3.742940664291382, 3.4402191638946533, 3.426218271255493, 3.275966167449951, 3.2056875228881836, 2.831923484802246, 3.3259100914001465, 3.0417110919952393, 3.1496617794036865, 3.3090877532958984, 2.9977636337280273, 2.871837615966797, 3.055896043777466, 2.929203987121582, 2.8365323543548584, 3.448309898376465, 3.719654083251953, 3.5600533485412598, 3.46952486038208, 3.6238510608673096, 3.7438931465148926, 4.045350074768066, 4.039149761199951, 3.50335955619812, 3.8919966220855713, 4.041388034820557, 3.6933224201202393, 3.716418504714966, 3.2080118656158447, 3.546353578567505, 3.235121250152588, 3.754312038421631]
val step Loss: [3.1527140140533447, 2.639242172241211, 3.0083181858062744, 2.7720558643341064, 3.1047205924987793, 3.2071611881256104, 2.8350536823272705, 2.864870548248291, 2.9273698329925537, 2.9911715984344482, 2.88012957572937, 2.9099981784820557, 2.924821376800537, 2.6334407329559326, 3.0029397010803223, 2.7157251834869385]
Train step Accs: [0.415621266427718, 0.321750958328181, 0.40965329707681847, 0.4350980919107767, 0.36257912557044014, 0.40243331773514274, 0.4, 0.41841372232810436, 0.42017721125446916, 0.3969465648854962, 0.36293436293436293, 0.4102449888641425, 0.49380092100602196, 0.3710494931425164, 0.42322372284204346, 0.39825539825539824, 0.4181363903586126, 0.4796276308688613, 0.43333800644889947, 0.38486013522471163, 0.293539509893854, 0.3410787213068582, 0.3321815611748076, 0.3746721072573594, 0.3074074074074074, 0.3065965092402464, 0.3577108775915933, 0.2925217880236154, 0.26947115384615383, 0.32951529543232294, 0.32921471718835804, 0.30027333073018353, 0.3511787072243346, 0.354071507323988, 0.3645545102379635, 0.400829470602586, 0.4766355140186916, 0.37548973515123024, 0.4313863476425053, 0.3852657004830918, 0.3507023108291799, 0.4289761230271145, 0.4553164755771949, 0.4167021125762087, 0.46109644354713464, 0.4565593631014192, 0.36728919071873234, 0.30051679586563307, 0.30704189803129733, 0.37153490759753593, 0.358730602544387, 0.31028169014084506, 0.2736244423414898, 0.24486060264714166, 0.30031120331950206, 0.25482005141388175, 0.2779112403590846, 0.3269908386187456, 0.3051987767584098, 0.4161413916697565, 0.3256488128106019, 0.40577063550036524, 0.2540849673202614]
val step Accs: [0.40738714090287276, 0.5383791024782317, 0.44847065307247175, 0.501329995305899, 0.41658031088082903, 0.40033199612671183, 0.4758656873032529, 0.4783021105050984, 0.46662958843159064, 0.44982794218857536, 0.4769125683060109, 0.4502326783867632, 0.4538114137128781, 0.5336180984021516, 0.4469138938277877, 0.5210461789946874]
Preds: [17, 287, 497, 387, 387, 98, 98, 35, 259, 129, 129, 401, 414, 75, 106, 27, 437, 426, 426, 426, 426, 426, 426, 426, 450, 263, 170, 170, 414, 414, 414, 414, 414, 414, 47, 47, 47, 7, 7, 7, 473, 473, 264, 264, 264, 264, 264, 264, 468, 468, 468, 406, 406, 467, 337, 337, 337, 171, 171, 171, 171, 171, 171, 3, 3, 3, 3, 3, 3, 197, 197, 197, 345, 387, 65, 398, 398, 360, 360, 339, 406, 406, 395, 331, 331, 331, 374, 374, 132, 153, 182, 182, 182, 182, 98, 98, 43, 8, 197, 244, 100, 100, 100, 497, 497, 43, 8, 129, 259, 106, 27, 27, 106, 106, 284, 426, 426, 426, 450, 206, 285, 285, 139, 467, 406, 406, 406, 467, 467, 43, 43, 100, 98, 98, 98, 98, 98, 48, 170, 170, 170, 170, 170, 414, 47, 201, 170, 47, 47, 47, 47, 80, 80, 80, 80, 7, 320, 7, 7, 309, 479, 331, 324, 324, 422, 143, 129, 114, 180, 106, 27, 428, 180, 486, 315, 319, 319, 282, 388, 406, 195, 199, 212, 76, 180, 354, 286, 464, 324, 464, 464, 464, 180, 355, 376, 460, 460, 263, 263, 170, 170, 312, 312, 126, 312, 312, 312, 201, 23, 23, 23, 23, 23, 408, 408, 408, 408, 408, 244, 408, 391, 73, 73, 244, 73, 73, 320, 321, 287, 287, 287, 111, 111, 460, 460, 460, 35, 35, 35, 77, 172, 172, 68, 172, 115, 115, 267, 267, 267, 267, 324, 246, 246, 246, 19, 454, 197, 197, 197, 197, 197, 197, 7, 345, 473, 331, 443, 443, 443, 330, 330, 129, 143, 143, 371, 259, 107, 107, 395, 395, 106, 106, 297, 88, 88, 293, 206, 206, 206, 206, 206, 206, 206, 240, 35, 35, 35, 395, 77, 342, 342, 115, 115, 115, 267, 267, 444, 213, 324, 246, 3, 301, 197, 197, 197, 197, 197, 414, 244, 320, 287, 497, 497, 182, 182, 182, 182, 182, 182, 182, 182, 182, 387, 387, 206, 206, 35, 264, 32, 239, 401, 401, 259, 75, 371, 371, 284, 171, 171, 171, 171, 171, 77, 32, 32, 32, 239, 354, 473, 264, 264, 264, 434, 264, 264, 264, 264, 264, 468, 468, 251, 199, 41, 246, 246, 19, 19, 414, 414, 414, 414, 414, 414, 414, 170, 170, 392, 187, 47, 47, 47, 408, 408, 73, 73, 73, 320, 320, 321, 73, 321, 287, 83, 287, 284, 284, 460, 240, 240, 240, 35, 35, 35, 35, 77, 342, 342, 342, 224, 224, 267, 444, 324, 324, 324, 301, 3, 14, 14, 14, 14, 14, 411, 481, 100, 497, 497, 497, 43, 43, 43, 32, 32, 239, 208, 208, 100, 100, 100, 497, 497, 98, 98, 98, 48, 170, 414, 414, 414, 170, 170, 244, 80, 244, 320, 287, 497, 293, 293, 98, 98, 109, 129, 129, 401, 208, 208, 208, 441, 441, 346, 346, 284, 206, 206, 263, 263, 13, 83, 278, 278, 278, 443, 443, 443, 443, 278, 278, 278, 278, 278, 278, 278, 278, 278, 278, 278, 278, 278, 278, 278, 278, 278, 278, 278, 278, 278, 278, 278, 278, 278, 278, 278, 278, 278, 278, 278, 278, 278, 278, 278, 278, 278, 278, 278, 278, 278, 278, 278, 278, 278, 278, 278, 278, 278, 278, 278, 278, 278, 278, 278, 278, 278, 278, 278, 278, 278, 278, 278, 278, 278, 278, 278, 278, 278, 278, 278, 278, 278, 278, 278, 278, 278, 278, 278, 278, 278, 278, 278, 278, 278, 278, 278, 278, 278, 278, 278, 278, 278, 278, 278, 278, 278, 278, 278, 278, 278, 278, 278, 278]

ep43
Train step Loss: [3.3019559383392334, 3.2550342082977295, 3.3607378005981445, 3.4105520248413086, 3.135143995285034, 3.3718533515930176, 3.030257225036621, 3.0120670795440674, 3.088259220123291, 3.0460927486419678, 3.2718210220336914, 2.7947843074798584, 3.6488049030303955, 3.4116876125335693, 3.4513885974884033, 2.8843703269958496, 3.4340758323669434, 3.303567886352539, 3.3399622440338135, 3.144300937652588, 3.293168783187866, 3.6006975173950195, 3.4322054386138916, 3.0728113651275635, 2.9168872833251953, 3.278163433074951, 2.8959665298461914, 2.4816551208496094, 2.7279374599456787, 2.836758613586426, 3.0242722034454346, 2.879267692565918, 2.427187919616699, 2.6644580364227295, 2.747775077819824, 3.0323798656463623, 2.8605797290802, 2.754394054412842, 3.317375421524048, 3.407712459564209, 2.6109495162963867, 3.3198025226593018, 3.837949514389038, 3.5859107971191406, 2.703749179840088, 3.741727113723755, 3.5126848220825195, 3.6598007678985596, 2.628492593765259, 3.0070154666900635, 2.5169665813446045, 2.8963217735290527, 3.3474979400634766, 2.6307015419006348, 3.18796968460083, 3.1272544860839844, 3.1994011402130127, 3.3294219970703125, 3.0284128189086914, 3.3621222972869873, 3.0857224464416504, 3.0651659965515137, 3.1878576278686523]
val step Loss: [2.8284671306610107, 2.8694305419921875, 2.9518589973449707, 2.715606689453125, 2.6337764263153076, 2.761154890060425, 2.4677884578704834, 2.96571946144104, 3.058990955352783, 2.639063835144043, 2.798819065093994, 2.7855441570281982, 2.8825504779815674, 2.3677895069122314, 2.284710645675659, 2.6831181049346924]
Train step Accs: [0.38681377110195403, 0.3716859063808195, 0.3556227327690447, 0.38166282381662825, 0.38067536889897846, 0.32655353132018966, 0.43580537328215924, 0.4314787701317716, 0.42063273727647865, 0.4390494540783558, 0.3831484049930652, 0.4807380625857125, 0.29284229284229285, 0.37894604452270153, 0.3575520833333333, 0.4675358883181878, 0.3544021415823914, 0.3816329066732944, 0.3828396050173472, 0.44511793385162735, 0.35726962457337885, 0.3279492356504182, 0.3382057127531179, 0.4103132387706856, 0.48163782186576615, 0.3729340533464245, 0.458247176713854, 0.5730672532998115, 0.5158010012515645, 0.46305359914050376, 0.4305662114469848, 0.45507717303005685, 0.5573411249086925, 0.5142053068882337, 0.4755982154927673, 0.41899441340782123, 0.4535862161079204, 0.49699138071231097, 0.40640363040463884, 0.3799835028869948, 0.5267126584309322, 0.39731505284204516, 0.30078125, 0.30738993710691825, 0.5099509662532449, 0.27017034200448964, 0.36018680677174547, 0.32026596481507136, 0.5296455253536798, 0.4338308457711443, 0.5532656023222061, 0.45519928079112976, 0.36528842947649215, 0.522517911975435, 0.36905391120507397, 0.4094028325302964, 0.41197679887129646, 0.3823893531414423, 0.42335164835164835, 0.3659375, 0.4345063538611926, 0.43257194476706673, 0.3991481594158807]
val step Accs: [0.48854581673306774, 0.47830188679245284, 0.4621291974100286, 0.49225888324873096, 0.5346780878695773, 0.5056744720586123, 0.5793715846994536, 0.4456035767511177, 0.41694915254237286, 0.5296468161897396, 0.49433504181278665, 0.50437357017898, 0.45947389504606756, 0.6033912324234905, 0.6239148697843742, 0.5283396755457641]
Preds: [17, 17, 486, 486, 460, 460, 169, 460, 35, 35, 35, 259, 208, 208, 441, 100, 153, 153, 497, 122, 129, 129, 129, 114, 208, 208, 437, 441, 441, 284, 206, 206, 98, 263, 263, 170, 126, 170, 414, 249, 249, 249, 249, 249, 249, 249, 201, 201, 201, 201, 170, 20, 249, 20, 20, 249, 20, 20, 28, 320, 40, 20, 20, 20, 73, 73, 73, 73, 73, 153, 153, 80, 80, 73, 392, 73, 320, 320, 244, 320, 287, 287, 287, 111, 111, 460, 169, 169, 388, 338, 338, 338, 338, 338, 338, 400, 400, 400, 213, 213, 213, 213, 246, 246, 246, 246, 246, 246, 422, 339, 339, 338, 338, 338, 338, 338, 400, 400, 400, 310, 286, 286, 286, 374, 374, 374, 132, 132, 132, 132, 132, 132, 132, 132, 132, 132, 132, 132, 132, 132, 132, 132, 132, 197, 197, 197, 197, 197, 197, 197, 414, 414, 414, 244, 7, 213, 213, 213, 213, 213, 246, 246, 434, 434, 374, 132, 132, 43, 43, 43, 250, 276, 276, 346, 426, 426, 169, 169, 169, 282, 282, 282, 282, 388, 303, 303, 217, 473, 473, 398, 324, 464, 301, 143, 259, 401, 197, 7, 7, 354, 276, 109, 169, 85, 85, 85, 146, 207, 207, 207, 3, 3, 460, 454, 197, 197, 197, 197, 197, 197, 7, 139, 66, 239, 239, 239, 239, 374, 374, 139, 139, 139, 84, 132, 132, 132, 132, 132, 132, 132, 276, 387, 65, 479, 331, 43, 153, 98, 371, 371, 197, 7, 217, 473, 473, 360, 213, 324, 324, 324, 246, 19, 19, 454, 414, 414, 414, 229, 187, 126, 126, 47, 47, 47, 47, 23, 23, 23, 23, 23, 408, 73, 73, 408, 391, 73, 73, 320, 392, 392, 392, 83, 287, 287, 319, 319, 319, 413, 348, 250, 250, 250, 276, 65, 109, 109, 403, 171, 324, 324, 324, 464, 301, 251, 251, 251, 251, 241, 84, 431, 486, 319, 319, 330, 388, 406, 195, 467, 250, 199, 199, 199, 290, 290, 434, 171, 171, 324, 324, 3, 301, 301, 8, 354, 259, 259, 354, 354, 106, 284, 206, 206, 240, 84, 35, 77, 342, 342, 342, 293, 206, 330, 330, 371, 374, 374, 153, 153, 153, 182, 43, 43, 43, 276, 346, 346, 346, 428, 428, 428, 330, 339, 94, 94, 199, 398, 398, 339, 339, 94, 94, 94, 199, 250, 153, 43, 43, 43, 276, 276, 276, 153, 387, 387, 387, 387, 240, 240, 84, 35, 371, 106, 426, 14, 284, 284, 287, 497, 497, 497, 293, 497, 122, 122, 371, 349, 395, 224, 239, 239, 8, 8, 106, 27, 180, 443, 330, 94, 94, 199, 199, 464, 464, 464, 120, 330, 282, 395, 395, 273, 273, 273, 239, 278, 99, 338, 338, 338, 338, 395, 106, 331, 426, 426, 413, 94, 199, 239, 199, 239, 310, 107, 395, 264, 239, 286, 464, 139, 139, 139, 139, 139, 139, 8, 129, 129, 144, 208, 441, 437, 153, 426, 426, 372, 467, 348, 199, 250, 413, 98, 98, 98, 98, 197, 414, 320, 7, 473, 473, 286, 286, 286, 468, 468, 406, 406, 337, 337, 246, 324, 19, 454, 414, 229, 229, 187, 414, 170, 170, 170, 170, 47, 28, 187, 244, 187, 187, 187, 244, 28, 28, 28, 47, 392, 73, 20, 20, 392, 73, 73, 73, 320, 320, 7, 188, 324, 339, 339, 10, 251, 479, 331, 331, 153, 153, 387, 387, 387, 497, 43, 8, 129, 114, 208, 208, 106, 106, 387, 372, 372, 406, 406, 406, 413, 413, 98, 98, 98, 98, 98, 414, 414, 414, 414, 414, 414, 170, 47, 47, 47]

ep44
Train step Loss: [3.1470351219177246, 3.806791067123413, 2.9532601833343506, 2.7984888553619385, 3.2970969676971436, 2.918715000152588, 3.1507019996643066, 3.3654422760009766, 3.3339784145355225, 3.193918228149414, 3.1248130798339844, 3.6919944286346436, 3.0490760803222656, 3.4793999195098877, 3.2484586238861084, 3.6491518020629883, 3.912822961807251, 3.161625623703003, 3.6529958248138428, 3.7985310554504395, 3.5174484252929688, 3.1583545207977295, 3.4083969593048096, 3.3286430835723877, 2.8716249465942383, 3.175530433654785, 3.186098575592041, 3.745069980621338, 3.236820697784424, 3.5353307723999023, 3.0805089473724365, 2.9215924739837646, 3.1185548305511475, 3.008331298828125, 2.8216259479522705, 3.517071008682251, 2.589552879333496, 2.9769551753997803, 2.6591827869415283, 2.8798439502716064, 3.0113446712493896, 3.640111207962036, 2.6036102771759033, 3.0112383365631104, 3.218968391418457, 3.8749935626983643, 2.9276909828186035, 2.8944191932678223, 2.896923542022705, 3.151291847229004, 3.476585865020752, 3.0014781951904297, 3.7443809509277344, 3.3897457122802734, 3.510674238204956, 3.490943431854248, 3.0157997608184814, 3.2250938415527344, 2.889669179916382, 3.1588943004608154, 2.7498574256896973, 3.284437417984009, 3.5674540996551514]
val step Loss: [2.5692734718322754, 2.5175328254699707, 2.9518883228302, 2.6271684169769287, 2.795614242553711, 2.9541475772857666, 2.411167621612549, 2.5494794845581055, 2.709538221359253, 2.8179593086242676, 2.831958532333374, 2.542387008666992, 2.783925771713257, 2.583373785018921, 2.869490623474121, 2.585261106491089]
Train step Accs: [0.3817604856512141, 0.313322244064721, 0.48044692737430167, 0.4927080354589648, 0.38256555634301914, 0.4682313495389774, 0.3909889803319849, 0.37168141592920356, 0.3549321743711313, 0.4011317704122878, 0.39424334932402966, 0.32585654424451566, 0.44965594719842716, 0.3493517474633596, 0.3894992152946212, 0.3118372026368587, 0.2731707317073171, 0.4056210335448776, 0.3133416631958906, 0.28853444894757485, 0.34559628008752735, 0.4129135113591072, 0.36659726353361094, 0.3563717582826653, 0.4961688593320804, 0.39850972816337793, 0.3983500294637596, 0.3167944905305995, 0.3645210858801434, 0.3260810810810811, 0.44578474735290174, 0.4572402549281162, 0.3978097193702943, 0.4270942408376963, 0.45376782077393074, 0.32844613169262993, 0.5236419280795716, 0.4480552070263488, 0.5202764976958525, 0.46089790007241127, 0.41447835344215755, 0.3152594887683966, 0.5261119273407239, 0.4341163170455973, 0.3916967509025271, 0.27537336177994515, 0.45163277880468267, 0.45176132278936015, 0.4517148727675043, 0.44127906976744186, 0.36554898093359633, 0.4313272653172123, 0.3334979627114459, 0.37767003014021755, 0.36300240902751363, 0.3685791528987684, 0.43061432949073397, 0.3903165151989972, 0.45525629887054736, 0.3995653945402689, 0.4945026847353618, 0.36498637602179834, 0.3324396782841823]
val step Accs: [0.5322602461788178, 0.558339402767662, 0.45361509835194047, 0.5181782895588045, 0.5086406313784189, 0.451230871590153, 0.5753949992330112, 0.5403144381941439, 0.521109930961232, 0.4738278342842967, 0.4723926380368098, 0.5485106382978724, 0.5012310483348451, 0.5395894428152492, 0.484375, 0.5522419627749577]
Preds: [17, 7, 479, 479, 398, 278, 17, 17, 470, 342, 342, 54, 68, 172, 172, 428, 428, 239, 339, 468, 468, 468, 468, 467, 337, 337, 337, 337, 434, 339, 339, 94, 331, 331, 331, 84, 84, 84, 426, 426, 16, 98, 98, 98, 98, 98, 98, 98, 13, 13, 414, 7, 170, 187, 187, 20, 20, 187, 47, 2, 2, 244, 20, 47, 28, 2, 20, 2, 73, 244, 63, 63, 63, 244, 73, 73, 73, 73, 320, 320, 320, 7, 7, 7, 7, 219, 219, 219, 213, 213, 213, 213, 213, 213, 246, 246, 246, 246, 246, 246, 246, 3, 3, 3, 464, 464, 143, 395, 301, 180, 259, 354, 109, 445, 445, 403, 171, 171, 171, 171, 171, 246, 246, 246, 246, 246, 324, 422, 186, 338, 338, 338, 338, 338, 338, 400, 400, 400, 324, 464, 171, 171, 171, 252, 252, 143, 107, 107, 107, 468, 107, 395, 395, 286, 286, 286, 464, 180, 180, 315, 315, 315, 315, 282, 282, 282, 282, 282, 413, 413, 43, 43, 43, 276, 138, 138, 138, 182, 182, 182, 182, 182, 182, 182, 426, 282, 282, 282, 282, 303, 303, 199, 199, 331, 84, 43, 497, 274, 98, 98, 68, 68, 68, 94, 345, 387, 479, 398, 398, 464, 464, 264, 468, 406, 406, 88, 43, 43, 43, 276, 276, 65, 426, 387, 413, 348, 348, 348, 398, 398, 398, 398, 464, 464, 443, 355, 355, 282, 460, 263, 263, 263, 170, 414, 414, 414, 187, 187, 187, 187, 187, 47, 47, 244, 392, 392, 73, 73, 73, 244, 75, 75, 310, 107, 77, 406, 10, 106, 106, 374, 153, 153, 43, 182, 182, 182, 182, 182, 182, 182, 497, 497, 497, 497, 122, 122, 129, 371, 107, 77, 172, 68, 206, 106, 106, 481, 481, 413, 293, 199, 199, 395, 395, 146, 324, 324, 422, 301, 143, 259, 354, 345, 109, 109, 445, 355, 355, 355, 355, 355, 355, 355, 355, 355, 355, 287, 287, 460, 460, 169, 180, 35, 259, 354, 180, 169, 111, 428, 85, 438, 438, 169, 77, 395, 395, 464, 486, 486, 443, 443, 240, 240, 143, 371, 371, 324, 324, 324, 339, 464, 464, 132, 132, 132, 303, 324, 324, 324, 259, 106, 441, 100, 100, 100, 100, 100, 98, 98, 98, 98, 48, 170, 170, 414, 170, 170, 170, 170, 28, 28, 28, 28, 63, 63, 63, 63, 244, 2, 2, 2, 2, 2, 63, 63, 63, 63, 63, 63, 244, 73, 73, 73, 73, 321, 321, 287, 287, 287, 287, 287, 284, 284, 284, 284, 450, 450, 450, 450, 100, 43, 43, 276, 276, 65, 387, 497, 497, 43, 43, 43, 8, 239, 219, 219, 464, 464, 75, 171, 171, 171, 171, 252, 252, 143, 338, 338, 338, 338, 273, 219, 219, 324, 143, 143, 374, 374, 132, 132, 54, 54, 54, 54, 68, 68, 68, 68, 68, 115, 273, 273, 106, 106, 424, 497, 497, 122, 122, 259, 310, 278, 278, 278, 464, 213, 213, 213, 324, 324, 19, 19, 19, 454, 197, 75, 7, 7, 188, 360, 360, 464, 171, 171, 171, 252, 143, 143, 8, 276, 345, 109, 109, 109, 284, 284, 376, 376, 206, 206, 206, 450, 450, 35, 106, 100, 100, 100, 98, 98, 98, 98, 13, 75, 259, 441, 441, 100, 100, 100, 293, 387, 98, 98, 98, 98, 98, 13, 414, 414, 170, 170, 170, 170, 28, 2, 2, 2, 244, 2, 244, 63, 63, 63, 244, 63, 63, 392, 63, 73, 244, 73, 73, 73, 321, 320, 320, 7, 7, 213, 374, 374, 374, 374, 374, 374, 132, 132, 132, 274, 88, 122]

ep45
Train step Loss: [3.1073338985443115, 3.0508337020874023, 3.8937668800354004, 2.7628800868988037, 3.0844967365264893, 3.309950590133667, 3.4029996395111084, 2.930370330810547, 3.6310267448425293, 3.182424306869507, 3.2146155834198, 3.03132700920105, 3.870318651199341, 3.308926820755005, 3.795642852783203, 3.1672167778015137, 2.8770933151245117, 2.9704301357269287, 3.067440986633301, 2.8683974742889404, 2.7488441467285156, 2.7309560775756836, 3.5951955318450928, 2.969193458557129, 3.15179705619812, 3.4003405570983887, 3.083164930343628, 3.70849347114563, 3.1995537281036377, 3.8583054542541504, 3.513059377670288, 3.4080312252044678, 3.678999900817871, 3.566326379776001, 3.61969256401062, 3.2633354663848877, 3.813018560409546, 3.5799577236175537, 3.2288880348205566, 3.4795494079589844, 3.434717893600464, 3.6067750453948975, 3.8236961364746094, 3.374091148376465, 3.519523859024048, 3.2634403705596924, 3.442819833755493, 3.581528425216675, 3.113283634185791, 3.14125919342041, 3.1028313636779785, 3.203786611557007, 2.9696192741394043, 3.258441925048828, 3.248727798461914, 3.145852565765381, 3.414367914199829, 3.494842529296875, 3.1658101081848145, 3.429784059524536, 3.596327543258667, 3.7102973461151123, 3.502372980117798]
val step Loss: [2.9741857051849365, 2.780256748199463, 2.8919789791107178, 2.7738020420074463, 3.0423743724823, 2.7669365406036377, 2.977215528488159, 2.8620874881744385, 3.2486279010772705, 2.6792397499084473, 3.202925682067871, 3.0597503185272217, 2.665635824203491, 2.6403167247772217, 2.780195474624634, 2.6297452449798584]
Train step Accs: [0.42975882272789206, 0.448499491353001, 0.2740701661830652, 0.4886722110696874, 0.4198823698178167, 0.38497874350495986, 0.36878565607171965, 0.4434188034188034, 0.3158928320942629, 0.4098289359234561, 0.3975508142911249, 0.46633849717677717, 0.2710674157303371, 0.3555121474789403, 0.2690465824989116, 0.38374033065372365, 0.4348733648761481, 0.4389027431421446, 0.4247110278038113, 0.4451990944200293, 0.4903234537826499, 0.507735982966643, 0.32650706662820883, 0.4202120335949332, 0.4038883204209911, 0.36259228876127975, 0.40985194409851944, 0.34160688665710187, 0.3855320577374958, 0.2709559304302341, 0.35188994600154283, 0.3500876680303916, 0.2849521037953195, 0.30526315789473685, 0.3418940609951846, 0.4041214409312569, 0.2725929904659595, 0.30742635873323193, 0.43345323741007197, 0.36977351916376305, 0.3682489865306656, 0.3191428160506256, 0.2831333803810868, 0.3565217391304348, 0.36857641218301357, 0.3692867540029112, 0.3502454991816694, 0.3239548772395488, 0.38693307960672374, 0.42285939760620805, 0.427606783919598, 0.40041379310344827, 0.44984846298167125, 0.3761467889908257, 0.380811232449298, 0.4179965133431675, 0.3603437691835482, 0.3384712173639509, 0.41760630349137345, 0.35555555555555557, 0.3186267555681657, 0.3035688273852877, 0.32186732186732187]
val step Accs: [0.44836003051106027, 0.503334694433102, 0.4633663366336634, 0.4885937048801617, 0.41610649795703175, 0.500541544174532, 0.4373430086519676, 0.4807201070429388, 0.3989974258230592, 0.5233309404163675, 0.3886346300533944, 0.42060637204522094, 0.5177814867120298, 0.526226495122296, 0.49680261475060394, 0.5417647058823529]
Preds: [17, 17, 17, 284, 486, 486, 460, 460, 169, 342, 342, 172, 172, 172, 293, 293, 293, 68, 68, 276, 276, 88, 473, 473, 473, 360, 360, 360, 360, 360, 434, 434, 434, 339, 339, 331, 251, 398, 398, 324, 360, 360, 360, 360, 360, 360, 434, 434, 434, 434, 434, 19, 19, 414, 414, 414, 414, 414, 414, 414, 249, 249, 249, 244, 80, 80, 80, 320, 321, 188, 188, 188, 290, 171, 171, 171, 434, 339, 276, 88, 345, 345, 100, 497, 497, 497, 122, 129, 324, 324, 324, 324, 84, 431, 426, 139, 139, 139, 293, 10, 122, 180, 114, 180, 180, 180, 264, 403, 290, 290, 171, 434, 434, 434, 19, 19, 19, 19, 414, 414, 414, 414, 414, 414, 414, 414, 47, 414, 47, 47, 66, 66, 276, 321, 244, 321, 7, 7, 7, 479, 479, 479, 479, 398, 398, 360, 360, 360, 360, 360, 434, 434, 434, 434, 434, 434, 434, 434, 19, 19, 414, 414, 197, 197, 197, 197, 7, 321, 7, 219, 219, 219, 219, 464, 464, 464, 286, 286, 286, 468, 468, 468, 468, 467, 84, 180, 486, 315, 315, 315, 315, 315, 315, 315, 450, 450, 413, 413, 250, 250, 250, 250, 138, 138, 138, 387, 345, 387, 467, 467, 467, 195, 349, 68, 169, 169, 169, 293, 293, 293, 374, 374, 153, 153, 153, 182, 182, 98, 98, 98, 98, 197, 75, 259, 180, 180, 324, 324, 171, 171, 171, 339, 422, 68, 68, 342, 342, 342, 342, 115, 273, 251, 199, 171, 171, 171, 171, 171, 171, 171, 171, 252, 422, 143, 186, 342, 342, 342, 115, 115, 273, 273, 486, 486, 486, 460, 460, 460, 169, 35, 35, 35, 35, 35, 106, 441, 100, 100, 497, 497, 182, 182, 182, 182, 182, 182, 182, 182, 182, 182, 98, 98, 98, 98, 98, 170, 170, 47, 321, 75, 437, 437, 437, 206, 206, 206, 206, 98, 98, 98, 98, 13, 170, 170, 83, 445, 171, 278, 278, 278, 278, 278, 278, 278, 278, 278, 278, 278, 278, 278, 278, 443, 443, 443, 443, 443, 443, 443, 443, 443, 443, 443, 443, 443, 443, 443, 443, 443, 443, 443, 443, 443, 443, 443, 443, 443, 443, 443, 443, 443, 443, 443, 443, 443, 443, 443, 443, 443, 443, 443, 443, 443, 443, 443, 443, 443, 443, 443, 443, 443, 443, 443, 443, 443, 443, 443, 443, 443, 443, 443, 443, 443, 443, 443, 443, 443, 443, 443, 443, 443, 443, 443, 443, 443, 443, 443, 443, 443, 443, 443, 443, 443, 443, 443, 443, 443, 443, 443, 443, 443, 443, 443, 443, 443, 443, 443, 443, 443, 443, 443, 443, 443, 443, 443, 443, 443, 443, 443, 443, 443, 443, 443, 443, 443, 443, 443, 443, 443, 443, 443, 443, 443, 443, 443, 443, 443, 443, 443, 443, 443, 443, 443, 443, 443, 443, 443, 443, 443, 443, 443, 443, 443, 443, 443, 443, 443, 443, 443, 443, 443, 443, 443, 443, 443, 443, 443, 443, 443, 443, 443, 443, 443, 443, 443, 443, 443, 443, 443, 443, 443, 443, 443, 443, 443, 443, 443, 443, 443, 443, 443, 443, 443, 443, 443, 443, 443, 443, 443, 443, 443, 443, 443, 443, 443, 443, 443, 443, 443, 443, 443, 443, 443, 443, 443, 443, 443, 443, 443, 443, 443, 443, 443, 443, 443, 443, 443, 443, 443, 443, 443, 443, 443, 443, 443, 443, 443, 443, 443, 443, 443, 443, 443, 443, 443, 443, 443, 443, 443, 443, 443, 443, 443, 443, 443, 443, 443, 443, 443, 443, 443, 443, 443, 443, 443, 443, 443, 443, 443, 443, 443]

ep46
Train step Loss: [3.203158378601074, 3.4452052116394043, 3.272740364074707, 3.360044479370117, 3.2356228828430176, 2.9542741775512695, 3.099140167236328, 3.5267841815948486, 3.225066900253296, 2.8741276264190674, 3.3967652320861816, 3.1776633262634277, 3.0324556827545166, 2.716325044631958, 2.8730897903442383, 3.2295639514923096, 3.692232847213745, 3.2998411655426025, 3.2195892333984375, 3.254585027694702, 3.6131231784820557, 4.008497714996338, 3.187464952468872, 3.3816349506378174, 2.983126163482666, 3.4968831539154053, 3.427583694458008, 3.0789053440093994, 3.342679977416992, 3.3173975944519043, 3.725800037384033, 3.891472816467285, 3.4288666248321533, 3.5673255920410156, 3.4579086303710938, 3.6599152088165283, 3.1982879638671875, 2.83229398727417, 2.8826053142547607, 3.4393794536590576, 3.136791706085205, 3.105121612548828, 3.49094557762146, 3.318765640258789, 2.713141679763794, 3.2648820877075195, 3.6538991928100586, 3.695253610610962, 3.5158026218414307, 3.2364180088043213, 4.334214687347412, 3.3448472023010254, 3.8704512119293213, 4.791801929473877, 4.138831615447998, 4.472383975982666, 3.6992557048797607, 3.9596004486083984, 3.9305481910705566, 4.0530242919921875, 4.037996768951416, 3.5589687824249268, 4.274820327758789]
val step Loss: [3.2112631797790527, 3.146390914916992, 3.2063863277435303, 3.1942355632781982, 3.07906436920166, 3.0811941623687744, 2.9204769134521484, 2.846174955368042, 3.4546003341674805, 3.1355140209198, 3.2401034832000732, 3.356696605682373, 3.1447689533233643, 3.0486202239990234, 2.933795928955078, 3.2864413261413574]
Train step Accs: [0.3880385040239861, 0.3988103472126159, 0.3806191117092867, 0.36574440052700924, 0.3925349922239502, 0.4542139952320853, 0.4504303947758979, 0.31063646788990823, 0.3770949720670391, 0.4639111659469463, 0.35730890195542186, 0.41534277944754544, 0.4281781376518219, 0.47682639434406915, 0.45668463257525965, 0.3835501468736886, 0.3084865629420085, 0.3669464170432537, 0.3492781099606242, 0.397188813215476, 0.29730521382542474, 0.2665818130391741, 0.3815480844409695, 0.35032993401319734, 0.4399717514124294, 0.36306083126892374, 0.34976215644820297, 0.41291585127201563, 0.3676985572208993, 0.3702934662236988, 0.2596205237840727, 0.27586206896551724, 0.34363757495003333, 0.32646638054363375, 0.34333685880486514, 0.28625576796308505, 0.4002936857562408, 0.4644179350061703, 0.45192808754559666, 0.3231193726401394, 0.41981695185037804, 0.42242079610073113, 0.30648382372520305, 0.3983992354557401, 0.5359249329758713, 0.3866840731070496, 0.2840229153405474, 0.32815384615384613, 0.3531409168081494, 0.41712280701754384, 0.23544483985765124, 0.36158349595762473, 0.271566490189972, 0.14093860684769777, 0.2396406838597508, 0.178636245786881, 0.2972771908942122, 0.26994328922495275, 0.27263891138830393, 0.21554627509093358, 0.23817359111476757, 0.3272647188371752, 0.2360248447204969]
val step Accs: [0.37412095639943743, 0.4175202156334232, 0.3830838540909752, 0.39715938979484483, 0.41440967657112804, 0.41137800252844503, 0.45353352316852186, 0.4818415784958536, 0.3353826030085023, 0.42195562435500517, 0.4118815158034089, 0.35537418730114817, 0.41416048550236007, 0.4407601071291927, 0.4506760909649662, 0.37896865520728007]
Preds: [17, 17, 287, 284, 284, 284, 426, 426, 426, 426, 426, 319, 413, 413, 348, 250, 250, 250, 276, 276, 346, 346, 346, 346, 428, 146, 146, 422, 422, 68, 68, 172, 172, 172, 115, 115, 115, 115, 273, 273, 273, 450, 460, 460, 180, 35, 35, 233, 98, 98, 98, 497, 66, 54, 323, 323, 323, 323, 323, 293, 387, 494, 239, 109, 76, 467, 406, 285, 84, 84, 180, 428, 460, 460, 464, 464, 460, 443, 443, 169, 169, 169, 342, 342, 342, 68, 68, 115, 115, 482, 115, 115, 267, 267, 246, 246, 213, 213, 246, 246, 246, 246, 246, 246, 3, 301, 143, 259, 259, 354, 106, 426, 284, 169, 84, 84, 85, 468, 406, 406, 467, 467, 467, 315, 315, 315, 450, 450, 413, 250, 250, 303, 494, 169, 80, 80, 197, 197, 320, 320, 114, 114, 114, 460, 403, 403, 403, 403, 207, 207, 301, 301, 100, 100, 8, 276, 346, 346, 346, 284, 284, 284, 426, 426, 450, 450, 413, 413, 348, 250, 276, 276, 276, 276, 138, 138, 138, 138, 182, 182, 426, 426, 426, 413, 413, 282, 282, 303, 303, 303, 303, 303, 303, 303, 303, 303, 303, 303, 65, 331, 331, 426, 106, 284, 284, 481, 481, 293, 293, 426, 426, 98, 98, 170, 170, 170, 170, 170, 392, 392, 63, 63, 28, 20, 20, 47, 47, 47, 244, 244, 244, 244, 28, 244, 244, 47, 47, 47, 2, 2, 73, 63, 63, 63, 63, 244, 63, 63, 244, 63, 63, 63, 73, 321, 73, 320, 321, 321, 320, 7, 7, 309, 331, 360, 398, 398, 360, 360, 360, 360, 434, 246, 246, 246, 246, 246, 246, 246, 246, 246, 324, 301, 301, 143, 259, 259, 354, 106, 284, 284, 284, 284, 426, 450, 450, 413, 10, 293, 497, 497, 497, 98, 197, 7, 32, 473, 473, 360, 398, 464, 464, 464, 464, 374, 374, 94, 94, 250, 250, 250, 182, 182, 182, 182, 182, 182, 182, 182, 387, 497, 497, 122, 122, 122, 129, 107, 107, 107, 107, 107, 395, 395, 395, 106, 106, 153, 497, 497, 182, 293, 293, 497, 497, 98, 35, 312, 312, 312, 170, 47, 187, 47, 47, 23, 73, 73, 320, 66, 320, 441, 217, 217, 153, 153, 182, 387, 387, 413, 122, 219, 250, 76, 324, 259, 208, 441, 441, 441, 346, 450, 169, 342, 342, 68, 54, 172, 115, 115, 273, 273, 239, 278, 278, 330, 264, 464, 464, 464, 264, 264, 264, 120, 120, 120, 282, 282, 271, 271, 271, 342, 342, 342, 433, 160, 273, 224, 267, 213, 213, 213, 213, 246, 246, 246, 246, 19, 197, 197, 244, 321, 244, 27, 206, 206, 271, 467, 324, 330, 32, 239, 259, 354, 354, 398, 464, 171, 171, 252, 171, 171, 464, 464, 464, 464, 139, 139, 139, 293, 497, 497, 497, 122, 122, 107, 107, 107, 107, 395, 395, 395, 106, 153, 497, 497, 497, 497, 497, 497, 497, 497, 497, 122, 122, 345, 324, 84, 403, 403, 337, 337, 324, 19, 301, 171, 171, 171, 171, 171, 171, 171, 171, 171, 171, 171, 171, 171, 171, 171, 171, 171, 171, 171, 171, 171, 171, 171, 171, 171, 171, 171, 171, 171, 171, 171, 171, 171, 171, 171, 171, 171, 171, 171, 171, 171, 171, 171, 171, 171, 171, 171, 171, 171, 171, 171, 171, 171, 171, 171, 171, 171, 171, 171, 171, 171, 171, 171, 171, 171, 171, 171, 171, 171, 171, 171, 171, 171, 171, 171, 171, 171, 171, 171, 171, 171, 171, 171, 171, 171, 171, 171, 171, 171, 171, 171, 171, 171, 171, 171, 171, 171]

ep47
Train step Loss: [3.5960845947265625, 3.5242037773132324, 3.370840311050415, 3.6688480377197266, 3.548666000366211, 3.9056291580200195, 3.066113233566284, 2.809664011001587, 3.1937663555145264, 3.325843334197998, 3.240945339202881, 3.0090463161468506, 3.084956645965576, 2.9028799533843994, 3.135282516479492, 3.4149155616760254, 3.03491473197937, 3.279372215270996, 3.1969966888427734, 3.3339014053344727, 3.502655506134033, 3.759953498840332, 3.789216995239258, 3.8763604164123535, 3.7253479957580566, 3.446986675262451, 4.275296211242676, 4.081206321716309, 3.767648935317993, 3.4257218837738037, 3.8147220611572266, 3.3048977851867676, 3.349722385406494, 3.6839492321014404, 3.538708448410034, 3.352912664413452, 3.4833908081054688, 3.1704866886138916, 2.8987958431243896, 3.27632474899292, 3.03143572807312, 3.422797441482544, 3.047008991241455, 2.9347598552703857, 3.007075309753418, 3.37332820892334, 3.2049570083618164, 3.0288031101226807, 3.6295809745788574, 2.789731025695801, 2.8247811794281006, 3.420056104660034, 3.1281960010528564, 2.619065046310425, 3.251981735229492, 2.7397618293762207, 3.188326597213745, 2.6792635917663574, 3.1698100566864014, 2.8431754112243652, 2.590186834335327, 2.8817129135131836, 2.7085936069488525]
val step Loss: [2.2647602558135986, 2.2821643352508545, 2.2932584285736084, 2.5864083766937256, 2.904397487640381, 2.298156499862671, 2.3734493255615234, 2.5214896202087402, 2.437560558319092, 2.3528923988342285, 2.4329802989959717, 2.4738430976867676, 2.4273030757904053, 2.5002076625823975, 2.3689346313476562, 2.189901113510132]
Train step Accs: [0.3120616146334754, 0.33431398769724524, 0.35669191919191917, 0.32266542980828694, 0.3080459770114943, 0.24685138539042822, 0.4077215560105294, 0.47751891972102684, 0.4077212806026365, 0.3443708609271523, 0.37381258023106545, 0.4165366614664587, 0.3962480857580398, 0.4410242802175932, 0.3910988578180386, 0.3321135831381733, 0.4215233268743479, 0.368182407047545, 0.3971949891067538, 0.363129333735303, 0.33268590455049946, 0.26788067569186536, 0.30797259874653843, 0.3056453984122317, 0.2968167479208489, 0.3266864658464149, 0.20865176640230715, 0.25164549211694476, 0.2931642922493792, 0.33516315949984754, 0.2924187725631769, 0.35637593763788794, 0.37613233556518316, 0.29778882637707704, 0.3204144798815772, 0.38903610467042066, 0.3374659812518899, 0.39479424167514904, 0.45139743364387414, 0.367090395480226, 0.4457234806287907, 0.33817893484868505, 0.38776089734488145, 0.4204357418643133, 0.40192586729982854, 0.3613625901488415, 0.39736768412209467, 0.4282089552238806, 0.2935689739813451, 0.48514851485148514, 0.48867497168742924, 0.3248847926267281, 0.3917292168248124, 0.5266376732807828, 0.40030816640986133, 0.5062293414696161, 0.3936317489616982, 0.5012877863630202, 0.4114764667956157, 0.46207775653282346, 0.5269626670763559, 0.4431460674157303, 0.4630281690140845]
val step Accs: [0.6105004339022274, 0.6098383696416022, 0.6018495376155961, 0.5267245918904687, 0.4490011906336817, 0.6029900332225914, 0.5829725829725829, 0.5709156193895871, 0.5770584095707249, 0.6053979757590904, 0.5587732160312805, 0.5453532116483211, 0.5620280474649406, 0.5601169124485187, 0.5765724703737466, 0.629592248687929]
Preds: [17, 297, 217, 217, 217, 217, 217, 473, 473, 65, 264, 264, 264, 264, 264, 264, 264, 264, 264, 264, 468, 468, 468, 468, 337, 337, 337, 324, 422, 3, 454, 197, 197, 197, 75, 354, 345, 109, 109, 109, 34, 264, 34, 406, 406, 337, 337, 337, 360, 360, 360, 360, 434, 434, 434, 339, 143, 398, 398, 324, 434, 434, 339, 339, 406, 406, 250, 250, 250, 250, 345, 153, 100, 497, 497, 497, 497, 182, 497, 497, 497, 122, 43, 75, 208, 208, 106, 481, 481, 481, 481, 426, 426, 293, 293, 372, 467, 467, 467, 406, 406, 406, 406, 406, 467, 43, 84, 84, 84, 98, 98, 98, 98, 98, 98, 98, 98, 98, 48, 48, 48, 48, 414, 414, 170, 170, 170, 170, 170, 170, 187, 187, 187, 28, 47, 47, 47, 47, 47, 47, 392, 408, 73, 73, 73, 321, 75, 66, 66, 66, 66, 115, 115, 115, 115, 267, 267, 267, 444, 374, 374, 374, 374, 139, 139, 293, 293, 497, 293, 349, 349, 349, 284, 169, 169, 293, 25, 25, 25, 324, 324, 324, 324, 464, 464, 464, 464, 180, 486, 486, 486, 486, 315, 315, 315, 315, 450, 282, 282, 388, 250, 53, 88, 88, 398, 464, 464, 464, 464, 324, 464, 464, 464, 464, 464, 315, 315, 315, 315, 315, 450, 450, 450, 450, 282, 282, 282, 282, 146, 299, 406, 77, 467, 406, 406, 406, 406, 406, 406, 84, 467, 467, 84, 43, 100, 98, 98, 98, 98, 98, 98, 170, 170, 414, 414, 414, 414, 414, 414, 414, 170, 187, 187, 187, 187, 187, 392, 392, 73, 244, 244, 244, 320, 320, 320, 83, 66, 139, 374, 337, 337, 406, 406, 239, 239, 107, 107, 107, 107, 395, 395, 286, 286, 464, 139, 139, 139, 139, 139, 129, 180, 34, 34, 34, 139, 139, 139, 240, 240, 468, 338, 107, 107, 107, 400, 400, 239, 107, 143, 129, 114, 144, 27, 27, 27, 27, 437, 437, 284, 284, 206, 206, 206, 206, 460, 460, 35, 35, 35, 35, 35, 35, 35, 35, 106, 437, 100, 100, 426, 426, 98, 98, 98, 98, 98, 48, 170, 170, 170, 170, 414, 170, 170, 47, 201, 28, 244, 2, 2, 47, 2, 47, 28, 63, 63, 73, 73, 63, 73, 73, 73, 244, 321, 321, 287, 287, 287, 287, 486, 486, 460, 460, 460, 150, 342, 342, 342, 342, 342, 224, 224, 196, 10, 94, 331, 331, 464, 464, 443, 443, 139, 68, 68, 342, 172, 172, 172, 115, 273, 273, 450, 450, 486, 460, 240, 240, 35, 310, 107, 107, 395, 395, 395, 143, 239, 116, 34, 34, 43, 497, 497, 497, 497, 497, 497, 109, 208, 208, 441, 100, 153, 153, 387, 387, 387, 387, 372, 372, 406, 467, 467, 467, 467, 337, 337, 19, 19, 19, 19, 19, 19, 454, 454, 414, 414, 414, 414, 414, 392, 80, 47, 47, 392, 47, 392, 392, 392, 392, 392, 73, 244, 320, 320, 7, 7, 7, 217, 217, 217, 217, 473, 65, 65, 264, 264, 264, 264, 264, 264, 264, 264, 264, 264, 468, 468, 468, 468, 468, 468, 337, 337, 337, 246, 19, 19, 19, 19, 19, 454, 414, 264, 171, 171, 171, 171, 171, 171, 171, 171, 171, 171, 171, 171, 171, 171, 171, 171, 171, 171, 171, 171, 171, 171, 171, 171, 171, 171, 171, 171, 171, 171, 171, 171, 171, 171, 171, 171, 171, 171, 171, 171, 171, 171, 171, 171, 171, 171, 171, 171, 171, 171, 171, 171, 171, 171, 171, 171, 171, 171, 171, 171, 171, 171, 171, 171, 171, 171, 171, 171, 171]

ep48
Train step Loss: [2.6950125694274902, 3.3130300045013428, 2.5664479732513428, 3.1219029426574707, 2.82564115524292, 2.971952199935913, 2.753551959991455, 2.8799777030944824, 2.8203485012054443, 2.9108123779296875, 2.4826176166534424, 3.084841012954712, 2.6488900184631348, 2.956097364425659, 2.9511377811431885, 2.8254120349884033, 2.895941972732544, 2.5586791038513184, 3.1006078720092773, 2.9258768558502197, 2.416135549545288, 2.92669415473938, 2.8953588008880615, 2.8746793270111084, 2.7475996017456055, 2.5424976348876953, 3.2535219192504883, 2.7119576930999756, 2.4720120429992676, 3.116565704345703, 3.0993027687072754, 2.7679145336151123, 3.208899974822998, 3.0659983158111572, 3.1514453887939453, 3.495068311691284, 3.2770836353302, 2.8982326984405518, 3.1416070461273193, 3.411709785461426, 3.3439133167266846, 3.6698169708251953, 4.021239280700684, 3.3372087478637695, 3.072209358215332, 3.405179262161255, 3.2113723754882812, 3.140223741531372, 3.111387252807617, 3.5866870880126953, 3.5267999172210693, 3.436379909515381, 3.3875441551208496, 3.6100685596466064, 4.118768692016602, 3.781625986099243, 3.7718019485473633, 3.4036521911621094, 3.239851474761963, 3.5726630687713623, 3.7723891735076904, 3.645477056503296, 3.6761832237243652]
val step Loss: [2.9166812896728516, 2.967567205429077, 2.8040904998779297, 2.862959146499634, 2.972710609436035, 3.011059522628784, 2.8092103004455566, 2.5312764644622803, 3.137782335281372, 2.770479679107666, 3.087563991546631, 2.9462265968322754, 3.134770154953003, 3.2150661945343018, 3.142087459564209, 3.0151374340057373]
Train step Accs: [0.499096657633243, 0.3835214777891805, 0.5430985915492957, 0.40024129090634897, 0.4664588697655509, 0.4437846908480702, 0.47938652033206697, 0.4541597016844542, 0.44313917441670747, 0.42324124181144973, 0.5818491559547777, 0.43048314216197425, 0.5165833113977363, 0.42926763232706105, 0.4345200654170336, 0.4421357180431352, 0.4611023206751055, 0.5526084665378534, 0.43152890660941573, 0.45246690734055356, 0.561808628318584, 0.45803899406612036, 0.44864468864468865, 0.4713877939377464, 0.48958911715713493, 0.5412748171368861, 0.3704218236928517, 0.5080385852090032, 0.5645640398392452, 0.39372483687352494, 0.4491778774289985, 0.4730724525377761, 0.3955981941309255, 0.42291931609439026, 0.39965762444034764, 0.34794520547945207, 0.36967577876668783, 0.49776586237712245, 0.44053046000828844, 0.367695773154896, 0.38198342689120557, 0.283541819965661, 0.2575561566505939, 0.38006271230729033, 0.4408275462962963, 0.382017787659811, 0.3991371615590598, 0.3872234585678754, 0.4405066702600728, 0.3363850379283285, 0.3290167865707434, 0.33676736739523877, 0.3666172106824926, 0.30593872513431103, 0.2086919104991394, 0.25628535512256445, 0.30625459896983076, 0.3596679164434922, 0.37727759914255093, 0.3394968172173386, 0.3051709522463973, 0.30883382332353354, 0.3078856424756519]
val step Accs: [0.4625123083415389, 0.4568150296305636, 0.4912121995347635, 0.45469454694546946, 0.44776772687481764, 0.4397566972951987, 0.48508208422555316, 0.5536953242835596, 0.4106067283678566, 0.491108476585655, 0.4210795599897672, 0.44161154539987973, 0.4308093994778068, 0.38444861974273736, 0.41794871794871796, 0.4179790026246719]
Preds: [17, 451, 360, 360, 360, 301, 143, 17, 321, 321, 320, 7, 387, 70, 473, 109, 403, 360, 360, 434, 434, 434, 19, 19, 414, 414, 414, 392, 244, 244, 244, 66, 66, 115, 68, 68, 68, 115, 115, 267, 267, 464, 139, 139, 139, 443, 443, 443, 443, 85, 146, 240, 240, 240, 240, 180, 180, 34, 324, 324, 324, 301, 349, 106, 25, 25, 25, 180, 324, 68, 54, 338, 338, 338, 338, 338, 338, 400, 400, 213, 213, 434, 360, 246, 246, 434, 3, 3, 3, 14, 14, 321, 287, 145, 145, 145, 460, 460, 114, 401, 259, 84, 100, 100, 497, 497, 122, 180, 355, 224, 224, 273, 106, 106, 139, 139, 274, 274, 8, 208, 276, 345, 345, 285, 285, 129, 169, 324, 324, 324, 246, 434, 339, 339, 339, 217, 398, 398, 398, 398, 434, 434, 434, 10, 331, 331, 413, 282, 282, 263, 263, 170, 17, 17, 171, 171, 171, 171, 171, 171, 171, 171, 171, 171, 443, 443, 443, 443, 443, 443, 443, 443, 443, 443, 443, 443, 443, 443, 443, 443, 443, 443, 443, 443, 443, 443, 443, 443, 443, 443, 443, 443, 443, 443, 443, 443, 443, 443, 443, 443, 443, 443, 443, 443, 443, 443, 443, 443, 443, 443, 443, 443, 443, 443, 443, 443, 443, 443, 443, 443, 443, 443, 443, 443, 443, 443, 443, 443, 443, 443, 443, 443, 443, 443, 443, 443, 443, 443, 443, 443, 443, 443, 443, 443, 443, 443, 443, 443, 443, 443, 443, 443, 443, 443, 443, 443, 443, 443, 443, 443, 443, 443, 443, 443, 443, 443, 443, 443, 443, 443, 443, 443, 443, 443, 443, 443, 443, 443, 443, 443, 443, 443, 443, 443, 443, 443, 443, 443, 443, 443, 443, 443, 443, 443, 443, 443, 443, 443, 443, 443, 443, 443, 443, 443, 443, 443, 443, 443, 443, 443, 443, 443, 443, 443, 443, 443, 443, 443, 443, 443, 443, 443, 443, 443, 443, 443, 443, 443, 443, 443, 443, 443, 443, 443, 443, 443, 443, 443, 443, 443, 443, 443, 443, 443, 443, 443, 443, 443, 443, 443, 443, 443, 443, 443, 443, 443, 443, 443, 443, 443, 443, 443, 443, 443, 443, 443, 443, 443, 443, 443, 443, 443, 443, 443, 443, 443, 443, 443, 443, 443, 443, 443, 443, 443, 443, 443, 443, 443, 443, 443, 443, 443, 443, 443, 443, 443, 443, 443, 443, 443, 443, 443, 443, 443, 443, 443, 443, 443, 443, 443, 443, 443, 443, 443, 443, 443, 443, 443, 443, 443, 443, 443, 443, 443, 443, 443, 443, 443, 443, 443, 443, 443, 443, 443, 443, 443, 443, 443, 443, 443, 443, 443, 443, 443, 443, 443, 443, 443, 443, 443, 443, 443, 443, 443, 443, 443, 443, 443, 443, 443, 443, 443, 443, 443, 443, 443, 443, 443, 443, 443, 443, 443, 443, 443, 443, 443, 443, 443, 443, 443, 443, 443, 443, 443, 443, 443, 443, 443, 443, 443, 443, 443, 443, 443, 443, 443, 443, 443, 443, 443, 443, 443, 443, 443, 443, 443, 443, 443, 443, 443, 443, 443, 443, 443, 443, 443, 443, 443, 443, 443, 443, 443, 443, 443, 443, 443, 443, 443, 443, 443, 443, 443, 443, 443, 443, 443, 443, 443, 443, 443, 443, 443, 443, 443, 443, 443, 443, 443, 443, 443, 443, 443, 443, 443, 443, 443, 443, 443, 443, 443, 443, 443, 443, 443, 443, 443, 443, 443, 443, 443, 443, 443, 443, 443, 443, 443, 443, 443, 443, 443, 443, 443, 443, 443, 443, 443, 443, 443, 443, 443, 443, 443, 443, 443, 443, 443, 443, 443, 443, 443]

ep49
Train step Loss: [3.397350549697876, 3.03884220123291, 3.317066192626953, 3.7987282276153564, 3.2014541625976562, 3.217067003250122, 3.726111650466919, 2.8264758586883545, 2.9100615978240967, 3.5304160118103027, 3.356559991836548, 3.68200421333313, 3.1196911334991455, 3.074296712875366, 2.8366799354553223, 3.735426902770996, 3.032999038696289, 3.4436302185058594, 4.110254764556885, 3.9035491943359375, 3.365954637527466, 4.0095133781433105, 3.9979183673858643, 3.5462229251861572, 3.7715582847595215, 3.2498810291290283, 3.2602550983428955, 3.384972095489502, 3.0529444217681885, 3.3666083812713623, 3.367959499359131, 3.7454848289489746, 3.508578062057495, 3.0424580574035645, 3.2609875202178955, 3.253232479095459, 2.8599283695220947, 2.9919447898864746, 3.481921434402466, 3.912320137023926, 3.506974697113037, 2.986537218093872, 3.675360679626465, 3.8236312866210938, 3.2798173427581787, 3.6497554779052734, 3.811749219894409, 4.0058135986328125, 3.9666547775268555, 3.752253293991089, 3.7139923572540283, 3.406214475631714, 3.3961665630340576, 3.776993989944458, 3.170153856277466, 4.136425018310547, 3.1077497005462646, 3.781668186187744, 3.8264880180358887, 3.7481701374053955, 3.4141111373901367, 3.1323671340942383, 3.161384344100952]
val step Loss: [2.8326311111450195, 2.9174556732177734, 2.689260721206665, 2.6117560863494873, 2.669874906539917, 2.7995009422302246, 2.476620674133301, 2.530299425125122, 3.049426555633545, 2.9141669273376465, 2.458327054977417, 2.8930647373199463, 3.260991096496582, 2.605861186981201, 3.1154420375823975, 2.888154983520508]
Train step Accs: [0.35275405993638037, 0.4402595570602342, 0.3603790730884071, 0.27583274273564845, 0.3721059972105997, 0.37747668997669, 0.3043963712491277, 0.46242960579243764, 0.4625201701628282, 0.34812482107071285, 0.3490796756339297, 0.31531645569620254, 0.4152542372881356, 0.4382194934765925, 0.4771448181194235, 0.30615861763402746, 0.4271255060728745, 0.34135364375973687, 0.24571428571428572, 0.2666839445380329, 0.35971744249230214, 0.2562508633789197, 0.23170152091254753, 0.3434969853574505, 0.309348520627865, 0.3816522277227723, 0.37085811384876805, 0.35224854589303445, 0.4354341119435875, 0.3613784135240572, 0.35830666278731454, 0.2895445798588839, 0.3198412698412698, 0.4072131986187492, 0.40423921271763813, 0.36806615776081425, 0.47068381855111713, 0.46482445601388334, 0.3241750037330148, 0.287505972288581, 0.36489934788772327, 0.42553539316658495, 0.2896782841823056, 0.26775320139697323, 0.3823442574549749, 0.3101399524689728, 0.28303784735320003, 0.26208981001727116, 0.27009100724973006, 0.2843548838511055, 0.297661759247804, 0.355406104500776, 0.37737393582187295, 0.2755905511811024, 0.4011558728539861, 0.22121688958825073, 0.397116134060795, 0.27628696604600217, 0.2778283287837428, 0.28550686378035905, 0.3531245571772708, 0.376739435720669, 0.4075067024128686]
val step Accs: [0.4726406394097756, 0.4507095793208312, 0.5186670353982301, 0.5439178991850286, 0.5078281814532316, 0.5051096879683881, 0.5695952615992103, 0.5523450586264657, 0.4273381294964029, 0.46506157465061576, 0.5694868662186927, 0.45360452521362377, 0.39012680044318604, 0.5396667141432845, 0.4059890240992603, 0.4563208735825284]
Preds: [17, 17, 287, 287, 284, 319, 319, 319, 413, 293, 43, 43, 43, 153, 153, 153, 153, 138, 138, 297, 182, 182, 182, 182, 182, 293, 293, 497, 98, 98, 197, 197, 197, 197, 244, 287, 287, 287, 111, 111, 111, 111, 438, 388, 10, 10, 331, 331, 398, 398, 324, 301, 301, 100, 132, 195, 250, 70, 70, 138, 138, 138, 138, 138, 346, 426, 426, 426, 426, 426, 426, 426, 450, 450, 413, 413, 250, 250, 276, 284, 138, 138, 138, 138, 138, 182, 182, 98, 98, 244, 14, 14, 287, 287, 111, 111, 438, 438, 251, 251, 251, 431, 431, 431, 428, 428, 146, 146, 146, 146, 146, 252, 271, 54, 54, 54, 54, 115, 482, 482, 68, 350, 273, 273, 109, 290, 290, 290, 464, 464, 464, 464, 143, 330, 239, 32, 32, 239, 464, 464, 324, 339, 10, 10, 10, 10, 10, 250, 331, 331, 331, 284, 481, 27, 319, 431, 282, 240, 94, 76, 213, 342, 342, 68, 267, 267, 267, 267, 267, 444, 213, 213, 246, 246, 246, 246, 339, 239, 8, 32, 32, 354, 464, 246, 324, 324, 143, 143, 259, 401, 139, 68, 68, 115, 273, 273, 273, 486, 376, 376, 376, 460, 460, 460, 460, 143, 35, 401, 349, 68, 68, 342, 224, 267, 464, 464, 464, 464, 464, 315, 180, 284, 315, 315, 315, 85, 85, 146, 146, 240, 239, 239, 354, 259, 106, 431, 106, 106, 106, 206, 206, 35, 35, 35, 35, 35, 77, 68, 68, 267, 273, 273, 284, 486, 376, 376, 460, 460, 263, 263, 170, 170, 170, 170, 170, 170, 170, 170, 28, 28, 28, 28, 2, 2, 2, 2, 2, 2, 2, 2, 2, 2, 63, 63, 73, 73, 73, 73, 289, 66, 115, 267, 267, 398, 7, 7, 153, 153, 153, 153, 153, 387, 387, 387, 387, 348, 348, 398, 324, 324, 324, 324, 324, 464, 464, 180, 315, 319, 319, 319, 319, 413, 348, 348, 467, 467, 250, 250, 250, 473, 324, 246, 324, 324, 324, 19, 301, 143, 259, 401, 259, 354, 106, 106, 284, 319, 319, 240, 240, 314, 129, 371, 401, 54, 68, 68, 68, 68, 68, 68, 68, 115, 273, 444, 213, 213, 213, 213, 246, 246, 246, 246, 246, 246, 246, 19, 454, 414, 414, 414, 414, 414, 414, 414, 201, 47, 47, 47, 80, 20, 47, 47, 80, 47, 47, 80, 80, 73, 320, 320, 7, 320, 287, 287, 111, 460, 460, 240, 35, 35, 35, 35, 77, 342, 224, 273, 324, 172, 68, 68, 68, 68, 68, 115, 68, 115, 267, 273, 106, 106, 153, 43, 182, 182, 182, 98, 98, 98, 98, 197, 197, 197, 244, 80, 80, 20, 20, 320, 7, 7, 7, 213, 398, 360, 213, 360, 246, 246, 246, 246, 3, 197, 197, 320, 188, 324, 324, 422, 338, 338, 338, 338, 338, 338, 338, 400, 400, 286, 286, 264, 278, 139, 413, 8, 8, 8, 8, 100, 100, 100, 100, 98, 98, 98, 48, 48, 414, 414, 414, 414, 170, 170, 170, 47, 28, 20, 47, 2, 20, 47, 47, 20, 2, 20, 2, 2, 73, 73, 73, 320, 289, 287, 287, 287, 287, 111, 111, 240, 240, 35, 35, 35, 35, 422, 77, 68, 342, 267, 267, 267, 267, 213, 213, 213, 246, 246, 246, 301, 301, 100, 43, 276, 276, 276, 276, 346, 346, 428, 428, 428, 428, 428, 146, 240, 77, 35, 35, 35, 422, 75, 324, 371, 324, 395, 324, 143, 143, 354, 345, 473, 278, 197, 129, 143, 143, 345, 398, 473, 278, 278, 443, 301, 251, 251, 431, 374, 374, 132, 132, 132]

ep50
Train step Loss: [3.2129781246185303, 2.9202969074249268, 3.3624002933502197, 3.287917375564575, 3.001268148422241, 3.381739854812622, 3.4907944202423096, 3.477414608001709, 3.431145429611206, 2.9178659915924072, 2.9397895336151123, 3.16963529586792, 3.804763078689575, 3.3573811054229736, 3.0239546298980713, 3.2229864597320557, 3.1908938884735107, 3.3346242904663086, 3.604994535446167, 3.2312655448913574, 3.2676515579223633, 3.327772617340088, 3.4696643352508545, 3.0229196548461914, 3.3765318393707275, 3.7122385501861572, 3.7913427352905273, 3.2872822284698486, 3.7520880699157715, 4.067345142364502, 3.246492624282837, 3.6721184253692627, 3.8227953910827637, 3.724695920944214, 3.4119043350219727, 3.372265100479126, 3.3232195377349854, 3.5085062980651855, 3.595414161682129, 3.1268601417541504, 3.5571932792663574, 3.314544677734375, 2.988475799560547, 3.804955244064331, 3.446924924850464, 2.8550710678100586, 3.4089605808258057, 3.389127731323242, 3.5826244354248047, 3.5852975845336914, 2.946474313735962, 3.4708120822906494, 3.3721094131469727, 3.207420825958252, 3.5808496475219727, 3.5931081771850586, 3.4627764225006104, 3.670260190963745, 3.5691277980804443, 3.5507116317749023, 3.5189242362976074, 3.786945343017578, 3.7613301277160645]
val step Loss: [2.9389524459838867, 2.9985034465789795, 2.92167329788208, 2.8510422706604004, 2.9475274085998535, 2.631443500518799, 2.756695032119751, 2.9172744750976562, 2.8951690196990967, 3.1822714805603027, 2.9530224800109863, 2.6829330921173096, 2.9106619358062744, 2.483384132385254, 2.7684102058410645, 3.295727014541626]
Train step Accs: [0.38931940700808626, 0.45272047625640316, 0.36201859229747674, 0.3739960600090923, 0.43783275916066394, 0.3528684088449049, 0.3358946212952799, 0.29917210235825387, 0.3567472646224504, 0.43918331885317113, 0.44924782264449725, 0.3856666136977594, 0.26875, 0.35714285714285715, 0.42020089285714285, 0.38724259166248115, 0.40638918752879744, 0.39503635788808095, 0.3046121904196945, 0.3950752393980848, 0.3673623334171486, 0.36780104712041883, 0.3281466113416321, 0.45031108121742053, 0.36007437906760525, 0.29511950765707745, 0.29156847342236186, 0.3581395348837209, 0.2967827626918536, 0.2555265687216806, 0.40051457975986277, 0.3093624671553036, 0.27254458678723936, 0.29371192091044945, 0.3715109223300971, 0.3471000447293872, 0.3598057420368519, 0.3209157409916012, 0.31811097256857856, 0.4305153445280834, 0.339175387719077, 0.356927529241529, 0.43681652490886996, 0.27713625866050806, 0.36228136882129275, 0.4738967406980098, 0.3289052496798976, 0.32242990654205606, 0.2888015717092338, 0.320373942721472, 0.4645234386064297, 0.34688937303316386, 0.35444357571019025, 0.3795147504824924, 0.31520223152022314, 0.2968244633931197, 0.32824643210399884, 0.28592501536570375, 0.2915134177904918, 0.29214463840399, 0.3368404014244092, 0.27100122934025406, 0.2705512572533849]
val step Accs: [0.45807799442896935, 0.43306152705707934, 0.4592760180995475, 0.46676494237469845, 0.43457254059857736, 0.5006037837112572, 0.4749343667958495, 0.45481086570195484, 0.45955629047815905, 0.3834728280089591, 0.43697930663800055, 0.5106784832195264, 0.46121747668139423, 0.5513363516868701, 0.48887561594743917, 0.3693299562514391]
Preds: [17, 479, 479, 331, 331, 360, 360, 360, 252, 143, 35, 35, 35, 196, 70, 65, 65, 450, 450, 450, 460, 460, 460, 35, 77, 342, 342, 342, 115, 273, 273, 486, 486, 486, 460, 460, 460, 180, 35, 180, 324, 171, 171, 213, 213, 213, 213, 246, 19, 19, 19, 19, 414, 414, 414, 414, 414, 414, 414, 392, 73, 187, 187, 187, 187, 244, 47, 47, 47, 47, 244, 408, 73, 73, 73, 73, 73, 73, 73, 320, 321, 320, 287, 287, 287, 287, 287, 284, 284, 284, 111, 111, 111, 111, 438, 438, 438, 313, 313, 250, 250, 250, 250, 43, 100, 497, 88, 109, 106, 284, 284, 284, 284, 206, 206, 206, 169, 169, 35, 35, 35, 259, 114, 114, 114, 114, 460, 264, 264, 264, 264, 264, 264, 264, 264, 264, 264, 264, 264, 264, 264, 264, 264, 264, 468, 468, 468, 406, 406, 467, 337, 286, 286, 290, 290, 290, 330, 330, 339, 10, 250, 250, 70, 65, 65, 426, 426, 426, 426, 319, 319, 299, 348, 348, 398, 331, 331, 331, 486, 486, 486, 460, 169, 150, 342, 342, 342, 342, 342, 224, 494, 324, 324, 172, 172, 68, 68, 68, 68, 115, 482, 482, 68, 336, 68, 273, 273, 106, 106, 106, 109, 106, 355, 355, 355, 169, 169, 169, 342, 342, 342, 342, 433, 323, 437, 387, 387, 387, 387, 239, 239, 239, 371, 371, 180, 395, 267, 267, 273, 403, 403, 403, 403, 171, 171, 252, 252, 143, 180, 264, 403, 403, 171, 171, 171, 171, 171, 246, 246, 422, 252, 143, 143, 345, 196, 398, 398, 473, 473, 403, 403, 403, 434, 434, 434, 246, 19, 19, 19, 414, 414, 414, 414, 187, 187, 170, 414, 47, 408, 408, 408, 408, 408, 408, 408, 23, 408, 408, 408, 408, 408, 73, 73, 73, 244, 320, 66, 66, 66, 115, 68, 115, 115, 267, 267, 213, 246, 464, 464, 464, 464, 443, 443, 443, 240, 240, 240, 240, 34, 34, 324, 324, 324, 324, 301, 301, 422, 349, 349, 25, 25, 25, 213, 464, 324, 324, 339, 338, 338, 338, 338, 338, 338, 338, 338, 400, 400, 400, 213, 213, 213, 213, 246, 246, 246, 246, 246, 246, 3, 3, 14, 145, 284, 145, 145, 486, 460, 460, 169, 180, 35, 35, 35, 35, 106, 100, 100, 153, 387, 387, 122, 338, 338, 338, 107, 395, 395, 395, 43, 139, 139, 139, 497, 497, 43, 8, 8, 354, 473, 473, 278, 403, 290, 290, 290, 171, 434, 434, 434, 339, 339, 339, 398, 398, 398, 246, 246, 246, 246, 246, 246, 286, 464, 464, 264, 282, 282, 282, 282, 282, 263, 170, 170, 170, 170, 414, 414, 414, 414, 187, 187, 187, 187, 187, 23, 23, 23, 73, 73, 73, 73, 244, 321, 287, 320, 320, 7, 7, 251, 251, 431, 431, 264, 403, 403, 403, 403, 290, 290, 290, 290, 360, 434, 434, 434, 360, 360, 434, 434, 434, 434, 434, 339, 339, 10, 10, 479, 479, 331, 331, 331, 331, 331, 284, 426, 426, 426, 426, 426, 426, 282, 282, 282, 355, 355, 355, 263, 263, 170, 170, 170, 170, 170, 170, 170, 392, 392, 392, 249, 249, 244, 2, 2, 2, 2, 244, 2, 2, 73, 73, 73, 320, 321, 321, 321, 287, 287, 287, 287, 284, 284, 284, 206, 206, 206, 169, 150, 342, 54, 54, 54, 54, 115, 482, 482, 68, 115, 273, 273, 106, 106, 153, 153, 497, 182, 182, 182, 182, 182, 182, 387, 387, 387, 387, 293, 293, 293, 122, 122, 395, 213, 172, 172, 172, 395, 371, 213, 444, 278, 301]

ep51
Train step Loss: [3.646881341934204, 3.2445125579833984, 2.7241694927215576, 3.309154510498047, 3.045936346054077, 3.5529661178588867, 3.421163558959961, 2.9659759998321533, 3.2557291984558105, 2.934300422668457, 3.495619773864746, 3.0470778942108154, 3.221550703048706, 3.6171274185180664, 2.875995397567749, 2.9716975688934326, 2.968397617340088, 3.7251923084259033, 3.519984483718872, 2.944833755493164, 3.399036169052124, 3.5092055797576904, 3.4210762977600098, 3.3068301677703857, 3.3042595386505127, 3.192326068878174, 3.281818389892578, 3.165562629699707, 3.0150551795959473, 2.8300840854644775, 3.340836763381958, 3.3318240642547607, 3.2169106006622314, 3.103764533996582, 3.6917922496795654, 3.238224983215332, 2.9603772163391113, 3.5899078845977783, 3.7114646434783936, 3.172851085662842, 2.9197521209716797, 2.9483680725097656, 2.959033489227295, 3.0212478637695312, 3.3575997352600098, 3.2098448276519775, 3.0825958251953125, 3.092407464981079, 3.202960729598999, 3.273507595062256, 3.0733184814453125, 2.8896656036376953, 3.158784866333008, 3.795217990875244, 3.9163262844085693, 3.387049913406372, 3.2929770946502686, 3.0966508388519287, 3.415618896484375, 3.322080612182617, 3.8376805782318115, 3.432096242904663, 3.3888328075408936]
val step Loss: [2.9683985710144043, 2.6797139644622803, 3.079592227935791, 2.6647510528564453, 2.800621747970581, 2.8691201210021973, 2.993192672729492, 2.616316556930542, 2.9522581100463867, 3.278165102005005, 3.0529637336730957, 3.0028021335601807, 2.5161452293395996, 3.186676025390625, 2.964787244796753, 3.022960662841797]
Train step Accs: [0.3196057726152763, 0.3735930735930736, 0.4903732227488152, 0.35665914221218964, 0.4365413533834586, 0.3018816471229888, 0.33517089305402425, 0.4364616075437809, 0.3911270983213429, 0.4129580122660796, 0.33419689119170987, 0.43236649498509083, 0.3703012912482066, 0.30995757424507114, 0.4663181478715459, 0.4381304162523086, 0.4347326049453709, 0.3078283234206719, 0.3069611406206318, 0.42975942975942977, 0.34506845487566357, 0.32934855607790464, 0.3667374568622246, 0.3356779992184447, 0.357554966474349, 0.3758554612647139, 0.3544115459009076, 0.3908299779192103, 0.4319054652880355, 0.4834262701363073, 0.38489687292082503, 0.379465000800897, 0.37074679628811313, 0.3921222810111699, 0.2991706894417626, 0.3839152289091156, 0.425003185930929, 0.33246333581904053, 0.29527502513284504, 0.40783077125213507, 0.44883857688915024, 0.4550791916985254, 0.4480995162404976, 0.4417247758645226, 0.3547239832998299, 0.3762607805876334, 0.38736181655213625, 0.4373770491803279, 0.41086391216411444, 0.3869764773379231, 0.4000288725277898, 0.47379612257661036, 0.39401761311873673, 0.2670433145009416, 0.26779404341241797, 0.3442600836368542, 0.37858775717551435, 0.41948443254101103, 0.3496536523929471, 0.3724403387220939, 0.276510663507109, 0.3362489486963835, 0.37572463768115943]
val step Accs: [0.4400098243890458, 0.4958196476560167, 0.4237729462309595, 0.5143682310469314, 0.48795781673079663, 0.4588791357191087, 0.4666666666666667, 0.5309246785058175, 0.4315411266521237, 0.356227448052756, 0.429781487846796, 0.4249119002439686, 0.5748352682773769, 0.40488067952002155, 0.46795445823205833, 0.4327840416305291]
Preds: [17, 479, 398, 360, 360, 171, 360, 360, 171, 434, 252, 252, 252, 252, 143, 84, 106, 441, 441, 346, 346, 346, 346, 293, 293, 84, 413, 413, 467, 65, 65, 84, 319, 319, 319, 84, 84, 251, 251, 251, 324, 324, 219, 219, 398, 398, 360, 464, 464, 464, 464, 264, 264, 468, 468, 180, 169, 293, 84, 84, 84, 426, 426, 450, 413, 98, 98, 13, 170, 170, 170, 170, 414, 414, 392, 392, 392, 392, 28, 47, 2, 2, 2, 2, 2, 2, 2, 2, 73, 73, 73, 73, 73, 289, 66, 320, 320, 320, 66, 331, 129, 219, 143, 219, 219, 219, 422, 278, 444, 444, 360, 213, 360, 213, 213, 246, 246, 246, 19, 19, 454, 414, 414, 414, 414, 414, 414, 414, 249, 249, 249, 47, 249, 249, 2, 244, 66, 23, 391, 244, 73, 73, 244, 244, 320, 320, 320, 7, 331, 398, 360, 360, 360, 171, 171, 252, 378, 345, 324, 34, 324, 324, 324, 324, 422, 143, 77, 68, 342, 342, 172, 172, 115, 115, 115, 267, 444, 171, 171, 171, 252, 252, 301, 84, 143, 143, 143, 143, 143, 324, 324, 84, 213, 213, 213, 213, 213, 213, 246, 246, 246, 246, 19, 454, 414, 414, 414, 197, 197, 197, 197, 244, 80, 7, 7, 66, 310, 468, 468, 172, 395, 395, 443, 443, 403, 403, 403, 403, 403, 171, 207, 395, 395, 395, 14, 80, 80, 414, 197, 197, 451, 188, 188, 188, 213, 360, 360, 360, 143, 143, 143, 345, 345, 398, 398, 360, 360, 360, 360, 464, 464, 315, 315, 315, 315, 315, 315, 315, 450, 450, 450, 450, 387, 84, 43, 43, 43, 276, 276, 153, 153, 497, 497, 497, 497, 497, 387, 303, 250, 250, 413, 426, 426, 319, 319, 413, 413, 413, 303, 250, 345, 250, 88, 431, 431, 431, 426, 426, 426, 426, 426, 450, 282, 282, 282, 426, 426, 85, 85, 299, 299, 299, 395, 94, 399, 217, 473, 398, 324, 324, 324, 324, 464, 464, 464, 264, 264, 139, 139, 398, 196, 349, 349, 349, 25, 293, 293, 293, 346, 346, 153, 153, 153, 153, 387, 387, 387, 285, 43, 43, 43, 88, 88, 88, 88, 387, 497, 241, 431, 431, 431, 169, 315, 428, 85, 85, 146, 146, 146, 464, 464, 464, 464, 171, 171, 171, 143, 264, 464, 464, 464, 120, 443, 120, 120, 263, 263, 263, 170, 170, 312, 312, 312, 312, 312, 312, 23, 23, 23, 23, 23, 23, 23, 23, 23, 23, 23, 23, 408, 408, 73, 391, 73, 73, 73, 73, 244, 73, 320, 321, 320, 320, 287, 284, 284, 284, 284, 284, 284, 284, 284, 284, 284, 450, 85, 169, 85, 85, 146, 146, 146, 146, 146, 146, 207, 207, 207, 324, 464, 464, 464, 464, 464, 486, 315, 315, 315, 315, 282, 450, 450, 387, 43, 43, 276, 153, 153, 153, 297, 297, 182, 182, 182, 182, 182, 182, 372, 372, 372, 372, 372, 303, 303, 303, 467, 467, 467, 467, 43, 43, 241, 431, 431, 431, 315, 315, 282, 282, 282, 85, 146, 146, 146, 85, 299, 468, 468, 452, 467, 467, 303, 303, 303, 303, 303, 303, 303, 48, 98, 98, 170, 170, 414, 170, 320, 188, 188, 188, 19, 19, 303, 303, 19, 19, 282, 34, 303, 303, 197, 48, 48, 170, 170, 392, 249, 249, 249, 249, 249, 249, 249, 249, 249, 249, 249, 249, 249, 249, 249, 249, 249, 249, 249, 249, 249, 249, 249, 249, 320, 320, 441, 441, 284, 206, 206, 206, 169, 169, 169, 16, 170, 170, 392, 28, 201, 28, 40, 201, 2, 201]

ep52
Train step Loss: [3.5841565132141113, 3.606457471847534, 3.54463267326355, 3.2232065200805664, 3.115480899810791, 3.4366934299468994, 3.1612155437469482, 3.197545289993286, 3.054877996444702, 3.5743236541748047, 3.205597162246704, 3.387754201889038, 3.039665699005127, 2.8615474700927734, 3.1495702266693115, 3.0244359970092773, 3.0444087982177734, 3.3985819816589355, 3.0614013671875, 3.6159980297088623, 3.2369637489318848, 3.284351348876953, 3.222026824951172, 2.718899726867676, 2.878535032272339, 3.589101791381836, 3.0418131351470947, 3.5771255493164062, 3.426917552947998, 3.0939905643463135, 3.0905513763427734, 3.5312860012054443, 3.4593193531036377, 3.058725357055664, 2.8750364780426025, 2.9726955890655518, 3.1226606369018555, 3.476651191711426, 3.3778302669525146, 3.616539478302002, 3.599025249481201, 3.293578624725342, 3.961168050765991, 3.982907295227051, 3.6413800716400146, 3.6607258319854736, 3.570831775665283, 3.5268774032592773, 3.731167793273926, 3.295553684234619, 3.8985812664031982, 3.684757709503174, 4.206268787384033, 3.9676196575164795, 3.2369301319122314, 3.754953145980835, 3.819434404373169, 3.3515067100524902, 3.434915065765381, 3.3921027183532715, 3.6308834552764893, 3.659971237182617, 3.8558967113494873]
val step Loss: [2.6324522495269775, 2.967184543609619, 2.8913331031799316, 2.931297540664673, 2.850266695022583, 2.823086738586426, 3.073871612548828, 2.7480905055999756, 2.7938244342803955, 3.2924742698669434, 2.9879307746887207, 2.9112935066223145, 3.2551944255828857, 2.897521734237671, 3.420677900314331, 3.5013771057128906]
Train step Accs: [0.3016630316248637, 0.3263185242920239, 0.3241370118619219, 0.37344822550021906, 0.3865979381443299, 0.344267096207351, 0.36192798737627313, 0.366062214359428, 0.4304823151125402, 0.32991246604286145, 0.41330130611019367, 0.36729082100301164, 0.4480489671002295, 0.4532345548352957, 0.38687392055267705, 0.44026118366212835, 0.43022397243416194, 0.3507981989357348, 0.41583784464308193, 0.31067423508237574, 0.3974607916355489, 0.37915857605177994, 0.3830163043478261, 0.4992991309223437, 0.4544829482948295, 0.31079234972677594, 0.4183261183261183, 0.3198108511697362, 0.3602533650039588, 0.40711854792966534, 0.4331535209214171, 0.3267623403248699, 0.34273139870719294, 0.41699604743083, 0.4592085979482169, 0.43329692619753474, 0.41294674895937994, 0.3106262986049273, 0.3429278457931753, 0.30609298296274906, 0.32258938244853735, 0.3716186252771619, 0.2954397817331428, 0.2655571635311143, 0.31377983063895304, 0.3119434628975265, 0.2900503405389399, 0.31769331585845345, 0.3128307824345587, 0.3716236722306525, 0.27828403196411045, 0.2981901025186685, 0.20589497782229219, 0.2577663282315502, 0.38540734109221125, 0.3165325890658348, 0.285555091238334, 0.38866772823779194, 0.30609284332688586, 0.33328808036926416, 0.3032548293199259, 0.33607399794450155, 0.24411071849234395]
val step Accs: [0.534741144414169, 0.42566765578635013, 0.4697222222222222, 0.4600450901803607, 0.4763586122198342, 0.48881789137380194, 0.42066372828623283, 0.502467343976778, 0.4985154814081719, 0.3749234725113261, 0.44399756246191346, 0.4538174789451885, 0.3900985281595913, 0.495849392232434, 0.3345913586673607, 0.3021339530952884]
Preds: [17, 17, 287, 287, 284, 284, 319, 450, 450, 450, 169, 169, 285, 76, 349, 284, 169, 169, 169, 169, 169, 293, 25, 106, 426, 284, 284, 428, 428, 330, 388, 94, 10, 398, 398, 479, 331, 398, 398, 324, 324, 422, 54, 232, 232, 232, 232, 115, 115, 115, 273, 267, 267, 267, 324, 324, 3, 3, 14, 14, 284, 188, 188, 171, 443, 443, 468, 180, 143, 77, 54, 232, 172, 115, 68, 25, 336, 336, 284, 145, 145, 145, 486, 486, 460, 468, 406, 406, 406, 467, 132, 32, 32, 32, 32, 239, 82, 107, 107, 107, 107, 395, 395, 286, 286, 264, 264, 264, 120, 120, 120, 120, 120, 207, 180, 180, 143, 170, 170, 170, 170, 170, 187, 187, 392, 392, 47, 170, 170, 187, 187, 187, 244, 2, 2, 2, 2, 244, 392, 73, 73, 392, 244, 73, 73, 73, 244, 287, 287, 497, 293, 293, 43, 43, 8, 129, 208, 208, 27, 441, 481, 426, 426, 319, 348, 348, 348, 331, 331, 250, 250, 98, 197, 129, 401, 7, 7, 217, 473, 278, 278, 313, 313, 406, 285, 337, 337, 337, 324, 339, 10, 94, 94, 331, 398, 339, 94, 10, 94, 94, 331, 331, 331, 138, 138, 138, 138, 138, 182, 497, 497, 43, 8, 32, 239, 208, 208, 27, 441, 346, 426, 426, 319, 348, 348, 199, 250, 250, 303, 98, 98, 98, 98, 170, 414, 414, 392, 392, 392, 170, 170, 28, 2, 2, 73, 2, 2, 2, 2, 2, 73, 244, 73, 73, 73, 73, 321, 320, 7, 70, 473, 481, 284, 206, 206, 206, 240, 77, 35, 208, 342, 342, 224, 323, 25, 387, 106, 153, 153, 153, 153, 387, 169, 349, 349, 349, 234, 169, 169, 25, 25, 25, 100, 100, 98, 98, 497, 497, 98, 98, 98, 197, 244, 244, 244, 244, 244, 442, 287, 287, 287, 284, 284, 284, 450, 450, 169, 169, 169, 169, 167, 167, 68, 282, 282, 282, 388, 94, 94, 94, 195, 195, 195, 250, 250, 250, 250, 250, 109, 109, 109, 403, 403, 403, 207, 207, 207, 252, 8, 32, 32, 239, 75, 84, 180, 106, 153, 153, 387, 349, 349, 349, 349, 234, 25, 25, 25, 346, 346, 346, 346, 153, 182, 182, 182, 182, 406, 132, 372, 372, 406, 43, 132, 132, 98, 98, 98, 98, 170, 170, 392, 392, 170, 170, 170, 170, 187, 187, 187, 392, 392, 392, 73, 392, 392, 73, 73, 73, 244, 213, 107, 77, 323, 323, 323, 273, 106, 106, 153, 153, 153, 182, 182, 182, 182, 182, 182, 182, 182, 182, 182, 182, 345, 122, 122, 239, 129, 129, 208, 75, 107, 107, 77, 323, 273, 106, 106, 481, 100, 98, 98, 98, 98, 98, 17, 83, 171, 171, 171, 171, 171, 171, 171, 171, 171, 171, 171, 171, 171, 171, 171, 171, 171, 171, 171, 171, 171, 171, 171, 171, 171, 443, 443, 443, 443, 443, 443, 443, 443, 443, 443, 443, 443, 443, 443, 443, 443, 443, 443, 443, 443, 443, 443, 443, 443, 443, 443, 443, 443, 443, 443, 443, 443, 443, 443, 443, 443, 443, 443, 443, 443, 443, 443, 443, 443, 443, 443, 443, 443, 443, 443, 443, 443, 443, 443, 443, 443, 443, 443, 443, 443, 443, 443, 443, 443, 443, 443, 443, 443, 443, 443, 443, 443, 443, 443, 443, 443, 443, 443, 443, 443, 443, 443, 443, 443, 443, 443, 443, 443, 443, 443, 443, 443, 443, 443, 443, 443, 443, 443, 443, 443, 443, 443, 443, 443, 443, 443, 443, 443, 443, 443, 443, 443, 443, 443, 443, 443, 443, 443, 443]

ep53
Train step Loss: [3.0255236625671387, 3.2885074615478516, 3.0608856678009033, 3.6261520385742188, 3.3411052227020264, 3.2366292476654053, 3.438110589981079, 3.1732122898101807, 3.121255397796631, 3.53957200050354, 3.318270444869995, 3.452233076095581, 3.482978105545044, 3.198695182800293, 3.696875810623169, 3.941692352294922, 3.7980597019195557, 3.3239786624908447, 3.394550085067749, 3.5101559162139893, 3.577176332473755, 3.66359543800354, 3.008265495300293, 3.497711420059204, 3.7523229122161865, 3.367183208465576, 4.174103736877441, 3.2831642627716064, 3.1092612743377686, 3.330293655395508, 2.9923782348632812, 3.591885566711426, 3.0730066299438477, 3.2041475772857666, 3.5127809047698975, 3.057556390762329, 3.336073398590088, 3.358158588409424, 3.218031644821167, 3.010589122772217, 3.1407952308654785, 3.6055145263671875, 3.053929328918457, 2.9787983894348145, 3.6273887157440186, 3.907223701477051, 3.7665231227874756, 4.006145477294922, 3.3888068199157715, 3.4526147842407227, 3.7191343307495117, 3.6917002201080322, 3.796644449234009, 3.974383592605591, 3.4665098190307617, 3.724025011062622, 3.3295655250549316, 3.4533729553222656, 3.5278124809265137, 3.6340880393981934, 3.5538547039031982, 3.7253339290618896, 3.5021812915802]
val step Loss: [2.838042736053467, 3.2715208530426025, 2.6277360916137695, 3.2285218238830566, 3.1944642066955566, 3.203691005706787, 3.3324990272521973, 2.843343496322632, 2.8397104740142822, 3.260270118713379, 2.5321719646453857, 3.004395008087158, 2.812709093093872, 3.275728702545166, 3.237739086151123, 2.8987412452697754]
Train step Accs: [0.44825751529662144, 0.380815275041673, 0.4172331747110809, 0.29157600248678894, 0.34265103697024346, 0.3858972380805431, 0.34278427842784276, 0.413510101010101, 0.4023037542662116, 0.32823779193205943, 0.38181818181818183, 0.34820588630560406, 0.34663271080928126, 0.3925588458618071, 0.2992887624466572, 0.26559257903088, 0.28355183132855794, 0.37050603717270386, 0.3689794945159752, 0.31070234113712375, 0.32628909551986474, 0.28564167725540024, 0.41754528250878614, 0.3533113103665251, 0.31753786028334147, 0.35545397225725095, 0.22844063792085056, 0.36719326738520597, 0.40790616854908773, 0.3670942720763723, 0.42038961038961037, 0.31372009898267805, 0.41943401674848396, 0.40074441687344914, 0.32497288503253796, 0.39158576051779936, 0.3525159051474841, 0.35442846328538985, 0.4013681196309259, 0.42770186335403726, 0.41358024691358025, 0.3015529531568228, 0.4139120436907157, 0.43387438249823573, 0.3387397732165925, 0.2691617179947521, 0.3036624203821656, 0.24292572006063667, 0.3573607320597207, 0.3789501520560624, 0.29857299670691545, 0.29778698071696647, 0.24390243902439024, 0.25935450687925937, 0.3267778067205001, 0.2946149843912591, 0.36686159844054583, 0.33960338291046954, 0.3428847392144237, 0.29458371217041174, 0.29901823281907436, 0.3084028223220013, 0.31530732860520094]
val step Accs: [0.4805576873880788, 0.3596143687268885, 0.5296815286624204, 0.38461538461538464, 0.4124087591240876, 0.406216361679225, 0.38359719698935896, 0.48505397176861337, 0.4910249739854318, 0.41341011929247223, 0.5673303025552594, 0.4298507462686567, 0.49760393731381947, 0.3723871654906138, 0.3970189701897019, 0.4536347290007706]
Preds: [17, 287, 111, 111, 319, 319, 348, 331, 330, 43, 345, 276, 100, 497, 497, 497, 122, 345, 387, 406, 406, 84, 84, 426, 35, 284, 481, 426, 426, 293, 293, 16, 293, 293, 293, 348, 348, 250, 250, 250, 65, 65, 65, 426, 426, 426, 426, 206, 206, 169, 169, 342, 342, 342, 342, 342, 115, 267, 267, 464, 324, 464, 464, 464, 180, 315, 315, 319, 319, 319, 282, 330, 388, 338, 94, 250, 250, 250, 398, 331, 331, 331, 486, 486, 486, 486, 460, 169, 150, 342, 342, 342, 224, 494, 494, 273, 338, 338, 338, 338, 338, 400, 400, 400, 213, 213, 324, 246, 246, 422, 186, 338, 338, 338, 338, 338, 395, 395, 400, 400, 374, 374, 374, 374, 374, 374, 139, 43, 497, 497, 497, 122, 129, 259, 106, 426, 284, 213, 213, 213, 213, 252, 143, 143, 259, 180, 180, 464, 464, 213, 324, 324, 301, 301, 196, 324, 324, 324, 464, 213, 213, 213, 213, 246, 246, 19, 19, 19, 454, 414, 414, 414, 414, 414, 392, 187, 187, 392, 408, 408, 73, 408, 408, 73, 73, 73, 73, 73, 320, 287, 66, 66, 66, 66, 68, 115, 115, 115, 115, 267, 267, 267, 267, 213, 246, 246, 246, 246, 246, 246, 246, 246, 246, 301, 301, 354, 259, 354, 106, 106, 284, 284, 376, 206, 460, 169, 169, 150, 342, 342, 342, 115, 115, 224, 196, 324, 331, 331, 331, 84, 84, 153, 153, 497, 497, 497, 43, 43, 276, 276, 346, 346, 346, 284, 486, 376, 376, 376, 460, 460, 460, 263, 263, 170, 170, 414, 414, 414, 414, 392, 170, 244, 47, 47, 73, 320, 244, 244, 321, 321, 320, 7, 7, 331, 360, 290, 290, 290, 290, 434, 434, 43, 100, 250, 406, 406, 467, 337, 337, 8, 360, 434, 434, 422, 338, 338, 338, 338, 338, 338, 400, 400, 400, 464, 464, 464, 464, 464, 240, 240, 240, 8, 8, 259, 100, 100, 100, 100, 497, 497, 122, 122, 239, 445, 278, 278, 464, 171, 171, 171, 171, 171, 252, 239, 180, 180, 464, 464, 443, 443, 240, 250, 8, 8, 324, 324, 464, 213, 213, 213, 246, 246, 246, 246, 246, 19, 19, 19, 454, 229, 414, 414, 414, 47, 187, 408, 408, 73, 73, 73, 321, 321, 320, 320, 7, 276, 276, 346, 346, 346, 346, 387, 293, 293, 169, 35, 35, 35, 180, 324, 180, 464, 180, 139, 139, 139, 139, 293, 122, 122, 355, 349, 467, 395, 395, 494, 398, 106, 109, 180, 144, 114, 486, 443, 443, 240, 240, 240, 94, 143, 143, 324, 406, 395, 395, 180, 180, 84, 431, 114, 278, 338, 338, 338, 338, 338, 99, 94, 99, 199, 303, 303, 169, 54, 338, 338, 338, 338, 338, 338, 400, 400, 400, 400, 213, 213, 324, 324, 422, 54, 338, 338, 338, 338, 338, 400, 273, 273, 273, 330, 413, 467, 467, 94, 199, 331, 331, 486, 443, 120, 146, 299, 299, 251, 219, 219, 246, 246, 246, 246, 246, 246, 19, 19, 19, 19, 454, 414, 414, 414, 414, 414, 392, 170, 244, 28, 28, 73, 73, 244, 320, 321, 320, 7, 7, 374, 374, 132, 217, 217, 473, 473, 324, 246, 19, 19, 19, 19, 19, 229, 171, 171, 171, 171, 171, 171, 171, 171, 171, 171, 171, 171, 171, 171, 171, 171, 171, 171, 171, 171, 171, 171, 171, 171, 171, 171, 171, 171, 171, 171, 171, 171, 171, 171, 171, 171, 171, 171, 171, 171, 171, 171, 171, 171, 171, 171, 171, 171, 171, 171, 171, 171, 171, 171, 171, 171, 171, 171, 171, 171]

ep54
Train step Loss: [3.3625526428222656, 3.441837787628174, 3.1642303466796875, 3.3478586673736572, 3.2219364643096924, 3.2561676502227783, 3.2813992500305176, 3.7789080142974854, 3.9907820224761963, 3.7590301036834717, 3.6671509742736816, 3.4007368087768555, 3.3609280586242676, 3.6636552810668945, 3.8827261924743652, 4.053930759429932, 3.7947449684143066, 3.548851490020752, 3.8114840984344482, 3.24558162689209, 3.6123387813568115, 3.6049304008483887, 3.831998586654663, 3.596276044845581, 3.573525905609131, 3.4790663719177246, 3.689389944076538, 3.668686628341675, 4.000541687011719, 3.3581011295318604, 3.2737364768981934, 3.8411812782287598, 3.5847232341766357, 3.508809804916382, 3.5695247650146484, 3.0801327228546143, 3.3428902626037598, 3.399470329284668, 3.429265260696411, 3.486196517944336, 3.6174874305725098, 3.1986496448516846, 3.442380905151367, 2.849484443664551, 3.3433456420898438, 3.6133437156677246, 3.509019613265991, 3.270843505859375, 2.9515111446380615, 3.7191855907440186, 3.335909366607666, 3.302457332611084, 3.6810269355773926, 3.400059938430786, 3.92614483833313, 2.936602830886841, 3.304483652114868, 3.3052968978881836, 3.636920213699341, 3.1196587085723877, 3.2306482791900635, 3.5564568042755127, 3.2096617221832275]
val step Loss: [2.641834259033203, 3.0308074951171875, 2.740445852279663, 2.8443708419799805, 3.0548195838928223, 3.048461437225342, 2.9929323196411133, 2.8142216205596924, 2.787964344024658, 2.6683568954467773, 2.684297800064087, 2.818016767501831, 2.851264476776123, 2.949603796005249, 2.9373605251312256, 3.3676490783691406]
Train step Accs: [0.36896490290397294, 0.3331334692409162, 0.3832360300250208, 0.3638328530259366, 0.3640063962785289, 0.3896572459410704, 0.3802757456387169, 0.2825788751714678, 0.27043740573152336, 0.26579455923888806, 0.3406964656964657, 0.348415622697126, 0.3402937788018433, 0.2994391971664699, 0.2801418439716312, 0.24783593021707284, 0.29398214799884825, 0.3392454954954955, 0.28116099281160994, 0.38826043237807945, 0.3062278630460449, 0.3496408727469847, 0.2916666666666667, 0.32858649789029537, 0.33361297539149887, 0.31911188506747934, 0.27625749283294243, 0.2914985203120796, 0.23451702823900133, 0.3780298321939093, 0.3688075844572039, 0.27606290040768783, 0.27959766209052606, 0.33719978165938863, 0.30436726784915785, 0.4159987902616059, 0.34284453596117076, 0.3625116402820274, 0.3366812844815391, 0.30655597607129775, 0.3203360080240722, 0.37437979251240416, 0.36703053314348993, 0.4944490702192617, 0.36965751485989246, 0.32191486312168555, 0.3038896637222997, 0.35297474675417323, 0.4348153730218538, 0.3072736925935758, 0.3446877534468775, 0.3642973734975516, 0.24279891304347825, 0.3617567374875232, 0.2871517027863777, 0.4445475638051044, 0.3615328994938539, 0.3548432055749129, 0.3169303600348823, 0.3901162790697674, 0.3871012101210121, 0.33627537511032657, 0.36556122448979594]
val step Accs: [0.5219887955182073, 0.4277227722772277, 0.47588285960378984, 0.4689392872235526, 0.42082863937914633, 0.4191427820141993, 0.4424742826204656, 0.5071352753862484, 0.49240506329113926, 0.5126825518831668, 0.5139595653967818, 0.48615511778481885, 0.47226666666666667, 0.434046719820954, 0.45080230093854073, 0.35303898023277297]
Preds: [17, 17, 145, 145, 486, 460, 460, 169, 169, 349, 349, 349, 234, 169, 106, 293, 293, 217, 346, 387, 348, 348, 348, 398, 398, 398, 324, 360, 434, 434, 339, 76, 250, 473, 398, 398, 360, 360, 360, 360, 360, 360, 434, 434, 434, 246, 19, 19, 19, 414, 414, 414, 414, 414, 414, 414, 249, 80, 80, 80, 80, 320, 320, 188, 188, 188, 171, 171, 434, 434, 339, 339, 250, 345, 43, 153, 43, 43, 43, 129, 324, 324, 324, 324, 84, 139, 139, 139, 139, 293, 274, 122, 8, 75, 354, 354, 420, 213, 360, 360, 360, 360, 434, 434, 19, 19, 19, 414, 414, 414, 414, 414, 414, 414, 80, 414, 244, 28, 47, 66, 20, 321, 321, 320, 7, 7, 7, 309, 473, 473, 398, 398, 360, 360, 360, 360, 434, 434, 434, 246, 246, 246, 246, 19, 19, 454, 414, 197, 197, 197, 7, 7, 7, 219, 219, 219, 219, 219, 219, 301, 286, 286, 286, 139, 468, 406, 467, 84, 84, 180, 486, 315, 315, 315, 315, 282, 282, 388, 348, 348, 250, 250, 250, 250, 138, 138, 182, 497, 497, 497, 349, 349, 349, 234, 169, 169, 25, 25, 25, 25, 346, 346, 153, 153, 182, 98, 98, 98, 98, 98, 197, 197, 197, 244, 188, 188, 422, 107, 31, 395, 395, 68, 342, 342, 342, 224, 371, 273, 444, 444, 444, 171, 324, 324, 324, 252, 422, 77, 68, 342, 172, 115, 267, 273, 273, 486, 486, 460, 460, 460, 460, 35, 35, 35, 35, 35, 284, 100, 100, 100, 182, 182, 182, 182, 182, 182, 182, 182, 182, 98, 98, 98, 98, 98, 414, 170, 47, 7, 321, 287, 287, 287, 426, 426, 426, 426, 98, 98, 98, 98, 13, 17, 83, 171, 171, 171, 171, 171, 171, 171, 171, 171, 171, 171, 171, 171, 171, 171, 171, 171, 171, 171, 171, 171, 171, 171, 171, 171, 171, 171, 171, 171, 171, 171, 171, 171, 171, 171, 171, 171, 171, 171, 171, 171, 171, 171, 171, 171, 171, 171, 171, 171, 171, 171, 171, 171, 171, 171, 171, 171, 171, 171, 171, 171, 171, 171, 171, 171, 171, 171, 171, 171, 171, 171, 171, 171, 171, 171, 171, 171, 171, 171, 171, 171, 171, 171, 171, 171, 171, 171, 171, 171, 171, 171, 171, 171, 171, 171, 171, 171, 171, 171, 171, 171, 171, 171, 171, 171, 171, 171, 171, 171, 171, 171, 171, 171, 171, 171, 171, 171, 171, 171, 171, 171, 171, 171, 171, 171, 171, 171, 171, 171, 171, 171, 171, 171, 171, 171, 171, 171, 171, 171, 171, 171, 171, 171, 171, 171, 171, 171, 171, 171, 171, 171, 171, 171, 171, 171, 171, 171, 171, 171, 171, 171, 171, 171, 171, 171, 171, 171, 171, 171, 171, 171, 171, 171, 171, 171, 171, 171, 171, 171, 171, 171, 171, 171, 171, 171, 171, 171, 171, 171, 171, 171, 171, 171, 171, 171, 171, 171, 171, 171, 171, 171, 171, 171, 171, 171, 171, 171, 171, 171, 171, 171, 171, 171, 171, 171, 171, 171, 171, 171, 171, 171, 171, 171, 171, 171, 171, 171, 171, 171, 171, 171, 171, 171, 171, 171, 171, 171, 171, 171, 171, 171, 171, 171, 171, 171, 171, 171, 171, 171, 171, 171, 171, 171, 171, 171, 171, 171, 171, 171, 171, 171, 171, 171, 171, 171, 171, 171, 171, 171, 171, 171, 171, 171, 171, 171, 171, 171, 171, 171, 171, 171, 171, 171, 171, 171, 171, 171, 171, 171, 171, 171, 171, 171, 171, 171, 171, 171, 171, 171, 171, 171, 171, 171, 171, 171, 171, 171]

ep55
Train step Loss: [3.0279815196990967, 3.232928514480591, 3.481757164001465, 3.4053268432617188, 3.5740294456481934, 3.348175048828125, 3.5281248092651367, 3.1306021213531494, 3.313084840774536, 3.891051769256592, 3.0878753662109375, 3.7220945358276367, 4.347747802734375, 3.0725371837615967, 3.1975624561309814, 3.241664171218872, 3.191378355026245, 3.364992618560791, 3.684927463531494, 3.590360403060913, 3.5311927795410156, 3.495835065841675, 3.534531593322754, 3.172792434692383, 3.1143219470977783, 3.5395078659057617, 3.681342124938965, 3.8394570350646973, 3.2601068019866943, 3.36100435256958, 3.582221269607544, 3.4851019382476807, 3.6315815448760986, 3.885009288787842, 3.333911657333374, 3.7871017456054688, 3.564321994781494, 3.9897735118865967, 3.653479814529419, 3.5179340839385986, 3.5255751609802246, 3.255593776702881, 3.460550308227539, 3.4922902584075928, 3.4906296730041504, 3.2752742767333984, 3.4400017261505127, 3.4555227756500244, 3.0554399490356445, 3.543975830078125, 3.3443057537078857, 3.3971903324127197, 3.5912861824035645, 3.136225461959839, 3.898357629776001, 3.6960976123809814, 3.2101995944976807, 3.6776318550109863, 3.3321633338928223, 3.9523608684539795, 3.278939723968506, 3.802847385406494, 4.17149543762207]
val step Loss: [2.975688934326172, 2.9520673751831055, 3.2715065479278564, 3.3425159454345703, 3.401242971420288, 3.6178767681121826, 2.9975357055664062, 3.499558448791504, 3.5331807136535645, 3.3101089000701904, 3.4576873779296875, 3.050401210784912, 3.1334421634674072, 3.1638872623443604, 3.1282594203948975, 2.9881885051727295]
Train step Accs: [0.4150116822429907, 0.36154385964912283, 0.3219682293684618, 0.34541484716157206, 0.33987936596998175, 0.352557127312296, 0.2998812351543943, 0.4017081210668265, 0.370244179443498, 0.264102947777944, 0.44895920066611156, 0.2872831648571072, 0.21552499678704537, 0.41051513542219864, 0.37261146496815284, 0.36744707696621337, 0.4006568144499179, 0.3783783783783784, 0.2868565016131295, 0.3144404809089708, 0.3436862058909303, 0.3530908165861104, 0.32027879190175906, 0.4147743604484047, 0.39344460570875667, 0.3208642373427926, 0.32057267351385, 0.2515310586176728, 0.3705944637725004, 0.3831831831831832, 0.3073170731707317, 0.3713610166986848, 0.30865900383141764, 0.2556746971173931, 0.3864136413641364, 0.2812841530054645, 0.3174866173846546, 0.26562058241447556, 0.28651685393258425, 0.3311093871217998, 0.30703436071375906, 0.38515797207935343, 0.3068683049779458, 0.305065452475811, 0.3325598436736688, 0.3445152158527955, 0.32736462093862817, 0.34786522633744854, 0.41878818737270873, 0.3007723761926397, 0.3415622230662109, 0.37725823591923485, 0.3199894999343746, 0.40028011204481795, 0.24048488008342023, 0.2634499396863691, 0.395171190833447, 0.3097273097273097, 0.3660570592538405, 0.24937062937062937, 0.376860910250957, 0.28722426470588236, 0.23233532934131737]
val step Accs: [0.44656183368869934, 0.4768133174791914, 0.3949181080667381, 0.379154292179324, 0.3626315789473684, 0.2909090909090909, 0.4564867042707494, 0.3707545829188575, 0.32693773824650574, 0.35234665427509293, 0.3319628445256586, 0.4031137058659994, 0.4244645680609458, 0.38534154975744067, 0.4303673867936043, 0.44989733059548254]
Preds: [17, 17, 287, 287, 319, 319, 319, 319, 348, 348, 348, 348, 250, 250, 250, 65, 138, 138, 138, 138, 182, 182, 182, 182, 182, 182, 182, 497, 497, 497, 98, 14, 14, 14, 287, 287, 287, 111, 111, 111, 111, 111, 438, 299, 94, 94, 94, 398, 398, 398, 324, 324, 301, 301, 378, 43, 88, 65, 138, 138, 153, 182, 297, 182, 297, 481, 426, 426, 284, 284, 284, 426, 426, 426, 426, 413, 413, 350, 182, 250, 497, 303, 467, 43, 43, 43, 276, 276, 346, 346, 346, 428, 111, 111, 111, 146, 438, 438, 240, 251, 431, 431, 431, 431, 428, 428, 428, 146, 146, 146, 143, 186, 54, 54, 232, 54, 482, 482, 482, 25, 115, 273, 273, 403, 403, 403, 403, 290, 171, 171, 171, 434, 252, 252, 339, 239, 239, 354, 420, 464, 324, 301, 301, 301, 301, 250, 345, 84, 84, 84, 431, 426, 426, 426, 426, 319, 282, 282, 169, 169, 342, 342, 342, 342, 115, 115, 267, 267, 267, 246, 213, 324, 246, 246, 246, 246, 434, 434, 339, 339, 398, 398, 398, 324, 324, 324, 422, 422, 422, 68, 232, 342, 115, 115, 273, 273, 273, 315, 315, 315, 315, 85, 85, 282, 282, 169, 169, 342, 342, 342, 224, 494, 267, 464, 464, 464, 464, 464, 464, 180, 315, 169, 169, 486, 486, 486, 486, 146, 146, 146, 240, 240, 169, 169, 169, 106, 145, 486, 139, 139, 293, 293, 293, 122, 77, 342, 342, 115, 273, 273, 273, 284, 486, 486, 376, 376, 460, 460, 460, 263, 263, 170, 312, 170, 312, 312, 312, 312, 23, 23, 23, 408, 408, 23, 23, 23, 408, 408, 408, 408, 73, 73, 73, 320, 66, 66, 66, 115, 68, 115, 115, 267, 273, 273, 43, 43, 153, 153, 88, 426, 426, 319, 426, 319, 319, 293, 348, 219, 219, 219, 464, 464, 464, 180, 315, 315, 319, 319, 319, 319, 348, 348, 348, 250, 406, 406, 324, 467, 337, 337, 19, 324, 324, 3, 301, 301, 301, 354, 354, 354, 106, 106, 284, 284, 206, 206, 206, 282, 388, 169, 342, 342, 342, 224, 273, 470, 180, 180, 114, 371, 371, 213, 213, 246, 213, 213, 213, 246, 246, 246, 246, 246, 246, 246, 246, 246, 19, 454, 414, 414, 414, 414, 414, 414, 249, 249, 249, 80, 187, 187, 2, 47, 244, 73, 73, 244, 321, 320, 287, 287, 287, 284, 284, 460, 460, 460, 169, 169, 150, 224, 267, 267, 494, 186, 482, 68, 68, 68, 115, 68, 323, 224, 273, 273, 106, 106, 424, 424, 497, 497, 182, 182, 497, 497, 497, 122, 122, 122, 197, 197, 197, 197, 7, 7, 7, 398, 473, 473, 473, 398, 398, 360, 360, 360, 434, 434, 434, 434, 434, 246, 246, 246, 422, 338, 338, 338, 338, 338, 338, 338, 338, 400, 400, 400, 286, 286, 286, 374, 374, 374, 132, 250, 109, 180, 34, 195, 303, 303, 303, 48, 303, 303, 48, 48, 414, 170, 414, 414, 414, 414, 170, 392, 392, 187, 187, 392, 47, 47, 47, 408, 73, 73, 320, 321, 321, 320, 287, 287, 287, 287, 284, 284, 460, 460, 460, 460, 169, 35, 77, 342, 342, 342, 224, 267, 267, 246, 246, 213, 213, 246, 246, 246, 301, 301, 301, 378, 276, 345, 109, 106, 346, 284, 284, 428, 376, 428, 428, 146, 240, 169, 169, 35, 35, 371, 371, 371, 371, 219, 324, 301, 301, 32, 345, 398, 250, 250, 250, 350, 350, 398, 398, 398, 398, 398, 286, 286, 374, 374, 374, 374, 374, 132, 132, 132, 132, 132, 132, 132, 324, 264]

ep56
Train step Loss: [3.974259853363037, 4.030162334442139, 3.791386842727661, 4.034685134887695, 3.9031174182891846, 3.8451719284057617, 4.197746753692627, 3.661187171936035, 4.118098735809326, 3.690659523010254, 4.192798137664795, 3.0226306915283203, 3.6235482692718506, 3.801299810409546, 3.53369402885437, 3.2054879665374756, 3.6682825088500977, 3.847961902618408, 3.4703152179718018, 3.2397584915161133, 3.6578691005706787, 3.578808546066284, 3.5622313022613525, 3.858750820159912, 3.4149115085601807, 3.4748167991638184, 3.401238441467285, 3.379477024078369, 3.65397310256958, 3.9396512508392334, 3.937398672103882, 4.310852527618408, 3.5777714252471924, 3.8504796028137207, 3.675560474395752, 3.8921377658843994, 4.326248645782471, 3.7284011840820312, 3.953486919403076, 3.7672390937805176, 3.7185449600219727, 3.7042076587677, 3.638859272003174, 3.9269700050354004, 3.7515060901641846, 4.251229286193848, 3.9330079555511475, 3.8893024921417236, 3.720677375793457, 3.701995849609375, 3.3840534687042236, 3.6416068077087402, 3.586655378341675, 3.5484743118286133, 3.917196750640869, 3.5961155891418457, 3.3920509815216064, 3.528449058532715, 3.6895246505737305, 3.7230420112609863, 3.2902603149414062, 3.6093897819519043, 3.7941477298736572]
val step Loss: [3.3256442546844482, 2.771261215209961, 3.185532331466675, 3.108908176422119, 3.3395309448242188, 3.2379074096679688, 3.5873491764068604, 2.795412540435791, 3.200878143310547, 3.0410337448120117, 3.334557294845581, 3.0466556549072266, 3.4296298027038574, 3.266263008117676, 2.947575092315674, 3.514375686645508]
Train step Accs: [0.2617407639323732, 0.2479965029870319, 0.3002680965147453, 0.22294516000531137, 0.25327326481768264, 0.27534990002856324, 0.23604757548032937, 0.30374934452018876, 0.23151074589127688, 0.28942953020134227, 0.1904370461707083, 0.4123006833712984, 0.3243574051407589, 0.28262406333945994, 0.3105630374817459, 0.38209258453054706, 0.28471349021016706, 0.2627707396812423, 0.33847863670041983, 0.39213709677419356, 0.33407140880154995, 0.3101574474014212, 0.3108947219870167, 0.29080515689613234, 0.33654829753032295, 0.3461244263131056, 0.35261194029850745, 0.3475286232895839, 0.2960939633979787, 0.2892956625547155, 0.24114985360660102, 0.17786174083403303, 0.32051676407259305, 0.26373775843307945, 0.30980570734669094, 0.25545912653975367, 0.19319826338639653, 0.28401406545847985, 0.24576610214695294, 0.27030352748154224, 0.289476878261925, 0.3223791821561338, 0.29721970383801755, 0.2640918580375783, 0.2852294525601298, 0.2006087071589255, 0.2559319709230558, 0.29269010148551255, 0.26970128022759604, 0.29166014708183385, 0.3550526164047859, 0.3336974330966685, 0.2756157994461449, 0.3113764927718416, 0.2769865566351657, 0.3214950594300444, 0.3517955801104972, 0.33241559194319664, 0.30156004007442394, 0.2882034073309241, 0.38170133603923556, 0.33031674208144796, 0.31232]
val step Accs: [0.34363981556821266, 0.49414790996784563, 0.41452051248867605, 0.42705231816248407, 0.3720784116612214, 0.39748953974895396, 0.30686346863468633, 0.4846938775510204, 0.4061855670103093, 0.4231450185095767, 0.37141681525168013, 0.40972404730617606, 0.3428455504463078, 0.36998706338939197, 0.46256613756613757, 0.340564448188711]
Preds: [17, 7, 217, 217, 473, 473, 473, 476, 213, 360, 360, 252, 143, 107, 422, 75, 107, 107, 395, 395, 213, 171, 171, 171, 246, 3, 3, 3, 143, 197, 259, 354, 84, 109, 114, 403, 395, 313, 34, 337, 337, 324, 171, 171, 434, 360, 434, 434, 339, 10, 398, 339, 94, 10, 10, 398, 195, 250, 250, 250, 250, 250, 250, 250, 43, 76, 129, 259, 441, 100, 100, 100, 497, 497, 497, 497, 43, 43, 208, 208, 441, 346, 346, 346, 293, 293, 372, 372, 467, 467, 467, 467, 467, 406, 406, 467, 303, 303, 303, 303, 303, 303, 303, 303, 48, 48, 48, 48, 170, 414, 414, 414, 170, 47, 392, 2, 244, 392, 392, 392, 244, 392, 392, 321, 321, 66, 66, 66, 66, 115, 115, 115, 115, 267, 267, 464, 286, 374, 468, 468, 139, 139, 139, 274, 153, 276, 398, 398, 398, 398, 324, 324, 324, 324, 3, 3, 3, 3, 145, 284, 145, 111, 111, 460, 240, 114, 114, 284, 111, 111, 111, 438, 169, 299, 342, 224, 54, 273, 273, 443, 443, 443, 460, 240, 240, 240, 35, 35, 251, 324, 324, 324, 324, 213, 213, 213, 246, 246, 246, 246, 246, 246, 246, 3, 197, 197, 259, 259, 354, 284, 284, 284, 284, 284, 376, 376, 376, 460, 460, 263, 263, 170, 170, 170, 170, 170, 170, 28, 28, 287, 287, 47, 244, 287, 287, 287, 217, 321, 320, 320, 287, 321, 320, 219, 219, 213, 213, 324, 301, 301, 143, 259, 259, 354, 437, 437, 284, 319, 319, 282, 17, 171, 171, 171, 171, 171, 171, 171, 171, 171, 171, 171, 171, 171, 171, 171, 171, 171, 171, 171, 171, 171, 171, 171, 171, 171, 171, 171, 171, 171, 171, 171, 171, 171, 171, 171, 171, 171, 171, 171, 171, 171, 171, 171, 171, 171, 171, 171, 171, 171, 171, 171, 171, 171, 171, 171, 171, 171, 171, 171, 171, 171, 171, 171, 171, 171, 171, 171, 171, 171, 171, 171, 171, 171, 171, 171, 171, 171, 171, 171, 171, 171, 171, 171, 171, 171, 171, 171, 171, 171, 171, 171, 171, 171, 171, 171, 171, 171, 171, 171, 171, 171, 171, 171, 171, 171, 171, 171, 171, 171, 171, 171, 171, 171, 171, 171, 171, 171, 171, 171, 171, 171, 171, 171, 171, 171, 171, 171, 171, 171, 171, 171, 171, 171, 171, 171, 171, 171, 171, 171, 171, 171, 171, 171, 171, 171, 171, 171, 171, 171, 171, 171, 171, 171, 171, 171, 171, 171, 171, 171, 171, 171, 171, 171, 171, 171, 171, 171, 171, 171, 171, 171, 171, 171, 171, 171, 171, 171, 171, 171, 171, 171, 171, 171, 171, 171, 171, 171, 171, 171, 171, 171, 171, 171, 171, 171, 171, 171, 171, 171, 171, 171, 171, 171, 171, 171, 171, 171, 171, 171, 171, 171, 171, 171, 171, 171, 171, 171, 171, 171, 171, 171, 171, 171, 171, 171, 171, 171, 171, 171, 171, 171, 171, 171, 171, 171, 171, 171, 171, 171, 171, 171, 171, 171, 171, 171, 171, 171, 171, 171, 171, 171, 171, 171, 171, 171, 171, 171, 171, 171, 171, 171, 171, 171, 171, 171, 171, 171, 171, 171, 171, 171, 171, 171, 171, 171, 171, 171, 171, 171, 171, 171, 171, 171, 171, 171, 171, 171, 171, 171, 171, 171, 171, 171, 171, 171, 171, 171, 171, 171, 171, 171, 171, 171, 171, 171, 171, 171, 171, 171, 171, 171, 171, 171, 171, 171, 171, 171, 171, 171, 171, 171, 171, 171, 171, 171, 171, 171, 171, 171, 171, 171, 171, 171, 171, 171, 171, 171, 171, 171]

ep57
Train step Loss: [3.8014371395111084, 3.6045334339141846, 3.646536111831665, 3.579124927520752, 3.5854592323303223, 3.207918167114258, 3.7790257930755615, 3.5618972778320312, 3.3667941093444824, 3.481219530105591, 3.5676140785217285, 3.767951726913452, 3.0415914058685303, 3.3954408168792725, 3.447878837585449, 3.652435779571533, 3.320488452911377, 3.093414068222046, 3.4993820190429688, 3.268714189529419, 3.109644889831543, 3.4277515411376953, 3.1154403686523438, 3.5672943592071533, 3.308784246444702, 3.623783826828003, 3.205134391784668, 3.2333123683929443, 3.8218917846679688, 3.51546311378479, 3.5739240646362305, 3.7330780029296875, 3.6530253887176514, 3.6018013954162598, 3.536850929260254, 3.85036039352417, 3.2580511569976807, 3.387028694152832, 3.462695360183716, 3.4987258911132812, 3.6405327320098877, 3.4732723236083984, 3.401492118835449, 3.5124855041503906, 3.4743897914886475, 3.487072229385376, 3.587080955505371, 3.6374502182006836, 3.5519635677337646, 3.5580501556396484, 3.2109596729278564, 3.7760183811187744, 3.361448287963867, 3.737290382385254, 3.345249652862549, 3.33603835105896, 3.80334210395813, 3.629971981048584, 3.7288637161254883, 3.0440175533294678, 3.1530392169952393, 3.2375402450561523, 3.6308677196502686]
val step Loss: [2.8654439449310303, 2.953601360321045, 3.3219265937805176, 3.0488319396972656, 3.371851682662964, 3.037308692932129, 3.2217354774475098, 2.611516237258911, 2.975078821182251, 3.099334478378296, 3.18320894241333, 2.8696155548095703, 3.218576431274414, 3.279989719390869, 3.162019729614258, 3.1676039695739746]
Train step Accs: [0.2780021540118471, 0.3017295597484277, 0.31851851851851853, 0.27760210803689067, 0.29985169205878387, 0.37724189902034666, 0.2734876954782398, 0.3386264390631203, 0.3509376723662438, 0.32957823876906167, 0.32932757223872533, 0.27326137450471377, 0.41963243873978995, 0.34446089648674116, 0.34769539078156314, 0.30040690332538234, 0.3741234221598878, 0.40082057756035977, 0.31582385992421275, 0.3548387096774194, 0.39805408499069966, 0.3375857120076543, 0.37969567284831196, 0.3045283018867925, 0.3919933277731443, 0.3044758539458186, 0.3567657263538995, 0.40819721718088325, 0.26241745621590584, 0.3572981788529492, 0.32335041639974377, 0.2972869698127627, 0.3303583502366464, 0.31135427028563306, 0.33292978208232443, 0.25961538461538464, 0.39096735728126397, 0.36977640709329224, 0.3223423176905185, 0.30598974615480806, 0.33235466823253085, 0.34640817553351366, 0.3620619672574753, 0.33166318719554627, 0.36189821182943605, 0.3191932335718933, 0.3306629834254144, 0.31948406300384474, 0.3438473520249221, 0.31812402881762963, 0.39251650770359503, 0.28487013879345885, 0.365547703180212, 0.31515885837372104, 0.353859372762423, 0.34809723813160237, 0.2720646700238537, 0.29809389339922343, 0.277135057844794, 0.41657020009922274, 0.422269872874866, 0.3644954438069524, 0.27018170985999407]
val step Accs: [0.4698729334608553, 0.4538272950149823, 0.3918464555898011, 0.4486115087317492, 0.39554629926305673, 0.4349233150415084, 0.40797297297297297, 0.536364881523079, 0.4342826581093729, 0.4055763521363108, 0.4168702399770082, 0.45960458872345616, 0.3953331534933909, 0.3815657828914457, 0.40347515012137475, 0.40458171405195337]
Preds: [17, 17, 287, 287, 284, 284, 111, 146, 146, 330, 388, 10, 10, 76, 324, 251, 251, 250, 250, 217, 217, 217, 473, 473, 398, 290, 171, 171, 246, 246, 246, 246, 246, 31, 14, 303, 323, 323, 433, 323, 54, 395, 219, 219, 213, 246, 246, 246, 246, 19, 19, 19, 454, 229, 312, 201, 170, 392, 392, 392, 392, 392, 392, 392, 392, 392, 244, 244, 7, 201, 287, 66, 66, 68, 323, 398, 106, 497, 274, 274, 122, 129, 129, 321, 75, 144, 109, 278, 171, 171, 403, 403, 290, 290, 290, 171, 434, 434, 434, 434, 434, 434, 246, 246, 19, 19, 143, 259, 401, 82, 75, 445, 278, 278, 180, 171, 171, 171, 239, 143, 458, 445, 445, 464, 464, 171, 171, 171, 301, 143, 259, 259, 75, 213, 331, 213, 213, 213, 213, 213, 246, 246, 246, 246, 246, 19, 414, 48, 197, 197, 197, 197, 197, 7, 188, 422, 68, 68, 232, 68, 68, 68, 68, 68, 115, 115, 267, 444, 286, 286, 286, 374, 374, 132, 132, 345, 345, 345, 345, 467, 331, 337, 337, 213, 213, 324, 246, 246, 143, 143, 422, 355, 323, 323, 219, 219, 219, 324, 464, 464, 464, 464, 180, 315, 315, 315, 315, 315, 450, 450, 450, 413, 303, 43, 43, 276, 276, 153, 182, 182, 182, 182, 182, 98, 98, 98, 98, 98, 170, 414, 170, 170, 392, 392, 392, 63, 63, 63, 63, 63, 63, 63, 63, 63, 63, 63, 63, 63, 63, 392, 73, 7, 320, 320, 441, 287, 287, 35, 35, 468, 35, 460, 376, 376, 460, 460, 169, 150, 342, 342, 224, 494, 494, 494, 494, 129, 371, 77, 68, 68, 115, 273, 273, 319, 319, 319, 388, 94, 348, 212, 212, 212, 212, 473, 473, 398, 324, 324, 464, 464, 464, 139, 319, 319, 282, 319, 413, 53, 53, 70, 70, 65, 426, 450, 450, 240, 438, 84, 431, 431, 324, 324, 324, 301, 301, 339, 10, 331, 398, 398, 464, 464, 464, 464, 486, 376, 376, 460, 460, 263, 263, 170, 170, 392, 170, 170, 392, 392, 392, 392, 63, 63, 63, 63, 63, 63, 63, 63, 63, 63, 63, 63, 63, 63, 63, 63, 63, 73, 73, 244, 66, 66, 321, 7, 309, 479, 473, 331, 290, 171, 171, 171, 171, 434, 434, 434, 3, 3, 14, 14, 14, 287, 287, 145, 111, 450, 450, 43, 43, 43, 182, 182, 43, 88, 109, 109, 207, 207, 324, 324, 324, 301, 8, 32, 239, 239, 75, 354, 371, 464, 213, 213, 246, 246, 19, 19, 454, 259, 401, 401, 401, 80, 80, 320, 321, 354, 84, 84, 486, 35, 403, 403, 403, 120, 120, 120, 282, 282, 285, 34, 34, 77, 467, 170, 107, 107, 107, 107, 107, 338, 338, 467, 323, 56, 56, 171, 171, 171, 171, 171, 443, 443, 443, 443, 443, 443, 443, 443, 443, 443, 443, 443, 443, 443, 443, 443, 443, 443, 443, 443, 443, 443, 443, 443, 443, 443, 443, 443, 443, 443, 443, 443, 443, 443, 443, 443, 443, 443, 443, 443, 443, 443, 443, 443, 443, 443, 443, 443, 443, 443, 443, 443, 443, 443, 443, 443, 443, 443, 443, 443, 443, 443, 443, 443, 443, 443, 443, 443, 443, 443, 443, 443, 443, 443, 443, 443, 443, 443, 443, 443, 443, 443, 443, 443, 443, 443, 443, 443, 443, 443, 443, 443, 443, 443, 443, 443, 443, 443, 443, 443, 443, 443, 443, 443, 443, 443, 443, 443, 443, 443, 443, 443, 443, 443, 443, 443, 443, 443, 443, 443, 443, 443, 443, 443, 443, 443, 443, 443, 443, 443]

ep58
Train step Loss: [3.4500656127929688, 3.516366481781006, 3.7349448204040527, 3.6155383586883545, 3.511277198791504, 3.929353952407837, 3.8787741661071777, 3.460280179977417, 3.446502208709717, 3.4252610206604004, 3.3591434955596924, 3.75038743019104, 3.5441672801971436, 3.7386515140533447, 3.025644302368164, 3.151374578475952, 3.5122926235198975, 3.5170581340789795, 3.72912859916687, 3.525817394256592, 3.8956124782562256, 3.3315720558166504, 3.240342855453491, 3.534209966659546, 3.9869019985198975, 3.804030179977417, 3.6996562480926514, 3.5976243019104004, 3.6704530715942383, 3.524519205093384, 3.6066784858703613, 3.242913007736206, 3.654160737991333, 3.2547738552093506, 3.6221282482147217, 3.6891188621520996, 3.592195510864258, 3.458693504333496, 3.7382121086120605, 3.4028549194335938, 3.326521396636963, 3.5913331508636475, 3.5938453674316406, 3.647423267364502, 3.6728436946868896, 3.6324563026428223, 3.79927921295166, 3.9239749908447266, 3.904355049133301, 3.6422500610351562, 3.917205572128296, 4.017449855804443, 3.705500602722168, 3.851672887802124, 3.8258721828460693, 3.6865451335906982, 3.828319549560547, 3.95546817779541, 3.9128880500793457, 3.3951003551483154, 3.693607807159424, 4.056597709655762, 3.6661887168884277]
val step Loss: [3.575465202331543, 3.6075382232666016, 2.7991771697998047, 3.081047296524048, 3.2520194053649902, 3.2053229808807373, 3.1025516986846924, 3.212149143218994, 3.0609447956085205, 3.1561200618743896, 3.148710012435913, 3.106870412826538, 3.1701953411102295, 3.626526117324829, 2.9188342094421387, 3.208324670791626]
Train step Accs: [0.35595984943538267, 0.32953873447664106, 0.2792616417284296, 0.29493027499022545, 0.3379590692458649, 0.2692138133725202, 0.28351525328855304, 0.3577247815138498, 0.3090601185436071, 0.33732561200315875, 0.3845629579144658, 0.27804086050602084, 0.30457058109747875, 0.2614322691975841, 0.404881769641495, 0.3855636948365196, 0.31952291274325173, 0.3082505126991639, 0.29710034917261274, 0.31929595827900914, 0.25077041602465333, 0.3855984609042188, 0.40308151093439365, 0.3431451612903226, 0.23447228549734245, 0.2609024451726746, 0.2847943225128138, 0.3644859813084112, 0.2975609756097561, 0.3034113905753108, 0.3164707632792739, 0.3859245630174793, 0.32989690721649484, 0.36580294305822136, 0.3102486355366889, 0.32847808331064526, 0.2731965765520989, 0.3624910522548318, 0.2961366538952746, 0.3478445229681979, 0.3713540067546822, 0.33889885469849595, 0.3426284533953008, 0.3119459687631912, 0.3162003903708523, 0.3074132492113565, 0.24253731343283583, 0.26623982926503936, 0.26091998453807497, 0.2949147603089028, 0.22392550143266476, 0.25832784726793945, 0.30702341137123745, 0.26675524062592265, 0.26663434735183617, 0.3207312006647279, 0.2779295470884256, 0.2383318080794875, 0.26208313194780086, 0.36091362880048405, 0.28752902608933206, 0.23512123438648053, 0.30300693909020815]
val step Accs: [0.31093048647337135, 0.3156662147171207, 0.4904562068498714, 0.43805555555555553, 0.39007477906186266, 0.4001663893510815, 0.41887550200803214, 0.4160224877020379, 0.43929485356838216, 0.41648441771459815, 0.41541330018645123, 0.44028442896531705, 0.40761022184779555, 0.31888111888111886, 0.462479155086159, 0.40436428412380315]
Preds: [17, 309, 331, 331, 331, 278, 443, 443, 468, 169, 342, 54, 54, 54, 224, 494, 273, 273, 273, 494, 494, 94, 264, 468, 468, 468, 468, 468, 467, 337, 337, 337, 337, 338, 434, 339, 33, 10, 398, 331, 331, 331, 331, 84, 84, 84, 426, 426, 426, 16, 98, 98, 98, 98, 98, 98, 98, 170, 170, 170, 170, 414, 80, 80, 442, 187, 187, 187, 187, 187, 187, 244, 244, 244, 244, 244, 244, 244, 244, 244, 80, 80, 80, 20, 321, 63, 73, 63, 73, 63, 63, 63, 63, 73, 244, 73, 7, 7, 7, 7, 7, 7, 7, 7, 354, 213, 464, 213, 213, 213, 213, 213, 213, 213, 246, 246, 246, 246, 246, 246, 246, 246, 246, 3, 3, 3, 464, 464, 464, 143, 395, 301, 143, 143, 354, 259, 354, 354, 109, 114, 403, 278, 171, 171, 171, 171, 171, 171, 246, 246, 246, 246, 246, 246, 246, 246, 422, 54, 338, 338, 338, 338, 338, 338, 400, 400, 400, 400, 213, 324, 324, 464, 464, 434, 434, 339, 143, 77, 68, 115, 267, 54, 172, 324, 395, 400, 286, 286, 464, 464, 464, 264, 264, 443, 315, 315, 315, 282, 282, 282, 282, 282, 303, 250, 250, 43, 43, 43, 43, 43, 276, 182, 182, 182, 182, 182, 182, 182, 182, 182, 182, 497, 497, 129, 486, 486, 413, 303, 303, 303, 303, 406, 406, 406, 406, 406, 98, 98, 497, 497, 98, 98, 98, 98, 122, 213, 213, 338, 398, 398, 398, 331, 398, 398, 464, 464, 464, 84, 84, 88, 88, 43, 43, 43, 43, 43, 276, 153, 426, 426, 387, 426, 319, 413, 348, 348, 348, 76, 219, 398, 398, 464, 464, 464, 315, 120, 120, 282, 282, 282, 282, 263, 263, 170, 170, 414, 414, 414, 414, 392, 187, 187, 187, 187, 187, 2, 2, 392, 392, 392, 392, 392, 392, 73, 244, 73, 73, 75, 75, 310, 77, 323, 323, 195, 398, 106, 106, 106, 153, 153, 153, 497, 182, 182, 182, 182, 182, 182, 182, 182, 182, 182, 182, 497, 497, 497, 122, 122, 122, 422, 310, 107, 77, 323, 115, 273, 106, 106, 106, 481, 387, 387, 293, 293, 293, 387, 285, 35, 35, 207, 324, 324, 324, 324, 301, 143, 143, 35, 35, 259, 354, 354, 345, 109, 109, 114, 355, 355, 355, 355, 263, 376, 376, 376, 376, 376, 376, 376, 376, 486, 460, 460, 460, 460, 169, 35, 35, 259, 75, 354, 114, 180, 486, 486, 486, 460, 460, 169, 150, 342, 224, 224, 395, 324, 464, 486, 486, 486, 460, 240, 240, 240, 422, 395, 395, 395, 324, 324, 324, 324, 464, 464, 464, 43, 88, 88, 98, 98, 98, 98, 170, 170, 75, 259, 208, 441, 441, 441, 100, 100, 98, 182, 182, 98, 98, 414, 414, 48, 170, 170, 414, 170, 170, 170, 63, 63, 28, 28, 28, 63, 63, 63, 63, 392, 63, 63, 63, 63, 73, 2, 2, 2, 63, 63, 63, 63, 63, 63, 63, 63, 63, 63, 63, 63, 73, 73, 73, 73, 244, 321, 321, 287, 287, 287, 287, 287, 284, 284, 284, 284, 284, 450, 450, 450, 450, 450, 88, 88, 43, 276, 426, 319, 426, 387, 387, 387, 250, 250, 250, 372, 76, 32, 239, 354, 219, 398, 398, 464, 171, 171, 171, 171, 171, 171, 246, 252, 143, 310, 107, 338, 107, 107, 324, 400, 400, 400, 464, 143, 374, 374, 374, 374, 132, 132, 274, 338, 54, 54, 232, 482, 482, 482, 482, 482, 482, 482, 115, 273, 273, 106, 106, 424, 497, 293, 497, 497, 122, 122, 75, 310]

ep59
Train step Loss: [3.7688863277435303, 3.752692699432373, 3.458899736404419, 3.575039863586426, 3.642584800720215, 3.3260555267333984, 3.0971789360046387, 3.6306874752044678, 3.403144121170044, 3.592060089111328, 3.596735715866089, 3.9060394763946533, 3.274864912033081, 3.856867551803589, 3.8342983722686768, 3.476595163345337, 3.528292179107666, 3.0607054233551025, 3.1438281536102295, 3.8014652729034424, 3.7202422618865967, 3.735010862350464, 3.755718469619751, 3.4541101455688477, 3.441816568374634, 3.79463267326355, 3.94765043258667, 3.6598246097564697, 3.790672779083252, 3.8193776607513428, 3.5565860271453857, 3.9919443130493164, 4.06304407119751, 4.255377769470215, 3.424729585647583, 3.582542657852173, 3.647871732711792, 3.739450693130493, 3.720660448074341, 4.013496398925781, 3.3762619495391846, 3.476710557937622, 2.9838707447052, 3.1531801223754883, 3.8645732402801514, 3.3272593021392822, 3.8501789569854736, 3.5943245887756348, 3.85024094581604, 3.7568085193634033, 3.6640560626983643, 3.945950984954834, 3.672654867172241, 3.9556427001953125, 3.3786330223083496, 3.6912193298339844, 3.8581151962280273, 3.5716817378997803, 3.6537022590637207, 3.4927666187286377, 3.8680474758148193, 3.706296920776367, 3.9115188121795654]
val step Loss: [3.5935888290405273, 3.0311663150787354, 3.1440305709838867, 2.7514398097991943, 3.1827940940856934, 3.445932388305664, 2.7872860431671143, 3.1553521156311035, 3.160900592803955, 3.10160493850708, 3.4258408546447754, 3.227158546447754, 3.082551956176758, 2.9690024852752686, 3.199460506439209, 3.2143900394439697]
Train step Accs: [0.28285543608124253, 0.256337331519723, 0.3249490142760027, 0.3104004299919377, 0.29118209921978505, 0.38090781469349555, 0.41790123456790124, 0.29570444216390557, 0.37012280429037775, 0.3505795872208086, 0.30745030745030744, 0.2625092798812175, 0.3393552957846263, 0.25029815146094214, 0.26130358191426895, 0.31402831402831405, 0.3271604938271605, 0.4137884511602806, 0.3874947427449881, 0.26819567811215694, 0.3050714192111126, 0.3085480918180538, 0.3221297314276739, 0.3332847566307199, 0.31613756613756616, 0.30415811088295686, 0.25915932973587047, 0.303486083778465, 0.25240384615384615, 0.276155887693812, 0.3444535969247666, 0.26044513861772745, 0.2453231939163498, 0.2280674121908962, 0.34158826784726065, 0.3258111734569407, 0.2995176364184504, 0.27268453220498357, 0.3075299085151302, 0.22611379495437467, 0.36444645823893673, 0.32834210171320655, 0.420763310821423, 0.39685240323266696, 0.28172076409380337, 0.36621668397369334, 0.27560837577815506, 0.30142118863049094, 0.28142352347299343, 0.2990246406570842, 0.2794631623095205, 0.26492957746478873, 0.296606732459105, 0.2316248943959448, 0.3433609958506224, 0.2755462724935733, 0.24908332279681375, 0.30119802677942215, 0.2996941896024465, 0.3346928686194537, 0.274434014356709, 0.30070611151692234, 0.2508169934640523]
val step Accs: [0.3243502051983584, 0.4365706630944407, 0.40782584734086524, 0.5007041151619465, 0.39248704663212436, 0.3465209572554987, 0.5262329485834207, 0.3967275314204411, 0.39655172413793105, 0.42202339986235377, 0.35027322404371586, 0.4105480868665977, 0.4243875735596004, 0.4203448821389021, 0.3938277876555753, 0.4094809971393543]
Preds: [17, 287, 497, 387, 387, 98, 98, 35, 259, 401, 401, 401, 414, 75, 27, 27, 437, 426, 426, 426, 426, 426, 426, 426, 413, 263, 263, 414, 414, 414, 47, 47, 47, 47, 244, 244, 244, 7, 7, 7, 473, 278, 264, 264, 264, 264, 264, 264, 468, 468, 468, 406, 406, 467, 337, 337, 337, 171, 171, 171, 171, 3, 3, 3, 3, 3, 3, 197, 197, 197, 345, 345, 65, 360, 398, 360, 360, 339, 33, 33, 324, 398, 331, 331, 374, 374, 132, 153, 182, 182, 182, 182, 98, 98, 43, 8, 197, 244, 100, 100, 98, 497, 497, 43, 8, 129, 259, 144, 27, 27, 106, 106, 284, 426, 426, 426, 206, 206, 285, 34, 139, 337, 406, 406, 406, 467, 467, 43, 43, 100, 98, 98, 98, 98, 98, 48, 170, 170, 170, 170, 414, 414, 201, 201, 392, 47, 47, 47, 47, 80, 80, 80, 320, 7, 320, 320, 7, 398, 331, 331, 324, 324, 422, 143, 143, 458, 324, 106, 27, 486, 180, 486, 315, 319, 319, 282, 388, 348, 195, 212, 212, 76, 324, 354, 213, 464, 324, 464, 464, 464, 315, 355, 376, 460, 460, 263, 263, 170, 312, 312, 312, 312, 312, 312, 312, 23, 23, 408, 408, 408, 23, 23, 23, 23, 23, 391, 244, 391, 73, 73, 73, 244, 73, 320, 320, 321, 287, 287, 287, 111, 111, 460, 460, 460, 35, 35, 35, 35, 77, 68, 172, 68, 172, 267, 115, 267, 267, 267, 246, 324, 246, 246, 246, 19, 454, 197, 197, 197, 197, 197, 197, 7, 398, 473, 331, 443, 443, 443, 330, 330, 443, 143, 143, 213, 259, 310, 107, 395, 395, 106, 106, 88, 88, 88, 206, 206, 206, 206, 206, 206, 206, 206, 240, 35, 35, 35, 35, 422, 77, 342, 342, 267, 267, 267, 267, 267, 246, 213, 324, 246, 3, 301, 197, 197, 197, 197, 197, 414, 80, 320, 287, 100, 100, 182, 182, 182, 182, 182, 182, 182, 182, 182, 387, 387, 206, 206, 122, 122, 239, 239, 401, 401, 259, 75, 371, 371, 284, 171, 171, 171, 171, 77, 239, 239, 32, 239, 354, 473, 403, 264, 264, 290, 264, 264, 264, 264, 264, 468, 468, 94, 331, 19, 19, 19, 19, 19, 454, 414, 414, 414, 414, 414, 414, 392, 392, 392, 187, 392, 408, 408, 408, 73, 73, 73, 73, 320, 320, 321, 320, 321, 320, 83, 287, 284, 284, 460, 240, 240, 240, 240, 240, 35, 35, 35, 35, 77, 68, 342, 342, 224, 224, 267, 444, 324, 324, 324, 301, 3, 14, 14, 14, 14, 14, 284, 284, 100, 497, 497, 497, 43, 43, 43, 32, 32, 239, 208, 208, 100, 100, 100, 497, 497, 98, 98, 98, 170, 170, 414, 414, 414, 392, 392, 244, 80, 244, 320, 287, 497, 481, 481, 98, 98, 109, 129, 401, 401, 208, 144, 208, 441, 441, 346, 346, 206, 206, 206, 263, 263, 17, 264, 171, 171, 264, 264, 264, 264, 264, 264, 264, 264, 264, 264, 264, 264, 264, 264, 264, 264, 264, 264, 264, 264, 264, 264, 264, 264, 264, 264, 264, 264, 264, 264, 264, 264, 264, 264, 264, 264, 264, 264, 264, 264, 264, 264, 264, 264, 264, 264, 264, 264, 264, 264, 264, 264, 264, 264, 264, 264, 264, 264, 264, 264, 264, 264, 264, 264, 264, 264, 264, 264, 264, 264, 264, 264, 264, 264, 264, 264, 264, 264, 264, 264, 264, 264, 264, 264, 264, 264, 264, 264, 264, 264, 264, 264, 264, 264, 264, 264, 264, 264, 264, 264, 264, 264, 264, 264, 264, 264, 264, 264]

ep60
Train step Loss: [3.409982204437256, 3.653618097305298, 4.118251323699951, 3.840113401412964, 3.459815263748169, 3.771397113800049, 3.593039035797119, 3.8459064960479736, 3.802844285964966, 3.535585403442383, 3.5085721015930176, 3.4009292125701904, 3.855170249938965, 3.418909788131714, 3.9909543991088867, 3.8868465423583984, 3.4972472190856934, 3.677924156188965, 3.5877304077148438, 3.5683395862579346, 3.7062008380889893, 3.6948227882385254, 4.184579372406006, 3.501412868499756, 3.5135061740875244, 3.93578839302063, 3.6211647987365723, 3.4888014793395996, 3.7331361770629883, 3.5713469982147217, 3.7210230827331543, 3.157341480255127, 3.4897968769073486, 3.7417428493499756, 3.8134613037109375, 3.7447946071624756, 3.6338531970977783, 3.69879150390625, 3.549246311187744, 4.073603630065918, 3.596923828125, 3.927799940109253, 3.6564722061157227, 3.724992036819458, 3.4860708713531494, 3.5122506618499756, 3.462069034576416, 3.9996299743652344, 3.3313891887664795, 3.49503755569458, 3.586332082748413, 4.110377788543701, 3.3812224864959717, 3.690048933029175, 3.7639718055725098, 3.9824929237365723, 3.450622081756592, 3.7777657508850098, 3.5368316173553467, 3.816413164138794, 3.4749772548675537, 3.5762999057769775, 3.929652214050293]
val step Loss: [3.526298999786377, 2.8603198528289795, 3.057567596435547, 3.2806179523468018, 3.2991795539855957, 3.1588964462280273, 3.081926107406616, 3.557979106903076, 2.8106164932250977, 3.4541361331939697, 3.027496337890625, 3.24639630317688, 3.310072660446167, 3.487316846847534, 2.9594876766204834, 2.9146339893341064]
Train step Accs: [0.3628871460853383, 0.31548902702017, 0.19008464328899638, 0.2610877526108775, 0.3219353007945516, 0.2679061642126279, 0.30110189426767364, 0.25124450951683747, 0.2671251719394773, 0.3262684649967887, 0.32298890429958393, 0.3541952375015584, 0.2558657558657559, 0.3478807697145013, 0.24088541666666666, 0.27314631897800606, 0.2867340868530637, 0.3223561575742513, 0.3027755537763544, 0.300961918566346, 0.2547440273037543, 0.2812229593308336, 0.23534933619417997, 0.3557919621749409, 0.32418742085268043, 0.25396825396825395, 0.29759821854620644, 0.32683846637335007, 0.2909887359198999, 0.30130118180732957, 0.3119533527696793, 0.4435418359057677, 0.3301680058436815, 0.2674886089520236, 0.2630796268757604, 0.28748301373999696, 0.29651395752637905, 0.32606927955765164, 0.3455187192739191, 0.24209513335166347, 0.3012995347344778, 0.24293059125964012, 0.3034274193548387, 0.28647798742138364, 0.3576579175079319, 0.3472864122540605, 0.3489492119089317, 0.23493558664634992, 0.36639643935781274, 0.34228855721393037, 0.3066763425253991, 0.2323943661971831, 0.3389463154384795, 0.28556806550665303, 0.26823467230443976, 0.27522266024237113, 0.3218372785703088, 0.2785515320334262, 0.30631868131868134, 0.2725, 0.34180514825676117, 0.3277842302232546, 0.23182233039245512]
val step Accs: [0.33989043824701193, 0.48333333333333334, 0.42659238066556243, 0.38071065989847713, 0.3724785852445427, 0.4318345065364172, 0.4122950819672131, 0.31234475906607057, 0.47633898305084743, 0.36710492394947153, 0.43026706231454004, 0.38971874579464405, 0.35865936707170515, 0.33981251723187206, 0.44749369924390925, 0.4734628479871821]
Preds: [17, 17, 486, 486, 460, 460, 169, 438, 35, 35, 35, 35, 259, 208, 208, 441, 100, 153, 153, 497, 122, 129, 129, 401, 208, 208, 208, 437, 346, 293, 206, 206, 206, 98, 263, 170, 170, 47, 170, 414, 249, 249, 249, 249, 249, 249, 408, 201, 201, 201, 201, 47, 20, 249, 47, 201, 249, 20, 28, 40, 20, 40, 20, 20, 20, 153, 153, 153, 153, 153, 43, 98, 2, 2, 73, 73, 73, 320, 320, 20, 320, 287, 287, 287, 111, 111, 460, 169, 169, 338, 338, 338, 338, 338, 338, 338, 400, 400, 400, 213, 213, 213, 213, 246, 246, 246, 246, 246, 246, 422, 338, 338, 338, 338, 338, 338, 338, 400, 400, 400, 301, 286, 286, 286, 374, 374, 374, 132, 132, 132, 132, 132, 132, 132, 132, 132, 132, 132, 132, 132, 132, 132, 132, 132, 197, 197, 197, 197, 197, 197, 197, 414, 414, 414, 80, 7, 213, 213, 213, 213, 213, 246, 246, 434, 434, 374, 132, 132, 43, 43, 43, 250, 276, 276, 346, 426, 282, 169, 169, 169, 282, 282, 282, 282, 388, 303, 303, 217, 473, 473, 398, 324, 464, 301, 278, 259, 401, 197, 7, 7, 354, 276, 109, 169, 428, 146, 146, 146, 207, 207, 207, 3, 3, 3, 454, 197, 197, 197, 197, 197, 197, 7, 139, 324, 239, 239, 239, 239, 374, 374, 345, 345, 345, 467, 132, 132, 132, 132, 132, 132, 132, 276, 398, 65, 331, 331, 43, 153, 98, 129, 143, 197, 7, 217, 473, 473, 398, 213, 324, 324, 324, 246, 19, 19, 454, 414, 414, 170, 187, 187, 126, 126, 408, 408, 408, 408, 408, 408, 408, 408, 23, 391, 391, 391, 391, 73, 73, 73, 320, 392, 392, 392, 83, 287, 287, 319, 319, 319, 413, 348, 250, 250, 250, 276, 426, 109, 109, 403, 171, 324, 324, 324, 464, 301, 251, 241, 241, 241, 431, 431, 486, 486, 319, 319, 330, 94, 348, 398, 482, 250, 199, 199, 199, 434, 434, 434, 171, 324, 324, 3, 301, 301, 354, 259, 259, 259, 354, 354, 106, 284, 206, 206, 240, 355, 35, 35, 77, 68, 342, 224, 25, 437, 324, 330, 324, 374, 374, 153, 153, 153, 182, 43, 43, 43, 276, 346, 346, 346, 428, 428, 428, 330, 388, 94, 94, 331, 398, 398, 339, 94, 10, 398, 398, 331, 43, 153, 43, 43, 43, 276, 276, 276, 153, 387, 387, 387, 387, 240, 240, 240, 240, 355, 35, 35, 422, 437, 426, 14, 284, 284, 287, 497, 497, 98, 293, 497, 122, 122, 422, 349, 213, 224, 494, 494, 8, 8, 106, 27, 486, 443, 330, 94, 94, 331, 331, 464, 464, 464, 120, 330, 395, 395, 273, 273, 273, 143, 494, 278, 338, 338, 338, 338, 338, 395, 106, 199, 426, 426, 413, 94, 76, 239, 76, 239, 107, 107, 395, 286, 286, 286, 464, 139, 139, 139, 139, 139, 274, 8, 129, 129, 27, 208, 441, 437, 153, 426, 426, 372, 467, 348, 199, 250, 413, 98, 98, 98, 98, 197, 414, 320, 7, 473, 473, 264, 264, 286, 468, 468, 406, 406, 337, 337, 19, 324, 19, 454, 414, 170, 187, 312, 187, 170, 392, 63, 63, 47, 28, 187, 244, 187, 187, 187, 392, 392, 40, 47, 2, 392, 73, 20, 20, 392, 73, 73, 73, 320, 320, 7, 213, 324, 339, 339, 10, 398, 331, 331, 331, 153, 153, 387, 387, 387, 497, 43, 8, 129, 208, 208, 208, 106, 106, 387, 372, 372, 406, 406, 406, 413, 413, 98, 98, 98, 98, 98, 414, 414, 414, 414, 47, 47]

ep61
Train step Loss: [3.495072841644287, 3.629711151123047, 3.272907257080078, 3.54610538482666, 3.4702885150909424, 3.3915698528289795, 3.8437702655792236, 3.5079357624053955, 3.7332448959350586, 3.4050679206848145, 3.704257011413574, 3.672919988632202, 3.798279285430908, 3.6384541988372803, 3.6225860118865967, 4.023009300231934, 4.205282211303711, 3.679438591003418, 3.8786778450012207, 3.9686055183410645, 3.9578700065612793, 3.8957033157348633, 3.5475122928619385, 4.027733325958252, 3.5661637783050537, 3.5525522232055664, 3.643691301345825, 4.228301048278809, 3.908226728439331, 4.015925407409668, 4.000970363616943, 4.221822738647461, 3.752406597137451, 3.5563673973083496, 3.929408550262451, 3.624563217163086, 3.209991455078125, 3.7929563522338867, 3.2789716720581055, 3.618932008743286, 3.658766984939575, 3.932088613510132, 3.314683437347412, 3.798598289489746, 3.74324631690979, 3.820460796356201, 3.347308397293091, 3.9884321689605713, 3.40432071685791, 3.453589916229248, 3.662841558456421, 3.6736888885498047, 3.503610610961914, 3.703289031982422, 3.8206264972686768, 3.6778957843780518, 3.3664393424987793, 3.536273956298828, 3.6459543704986572, 3.9373388290405273, 3.8633270263671875, 3.8960764408111572, 3.828608751296997]
val step Loss: [2.770174980163574, 3.0422654151916504, 3.533127546310425, 3.3696022033691406, 3.3479297161102295, 3.3696956634521484, 2.977853536605835, 3.237443208694458, 3.365469455718994, 3.2407310009002686, 3.2282958030700684, 3.4026505947113037, 3.165786027908325, 3.3346829414367676, 3.5258355140686035, 3.6652493476867676]
Train step Accs: [0.33153973509933776, 0.30999546348102225, 0.3564245810055866, 0.318701744352302, 0.332388377037562, 0.33076278290025146, 0.2789789370902497, 0.31032448377581123, 0.2529961806927433, 0.33985448666127727, 0.28085477540340165, 0.3286911510968696, 0.288442634461452, 0.3096110484780158, 0.3354258810101298, 0.27328747492118083, 0.23252032520325203, 0.31151405258386217, 0.24767458003609608, 0.2323179500588312, 0.2649070021881838, 0.27926132589345026, 0.3057703747769185, 0.24159324978285146, 0.3319358103223941, 0.3576652407892921, 0.3320565704183854, 0.20629206448583504, 0.2448352398838996, 0.28135135135135136, 0.23307867578072644, 0.21980139321179784, 0.2891170431211499, 0.3079842931937173, 0.24304141208418195, 0.2819740803770127, 0.3928079571537873, 0.2685069008782936, 0.3846390168970814, 0.30738595220854453, 0.2928317955997161, 0.24877356054737929, 0.35501535995725925, 0.2720763723150358, 0.2630221763795771, 0.2634867418469979, 0.3695317313616759, 0.21107117181883536, 0.32685316895843214, 0.34927325581395346, 0.3149243918474688, 0.29887243581035183, 0.3058402271885418, 0.3055955969073516, 0.2797007734246228, 0.2970862120756984, 0.3594046403035167, 0.31698527107489816, 0.30220098465102807, 0.24528045633573273, 0.285349015597034, 0.24318801089918257, 0.23763100170606874]
val step Accs: [0.5081834167455701, 0.4219956300072833, 0.32575757575757575, 0.36460085392676933, 0.368757654102599, 0.3618097139055223, 0.4488418469090351, 0.39045146401269293, 0.3668348380244291, 0.3872488216323493, 0.4178447586022939, 0.3617021276595745, 0.4274977322793832, 0.35963743001866166, 0.3393049568965517, 0.32741116751269034]
Preds: [17, 309, 479, 331, 398, 278, 17, 17, 324, 342, 342, 54, 25, 324, 324, 464, 403, 494, 94, 468, 468, 468, 468, 467, 337, 337, 337, 337, 434, 339, 339, 10, 331, 331, 331, 84, 84, 84, 426, 426, 16, 98, 98, 98, 98, 98, 98, 98, 170, 170, 414, 7, 47, 187, 187, 442, 442, 187, 244, 2, 2, 244, 244, 244, 47, 2, 73, 2, 73, 244, 63, 63, 63, 244, 73, 73, 73, 320, 320, 320, 320, 7, 7, 7, 7, 219, 464, 464, 213, 213, 213, 213, 213, 213, 246, 246, 246, 246, 246, 246, 246, 3, 3, 3, 464, 464, 143, 395, 301, 114, 259, 354, 109, 264, 264, 403, 171, 171, 171, 171, 171, 246, 246, 246, 246, 246, 324, 422, 54, 338, 338, 338, 338, 338, 338, 400, 400, 400, 464, 464, 171, 171, 252, 252, 143, 107, 107, 107, 54, 107, 395, 395, 286, 286, 286, 464, 315, 315, 315, 315, 315, 315, 282, 282, 282, 282, 282, 413, 413, 43, 43, 43, 276, 138, 138, 138, 182, 182, 182, 182, 182, 182, 182, 426, 282, 282, 282, 282, 303, 303, 76, 76, 331, 84, 497, 497, 274, 98, 98, 48, 338, 338, 10, 398, 398, 398, 398, 398, 464, 464, 264, 468, 406, 406, 88, 43, 43, 43, 276, 276, 426, 426, 387, 413, 348, 348, 348, 398, 398, 398, 398, 464, 464, 443, 355, 355, 282, 460, 263, 170, 170, 170, 414, 414, 414, 187, 187, 187, 187, 187, 244, 80, 244, 392, 392, 73, 73, 73, 244, 75, 75, 310, 107, 77, 195, 398, 106, 106, 374, 153, 153, 497, 182, 182, 182, 182, 182, 182, 182, 497, 497, 497, 497, 122, 122, 259, 213, 107, 323, 395, 324, 284, 106, 106, 481, 481, 293, 293, 285, 285, 395, 299, 146, 324, 324, 422, 301, 143, 259, 354, 345, 109, 109, 109, 355, 355, 355, 355, 355, 355, 355, 355, 355, 355, 287, 287, 460, 460, 169, 35, 35, 35, 259, 354, 486, 169, 111, 146, 146, 438, 438, 299, 68, 395, 395, 464, 486, 486, 443, 443, 240, 240, 240, 240, 371, 371, 371, 324, 324, 324, 339, 464, 464, 132, 132, 132, 303, 324, 324, 324, 259, 441, 441, 100, 100, 100, 98, 98, 98, 98, 98, 414, 170, 170, 170, 170, 170, 170, 63, 63, 28, 28, 28, 28, 63, 63, 63, 63, 244, 2, 2, 2, 2, 2, 63, 63, 63, 63, 63, 63, 244, 73, 73, 73, 320, 244, 321, 460, 287, 287, 287, 287, 284, 284, 284, 284, 450, 450, 450, 450, 43, 43, 43, 276, 276, 426, 387, 497, 497, 43, 43, 43, 8, 239, 219, 219, 464, 464, 443, 171, 171, 171, 171, 252, 252, 143, 338, 338, 338, 338, 278, 219, 219, 324, 374, 374, 374, 374, 132, 132, 338, 54, 54, 232, 482, 482, 482, 482, 482, 115, 273, 273, 106, 106, 424, 497, 497, 122, 122, 259, 310, 445, 278, 278, 464, 213, 213, 213, 324, 324, 19, 19, 19, 414, 197, 7, 7, 7, 188, 398, 398, 464, 171, 171, 252, 143, 143, 8, 276, 345, 109, 109, 109, 284, 284, 376, 376, 206, 206, 206, 35, 167, 35, 284, 100, 100, 100, 98, 98, 98, 414, 170, 7, 259, 441, 441, 100, 100, 100, 481, 387, 98, 98, 98, 98, 98, 170, 414, 414, 170, 170, 63, 63, 28, 2, 2, 2, 73, 2, 244, 63, 63, 63, 244, 63, 63, 392, 63, 73, 244, 73, 73, 320, 321, 320, 320, 7, 7, 213, 374, 374, 374, 374, 374, 374, 132, 132, 274, 274, 88]

ep62
Train step Loss: [3.516522169113159, 4.0420708656311035, 4.018712520599365, 3.3844594955444336, 3.5979459285736084, 3.941786766052246, 3.661689519882202, 3.767193078994751, 3.680999279022217, 3.578078508377075, 3.6331143379211426, 3.7734813690185547, 3.959648847579956, 3.5059502124786377, 3.6522982120513916, 3.479609251022339, 3.9229345321655273, 3.554689884185791, 3.9239468574523926, 3.1033666133880615, 3.401960849761963, 3.616950511932373, 3.7079362869262695, 3.6286661624908447, 3.7706966400146484, 3.6735141277313232, 3.5102789402008057, 3.9709689617156982, 3.1038854122161865, 3.63688325881958, 3.514977216720581, 3.5396461486816406, 3.7976646423339844, 3.5542778968811035, 3.4950015544891357, 3.8203351497650146, 4.030917167663574, 3.8373351097106934, 3.3707828521728516, 3.9345717430114746, 3.649200677871704, 3.8736157417297363, 3.8829171657562256, 3.724806070327759, 3.9260590076446533, 3.6196606159210205, 3.5623533725738525, 3.910391092300415, 3.8113443851470947, 3.64798641204834, 3.6034328937530518, 3.342517852783203, 3.566664934158325, 3.48978853225708, 3.4201760292053223, 3.380136489868164, 3.4866883754730225, 3.6944222450256348, 3.9112744331359863, 3.9977495670318604, 3.9464828968048096, 3.672781467437744, 4.154247760772705]
val step Loss: [2.941549777984619, 3.1545486450195312, 3.254789113998413, 3.426957368850708, 3.174801826477051, 2.8563754558563232, 3.5867507457733154, 3.3054943084716797, 3.8185911178588867, 3.404045343399048, 3.343698263168335, 3.478239059448242, 3.3725202083587646, 3.339484691619873, 3.406482696533203, 3.352891445159912]
Train step Accs: [0.3409183812508516, 0.24148016276703968, 0.2056185702980744, 0.3653570404359048, 0.3177449433366805, 0.24452842072114628, 0.29353436566150504, 0.29572649572649573, 0.284191331182494, 0.3212525369672369, 0.32180280267642974, 0.28463877226002604, 0.26217228464419473, 0.31839824197289707, 0.30300391815411404, 0.33201880782648263, 0.23601447258558308, 0.33079067038286636, 0.274601686972821, 0.39579171660673856, 0.30924347002300717, 0.2892831795599716, 0.32665128353042977, 0.28307861765110837, 0.2832919163864932, 0.27776866283839213, 0.33693095336930956, 0.2618364418938307, 0.4100369251426653, 0.3073100562312018, 0.3517613782463358, 0.3256867329047341, 0.26045834849036015, 0.32022160664819943, 0.31796293594046404, 0.3075350007865345, 0.20357190815093326, 0.2612363435209515, 0.3685765673175745, 0.21675377468060394, 0.29619458611220084, 0.24421113188551705, 0.21792519407198307, 0.2853182104599874, 0.24446531598014223, 0.31470160116448326, 0.31492089470812873, 0.26595885865958857, 0.2626070409134158, 0.273839273970801, 0.34516331658291455, 0.36124137931034483, 0.3186607013999134, 0.3240316004077472, 0.324804992199688, 0.35832104063296233, 0.34714548802946593, 0.28043409877319914, 0.2551283792962913, 0.2425, 0.2635834870194354, 0.2831755280407866, 0.2]
val step Accs: [0.4666666666666667, 0.4083299305839118, 0.40334158415841587, 0.3447877562806815, 0.39356794516936866, 0.47733250812316264, 0.3358917108568239, 0.38632769736041844, 0.2908819943097141, 0.36496769562096193, 0.386092041698449, 0.3657502569373073, 0.3530620105276672, 0.36731231443517603, 0.3532755435554924, 0.35352941176470587]
Preds: [17, 17, 17, 284, 486, 486, 460, 460, 169, 150, 349, 25, 25, 25, 25, 25, 25, 467, 467, 399, 399, 348, 473, 473, 473, 398, 360, 360, 360, 360, 434, 434, 434, 339, 339, 331, 324, 398, 398, 324, 360, 360, 360, 360, 360, 360, 434, 434, 434, 434, 434, 19, 19, 454, 454, 414, 170, 414, 414, 414, 249, 249, 249, 244, 80, 80, 80, 320, 320, 188, 188, 188, 290, 171, 171, 171, 434, 339, 217, 195, 345, 345, 100, 497, 497, 497, 122, 129, 34, 34, 84, 84, 84, 431, 431, 139, 139, 139, 293, 387, 122, 180, 114, 180, 180, 180, 403, 403, 290, 290, 171, 434, 434, 434, 19, 19, 19, 19, 454, 414, 414, 414, 414, 414, 414, 414, 80, 414, 47, 47, 289, 66, 217, 321, 244, 321, 7, 7, 7, 398, 479, 479, 479, 398, 398, 360, 360, 360, 360, 360, 434, 434, 434, 434, 434, 434, 434, 434, 19, 19, 454, 454, 197, 197, 197, 197, 7, 321, 7, 219, 219, 219, 219, 464, 464, 464, 286, 286, 264, 468, 468, 468, 468, 467, 84, 180, 486, 315, 315, 315, 315, 315, 315, 315, 450, 450, 250, 250, 250, 250, 250, 250, 138, 138, 138, 345, 345, 387, 467, 467, 54, 323, 349, 25, 25, 25, 25, 25, 25, 25, 374, 374, 153, 153, 153, 182, 182, 98, 98, 98, 98, 197, 7, 7, 213, 324, 324, 324, 171, 171, 31, 422, 68, 68, 342, 342, 342, 342, 115, 273, 84, 324, 171, 171, 171, 171, 171, 171, 252, 422, 143, 162, 342, 342, 342, 115, 115, 273, 273, 486, 486, 486, 460, 460, 460, 169, 35, 35, 35, 35, 35, 35, 106, 441, 100, 100, 497, 424, 182, 182, 182, 182, 182, 182, 182, 182, 182, 182, 98, 98, 98, 98, 98, 170, 170, 47, 321, 75, 437, 437, 437, 206, 206, 206, 206, 98, 98, 98, 98, 170, 170, 170, 83, 171, 171, 171, 264, 264, 264, 264, 264, 264, 264, 264, 264, 264, 264, 264, 264, 264, 264, 264, 264, 264, 264, 264, 264, 264, 264, 264, 264, 264, 264, 264, 264, 264, 264, 264, 264, 264, 264, 264, 264, 264, 264, 264, 264, 264, 264, 264, 264, 264, 264, 264, 264, 264, 264, 264, 264, 264, 264, 264, 264, 264, 264, 264, 264, 264, 264, 264, 264, 264, 264, 264, 264, 264, 264, 264, 264, 264, 264, 264, 264, 264, 264, 264, 264, 264, 264, 264, 264, 264, 264, 264, 264, 264, 264, 264, 264, 264, 264, 264, 264, 264, 264, 264, 264, 264, 264, 264, 264, 264, 264, 264, 264, 264, 264, 264, 264, 264, 264, 264, 264, 264, 264, 264, 264, 264, 264, 264, 264, 264, 264, 264, 264, 264, 264, 264, 264, 264, 264, 264, 264, 264, 264, 264, 264, 264, 264, 264, 264, 264, 264, 264, 264, 264, 264, 264, 264, 264, 264, 264, 264, 264, 264, 264, 264, 264, 264, 264, 264, 264, 264, 264, 264, 264, 264, 264, 264, 264, 264, 264, 264, 264, 264, 264, 264, 264, 264, 264, 264, 264, 264, 264, 264, 264, 264, 264, 264, 264, 264, 264, 264, 264, 264, 264, 264, 264, 264, 264, 264, 264, 264, 264, 264, 264, 264, 264, 264, 264, 264, 264, 264, 264, 264, 264, 264, 264, 264, 264, 264, 264, 264, 264, 264, 264, 264, 264, 264, 264, 264, 264, 264, 264, 264, 264, 264, 264, 264, 264, 264, 264, 264, 264, 264, 264, 264, 264, 264, 264, 264, 264, 264, 264, 264, 264, 264, 264, 264, 264, 264, 264, 264, 264, 264, 264, 264, 264, 264, 264]

ep63
Train step Loss: [3.8024632930755615, 3.981922149658203, 3.608025550842285, 3.805290699005127, 3.5178921222686768, 3.844308376312256, 3.9811816215515137, 4.108600616455078, 3.608842134475708, 4.034343242645264, 3.924217462539673, 3.778294563293457, 3.598280906677246, 3.5152013301849365, 3.8517119884490967, 3.8071842193603516, 3.894073724746704, 4.158505916595459, 3.7076244354248047, 3.8055367469787598, 3.648911714553833, 3.469632148742676, 4.107364654541016, 3.8098556995391846, 3.7212181091308594, 4.022480010986328, 3.5814945697784424, 3.9356632232666016, 3.6038970947265625, 3.6367857456207275, 3.939971923828125, 4.4784770011901855, 3.9923272132873535, 3.6600022315979004, 3.575256824493408, 3.623318910598755, 4.041708946228027, 3.9156033992767334, 3.795099973678589, 3.626971960067749, 3.7782771587371826, 3.6965537071228027, 3.8942012786865234, 3.702139139175415, 3.7574620246887207, 3.256700277328491, 4.080795764923096, 3.8371682167053223, 3.7464499473571777, 3.880326747894287, 3.6395394802093506, 4.064248561859131, 3.897838830947876, 4.055739402770996, 3.763221025466919, 3.78059720993042, 3.673977851867676, 3.508774757385254, 3.7432000637054443, 3.6655819416046143, 3.6785385608673096, 4.152035236358643, 3.3357999324798584]
val step Loss: [3.4582855701446533, 3.028538227081299, 2.8927502632141113, 3.283173084259033, 3.044748544692993, 3.6443030834198, 3.3091673851013184, 3.4575397968292236, 3.6656723022460938, 3.4357805252075195, 3.3828511238098145, 3.5774118900299072, 3.3419342041015625, 3.3698787689208984, 3.0459656715393066, 3.1728217601776123]
Train step Accs: [0.2768054125606707, 0.25580791693705385, 0.2914779744750926, 0.29247719056636257, 0.3064673383165421, 0.2526334583110159, 0.25425696594427244, 0.21917105094315412, 0.30543382997370727, 0.24545192030031765, 0.27091241389006043, 0.2906962997990306, 0.31471861471861473, 0.31394736842105264, 0.2895011752415774, 0.28048452220726783, 0.2824791418355185, 0.24096759187470926, 0.2822427368992669, 0.2772876664936862, 0.26812313803376364, 0.3422742188614638, 0.20581592320722755, 0.2711233631977946, 0.27035782653512, 0.24965325936199723, 0.29667636697809774, 0.2259953161592506, 0.3079826646162449, 0.3249390739236393, 0.25516558165864706, 0.18105395232120453, 0.24646440227245256, 0.30276655268884056, 0.3047508690614137, 0.30079825834542817, 0.22108246726953704, 0.24126891734575087, 0.28945844193454967, 0.3053475935828877, 0.2883158508158508, 0.28489611081513055, 0.2712212486308872, 0.27630477253698016, 0.28034467389689494, 0.37210982658959535, 0.2497506234413965, 0.25897728714630125, 0.24940149274750034, 0.28221097703386533, 0.29759371419217545, 0.22449993788048206, 0.2601418439716312, 0.2493139407244786, 0.29134259849547367, 0.2940195071868583, 0.2980121293800539, 0.3344011142061281, 0.24949418310571572, 0.29891160074329703, 0.285674702133555, 0.234284930002745, 0.37682428488032693]
val step Accs: [0.3322995635194119, 0.468548594998711, 0.4672978878368536, 0.3893651218858827, 0.4490755757379176, 0.301647312989468, 0.36975558750490134, 0.34342984409799554, 0.33361204013377926, 0.3658124471979724, 0.3464677378219842, 0.3295875198307774, 0.36593378822340156, 0.401623006833713, 0.4315443592552026, 0.3885432310662948]
Preds: [17, 17, 287, 284, 319, 319, 319, 319, 450, 413, 413, 76, 76, 349, 349, 25, 25, 25, 25, 25, 25, 25, 106, 35, 35, 169, 85, 85, 146, 146, 299, 299, 94, 94, 398, 219, 324, 246, 324, 324, 324, 422, 68, 232, 232, 232, 232, 115, 273, 115, 267, 267, 267, 246, 246, 246, 252, 3, 3, 14, 284, 188, 188, 443, 443, 120, 271, 271, 68, 68, 342, 232, 232, 267, 224, 115, 336, 336, 145, 145, 486, 486, 486, 486, 468, 468, 468, 468, 250, 323, 303, 494, 186, 76, 324, 267, 400, 395, 107, 107, 395, 395, 171, 286, 264, 264, 264, 264, 264, 264, 264, 207, 207, 207, 207, 454, 454, 454, 414, 414, 170, 170, 170, 63, 63, 63, 47, 28, 2, 2, 2, 2, 2, 2, 392, 244, 392, 63, 63, 244, 73, 73, 244, 321, 320, 320, 287, 287, 481, 481, 293, 293, 293, 497, 35, 169, 106, 437, 437, 284, 284, 426, 426, 319, 348, 348, 348, 348, 348, 195, 250, 250, 76, 32, 217, 7, 354, 109, 109, 395, 395, 395, 468, 467, 337, 337, 434, 434, 434, 339, 434, 434, 324, 464, 464, 464, 94, 94, 10, 398, 331, 331, 331, 331, 138, 138, 182, 182, 182, 497, 497, 497, 497, 98, 169, 441, 437, 437, 284, 284, 426, 426, 319, 319, 348, 348, 53, 303, 303, 48, 48, 48, 170, 414, 48, 414, 414, 170, 170, 63, 63, 63, 63, 244, 392, 392, 392, 392, 392, 392, 73, 73, 73, 321, 320, 7, 7, 7, 345, 109, 109, 106, 284, 460, 460, 460, 460, 169, 150, 150, 342, 323, 323, 224, 494, 494, 106, 153, 153, 153, 387, 349, 349, 349, 349, 25, 25, 25, 25, 25, 25, 346, 100, 98, 153, 53, 274, 274, 497, 98, 98, 197, 197, 197, 321, 321, 287, 287, 287, 287, 284, 284, 284, 315, 450, 450, 85, 85, 85, 85, 282, 282, 282, 282, 282, 282, 282, 388, 94, 94, 195, 195, 195, 250, 250, 250, 250, 473, 109, 109, 290, 290, 290, 290, 207, 464, 434, 434, 252, 143, 458, 401, 180, 84, 139, 139, 132, 132, 129, 106, 349, 349, 349, 25, 25, 25, 346, 346, 346, 346, 153, 182, 182, 182, 182, 387, 406, 98, 43, 43, 43, 497, 497, 98, 98, 98, 98, 98, 98, 170, 170, 392, 170, 170, 63, 63, 28, 187, 187, 187, 392, 73, 73, 392, 73, 321, 75, 66, 66, 66, 213, 25, 25, 25, 106, 106, 481, 481, 153, 153, 182, 182, 182, 182, 182, 182, 182, 182, 182, 182, 182, 345, 345, 274, 122, 122, 122, 422, 107, 107, 107, 107, 395, 395, 84, 84, 84, 84, 84, 43, 274, 98, 98, 17, 17, 122, 171, 171, 264, 264, 264, 264, 264, 264, 264, 264, 264, 264, 264, 264, 264, 264, 264, 264, 264, 264, 264, 264, 264, 264, 264, 264, 264, 264, 264, 264, 264, 264, 264, 264, 264, 264, 264, 264, 264, 264, 264, 264, 264, 264, 264, 264, 264, 264, 264, 264, 264, 264, 264, 264, 264, 264, 264, 264, 264, 264, 264, 264, 264, 264, 264, 264, 264, 264, 264, 264, 264, 264, 264, 264, 264, 264, 264, 264, 264, 264, 264, 264, 264, 264, 264, 264, 264, 264, 264, 264, 264, 264, 264, 264, 264, 264, 264, 264, 264, 264, 264, 264, 264, 264, 264, 264, 264, 264, 264, 264, 264, 264, 264, 264, 264, 264, 264, 264, 264, 264, 264, 264, 264, 264, 264, 264, 264, 264, 264, 264, 264, 264, 264, 264, 264, 264, 264, 264, 264, 264, 264, 264, 264, 264]

ep64
Train step Loss: [4.003151893615723, 3.781534194946289, 3.437511444091797, 3.338611364364624, 3.9138882160186768, 3.734035015106201, 3.7965056896209717, 3.8837335109710693, 3.7593820095062256, 3.864596366882324, 4.085938453674316, 3.8124043941497803, 3.932591438293457, 3.9167425632476807, 4.033714294433594, 3.7228684425354004, 3.989201068878174, 3.8527772426605225, 4.17901086807251, 3.9198429584503174, 3.948439598083496, 3.45163631439209, 3.591501474380493, 3.960313320159912, 3.7939600944519043, 3.7988319396972656, 3.719257354736328, 3.5293164253234863, 3.691899538040161, 3.7972898483276367, 3.745366334915161, 3.4797239303588867, 3.618605375289917, 3.728026866912842, 3.5935256481170654, 3.7063066959381104, 3.5310847759246826, 3.8279457092285156, 3.5806453227996826, 3.924199342727661, 3.5828185081481934, 3.5088067054748535, 3.872744083404541, 3.914473295211792, 3.7566769123077393, 4.050437927246094, 3.5855042934417725, 4.148467540740967, 3.964813470840454, 3.8442838191986084, 3.6595311164855957, 3.6315507888793945, 3.943394660949707, 3.8655636310577393, 3.6248388290405273, 3.792675495147705, 3.747924327850342, 3.6945295333862305, 3.788763999938965, 3.766469717025757, 3.7706146240234375, 3.5413053035736084, 4.16298770904541]
val step Loss: [3.115077257156372, 3.434553384780884, 3.543924331665039, 3.5254104137420654, 3.323641061782837, 3.0360641479492188, 3.7356839179992676, 3.038663864135742, 3.4688377380371094, 3.231963634490967, 2.954984426498413, 3.7352631092071533, 3.2226955890655518, 2.9799787998199463, 3.147860288619995, 3.5609378814697266]
Train step Accs: [0.23073695986575304, 0.268355888281025, 0.32755927871645607, 0.35944121801914924, 0.250996015936255, 0.2842044302881135, 0.26028431249213735, 0.2717258261933905, 0.3124324324324324, 0.2798140770252324, 0.20870463644582204, 0.26754926108374383, 0.2528906018381263, 0.21824324324324323, 0.24634512911599946, 0.27277570591369205, 0.24762628180782378, 0.2743623765295592, 0.20823692734844979, 0.26494391594490985, 0.28100113765642776, 0.3428115479471928, 0.29732436686221203, 0.24976538409974527, 0.2606509289006845, 0.2796992481203007, 0.3133839706652698, 0.31489001692047375, 0.27367397945015276, 0.28761632068718684, 0.2810556860577587, 0.3285216525634644, 0.31772053083528495, 0.28005865102639294, 0.32571428571428573, 0.28530927835051545, 0.33589743589743587, 0.268613340714088, 0.29888204426192105, 0.24742268041237114, 0.3217416715371128, 0.3612405358182877, 0.27982233502538073, 0.2569444444444444, 0.27565867086118756, 0.2552968872613131, 0.313506139154161, 0.22069181405540772, 0.2534511319712866, 0.29512727272727274, 0.29059128772361054, 0.3126880641925777, 0.2516709199173654, 0.2689695896073221, 0.30761002444987773, 0.23961988304093568, 0.28735289736332487, 0.2813654499778336, 0.28086371459865433, 0.2977150537634409, 0.2684983282453845, 0.31758751581611133, 0.22308546059933407]
val step Accs: [0.42729096989966553, 0.35220042417815484, 0.31734623358673114, 0.34370658516254515, 0.38511579495186055, 0.4378071833648393, 0.2928162068505931, 0.45741703318672533, 0.35768166960020115, 0.3961204696273609, 0.4657315906917437, 0.29640793770409446, 0.35947712418300654, 0.4655223880597015, 0.40444634459170586, 0.362721609966459]
Preds: [17, 17, 17, 83, 284, 284, 284, 450, 450, 450, 43, 43, 43, 43, 276, 276, 153, 153, 138, 182, 182, 182, 182, 182, 182, 182, 98, 98, 98, 98, 98, 197, 80, 80, 80, 287, 287, 287, 111, 486, 111, 111, 169, 169, 331, 479, 479, 331, 398, 398, 398, 301, 217, 276, 43, 250, 138, 138, 138, 153, 387, 387, 109, 146, 146, 324, 324, 422, 338, 338, 338, 338, 338, 338, 338, 338, 395, 395, 395, 278, 278, 278, 374, 43, 8, 354, 354, 208, 100, 100, 100, 98, 122, 122, 122, 82, 82, 75, 75, 68, 68, 68, 68, 224, 25, 267, 444, 464, 324, 464, 464, 315, 315, 486, 319, 319, 284, 481, 413, 65, 276, 276, 276, 276, 276, 153, 153, 182, 182, 182, 182, 98, 98, 98, 98, 98, 426, 426, 282, 282, 303, 282, 282, 282, 303, 413, 413, 303, 303, 303, 303, 303, 303, 303, 479, 398, 479, 331, 331, 331, 106, 481, 481, 481, 481, 182, 387, 293, 98, 98, 170, 170, 170, 392, 170, 170, 170, 170, 170, 392, 392, 392, 392, 392, 392, 392, 392, 63, 63, 63, 63, 63, 63, 63, 63, 63, 63, 63, 73, 392, 392, 392, 244, 244, 7, 320, 321, 7, 7, 213, 324, 324, 324, 464, 464, 464, 460, 486, 486, 460, 460, 169, 349, 349, 25, 25, 25, 25, 25, 25, 25, 324, 324, 324, 324, 464, 464, 464, 139, 139, 426, 426, 426, 413, 348, 10, 10, 473, 398, 398, 339, 94, 398, 398, 331, 497, 88, 274, 122, 122, 129, 129, 75, 342, 68, 115, 273, 273, 450, 150, 150, 240, 401, 35, 35, 401, 259, 354, 354, 420, 286, 286, 286, 286, 374, 374, 374, 374, 374, 246, 246, 246, 339, 132, 132, 132, 98, 98, 98, 98, 98, 98, 170, 401, 80, 401, 321, 75, 208, 208, 441, 437, 437, 437, 481, 481, 98, 98, 98, 98, 98, 170, 170, 170, 170, 83, 171, 171, 171, 264, 264, 264, 264, 264, 264, 264, 264, 264, 264, 264, 264, 264, 264, 264, 264, 264, 264, 264, 264, 264, 264, 264, 264, 264, 264, 264, 264, 264, 264, 264, 264, 264, 264, 264, 264, 264, 264, 264, 264, 264, 264, 264, 264, 264, 264, 264, 264, 264, 264, 264, 264, 264, 264, 264, 264, 264, 264, 264, 264, 264, 264, 264, 264, 264, 264, 264, 264, 264, 264, 264, 264, 264, 264, 264, 264, 264, 264, 264, 264, 264, 264, 264, 264, 264, 264, 264, 264, 264, 264, 264, 264, 264, 264, 264, 264, 264, 264, 264, 264, 264, 264, 264, 264, 264, 264, 264, 264, 264, 264, 264, 264, 264, 264, 264, 264, 264, 264, 264, 264, 264, 264, 264, 264, 264, 264, 264, 264, 264, 264, 264, 264, 264, 264, 264, 264, 264, 264, 264, 264, 264, 264, 264, 264, 264, 264, 264, 264, 264, 264, 264, 264, 264, 264, 264, 264, 264, 264, 264, 264, 264, 264, 264, 264, 264, 264, 264, 264, 264, 264, 264, 264, 264, 264, 264, 264, 264, 264, 264, 264, 264, 264, 264, 264, 264, 264, 264, 264, 264, 264, 264, 264, 264, 264, 264, 264, 264, 264, 264, 264, 264, 264, 264, 264, 264, 264, 264, 264, 264, 264, 264, 264, 264, 264, 264, 264, 264, 264, 264, 264, 264, 264, 264, 264, 264, 264, 264, 264, 264, 264, 264, 264, 264, 264, 264, 264, 264, 264, 264, 264, 264, 264, 264, 264, 264, 264, 264, 264, 264, 264, 264, 264, 264, 264, 264, 264, 264, 264, 264, 264, 264, 264, 264, 264, 264, 264, 264, 264, 264, 264, 264]

ep65
Train step Loss: [3.7921335697174072, 3.6292741298675537, 3.7872166633605957, 3.651163339614868, 4.08463191986084, 3.939380407333374, 4.0050950050354, 3.912548542022705, 4.2733154296875, 4.03232479095459, 3.8286356925964355, 4.095865726470947, 4.069197177886963, 3.760533571243286, 3.862267255783081, 3.8256704807281494, 3.9546380043029785, 4.082242488861084, 3.7887494564056396, 3.8309755325317383, 3.9184255599975586, 3.2333147525787354, 3.3175101280212402, 3.836228609085083, 3.4589099884033203, 3.3549880981445312, 3.4364380836486816, 3.5073013305664062, 3.310594320297241, 3.826080560684204, 3.6656970977783203, 3.458118438720703, 3.423676013946533, 3.5977044105529785, 3.8396215438842773, 3.263054609298706, 3.624910593032837, 4.267925262451172, 3.7422878742218018, 4.038071155548096, 3.702899217605591, 3.5777289867401123, 4.051283836364746, 4.0940141677856445, 3.896843194961548, 3.9350199699401855, 3.397019147872925, 3.6089701652526855, 4.047446250915527, 3.892145872116089, 3.773813247680664, 3.6238298416137695, 4.146224498748779, 3.8931338787078857, 3.6248972415924072, 3.5964438915252686, 3.800673723220825, 3.7220358848571777, 4.069869041442871, 3.8311686515808105, 3.7563493251800537, 4.015381336212158, 4.090178966522217]
val step Loss: [3.3545660972595215, 3.4280917644500732, 3.2420153617858887, 3.8416085243225098, 3.2188825607299805, 3.241640567779541, 3.4147303104400635, 3.249631404876709, 3.5828490257263184, 3.270632266998291, 3.5474462509155273, 3.194260358810425, 3.6424922943115234, 3.405672311782837, 2.9310574531555176, 3.912081480026245]
Train step Accs: [0.26568776838897357, 0.32947976878612717, 0.2732248307647991, 0.3113292856220127, 0.23637809889964206, 0.24651645419507856, 0.2376082942763812, 0.2861894203357618, 0.20686900958466453, 0.2589958158995816, 0.23295454545454544, 0.2152982456140351, 0.23060890278398094, 0.2913728432108027, 0.23293515358361774, 0.2530021834061135, 0.2623648289310406, 0.22666666666666666, 0.2651918612590468, 0.26024759284731774, 0.2623115577889447, 0.365376554422244, 0.3309530749052754, 0.2857142857142857, 0.3255131964809384, 0.34743833017077796, 0.3418321588725176, 0.30793835417272464, 0.36196518626972507, 0.25783271054900836, 0.28695537712254837, 0.3125427438106962, 0.3594158339738663, 0.2869298367973218, 0.26197916666666665, 0.3772606196551241, 0.273811320754717, 0.19211094691372058, 0.26994722135982613, 0.2134800924038592, 0.2969789356984479, 0.3142978602805725, 0.25423280423280425, 0.2427866646733443, 0.2570053079866683, 0.25274725274725274, 0.33564875491480994, 0.3008140756302521, 0.2321719309671117, 0.26656728554004605, 0.2920898738073253, 0.2984980436703269, 0.22292735619767756, 0.2660986171252968, 0.32109581421220973, 0.2932501418037436, 0.27058353317346123, 0.272809863724854, 0.22405929304446978, 0.2674825174825175, 0.31097483071419446, 0.27295431173791684, 0.2372611464968153]
val step Accs: [0.37077769049489395, 0.34939595493416586, 0.41471655612564134, 0.29960596678862933, 0.3769528642008279, 0.3815994338287332, 0.3789010402774073, 0.38942626209089704, 0.3154196486662329, 0.3759960769890891, 0.33456891817682594, 0.3964995394130807, 0.32140943193997856, 0.3669291338582677, 0.4825391644908616, 0.2642379525017293]
Preds: [17, 188, 324, 324, 422, 143, 143, 14, 14, 287, 287, 145, 145, 111, 111, 146, 146, 146, 146, 143, 143, 14, 14, 14, 14, 287, 145, 145, 145, 486, 169, 146, 146, 146, 146, 207, 207, 207, 454, 414, 454, 414, 392, 392, 414, 187, 187, 392, 392, 187, 187, 392, 392, 392, 73, 73, 73, 73, 73, 408, 73, 73, 73, 73, 320, 320, 320, 321, 321, 287, 287, 287, 287, 284, 284, 284, 284, 284, 426, 284, 450, 450, 450, 450, 450, 293, 293, 98, 169, 349, 349, 349, 25, 25, 25, 25, 25, 25, 25, 106, 437, 426, 426, 413, 146, 146, 85, 299, 330, 330, 94, 94, 398, 398, 398, 398, 398, 398, 464, 464, 464, 330, 330, 139, 139, 315, 319, 319, 450, 450, 450, 293, 413, 413, 43, 43, 43, 276, 276, 426, 319, 319, 284, 284, 284, 263, 263, 263, 263, 426, 426, 450, 450, 293, 293, 43, 43, 43, 276, 276, 346, 346, 346, 428, 428, 146, 146, 285, 34, 34, 84, 84, 84, 337, 337, 324, 324, 422, 422, 68, 232, 232, 232, 115, 267, 115, 115, 267, 267, 267, 246, 246, 3, 3, 3, 14, 188, 188, 464, 120, 120, 120, 271, 271, 150, 68, 115, 232, 232, 232, 232, 115, 267, 115, 115, 273, 273, 273, 273, 84, 84, 84, 84, 355, 355, 355, 263, 263, 263, 263, 170, 170, 414, 414, 170, 392, 63, 63, 63, 392, 28, 2, 2, 2, 2, 2, 63, 63, 73, 63, 63, 63, 63, 63, 63, 63, 63, 63, 63, 244, 63, 244, 73, 320, 73, 441, 441, 441, 441, 441, 153, 153, 497, 497, 497, 497, 122, 122, 109, 109, 114, 371, 114, 486, 443, 443, 486, 486, 460, 240, 240, 240, 240, 34, 34, 324, 84, 84, 43, 43, 43, 88, 467, 345, 345, 467, 467, 84, 84, 264, 403, 403, 213, 213, 246, 246, 246, 246, 246, 246, 246, 246, 246, 19, 19, 414, 454, 414, 414, 414, 414, 392, 392, 392, 63, 63, 28, 28, 28, 28, 2, 2, 73, 2, 63, 244, 63, 63, 63, 63, 63, 63, 63, 63, 63, 63, 63, 73, 63, 63, 63, 73, 244, 63, 63, 63, 63, 73, 73, 244, 73, 321, 7, 7, 7, 7, 7, 7, 398, 398, 374, 374, 374, 374, 374, 43, 43, 100, 43, 43, 276, 276, 276, 346, 346, 346, 284, 284, 284, 206, 206, 206, 206, 206, 206, 206, 206, 206, 98, 35, 197, 197, 244, 321, 75, 287, 287, 284, 284, 284, 284, 284, 284, 284, 284, 284, 426, 426, 426, 426, 426, 426, 426, 450, 450, 282, 413, 94, 398, 398, 398, 331, 467, 337, 337, 337, 19, 19, 207, 464, 464, 464, 468, 467, 467, 467, 467, 313, 76, 98, 76, 76, 324, 349, 25, 25, 25, 25, 153, 441, 441, 441, 153, 153, 153, 182, 182, 182, 182, 182, 182, 132, 122, 88, 88, 182, 497, 497, 497, 43, 399, 70, 70, 70, 65, 65, 450, 450, 450, 450, 146, 146, 146, 464, 464, 464, 324, 324, 464, 464, 264, 468, 406, 406, 406, 324, 324, 464, 464, 464, 355, 355, 355, 355, 263, 263, 170, 264, 171, 171, 171, 264, 264, 264, 264, 264, 264, 264, 264, 264, 264, 264, 264, 264, 264, 264, 264, 264, 264, 264, 264, 264, 264, 264, 264, 264, 264, 264, 264, 264, 264, 264, 264, 264, 264, 264, 264, 264, 264, 264, 264, 264, 264, 264, 264, 264, 264, 264, 264, 264, 264, 264, 264, 264, 264, 264, 264, 264, 264, 264, 264, 264, 264, 264, 264, 264, 264, 264, 264, 264]

ep66
Train step Loss: [3.5026392936706543, 3.7196598052978516, 3.4801082611083984, 3.928116798400879, 3.885068655014038, 3.729708671569824, 3.918198347091675, 3.6305785179138184, 4.112031936645508, 3.952230930328369, 3.7057526111602783, 3.9240896701812744, 3.7369916439056396, 3.771390199661255, 3.387568950653076, 4.0749406814575195, 3.9375345706939697, 3.996225595474243, 3.8209407329559326, 4.026065826416016, 4.181523323059082, 3.845374584197998, 4.1306586265563965, 3.9472901821136475, 3.7347359657287598, 3.5837810039520264, 3.88269305229187, 3.4524970054626465, 3.584296464920044, 3.7410569190979004, 3.236384391784668, 3.695723533630371, 3.2826483249664307, 3.8904528617858887, 3.8931634426116943, 3.8252248764038086, 3.6140995025634766, 3.6669304370880127, 4.017570495605469, 3.94592547416687, 3.9573781490325928, 3.672210931777954, 4.045083522796631, 4.0006608963012695, 4.13964319229126, 3.6280009746551514, 3.9010753631591797, 3.778909206390381, 4.184174060821533, 3.9606685638427734, 3.8572115898132324, 4.057231903076172, 3.93662428855896, 3.6540725231170654, 3.890883445739746, 3.7745378017425537, 3.626215934753418, 3.951105833053589, 3.5239944458007812, 3.4723870754241943, 3.679976463317871, 3.5582921504974365, 3.2665774822235107]
val step Loss: [3.4555931091308594, 3.3438169956207275, 3.4253501892089844, 3.417179822921753, 3.8592259883880615, 3.2755343914031982, 3.5459816455841064, 3.1952717304229736, 3.093083143234253, 2.9743924140930176, 3.1389739513397217, 3.3184266090393066, 3.1337342262268066, 3.304755926132202, 3.030581474304199, 3.0607240200042725]
Train step Accs: [0.30584091576166716, 0.3004425930747201, 0.35611038107752957, 0.2453261600537996, 0.2622367250074162, 0.27064023955511196, 0.25162783967587904, 0.31749301162277477, 0.21882915845764142, 0.24241169977924945, 0.2806292341256172, 0.25116872078198044, 0.26807114923678566, 0.2835506387462136, 0.362944556608169, 0.26373775843307945, 0.23969849246231156, 0.21458662453923116, 0.26664765435619564, 0.2405845134076529, 0.19634069400630916, 0.25068194217130385, 0.204683434518647, 0.24493243243243243, 0.2701991114036531, 0.3124300111982083, 0.26013618074899414, 0.3439976518931611, 0.3039397144368059, 0.26459143968871596, 0.3783428320911881, 0.2952841193134478, 0.3715193704600484, 0.24668516805427074, 0.2698802579060485, 0.24990151017728168, 0.2809636918900577, 0.30513176144244103, 0.22263332482776219, 0.256245325355273, 0.2684974388161639, 0.31558779252771313, 0.24365671641791045, 0.22029034436191763, 0.23289198606271777, 0.3024065385197518, 0.23997876294133264, 0.3052814857806152, 0.2253384912959381, 0.2424823113207547, 0.2567515678996544, 0.23898367497238246, 0.2525494901019796, 0.31532766657526734, 0.23920837516133658, 0.26233804047168435, 0.30576521599486106, 0.2691210433365032, 0.3102964118564743, 0.31787109375, 0.2757343550446999, 0.30911079856227536, 0.3916288124594419]
val step Accs: [0.3422742188614638, 0.3663252240717029, 0.3603577188095587, 0.34418737503570407, 0.2848910751932537, 0.3959443457667259, 0.32255343082114735, 0.39269869438458616, 0.43034920634920637, 0.44448777951118046, 0.4180543382997371, 0.3837658752070679, 0.43698665297741274, 0.36759624876604147, 0.44812188074599424, 0.433354797166774]
Preds: [17, 17, 17, 309, 309, 309, 473, 398, 324, 324, 434, 301, 339, 354, 354, 354, 354, 354, 420, 213, 213, 213, 324, 19, 19, 414, 414, 414, 414, 392, 392, 392, 392, 63, 63, 392, 201, 201, 201, 201, 201, 201, 201, 28, 392, 244, 244, 28, 63, 392, 63, 63, 63, 63, 63, 63, 63, 63, 63, 63, 63, 63, 63, 63, 63, 63, 63, 63, 63, 63, 63, 63, 63, 63, 63, 63, 63, 63, 63, 63, 244, 7, 287, 287, 287, 287, 287, 284, 284, 284, 284, 111, 85, 240, 240, 240, 240, 240, 239, 32, 324, 197, 414, 414, 414, 414, 80, 392, 392, 244, 320, 73, 321, 73, 73, 73, 73, 320, 320, 309, 331, 331, 450, 450, 240, 431, 315, 169, 330, 35, 401, 7, 398, 331, 473, 65, 403, 360, 171, 171, 171, 171, 171, 246, 3, 454, 3, 3, 197, 244, 320, 188, 188, 188, 339, 250, 399, 70, 70, 70, 138, 65, 426, 319, 319, 240, 251, 241, 431, 431, 443, 486, 486, 264, 264, 468, 468, 443, 443, 240, 240, 271, 342, 342, 35, 342, 68, 68, 224, 324, 324, 494, 213, 464, 324, 324, 324, 464, 464, 464, 464, 315, 450, 271, 143, 458, 68, 68, 172, 68, 68, 68, 25, 25, 25, 106, 486, 284, 284, 450, 467, 467, 85, 342, 263, 263, 170, 48, 414, 170, 47, 170, 392, 392, 392, 392, 392, 392, 392, 392, 392, 392, 73, 7, 320, 320, 345, 345, 345, 132, 122, 239, 32, 32, 239, 354, 75, 371, 180, 180, 319, 319, 319, 319, 240, 94, 324, 212, 324, 374, 132, 132, 132, 132, 132, 132, 324, 324, 213, 324, 324, 324, 246, 246, 246, 246, 246, 246, 3, 3, 14, 14, 284, 450, 287, 284, 284, 85, 450, 85, 85, 342, 414, 414, 48, 303, 406, 406, 132, 467, 467, 467, 337, 19, 324, 324, 324, 301, 301, 354, 32, 32, 354, 354, 354, 354, 284, 284, 85, 376, 460, 263, 264, 171, 171, 171, 264, 264, 264, 264, 264, 264, 264, 264, 264, 264, 264, 264, 264, 264, 264, 264, 264, 264, 264, 264, 264, 264, 264, 264, 264, 264, 264, 264, 264, 264, 264, 264, 264, 264, 264, 264, 264, 264, 264, 264, 264, 264, 264, 264, 264, 264, 264, 264, 264, 264, 264, 264, 264, 264, 264, 264, 264, 264, 264, 264, 264, 264, 264, 264, 264, 264, 264, 264, 264, 264, 264, 264, 264, 264, 264, 264, 264, 264, 264, 264, 264, 264, 264, 264, 264, 264, 264, 264, 264, 264, 264, 264, 264, 264, 264, 264, 264, 264, 264, 264, 264, 264, 264, 264, 264, 264, 264, 264, 264, 264, 264, 264, 264, 264, 264, 264, 264, 264, 264, 264, 264, 264, 264, 264, 264, 264, 264, 264, 264, 264, 264, 264, 264, 264, 264, 264, 264, 264, 264, 264, 264, 264, 264, 264, 264, 264, 264, 264, 264, 264, 264, 264, 264, 264, 264, 264, 264, 264, 264, 264, 264, 264, 264, 264, 264, 264, 264, 264, 264, 264, 264, 264, 264, 264, 264, 264, 264, 264, 264, 264, 264, 264, 264, 264, 264, 264, 264, 264, 264, 264, 264, 264, 264, 264, 264, 264, 264, 264, 264, 264, 264, 264, 264, 264, 264, 264, 264, 264, 264, 264, 264, 264, 264, 264, 264, 264, 264, 264, 264, 264, 264, 264, 264, 264, 264, 264, 264, 264, 264, 264, 264, 264, 264, 264, 264, 264, 264, 264, 264, 264, 264, 264, 264, 264, 264, 264, 264, 264, 264, 264, 264, 264, 264, 264, 264, 264, 264, 264, 264, 264, 264, 264, 264, 264]

ep67
Train step Loss: [3.787566900253296, 3.6947646141052246, 4.068606853485107, 3.430105447769165, 4.032399654388428, 3.601120948791504, 4.059322357177734, 3.5984199047088623, 3.466175079345703, 3.5807509422302246, 3.8445823192596436, 4.090335369110107, 4.030612945556641, 3.93351149559021, 3.9034481048583984, 3.640167474746704, 3.5682642459869385, 3.4484305381774902, 4.1713080406188965, 3.801522970199585, 3.950173854827881, 4.132931232452393, 3.576141357421875, 3.6286439895629883, 3.479417085647583, 4.016656398773193, 3.719172954559326, 3.622222423553467, 3.6862761974334717, 3.768728494644165, 4.132923603057861, 3.757676601409912, 3.6717898845672607, 3.7888052463531494, 3.7083358764648438, 4.0592827796936035, 3.4606595039367676, 3.7490696907043457, 3.721156120300293, 3.9719505310058594, 3.9332709312438965, 3.7821366786956787, 3.8607001304626465, 3.8208413124084473, 3.7452752590179443, 3.570509672164917, 3.690711498260498, 3.744223117828369, 3.7734103202819824, 3.176619529724121, 3.9164493083953857, 3.5676186084747314, 4.015518665313721, 3.7460968494415283, 3.6042675971984863, 3.9582483768463135, 3.316941499710083, 3.9293932914733887, 3.5459914207458496, 4.038814067840576, 3.387669801712036, 3.682081937789917, 4.075804710388184]
val step Loss: [3.2142741680145264, 3.392699956893921, 3.609846353530884, 3.3285255432128906, 3.4068570137023926, 3.6021878719329834, 3.2528176307678223, 3.3588931560516357, 3.50433611869812, 3.3198952674865723, 3.475552797317505, 3.1424520015716553, 3.5620334148406982, 2.8527591228485107, 3.484818458557129, 3.1313893795013428]
Train step Accs: [0.26028339524006056, 0.2839836596703761, 0.22028911347064092, 0.3115051661547054, 0.2332966730822106, 0.3081475364712359, 0.24439389015274618, 0.28316442293147787, 0.30079079798705965, 0.30817949063468536, 0.2977624784853701, 0.19692110327132778, 0.23609756097560974, 0.24788814448004662, 0.25996090813411515, 0.26570659914543443, 0.3192313208088341, 0.3547761194029851, 0.20756457564575645, 0.27155107567323605, 0.27417732432820807, 0.219448438112665, 0.30481352432571945, 0.28490291903315285, 0.3606979405034325, 0.23041207196749855, 0.3042153377348908, 0.3190948044991966, 0.27797444974603663, 0.2800552104899931, 0.23756140571860435, 0.31060399016124624, 0.3221586263286999, 0.26148138672124854, 0.26621160409556316, 0.2188679245283019, 0.33269754768392373, 0.2928113879003559, 0.2816722972972973, 0.2646529028682278, 0.2407829467757072, 0.29942875277689623, 0.24762737262737264, 0.25033328395793214, 0.29660341253388617, 0.2915028726942849, 0.28085841855105864, 0.26754768732078293, 0.24723350609329037, 0.37353508381545764, 0.23366906474820143, 0.3198874296435272, 0.2302496683150404, 0.2878502155172414, 0.3141955835962145, 0.2402530338239091, 0.35589910496338484, 0.25824468085106383, 0.3310527134193749, 0.24480604387621677, 0.3468950749464668, 0.2694409415720891, 0.23491179201485607]
val step Accs: [0.3908394740644415, 0.3638755980861244, 0.3248668578451454, 0.35620831195484864, 0.3611471580586556, 0.32225519287833826, 0.36956846349111544, 0.37755102040816324, 0.3132081328573646, 0.40545650999459754, 0.3559633027522936, 0.4234649754972615, 0.31980814104226085, 0.4835236541598695, 0.3400562278450067, 0.4260734838424081]
Preds: [17, 17, 296, 217, 65, 331, 360, 360, 360, 360, 143, 143, 458, 458, 458, 143, 171, 171, 171, 171, 330, 330, 330, 330, 330, 434, 434, 434, 339, 219, 219, 219, 19, 19, 19, 19, 19, 19, 414, 414, 392, 249, 408, 73, 73, 73, 392, 47, 392, 392, 392, 392, 392, 63, 63, 63, 63, 63, 63, 63, 63, 63, 73, 244, 7, 320, 321, 7, 7, 309, 479, 331, 360, 324, 339, 143, 143, 401, 401, 196, 398, 70, 65, 68, 315, 450, 450, 85, 438, 34, 241, 324, 324, 374, 374, 132, 301, 239, 354, 241, 241, 241, 431, 431, 331, 106, 106, 153, 153, 153, 182, 182, 182, 182, 182, 497, 122, 129, 129, 259, 208, 345, 100, 100, 122, 122, 239, 422, 213, 213, 224, 374, 324, 395, 395, 395, 129, 401, 75, 213, 395, 374, 273, 106, 106, 206, 206, 206, 35, 35, 319, 401, 401, 321, 7, 7, 345, 109, 109, 109, 403, 403, 403, 403, 207, 207, 207, 207, 207, 207, 414, 454, 454, 414, 392, 392, 392, 392, 392, 392, 392, 392, 392, 392, 63, 63, 63, 63, 63, 63, 63, 392, 392, 244, 320, 7, 287, 287, 287, 287, 284, 284, 284, 450, 450, 319, 240, 293, 293, 153, 153, 153, 387, 387, 387, 109, 146, 207, 207, 207, 207, 246, 246, 19, 19, 422, 338, 338, 338, 338, 338, 338, 338, 338, 400, 400, 400, 324, 286, 464, 464, 464, 464, 450, 68, 338, 338, 338, 338, 338, 338, 338, 400, 400, 400, 464, 286, 464, 313, 94, 10, 10, 10, 479, 331, 331, 331, 106, 106, 284, 284, 284, 426, 426, 98, 98, 98, 98, 48, 303, 76, 303, 48, 32, 239, 232, 310, 107, 107, 395, 395, 180, 264, 264, 264, 468, 139, 139, 139, 293, 293, 98, 98, 98, 98, 98, 392, 392, 75, 437, 208, 287, 100, 481, 98, 98, 98, 98, 98, 170, 170, 170, 170, 63, 63, 63, 63, 63, 63, 63, 63, 63, 63, 63, 63, 63, 63, 63, 63, 63, 63, 63, 63, 63, 63, 63, 63, 63, 63, 63, 63, 73, 244, 7, 66, 321, 287, 287, 287, 284, 284, 284, 111, 111, 240, 240, 251, 348, 348, 251, 241, 84, 324, 398, 331, 114, 324, 324, 324, 324, 324, 246, 246, 246, 246, 246, 246, 246, 246, 422, 186, 338, 338, 338, 338, 338, 338, 400, 400, 219, 301, 374, 374, 374, 374, 374, 132, 88, 88, 497, 497, 387, 497, 497, 122, 129, 129, 401, 401, 401, 75, 354, 213, 213, 213, 213, 324, 422, 143, 401, 208, 401, 401, 106, 25, 213, 324, 324, 34, 19, 19, 324, 324, 19, 19, 32, 32, 32, 354, 75, 213, 278, 278, 180, 443, 171, 171, 239, 143, 458, 143, 171, 171, 464, 464, 443, 443, 240, 240, 239, 239, 401, 401, 75, 354, 213, 213, 213, 213, 246, 246, 303, 14, 303, 48, 48, 48, 170, 47, 170, 392, 392, 392, 392, 392, 392, 392, 392, 66, 320, 320, 320, 114, 213, 213, 213, 213, 246, 246, 246, 246, 414, 454, 414, 197, 197, 197, 32, 32, 32, 32, 208, 107, 107, 395, 395, 395, 264, 264, 443, 120, 120, 240, 240, 180, 114, 239, 401, 32, 32, 196, 217, 473, 473, 403, 324, 324, 324, 422, 310, 239, 107, 107, 107, 107, 107, 395, 400, 213, 19, 19, 454, 17, 17, 473, 171, 171, 171, 171, 264, 264, 264, 264, 264, 264, 264, 264, 264, 264, 264, 264, 264, 264, 264, 264, 264, 264, 264, 264, 264, 264, 264, 264, 264, 264, 264, 264, 264, 264, 264]

ep68
Train step Loss: [3.8956475257873535, 3.706638813018799, 4.016994476318359, 3.766077756881714, 3.314192771911621, 3.90873122215271, 3.5295324325561523, 4.209085941314697, 3.8702406883239746, 4.184994220733643, 3.7434377670288086, 3.684749126434326, 3.828355550765991, 3.838686943054199, 3.6946024894714355, 3.8287265300750732, 3.60345196723938, 3.784367799758911, 4.086151123046875, 3.548445463180542, 3.824882745742798, 3.9092135429382324, 3.9183802604675293, 3.522556781768799, 3.95975399017334, 3.824490547180176, 3.9160964488983154, 3.669750452041626, 3.944521188735962, 3.664501190185547, 3.74647855758667, 3.8627452850341797, 3.794130325317383, 3.5864388942718506, 4.0327558517456055, 3.7907874584198, 3.8644509315490723, 4.217955589294434, 4.185812950134277, 3.715777635574341, 3.859801769256592, 3.9040791988372803, 3.6751136779785156, 3.7004168033599854, 3.5623838901519775, 3.823131561279297, 3.813446521759033, 3.8095016479492188, 3.5171821117401123, 3.8324737548828125, 3.7158000469207764, 3.706357002258301, 4.093555450439453, 3.7641642093658447, 3.970935106277466, 3.4101850986480713, 4.379938125610352, 4.069108009338379, 3.819230318069458, 3.6835923194885254, 3.745748996734619, 3.702509880065918, 3.638848066329956]
val step Loss: [3.467339277267456, 3.2040224075317383, 3.900174856185913, 3.4271578788757324, 3.2006516456604004, 3.3951921463012695, 3.208815097808838, 3.6035521030426025, 3.4291343688964844, 3.3321940898895264, 3.2692947387695312, 3.577122211456299, 3.2529284954071045, 3.5307185649871826, 3.5500669479370117, 3.0541515350341797]
Train step Accs: [0.2694800899589893, 0.26125317780768653, 0.22985553772070627, 0.28393991912189487, 0.3572207084468665, 0.28144555694618273, 0.2797167425392008, 0.1980239943542696, 0.22618683001531392, 0.20211920529801325, 0.288483863478059, 0.3044674439931875, 0.24555068351818415, 0.2942611375016048, 0.2653760238272524, 0.27124359320205016, 0.3078734858681023, 0.25241258303045494, 0.20455778621812262, 0.33744736459997093, 0.2542593315125504, 0.2293638275499474, 0.23410852713178296, 0.3123493548844463, 0.24996291351431538, 0.29655768399827165, 0.21243589743589744, 0.30080383584825837, 0.23468413153226908, 0.2892817059483726, 0.2735639008460739, 0.2659368070953437, 0.2624720774385704, 0.32300542215336947, 0.2294982567833864, 0.26664736537348005, 0.25584776001057224, 0.18401142041399002, 0.2014852178786605, 0.28219540419904116, 0.27340378032445306, 0.27569392348087024, 0.2925236242356865, 0.3250965250965251, 0.31849012090828666, 0.2651699029126214, 0.24746666666666667, 0.27724775946805436, 0.3111584716090729, 0.2705566333383077, 0.32852713178294574, 0.3105817012569424, 0.22213170400543109, 0.3094812164579606, 0.25921942224953903, 0.32543811610076673, 0.2128157156220767, 0.23163693599160545, 0.26537452637714953, 0.3175891046073602, 0.2894092022869589, 0.2827096025529446, 0.30525238744884037]
val step Accs: [0.34041642897889335, 0.43554410817772055, 0.26499112143149844, 0.3458614864864865, 0.386238194529621, 0.370517382972899, 0.38632162661737524, 0.3404151404151404, 0.3723170060539351, 0.3749479238994584, 0.3990831696136215, 0.3199152542372881, 0.38990426457789384, 0.3609525135774962, 0.29673308933170667, 0.4033242162844519]
Preds: [17, 17, 30, 324, 422, 143, 180, 180, 180, 14, 287, 287, 145, 111, 111, 111, 330, 438, 438, 14, 14, 14, 14, 411, 287, 145, 145, 486, 486, 146, 146, 146, 299, 207, 207, 414, 414, 454, 414, 414, 392, 392, 392, 392, 392, 187, 392, 392, 392, 392, 392, 392, 392, 408, 408, 73, 73, 320, 320, 321, 321, 320, 287, 287, 287, 287, 284, 284, 284, 284, 284, 284, 426, 426, 426, 450, 293, 293, 293, 122, 106, 349, 349, 25, 25, 25, 25, 25, 25, 106, 106, 346, 426, 413, 85, 85, 85, 299, 94, 94, 94, 10, 398, 398, 398, 398, 464, 464, 464, 139, 315, 315, 450, 450, 450, 450, 450, 450, 450, 413, 413, 250, 250, 43, 276, 346, 346, 284, 284, 284, 284, 426, 426, 426, 426, 426, 426, 413, 413, 413, 43, 43, 276, 276, 346, 346, 426, 428, 428, 146, 240, 240, 240, 240, 34, 34, 406, 337, 324, 324, 324, 422, 422, 68, 232, 232, 232, 115, 115, 115, 267, 267, 246, 246, 324, 3, 3, 3, 464, 464, 464, 464, 120, 120, 271, 271, 68, 115, 232, 232, 232, 232, 115, 267, 115, 273, 273, 273, 273, 450, 84, 84, 84, 355, 355, 355, 263, 263, 170, 170, 392, 414, 414, 392, 63, 63, 63, 28, 28, 392, 2, 2, 2, 2, 2, 2, 2, 63, 63, 63, 63, 63, 63, 63, 63, 63, 244, 321, 73, 249, 249, 249, 320, 7, 7, 345, 153, 497, 497, 497, 122, 122, 109, 169, 169, 486, 486, 486, 443, 443, 486, 460, 240, 240, 240, 240, 34, 324, 324, 84, 43, 43, 88, 88, 88, 467, 467, 467, 467, 84, 264, 403, 213, 213, 213, 246, 246, 246, 246, 246, 246, 246, 19, 19, 414, 454, 414, 414, 414, 414, 392, 392, 63, 63, 28, 40, 40, 40, 40, 2, 40, 40, 63, 63, 63, 63, 63, 63, 63, 63, 63, 244, 63, 63, 63, 63, 63, 63, 63, 63, 63, 63, 244, 73, 73, 321, 73, 73, 320, 7, 7, 7, 213, 330, 371, 324, 374, 374, 43, 100, 43, 43, 43, 276, 276, 346, 346, 346, 284, 284, 284, 284, 284, 206, 206, 206, 206, 206, 206, 206, 35, 35, 35, 35, 35, 259, 259, 213, 437, 437, 437, 284, 284, 284, 284, 284, 284, 426, 426, 426, 426, 426, 426, 426, 206, 282, 282, 388, 94, 348, 398, 331, 467, 337, 337, 264, 207, 207, 464, 464, 468, 468, 467, 467, 467, 467, 331, 331, 497, 349, 349, 349, 25, 25, 293, 293, 43, 441, 346, 346, 153, 153, 182, 182, 182, 182, 182, 182, 182, 182, 182, 497, 497, 497, 43, 43, 276, 70, 70, 65, 426, 426, 426, 428, 146, 146, 146, 146, 219, 219, 464, 464, 286, 374, 374, 374, 132, 337, 324, 324, 464, 464, 355, 355, 355, 355, 263, 263, 170, 264, 171, 171, 264, 264, 264, 264, 264, 264, 264, 264, 264, 264, 264, 264, 264, 264, 264, 264, 264, 264, 264, 264, 264, 264, 264, 264, 264, 264, 264, 264, 264, 264, 264, 264, 264, 264, 264, 264, 264, 264, 264, 264, 264, 264, 264, 264, 264, 264, 264, 264, 264, 264, 264, 264, 264, 264, 264, 264, 264, 264, 264, 264, 264, 264, 264, 264, 264, 264, 264, 264, 264, 264, 264, 264, 264, 264, 264, 264, 264, 264, 264, 264, 264, 264, 264, 264, 264, 264, 264, 264, 264, 264, 264, 264, 264, 264, 264, 264, 264, 264, 264, 264, 264, 264, 264, 264, 264, 264, 264, 264, 264, 264, 264, 264, 264, 264, 264, 264, 264, 264]

ep69
Train step Loss: [3.5594663619995117, 3.754586696624756, 3.6083133220672607, 3.5486292839050293, 3.980419635772705, 3.5640649795532227, 4.058565139770508, 4.077062129974365, 3.8266072273254395, 4.022037029266357, 3.694721221923828, 3.625593423843384, 3.6169657707214355, 3.8636138439178467, 4.137997627258301, 3.440807819366455, 3.9916534423828125, 3.9131906032562256, 3.909893035888672, 4.0068793296813965, 3.4076662063598633, 3.76519513130188, 3.79787540435791, 3.752333402633667, 3.908782482147217, 3.8344240188598633, 3.6590468883514404, 4.0842790603637695, 3.81689453125, 4.110920429229736, 4.051358699798584, 4.236896991729736, 3.631025791168213, 3.6254379749298096, 3.6693477630615234, 3.776846170425415, 3.7532684803009033, 3.690446138381958, 3.849777936935425, 3.4681742191314697, 3.3786609172821045, 3.6841838359832764, 3.326920509338379, 3.5440642833709717, 3.948608875274658, 3.9406163692474365, 3.917302131652832, 3.72698712348938, 3.4787871837615967, 3.607236862182617, 3.6852519512176514, 3.8395848274230957, 3.878194570541382, 3.75597882270813, 3.614243507385254, 3.9450714588165283, 3.9921727180480957, 3.770528554916382, 3.53503155708313, 4.017481803894043, 3.7633302211761475, 3.9329187870025635, 3.766597032546997]
val step Loss: [3.1581029891967773, 3.5394046306610107, 3.3565008640289307, 3.7472023963928223, 3.4236385822296143, 2.9237754344940186, 3.4942755699157715, 2.9498419761657715, 3.5336380004882812, 3.4473044872283936, 3.5236334800720215, 2.8566789627075195, 3.41616153717041, 3.4747331142425537, 3.4618332386016846, 3.2894461154937744]
Train step Accs: [0.30010756543564, 0.278686327077748, 0.2929936305732484, 0.309513621452004, 0.2579679979185638, 0.3310897435897436, 0.2616328617692177, 0.2028851244044468, 0.2904839145715058, 0.22056407447973714, 0.27152423469387754, 0.3110702077307389, 0.31353084911423335, 0.26753027316248945, 0.21573640107939213, 0.32768448621167773, 0.2388896129284504, 0.2730652247380872, 0.25643278523911134, 0.24788814448004662, 0.3174093879976233, 0.27350199733688413, 0.25367965367965367, 0.26083815028901736, 0.23303582345029955, 0.25280898876404495, 0.30438709677419357, 0.24557403433476394, 0.250448957038265, 0.22984469952734637, 0.22387260805566706, 0.20839251129761135, 0.32013292716698977, 0.2964939024390244, 0.3070957735556417, 0.29717868338557996, 0.271007013365092, 0.28691041027072284, 0.2802056555269923, 0.31965707287201467, 0.33350142881156497, 0.30209452201933407, 0.37947582133628643, 0.3294930875576037, 0.2763434404082858, 0.2430785534507882, 0.21993174061433446, 0.26355263157894737, 0.31451378809869374, 0.2830130668716372, 0.3008777852802161, 0.2788135593220339, 0.2739136284138302, 0.291529310591945, 0.31291593100638326, 0.22281205164992826, 0.2198268822472644, 0.2626610728198981, 0.3238973008558262, 0.21483657730444364, 0.25628704148646486, 0.23574203574203575, 0.2683297839975662]
val step Accs: [0.4368215371254885, 0.31942820012995454, 0.37250142775556827, 0.2989150766928545, 0.3525115325474116, 0.4647774361716348, 0.3359173126614987, 0.4763095551460911, 0.3169558244642076, 0.36372453928225024, 0.3096090308370044, 0.4866187490441964, 0.3615895836158958, 0.32845966397332305, 0.31725792197954805, 0.3525314760246451]
Preds: [17, 17, 287, 287, 284, 284, 319, 450, 450, 450, 169, 169, 76, 76, 349, 25, 25, 25, 25, 25, 25, 25, 25, 106, 25, 106, 284, 428, 428, 330, 388, 94, 10, 10, 398, 479, 331, 398, 398, 324, 324, 422, 54, 232, 232, 232, 232, 115, 273, 115, 273, 267, 267, 246, 324, 324, 3, 3, 14, 14, 411, 188, 188, 171, 443, 443, 271, 114, 143, 68, 54, 232, 232, 267, 68, 25, 336, 336, 336, 145, 145, 145, 486, 486, 460, 468, 406, 406, 406, 467, 132, 32, 32, 32, 32, 239, 82, 107, 107, 107, 107, 395, 395, 286, 286, 264, 264, 264, 120, 120, 120, 120, 120, 207, 180, 180, 143, 392, 392, 170, 170, 170, 187, 187, 392, 63, 47, 63, 63, 187, 187, 187, 244, 2, 2, 2, 2, 244, 392, 73, 73, 392, 244, 73, 73, 73, 244, 287, 287, 43, 293, 293, 43, 43, 8, 129, 144, 208, 27, 346, 481, 426, 426, 319, 348, 348, 348, 199, 199, 250, 250, 98, 197, 129, 401, 7, 7, 217, 473, 264, 264, 313, 313, 406, 324, 324, 324, 324, 324, 339, 398, 398, 398, 331, 398, 339, 94, 10, 398, 398, 331, 331, 331, 138, 138, 138, 138, 138, 182, 497, 497, 43, 8, 32, 239, 208, 208, 27, 441, 346, 426, 426, 319, 348, 348, 398, 250, 250, 303, 98, 98, 98, 98, 170, 414, 414, 392, 392, 63, 63, 63, 28, 2, 2, 73, 2, 2, 2, 2, 2, 73, 244, 73, 73, 73, 73, 287, 320, 7, 70, 473, 106, 284, 206, 206, 206, 240, 77, 35, 35, 82, 68, 342, 224, 323, 25, 196, 106, 153, 153, 153, 153, 387, 169, 349, 349, 25, 25, 25, 25, 25, 25, 25, 100, 100, 98, 98, 497, 497, 98, 98, 98, 197, 244, 244, 244, 244, 244, 442, 287, 287, 287, 284, 284, 284, 413, 85, 85, 85, 85, 85, 85, 85, 85, 282, 282, 282, 388, 94, 94, 94, 195, 195, 195, 250, 250, 250, 250, 250, 109, 109, 109, 403, 403, 403, 207, 207, 207, 252, 239, 32, 32, 239, 75, 84, 486, 106, 153, 153, 387, 349, 349, 349, 349, 25, 25, 25, 25, 387, 387, 346, 346, 153, 182, 182, 182, 182, 406, 132, 345, 345, 406, 43, 132, 132, 98, 98, 98, 98, 170, 170, 170, 170, 170, 392, 63, 63, 187, 187, 187, 187, 187, 73, 73, 392, 392, 73, 73, 73, 287, 310, 310, 323, 323, 323, 323, 273, 106, 106, 153, 153, 153, 182, 182, 182, 182, 182, 182, 182, 182, 182, 182, 182, 345, 122, 122, 239, 129, 129, 82, 75, 107, 107, 323, 323, 273, 106, 106, 106, 100, 98, 98, 98, 98, 98, 17, 264, 171, 264, 264, 264, 264, 264, 264, 264, 264, 264, 264, 264, 264, 264, 264, 264, 264, 264, 264, 264, 264, 264, 264, 264, 264, 264, 264, 264, 264, 264, 264, 264, 264, 264, 264, 264, 264, 264, 264, 264, 264, 264, 264, 264, 264, 264, 264, 264, 264, 264, 264, 264, 264, 264, 264, 264, 264, 264, 264, 264, 264, 264, 264, 264, 264, 264, 264, 264, 264, 264, 264, 264, 264, 264, 264, 264, 264, 264, 264, 264, 264, 264, 264, 264, 264, 264, 264, 264, 264, 264, 264, 264, 264, 264, 264, 264, 264, 264, 264, 264, 264, 264, 264, 264, 264, 264, 264, 264, 264, 264, 264, 264, 264, 264, 264, 264, 264, 264, 264, 264, 264, 264, 264, 264, 264, 264, 264, 264, 264, 264, 264, 264, 264, 264, 264, 264, 264, 264, 264, 264, 264, 264, 264]

