ep70
Train step Loss: [3.6635639667510986, 3.9799656867980957, 3.889904737472534, 3.907599449157715, 3.7847962379455566, 3.495537519454956, 4.0367913246154785, 3.3696134090423584, 4.34326171875, 3.9502058029174805, 3.704972743988037, 3.710327386856079, 3.6389434337615967, 3.853409767150879, 3.799584150314331, 3.355625867843628, 3.6819345951080322, 3.804440975189209, 3.843221664428711, 3.75437331199646, 3.98525071144104, 4.213107109069824, 3.212236166000366, 3.9900238513946533, 3.661065101623535, 3.7388525009155273, 3.5746095180511475, 4.0979790687561035, 3.6018805503845215, 3.8226442337036133, 3.7567837238311768, 4.077772617340088, 3.6709063053131104, 3.572808027267456, 3.6754846572875977, 3.61037540435791, 3.476836681365967, 3.570291042327881, 3.689293146133423, 3.9569528102874756, 3.835954427719116, 3.461061716079712, 3.678893804550171, 3.80243182182312, 3.958588123321533, 3.5124597549438477, 3.6809608936309814, 3.9422683715820312, 3.364497423171997, 4.079377174377441, 3.6820456981658936, 3.8829634189605713, 4.017879962921143, 3.535724639892578, 3.7426483631134033, 3.991943120956421, 3.6063666343688965, 3.7314884662628174, 3.8963096141815186, 4.155153274536133, 3.6609628200531006, 4.032259464263916, 3.688912868499756]
val step Loss: [3.1657001972198486, 3.579725503921509, 3.296898365020752, 3.370400905609131, 3.469040870666504, 3.221737861633301, 3.3328981399536133, 3.090637683868408, 3.30842661857605, 3.289874792098999, 3.2242958545684814, 3.648022174835205, 3.664731502532959, 3.796741247177124, 3.7027339935302734, 3.112321138381958]
Train step Accs: [0.28439474963539135, 0.23363371322554996, 0.22895835970130363, 0.22478299910206526, 0.2701703632272581, 0.33860759493670883, 0.25626423690205014, 0.32842192233544476, 0.19976254081329772, 0.2513041210224309, 0.29213813372520203, 0.2795439302481556, 0.29050120687207154, 0.2742041137167562, 0.2533292514924231, 0.35686827268067656, 0.27650256720024163, 0.28320184089414857, 0.2951683371883834, 0.27579334661965355, 0.2518897546226305, 0.18149284253578732, 0.38284862043251305, 0.23119102269829125, 0.29821200510855683, 0.27398843930635836, 0.3148915024018552, 0.24234152259629968, 0.3142939150401837, 0.2926604092937375, 0.2712605548854041, 0.23295136948015652, 0.30583446404341924, 0.3033881625193308, 0.2565974891109403, 0.2969770621297281, 0.3131587352283616, 0.3060565275908479, 0.29248313523931896, 0.2504819813139552, 0.2551602986385595, 0.33560013600816047, 0.2835820895522388, 0.25287979401002847, 0.24393248737218184, 0.29768203577727387, 0.29309846953508517, 0.2401526717557252, 0.35301168714414144, 0.24036568213783405, 0.2872190109184329, 0.22284908321579688, 0.2277518345563709, 0.3295884877556173, 0.3151862464183381, 0.229981718464351, 0.3012295081967213, 0.2784640571513618, 0.2452081956378057, 0.2501694915254237, 0.2985129205265724, 0.21810911905069005, 0.29633535460058]
val step Accs: [0.44001615726403664, 0.30893096764574324, 0.39478929384965833, 0.3406055797963771, 0.3550668724279835, 0.39193194999355585, 0.36373433921595044, 0.41629249518922384, 0.3861412679265514, 0.3916049382716049, 0.3940351841671248, 0.3399345080305629, 0.28528399311531843, 0.28553104155977427, 0.3340816612880595, 0.4435500953187884]
Preds: [17, 17, 17, 7, 241, 241, 331, 443, 443, 330, 330, 330, 330, 360, 76, 434, 434, 324, 324, 324, 324, 324, 301, 301, 303, 303, 303, 309, 331, 331, 331, 331, 106, 284, 284, 284, 284, 426, 426, 426, 98, 98, 98, 98, 13, 170, 170, 47, 47, 170, 170, 63, 63, 63, 63, 63, 63, 63, 63, 63, 63, 63, 63, 63, 63, 63, 63, 63, 73, 244, 289, 7, 20, 320, 7, 486, 486, 486, 460, 460, 169, 150, 35, 342, 342, 224, 494, 494, 213, 54, 338, 338, 338, 338, 338, 338, 400, 400, 400, 213, 213, 324, 246, 246, 246, 246, 422, 338, 338, 338, 338, 338, 400, 400, 400, 464, 374, 374, 374, 132, 132, 345, 132, 132, 497, 122, 32, 259, 401, 401, 401, 82, 259, 354, 284, 213, 464, 324, 324, 301, 301, 239, 196, 398, 217, 473, 398, 398, 324, 324, 252, 252, 143, 422, 422, 310, 107, 107, 107, 395, 19, 19, 19, 19, 454, 454, 414, 201, 201, 201, 201, 201, 201, 201, 201, 170, 47, 47, 63, 63, 63, 392, 392, 392, 392, 392, 392, 392, 392, 73, 73, 320, 321, 287, 287, 287, 111, 486, 460, 460, 169, 35, 35, 35, 401, 320, 398, 473, 473, 213, 324, 324, 324, 143, 143, 401, 401, 401, 82, 445, 445, 445, 445, 464, 286, 374, 374, 132, 132, 132, 32, 398, 398, 212, 473, 398, 324, 301, 301, 259, 401, 259, 196, 398, 70, 65, 315, 315, 450, 85, 146, 146, 146, 324, 324, 422, 338, 338, 338, 338, 338, 400, 400, 400, 464, 374, 374, 374, 132, 88, 182, 182, 182, 182, 497, 497, 43, 122, 122, 197, 259, 188, 188, 324, 301, 301, 354, 217, 70, 70, 276, 138, 426, 319, 319, 348, 199, 251, 251, 431, 431, 486, 486, 486, 146, 264, 468, 468, 468, 467, 467, 319, 486, 460, 167, 167, 169, 150, 342, 68, 267, 68, 68, 68, 68, 115, 267, 444, 444, 213, 213, 246, 246, 3, 14, 188, 188, 188, 171, 171, 171, 143, 355, 392, 224, 342, 160, 68, 68, 68, 25, 336, 321, 284, 287, 287, 284, 284, 284, 450, 467, 263, 452, 452, 48, 170, 170, 170, 170, 17, 83, 171, 171, 171, 264, 264, 264, 264, 264, 264, 264, 264, 264, 264, 264, 264, 264, 264, 264, 264, 264, 264, 264, 264, 264, 264, 264, 264, 264, 264, 264, 264, 264, 264, 264, 264, 264, 264, 264, 264, 264, 264, 264, 264, 264, 264, 264, 264, 264, 264, 264, 264, 264, 264, 264, 264, 264, 264, 264, 264, 264, 264, 264, 264, 264, 264, 264, 264, 264, 264, 264, 264, 264, 264, 264, 264, 264, 264, 264, 264, 264, 264, 264, 264, 264, 264, 264, 264, 264, 264, 264, 264, 264, 264, 264, 264, 264, 264, 264, 264, 264, 264, 264, 264, 264, 264, 264, 264, 264, 264, 264, 264, 264, 264, 264, 264, 264, 264, 264, 264, 264, 264, 264, 264, 264, 264, 264, 264, 264, 264, 264, 264, 264, 264, 264, 264, 264, 264, 264, 264, 264, 264, 264, 264, 264, 264, 264, 264, 264, 264, 264, 264, 264, 264, 264, 264, 264, 264, 264, 264, 264, 264, 264, 264, 264, 264, 264, 264, 264, 264, 264, 264, 264, 264, 264, 264, 264, 264, 264, 264, 264, 264, 264, 264, 264, 264, 264, 264, 264, 264, 264, 264, 264, 264, 264, 264, 264, 264, 264, 264, 264, 264, 264, 264, 264, 264, 264, 264, 264, 264, 264, 264, 264, 264, 264, 264, 264, 264, 264, 264, 264, 264, 264, 264, 264, 264, 264, 264, 264, 264]

ep71
Train step Loss: [3.9909117221832275, 3.797305107116699, 3.725773811340332, 4.110543727874756, 3.9214980602264404, 3.80460524559021, 3.8017578125, 3.9138360023498535, 3.9474408626556396, 3.855374813079834, 3.8743703365325928, 3.865886688232422, 4.163182258605957, 3.5211403369903564, 3.743814468383789, 3.885849714279175, 3.8892033100128174, 3.873896598815918, 3.6924140453338623, 3.9981372356414795, 3.5930914878845215, 3.528042793273926, 3.571011543273926, 3.754196882247925, 3.848788022994995, 3.6931169033050537, 3.7930073738098145, 3.713233470916748, 3.97517991065979, 3.6848316192626953, 3.989652156829834, 3.5533158779144287, 4.267715930938721, 3.7175121307373047, 3.706148386001587, 4.392127990722656, 4.228789329528809, 4.184897422790527, 3.9328088760375977, 3.8127410411834717, 3.617309808731079, 3.8992841243743896, 3.780461549758911, 4.138189792633057, 3.3791680335998535, 3.710627794265747, 4.0750412940979, 3.513653039932251, 3.3611090183258057, 3.9406449794769287, 3.495945453643799, 3.5149638652801514, 3.4479262828826904, 3.7037556171417236, 3.7918148040771484, 3.7914605140686035, 3.9517033100128174, 3.6946909427642822, 3.439985752105713, 3.52895188331604, 4.216679573059082, 3.6648285388946533, 4.13361120223999]
val step Loss: [3.5289742946624756, 3.285381317138672, 3.606786012649536, 3.4218270778656006, 3.674838066101074, 3.327219247817993, 3.556586980819702, 3.223207473754883, 3.2154505252838135, 3.4992706775665283, 3.3109285831451416, 3.2302300930023193, 3.453382968902588, 3.29000186920166, 3.335265874862671, 2.8359899520874023]
Train step Accs: [0.25366656689613887, 0.30683810637054354, 0.2990307867730901, 0.23092035665709537, 0.2600986740672217, 0.2795275590551181, 0.2879621142682554, 0.2741863575568435, 0.22198159177043855, 0.22980481550078358, 0.25853385562395076, 0.22913301023155627, 0.19752614129048712, 0.32128993729471483, 0.3057122198120029, 0.2736520854526958, 0.26620751609522386, 0.2586335775153237, 0.2850432632880099, 0.2518258426966292, 0.27533692722371966, 0.28378378378378377, 0.3082267487762514, 0.24917986021965483, 0.2695714285714286, 0.2676697956929873, 0.256340129288911, 0.29770695685969684, 0.201894381730894, 0.29243937232524964, 0.2551375276636105, 0.3463203463203463, 0.19829537887867893, 0.2756637709531384, 0.2653756777691712, 0.18811052190901478, 0.19418979987088444, 0.2016321936119319, 0.23418104753254618, 0.27021778332639756, 0.30723122050758833, 0.3027049637479085, 0.29037875489769266, 0.20457079152731328, 0.3423763238067605, 0.31113126862770507, 0.2136279926335175, 0.33502289077828645, 0.36942287193543477, 0.23642030276046305, 0.3106750206880246, 0.33700288977569837, 0.3262266812980091, 0.27220473518543864, 0.27714818533926266, 0.26250171256336485, 0.24503509033895773, 0.26240071931664916, 0.3393063583815029, 0.31376456161863886, 0.20782460286201918, 0.28640591158109313, 0.1956268221574344]
val step Accs: [0.33442892358258014, 0.3724732844083945, 0.31659332125291223, 0.3528062601187264, 0.29148700258716276, 0.38902816693702996, 0.30939226519337015, 0.40443413997971306, 0.4219393485585923, 0.3525667635256676, 0.3950431843785205, 0.4109137782870238, 0.31717047721344177, 0.3787043931496649, 0.3477872720316286, 0.495349975526187]
Preds: [17, 17, 309, 479, 473, 398, 360, 339, 330, 17, 213, 259, 273, 213, 273, 278, 494, 324, 337, 406, 406, 467, 467, 337, 337, 301, 301, 250, 259, 259, 196, 350, 70, 473, 473, 252, 213, 324, 171, 246, 246, 246, 246, 246, 246, 19, 19, 19, 454, 392, 80, 414, 414, 80, 83, 287, 287, 284, 460, 215, 401, 35, 35, 35, 35, 35, 35, 259, 106, 441, 276, 153, 153, 153, 497, 153, 399, 70, 70, 70, 70, 70, 138, 138, 138, 387, 387, 146, 146, 207, 324, 324, 324, 464, 464, 3, 143, 143, 259, 401, 354, 354, 276, 276, 276, 345, 345, 109, 109, 213, 213, 324, 246, 246, 301, 301, 354, 354, 239, 259, 354, 106, 271, 180, 206, 240, 240, 169, 35, 35, 77, 68, 68, 54, 224, 224, 336, 494, 239, 374, 43, 153, 153, 182, 182, 497, 497, 43, 43, 43, 276, 276, 346, 346, 319, 428, 428, 330, 330, 94, 94, 398, 303, 303, 303, 303, 303, 76, 398, 324, 324, 464, 414, 358, 76, 401, 401, 82, 401, 310, 68, 323, 395, 395, 106, 106, 153, 153, 153, 182, 182, 182, 182, 182, 182, 182, 182, 182, 182, 98, 122, 122, 122, 170, 401, 82, 75, 107, 323, 323, 273, 106, 106, 497, 387, 387, 98, 98, 170, 170, 170, 414, 414, 392, 63, 63, 47, 2, 2, 2, 2, 63, 47, 47, 47, 47, 73, 408, 73, 320, 321, 320, 320, 320, 320, 240, 320, 188, 188, 310, 31, 68, 232, 232, 232, 232, 232, 115, 115, 267, 267, 444, 286, 374, 374, 374, 374, 406, 250, 43, 497, 497, 497, 122, 122, 129, 213, 267, 342, 342, 342, 115, 273, 273, 106, 284, 284, 284, 284, 284, 284, 284, 376, 376, 376, 376, 85, 85, 85, 207, 207, 207, 468, 468, 468, 467, 467, 467, 319, 284, 284, 460, 460, 240, 240, 240, 240, 355, 35, 35, 35, 35, 401, 75, 77, 68, 68, 68, 267, 267, 273, 267, 246, 246, 324, 301, 301, 143, 259, 401, 401, 401, 401, 401, 401, 196, 196, 473, 473, 213, 213, 213, 213, 213, 246, 246, 246, 246, 19, 19, 19, 414, 414, 414, 414, 414, 47, 414, 47, 47, 47, 80, 80, 320, 321, 321, 244, 441, 441, 441, 441, 153, 345, 387, 132, 338, 338, 338, 338, 338, 338, 338, 400, 400, 400, 324, 464, 324, 324, 246, 246, 246, 246, 246, 246, 246, 252, 338, 338, 338, 338, 338, 338, 338, 395, 395, 400, 400, 400, 213, 324, 324, 324, 19, 19, 19, 19, 414, 170, 264, 171, 171, 264, 264, 264, 264, 264, 264, 264, 264, 264, 264, 264, 264, 264, 264, 264, 264, 264, 264, 264, 264, 264, 264, 264, 264, 264, 264, 264, 264, 264, 264, 264, 264, 264, 264, 264, 264, 264, 264, 264, 264, 264, 264, 264, 264, 264, 264, 264, 264, 264, 264, 264, 264, 264, 264, 264, 264, 264, 264, 264, 264, 264, 264, 264, 264, 264, 264, 264, 264, 264, 264, 264, 264, 264, 264, 264, 264, 264, 264, 264, 264, 264, 264, 264, 264, 264, 264, 264, 264, 264, 264, 264, 264, 264, 264, 264, 264, 264, 264, 264, 264, 264, 264, 264, 264, 264, 264, 264, 264, 264, 264, 264, 264, 264, 264, 264, 264, 264, 264, 264, 264, 264, 264, 264, 264, 264, 264, 264, 264, 264, 264, 264, 264, 264, 264, 264, 264, 264, 264, 264, 264, 264, 264, 264, 264, 264, 264, 264, 264, 264, 264, 264, 264, 264, 264, 264, 264, 264, 264, 264, 264, 264, 264, 264, 264, 264, 264, 264, 264]

ep72
Train step Loss: [3.842003345489502, 3.63655686378479, 4.304717540740967, 4.002439022064209, 3.888476610183716, 3.7941834926605225, 4.238624095916748, 3.695204257965088, 4.009972095489502, 3.812544584274292, 3.8985331058502197, 3.7568652629852295, 3.7039148807525635, 3.996971607208252, 3.875462293624878, 3.8249125480651855, 4.039885997772217, 3.7563934326171875, 3.791499614715576, 3.92336106300354, 4.10223913192749, 4.020533084869385, 3.6006994247436523, 3.7772111892700195, 4.000177383422852, 3.7359046936035156, 3.8873660564422607, 3.6780824661254883, 3.394937753677368, 4.102909564971924, 3.536264181137085, 3.6308252811431885, 3.7209489345550537, 3.902090311050415, 3.662597894668579, 3.4256460666656494, 3.5590951442718506, 3.7714295387268066, 4.12357759475708, 3.837871551513672, 3.623305082321167, 3.4742918014526367, 3.8688087463378906, 3.5869059562683105, 3.7947986125946045, 3.5764808654785156, 3.8424642086029053, 3.956094741821289, 3.7538504600524902, 3.7366034984588623, 3.5955471992492676, 3.722503900527954, 3.8189032077789307, 3.6461896896362305, 3.861785411834717, 3.7072415351867676, 3.4607701301574707, 3.99876070022583, 3.4755959510803223, 3.681981325149536, 3.6039621829986572, 3.6929924488067627, 3.3739774227142334]
val step Loss: [3.6392343044281006, 3.4847803115844727, 3.4438364505767822, 3.2862396240234375, 3.160120964050293, 3.274712324142456, 3.0592024326324463, 3.3454558849334717, 3.459632635116577, 3.485304594039917, 3.5924534797668457, 3.3006033897399902, 2.995600938796997, 3.113776683807373, 3.116448402404785, 3.8597822189331055]
Train step Accs: [0.26225523295070896, 0.2973290284707954, 0.1889168765743073, 0.24721285973554577, 0.23512266213262084, 0.2884157445020311, 0.219458345599058, 0.2934465375431149, 0.20309050772626933, 0.2752216124947235, 0.27636594663278274, 0.2776392352452203, 0.2793702658547453, 0.2279324644549763, 0.25280583613916946, 0.2954015099519561, 0.21580141465367678, 0.2909763111050253, 0.2871518156628263, 0.25303069383543975, 0.23509063235090633, 0.23214285714285715, 0.3088680387409201, 0.25168384879725086, 0.24382978723404256, 0.2559448431124244, 0.2686527106816962, 0.31887755102040816, 0.3481381178063643, 0.22374090031198932, 0.31346321605117766, 0.3008378773773108, 0.29391086001255495, 0.2538238941711451, 0.2846961254373461, 0.3322132274324118, 0.2793093441671503, 0.25513634665670526, 0.25044698115802505, 0.2561105207226355, 0.3001533742331288, 0.35737315459019176, 0.22353780313837376, 0.3007070567031748, 0.24560291554428776, 0.3347801736208345, 0.24108957853367666, 0.22768908662653756, 0.29278158058494086, 0.27085870889159563, 0.3100105745505816, 0.2923265974877116, 0.24363079493247947, 0.2985306583780729, 0.26196438508625486, 0.29412676274600963, 0.32538877620013523, 0.2062624254473161, 0.3129096174363664, 0.26456468145841444, 0.3065020862308762, 0.29233820976940245, 0.3175874032559381]
val step Accs: [0.29809358752166376, 0.34722051029212375, 0.37096329009108475, 0.37362045760430684, 0.4005194055691819, 0.37588300904696986, 0.43415542112610517, 0.372730834530495, 0.33756779902940337, 0.3275468829194121, 0.3301748298411851, 0.3851203501094092, 0.42773119759729694, 0.3989251756924349, 0.42403913347309574, 0.25830997196635963]
Preds: [17, 17, 217, 217, 217, 217, 217, 473, 473, 65, 264, 264, 264, 264, 264, 264, 264, 264, 264, 264, 468, 468, 468, 467, 337, 337, 337, 324, 339, 3, 454, 197, 197, 197, 259, 354, 345, 109, 109, 109, 264, 264, 34, 313, 313, 337, 337, 337, 360, 360, 360, 360, 434, 434, 434, 76, 76, 398, 398, 324, 434, 434, 339, 339, 398, 398, 250, 250, 250, 250, 345, 153, 100, 497, 497, 497, 497, 182, 497, 497, 497, 122, 43, 75, 208, 208, 106, 481, 481, 481, 481, 426, 426, 293, 467, 372, 467, 467, 467, 313, 313, 406, 406, 406, 467, 43, 84, 84, 84, 98, 98, 98, 98, 98, 98, 98, 98, 98, 48, 48, 48, 48, 414, 414, 170, 170, 170, 63, 63, 63, 2, 187, 187, 392, 392, 392, 392, 47, 47, 47, 392, 408, 320, 73, 73, 320, 75, 66, 66, 66, 115, 115, 267, 267, 115, 267, 267, 267, 444, 374, 374, 374, 374, 139, 139, 293, 293, 497, 293, 349, 349, 25, 25, 25, 25, 25, 25, 25, 25, 324, 324, 324, 324, 464, 464, 464, 464, 315, 486, 486, 486, 486, 315, 315, 315, 450, 450, 282, 282, 388, 250, 250, 250, 482, 324, 464, 464, 464, 464, 324, 464, 464, 464, 464, 464, 315, 315, 450, 450, 450, 450, 450, 450, 85, 85, 282, 282, 282, 85, 299, 313, 150, 467, 406, 406, 406, 406, 406, 406, 467, 467, 467, 486, 497, 98, 98, 98, 98, 98, 98, 98, 170, 170, 414, 414, 414, 414, 414, 414, 414, 392, 187, 187, 187, 392, 392, 392, 73, 73, 321, 321, 244, 320, 320, 320, 83, 468, 139, 374, 337, 337, 313, 313, 107, 107, 107, 107, 107, 107, 395, 395, 286, 286, 464, 139, 139, 139, 139, 139, 84, 180, 34, 34, 34, 139, 139, 139, 240, 240, 240, 240, 54, 338, 395, 107, 107, 400, 400, 301, 395, 143, 143, 458, 144, 27, 27, 27, 437, 437, 437, 284, 284, 206, 206, 206, 206, 460, 460, 35, 35, 35, 35, 35, 35, 35, 35, 35, 106, 284, 100, 100, 426, 426, 98, 98, 98, 98, 98, 414, 170, 170, 170, 170, 414, 170, 170, 201, 201, 28, 244, 2, 2, 47, 2, 47, 47, 63, 63, 73, 73, 63, 73, 73, 73, 321, 321, 321, 460, 287, 287, 287, 486, 486, 460, 460, 460, 150, 342, 342, 342, 342, 342, 224, 494, 196, 398, 398, 331, 331, 464, 464, 443, 443, 77, 68, 68, 342, 232, 267, 267, 115, 273, 273, 450, 150, 486, 460, 240, 240, 240, 240, 35, 35, 310, 107, 107, 213, 395, 395, 374, 494, 398, 324, 324, 497, 497, 497, 497, 497, 497, 497, 208, 208, 208, 441, 100, 153, 153, 387, 387, 387, 387, 372, 372, 406, 467, 467, 467, 467, 337, 19, 19, 19, 19, 19, 19, 414, 414, 414, 414, 414, 414, 414, 414, 392, 73, 47, 47, 392, 47, 392, 392, 392, 392, 392, 73, 321, 320, 320, 7, 7, 7, 217, 217, 217, 217, 473, 65, 65, 264, 264, 264, 264, 264, 264, 264, 264, 264, 264, 468, 468, 468, 468, 468, 467, 337, 337, 19, 19, 19, 19, 19, 19, 19, 414, 170, 264, 171, 171, 171, 171, 264, 264, 264, 264, 264, 264, 264, 264, 264, 264, 264, 264, 264, 264, 264, 264, 264, 264, 264, 264, 264, 264, 264, 264, 264, 264, 264, 264, 264, 264, 264, 264, 264, 264, 264, 264, 264, 264, 264, 264, 264, 264, 264, 264, 264, 264, 264, 264, 264, 264, 264, 264, 264, 264, 264, 264, 264, 264, 264]

ep73
Train step Loss: [4.002310276031494, 3.713484287261963, 3.591035842895508, 3.7181012630462646, 3.973196506500244, 3.4302914142608643, 4.117429256439209, 4.123847961425781, 3.902118682861328, 3.711597442626953, 3.5659146308898926, 3.730238437652588, 3.607137441635132, 3.4793875217437744, 3.695948600769043, 3.46838116645813, 3.671760320663452, 3.9084126949310303, 3.7150003910064697, 3.9508821964263916, 3.9782309532165527, 3.8496930599212646, 3.7451627254486084, 3.5192999839782715, 3.542187452316284, 3.969599485397339, 3.4349493980407715, 3.776501417160034, 3.8225114345550537, 3.7374649047851562, 4.1460747718811035, 4.148637294769287, 3.894631862640381, 3.8496904373168945, 3.680158853530884, 3.6794731616973877, 3.9160778522491455, 3.7591443061828613, 3.3401174545288086, 3.7273061275482178, 3.9578230381011963, 3.848196268081665, 3.7047019004821777, 4.0512375831604, 3.9404819011688232, 4.115735054016113, 3.834855556488037, 3.9042036533355713, 3.94549560546875, 3.711411237716675, 3.902890205383301, 3.899714469909668, 3.597459554672241, 3.795499324798584, 3.500340461730957, 3.553819179534912, 3.538527488708496, 3.440324306488037, 3.455159902572632, 3.8957231044769287, 3.6483659744262695, 4.109879493713379, 3.5030176639556885]
val step Loss: [3.518096923828125, 3.3571410179138184, 3.2080466747283936, 3.310723066329956, 3.441828966140747, 3.3689651489257812, 3.444155693054199, 3.228168249130249, 3.1812984943389893, 3.6736679077148438, 3.177875518798828, 3.2974159717559814, 3.0032429695129395, 3.0271246433258057, 3.3292462825775146, 3.2695119380950928]
Train step Accs: [0.23243040818874047, 0.24682472480948348, 0.2932307209046647, 0.30788804071246817, 0.2439763183257607, 0.3492382387410012, 0.19001203369434416, 0.18451400329489293, 0.23852573018080667, 0.28420434527304755, 0.2962412717278265, 0.30461083478962225, 0.2961397576782192, 0.29088851160158463, 0.2868504044974633, 0.3179319566186302, 0.2893081761006289, 0.24172409133900824, 0.30820265379975875, 0.24869305451829724, 0.23263740945888367, 0.27724900214921705, 0.2885452634739529, 0.3375471010088732, 0.3001929069594895, 0.2421751045723352, 0.35294117647058826, 0.2819614711033275, 0.2594945644500918, 0.28706282884555867, 0.2227893175074184, 0.19148936170212766, 0.26060425658580144, 0.24320262330919523, 0.33591973244147155, 0.30250071042909915, 0.27011051143664866, 0.2863423627854205, 0.35950007021485747, 0.2706329113924051, 0.2336646785950961, 0.26701644923425977, 0.2773550249278405, 0.22085481456843506, 0.2561865069028393, 0.2132616487455197, 0.2512690355329949, 0.238827626233314, 0.25676633130225307, 0.26287332646755923, 0.2580897295607316, 0.24271844660194175, 0.29955947136563876, 0.2568918918918919, 0.3118248175182482, 0.32655672448109185, 0.30332450720800236, 0.3363909536612368, 0.3680243513552689, 0.24101587301587302, 0.2673922635681718, 0.20717185385656292, 0.33237070097138355]
val step Accs: [0.33257090576395243, 0.3787670376391147, 0.39071234054751325, 0.3911411411411411, 0.3409120951751487, 0.3615218951902369, 0.34085018144116125, 0.4051674364896074, 0.39925564681724846, 0.29186819830713423, 0.4113310580204778, 0.3942145544169153, 0.4557904533971546, 0.41783768282191, 0.3746574448649354, 0.38204393505253104]
Preds: [17, 17, 241, 241, 241, 431, 431, 431, 486, 284, 284, 284, 284, 284, 284, 16, 284, 315, 315, 284, 284, 284, 284, 284, 284, 450, 450, 450, 85, 85, 85, 85, 146, 146, 146, 146, 264, 468, 468, 406, 467, 337, 337, 337, 324, 324, 464, 464, 464, 464, 120, 282, 282, 282, 282, 282, 413, 76, 345, 345, 132, 48, 303, 48, 48, 48, 219, 219, 324, 324, 464, 464, 31, 68, 232, 54, 54, 494, 482, 172, 172, 115, 273, 273, 273, 486, 460, 169, 35, 401, 401, 401, 320, 321, 345, 345, 467, 54, 54, 54, 323, 323, 323, 323, 323, 196, 196, 196, 109, 153, 153, 153, 88, 88, 346, 346, 284, 426, 426, 426, 426, 426, 282, 413, 413, 303, 303, 48, 48, 276, 345, 345, 345, 132, 324, 132, 132, 310, 32, 32, 75, 310, 107, 395, 107, 107, 395, 196, 398, 106, 106, 153, 153, 153, 182, 182, 182, 182, 497, 437, 437, 14, 14, 321, 284, 206, 188, 450, 406, 319, 239, 239, 239, 401, 239, 354, 354, 395, 286, 286, 264, 468, 330, 330, 303, 303, 303, 48, 48, 132, 345, 276, 276, 276, 217, 217, 473, 398, 213, 213, 213, 422, 143, 422, 75, 310, 107, 107, 395, 400, 213, 213, 213, 19, 19, 454, 454, 229, 170, 170, 170, 392, 392, 392, 187, 392, 408, 408, 408, 408, 408, 408, 408, 408, 408, 408, 408, 73, 73, 320, 73, 320, 320, 287, 320, 320, 287, 287, 287, 460, 460, 460, 438, 35, 35, 77, 68, 68, 267, 224, 219, 301, 301, 324, 139, 139, 139, 139, 139, 274, 43, 43, 208, 208, 208, 208, 441, 481, 153, 153, 153, 387, 387, 387, 387, 413, 467, 467, 303, 48, 48, 48, 48, 98, 98, 48, 48, 48, 48, 170, 47, 47, 80, 287, 287, 287, 111, 438, 438, 438, 263, 224, 342, 342, 267, 267, 224, 267, 7, 398, 398, 479, 479, 331, 331, 443, 443, 240, 240, 143, 143, 213, 77, 267, 464, 464, 464, 464, 146, 146, 146, 146, 464, 252, 324, 34, 324, 301, 301, 251, 241, 431, 84, 431, 431, 486, 376, 376, 376, 376, 376, 376, 376, 460, 460, 460, 282, 282, 150, 76, 239, 75, 84, 84, 387, 106, 106, 387, 129, 167, 129, 224, 77, 342, 224, 224, 273, 437, 150, 169, 167, 401, 35, 35, 320, 354, 7, 114, 464, 464, 464, 464, 443, 443, 217, 345, 345, 324, 324, 106, 106, 284, 284, 284, 284, 426, 450, 450, 450, 413, 43, 43, 276, 276, 276, 346, 346, 426, 426, 426, 426, 206, 35, 35, 197, 401, 321, 354, 284, 284, 111, 111, 438, 438, 239, 224, 273, 213, 324, 464, 403, 443, 443, 443, 240, 240, 239, 143, 75, 371, 371, 464, 324, 324, 324, 246, 246, 246, 246, 246, 246, 301, 186, 259, 401, 259, 354, 284, 284, 319, 460, 167, 167, 35, 75, 77, 342, 342, 433, 224, 437, 324, 324, 324, 331, 331, 331, 374, 153, 153, 153, 182, 182, 497, 43, 43, 43, 276, 276, 346, 346, 346, 284, 376, 376, 460, 263, 263, 170, 170, 392, 392, 392, 392, 392, 392, 392, 392, 63, 63, 392, 244, 73, 435, 63, 63, 392, 63, 63, 63, 63, 63, 392, 244, 7, 320, 320, 320, 153, 153, 153, 387, 387, 387, 274, 122, 348, 303, 186, 32, 32, 32, 398, 70, 65, 65, 65, 426, 98, 98, 98, 48, 48, 170, 392, 170, 170, 392, 392, 63, 63, 63, 63, 63, 63, 63, 63, 63, 63, 63, 73, 73, 244, 7, 320, 320, 287, 287, 153, 424]

ep74
Train step Loss: [3.7671523094177246, 3.4983434677124023, 3.646099090576172, 3.9772608280181885, 3.7862823009490967, 4.110438346862793, 3.5145866870880127, 3.3991000652313232, 3.7370598316192627, 3.6292083263397217, 3.6438376903533936, 3.740149736404419, 4.195082664489746, 3.872330904006958, 3.7698864936828613, 4.199455261230469, 3.9992828369140625, 3.5460619926452637, 3.373769998550415, 3.485098123550415, 3.8624393939971924, 3.6044740676879883, 3.490173816680908, 4.156424522399902, 3.9994208812713623, 3.488196849822998, 3.967989921569824, 3.726865530014038, 3.96319580078125, 3.6789591312408447, 3.8958888053894043, 3.763401746749878, 3.8639767169952393, 3.850290536880493, 3.4470274448394775, 3.6467700004577637, 3.6534805297851562, 4.046905040740967, 4.248871326446533, 4.052219390869141, 3.6080591678619385, 3.755772113800049, 3.4573874473571777, 3.828662395477295, 3.8699676990509033, 3.7466588020324707, 3.8475053310394287, 3.6994729042053223, 3.680445671081543, 3.9762725830078125, 3.744938373565674, 3.9918324947357178, 3.861363649368286, 3.6786186695098877, 3.659878730773926, 4.178661823272705, 4.000259876251221, 3.5407192707061768, 3.444017171859741, 3.7927348613739014, 3.94283127784729, 3.485921859741211, 3.7680983543395996]
val step Loss: [3.0077524185180664, 3.4659833908081055, 3.008819580078125, 3.130730390548706, 2.9363625049591064, 3.8445818424224854, 3.3689517974853516, 3.1180694103240967, 3.67401385307312, 3.40251088142395, 3.5710108280181885, 3.4329137802124023, 3.586988925933838, 3.517838954925537, 3.144108295440674, 3.1250133514404297]
Train step Accs: [0.27912087912087913, 0.3258814512008176, 0.28851744186046513, 0.2340359094457455, 0.2643728222996516, 0.20380434782608695, 0.28150057273768614, 0.33773922621506264, 0.3063391442155309, 0.2831928764509461, 0.29269372693726936, 0.2807218197992121, 0.21550707547169812, 0.24423393739703458, 0.2842199260109708, 0.24395373291272346, 0.2277497614828949, 0.33528550512445093, 0.3592981305346015, 0.32944732297063906, 0.2612682422833527, 0.2867400670177118, 0.33509056501757234, 0.20180023228803717, 0.23134617871459975, 0.29035562710376117, 0.23408408408408407, 0.28736874613959235, 0.23828861493836112, 0.2992356687898089, 0.25792811839323465, 0.2957094784071789, 0.26659485660428167, 0.29158802911836074, 0.3339266155531216, 0.2737019451677133, 0.26828167318687934, 0.21709997319753419, 0.18705035971223022, 0.22802850356294538, 0.30331956119105286, 0.2807281686285245, 0.3419773095623987, 0.25996583143507973, 0.28248923214020494, 0.25864860886206387, 0.26367931717725956, 0.2878949236776713, 0.28875217333155007, 0.23586923311946226, 0.25024950099800397, 0.21314363143631437, 0.27454936776970673, 0.26150474799123447, 0.2891009393171314, 0.20321336760925449, 0.24373405372955126, 0.2993002544529262, 0.2930632468668027, 0.2713103448275862, 0.22415873441480091, 0.32787321880410175, 0.2743972445464983]
val step Accs: [0.4462522597691559, 0.3332467869661171, 0.4462565814819571, 0.4145141451414514, 0.45258488834505967, 0.2761523046092184, 0.3377771337487321, 0.406017075484483, 0.299271116192654, 0.3693336974330967, 0.3149163696188648, 0.3588412134462968, 0.321433419302294, 0.3388746803069054, 0.38063806380638066, 0.41630434782608694]
Preds: [17, 17, 217, 217, 217, 217, 217, 473, 473, 65, 264, 264, 264, 264, 264, 264, 264, 264, 264, 264, 468, 468, 468, 467, 337, 337, 337, 324, 339, 3, 454, 197, 197, 197, 7, 354, 345, 109, 109, 109, 264, 264, 443, 313, 313, 337, 337, 337, 360, 360, 360, 360, 434, 434, 434, 339, 76, 398, 398, 324, 434, 434, 339, 339, 398, 398, 250, 250, 250, 250, 345, 153, 100, 497, 497, 497, 497, 182, 497, 497, 497, 122, 43, 75, 208, 208, 106, 481, 481, 481, 481, 426, 426, 293, 467, 372, 467, 467, 467, 313, 313, 406, 406, 337, 467, 43, 84, 84, 293, 98, 98, 98, 98, 98, 98, 98, 98, 98, 170, 48, 48, 48, 414, 414, 170, 170, 170, 170, 170, 170, 187, 187, 187, 392, 392, 392, 392, 392, 392, 63, 392, 73, 320, 73, 73, 320, 75, 66, 66, 66, 115, 115, 267, 267, 115, 267, 267, 267, 444, 374, 374, 374, 374, 139, 139, 293, 293, 497, 349, 349, 349, 349, 25, 25, 25, 25, 25, 25, 25, 324, 324, 324, 324, 464, 464, 464, 464, 315, 486, 486, 486, 486, 315, 315, 315, 450, 282, 282, 282, 388, 250, 53, 250, 482, 398, 464, 464, 464, 464, 324, 464, 464, 464, 464, 464, 315, 315, 450, 450, 450, 450, 450, 450, 85, 85, 282, 282, 282, 85, 299, 313, 150, 337, 406, 406, 406, 406, 406, 406, 84, 467, 467, 319, 98, 98, 98, 98, 98, 98, 414, 414, 170, 170, 414, 414, 414, 414, 414, 414, 414, 392, 392, 187, 187, 187, 187, 187, 73, 73, 321, 321, 244, 320, 320, 320, 83, 468, 139, 374, 337, 337, 313, 313, 107, 107, 107, 107, 107, 107, 395, 395, 286, 286, 464, 139, 139, 139, 139, 139, 84, 180, 34, 34, 324, 139, 139, 139, 240, 240, 240, 240, 54, 338, 395, 107, 107, 400, 400, 301, 395, 143, 143, 458, 27, 27, 27, 437, 437, 437, 437, 284, 284, 206, 206, 206, 206, 460, 460, 35, 35, 35, 35, 35, 35, 35, 35, 35, 441, 437, 100, 100, 426, 426, 98, 98, 98, 98, 98, 170, 170, 170, 170, 170, 170, 170, 170, 201, 201, 28, 244, 2, 2, 73, 2, 73, 73, 63, 63, 73, 73, 73, 73, 73, 73, 321, 321, 321, 460, 287, 287, 287, 486, 486, 460, 460, 460, 150, 342, 342, 342, 342, 342, 224, 494, 196, 398, 398, 331, 331, 464, 464, 443, 443, 77, 68, 68, 342, 232, 267, 267, 115, 273, 273, 450, 150, 486, 460, 240, 240, 35, 35, 35, 35, 310, 107, 107, 213, 324, 395, 143, 239, 398, 324, 324, 497, 497, 497, 497, 497, 497, 497, 109, 208, 208, 441, 100, 153, 153, 387, 387, 387, 387, 372, 372, 406, 467, 467, 467, 467, 337, 19, 19, 19, 19, 19, 414, 414, 414, 414, 414, 414, 414, 414, 414, 392, 73, 80, 80, 392, 47, 392, 392, 392, 392, 392, 73, 321, 320, 320, 7, 7, 7, 217, 217, 217, 217, 473, 65, 65, 264, 264, 264, 264, 264, 264, 264, 264, 264, 264, 468, 468, 468, 468, 468, 467, 337, 337, 19, 19, 19, 19, 19, 19, 19, 414, 170, 264, 171, 171, 171, 264, 264, 264, 264, 264, 264, 264, 264, 264, 264, 264, 264, 264, 264, 264, 264, 264, 264, 264, 264, 264, 264, 264, 264, 264, 264, 264, 264, 264, 264, 264, 264, 264, 264, 264, 264, 264, 264, 264, 264, 264, 264, 264, 264, 264, 264, 264, 264, 264, 264, 264, 264, 264, 264, 264, 264, 264, 264, 264, 264]

ep75
Train step Loss: [3.898939847946167, 3.7391796112060547, 3.219531536102295, 3.9892659187316895, 3.7592148780822754, 3.7946324348449707, 3.510101795196533, 3.5054149627685547, 3.8551464080810547, 3.5516934394836426, 3.87522292137146, 3.3500144481658936, 4.026484966278076, 3.5029759407043457, 3.555248975753784, 3.8978612422943115, 3.8565938472747803, 3.941744804382324, 3.71081280708313, 3.4061279296875, 4.037485599517822, 3.64786696434021, 3.1846530437469482, 3.6099319458007812, 3.6374998092651367, 3.709799289703369, 3.641864776611328, 4.215932369232178, 4.0203070640563965, 3.5079591274261475, 3.520777702331543, 3.531137466430664, 3.0875816345214844, 3.787869930267334, 3.686253309249878, 3.8356287479400635, 3.7374613285064697, 3.5584304332733154, 3.58231258392334, 4.195974826812744, 3.667539596557617, 3.929347276687622, 3.9575788974761963, 3.9393322467803955, 3.6706132888793945, 3.6021885871887207, 3.808037757873535, 4.053565502166748, 3.801114320755005, 3.4947030544281006, 3.5526115894317627, 3.9297478199005127, 3.70526385307312, 3.882359504699707, 3.425398826599121, 3.7839980125427246, 3.905673027038574, 3.9280083179473877, 3.7283225059509277, 3.899921417236328, 3.50152587890625, 3.6519789695739746, 3.601651191711426]
val step Loss: [3.43428635597229, 3.466834783554077, 3.0245234966278076, 3.134934186935425, 3.2076807022094727, 2.79817795753479, 3.13822603225708, 3.3663649559020996, 3.6496152877807617, 3.603560209274292, 3.3820769786834717, 3.3370532989501953, 3.337392568588257, 3.5378599166870117, 3.6290407180786133, 2.863213539123535]
Train step Accs: [0.25890928725701945, 0.287482274075029, 0.4135705289672544, 0.2535733919736119, 0.25089554377417966, 0.24007775797829256, 0.33482810164424515, 0.2845849802371542, 0.2747481764501563, 0.30472291270653606, 0.26617320503330866, 0.3635245271413194, 0.24102030192608018, 0.32609033059133946, 0.29442086112795635, 0.2563837638376384, 0.2263531984691088, 0.26343305257043276, 0.276158685325459, 0.32570990023023794, 0.23998342083448465, 0.2882291119285339, 0.40034526051475205, 0.274083368186254, 0.2854228991025292, 0.2757965507161649, 0.3016638158917742, 0.20049301561216104, 0.20340710541642398, 0.32813702848344883, 0.33865814696485624, 0.3091875262201091, 0.4036979969183359, 0.27903608111667105, 0.28655250868159504, 0.23515339150014072, 0.24605678233438485, 0.3126399044918669, 0.323363973110166, 0.21817722159019087, 0.29644161818427817, 0.21699975326918333, 0.2572347266881029, 0.25298126064735943, 0.279470017757137, 0.28933803581117745, 0.2624594514892362, 0.2221009975062344, 0.2876117496807152, 0.29116465863453816, 0.2963305581251927, 0.26088082901554405, 0.3099049524762381, 0.23230938014262206, 0.3174917491749175, 0.2602983440536472, 0.2312198932430673, 0.21946011895684, 0.24474912485414235, 0.26306870029983054, 0.3266604799151531, 0.3030598052851182, 0.25766509433962265]
val step Accs: [0.3462435837610826, 0.3156506040827663, 0.43437254388263036, 0.4140552280484021, 0.4076982492276004, 0.4864369021098152, 0.38940636730154315, 0.3639676113360324, 0.2795583086453003, 0.32217573221757323, 0.3622623110677718, 0.36332574031890663, 0.37774360408220325, 0.3158125915080527, 0.2976491862567812, 0.4719891131775913]
Preds: [17, 17, 7, 217, 217, 217, 217, 217, 473, 473, 65, 443, 443, 443, 330, 330, 330, 330, 339, 76, 76, 76, 310, 338, 338, 338, 395, 395, 395, 106, 106, 153, 153, 481, 387, 387, 206, 167, 167, 35, 35, 35, 35, 35, 401, 354, 398, 217, 473, 65, 65, 406, 313, 313, 313, 324, 324, 324, 324, 434, 434, 434, 434, 434, 434, 339, 339, 10, 398, 464, 464, 464, 94, 94, 94, 398, 398, 199, 199, 84, 84, 84, 153, 43, 182, 182, 182, 182, 182, 497, 497, 497, 497, 497, 497, 43, 43, 259, 208, 441, 441, 481, 346, 346, 346, 428, 85, 85, 85, 85, 85, 146, 146, 468, 468, 468, 406, 406, 467, 467, 467, 467, 43, 98, 98, 98, 98, 98, 98, 170, 48, 48, 170, 170, 170, 47, 321, 187, 187, 392, 187, 2, 73, 47, 47, 73, 73, 73, 73, 73, 320, 320, 320, 320, 7, 7, 331, 331, 360, 290, 290, 434, 360, 360, 434, 252, 143, 324, 107, 374, 374, 371, 395, 395, 444, 213, 213, 360, 360, 360, 434, 434, 434, 434, 434, 398, 331, 331, 331, 486, 443, 486, 376, 376, 376, 376, 376, 282, 282, 460, 263, 170, 170, 414, 414, 414, 47, 187, 187, 408, 408, 408, 408, 408, 391, 391, 391, 391, 391, 73, 73, 73, 73, 73, 73, 321, 244, 320, 320, 320, 320, 7, 473, 473, 473, 290, 290, 290, 171, 171, 171, 434, 434, 252, 143, 422, 107, 107, 107, 107, 107, 107, 400, 400, 213, 213, 213, 213, 246, 246, 246, 246, 19, 19, 19, 170, 197, 197, 197, 392, 414, 414, 80, 244, 66, 66, 115, 115, 267, 115, 115, 273, 273, 486, 486, 486, 460, 460, 240, 240, 35, 35, 35, 35, 324, 324, 324, 324, 30, 324, 324, 464, 464, 464, 464, 464, 139, 330, 330, 94, 398, 398, 250, 250, 324, 473, 398, 324, 324, 324, 324, 31, 68, 68, 224, 267, 267, 342, 342, 115, 267, 273, 273, 273, 376, 85, 376, 376, 460, 460, 460, 460, 114, 35, 35, 35, 35, 244, 287, 284, 111, 111, 111, 438, 438, 169, 342, 267, 232, 232, 267, 267, 115, 267, 267, 444, 286, 278, 139, 139, 139, 497, 497, 497, 497, 98, 14, 259, 441, 437, 287, 284, 413, 199, 199, 413, 348, 348, 324, 324, 219, 464, 464, 324, 464, 464, 374, 374, 374, 313, 251, 398, 331, 331, 43, 43, 153, 497, 497, 43, 43, 43, 276, 276, 100, 98, 153, 98, 182, 182, 182, 182, 98, 98, 98, 170, 170, 414, 414, 201, 201, 201, 201, 201, 201, 201, 201, 47, 47, 80, 80, 73, 73, 321, 321, 321, 320, 287, 287, 481, 297, 297, 293, 497, 497, 122, 122, 8, 8, 109, 354, 100, 100, 98, 346, 346, 426, 426, 426, 98, 98, 98, 98, 170, 17, 17, 83, 171, 171, 264, 264, 264, 264, 264, 264, 264, 264, 264, 264, 264, 264, 264, 264, 264, 264, 264, 264, 264, 264, 264, 264, 264, 264, 264, 264, 264, 264, 264, 264, 264, 264, 264, 264, 264, 264, 264, 264, 264, 264, 264, 264, 264, 264, 264, 264, 264, 264, 264, 264, 264, 264, 264, 264, 264, 264, 264, 264, 264, 264, 264, 264, 264, 264, 264, 264, 264, 264, 264, 264, 264, 264, 264, 264, 264, 264, 264, 264, 264, 264, 264, 264, 264, 264, 264, 264, 264, 264, 264, 264, 264, 264, 264, 264, 264, 264, 264, 264, 264, 264, 264, 264, 264, 264, 264, 264, 264, 264, 264, 264, 264, 264, 264, 264, 264, 264, 264, 264, 264, 264, 264]

ep76
Train step Loss: [3.812513589859009, 3.8713066577911377, 3.7789034843444824, 3.7093772888183594, 4.053194046020508, 3.5028364658355713, 3.491748332977295, 3.9170539379119873, 3.8071963787078857, 3.5982260704040527, 4.093334674835205, 3.714320659637451, 3.675945281982422, 3.67941951751709, 4.0084991455078125, 4.077301025390625, 3.7473654747009277, 3.5998244285583496, 4.143692493438721, 3.436332941055298, 3.7966694831848145, 3.6513967514038086, 3.5166523456573486, 3.9878523349761963, 3.920318126678467, 3.655103921890259, 3.7994601726531982, 3.7841532230377197, 3.693354845046997, 3.7218387126922607, 3.8253068923950195, 3.427475929260254, 3.7048683166503906, 3.5706679821014404, 3.745993137359619, 3.723590612411499, 3.5608980655670166, 3.8315258026123047, 3.588771343231201, 3.7370529174804688, 3.961893081665039, 3.662057638168335, 3.9517335891723633, 3.7809953689575195, 3.8893051147460938, 3.615638017654419, 3.341893434524536, 3.807220220565796, 3.9575793743133545, 3.6229891777038574, 3.4339072704315186, 4.042062759399414, 3.927752733230591, 3.5655930042266846, 3.537060022354126, 3.7553484439849854, 3.9878196716308594, 3.5800464153289795, 3.9238803386688232, 3.736480712890625, 3.605142831802368, 3.4011380672454834, 3.0538840293884277]
val step Loss: [3.47042179107666, 3.2663800716400146, 3.520899772644043, 3.597639560699463, 3.3725621700286865, 3.059666156768799, 3.3454318046569824, 3.351923942565918, 3.334014654159546, 3.2314395904541016, 3.116645574569702, 3.193159818649292, 2.949442148208618, 3.242633819580078, 3.0276947021484375, 3.577195167541504]
Train step Accs: [0.22897526501766785, 0.27041036717062633, 0.2784507042253521, 0.26916475972540044, 0.23405114401076715, 0.32059364328867873, 0.29984630431745146, 0.2538947368421053, 0.269421231816775, 0.3200676090964966, 0.18492096796754792, 0.2808611771284776, 0.3158689415672656, 0.29002019036631094, 0.23660322108345536, 0.21117523609653724, 0.2490138694490393, 0.3005000757690559, 0.2188006482982172, 0.3376357626318275, 0.2605776736924278, 0.25388739946380695, 0.314611671785871, 0.24647483663877107, 0.22912301706076024, 0.3041854675587366, 0.255105246622683, 0.26536572414708615, 0.29951146185644495, 0.2930669489282879, 0.293495175848117, 0.3411070902023857, 0.2976892822025565, 0.30211579465310806, 0.28335506301608, 0.28931013051584836, 0.3281923023482006, 0.2741672834937084, 0.3080112344523204, 0.2762399887593087, 0.2562251362899661, 0.2699331848552339, 0.266372437357631, 0.2501111934766494, 0.24142737663785893, 0.31607118961595077, 0.34620766862580465, 0.2637585594724829, 0.23883416542976657, 0.2754658385093168, 0.32677112628900495, 0.21739130434782608, 0.27128263337116915, 0.30858346498156924, 0.29663056558363415, 0.27180124223602486, 0.21741133118378628, 0.2883418614299544, 0.24131300645515727, 0.25898353614889047, 0.29198070545673804, 0.33408617095205, 0.39485458612975394]
val step Accs: [0.3181163594470046, 0.38828771483131763, 0.3391467281637359, 0.3055518572759952, 0.346828925813246, 0.4221707748876481, 0.35799734160389896, 0.34851965288412456, 0.38213501646542264, 0.4040673445574262, 0.42230372181472425, 0.4107327141382869, 0.44461516971644083, 0.3973178000541859, 0.4168421052631579, 0.3249617820484822]
Preds: [17, 296, 481, 481, 293, 98, 98, 129, 259, 401, 401, 401, 401, 259, 208, 208, 441, 346, 426, 426, 426, 206, 206, 98, 98, 98, 17, 414, 414, 414, 80, 80, 80, 80, 80, 80, 320, 7, 7, 7, 473, 264, 264, 264, 264, 264, 264, 264, 468, 468, 468, 468, 468, 468, 337, 337, 337, 337, 171, 171, 324, 246, 246, 3, 3, 3, 197, 197, 197, 197, 7, 7, 473, 360, 360, 360, 360, 339, 217, 53, 250, 250, 70, 138, 138, 153, 153, 153, 182, 182, 182, 497, 98, 98, 98, 354, 197, 109, 100, 100, 100, 497, 497, 43, 32, 32, 129, 208, 208, 441, 106, 346, 284, 206, 426, 206, 206, 206, 467, 285, 337, 467, 313, 313, 324, 331, 43, 497, 98, 98, 182, 182, 98, 98, 98, 414, 48, 170, 414, 414, 414, 170, 47, 47, 47, 47, 47, 47, 80, 80, 80, 80, 80, 73, 320, 320, 7, 309, 479, 360, 324, 324, 422, 143, 401, 458, 324, 106, 486, 486, 486, 315, 315, 315, 319, 330, 388, 348, 76, 76, 324, 324, 324, 354, 324, 464, 324, 464, 464, 464, 464, 120, 460, 460, 460, 263, 263, 47, 170, 414, 170, 170, 170, 63, 63, 28, 28, 2, 28, 2, 2, 2, 2, 2, 2, 2, 2, 2, 2, 2, 73, 73, 20, 73, 73, 289, 20, 83, 287, 486, 486, 460, 438, 438, 35, 35, 35, 35, 77, 267, 267, 267, 267, 267, 267, 267, 267, 444, 444, 213, 246, 246, 246, 19, 19, 454, 197, 197, 197, 197, 197, 7, 479, 331, 331, 443, 443, 443, 330, 240, 240, 239, 32, 143, 143, 239, 107, 107, 395, 395, 374, 106, 88, 88, 88, 426, 426, 85, 85, 85, 85, 85, 240, 240, 240, 240, 239, 401, 213, 267, 342, 267, 267, 115, 115, 267, 444, 444, 213, 324, 246, 3, 3, 197, 197, 129, 80, 80, 80, 80, 188, 441, 153, 153, 153, 182, 182, 182, 182, 182, 182, 182, 182, 426, 426, 413, 413, 122, 239, 32, 32, 32, 401, 401, 75, 371, 213, 422, 171, 171, 171, 464, 240, 398, 32, 239, 239, 239, 354, 264, 286, 171, 171, 252, 171, 171, 171, 434, 434, 143, 303, 303, 19, 19, 19, 19, 19, 19, 414, 414, 414, 392, 442, 442, 392, 392, 392, 28, 28, 2, 2, 2, 2, 2, 2, 2, 73, 20, 73, 73, 73, 289, 320, 83, 287, 486, 284, 460, 460, 240, 240, 239, 35, 35, 115, 267, 342, 342, 342, 494, 267, 444, 213, 324, 324, 324, 301, 3, 14, 145, 14, 287, 145, 411, 411, 100, 424, 424, 497, 497, 122, 122, 76, 76, 32, 441, 441, 100, 100, 153, 497, 98, 98, 98, 414, 170, 414, 414, 80, 80, 80, 80, 80, 80, 80, 320, 441, 287, 481, 481, 169, 169, 349, 349, 25, 25, 25, 441, 441, 437, 441, 481, 481, 481, 206, 98, 98, 414, 17, 122, 171, 264, 264, 264, 264, 264, 264, 264, 264, 264, 264, 264, 264, 264, 264, 264, 264, 264, 264, 264, 264, 264, 264, 264, 264, 264, 264, 264, 264, 264, 264, 264, 264, 264, 264, 264, 264, 264, 264, 264, 264, 264, 264, 264, 264, 264, 264, 264, 264, 264, 264, 264, 264, 264, 264, 264, 264, 264, 264, 264, 264, 264, 264, 264, 264, 264, 264, 264, 264, 264, 264, 264, 264, 264, 264, 264, 264, 264, 264, 264, 264, 264, 264, 264, 264, 264, 264, 264, 264, 264, 264, 264, 264, 264, 264, 264, 264, 264, 264, 264, 264, 264, 264, 264, 264, 264, 264, 264, 264, 264]

ep77
Train step Loss: [3.5384416580200195, 3.709559679031372, 3.5879082679748535, 3.618783712387085, 3.690289258956909, 3.3249592781066895, 3.4382176399230957, 3.9215047359466553, 3.4218201637268066, 3.7199716567993164, 3.9521243572235107, 4.013289451599121, 3.508763313293457, 3.9270315170288086, 3.6514763832092285, 3.5311200618743896, 3.7846570014953613, 3.436387777328491, 4.030594348907471, 3.806305170059204, 3.7272021770477295, 3.909372329711914, 3.5303423404693604, 3.7182669639587402, 3.6939334869384766, 3.809657573699951, 3.4377799034118652, 3.978296995162964, 3.9183762073516846, 3.7387661933898926, 3.873875379562378, 3.3475353717803955, 3.735816717147827, 3.9081666469573975, 3.9043283462524414, 3.902390480041504, 4.0104899406433105, 3.743009328842163, 3.897962808609009, 3.0733747482299805, 4.223728179931641, 3.4557547569274902, 3.7341530323028564, 3.6828560829162598, 3.555933952331543, 3.6786444187164307, 3.583604574203491, 3.959015130996704, 3.632662057876587, 3.7272908687591553, 3.8684945106506348, 3.4950337409973145, 3.272218704223633, 3.2310826778411865, 3.5622265338897705, 3.5775058269500732, 3.658811330795288, 3.696763277053833, 3.519490957260132, 3.810032844543457, 3.9056265354156494, 3.3569440841674805, 3.877784490585327]
val step Loss: [3.010509967803955, 3.4544663429260254, 2.8846006393432617, 3.097353935241699, 3.226867914199829, 3.3669166564941406, 3.180204391479492, 3.143151044845581, 3.4903104305267334, 3.1376872062683105, 2.964045524597168, 3.243513345718384, 3.4633800983428955, 3.1563832759857178, 3.6693382263183594, 3.0365257263183594]
Train step Accs: [0.3031552243538925, 0.2954490143587247, 0.3178996812615333, 0.2952627280152464, 0.28020679468242243, 0.3320627473977423, 0.3499509872566867, 0.24784853700516352, 0.36561358945864425, 0.27865348650814853, 0.26138123257974605, 0.22923493375124662, 0.31874316085665155, 0.2348111658456486, 0.2827088452088452, 0.2892647058823529, 0.2640500916310324, 0.33342101801920293, 0.2263233190271817, 0.301219188974291, 0.286078856705372, 0.2755905511811024, 0.3021052631578947, 0.2743810005053057, 0.3044816053511706, 0.2513841286580543, 0.32158525884761624, 0.2483239474389917, 0.2576286625170791, 0.2749582637729549, 0.24352262048597126, 0.35671875, 0.30672201820213957, 0.26371681415929205, 0.24377172653534182, 0.26351079522596216, 0.20797138477261115, 0.2720839433870181, 0.22758534450418907, 0.37406874918311334, 0.21191963073581319, 0.3098159509202454, 0.2598915124441608, 0.27151051625239003, 0.29963802118246413, 0.28209437621202327, 0.2916853261680848, 0.2424119241192412, 0.3141852286049238, 0.2735727571898698, 0.24986157253599114, 0.303481913019916, 0.3814801132865411, 0.3728885135135135, 0.2717932252367956, 0.30877787186000566, 0.25995125913891143, 0.2720809736112785, 0.2991441380247249, 0.2646667651839811, 0.2410596026490066, 0.33346369443358104, 0.23381294964028776]
val step Accs: [0.42303801127330537, 0.3445687952600395, 0.4648113070085968, 0.44722008711247757, 0.37129380053908356, 0.37185056472632494, 0.3895247574023389, 0.4151905528717123, 0.3416449572013398, 0.3939354502863092, 0.44876908265713106, 0.38131248397846706, 0.3269968051118211, 0.3789231601731602, 0.2913526631753736, 0.4235526966848095]
Preds: [17, 17, 287, 287, 284, 315, 450, 450, 450, 450, 43, 43, 43, 276, 276, 276, 276, 153, 153, 182, 182, 182, 182, 182, 182, 182, 387, 98, 98, 98, 98, 197, 197, 197, 197, 244, 80, 83, 83, 83, 460, 460, 169, 169, 324, 331, 331, 479, 398, 398, 398, 301, 378, 43, 153, 153, 153, 153, 153, 387, 387, 387, 109, 146, 146, 324, 324, 422, 186, 338, 338, 338, 338, 338, 338, 338, 400, 400, 400, 278, 171, 171, 171, 43, 88, 8, 8, 100, 100, 100, 100, 497, 323, 122, 323, 323, 76, 259, 213, 115, 232, 115, 273, 115, 115, 267, 267, 324, 324, 464, 464, 464, 315, 319, 319, 319, 450, 450, 413, 250, 276, 276, 276, 276, 153, 153, 182, 182, 182, 182, 182, 182, 182, 182, 182, 413, 426, 413, 413, 303, 303, 303, 76, 76, 303, 413, 413, 413, 348, 303, 398, 10, 10, 10, 479, 479, 331, 331, 331, 331, 106, 153, 153, 481, 481, 387, 387, 387, 355, 98, 48, 263, 263, 170, 170, 170, 170, 170, 170, 47, 63, 73, 2, 2, 2, 2, 2, 73, 20, 20, 20, 2, 2, 20, 20, 20, 20, 20, 20, 73, 73, 73, 73, 289, 20, 20, 320, 7, 7, 30, 324, 324, 3, 464, 464, 464, 486, 486, 486, 460, 460, 35, 401, 349, 349, 349, 349, 25, 25, 25, 25, 213, 213, 324, 324, 324, 464, 464, 315, 139, 426, 426, 319, 348, 348, 199, 219, 219, 398, 464, 464, 339, 10, 398, 199, 497, 497, 497, 122, 122, 259, 259, 213, 342, 273, 115, 273, 273, 450, 486, 460, 240, 240, 401, 35, 35, 35, 35, 259, 354, 355, 324, 286, 286, 286, 264, 374, 374, 324, 219, 219, 219, 246, 246, 339, 374, 132, 132, 98, 98, 98, 98, 98, 414, 129, 129, 401, 401, 82, 20, 208, 208, 441, 441, 441, 441, 441, 153, 153, 98, 98, 98, 414, 414, 170, 17, 17, 83, 171, 171, 171, 264, 264, 264, 264, 264, 264, 264, 264, 264, 264, 264, 264, 264, 264, 264, 264, 264, 264, 264, 264, 264, 264, 264, 264, 264, 264, 264, 264, 264, 264, 264, 264, 264, 264, 264, 264, 264, 264, 264, 264, 264, 264, 264, 264, 264, 264, 264, 264, 264, 264, 264, 264, 264, 264, 264, 264, 264, 264, 264, 264, 264, 264, 264, 264, 264, 264, 264, 264, 264, 264, 264, 264, 264, 264, 264, 264, 264, 264, 264, 264, 264, 264, 264, 264, 264, 264, 264, 264, 264, 264, 264, 264, 264, 264, 264, 264, 264, 264, 264, 264, 264, 264, 264, 264, 264, 264, 264, 264, 264, 264, 264, 264, 264, 264, 264, 264, 264, 264, 264, 264, 264, 264, 264, 264, 264, 264, 264, 264, 264, 264, 264, 264, 264, 264, 264, 264, 264, 264, 264, 264, 264, 264, 264, 264, 264, 264, 264, 264, 264, 264, 264, 264, 264, 264, 264, 264, 264, 264, 264, 264, 264, 264, 264, 264, 264, 264, 264, 264, 264, 264, 264, 264, 264, 264, 264, 264, 264, 264, 264, 264, 264, 264, 264, 264, 264, 264, 264, 264, 264, 264, 264, 264, 264, 264, 264, 264, 264, 264, 264, 264, 264, 264, 264, 264, 264, 264, 264, 264, 264, 264, 264, 264, 264, 264, 264, 264, 264, 264, 264, 264, 264, 264, 264, 264, 264, 264, 264, 264, 264, 264, 264, 264, 264, 264, 264, 264, 264, 264, 264, 264, 264, 264, 264, 264, 264, 264, 264, 264, 264, 264, 264, 264, 264, 264, 264, 264, 264, 264, 264, 264, 264, 264, 264, 264, 264, 264, 264, 264, 264]

ep78
Train step Loss: [3.163831949234009, 3.6746439933776855, 3.7723941802978516, 3.5708811283111572, 3.602926015853882, 4.064500331878662, 3.713804244995117, 3.4784798622131348, 3.7876486778259277, 3.569847822189331, 3.4556710720062256, 3.9916133880615234, 3.6877920627593994, 3.7403438091278076, 3.6456875801086426, 3.202709436416626, 3.770010232925415, 3.7052502632141113, 3.971499443054199, 3.7308833599090576, 3.0713067054748535, 3.384403705596924, 3.6043624877929688, 3.5433189868927, 3.9219064712524414, 3.7395639419555664, 3.9190425872802734, 3.7149147987365723, 3.586001396179199, 3.848623275756836, 3.6671926975250244, 3.5343029499053955, 4.028512954711914, 3.2610363960266113, 3.1242403984069824, 4.050746440887451, 3.936185836791992, 3.4899580478668213, 3.5758867263793945, 3.433164358139038, 3.3455302715301514, 3.504195213317871, 3.5149500370025635, 3.890578031539917, 3.969677686691284, 3.793459177017212, 3.365499258041382, 3.3495898246765137, 3.825540781021118, 3.6498661041259766, 3.1265852451324463, 3.5694382190704346, 3.938091278076172, 4.080443859100342, 3.981365203857422, 3.7024426460266113, 3.87253737449646, 3.709073305130005, 3.604901075363159, 4.036219596862793, 3.71921968460083, 3.390061855316162, 3.686626434326172]
val step Loss: [3.4356484413146973, 3.250683069229126, 3.217996120452881, 3.1533403396606445, 3.1847119331359863, 3.0217275619506836, 3.4036636352539062, 2.9996395111083984, 3.4414684772491455, 3.392223834991455, 2.9918441772460938, 3.367202043533325, 3.4211010932922363, 2.782961368560791, 3.440953016281128, 3.4615941047668457]
Train step Accs: [0.35980579157274145, 0.27870264064293915, 0.26862553961843755, 0.30443845022069643, 0.30692930986309025, 0.223884549185754, 0.3097560975609756, 0.3355781630606104, 0.27320467375607194, 0.30341738553417386, 0.3316048397819439, 0.24566187407040158, 0.2938604481690654, 0.28556149732620323, 0.28881239242685025, 0.3966332776850306, 0.26972853535353536, 0.23342589378687956, 0.23859512700881286, 0.24583629893238435, 0.4353112840466926, 0.3187228679456659, 0.3066764490095378, 0.30505325736933364, 0.25015395984727185, 0.2212973972783723, 0.24908088235294118, 0.2853114586003589, 0.308595909342178, 0.24723152201905743, 0.2995169082125604, 0.30983060663095413, 0.2535380507343124, 0.34723325390521576, 0.3785569105691057, 0.21019652520649387, 0.23768001056942792, 0.2851940047625718, 0.3027535441657579, 0.3145065398335315, 0.3411513859275053, 0.2999232540291635, 0.3098830049261084, 0.2403948772678762, 0.22734678531144253, 0.26926698049764625, 0.34010801591813533, 0.3479809976247031, 0.282474804031355, 0.3061715878849322, 0.3795474076195932, 0.3019490254872564, 0.24983415151917207, 0.21923903037741638, 0.23548341961662236, 0.26607415636717124, 0.2544158661295321, 0.30128743352924714, 0.2933107056993353, 0.22886740331491712, 0.28155950322276374, 0.34329604274503256, 0.25110937092143043]
val step Accs: [0.3354676710608914, 0.3740589089948488, 0.3979974968710889, 0.4139379710861238, 0.3936034658511723, 0.4086063442537701, 0.37270714737507904, 0.4489399820842042, 0.3233703002434406, 0.3444591029023747, 0.44823546639332257, 0.35248944067579674, 0.36260701463684064, 0.4764333178797713, 0.36175425701335295, 0.3181818181818182]
Preds: [17, 17, 284, 486, 460, 460, 169, 35, 35, 35, 35, 35, 458, 208, 441, 441, 100, 153, 387, 497, 122, 129, 129, 129, 208, 208, 441, 441, 346, 481, 481, 206, 206, 98, 98, 170, 170, 170, 414, 414, 414, 392, 392, 63, 63, 28, 2, 2, 2, 2, 2, 2, 2, 2, 2, 2, 2, 2, 2, 2, 2, 2, 2, 2, 2, 2, 2, 73, 73, 73, 73, 73, 73, 73, 73, 73, 73, 73, 73, 73, 289, 320, 83, 287, 111, 111, 111, 240, 240, 54, 338, 54, 54, 338, 338, 338, 338, 400, 400, 400, 444, 213, 213, 213, 246, 246, 246, 246, 246, 246, 422, 186, 338, 338, 338, 338, 338, 338, 400, 400, 400, 464, 301, 286, 374, 374, 374, 132, 132, 132, 132, 132, 132, 132, 132, 132, 132, 132, 132, 132, 132, 132, 303, 303, 48, 48, 48, 197, 197, 197, 197, 197, 7, 7, 401, 320, 354, 420, 213, 213, 213, 213, 246, 246, 246, 301, 378, 132, 43, 43, 43, 43, 276, 276, 319, 319, 319, 282, 85, 85, 85, 85, 282, 282, 282, 388, 303, 303, 398, 398, 331, 398, 324, 422, 301, 143, 143, 259, 196, 7, 7, 70, 65, 65, 85, 428, 428, 146, 146, 146, 207, 207, 3, 358, 358, 143, 259, 414, 197, 197, 287, 197, 197, 7, 374, 310, 374, 374, 374, 374, 374, 132, 132, 43, 132, 132, 132, 132, 132, 132, 132, 132, 217, 8, 53, 345, 65, 43, 208, 324, 129, 129, 196, 398, 398, 473, 473, 252, 213, 246, 324, 246, 246, 19, 19, 414, 414, 414, 392, 392, 392, 392, 392, 63, 47, 47, 47, 47, 80, 2, 2, 2, 2, 2, 2, 73, 73, 73, 73, 73, 73, 320, 320, 83, 287, 287, 284, 319, 319, 413, 53, 250, 250, 276, 276, 319, 109, 109, 338, 146, 324, 324, 324, 464, 301, 251, 241, 241, 241, 431, 431, 331, 443, 443, 319, 330, 94, 348, 398, 398, 398, 199, 324, 324, 290, 290, 290, 171, 434, 246, 434, 301, 301, 354, 259, 239, 32, 354, 354, 106, 284, 206, 206, 240, 240, 401, 35, 35, 224, 68, 342, 324, 106, 219, 286, 301, 374, 374, 153, 153, 153, 153, 182, 182, 43, 276, 276, 346, 346, 346, 319, 428, 85, 330, 388, 94, 398, 331, 398, 324, 339, 398, 398, 398, 398, 331, 250, 153, 153, 43, 43, 182, 182, 153, 182, 387, 387, 387, 387, 240, 240, 240, 240, 355, 35, 35, 35, 437, 145, 145, 14, 293, 25, 106, 100, 387, 387, 122, 122, 122, 422, 349, 54, 196, 494, 239, 8, 354, 264, 355, 180, 443, 240, 240, 240, 240, 398, 331, 464, 464, 464, 464, 120, 330, 299, 224, 180, 324, 120, 114, 239, 313, 338, 338, 436, 395, 395, 395, 106, 319, 199, 199, 348, 348, 212, 324, 76, 239, 395, 395, 395, 286, 286, 286, 139, 139, 139, 139, 274, 274, 274, 43, 8, 129, 208, 208, 441, 437, 346, 426, 426, 426, 348, 348, 303, 303, 303, 303, 303, 48, 48, 401, 401, 7, 7, 219, 398, 286, 286, 286, 374, 468, 468, 337, 337, 19, 19, 19, 19, 454, 414, 187, 187, 392, 392, 392, 63, 63, 47, 47, 47, 47, 47, 2, 2, 2, 2, 2, 2, 73, 2, 2, 73, 73, 73, 73, 73, 73, 73, 289, 320, 188, 188, 324, 324, 301, 339, 398, 398, 250, 331, 65, 65, 153, 387, 293, 497, 122, 43, 129, 208, 208, 208, 106, 106, 284, 284, 319, 319, 319, 413, 303, 303, 303, 303, 48, 48, 48, 170, 170]

ep79
Train step Loss: [3.5390100479125977, 3.5506951808929443, 3.8263959884643555, 3.612415313720703, 3.5203697681427, 3.8941824436187744, 3.6480016708374023, 3.5932087898254395, 3.3059535026550293, 3.6312062740325928, 3.8248202800750732, 3.708606481552124, 4.223276615142822, 3.6487622261047363, 3.8601410388946533, 3.670236349105835, 3.2831358909606934, 3.7099151611328125, 3.7095417976379395, 3.4673900604248047, 3.727566957473755, 3.4202721118927, 3.749199867248535, 3.5543580055236816, 4.027626037597656, 3.2359442710876465, 3.663121461868286, 3.682910442352295, 3.778107166290283, 3.9516074657440186, 3.50846266746521, 3.590134620666504, 3.8157169818878174, 3.716552257537842, 3.6676578521728516, 3.5003392696380615, 3.706148862838745, 3.7536277770996094, 3.8327674865722656, 3.6518373489379883, 3.3662819862365723, 4.056694507598877, 3.8788464069366455, 3.9694037437438965, 3.3871142864227295, 4.11992073059082, 3.6217849254608154, 3.6103768348693848, 3.1371302604675293, 3.669490337371826, 3.9136576652526855, 4.083859920501709, 2.9431707859039307, 3.691174268722534, 3.966519355773926, 3.4558050632476807, 3.672403573989868, 3.965611457824707, 3.605828046798706, 3.432218313217163, 3.7166311740875244, 3.7395291328430176, 3.4579946994781494]
val step Loss: [3.4195213317871094, 3.4733548164367676, 2.8473334312438965, 3.190112590789795, 2.8816239833831787, 3.020742416381836, 3.399799108505249, 3.1839375495910645, 3.2561609745025635, 3.50028133392334, 3.076538562774658, 3.51811146736145, 3.1166799068450928, 3.3365228176116943, 3.548375129699707, 3.3037149906158447]
Train step Accs: [0.2910923373351119, 0.30007824726134585, 0.2711718188353702, 0.2702702702702703, 0.33371791173925586, 0.24059959349593496, 0.28671628972230173, 0.3047939960177669, 0.3553299492385787, 0.29571037420139945, 0.2534351145038168, 0.27471595726640663, 0.20955974842767294, 0.2898472353656888, 0.258530770376993, 0.2992721164613662, 0.33973037272006346, 0.28524590163934427, 0.25988210818307905, 0.3385330733463327, 0.27865667499306135, 0.30899532710280375, 0.28413524057217165, 0.3003671680682222, 0.2208017046211213, 0.36069688468920713, 0.3067803961254879, 0.27241893908560577, 0.2636221368615735, 0.2505257255011916, 0.27988338192419826, 0.28156815073697006, 0.2613255033557047, 0.2861708309122603, 0.2559634337951721, 0.32589457483647555, 0.29575313168347084, 0.28243681140635124, 0.250280583613917, 0.27705882352941175, 0.3281572076405112, 0.23426928281461434, 0.22773762443747442, 0.24700933350861048, 0.3508178228990412, 0.19335024702897582, 0.3151648351648352, 0.3140495867768595, 0.3881578947368421, 0.2584823314092637, 0.2546493092454835, 0.2092069998423459, 0.4167299225747685, 0.26774059158450214, 0.25955602259293314, 0.32, 0.2722236536975006, 0.223510546441347, 0.31763879128601546, 0.3410229369891906, 0.27252378287632906, 0.28724894908921067, 0.3323242515977127]
val step Accs: [0.3355263157894737, 0.3252256770310933, 0.4839715048975957, 0.3856677524429967, 0.45390505359877487, 0.416, 0.35602931379080616, 0.4035772767351052, 0.3969835339698353, 0.32589660549358285, 0.43387622149837135, 0.32537929002798643, 0.4133099824868651, 0.3703801478352693, 0.31775060006857925, 0.3521091811414392]
Preds: [17, 17, 287, 287, 284, 284, 450, 413, 85, 146, 240, 240, 240, 240, 35, 35, 32, 114, 34, 84, 10, 250, 250, 217, 217, 473, 473, 398, 398, 398, 171, 171, 171, 171, 246, 246, 246, 246, 246, 246, 246, 246, 31, 433, 433, 433, 323, 323, 219, 213, 213, 213, 213, 246, 360, 360, 360, 246, 246, 19, 19, 19, 19, 454, 414, 414, 414, 414, 414, 414, 392, 47, 47, 47, 47, 80, 80, 80, 75, 66, 66, 66, 115, 323, 323, 273, 273, 106, 106, 153, 497, 497, 274, 122, 35, 35, 458, 445, 171, 171, 171, 171, 171, 403, 403, 403, 290, 290, 290, 290, 434, 434, 434, 434, 434, 434, 434, 434, 434, 434, 434, 246, 19, 33, 259, 324, 445, 445, 445, 445, 464, 171, 171, 171, 171, 171, 252, 143, 445, 445, 464, 464, 443, 403, 171, 171, 240, 240, 252, 143, 143, 458, 213, 213, 324, 213, 213, 213, 213, 213, 213, 246, 246, 246, 246, 246, 246, 246, 246, 246, 246, 197, 7, 109, 324, 68, 68, 115, 68, 68, 115, 232, 232, 232, 115, 267, 115, 267, 267, 267, 246, 286, 286, 286, 286, 286, 468, 468, 337, 467, 345, 324, 345, 345, 345, 345, 88, 122, 403, 360, 360, 360, 434, 434, 434, 19, 422, 433, 224, 273, 219, 219, 219, 324, 324, 464, 464, 464, 464, 464, 180, 315, 315, 450, 450, 282, 282, 450, 450, 413, 413, 241, 43, 276, 276, 153, 182, 182, 182, 182, 182, 182, 182, 182, 182, 98, 98, 98, 98, 98, 414, 170, 312, 312, 187, 187, 23, 23, 187, 23, 23, 23, 23, 392, 392, 391, 391, 244, 244, 73, 321, 73, 244, 321, 321, 321, 287, 287, 35, 35, 35, 372, 467, 467, 35, 35, 486, 460, 460, 460, 150, 342, 342, 342, 342, 224, 494, 494, 494, 494, 494, 213, 267, 267, 342, 267, 115, 273, 273, 273, 319, 319, 319, 319, 388, 348, 348, 348, 250, 250, 398, 398, 398, 398, 464, 464, 464, 464, 443, 443, 139, 282, 282, 282, 282, 388, 250, 217, 70, 65, 486, 319, 443, 443, 443, 443, 146, 438, 438, 219, 219, 324, 324, 324, 324, 301, 301, 132, 355, 337, 337, 464, 464, 464, 264, 120, 120, 376, 376, 460, 460, 263, 170, 170, 170, 170, 170, 170, 170, 170, 63, 63, 392, 28, 28, 2, 2, 244, 47, 47, 63, 63, 392, 63, 63, 63, 73, 73, 73, 244, 73, 244, 73, 73, 321, 320, 7, 7, 7, 309, 479, 331, 331, 360, 290, 290, 360, 360, 360, 360, 434, 434, 434, 434, 434, 434, 3, 14, 14, 287, 145, 111, 111, 111, 450, 450, 450, 43, 182, 497, 43, 43, 345, 109, 109, 109, 290, 290, 324, 324, 324, 324, 301, 301, 143, 259, 180, 143, 374, 213, 213, 213, 213, 213, 246, 246, 246, 246, 19, 19, 454, 414, 197, 7, 401, 321, 320, 284, 186, 186, 467, 467, 467, 468, 468, 468, 468, 403, 120, 120, 120, 282, 282, 395, 395, 355, 323, 323, 400, 310, 107, 338, 338, 338, 338, 338, 338, 338, 186, 342, 433, 56, 171, 171, 171, 171, 171, 264, 264, 264, 264, 264, 264, 264, 264, 264, 264, 264, 264, 264, 264, 264, 264, 264, 264, 264, 264, 264, 264, 264, 264, 264, 264, 264, 264, 264, 264, 264, 264, 264, 264, 264, 264, 264, 264, 264, 264, 264, 264, 264, 264, 264, 264, 264, 264, 264, 264, 264, 264, 264, 264, 264, 264, 264, 264, 264, 264, 264, 264, 264, 264, 264, 264, 264, 264, 264, 264, 264, 264, 264]

ep80
Train step Loss: [3.5446600914001465, 3.778186559677124, 3.6591780185699463, 3.783430814743042, 3.6508610248565674, 3.979781150817871, 3.6197593212127686, 3.6566388607025146, 3.815892219543457, 3.5168325901031494, 3.782099485397339, 3.29128360748291, 3.698076009750366, 3.7461211681365967, 3.2861456871032715, 3.475080966949463, 4.264553546905518, 3.7679877281188965, 3.793627977371216, 3.725489854812622, 3.4140424728393555, 3.8548059463500977, 3.487220525741577, 3.2943742275238037, 3.4958133697509766, 3.691685438156128, 3.657041072845459, 3.992396116256714, 3.7419676780700684, 3.8276236057281494, 4.285253047943115, 3.417546272277832, 3.78714919090271, 3.875411033630371, 3.7823879718780518, 3.365651845932007, 3.631185531616211, 3.641690254211426, 3.4373507499694824, 3.583789825439453, 3.9137046337127686, 3.740396499633789, 3.3015995025634766, 3.090224266052246, 4.046069145202637, 3.743703603744507, 3.681069850921631, 3.6824052333831787, 3.3487517833709717, 3.618655204772949, 3.67162823677063, 3.4128172397613525, 3.707425594329834, 4.048992156982422, 3.3820314407348633, 3.652458906173706, 3.7213594913482666, 3.7348501682281494, 3.9263908863067627, 3.395637035369873, 3.9079716205596924, 3.5733349323272705, 4.255441665649414]
val step Loss: [3.7339766025543213, 3.292848587036133, 3.444046974182129, 3.0318214893341064, 3.1877670288085938, 3.487025499343872, 3.0430901050567627, 3.1934752464294434, 3.4547643661499023, 3.120105028152466, 3.3789310455322266, 3.112715005874634, 2.8441669940948486, 3.3056697845458984, 3.3209009170532227, 3.052859306335449]
Train step Accs: [0.2712439418416801, 0.2837418991265145, 0.31436162774437143, 0.24838786720802483, 0.3087019931939718, 0.23276776246023329, 0.33352402745995424, 0.3009375, 0.24520283322601416, 0.29293280083347806, 0.268944612841003, 0.3701403887688985, 0.29090132422041864, 0.23937455579246625, 0.35017701963308656, 0.2998217998217998, 0.1884824036722771, 0.24492063492063493, 0.26181601312062025, 0.2783117425825324, 0.3591221186856302, 0.24970845481049564, 0.3112044082917869, 0.3597729115977291, 0.30181056411791113, 0.2790598895653405, 0.3034850551903758, 0.2155891922478427, 0.2647770972795898, 0.2681958535509484, 0.19854689564068692, 0.32113259668508287, 0.25951465322901474, 0.2660210766163486, 0.2754014708089449, 0.35775059824514754, 0.2819253438113949, 0.2956140350877193, 0.32466367713004485, 0.30958549222797926, 0.23273313625369524, 0.2728062554300608, 0.3609364548494983, 0.40744060959211115, 0.2152949745083758, 0.2856552294336503, 0.27797599740512485, 0.26042369450816355, 0.35706806282722514, 0.299179758098151, 0.3136062694230509, 0.36830386378519975, 0.2756788665879575, 0.20565289678987084, 0.3184311574328031, 0.2964332892998679, 0.27761326621261473, 0.25540195946852773, 0.2269695044472681, 0.3305200446816433, 0.23304544810986833, 0.32142857142857145, 0.1869309051955008]
val step Accs: [0.3131381892443839, 0.35550103305785125, 0.32254138266796495, 0.42344021874223214, 0.3984815086945873, 0.34700122399020805, 0.4405066702600728, 0.37615068687154796, 0.36583761021187, 0.410061919504644, 0.37617009895694037, 0.41494651197830346, 0.47093634928984746, 0.3525210684187973, 0.3532238686423708, 0.4037486218302095]
Preds: [17, 287, 111, 111, 111, 111, 293, 43, 43, 43, 276, 276, 276, 153, 153, 387, 387, 387, 467, 406, 406, 406, 406, 467, 486, 206, 284, 284, 426, 426, 426, 426, 426, 426, 426, 426, 426, 413, 348, 348, 195, 10, 10, 479, 479, 331, 331, 450, 293, 426, 426, 426, 167, 167, 35, 35, 35, 68, 68, 68, 342, 68, 68, 267, 267, 267, 267, 464, 464, 464, 464, 464, 315, 486, 284, 450, 85, 146, 146, 240, 240, 34, 34, 84, 84, 43, 43, 132, 132, 251, 251, 241, 431, 431, 486, 486, 460, 240, 240, 35, 35, 77, 342, 342, 494, 224, 494, 422, 338, 338, 338, 338, 338, 338, 338, 400, 400, 400, 324, 324, 246, 246, 246, 246, 422, 338, 338, 338, 338, 338, 338, 338, 400, 400, 400, 374, 374, 374, 374, 374, 374, 132, 132, 132, 100, 497, 497, 129, 129, 129, 401, 401, 401, 213, 213, 213, 213, 213, 301, 143, 259, 259, 401, 259, 259, 486, 213, 213, 213, 324, 301, 301, 84, 84, 324, 324, 324, 264, 286, 213, 213, 213, 246, 246, 246, 19, 19, 454, 229, 414, 414, 414, 414, 47, 170, 187, 392, 392, 408, 408, 408, 408, 408, 408, 408, 73, 73, 73, 73, 73, 321, 73, 73, 73, 320, 115, 115, 115, 267, 267, 267, 267, 267, 267, 267, 267, 246, 246, 246, 246, 246, 246, 246, 246, 246, 246, 246, 301, 354, 354, 32, 32, 354, 354, 354, 84, 284, 284, 376, 460, 240, 240, 240, 240, 355, 35, 267, 68, 342, 267, 267, 267, 224, 219, 301, 374, 374, 374, 139, 153, 153, 182, 182, 182, 182, 497, 43, 43, 276, 276, 276, 276, 346, 346, 284, 376, 376, 376, 376, 460, 263, 263, 170, 170, 170, 414, 414, 414, 414, 414, 392, 170, 63, 47, 2, 2, 2, 392, 392, 392, 244, 73, 73, 73, 244, 320, 7, 217, 473, 65, 476, 360, 330, 339, 398, 398, 195, 331, 331, 406, 88, 109, 109, 337, 19, 324, 324, 246, 246, 422, 186, 338, 338, 338, 338, 338, 338, 400, 400, 400, 464, 464, 464, 120, 240, 240, 34, 34, 32, 239, 100, 32, 239, 208, 100, 100, 250, 250, 250, 76, 76, 32, 32, 32, 354, 445, 445, 445, 180, 403, 171, 171, 239, 32, 75, 114, 143, 464, 443, 171, 171, 239, 354, 354, 32, 239, 354, 354, 420, 213, 213, 213, 246, 246, 246, 246, 246, 19, 414, 454, 414, 392, 414, 414, 408, 408, 408, 408, 408, 408, 73, 73, 73, 321, 73, 321, 73, 320, 320, 320, 7, 276, 276, 346, 346, 387, 387, 387, 240, 240, 355, 35, 259, 180, 437, 145, 244, 188, 188, 139, 139, 139, 139, 293, 122, 122, 35, 35, 77, 68, 224, 54, 224, 106, 106, 497, 274, 8, 8, 208, 144, 27, 486, 443, 271, 94, 398, 398, 199, 199, 403, 207, 207, 19, 19, 224, 273, 273, 213, 494, 278, 278, 338, 338, 436, 436, 436, 436, 88, 106, 426, 426, 413, 413, 48, 143, 338, 338, 338, 338, 338, 338, 338, 400, 400, 400, 213, 324, 324, 464, 3, 358, 186, 338, 338, 338, 338, 338, 338, 395, 395, 273, 450, 450, 271, 94, 398, 251, 251, 431, 431, 486, 486, 146, 85, 146, 219, 219, 219, 219, 219, 324, 324, 324, 246, 246, 246, 246, 246, 19, 19, 454, 414, 414, 414, 414, 414, 414, 244, 47, 28, 28, 28, 345, 424, 25, 213, 331, 331, 284, 153, 320, 320, 7, 7, 345, 345, 345, 324, 324, 467, 337, 337, 19, 19, 19, 19, 19, 414, 170]

ep81
Train step Loss: [3.729569673538208, 3.642282724380493, 3.572835683822632, 3.688775062561035, 3.674779176712036, 3.1179490089416504, 3.316363573074341, 3.5874083042144775, 3.680284261703491, 4.059686183929443, 3.4687588214874268, 4.233925819396973, 3.833345413208008, 3.6102688312530518, 3.676133632659912, 3.554004669189453, 3.518022060394287, 3.914207935333252, 3.813378095626831, 3.540235757827759, 3.669114589691162, 3.381469964981079, 3.443610906600952, 3.6937239170074463, 3.746124744415283, 3.86946177482605, 3.7328522205352783, 3.993515729904175, 4.100841999053955, 3.4212212562561035, 3.889186382293701, 3.6714651584625244, 3.6370887756347656, 4.130009174346924, 3.668243169784546, 3.6765425205230713, 3.2839272022247314, 4.049933433532715, 3.7478082180023193, 3.997464656829834, 3.775885820388794, 3.566540241241455, 4.0743408203125, 3.1003329753875732, 3.701620101928711, 3.833430051803589, 3.2700531482696533, 3.881680965423584, 3.680656671524048, 3.611738443374634, 4.045960426330566, 3.683192491531372, 3.875150680541992, 3.7470715045928955, 3.652757406234741, 3.7138009071350098, 3.4905848503112793, 3.6433603763580322, 3.454157590866089, 3.610086441040039, 3.1506333351135254, 3.731322765350342, 3.354083299636841]
val step Loss: [3.4868154525756836, 2.9507720470428467, 3.4494261741638184, 3.4179017543792725, 3.139275074005127, 3.276742458343506, 2.763979434967041, 3.0974032878875732, 3.564959764480591, 3.252957582473755, 3.669456720352173, 3.211054801940918, 3.0504143238067627, 2.94105863571167, 3.1892166137695312, 3.4464192390441895]
Train step Accs: [0.24137483787289235, 0.29505066823322074, 0.33281580804516586, 0.27704261260167534, 0.2965377372157033, 0.3669275929549902, 0.3525066792393525, 0.2822294500295683, 0.28081243268195105, 0.21081867477846847, 0.3414570910033705, 0.1753200057529124, 0.2887350068010387, 0.2904496671647874, 0.2687198949058532, 0.3147221846694606, 0.2961764705882353, 0.2139456734808177, 0.2755496137849079, 0.3060428849902534, 0.3083609925715189, 0.31829334787350055, 0.33668076109936573, 0.2967425256581883, 0.28539851774801717, 0.22963870177587262, 0.2995898036917668, 0.2554724677090415, 0.23460157932519743, 0.3201538461538462, 0.22942643391521197, 0.28632093681636855, 0.2961441213653603, 0.20507135929056394, 0.2613333333333333, 0.2829695665539502, 0.35547769842339305, 0.218427748761216, 0.27229899497487436, 0.26293045239702906, 0.24362328319162851, 0.2944915254237288, 0.2328985892999734, 0.3901148730350665, 0.29853157121879587, 0.2854275391409073, 0.3553555080866646, 0.2407005355333623, 0.28039104562198924, 0.28549141965678626, 0.2528705973422784, 0.29205515430072226, 0.22498907820008737, 0.26025197628458496, 0.2948837209302326, 0.29010806317539484, 0.31802721088435376, 0.27504358321040634, 0.3250626897188861, 0.30260492040520987, 0.38062232709039967, 0.255044612216884, 0.3633217993079585]
val step Accs: [0.3528108557186375, 0.43435189060973906, 0.35665943046865023, 0.33658536585365856, 0.40297636416690985, 0.3794417971409122, 0.4873973786547602, 0.4166553457410678, 0.3304754481683554, 0.37173992898249053, 0.2871775417298938, 0.39854790613250357, 0.41772830897143626, 0.466729399112784, 0.3581395348837209, 0.310718789407314]
Preds: [17, 287, 319, 319, 319, 240, 240, 35, 35, 35, 35, 35, 75, 68, 464, 77, 395, 217, 441, 441, 350, 350, 348, 348, 250, 250, 250, 250, 250, 250, 132, 88, 88, 324, 431, 284, 284, 315, 284, 284, 206, 206, 169, 35, 35, 35, 259, 354, 114, 240, 240, 403, 264, 403, 403, 264, 264, 264, 264, 264, 264, 264, 264, 264, 264, 264, 468, 468, 468, 406, 467, 337, 337, 264, 264, 171, 330, 330, 339, 10, 331, 331, 331, 331, 450, 426, 426, 426, 413, 348, 199, 398, 331, 331, 486, 486, 460, 169, 169, 150, 342, 342, 342, 224, 494, 494, 324, 422, 338, 338, 338, 338, 338, 338, 338, 400, 400, 213, 213, 213, 246, 246, 246, 246, 246, 246, 338, 338, 338, 338, 338, 338, 400, 400, 400, 324, 360, 374, 374, 374, 132, 132, 345, 324, 239, 403, 324, 324, 324, 324, 324, 246, 301, 301, 301, 143, 259, 196, 196, 473, 398, 360, 360, 360, 434, 434, 434, 434, 19, 77, 77, 342, 342, 342, 115, 273, 267, 267, 339, 339, 398, 398, 398, 398, 398, 398, 464, 468, 10, 398, 345, 43, 276, 441, 153, 153, 153, 387, 387, 122, 122, 122, 324, 398, 398, 398, 398, 464, 464, 464, 315, 315, 282, 282, 282, 282, 282, 263, 414, 170, 170, 7, 292, 23, 23, 23, 23, 23, 23, 23, 23, 391, 391, 391, 391, 73, 321, 321, 320, 287, 287, 321, 320, 320, 7, 276, 276, 153, 346, 346, 346, 346, 206, 206, 206, 206, 35, 35, 35, 445, 171, 464, 139, 139, 139, 139, 293, 293, 122, 186, 162, 54, 224, 224, 273, 494, 497, 431, 431, 431, 324, 443, 443, 443, 330, 388, 398, 331, 199, 331, 290, 290, 290, 434, 107, 107, 422, 273, 213, 374, 278, 278, 338, 338, 338, 436, 436, 395, 395, 106, 139, 139, 293, 293, 413, 122, 77, 77, 115, 342, 68, 342, 115, 273, 267, 267, 267, 444, 213, 246, 246, 246, 246, 19, 454, 454, 414, 414, 170, 201, 201, 249, 249, 47, 80, 249, 47, 20, 47, 80, 73, 7, 320, 320, 287, 287, 287, 330, 330, 206, 206, 206, 169, 401, 35, 35, 35, 35, 259, 259, 441, 441, 441, 153, 153, 153, 387, 372, 372, 372, 467, 467, 467, 467, 426, 293, 293, 43, 43, 276, 473, 65, 65, 450, 450, 438, 146, 438, 219, 219, 464, 464, 468, 468, 468, 337, 337, 337, 464, 464, 464, 315, 315, 486, 315, 460, 460, 460, 169, 349, 349, 349, 25, 25, 25, 25, 25, 431, 431, 85, 85, 376, 376, 85, 460, 263, 170, 170, 170, 414, 414, 414, 414, 187, 187, 187, 320, 287, 424, 408, 23, 392, 392, 392, 73, 73, 244, 244, 244, 244, 73, 244, 320, 320, 287, 287, 287, 287, 287, 85, 85, 85, 85, 85, 85, 85, 85, 146, 207, 207, 207, 454, 414, 414, 264, 171, 171, 171, 171, 264, 264, 264, 264, 264, 264, 264, 264, 264, 264, 264, 264, 264, 264, 264, 264, 264, 264, 264, 264, 264, 264, 264, 264, 264, 264, 264, 264, 264, 264, 264, 264, 264, 264, 264, 264, 264, 264, 264, 264, 264, 264, 264, 264, 264, 264, 264, 264, 264, 264, 264, 264, 264, 264, 264, 264, 264, 264, 264, 264, 264, 264, 264, 264, 264, 264, 264, 264, 264, 264, 264, 264, 264, 264, 264, 264, 264, 264, 264, 264, 264, 264, 264, 264, 264, 264, 264, 264, 264, 264, 264, 264, 264, 264, 264, 264, 264, 264, 264, 264, 264, 264, 264, 264, 264, 264, 264, 264, 264, 264, 264]

ep82
Train step Loss: [3.552431344985962, 3.309833288192749, 3.6031956672668457, 3.8740956783294678, 3.341061592102051, 3.940277338027954, 3.590261220932007, 3.6789238452911377, 3.8466997146606445, 3.2683324813842773, 3.4697275161743164, 3.850978374481201, 3.4659018516540527, 3.8843932151794434, 3.461150884628296, 3.809727668762207, 3.631883382797241, 3.6669700145721436, 3.6791906356811523, 3.619494676589966, 3.815915584564209, 4.004421710968018, 3.707059144973755, 3.6447346210479736, 3.96262264251709, 3.302180290222168, 3.7111709117889404, 3.6700918674468994, 3.5194594860076904, 3.4130618572235107, 3.549798011779785, 3.844022274017334, 3.892256259918213, 4.3407793045043945, 3.7785115242004395, 3.2867634296417236, 3.8800227642059326, 3.860013484954834, 3.477269172668457, 3.823819637298584, 3.434664726257324, 3.5364463329315186, 3.9746930599212646, 3.804551362991333, 3.782968282699585, 3.7120585441589355, 3.5403406620025635, 3.5401060581207275, 3.5325770378112793, 3.730895757675171, 3.6413519382476807, 3.591226816177368, 3.6035139560699463, 3.58249568939209, 3.824641466140747, 3.5867137908935547, 3.8726389408111572, 3.806199550628662, 3.5766749382019043, 3.8685855865478516, 3.269589424133301, 3.589839220046997, 4.135349273681641]
val step Loss: [3.540465831756592, 3.2756872177124023, 3.437464475631714, 3.1910853385925293, 3.236837387084961, 3.183598518371582, 3.48319935798645, 3.045048713684082, 3.027616024017334, 3.2431604862213135, 3.3024024963378906, 3.214864492416382, 3.6222422122955322, 3.215405225753784, 3.2129263877868652, 3.018338441848755]
Train step Accs: [0.3180305131761442, 0.35713198355914144, 0.28637673893971677, 0.22703981080015767, 0.353561210661045, 0.25159885698734524, 0.3095486369730374, 0.2764697783285144, 0.2582615940016662, 0.36154225178615423, 0.32879200726612173, 0.2376560726447219, 0.30751592356687896, 0.25474254742547425, 0.3185471866626972, 0.26141373915516997, 0.2940364439536168, 0.2892862334641663, 0.29865034526051476, 0.29370726942932884, 0.2357606344628695, 0.22713864306784662, 0.289182218176301, 0.29258022360969943, 0.2259384702229749, 0.3560077231546116, 0.2637714951909064, 0.2844380403458213, 0.32884879987769455, 0.29954311821816104, 0.29492691315563196, 0.2695730879469, 0.2449447290374764, 0.17713118938233793, 0.24167018135807677, 0.3427016077984555, 0.26456876456876455, 0.2583840384887505, 0.3089189189189189, 0.24353996518944973, 0.34138077085980517, 0.31985515992757996, 0.23287138971635798, 0.2495618174464069, 0.2718957871396896, 0.27437578462826057, 0.32350296709224957, 0.3370257966616085, 0.33868092691622104, 0.2959412909989516, 0.2842603211009174, 0.2957288765088208, 0.29117930370166506, 0.2783967062242674, 0.27060221870047546, 0.3113920750782065, 0.27063637646394806, 0.26910947589728185, 0.29891936824605153, 0.2278394300589122, 0.39598438371444505, 0.29775071455200697, 0.20897697464296125]
val step Accs: [0.335243553008596, 0.3790269123690839, 0.3508617436155491, 0.4206198608475648, 0.37526146980895275, 0.3996464509110688, 0.3336993822923816, 0.425243849177464, 0.4231271208561733, 0.38106003516704345, 0.364601996416688, 0.3862726142797956, 0.31713722915298753, 0.35763133354056575, 0.3901734104046243, 0.44242424242424244]
Preds: [17, 17, 17, 241, 241, 241, 241, 431, 486, 486, 460, 169, 169, 35, 342, 342, 342, 494, 494, 494, 494, 422, 338, 338, 338, 338, 338, 338, 338, 400, 400, 400, 324, 324, 324, 464, 464, 464, 464, 355, 111, 111, 111, 438, 438, 219, 219, 219, 219, 464, 464, 464, 464, 139, 443, 43, 276, 276, 276, 276, 276, 345, 109, 109, 109, 19, 324, 246, 246, 246, 246, 3, 3, 197, 197, 197, 80, 197, 7, 7, 217, 473, 473, 398, 360, 360, 464, 464, 464, 464, 315, 315, 450, 319, 450, 426, 450, 450, 450, 450, 43, 43, 250, 276, 276, 276, 276, 346, 346, 346, 426, 426, 426, 426, 426, 284, 284, 284, 85, 85, 85, 85, 299, 299, 406, 406, 406, 406, 406, 406, 217, 473, 473, 310, 195, 48, 48, 48, 395, 395, 395, 354, 239, 354, 354, 106, 100, 129, 169, 349, 349, 349, 25, 25, 25, 25, 25, 346, 346, 346, 346, 346, 153, 153, 182, 182, 387, 372, 406, 406, 406, 406, 406, 406, 406, 98, 98, 497, 98, 98, 98, 98, 98, 170, 170, 47, 170, 170, 170, 47, 63, 28, 28, 28, 2, 2, 187, 73, 63, 73, 73, 73, 73, 73, 73, 73, 244, 244, 73, 73, 73, 73, 73, 73, 244, 320, 354, 213, 213, 213, 213, 213, 213, 252, 422, 143, 422, 422, 259, 310, 107, 107, 77, 323, 323, 395, 395, 374, 374, 374, 132, 132, 182, 182, 182, 98, 98, 98, 170, 170, 414, 170, 47, 170, 63, 63, 63, 63, 2, 2, 2, 2, 2, 73, 244, 244, 73, 73, 73, 73, 321, 289, 320, 287, 287, 287, 111, 111, 111, 240, 240, 241, 241, 241, 324, 106, 497, 88, 274, 274, 122, 32, 32, 239, 401, 82, 371, 371, 180, 443, 150, 460, 240, 240, 114, 35, 35, 35, 35, 401, 401, 224, 68, 267, 267, 273, 273, 273, 450, 284, 486, 460, 460, 169, 150, 342, 342, 342, 342, 232, 232, 232, 68, 68, 267, 267, 267, 267, 267, 246, 324, 324, 3, 3, 14, 145, 188, 188, 188, 120, 120, 271, 271, 331, 82, 323, 433, 160, 160, 267, 267, 25, 336, 437, 106, 287, 284, 284, 284, 450, 467, 467, 468, 263, 313, 59, 303, 48, 48, 170, 170, 188, 171, 171, 171, 264, 264, 264, 264, 264, 264, 264, 264, 264, 264, 264, 264, 264, 264, 264, 264, 264, 264, 264, 264, 264, 264, 264, 264, 264, 264, 264, 264, 264, 264, 264, 264, 264, 264, 264, 264, 264, 264, 264, 264, 264, 264, 264, 264, 264, 264, 264, 264, 264, 264, 264, 264, 264, 264, 264, 264, 264, 264, 264, 264, 264, 264, 264, 264, 264, 264, 264, 264, 264, 264, 264, 264, 264, 264, 264, 264, 264, 264, 264, 264, 264, 264, 264, 264, 264, 264, 264, 264, 264, 264, 264, 264, 264, 264, 264, 264, 264, 264, 264, 264, 264, 264, 264, 264, 264, 264, 264, 264, 264, 264, 264, 264, 264, 264, 264, 264, 264, 264, 264, 264, 264, 264, 264, 264, 264, 264, 264, 264, 264, 264, 264, 264, 264, 264, 264, 264, 264, 264, 264, 264, 264, 264, 264, 264, 264, 264, 264, 264, 264, 264, 264, 264, 264, 264, 264, 264, 264, 264, 264, 264, 264, 264, 264, 264, 264, 264, 264, 264, 264, 264, 264, 264, 264, 264, 264, 264, 264, 264, 264, 264, 264, 264, 264, 264, 264, 264, 264, 264, 264, 264, 264, 264, 264, 264, 264, 264, 264, 264, 264, 264, 264, 264, 264, 264, 264, 264, 264, 264, 264, 264, 264, 264, 264, 264, 264]

ep83
Train step Loss: [3.7796268463134766, 3.6309163570404053, 3.7247872352600098, 3.6477088928222656, 3.702033519744873, 3.441195011138916, 3.708503484725952, 3.838960647583008, 3.4297561645507812, 4.1797003746032715, 3.8598861694335938, 3.8065099716186523, 3.955838680267334, 3.4610843658447266, 3.5304670333862305, 3.755074977874756, 3.693697690963745, 3.561058521270752, 4.0109782218933105, 3.9197816848754883, 3.733049154281616, 3.57840633392334, 3.659794569015503, 3.3606112003326416, 3.498497247695923, 3.6132395267486572, 3.3096837997436523, 3.819427967071533, 3.4544663429260254, 3.6326606273651123, 3.6202197074890137, 3.932152271270752, 3.4385950565338135, 3.896188735961914, 3.5020411014556885, 3.8362202644348145, 3.485140323638916, 3.5114333629608154, 3.854776620864868, 3.682055711746216, 3.7433762550354004, 3.863011598587036, 3.8021271228790283, 3.6952903270721436, 3.646733283996582, 3.203596591949463, 3.48707914352417, 3.871957302093506, 3.3626344203948975, 3.9675891399383545, 3.649099588394165, 4.3401713371276855, 3.85001277923584, 3.6505305767059326, 3.8249189853668213, 4.0211944580078125, 3.657097339630127, 3.310358762741089, 4.039242744445801, 3.672032117843628, 3.579529047012329, 3.992274284362793, 3.090670108795166]
val step Loss: [3.249723196029663, 3.4562532901763916, 3.4165635108947754, 3.2263829708099365, 3.1478989124298096, 3.02656626701355, 3.4013173580169678, 3.115858316421509, 3.168734312057495, 2.7709732055664062, 3.4985644817352295, 3.0020129680633545, 3.444507360458374, 3.2784078121185303, 3.8824965953826904, 3.383119821548462]
Train step Accs: [0.2653944020356234, 0.3054817065451323, 0.28769753359917294, 0.28300921187308087, 0.28585209003215434, 0.33212363909398074, 0.2707304393033533, 0.2651012421303386, 0.3282970550576184, 0.19625387735623956, 0.24001597444089456, 0.2664515223796829, 0.23100515823225987, 0.3208686712927268, 0.3130633853197882, 0.26337448559670784, 0.288974606235937, 0.3086366262276141, 0.2286522633744856, 0.22840431913617276, 0.26105642589768474, 0.33495995995996, 0.28414067684140676, 0.3536568879275382, 0.30074648291702555, 0.30466000281571165, 0.3488120950323974, 0.24422486313259448, 0.35604245121533723, 0.28382700597969684, 0.3160629239428489, 0.24040294037571466, 0.33966272739344044, 0.2548353757566809, 0.3121495327102804, 0.2611840342887758, 0.29991126885536823, 0.3052258362879605, 0.2632014567124648, 0.2752364908643255, 0.2710065959277316, 0.2703619909502262, 0.26266366882687475, 0.26173959445037354, 0.26847429053104804, 0.3675461339026994, 0.3485749123609206, 0.2570543141412494, 0.3443425076452599, 0.22917235727943186, 0.2751196172248804, 0.19011976047904192, 0.2697836283855349, 0.29742289818335443, 0.2458024504613523, 0.2179067865903516, 0.2692532942898975, 0.36097708082026536, 0.20785671282360024, 0.2905542756471067, 0.3152804642166344, 0.2454071839868385, 0.39147540983606555]
val step Accs: [0.37763413057530704, 0.34431049691267274, 0.3342595165323701, 0.3988612099644128, 0.3971447112264763, 0.440389648153533, 0.3604004449388209, 0.38885296780033624, 0.408884401817264, 0.5068380743982495, 0.34501772351319415, 0.425980186968048, 0.3340415844589467, 0.3552346570397112, 0.253476084538376, 0.3563429410684781]
Preds: [17, 17, 17, 309, 479, 331, 398, 398, 360, 360, 360, 252, 252, 35, 259, 180, 114, 464, 19, 324, 213, 213, 360, 246, 246, 19, 19, 19, 454, 414, 414, 414, 392, 392, 47, 392, 63, 63, 63, 201, 201, 201, 201, 201, 201, 28, 2, 47, 47, 47, 47, 47, 63, 63, 63, 47, 392, 47, 47, 47, 63, 244, 73, 73, 73, 63, 63, 73, 63, 63, 63, 63, 63, 73, 244, 73, 73, 73, 320, 287, 287, 287, 320, 287, 287, 287, 284, 284, 284, 284, 284, 486, 443, 330, 330, 330, 94, 94, 77, 323, 323, 197, 414, 414, 414, 320, 197, 197, 197, 197, 7, 7, 7, 7, 309, 331, 331, 331, 331, 315, 315, 315, 315, 460, 450, 167, 167, 109, 109, 196, 473, 398, 398, 324, 324, 171, 171, 171, 171, 171, 171, 171, 171, 434, 434, 3, 3, 197, 259, 188, 188, 339, 426, 331, 399, 399, 250, 345, 65, 65, 319, 319, 319, 388, 94, 199, 331, 486, 486, 486, 264, 264, 264, 468, 468, 443, 443, 443, 169, 150, 342, 342, 342, 342, 342, 342, 115, 267, 267, 267, 267, 213, 324, 324, 464, 464, 464, 120, 77, 342, 342, 68, 68, 342, 232, 232, 115, 433, 68, 336, 273, 437, 437, 319, 319, 319, 467, 467, 85, 146, 146, 414, 414, 414, 414, 170, 170, 414, 414, 414, 414, 414, 47, 80, 80, 80, 80, 321, 321, 320, 320, 345, 43, 43, 98, 497, 132, 122, 122, 122, 109, 310, 371, 371, 180, 486, 443, 443, 486, 486, 443, 240, 240, 240, 240, 240, 240, 34, 34, 43, 43, 387, 88, 497, 313, 324, 324, 34, 19, 324, 324, 324, 324, 246, 246, 246, 246, 324, 3, 3, 464, 14, 145, 145, 145, 145, 85, 85, 35, 85, 85, 85, 85, 299, 468, 468, 406, 406, 406, 467, 467, 337, 337, 337, 324, 324, 324, 324, 19, 301, 196, 259, 354, 354, 106, 355, 263, 376, 376, 376, 376, 263, 35, 403, 403, 264, 264, 264, 264, 264, 264, 264, 264, 264, 264, 264, 264, 264, 264, 264, 264, 264, 264, 264, 264, 264, 264, 264, 264, 264, 264, 264, 264, 264, 264, 264, 264, 264, 264, 264, 264, 264, 264, 264, 264, 264, 264, 264, 264, 264, 264, 264, 264, 264, 264, 264, 264, 264, 264, 264, 264, 264, 264, 264, 264, 264, 264, 264, 264, 264, 264, 264, 264, 264, 264, 264, 264, 264, 264, 264, 264, 264, 264, 264, 264, 264, 264, 264, 264, 264, 264, 264, 264, 264, 264, 264, 264, 264, 264, 264, 264, 264, 264, 264, 264, 264, 264, 264, 264, 264, 264, 264, 264, 264, 264, 264, 264, 264, 264, 264, 264, 264, 264, 264, 264, 264, 264, 264, 264, 264, 264, 264, 264, 264, 264, 264, 264, 264, 264, 264, 264, 264, 264, 264, 264, 264, 264, 264, 264, 264, 264, 264, 264, 264, 264, 264, 264, 264, 264, 264, 264, 264, 264, 264, 264, 264, 264, 264, 264, 264, 264, 264, 264, 264, 264, 264, 264, 264, 264, 264, 264, 264, 264, 264, 264, 264, 264, 264, 264, 264, 264, 264, 264, 264, 264, 264, 264, 264, 264, 264, 264, 264, 264, 264, 264, 264, 264, 264, 264, 264, 264, 264, 264, 264, 264, 264, 264, 264, 264, 264, 264, 264, 264, 264, 264, 264, 264, 264, 264, 264, 264, 264, 264, 264, 264, 264, 264, 264, 264, 264, 264, 264, 264, 264, 264, 264, 264, 264, 264, 264, 264, 264, 264, 264, 264, 264, 264, 264, 264, 264, 264, 264, 264, 264, 264, 264, 264, 264, 264, 264]

ep84
Train step Loss: [4.06836462020874, 4.138084888458252, 3.45884370803833, 3.714104413986206, 3.5957040786743164, 3.5267224311828613, 3.7497658729553223, 3.8571953773498535, 3.384929895401001, 3.4727203845977783, 4.2098774909973145, 3.7782678604125977, 3.3356611728668213, 3.4247190952301025, 3.3541834354400635, 3.643436908721924, 3.348522424697876, 3.684720039367676, 3.3744051456451416, 3.4926538467407227, 3.3390209674835205, 3.9362599849700928, 3.852414846420288, 4.1617608070373535, 3.752251148223877, 3.603118896484375, 3.844801187515259, 3.2704594135284424, 3.4142937660217285, 3.738964319229126, 3.4059627056121826, 3.531067371368408, 4.142764568328857, 3.4838874340057373, 3.8364927768707275, 3.6791765689849854, 3.9361391067504883, 3.3774397373199463, 3.662860155105591, 3.998523473739624, 4.081453323364258, 3.8737242221832275, 3.4616003036499023, 3.4612722396850586, 3.8771586418151855, 3.5105926990509033, 3.6211342811584473, 3.7939798831939697, 3.8749351501464844, 3.5822839736938477, 3.3804187774658203, 3.318901538848877, 3.121152400970459, 3.2682628631591797, 3.9343833923339844, 3.4888041019439697, 4.071926593780518, 3.7217304706573486, 3.8415465354919434, 3.780585289001465, 3.9830398559570312, 3.940537691116333, 3.0198028087615967]
val step Loss: [3.1383447647094727, 3.437922954559326, 2.8936264514923096, 3.5233724117279053, 2.941906452178955, 3.5490047931671143, 3.0423543453216553, 3.3310608863830566, 3.1246731281280518, 3.3414597511291504, 3.227107286453247, 3.2840418815612793, 3.3250620365142822, 3.229752540588379, 3.4100751876831055, 3.142474412918091]
Train step Accs: [0.2203511801957398, 0.22004062288422477, 0.31290373404758154, 0.27880891974896516, 0.28325198291641246, 0.3035279805352798, 0.252063679245283, 0.22034534534534533, 0.3320255739610578, 0.31040401373118565, 0.2119318181818182, 0.2898567738905846, 0.3579025110782866, 0.32914012738853504, 0.34202234316814667, 0.2736409966024915, 0.36827655060526643, 0.25061538461538463, 0.33544604658532723, 0.33551084400313563, 0.3314197703724447, 0.2547073419938695, 0.2756526021999672, 0.20138545274616526, 0.23733796605639448, 0.2969948849104859, 0.23435152729093642, 0.3670071358612005, 0.34589541338007596, 0.2598897535667964, 0.31236673773987206, 0.30311704834605596, 0.20714459887832237, 0.29908643710470834, 0.2869120922311018, 0.3152902698282911, 0.24836775483011325, 0.34402332361516036, 0.27769765307460337, 0.2274082910826126, 0.20764714306172133, 0.2605796358040523, 0.324982206405694, 0.33634971460392593, 0.24562484594527975, 0.3384064458370636, 0.2889816102611652, 0.2682163611980331, 0.2282849137295384, 0.2739326825003643, 0.3653759904320526, 0.36562215576648033, 0.39628563955009155, 0.36640066042927905, 0.23934963448449711, 0.33077840231647077, 0.22914269275028767, 0.27888182299947006, 0.26897689768976896, 0.22860635696821516, 0.23880035136152591, 0.226305045202683, 0.41585575271894676]
val step Accs: [0.4059924113567971, 0.31932891583251094, 0.4752650176678445, 0.29777777777777775, 0.45419129500268673, 0.3276076674134927, 0.4466048459467544, 0.3794878232488074, 0.4053736602554691, 0.3519159456118665, 0.383270911360799, 0.3892261001517451, 0.3607837569217663, 0.3836636788284308, 0.34644766997708176, 0.3844221105527638]
Preds: [17, 17, 7, 473, 443, 278, 443, 486, 443, 330, 330, 278, 278, 35, 114, 114, 240, 284, 443, 443, 330, 330, 330, 240, 240, 35, 35, 239, 106, 324, 464, 398, 360, 360, 360, 360, 360, 434, 31, 54, 54, 54, 232, 232, 482, 482, 482, 482, 115, 273, 273, 273, 273, 450, 330, 330, 330, 146, 422, 219, 219, 219, 324, 324, 339, 339, 339, 374, 132, 43, 43, 43, 276, 276, 276, 276, 276, 345, 345, 345, 132, 219, 239, 374, 239, 374, 301, 395, 143, 349, 106, 259, 106, 284, 284, 284, 284, 284, 284, 206, 206, 206, 413, 250, 8, 276, 276, 276, 346, 346, 306, 306, 467, 468, 468, 406, 406, 467, 467, 376, 376, 376, 376, 460, 460, 460, 263, 263, 170, 170, 414, 170, 47, 170, 170, 170, 28, 47, 47, 47, 47, 47, 47, 47, 47, 73, 47, 73, 73, 73, 289, 320, 321, 287, 287, 287, 287, 460, 150, 169, 342, 342, 342, 342, 224, 494, 494, 494, 494, 494, 186, 338, 338, 338, 338, 338, 338, 338, 400, 400, 400, 213, 213, 171, 246, 246, 246, 246, 246, 246, 338, 338, 338, 338, 338, 338, 400, 400, 400, 400, 434, 434, 434, 339, 434, 250, 250, 250, 497, 497, 497, 122, 259, 109, 109, 213, 213, 213, 213, 301, 301, 143, 458, 143, 354, 420, 464, 213, 213, 213, 246, 246, 374, 374, 301, 132, 324, 324, 19, 19, 19, 246, 246, 246, 19, 19, 19, 454, 414, 414, 414, 47, 320, 320, 7, 7, 398, 479, 398, 398, 398, 398, 360, 360, 360, 286, 286, 464, 464, 464, 464, 330, 330, 330, 203, 250, 399, 250, 250, 250, 250, 276, 276, 346, 426, 426, 426, 350, 413, 274, 219, 219, 464, 464, 94, 398, 398, 398, 43, 43, 276, 276, 276, 138, 153, 387, 387, 497, 241, 431, 431, 486, 464, 315, 486, 376, 376, 376, 376, 376, 460, 263, 263, 170, 170, 170, 170, 170, 170, 63, 28, 28, 2, 392, 244, 392, 392, 392, 392, 392, 244, 392, 73, 321, 73, 321, 320, 320, 7, 7, 486, 241, 486, 106, 153, 153, 182, 182, 182, 182, 182, 182, 497, 497, 122, 122, 122, 259, 197, 259, 259, 284, 437, 437, 437, 284, 481, 481, 206, 206, 206, 206, 35, 35, 35, 35, 35, 35, 68, 68, 267, 267, 267, 267, 267, 273, 267, 246, 464, 286, 374, 374, 374, 374, 132, 132, 213, 323, 323, 224, 323, 219, 107, 395, 395, 395, 286, 464, 264, 264, 264, 120, 120, 120, 240, 240, 240, 240, 355, 324, 445, 276, 276, 43, 372, 76, 76, 324, 324, 374, 324, 213, 213, 374, 374, 374, 398, 398, 132, 132, 98, 17, 17, 122, 171, 171, 171, 264, 264, 264, 264, 264, 264, 264, 264, 264, 264, 264, 264, 264, 264, 264, 264, 264, 264, 264, 264, 264, 264, 264, 264, 264, 264, 264, 264, 264, 264, 264, 264, 264, 264, 264, 264, 264, 264, 264, 264, 264, 264, 264, 264, 264, 264, 264, 264, 264, 264, 264, 264, 264, 264, 264, 264, 264, 264, 264, 264, 264, 264, 264, 264, 264, 264, 264, 264, 264, 264, 264, 264, 264, 264, 264, 264, 264, 264, 264, 264, 264, 264, 264, 264, 264, 264, 264, 264, 264, 264, 264, 264, 264, 264, 264, 264, 264, 264, 264, 264, 264, 264, 264, 264, 264, 264, 264, 264, 264, 264, 264, 264, 264, 264, 264, 264, 264, 264, 264, 264, 264, 264, 264, 264, 264, 264, 264, 264, 264, 264, 264, 264, 264, 264, 264, 264, 264, 264, 264, 264, 264, 264, 264]

ep85
Train step Loss: [3.6542305946350098, 4.169694900512695, 3.750129222869873, 3.449458599090576, 3.639942169189453, 4.0082244873046875, 3.6835029125213623, 3.756981372833252, 3.6274619102478027, 3.4685416221618652, 3.8245158195495605, 3.595663070678711, 3.5747060775756836, 3.5722715854644775, 3.9172372817993164, 3.863889455795288, 3.803945541381836, 3.1973631381988525, 3.7652223110198975, 3.918928861618042, 3.579742193222046, 3.8846659660339355, 3.383052349090576, 3.6381516456604004, 3.7019107341766357, 3.7519853115081787, 3.626052141189575, 3.669790506362915, 3.151566743850708, 3.383244514465332, 3.7376534938812256, 3.6345934867858887, 3.451878070831299, 3.338379383087158, 3.439229965209961, 3.7935473918914795, 3.7294490337371826, 3.4986891746520996, 3.9258384704589844, 3.789977788925171, 3.8295345306396484, 3.7645764350891113, 3.69559907913208, 3.5093581676483154, 3.491084575653076, 3.8237345218658447, 3.4510586261749268, 3.9381442070007324, 3.0788657665252686, 3.743133068084717, 4.135272979736328, 3.471935987472534, 3.9704158306121826, 3.923050880432129, 3.570117712020874, 3.6683757305145264, 3.440559148788452, 3.7048914432525635, 3.598512649536133, 3.8321776390075684, 3.76715350151062, 3.8377511501312256, 3.720045804977417]
val step Loss: [3.294128656387329, 3.3965651988983154, 3.4805238246917725, 2.720831871032715, 3.4202606678009033, 2.99774169921875, 3.0964956283569336, 3.403001546859741, 3.504326820373535, 3.2299883365631104, 3.0721399784088135, 3.1991326808929443, 3.4063076972961426, 3.199960470199585, 3.2209250926971436, 3.2437312602996826]
Train step Accs: [0.31007493755203996, 0.2017254503933012, 0.2674747474747475, 0.32301662386809027, 0.274235807860262, 0.23546246910368154, 0.2821635362236972, 0.2547068727996326, 0.3259092190583592, 0.3114478114478115, 0.26681065514758817, 0.3175278919553729, 0.31770983559273147, 0.29427213606803404, 0.2545176536002224, 0.27522935779816515, 0.2680787911494873, 0.3993305439330544, 0.27780955104375177, 0.22908093278463648, 0.2603888677087305, 0.2334055811433216, 0.30896027049873204, 0.291981845688351, 0.27308355541620943, 0.2768097464230061, 0.2725236037766043, 0.28054899645808734, 0.40312021172865303, 0.35815924916742353, 0.2830818340104469, 0.2992777413000657, 0.3124567474048443, 0.34583769242265733, 0.3558603138696451, 0.2624931356397584, 0.2675618374558304, 0.2833841463414634, 0.24226415094339623, 0.2688738052361823, 0.25805250418916403, 0.2589810135227428, 0.3006369426751592, 0.30434782608695654, 0.3314509122502172, 0.2635989010989011, 0.32386027235050324, 0.23030149480618192, 0.40973660846404264, 0.267418171940785, 0.19320169957510622, 0.298867373036171, 0.20601798478210745, 0.23189287888009738, 0.32384577196756575, 0.2784867137066507, 0.3327781479013991, 0.2710843373493976, 0.28792569659442724, 0.2813115676892767, 0.258271935699933, 0.23746770025839795, 0.26156111929307807]
val step Accs: [0.3682614999340978, 0.35024948277960327, 0.32635496627122584, 0.5150855365474339, 0.35111695137976345, 0.4281298299845441, 0.4173100365704998, 0.3117206982543641, 0.33210332103321033, 0.3887995320953356, 0.42756976581124667, 0.3946238049050852, 0.3502165070200761, 0.39872935196950443, 0.39178041097945104, 0.4041683694319575]
Preds: [17, 17, 30, 324, 422, 143, 180, 180, 180, 14, 287, 284, 486, 111, 111, 111, 330, 438, 438, 14, 14, 14, 14, 411, 287, 145, 145, 486, 486, 146, 146, 146, 299, 207, 207, 19, 414, 454, 454, 414, 392, 392, 392, 392, 187, 187, 187, 392, 392, 392, 1, 1, 1, 408, 408, 73, 73, 320, 320, 321, 321, 320, 287, 287, 287, 287, 284, 284, 284, 284, 284, 284, 426, 426, 426, 450, 293, 293, 293, 122, 106, 349, 349, 25, 25, 25, 25, 25, 25, 106, 106, 346, 426, 413, 85, 85, 146, 299, 94, 94, 398, 398, 398, 398, 398, 398, 464, 464, 464, 139, 315, 315, 450, 450, 450, 450, 450, 450, 450, 413, 413, 250, 250, 43, 276, 346, 346, 284, 284, 284, 284, 426, 426, 426, 426, 426, 426, 413, 413, 413, 43, 43, 276, 276, 346, 346, 306, 428, 428, 146, 240, 240, 240, 34, 34, 34, 406, 324, 337, 324, 324, 422, 422, 31, 232, 232, 232, 115, 115, 115, 267, 267, 246, 246, 324, 3, 3, 3, 188, 188, 464, 464, 120, 120, 271, 271, 68, 232, 232, 232, 232, 232, 115, 172, 115, 273, 273, 273, 273, 450, 84, 84, 84, 355, 355, 355, 263, 263, 170, 170, 170, 414, 414, 392, 170, 170, 63, 28, 28, 392, 2, 2, 2, 2, 2, 2, 2, 73, 63, 63, 63, 63, 63, 63, 63, 63, 244, 321, 73, 249, 249, 249, 320, 7, 7, 345, 153, 497, 497, 497, 122, 122, 114, 169, 169, 486, 486, 486, 443, 443, 486, 460, 240, 240, 35, 35, 34, 324, 324, 84, 43, 43, 88, 88, 88, 467, 467, 345, 324, 431, 264, 403, 213, 213, 246, 246, 246, 246, 246, 246, 246, 246, 19, 414, 414, 414, 414, 414, 414, 414, 170, 170, 170, 63, 28, 40, 40, 40, 40, 2, 40, 40, 63, 63, 63, 63, 63, 63, 63, 63, 63, 244, 63, 63, 63, 63, 63, 63, 63, 63, 63, 63, 244, 73, 73, 321, 73, 73, 320, 7, 7, 7, 213, 330, 371, 324, 374, 374, 43, 43, 43, 43, 43, 276, 276, 346, 346, 346, 284, 284, 284, 284, 284, 206, 206, 206, 206, 206, 206, 206, 35, 35, 35, 35, 259, 259, 213, 437, 437, 437, 284, 284, 284, 284, 284, 284, 426, 426, 426, 426, 426, 426, 426, 206, 282, 282, 388, 94, 348, 398, 199, 467, 337, 337, 264, 207, 207, 464, 464, 468, 468, 467, 467, 467, 467, 331, 398, 43, 106, 349, 349, 25, 25, 25, 122, 441, 441, 346, 346, 153, 153, 182, 182, 182, 182, 182, 182, 182, 182, 182, 497, 497, 497, 43, 43, 276, 70, 70, 65, 426, 426, 450, 428, 146, 146, 146, 146, 219, 219, 464, 464, 468, 374, 374, 374, 132, 324, 324, 324, 464, 464, 355, 355, 355, 355, 263, 263, 170, 188, 171, 171, 171, 264, 264, 264, 264, 264, 264, 264, 264, 264, 264, 264, 264, 264, 264, 264, 264, 264, 264, 264, 264, 264, 264, 264, 264, 264, 264, 264, 264, 264, 264, 264, 264, 264, 264, 264, 264, 264, 264, 264, 264, 264, 264, 264, 264, 264, 264, 264, 264, 264, 264, 264, 264, 264, 264, 264, 264, 264, 264, 264, 264, 264, 264, 264, 264, 264, 264, 264, 264, 264, 264, 264, 264, 264, 264, 264, 264, 264, 264, 264, 264, 264, 264, 264, 264, 264, 264, 264, 264, 264, 264, 264, 264, 264, 264, 264, 264, 264, 264, 264, 264, 264, 264, 264, 264, 264, 264, 264, 264, 264, 264, 264, 264, 264, 264, 264, 264, 264, 264]

ep86
Train step Loss: [3.596266269683838, 3.9686310291290283, 3.5582375526428223, 3.7576751708984375, 3.613762617111206, 4.0127434730529785, 3.949838399887085, 3.7143850326538086, 3.476874351501465, 3.917026996612549, 3.8015222549438477, 3.4901576042175293, 3.480623483657837, 3.5151662826538086, 3.9653985500335693, 3.3146533966064453, 3.762665033340454, 3.4874660968780518, 3.876727342605591, 3.899466037750244, 3.6844069957733154, 3.563460350036621, 3.700150489807129, 3.38262939453125, 3.484736680984497, 3.4238524436950684, 3.7544031143188477, 3.7487027645111084, 3.7347826957702637, 3.703511953353882, 3.4237210750579834, 3.8427062034606934, 3.60294508934021, 3.664571762084961, 3.4690613746643066, 3.7796058654785156, 3.741780996322632, 3.147289514541626, 3.325308084487915, 2.9948296546936035, 3.8531858921051025, 3.3747735023498535, 3.5652859210968018, 3.190075159072876, 3.4318032264709473, 3.955341100692749, 3.803361415863037, 3.7232697010040283, 3.644193172454834, 3.6577281951904297, 3.855801820755005, 3.9598097801208496, 3.7958004474639893, 3.496123790740967, 3.47829008102417, 3.771231174468994, 3.3871285915374756, 3.5293893814086914, 3.7857017517089844, 3.503297805786133, 3.668349027633667, 3.9610540866851807, 3.571770429611206]
val step Loss: [3.1127126216888428, 3.328019857406616, 3.250027894973755, 2.9327661991119385, 3.075752019882202, 3.386225938796997, 3.663213014602661, 3.0683999061584473, 3.0647926330566406, 3.5813088417053223, 3.077885866165161, 3.261521100997925, 3.0065722465515137, 3.5129339694976807, 2.8328702449798584, 3.195758581161499]
Train step Accs: [0.3317697997474292, 0.2356794425087108, 0.2905367231638418, 0.24693546005021416, 0.29088913282107576, 0.2466311061201572, 0.23947505197505198, 0.25572690522533315, 0.33237731038878265, 0.24143183549124142, 0.2672117039586919, 0.32593911917098445, 0.33630866685862365, 0.3262420896728154, 0.2417503586800574, 0.33385506339020193, 0.27411944869831545, 0.31668496158068055, 0.25255723331709695, 0.2267997750281215, 0.26534653465346536, 0.2877899226872834, 0.2625170998632011, 0.33800200085751037, 0.3176104879037708, 0.3309002433090024, 0.29289199525253856, 0.2647329650092081, 0.26925262858766696, 0.2622155287817938, 0.31932882414151925, 0.2672402555077565, 0.3115800673878347, 0.2824098977945132, 0.3155584247901872, 0.2400449382099613, 0.26896067415730335, 0.3764513044666029, 0.355899945622621, 0.4191824739513759, 0.2588008800880088, 0.3384234420140322, 0.30186577554998606, 0.39429502852485737, 0.35288155227338547, 0.2273411623005119, 0.2568992920098252, 0.26468995396696454, 0.29617237687366166, 0.2822539520652728, 0.24950677364198343, 0.25020408163265306, 0.2596271601578446, 0.31226765799256506, 0.3464876371377108, 0.26170839469808543, 0.32730560578661844, 0.292050446365311, 0.24894565610314495, 0.3492494639027877, 0.27611574301128006, 0.22344118872378838, 0.27177254098360654]
val step Accs: [0.40827784306045173, 0.36339639243290806, 0.3600425928390789, 0.44251659625829814, 0.4134736842105263, 0.3606787445776984, 0.30927983836051376, 0.41890284203569067, 0.40927021696252464, 0.3306608043450149, 0.4103938185443669, 0.39775980087118856, 0.43255540877733745, 0.3195475003040993, 0.4654501944361352, 0.3717232488182209]
Preds: [17, 17, 217, 217, 217, 473, 473, 65, 264, 264, 264, 264, 264, 264, 468, 468, 468, 467, 337, 337, 337, 337, 301, 301, 301, 259, 401, 354, 354, 473, 473, 264, 264, 395, 468, 468, 337, 337, 337, 171, 171, 434, 434, 339, 339, 398, 398, 398, 398, 324, 324, 301, 301, 354, 354, 43, 276, 276, 276, 276, 153, 182, 182, 182, 182, 481, 293, 293, 122, 129, 129, 208, 75, 208, 208, 437, 437, 481, 206, 206, 206, 426, 206, 467, 467, 285, 315, 426, 426, 413, 85, 85, 315, 282, 282, 303, 98, 98, 98, 48, 48, 48, 170, 170, 170, 170, 170, 392, 392, 63, 63, 63, 63, 63, 63, 63, 63, 63, 63, 63, 63, 63, 63, 63, 63, 73, 73, 244, 289, 320, 7, 7, 309, 479, 331, 290, 290, 360, 360, 434, 434, 434, 434, 434, 434, 434, 3, 3, 143, 188, 188, 324, 422, 422, 349, 349, 25, 25, 25, 25, 106, 284, 486, 460, 460, 150, 342, 342, 342, 68, 68, 68, 115, 273, 470, 403, 290, 171, 434, 360, 339, 76, 76, 76, 398, 398, 398, 398, 324, 464, 264, 286, 468, 303, 76, 19, 19, 19, 19, 464, 286, 286, 468, 468, 414, 337, 19, 19, 19, 19, 19, 19, 454, 414, 414, 392, 170, 170, 170, 392, 392, 392, 392, 392, 63, 63, 63, 63, 63, 63, 63, 63, 63, 63, 63, 63, 63, 63, 63, 63, 392, 244, 7, 320, 320, 83, 188, 188, 171, 171, 171, 171, 464, 464, 464, 464, 464, 464, 464, 171, 171, 240, 240, 143, 32, 32, 239, 239, 143, 371, 106, 106, 153, 88, 274, 497, 43, 129, 129, 208, 208, 208, 441, 441, 153, 153, 153, 182, 182, 182, 182, 182, 98, 98, 98, 98, 98, 414, 414, 414, 414, 392, 392, 392, 392, 392, 392, 63, 63, 63, 63, 63, 392, 392, 392, 244, 7, 320, 320, 7, 7, 374, 374, 374, 374, 132, 132, 132, 132, 132, 132, 132, 324, 19, 213, 213, 213, 213, 213, 246, 246, 246, 246, 414, 414, 47, 414, 197, 197, 197, 249, 249, 80, 392, 244, 80, 320, 321, 114, 188, 188, 171, 171, 120, 107, 395, 395, 239, 239, 401, 401, 401, 401, 82, 321, 320, 7, 354, 473, 473, 278, 171, 171, 171, 286, 286, 286, 286, 468, 468, 468, 468, 467, 337, 337, 19, 324, 324, 3, 3, 14, 14, 14, 287, 145, 145, 145, 460, 460, 438, 438, 263, 224, 342, 342, 68, 68, 68, 224, 196, 196, 213, 213, 213, 213, 213, 19, 19, 19, 414, 417, 392, 170, 170, 392, 392, 392, 392, 392, 392, 63, 63, 63, 63, 63, 63, 63, 63, 63, 63, 63, 392, 73, 289, 320, 320, 287, 188, 188, 171, 171, 171, 264, 264, 468, 468, 406, 406, 467, 337, 337, 324, 464, 301, 398, 251, 241, 241, 241, 431, 431, 376, 376, 376, 376, 376, 376, 460, 460, 460, 169, 169, 225, 352, 352, 352, 80, 80, 80, 80, 287, 287, 287, 297, 297, 98, 497, 98, 98, 129, 401, 14, 14, 411, 287, 297, 297, 481, 426, 426, 426, 426, 426, 206, 98, 98, 414, 312, 312, 312, 451, 171, 171, 171, 171, 171, 171, 264, 264, 264, 264, 264, 264, 264, 264, 264, 264, 264, 264, 264, 264, 264, 264, 264, 264, 264, 264, 264, 264, 264, 264, 264, 264, 264, 264, 264, 264, 264, 264, 264, 264, 264, 264, 264, 264, 264, 264, 264, 264, 264, 264, 264, 264, 264, 264, 264, 264, 264, 264, 264, 264, 264, 264, 264, 264, 264, 264, 264, 264, 264]

ep87
Train step Loss: [3.9568705558776855, 3.1407628059387207, 3.995863914489746, 3.822051763534546, 3.5592527389526367, 3.8344664573669434, 3.7109947204589844, 3.6824734210968018, 3.49593186378479, 3.576554298400879, 3.5971460342407227, 3.772033452987671, 3.68247127532959, 3.3313138484954834, 3.621718645095825, 3.9308409690856934, 3.759796619415283, 3.365318775177002, 3.2789154052734375, 3.190478563308716, 3.8200595378875732, 3.5772175788879395, 3.783092975616455, 3.425623893737793, 3.83656644821167, 3.6795551776885986, 3.940497398376465, 3.609241485595703, 3.447720766067505, 3.816420555114746, 3.3061535358428955, 3.6368045806884766, 4.070574760437012, 3.3132946491241455, 3.823733329772949, 3.778672695159912, 3.3260815143585205, 3.4348626136779785, 3.739381790161133, 3.2940030097961426, 3.508218288421631, 3.7210967540740967, 3.3970038890838623, 3.833536386489868, 3.6383209228515625, 3.2328262329101562, 3.941150665283203, 3.872215986251831, 3.4515085220336914, 3.5437874794006348, 3.5882277488708496, 3.460791826248169, 3.322657823562622, 3.4772727489471436, 3.698507308959961, 3.94303822517395, 3.8276779651641846, 3.4169921875, 3.4773144721984863, 3.745171546936035, 3.1171295642852783, 3.8629212379455566, 4.178369045257568]
val step Loss: [3.2495431900024414, 3.47721266746521, 3.161043882369995, 3.069854497909546, 2.8751220703125, 3.706385612487793, 3.1239876747131348, 2.9791550636291504, 3.596597671508789, 3.062116861343384, 3.063427209854126, 3.4450345039367676, 2.742044687271118, 2.8824546337127686, 3.9312515258789062, 3.043501853942871]
Train step Accs: [0.26503277286976346, 0.39136069114470845, 0.2509990975892742, 0.258610538710627, 0.30284744484254195, 0.24946846208362863, 0.26633380884450786, 0.27873601053324554, 0.3185454545454545, 0.30615572768039134, 0.27544437129690585, 0.275800467225505, 0.26141618497109825, 0.36155365371955234, 0.2685971685971686, 0.2464705882352941, 0.2568263781555899, 0.35067577387007703, 0.3454838709677419, 0.40344352617079887, 0.2613768961493582, 0.2893126512025046, 0.2841486233627372, 0.33328501014786893, 0.26643176582192707, 0.26187782805429866, 0.23468450741178015, 0.2896307047250444, 0.2901915264074289, 0.2628379252360626, 0.3600585028586624, 0.2906830562927783, 0.21344072489302793, 0.3349872412815424, 0.25426378624218304, 0.26368227105227243, 0.3249419054996127, 0.3040714393824731, 0.28402890429140243, 0.35955871679489043, 0.30067707613652067, 0.2808257918552036, 0.3145833333333333, 0.267260579064588, 0.3073124103871276, 0.3822535211267606, 0.2403533240353324, 0.24621397166585246, 0.30417310664605873, 0.3238034050754899, 0.2757417102966841, 0.3253727222528989, 0.36033755274261603, 0.3485173501577287, 0.26863204298112686, 0.2373174179362337, 0.2585432266848196, 0.3237909949972207, 0.310529360717385, 0.24578833693304536, 0.37882227266657764, 0.23041261010662958, 0.2628309905197777]
val step Accs: [0.36656041727035643, 0.3405436174754518, 0.4004707048185309, 0.4051383399209486, 0.4663065112311629, 0.3122519184969569, 0.4086569064290261, 0.43722064201544086, 0.29997485541865726, 0.43508879363135333, 0.41960903167146535, 0.3575888874729196, 0.48595241295873104, 0.45288399222294234, 0.22867602196461256, 0.3981303271927413]
Preds: [17, 17, 17, 7, 217, 217, 217, 217, 473, 473, 65, 443, 443, 443, 330, 330, 240, 240, 239, 35, 35, 143, 310, 107, 107, 107, 395, 395, 395, 106, 153, 153, 481, 387, 387, 206, 167, 167, 35, 35, 35, 284, 354, 354, 473, 473, 65, 264, 467, 313, 313, 324, 324, 34, 324, 324, 171, 171, 434, 434, 3, 3, 464, 464, 464, 464, 464, 94, 94, 398, 398, 398, 199, 106, 153, 153, 497, 182, 182, 182, 182, 182, 497, 497, 497, 497, 122, 43, 259, 208, 441, 441, 441, 346, 346, 346, 428, 85, 85, 85, 85, 146, 468, 468, 468, 406, 406, 406, 406, 467, 467, 98, 98, 98, 98, 98, 98, 98, 48, 170, 170, 414, 414, 170, 187, 187, 187, 187, 244, 2, 2, 2, 2, 73, 244, 244, 321, 320, 7, 7, 7, 309, 309, 398, 398, 290, 360, 360, 360, 252, 252, 143, 324, 324, 445, 445, 395, 395, 444, 444, 213, 213, 360, 324, 434, 434, 434, 434, 464, 464, 315, 331, 443, 443, 376, 376, 376, 376, 460, 460, 263, 263, 170, 170, 414, 414, 414, 187, 187, 187, 187, 23, 23, 23, 23, 391, 391, 391, 391, 244, 244, 73, 73, 289, 20, 321, 320, 320, 7, 7, 309, 473, 473, 264, 290, 290, 360, 171, 434, 434, 252, 143, 310, 107, 107, 107, 107, 107, 400, 400, 213, 213, 213, 213, 246, 246, 246, 19, 19, 454, 414, 414, 414, 414, 414, 244, 244, 244, 66, 66, 66, 115, 115, 115, 273, 273, 273, 450, 460, 460, 240, 240, 34, 53, 324, 324, 324, 324, 324, 324, 464, 171, 171, 464, 464, 464, 139, 139, 94, 94, 398, 399, 195, 195, 76, 324, 324, 324, 324, 31, 31, 422, 68, 273, 342, 342, 115, 273, 273, 273, 315, 284, 376, 460, 460, 460, 460, 460, 35, 35, 35, 27, 287, 284, 111, 111, 460, 169, 169, 342, 68, 342, 267, 267, 115, 267, 267, 444, 286, 286, 374, 139, 132, 132, 497, 98, 98, 98, 98, 244, 287, 287, 319, 199, 76, 348, 348, 348, 324, 77, 310, 219, 107, 395, 395, 374, 374, 374, 10, 398, 331, 331, 43, 43, 153, 182, 182, 43, 43, 43, 276, 276, 100, 100, 98, 98, 182, 98, 98, 98, 414, 170, 170, 170, 414, 414, 201, 249, 249, 47, 80, 80, 80, 80, 80, 80, 73, 73, 321, 320, 320, 287, 43, 100, 481, 182, 182, 98, 497, 122, 122, 354, 208, 100, 100, 100, 346, 346, 346, 426, 206, 98, 98, 170, 170, 170, 170, 451, 171, 264, 264, 264, 264, 264, 264, 264, 264, 264, 264, 264, 264, 264, 264, 264, 264, 264, 264, 264, 264, 264, 264, 264, 264, 264, 264, 264, 264, 264, 264, 264, 264, 264, 264, 264, 264, 264, 264, 264, 264, 264, 264, 264, 264, 264, 264, 264, 264, 264, 264, 264, 264, 264, 264, 264, 264, 264, 264, 264, 264, 264, 264, 264, 264, 264, 264, 264, 264, 264, 264, 264, 264, 264, 264, 264, 264, 264, 264, 264, 264, 264, 264, 264, 264, 264, 264, 264, 264, 264, 264, 264, 264, 264, 264, 264, 264, 264, 264, 264, 264, 264, 264, 264, 264, 264, 264, 264, 264, 264, 264, 264, 264, 264, 264, 264, 264, 264, 264, 264, 264, 264, 264, 264, 264, 264, 264, 264, 264, 264, 264, 264, 264, 264, 264, 264, 264, 264, 264, 264, 264, 264, 264, 264, 264, 264, 264, 264, 264, 264, 264, 264, 264, 264, 264, 264, 264, 264, 264, 264, 264, 264, 264, 264, 264, 264, 264, 264, 264, 264, 264, 264]

ep88
Train step Loss: [4.147885799407959, 3.9948372840881348, 3.588723659515381, 3.5083799362182617, 3.4532828330993652, 3.5604913234710693, 3.934950590133667, 3.2348897457122803, 3.8498356342315674, 3.128302812576294, 3.8451268672943115, 3.6569504737854004, 3.6629600524902344, 3.9577994346618652, 3.946688413619995, 3.71962571144104, 3.381751775741577, 3.7174129486083984, 3.66987681388855, 3.880995988845825, 3.6205668449401855, 3.4458751678466797, 3.6010758876800537, 3.4772565364837646, 3.63120436668396, 3.2395946979522705, 3.86683988571167, 3.812401294708252, 4.279440402984619, 3.633324384689331, 3.6896088123321533, 3.6953935623168945, 3.314762830734253, 3.4581942558288574, 3.4440674781799316, 3.6616833209991455, 3.4962217807769775, 3.897731065750122, 3.4380667209625244, 3.7393929958343506, 3.683217763900757, 3.6644413471221924, 3.9768192768096924, 4.016292572021484, 3.838494062423706, 3.423089027404785, 3.501457929611206, 3.6964402198791504, 3.680692672729492, 3.6091761589050293, 3.123357057571411, 3.456693172454834, 3.274466037750244, 3.676755428314209, 3.804694652557373, 3.925619602203369, 3.4826838970184326, 3.285493850708008, 3.5909950733184814, 3.6743791103363037, 3.8682899475097656, 3.8435137271881104, 3.168750524520874]
val step Loss: [3.162733554840088, 3.473817825317383, 2.911193609237671, 3.373175621032715, 3.3512773513793945, 3.286501884460449, 3.171779155731201, 2.9619781970977783, 3.281059503555298, 3.2169644832611084, 3.2568883895874023, 3.073152542114258, 2.9272568225860596, 3.532841920852661, 3.1318776607513428, 2.866272449493408]
Train step Accs: [0.20069881201956674, 0.21792966815255077, 0.30123012301230123, 0.29774369562011505, 0.29682217714672077, 0.3081826460257578, 0.2544083667761158, 0.36949305974652985, 0.25165945165945164, 0.4219409282700422, 0.2552515201768933, 0.26792564178223666, 0.2858328721638074, 0.21976792954005311, 0.22950819672131148, 0.2854014598540146, 0.33151377978964186, 0.2816790279311977, 0.27719241368130976, 0.24543046357615894, 0.3117782909930716, 0.32992617830777965, 0.30303882948790095, 0.3167975747554086, 0.29629021667760996, 0.36573511543134873, 0.25318809776833157, 0.23343587316611453, 0.20709859154929577, 0.287135749822317, 0.26552344074125295, 0.2533081285444234, 0.3491739372563579, 0.3422779641242526, 0.322010662604722, 0.2766016713091922, 0.3141052631578947, 0.23177496038034864, 0.3218390804597701, 0.2703289882060832, 0.272375348405079, 0.3005973051812752, 0.22336769759450173, 0.2148604475735479, 0.2642226954669912, 0.34811869073111046, 0.2789021347380094, 0.24903705671403906, 0.2813688212927757, 0.3046667707195255, 0.4069425073609174, 0.3455268389662028, 0.365748963883955, 0.279465776293823, 0.24815550510783202, 0.26052210974960044, 0.31862608209997206, 0.3635024549918167, 0.3315727699530516, 0.26242671424929903, 0.22879731672256828, 0.2730540577906816, 0.38366641993585]
val step Accs: [0.37105263157894736, 0.3180682764363031, 0.469103805756377, 0.3471949190987449, 0.3569557080474111, 0.3612068965517241, 0.39477374123645637, 0.44890620317650587, 0.37868673382692075, 0.38528353393721304, 0.380377965420185, 0.4350325215549841, 0.44968601623525806, 0.32275532048860345, 0.4081321121287816, 0.4657289002557545]
Preds: [17, 287, 486, 486, 460, 460, 35, 215, 35, 35, 35, 35, 259, 259, 208, 441, 100, 100, 153, 43, 98, 259, 208, 441, 437, 346, 481, 481, 481, 387, 387, 169, 263, 263, 170, 47, 47, 170, 47, 249, 249, 249, 249, 187, 187, 392, 392, 249, 244, 249, 249, 249, 249, 75, 201, 201, 201, 201, 201, 201, 201, 201, 201, 40, 40, 408, 244, 73, 320, 7, 321, 321, 287, 486, 486, 111, 486, 460, 460, 169, 150, 342, 338, 338, 338, 338, 338, 400, 400, 400, 213, 213, 213, 360, 360, 434, 434, 246, 246, 422, 338, 338, 338, 338, 338, 338, 400, 400, 400, 213, 213, 301, 374, 374, 374, 132, 132, 132, 132, 132, 132, 132, 98, 182, 182, 182, 497, 497, 497, 98, 197, 197, 197, 197, 197, 197, 197, 7, 213, 213, 30, 30, 213, 213, 213, 213, 246, 246, 246, 246, 301, 301, 43, 43, 43, 276, 276, 346, 319, 319, 282, 85, 85, 85, 282, 282, 282, 282, 388, 94, 398, 398, 398, 324, 324, 324, 301, 301, 301, 354, 354, 355, 486, 486, 376, 428, 428, 146, 146, 403, 207, 207, 207, 3, 3, 3, 3, 197, 197, 188, 374, 48, 486, 310, 403, 403, 374, 313, 374, 374, 374, 132, 132, 132, 132, 132, 132, 132, 132, 132, 132, 132, 132, 153, 43, 43, 43, 43, 372, 398, 473, 473, 278, 213, 213, 213, 246, 246, 246, 246, 19, 19, 454, 414, 414, 392, 414, 414, 408, 408, 408, 408, 408, 408, 391, 391, 391, 391, 321, 321, 320, 321, 321, 287, 287, 287, 287, 111, 319, 319, 319, 348, 413, 43, 43, 345, 345, 109, 109, 403, 171, 171, 171, 324, 464, 464, 324, 301, 464, 315, 486, 443, 486, 319, 282, 282, 388, 94, 398, 331, 199, 331, 403, 290, 290, 171, 171, 171, 246, 3, 301, 301, 143, 355, 355, 437, 106, 284, 206, 206, 206, 150, 224, 342, 342, 323, 224, 494, 494, 374, 374, 374, 374, 139, 88, 497, 497, 43, 88, 109, 346, 346, 428, 428, 428, 85, 85, 146, 146, 146, 219, 219, 219, 219, 152, 152, 139, 467, 324, 293, 43, 43, 43, 276, 276, 276, 346, 293, 293, 293, 293, 35, 35, 114, 180, 180, 183, 183, 486, 139, 139, 139, 139, 293, 293, 122, 349, 349, 323, 324, 213, 494, 494, 241, 114, 486, 443, 443, 330, 330, 299, 299, 464, 464, 464, 464, 94, 330, 180, 180, 431, 324, 278, 338, 338, 338, 436, 436, 395, 395, 84, 319, 413, 413, 48, 323, 323, 323, 224, 395, 395, 400, 286, 464, 464, 43, 139, 139, 129, 348, 348, 43, 180, 441, 437, 437, 481, 426, 467, 372, 372, 467, 467, 467, 303, 303, 48, 186, 32, 259, 354, 473, 264, 264, 286, 286, 286, 468, 468, 468, 337, 337, 337, 19, 324, 19, 19, 454, 414, 414, 414, 414, 170, 170, 170, 47, 47, 244, 2, 2, 2, 2, 2, 73, 73, 435, 435, 435, 424, 320, 320, 320, 30, 30, 30, 30, 324, 464, 434, 301, 378, 378, 88, 88, 100, 100, 293, 497, 497, 497, 43, 98, 441, 441, 481, 306, 372, 372, 467, 467, 467, 406, 132, 98, 98, 98, 98, 98, 170, 414, 414, 414, 414, 414, 47, 47, 244, 80, 80, 320, 321, 320, 441, 441, 346, 346, 346, 346, 85, 85, 85, 282, 150, 150, 342, 342, 323, 323, 224, 273, 106, 106, 153, 182, 182, 182, 98, 98, 98, 414, 170, 170, 170, 414, 414, 249, 392, 249, 249, 28, 28, 28, 2, 244, 2, 244, 63, 63, 63, 63]

ep89
Train step Loss: [3.970325469970703, 3.977308988571167, 3.255241870880127, 3.609354257583618, 3.7522685527801514, 3.515448570251465, 3.6007144451141357, 3.301482915878296, 3.542309284210205, 3.9047341346740723, 3.5960886478424072, 3.5151662826538086, 2.9897961616516113, 3.692011833190918, 3.6934831142425537, 3.613255739212036, 4.039740085601807, 3.3590409755706787, 3.6381354331970215, 3.6398403644561768, 3.8194046020507812, 3.735912561416626, 3.501791000366211, 3.8299455642700195, 3.842416286468506, 3.7457635402679443, 4.022665977478027, 4.016138553619385, 3.534701108932495, 3.947265863418579, 3.5911943912506104, 3.55708384513855, 3.7775120735168457, 3.3489301204681396, 3.532578706741333, 3.3213210105895996, 3.6507349014282227, 3.8050546646118164, 3.906097173690796, 3.485712766647339, 3.6685309410095215, 3.3676609992980957, 3.461386203765869, 3.5012412071228027, 3.9156906604766846, 3.387263774871826, 3.295278549194336, 3.064903736114502, 3.5581629276275635, 3.7399864196777344, 3.337923288345337, 3.795407772064209, 3.26287579536438, 3.869446039199829, 3.678313970565796, 3.5536372661590576, 3.5287208557128906, 3.4841549396514893, 3.875796318054199, 3.2762362957000732, 3.4903769493103027, 4.021005153656006, 3.5948266983032227]
val step Loss: [3.4070611000061035, 3.3486082553863525, 3.3822832107543945, 2.9875311851501465, 3.391331195831299, 3.2979166507720947, 3.0039124488830566, 3.3596863746643066, 3.3082802295684814, 3.0889549255371094, 3.0421383380889893, 3.2449610233306885, 2.9650936126708984, 3.3060595989227295, 3.1315505504608154, 2.968480348587036]
Train step Accs: [0.22115950559152442, 0.22456342906624333, 0.3569716088328076, 0.28194444444444444, 0.25059070622210555, 0.29688888888888887, 0.3072992700729927, 0.3549624420648873, 0.2974617782395725, 0.2471849138515805, 0.29146191646191644, 0.3016639828234031, 0.40891472868217055, 0.28215654077723046, 0.2508536905700026, 0.31086377175105817, 0.2293958005999143, 0.3457221979303309, 0.28046203690660654, 0.2829016913319239, 0.2377447576725455, 0.2624861265260821, 0.31509025270758123, 0.2628163530175211, 0.23927846135467687, 0.282809364548495, 0.20811236921312884, 0.20866710439921207, 0.30367189813443884, 0.2440592675426335, 0.29898142600359495, 0.28604057503694746, 0.2578149179820489, 0.3298525798525799, 0.31110814775303375, 0.33410636982065556, 0.26907331596576106, 0.2701054503874984, 0.26138909634055263, 0.33528371206966934, 0.3134126147824778, 0.3398503131205132, 0.3115124153498871, 0.3502083654885013, 0.242617406010147, 0.3621071270473661, 0.3302705461970393, 0.45130906768837803, 0.3219543147208122, 0.26951291079812206, 0.36065109695682945, 0.24418293661406792, 0.3742975451049985, 0.2544387380777696, 0.2644573541061526, 0.2962287104622871, 0.30843251456064824, 0.32834532374100717, 0.225561797752809, 0.3587869362363919, 0.3329632199861208, 0.2314840120251435, 0.26804123711340205]
val step Accs: [0.3338246131171702, 0.3535275080906149, 0.3535314550366654, 0.43691264828223697, 0.34635691657866946, 0.36745939675174016, 0.40240320427236315, 0.37256328193191734, 0.3841481931369572, 0.41802283215933933, 0.43785349703407367, 0.37397179788484136, 0.45587076438140267, 0.3858615611192931, 0.3833406018316616, 0.44346035015447993]
Preds: [17, 17, 296, 109, 278, 278, 330, 468, 35, 35, 35, 77, 54, 54, 224, 224, 273, 273, 494, 467, 467, 406, 406, 406, 406, 406, 467, 337, 337, 337, 338, 398, 76, 398, 398, 10, 398, 331, 331, 331, 106, 284, 284, 426, 426, 426, 426, 98, 98, 98, 98, 98, 13, 170, 47, 47, 170, 170, 392, 392, 392, 63, 63, 63, 63, 63, 63, 63, 63, 63, 63, 63, 63, 63, 63, 63, 63, 63, 63, 63, 63, 63, 63, 63, 63, 63, 73, 244, 289, 289, 321, 7, 7, 7, 32, 32, 354, 354, 420, 213, 213, 213, 213, 246, 246, 246, 246, 246, 246, 246, 246, 246, 3, 3, 3, 188, 188, 310, 395, 239, 143, 129, 401, 259, 354, 354, 109, 264, 278, 171, 171, 171, 171, 171, 171, 246, 246, 246, 246, 246, 246, 324, 422, 338, 338, 338, 338, 338, 338, 338, 400, 400, 400, 213, 360, 360, 434, 339, 339, 76, 129, 401, 321, 75, 213, 324, 324, 464, 286, 286, 464, 464, 464, 464, 315, 315, 315, 315, 315, 315, 315, 315, 450, 450, 450, 43, 43, 43, 276, 276, 276, 276, 276, 182, 182, 182, 182, 182, 182, 182, 182, 182, 182, 182, 303, 303, 303, 48, 48, 48, 132, 132, 132, 132, 132, 132, 98, 98, 98, 98, 197, 197, 80, 321, 321, 7, 7, 309, 331, 331, 360, 360, 464, 139, 139, 182, 182, 182, 182, 182, 182, 182, 182, 98, 98, 387, 413, 413, 348, 10, 10, 217, 473, 398, 398, 464, 464, 464, 315, 486, 460, 460, 460, 263, 263, 170, 170, 170, 170, 392, 392, 392, 392, 392, 392, 63, 63, 63, 63, 63, 63, 63, 63, 63, 73, 392, 73, 244, 320, 320, 66, 323, 323, 323, 323, 106, 106, 153, 153, 132, 132, 182, 182, 182, 182, 182, 182, 182, 182, 274, 122, 122, 129, 129, 129, 82, 75, 107, 323, 323, 323, 115, 273, 106, 106, 387, 387, 387, 319, 348, 94, 398, 331, 199, 271, 271, 150, 129, 129, 401, 321, 320, 7, 345, 345, 65, 346, 319, 240, 240, 34, 376, 376, 460, 460, 460, 169, 14, 284, 284, 284, 284, 460, 35, 401, 32, 32, 32, 321, 354, 106, 486, 486, 460, 240, 240, 35, 35, 35, 35, 224, 324, 324, 324, 464, 486, 486, 460, 460, 240, 240, 32, 35, 35, 75, 324, 371, 371, 286, 286, 464, 374, 132, 303, 303, 303, 414, 48, 170, 170, 7, 7, 75, 208, 208, 100, 100, 98, 98, 98, 98, 170, 170, 170, 170, 170, 63, 392, 63, 392, 63, 63, 63, 63, 63, 63, 63, 63, 63, 63, 63, 63, 63, 63, 63, 63, 63, 63, 63, 63, 63, 63, 63, 63, 63, 63, 63, 63, 63, 63, 73, 73, 73, 289, 320, 486, 287, 287, 287, 284, 284, 284, 284, 450, 450, 450, 43, 43, 276, 276, 276, 182, 182, 182, 182, 497, 497, 497, 43, 197, 129, 401, 32, 32, 354, 473, 476, 476, 476, 171, 171, 252, 252, 143, 143, 458, 75, 445, 445, 445, 445, 445, 219, 213, 374, 374, 374, 374, 132, 132, 132, 32, 186, 232, 232, 115, 482, 482, 482, 482, 482, 115, 336, 273, 273, 106, 153, 497, 274, 401, 129, 129, 401, 401, 75, 75, 213, 213, 213, 213, 171, 171, 171, 19, 414, 414, 259, 392, 401, 401, 401, 320, 398, 398, 331, 331, 94, 94, 94, 355, 324, 129, 401, 354, 7, 217, 70, 70, 65, 65, 284, 284, 284, 206, 206, 206, 35, 14, 14, 14, 426, 206, 481, 100, 297, 98, 98, 98, 76, 170]

ep90
Train step Loss: [3.5170071125030518, 3.612863063812256, 3.5940022468566895, 3.770571231842041, 3.303720712661743, 3.7221593856811523, 3.3722453117370605, 3.746969699859619, 3.7874300479888916, 3.590308904647827, 3.786780834197998, 3.46565318107605, 4.0537004470825195, 3.4057672023773193, 3.343104839324951, 3.5001699924468994, 3.654398202896118, 3.6866703033447266, 3.9216220378875732, 3.900902509689331, 3.580132246017456, 3.8807361125946045, 3.5236458778381348, 3.7122690677642822, 3.171220064163208, 3.616046905517578, 3.8890600204467773, 3.544065475463867, 3.52718186378479, 3.636033535003662, 3.554638624191284, 3.760185718536377, 3.337876796722412, 3.611557722091675, 3.7669286727905273, 3.6712899208068848, 3.537876844406128, 3.670053482055664, 3.4194822311401367, 3.667030096054077, 3.840233564376831, 3.296304225921631, 3.8721463680267334, 3.817704677581787, 3.16990327835083, 3.7395577430725098, 3.451674222946167, 3.696474075317383, 3.4756877422332764, 3.0932366847991943, 3.738025426864624, 3.3652331829071045, 3.861929178237915, 3.979344606399536, 3.3807427883148193, 3.6797847747802734, 3.8238003253936768, 3.6633973121643066, 3.694845199584961, 3.5477442741394043, 3.898625612258911, 3.3837594985961914, 4.239647388458252]
val step Loss: [3.208073139190674, 3.158660888671875, 3.2545394897460938, 2.9261085987091064, 2.8790993690490723, 3.3629605770111084, 2.9641621112823486, 2.8419971466064453, 3.687731981277466, 3.200819730758667, 3.2630019187927246, 3.4527275562286377, 3.327265501022339, 3.4350814819335938, 2.9757192134857178, 3.514572858810425]
Train step Accs: [0.32397033296512545, 0.3235578918245954, 0.29380888290713325, 0.26469038208168644, 0.3704510108864697, 0.2668629925676623, 0.3633125556544969, 0.25329701834862384, 0.24771457592686644, 0.27745219000616905, 0.26979351839190485, 0.32574781737512526, 0.2302834008097166, 0.31280439905734486, 0.34165899829104773, 0.3043782347181424, 0.28104667609618106, 0.2814719173660426, 0.22633804870934812, 0.22808288653818287, 0.27826596367896894, 0.25427803705275065, 0.308313786812614, 0.28734253149370126, 0.35324858757062144, 0.288466831819433, 0.24854651162790697, 0.3113176777560339, 0.31587057010785824, 0.287375415282392, 0.2843399251737039, 0.2650411196075602, 0.3600266489007328, 0.2805436337625179, 0.2696985721840296, 0.2883981542518128, 0.2618208516886931, 0.2831482243246949, 0.3138353309015112, 0.2850711588730758, 0.26860326303223236, 0.35434606011372866, 0.2243376381307416, 0.25624178712220763, 0.39758713136729223, 0.27467362924281985, 0.3348185868873329, 0.2967692307692308, 0.3404074702886248, 0.3955087719298246, 0.2990747330960854, 0.30875383328686923, 0.24260355029585798, 0.1959858323494687, 0.337003767024051, 0.27962146746175787, 0.2821008778455587, 0.2937618147448015, 0.25643933257735296, 0.274282635053213, 0.23172905525846701, 0.373953898106005, 0.19821766135565758]
val step Accs: [0.3766781741465286, 0.4180592991913747, 0.353146345007993, 0.4483166754339821, 0.4526689455692874, 0.3547408343868521, 0.4332125291224437, 0.4888475836431227, 0.2674950948332243, 0.37899896800825594, 0.39434055932483864, 0.33448609766219395, 0.3826028320971005, 0.3471495982655274, 0.44652735095267365, 0.3340748230535895]
Preds: [17, 17, 287, 284, 284, 284, 426, 426, 426, 426, 426, 319, 413, 413, 348, 250, 250, 250, 276, 276, 346, 346, 346, 346, 428, 146, 146, 299, 299, 31, 232, 232, 232, 232, 172, 172, 115, 115, 273, 273, 273, 450, 460, 460, 35, 35, 35, 82, 414, 414, 98, 497, 186, 186, 323, 323, 323, 323, 323, 25, 297, 494, 494, 109, 186, 467, 313, 395, 355, 355, 324, 464, 145, 145, 464, 464, 460, 443, 443, 169, 169, 169, 150, 342, 342, 224, 482, 482, 482, 482, 115, 115, 267, 267, 267, 267, 213, 213, 246, 246, 246, 246, 246, 246, 3, 301, 143, 259, 259, 354, 106, 486, 284, 85, 450, 467, 85, 468, 406, 406, 467, 467, 467, 315, 315, 315, 450, 450, 250, 250, 53, 303, 310, 206, 225, 244, 197, 197, 320, 320, 114, 114, 114, 240, 403, 403, 403, 403, 207, 207, 301, 301, 378, 43, 8, 276, 346, 346, 346, 284, 284, 284, 426, 426, 450, 450, 413, 413, 348, 250, 276, 276, 276, 276, 138, 138, 138, 138, 182, 182, 426, 426, 426, 413, 413, 48, 48, 303, 303, 303, 48, 48, 48, 48, 48, 48, 48, 48, 75, 331, 443, 486, 106, 284, 284, 481, 481, 481, 481, 426, 426, 98, 98, 263, 263, 170, 170, 170, 170, 170, 170, 170, 28, 28, 28, 2, 2, 47, 47, 244, 63, 73, 63, 63, 63, 63, 63, 63, 392, 73, 73, 63, 63, 63, 63, 244, 63, 63, 244, 63, 63, 63, 73, 244, 73, 73, 287, 321, 320, 7, 7, 7, 331, 360, 398, 398, 360, 360, 360, 360, 434, 246, 246, 246, 246, 246, 246, 246, 246, 246, 324, 301, 301, 143, 259, 259, 354, 106, 284, 284, 284, 284, 426, 450, 450, 413, 43, 293, 497, 497, 497, 98, 197, 7, 32, 473, 473, 398, 398, 464, 464, 464, 464, 374, 374, 398, 398, 250, 250, 250, 182, 182, 182, 182, 182, 182, 182, 182, 387, 497, 497, 122, 122, 122, 143, 310, 107, 107, 107, 107, 395, 395, 395, 106, 106, 153, 497, 424, 182, 293, 293, 497, 497, 98, 35, 312, 312, 312, 187, 312, 312, 23, 408, 23, 23, 73, 289, 345, 320, 441, 441, 441, 153, 153, 182, 387, 387, 413, 122, 122, 250, 76, 324, 259, 208, 441, 441, 441, 346, 150, 169, 150, 342, 232, 54, 172, 267, 267, 273, 273, 494, 278, 278, 324, 286, 464, 464, 464, 264, 264, 264, 120, 120, 120, 282, 282, 271, 150, 150, 342, 342, 342, 433, 433, 115, 224, 267, 267, 267, 213, 246, 246, 246, 246, 246, 19, 197, 197, 244, 411, 486, 450, 206, 206, 486, 395, 324, 8, 32, 239, 259, 354, 354, 398, 464, 171, 403, 171, 171, 464, 464, 464, 464, 139, 139, 139, 293, 497, 497, 497, 122, 122, 107, 107, 107, 107, 395, 395, 395, 106, 153, 497, 424, 424, 424, 497, 497, 497, 497, 497, 122, 122, 345, 467, 84, 288, 403, 337, 337, 324, 19, 464, 264, 264, 264, 264, 264, 264, 264, 264, 264, 264, 264, 264, 264, 264, 264, 264, 264, 264, 264, 264, 264, 264, 264, 264, 264, 264, 264, 264, 264, 264, 264, 264, 264, 264, 264, 264, 264, 264, 264, 264, 264, 264, 264, 264, 264, 264, 264, 264, 264, 264, 264, 264, 264, 264, 264, 264, 264, 264, 264, 264, 264, 264, 264, 264, 264, 264, 264, 264, 264, 264, 264, 264, 264, 264, 264, 264, 264, 264, 264, 264, 264, 264, 264, 264, 264, 264, 264, 264, 264, 264, 264, 264, 264, 264, 264, 264, 264, 264]

ep91
Train step Loss: [3.596602439880371, 3.411884307861328, 3.6306447982788086, 3.7080233097076416, 3.575253963470459, 3.7557358741760254, 3.4188950061798096, 3.615427017211914, 3.4912004470825195, 3.8762991428375244, 3.753516674041748, 3.542945146560669, 3.8264036178588867, 3.622576951980591, 3.6104836463928223, 3.8411598205566406, 3.4383797645568848, 3.313831090927124, 3.6477906703948975, 3.1580774784088135, 3.493065357208252, 3.8912742137908936, 3.497180938720703, 3.5739128589630127, 3.704756259918213, 3.47660493850708, 3.6662561893463135, 3.878828525543213, 3.8642423152923584, 3.5769429206848145, 3.61531925201416, 3.4794068336486816, 3.7854623794555664, 3.8814432621002197, 4.008116245269775, 3.3710317611694336, 3.7395029067993164, 3.630180835723877, 3.1839916706085205, 3.6348869800567627, 3.7036664485931396, 3.5642292499542236, 3.721271276473999, 3.5928499698638916, 3.7002620697021484, 3.51594877243042, 3.470357894897461, 3.07616925239563, 3.909066915512085, 3.096526622772217, 2.6013808250427246, 3.546868324279785, 3.6008753776550293, 3.0678277015686035, 3.873500108718872, 3.460951566696167, 3.8716912269592285, 3.3832170963287354, 3.999691963195801, 3.851655960083008, 3.5420660972595215, 3.4069392681121826, 3.5484445095062256]
val step Loss: [3.1832175254821777, 3.0200462341308594, 3.207219362258911, 3.409153461456299, 3.3449530601501465, 3.473419666290283, 3.0566771030426025, 3.145768165588379, 2.960491180419922, 3.3344109058380127, 3.200843334197998, 3.5190792083740234, 2.9325857162475586, 2.916139841079712, 2.9343361854553223, 2.772968053817749]
Train step Accs: [0.28991885572823545, 0.32669162877774804, 0.2793560606060606, 0.27442795299938155, 0.2908045977011494, 0.261223885020003, 0.3299210295408014, 0.28208933076124054, 0.33505963590709353, 0.24274070300560366, 0.25481386392811295, 0.31328889519217135, 0.2542113323124043, 0.2700013267878466, 0.255481160561901, 0.24370608899297425, 0.32553286629900136, 0.3497862417411582, 0.29398148148148145, 0.3981006933976485, 0.3132630410654828, 0.24727446986941415, 0.3171549336831366, 0.30505733607762425, 0.2642672784628621, 0.3165040305473059, 0.32977649603460707, 0.25363538956069187, 0.24833355116978173, 0.3185422384873437, 0.2941378717552003, 0.30372113546109725, 0.25679401339109886, 0.24937851628941515, 0.2077782263490782, 0.3454786353097052, 0.2807680677351074, 0.26814017740293733, 0.3798558621901916, 0.2981638418079096, 0.28518380987746006, 0.2908682436897053, 0.2503194661365895, 0.29881412024269166, 0.27898694103680255, 0.31993248427190424, 0.29095491458975076, 0.4026865671641791, 0.22520864015709377, 0.38832265579499126, 0.5164212910532276, 0.2749135944700461, 0.28494547514516355, 0.4149225332970916, 0.2599383667180277, 0.31146707348080344, 0.24196277495769883, 0.33740002711129186, 0.2402321083172147, 0.26131293817718293, 0.3361499462282993, 0.29842696629213483, 0.28169014084507044]
val step Accs: [0.37792884003471217, 0.43626141953619113, 0.389277680579855, 0.35479199578725645, 0.38563302024077256, 0.33222591362126247, 0.4150596877869605, 0.40604428485936567, 0.4278676988036594, 0.3662376608771711, 0.3784213098729228, 0.3121081231712415, 0.42163661581137307, 0.4627341570346752, 0.43816469158310545, 0.47557529269277354]
Preds: [17, 70, 217, 217, 217, 217, 217, 473, 473, 65, 264, 264, 264, 264, 264, 264, 264, 264, 264, 264, 468, 468, 468, 467, 337, 337, 337, 324, 339, 3, 454, 197, 197, 197, 259, 354, 345, 109, 109, 109, 324, 264, 34, 313, 313, 337, 337, 337, 360, 360, 360, 360, 434, 434, 434, 76, 76, 398, 398, 324, 434, 434, 339, 339, 398, 398, 250, 250, 250, 250, 345, 153, 100, 497, 424, 424, 424, 182, 497, 497, 497, 122, 43, 75, 208, 208, 106, 481, 481, 481, 481, 426, 426, 293, 306, 372, 467, 467, 467, 313, 313, 406, 406, 406, 467, 43, 293, 293, 293, 98, 98, 98, 98, 98, 98, 98, 98, 98, 170, 170, 170, 170, 414, 414, 170, 170, 170, 63, 63, 63, 2, 187, 187, 392, 392, 63, 63, 63, 63, 63, 392, 392, 73, 73, 73, 321, 75, 66, 66, 66, 115, 115, 115, 267, 115, 267, 267, 267, 444, 374, 374, 374, 374, 139, 139, 293, 293, 497, 349, 349, 349, 349, 25, 25, 25, 25, 25, 25, 25, 324, 324, 324, 324, 464, 464, 464, 464, 315, 486, 486, 486, 486, 315, 315, 315, 315, 282, 282, 282, 388, 250, 53, 250, 242, 398, 464, 464, 464, 464, 324, 464, 464, 464, 464, 464, 315, 315, 315, 315, 315, 450, 450, 450, 85, 85, 282, 282, 282, 85, 299, 313, 150, 337, 406, 406, 406, 406, 406, 406, 467, 467, 467, 467, 98, 98, 98, 98, 98, 98, 98, 98, 170, 170, 170, 414, 414, 414, 47, 47, 47, 170, 187, 187, 392, 392, 392, 392, 73, 73, 244, 244, 244, 320, 320, 320, 83, 468, 274, 374, 337, 337, 313, 313, 107, 395, 107, 107, 107, 107, 395, 395, 286, 286, 464, 139, 139, 139, 139, 139, 84, 486, 34, 34, 324, 139, 139, 139, 240, 240, 34, 34, 54, 338, 395, 395, 395, 400, 400, 301, 422, 143, 143, 458, 144, 27, 27, 27, 437, 437, 437, 284, 284, 206, 206, 206, 206, 460, 460, 35, 35, 35, 35, 35, 35, 35, 35, 35, 441, 437, 100, 100, 426, 426, 98, 98, 98, 98, 98, 392, 170, 170, 170, 170, 170, 170, 63, 201, 201, 28, 244, 2, 2, 73, 2, 73, 73, 63, 63, 73, 73, 73, 73, 73, 73, 321, 321, 321, 460, 287, 287, 287, 486, 486, 460, 460, 460, 342, 342, 342, 342, 342, 342, 224, 494, 196, 398, 398, 331, 331, 464, 464, 443, 443, 271, 68, 68, 342, 232, 267, 273, 115, 273, 273, 450, 150, 486, 460, 240, 240, 35, 35, 35, 35, 310, 310, 107, 374, 395, 395, 374, 494, 398, 324, 324, 497, 497, 497, 497, 497, 497, 497, 208, 208, 208, 441, 100, 153, 153, 387, 387, 387, 387, 372, 372, 406, 467, 467, 467, 467, 337, 19, 19, 19, 19, 19, 414, 414, 414, 414, 414, 414, 414, 414, 414, 392, 80, 47, 47, 392, 47, 392, 392, 392, 392, 392, 73, 321, 320, 320, 7, 7, 7, 217, 217, 217, 217, 473, 65, 65, 264, 264, 264, 264, 264, 264, 264, 264, 264, 264, 468, 468, 468, 468, 468, 467, 337, 337, 19, 19, 19, 19, 19, 19, 19, 414, 170, 451, 171, 171, 264, 264, 264, 264, 264, 264, 264, 264, 264, 264, 264, 264, 264, 264, 264, 264, 264, 264, 264, 264, 264, 264, 264, 264, 264, 264, 264, 264, 264, 264, 264, 264, 264, 264, 264, 264, 264, 264, 264, 264, 264, 264, 264, 264, 264, 264, 264, 264, 264, 264, 264, 264, 264, 264, 264, 264, 264, 264, 264, 264, 264]

ep92
Train step Loss: [3.615220785140991, 4.12980318069458, 3.3959760665893555, 3.5056657791137695, 3.808711051940918, 3.4636857509613037, 3.3781917095184326, 3.614152193069458, 3.500255823135376, 3.5012993812561035, 3.513103723526001, 3.4360058307647705, 3.1365432739257812, 3.828023910522461, 3.3768210411071777, 3.3311121463775635, 3.640414237976074, 3.3936965465545654, 3.329568386077881, 3.9011449813842773, 3.3978288173675537, 3.4892868995666504, 3.8791189193725586, 3.4689393043518066, 3.668090581893921, 3.6638882160186768, 3.6682920455932617, 3.4869284629821777, 3.499293804168701, 3.9462738037109375, 3.5969491004943848, 3.368960380554199, 3.755523681640625, 3.6943209171295166, 3.534125328063965, 3.580752372741699, 3.2609620094299316, 3.35703444480896, 3.5275657176971436, 3.7358181476593018, 3.3539297580718994, 3.787144660949707, 3.626035213470459, 3.5943048000335693, 3.2308061122894287, 3.9592185020446777, 3.496161699295044, 3.6012065410614014, 3.084076404571533, 4.075469493865967, 3.680771589279175, 3.644258737564087, 3.454761505126953, 3.407357692718506, 3.489331007003784, 3.6235530376434326, 3.768388509750366, 3.329892158508301, 3.382814884185791, 3.327296495437622, 3.936923027038574, 3.501391887664795, 3.44396710395813]
val step Loss: [3.1055166721343994, 3.3751344680786133, 3.232565402984619, 3.018490791320801, 3.1577932834625244, 3.4781651496887207, 2.791900634765625, 2.9446377754211426, 3.519627332687378, 3.0231435298919678, 3.1652095317840576, 3.012638568878174, 3.22037410736084, 3.1712937355041504, 2.9689526557922363, 3.070446252822876]
Train step Accs: [0.31105088828666067, 0.20260958803694473, 0.32943661971830984, 0.28562811039058966, 0.277273343271446, 0.3212856589647606, 0.3507809202195019, 0.2833997685482834, 0.3145700766846141, 0.30945599544289376, 0.3075731763977079, 0.3223844282238443, 0.4099763095551461, 0.2532827940977393, 0.3562712290854195, 0.32522356654392426, 0.2703059071729958, 0.3058141577375725, 0.3433522465879466, 0.24283995186522261, 0.3249446902654867, 0.33469906753320144, 0.2539194139194139, 0.3339676498572788, 0.2862298722931705, 0.27436930885206745, 0.2583985855013892, 0.3247588424437299, 0.3038616110431592, 0.20297098431209218, 0.324813153961136, 0.32377631409014596, 0.2557844243792325, 0.2574537233290943, 0.29167764024229653, 0.30523771152296536, 0.33900190718372536, 0.3319928507596068, 0.31344108302251694, 0.29574665429972175, 0.34148623362737235, 0.21069413784645571, 0.2811948723979772, 0.3321139273582441, 0.37644675925925924, 0.23749305169538631, 0.2891996429634037, 0.2586726011258018, 0.3964425279611912, 0.24666492283546954, 0.2733812949640288, 0.26841152721704026, 0.3118694362017804, 0.3410773921881806, 0.2983362019506598, 0.2916404776869893, 0.283149374540103, 0.35243706480985537, 0.3147106109324759, 0.37587147620491057, 0.2520486012998022, 0.3140137197256055, 0.31291234684260133]
val step Accs: [0.384582923055282, 0.3684276888160383, 0.3683122253812355, 0.4231242312423124, 0.3961190545666764, 0.3324705577843924, 0.48451106352605283, 0.4354449472096531, 0.3229028940796239, 0.4387966804979253, 0.37784599641852135, 0.40132291040288637, 0.4037859007832898, 0.4030929325046972, 0.43272283272283274, 0.4304461942257218]
Preds: [17, 30, 360, 360, 360, 301, 143, 17, 321, 321, 320, 473, 473, 70, 473, 278, 171, 360, 360, 434, 434, 434, 19, 19, 454, 454, 414, 392, 321, 80, 47, 66, 115, 115, 115, 115, 267, 115, 115, 267, 267, 464, 139, 139, 139, 443, 443, 443, 443, 146, 146, 240, 240, 240, 240, 34, 34, 114, 114, 324, 324, 324, 324, 301, 349, 349, 25, 25, 25, 324, 324, 186, 54, 338, 338, 338, 338, 338, 338, 400, 400, 213, 213, 290, 360, 246, 246, 434, 3, 3, 3, 14, 145, 321, 287, 145, 145, 145, 460, 460, 35, 401, 259, 355, 100, 100, 497, 497, 122, 422, 323, 224, 494, 494, 106, 106, 274, 274, 274, 274, 8, 208, 276, 345, 345, 285, 324, 324, 19, 324, 324, 324, 246, 434, 339, 339, 339, 217, 398, 398, 398, 398, 434, 434, 434, 331, 199, 331, 413, 282, 282, 263, 414, 170, 17, 17, 188, 171, 171, 264, 264, 264, 264, 264, 264, 264, 264, 264, 264, 264, 264, 264, 264, 264, 264, 264, 264, 264, 264, 264, 264, 264, 264, 264, 264, 264, 264, 264, 264, 264, 264, 264, 264, 264, 264, 264, 264, 264, 264, 264, 264, 264, 264, 264, 264, 264, 264, 264, 264, 264, 264, 264, 264, 264, 264, 264, 264, 264, 264, 264, 264, 264, 264, 264, 264, 264, 264, 264, 264, 264, 264, 264, 264, 264, 264, 264, 264, 264, 264, 264, 264, 264, 264, 264, 264, 264, 264, 264, 264, 264, 264, 264, 264, 264, 264, 264, 264, 264, 264, 264, 264, 264, 264, 264, 264, 264, 264, 264, 264, 264, 264, 264, 264, 264, 264, 264, 264, 264, 264, 264, 264, 264, 264, 264, 264, 264, 264, 264, 264, 264, 264, 264, 264, 264, 264, 264, 264, 264, 264, 264, 264, 264, 264, 264, 264, 264, 264, 264, 264, 264, 264, 264, 264, 264, 264, 264, 264, 264, 264, 264, 264, 264, 264, 264, 264, 264, 264, 264, 264, 264, 264, 264, 264, 264, 264, 264, 264, 264, 264, 264, 264, 264, 264, 264, 264, 264, 264, 264, 264, 264, 264, 264, 264, 264, 264, 264, 264, 264, 264, 264, 264, 264, 264, 264, 264, 264, 264, 264, 264, 264, 264, 264, 264, 264, 264, 264, 264, 264, 264, 264, 264, 264, 264, 264, 264, 264, 264, 264, 264, 264, 264, 264, 264, 264, 264, 264, 264, 264, 264, 264, 264, 264, 264, 264, 264, 264, 264, 264, 264, 264, 264, 264, 264, 264, 264, 264, 264, 264, 264, 264, 264, 264, 264, 264, 264, 264, 264, 264, 264, 264, 264, 264, 264, 264, 264, 264, 264, 264, 264, 264, 264, 264, 264, 264, 264, 264, 264, 264, 264, 264, 264, 264, 264, 264, 264, 264, 264, 264, 264, 264, 264, 264, 264, 264, 264, 264, 264, 264, 264, 264, 264, 264, 264, 264, 264, 264, 264, 264, 264, 264, 264, 264, 264, 264, 264, 264, 264, 264, 264, 264, 264, 264, 264, 264, 264, 264, 264, 264, 264, 264, 264, 264, 264, 264, 264, 264, 264, 264, 264, 264, 264, 264, 264, 264, 264, 264, 264, 264, 264, 264, 264, 264, 264, 264, 264, 264, 264, 264, 264, 264, 264, 264, 264, 264, 264, 264, 264, 264, 264, 264, 264, 264, 264, 264, 264, 264, 264, 264, 264, 264, 264, 264, 264, 264, 264, 264, 264, 264, 264, 264, 264, 264, 264, 264, 264, 264, 264, 264, 264, 264, 264, 264, 264, 264, 264, 264, 264, 264, 264, 264, 264, 264, 264, 264, 264, 264, 264, 264, 264, 264, 264, 264, 264, 264, 264, 264, 264, 264, 264, 264]

ep93
Train step Loss: [3.3599822521209717, 3.1325769424438477, 3.752896785736084, 3.4213290214538574, 3.583746910095215, 3.576427698135376, 3.6232917308807373, 3.285654067993164, 3.488430976867676, 3.6305155754089355, 3.2542812824249268, 3.661414861679077, 3.1570184230804443, 3.556361436843872, 3.524460792541504, 3.6763503551483154, 2.9856605529785156, 3.320134401321411, 3.834988832473755, 3.7516086101531982, 3.3567895889282227, 3.8593697547912598, 3.710005044937134, 3.4624879360198975, 3.6161327362060547, 3.4252829551696777, 3.3368520736694336, 3.6132097244262695, 3.079115390777588, 3.4236974716186523, 3.357919216156006, 3.71073842048645, 3.7385876178741455, 3.321589231491089, 3.602511167526245, 3.5541584491729736, 3.426971197128296, 3.1379287242889404, 3.422701835632324, 4.113348007202148, 3.6138100624084473, 3.3621251583099365, 3.7025349140167236, 3.4902119636535645, 3.1172335147857666, 3.720707654953003, 3.54937481880188, 3.5226120948791504, 3.632293462753296, 3.5270330905914307, 3.7783219814300537, 3.1139464378356934, 3.188612461090088, 3.7005856037139893, 3.1166064739227295, 3.7174041271209717, 3.4010424613952637, 3.6133038997650146, 3.7148611545562744, 3.7419941425323486, 3.7197515964508057, 3.747318983078003, 3.332136392593384]
val step Loss: [3.226672649383545, 3.3073112964630127, 3.012007713317871, 2.9929733276367188, 2.8725385665893555, 3.425800323486328, 2.7028043270111084, 2.950632333755493, 3.1440043449401855, 3.303147792816162, 2.9986157417297363, 2.999342918395996, 3.590228319168091, 3.4270198345184326, 3.2938671112060547, 2.8813834190368652]
Train step Accs: [0.36196216306713547, 0.38016645507123714, 0.25691289108139687, 0.3132530120481928, 0.29400278940027896, 0.2757867132867133, 0.2856943475226797, 0.32630732099758647, 0.340765732727006, 0.2708273690237618, 0.3557729437508045, 0.31569620253164554, 0.4225370762711864, 0.30437452033768225, 0.3036376115305422, 0.2834145621030867, 0.40789473684210525, 0.34221914488488836, 0.2503401360544218, 0.2615005831281586, 0.35718166998732115, 0.2540406133443846, 0.27637832699619774, 0.3116279069767442, 0.27406584247812193, 0.3443688118811881, 0.354148966298499, 0.2871329266562633, 0.421037167621566, 0.3319895968790637, 0.325720104742508, 0.27915330339961514, 0.24814814814814815, 0.35273052820053713, 0.2878122634367903, 0.29529262086513997, 0.3297224102911307, 0.4066212788679749, 0.3241750037330148, 0.21321070234113712, 0.3018145732917494, 0.34330554193231977, 0.24142091152815012, 0.28935454663044885, 0.39622084440507827, 0.24240823871138104, 0.27411039859172637, 0.33736327000575705, 0.31189264229523367, 0.3123425692695214, 0.2583199307187925, 0.38980858768753235, 0.38130320890635233, 0.2685310887863155, 0.3911269760326364, 0.2576711250983478, 0.34197194076383475, 0.2840909090909091, 0.2543221110100091, 0.2536958817317846, 0.28269803032450047, 0.26911783480148094, 0.32359249329758716]
val step Accs: [0.3690439594220719, 0.3580841358337557, 0.4069413716814159, 0.42801086628433443, 0.46112672286899503, 0.36912385883635374, 0.5153010858835143, 0.4219709659408152, 0.4052321778940484, 0.37941054379410544, 0.44593769089798413, 0.411842580334577, 0.3253723993598424, 0.3137729668138442, 0.35170603674540685, 0.4332213355732885]
Preds: [17, 17, 287, 287, 284, 319, 319, 319, 413, 293, 43, 43, 43, 153, 153, 153, 153, 138, 138, 297, 182, 182, 182, 182, 182, 293, 293, 497, 98, 98, 197, 197, 197, 197, 244, 287, 287, 287, 111, 111, 111, 111, 438, 94, 10, 10, 331, 331, 398, 398, 324, 301, 301, 378, 132, 195, 250, 70, 70, 138, 138, 138, 138, 138, 346, 426, 426, 426, 426, 426, 426, 426, 450, 450, 413, 413, 250, 250, 276, 284, 138, 138, 138, 138, 138, 182, 182, 98, 98, 244, 14, 14, 287, 287, 111, 111, 438, 438, 241, 241, 241, 431, 431, 431, 428, 428, 428, 146, 146, 146, 146, 252, 271, 54, 232, 54, 54, 482, 482, 482, 25, 196, 273, 143, 109, 290, 290, 290, 464, 464, 464, 464, 330, 239, 32, 32, 32, 239, 324, 324, 324, 398, 398, 398, 10, 10, 10, 250, 331, 331, 331, 284, 426, 293, 426, 450, 282, 240, 240, 94, 76, 324, 77, 342, 68, 273, 273, 267, 267, 267, 444, 213, 213, 246, 246, 246, 246, 339, 310, 354, 32, 32, 354, 420, 19, 324, 324, 143, 143, 259, 401, 355, 68, 68, 115, 273, 273, 273, 486, 376, 376, 376, 460, 460, 460, 35, 143, 35, 401, 342, 68, 68, 342, 224, 267, 464, 464, 464, 464, 464, 315, 315, 284, 450, 85, 85, 85, 85, 85, 146, 240, 240, 239, 32, 129, 259, 486, 486, 106, 106, 106, 206, 167, 35, 35, 35, 35, 35, 77, 68, 68, 267, 273, 273, 284, 486, 376, 376, 460, 460, 263, 263, 170, 170, 170, 170, 63, 63, 63, 63, 28, 28, 28, 28, 2, 2, 2, 2, 2, 2, 2, 2, 2, 73, 73, 73, 73, 73, 73, 73, 289, 115, 267, 267, 267, 345, 7, 7, 153, 153, 153, 182, 182, 387, 387, 387, 387, 348, 348, 324, 324, 324, 324, 324, 324, 464, 464, 180, 315, 319, 319, 319, 319, 413, 348, 250, 398, 482, 250, 250, 250, 473, 324, 19, 324, 324, 324, 19, 301, 76, 129, 129, 259, 354, 106, 106, 284, 319, 319, 240, 240, 240, 34, 32, 401, 213, 401, 115, 267, 68, 68, 267, 267, 267, 267, 267, 213, 213, 213, 213, 213, 246, 246, 246, 246, 246, 246, 246, 246, 414, 454, 414, 414, 414, 392, 392, 392, 392, 201, 47, 47, 80, 80, 20, 80, 80, 80, 80, 80, 80, 80, 73, 73, 73, 320, 320, 287, 287, 111, 460, 460, 240, 77, 35, 35, 77, 77, 68, 342, 224, 324, 267, 267, 267, 115, 115, 267, 482, 482, 68, 115, 267, 273, 106, 106, 153, 497, 182, 182, 182, 98, 98, 414, 170, 197, 197, 197, 80, 80, 80, 20, 20, 320, 7, 7, 7, 324, 398, 360, 213, 360, 246, 246, 246, 246, 3, 197, 197, 7, 188, 324, 324, 422, 338, 338, 338, 338, 338, 338, 338, 400, 400, 286, 286, 264, 278, 139, 203, 8, 354, 354, 354, 100, 100, 100, 100, 98, 98, 170, 170, 170, 170, 170, 414, 414, 392, 392, 63, 47, 28, 28, 47, 2, 73, 47, 47, 20, 2, 20, 2, 2, 73, 73, 73, 73, 289, 284, 206, 287, 287, 111, 111, 240, 240, 35, 35, 35, 35, 77, 77, 77, 267, 267, 342, 267, 464, 267, 246, 246, 246, 246, 246, 246, 246, 301, 301, 378, 43, 276, 276, 276, 276, 346, 346, 428, 428, 428, 146, 146, 146, 240, 240, 355, 35, 35, 35, 224, 75, 213, 213, 114, 371, 445, 445, 445, 7, 196, 473, 278, 197, 143, 143, 143, 196, 398, 473, 278, 278, 301, 301]

ep94
Train step Loss: [3.4956917762756348, 3.3080782890319824, 3.790731906890869, 3.642392635345459, 3.5310592651367188, 3.6474955081939697, 3.7457220554351807, 3.904714822769165, 3.643923282623291, 3.2408792972564697, 3.3565144538879395, 3.8354225158691406, 3.5168135166168213, 3.581364393234253, 3.2075493335723877, 3.6197080612182617, 3.3767025470733643, 3.90562105178833, 3.715167284011841, 3.3787968158721924, 3.486431121826172, 3.4148640632629395, 3.3549413681030273, 3.313917875289917, 3.393045663833618, 3.747868299484253, 3.831188201904297, 3.0204031467437744, 3.5224432945251465, 3.716982126235962, 3.5284459590911865, 3.6478042602539062, 3.6857941150665283, 3.757859468460083, 3.312575340270996, 3.4994800090789795, 3.614295244216919, 3.3182053565979004, 3.668867349624634, 3.519132137298584, 3.921133518218994, 3.8055145740509033, 3.0034701824188232, 3.943743944168091, 3.4693803787231445, 3.0634477138519287, 3.752631187438965, 3.7181499004364014, 3.272123336791992, 3.660243511199951, 3.224611282348633, 3.4142982959747314, 3.276789665222168, 3.4772825241088867, 3.577745199203491, 3.437922716140747, 3.524319648742676, 3.874340057373047, 3.5028419494628906, 3.404221296310425, 3.335557460784912, 3.903226852416992, 3.529263734817505]
val step Loss: [3.1791832447052, 3.3444550037384033, 2.8868863582611084, 3.067203998565674, 3.042790651321411, 2.8799712657928467, 3.0264179706573486, 3.4408366680145264, 3.1274313926696777, 3.155133008956909, 3.188502311706543, 2.9085700511932373, 3.2073404788970947, 2.781076669692993, 2.89437198638916, 3.5473732948303223]
Train step Accs: [0.3173854447439353, 0.3544233697909456, 0.24395750332005312, 0.2736778299742385, 0.3178828687754463, 0.25807948043915263, 0.27442371020856204, 0.21387355745107878, 0.28110225584222615, 0.3463654792933681, 0.3224069675376089, 0.2750675353567456, 0.32819767441860465, 0.2952779438135087, 0.38058035714285715, 0.27624309392265195, 0.3411150360927661, 0.25640214985773, 0.27762123683820256, 0.3462380300957592, 0.29783756600452604, 0.3488219895287958, 0.3475103734439834, 0.35059693963342864, 0.33776065878602735, 0.2839559181336768, 0.23304529981670594, 0.4155481727574751, 0.30740850059031877, 0.26403954414389674, 0.32532875929102345, 0.2854376987968469, 0.25898015573976385, 0.25393723416484654, 0.3580097087378641, 0.3080363799015953, 0.27153263819454365, 0.36629639664047686, 0.2889650872817955, 0.34655471916618413, 0.2499054343714538, 0.23272639575545642, 0.40568043742405835, 0.24222252411357154, 0.324106463878327, 0.4023651571964234, 0.2672855313700384, 0.27303070761014686, 0.34757694826457103, 0.27511500222584956, 0.39668602180994195, 0.3470104091019124, 0.35001303101381287, 0.3093465674110835, 0.2808926080892608, 0.30005880623346076, 0.29532287692525083, 0.23650891210817457, 0.2909685328974254, 0.3335411471321696, 0.33797345419229524, 0.2492828848517962, 0.2531431334622824]
val step Accs: [0.3938718662952646, 0.35122312824314306, 0.4659219457013575, 0.4140980970249263, 0.44517514427593613, 0.46169327787468134, 0.4028003500437555, 0.3365067275958365, 0.398236185751688, 0.38406224213132145, 0.38363343187315235, 0.43193374981839316, 0.3951890034364261, 0.4758288301445889, 0.44870837688517246, 0.30278609256274464]
Preds: [17, 309, 479, 331, 331, 360, 360, 360, 252, 143, 35, 35, 35, 196, 70, 65, 65, 315, 450, 450, 460, 460, 178, 35, 77, 342, 342, 342, 115, 273, 273, 486, 486, 486, 460, 460, 460, 178, 35, 183, 109, 445, 324, 213, 213, 213, 213, 246, 19, 19, 19, 19, 454, 414, 414, 414, 414, 414, 414, 392, 73, 187, 187, 187, 187, 392, 392, 392, 392, 392, 392, 392, 392, 392, 392, 73, 73, 73, 73, 289, 320, 320, 287, 287, 287, 287, 287, 284, 284, 284, 111, 111, 111, 111, 438, 438, 438, 313, 313, 250, 250, 250, 497, 43, 43, 88, 88, 109, 106, 284, 284, 284, 284, 206, 206, 206, 169, 167, 35, 35, 35, 259, 114, 114, 114, 114, 240, 264, 264, 264, 264, 264, 264, 264, 264, 264, 264, 264, 264, 264, 264, 264, 264, 264, 468, 468, 468, 406, 406, 467, 337, 403, 171, 290, 290, 290, 330, 330, 339, 398, 250, 250, 70, 65, 65, 426, 426, 426, 426, 319, 319, 299, 348, 348, 10, 331, 331, 331, 486, 486, 486, 460, 169, 150, 150, 342, 342, 342, 342, 224, 494, 68, 68, 68, 267, 68, 68, 68, 267, 482, 482, 482, 323, 336, 338, 273, 273, 106, 106, 106, 109, 106, 355, 355, 355, 169, 169, 169, 150, 342, 342, 342, 433, 224, 25, 196, 196, 345, 345, 239, 239, 239, 213, 273, 180, 374, 213, 213, 273, 403, 403, 403, 403, 171, 171, 252, 252, 143, 34, 403, 403, 403, 171, 171, 171, 171, 171, 246, 246, 358, 252, 143, 143, 196, 196, 196, 398, 473, 473, 252, 252, 403, 434, 434, 434, 246, 19, 19, 19, 454, 414, 414, 414, 187, 187, 187, 414, 408, 408, 408, 408, 408, 408, 408, 408, 408, 408, 408, 408, 408, 321, 321, 321, 321, 321, 66, 66, 66, 66, 66, 115, 267, 115, 267, 267, 213, 246, 464, 464, 464, 464, 443, 443, 443, 240, 240, 240, 240, 34, 34, 34, 34, 114, 34, 324, 324, 324, 324, 301, 301, 422, 349, 25, 25, 25, 25, 213, 213, 324, 464, 338, 338, 338, 338, 338, 338, 338, 338, 338, 400, 400, 400, 213, 213, 213, 213, 246, 246, 246, 246, 246, 246, 3, 3, 14, 145, 450, 145, 145, 486, 460, 460, 169, 401, 35, 35, 35, 35, 441, 100, 100, 153, 387, 387, 122, 338, 338, 338, 107, 395, 395, 395, 43, 139, 139, 139, 497, 497, 43, 8, 8, 354, 473, 473, 264, 264, 290, 290, 290, 171, 434, 434, 434, 339, 339, 339, 398, 398, 398, 246, 246, 246, 246, 246, 246, 286, 464, 464, 264, 282, 282, 282, 282, 282, 263, 414, 170, 170, 170, 414, 414, 392, 392, 187, 187, 187, 187, 187, 23, 23, 23, 23, 391, 391, 391, 321, 321, 320, 320, 320, 7, 7, 241, 241, 241, 241, 403, 403, 403, 403, 403, 290, 290, 290, 290, 360, 434, 434, 434, 360, 360, 434, 434, 434, 434, 434, 339, 339, 10, 10, 331, 331, 331, 331, 331, 331, 331, 284, 426, 426, 426, 426, 426, 426, 282, 282, 282, 355, 355, 355, 263, 263, 263, 170, 170, 170, 414, 414, 414, 392, 392, 392, 249, 249, 244, 392, 2, 2, 2, 244, 73, 73, 73, 73, 73, 73, 244, 321, 321, 287, 287, 287, 287, 284, 284, 284, 206, 206, 206, 169, 150, 342, 54, 54, 54, 54, 482, 482, 482, 68, 338, 273, 273, 106, 106, 153, 182, 497, 182, 182, 182, 182, 182, 182, 387, 387, 387, 387, 293, 293, 293, 122, 122, 422, 267, 395, 395, 374, 371, 371]

ep95
Train step Loss: [3.853572130203247, 3.2969985008239746, 3.1656458377838135, 3.4727418422698975, 3.361473560333252, 3.710747241973877, 4.10931921005249, 3.2180283069610596, 3.3010096549987793, 3.2528367042541504, 3.4828436374664307, 3.3983986377716064, 3.2673351764678955, 3.8480634689331055, 3.723508596420288, 3.5366270542144775, 3.3630192279815674, 3.851138114929199, 3.4485878944396973, 3.334559440612793, 3.1476516723632812, 3.5864717960357666, 3.4032793045043945, 3.1821298599243164, 3.9796812534332275, 3.4121954441070557, 3.1525187492370605, 3.3785173892974854, 3.3027215003967285, 3.329066514968872, 3.3060195446014404, 3.5816423892974854, 3.4706199169158936, 3.670236110687256, 3.7960052490234375, 3.2715468406677246, 3.4071993827819824, 3.7501072883605957, 3.770416259765625, 3.382974624633789, 2.9856491088867188, 3.233804941177368, 2.989130973815918, 3.3661954402923584, 3.3625128269195557, 3.348588466644287, 3.123491048812866, 3.195823907852173, 3.552389621734619, 3.4635162353515625, 3.1715505123138428, 3.3798537254333496, 3.4416351318359375, 3.886796236038208, 3.7268168926239014, 3.2020139694213867, 3.3767197132110596, 3.3687291145324707, 3.265526533126831, 3.617255449295044, 3.776721715927124, 3.502167224884033, 2.866122245788574]
val step Loss: [3.017214059829712, 3.02864933013916, 3.2670209407806396, 2.6679091453552246, 2.7257132530212402, 2.6407856941223145, 3.144026517868042, 2.728508234024048, 3.0667521953582764, 3.1092188358306885, 2.6802401542663574, 3.000016212463379, 3.229361057281494, 3.157362937927246, 3.1472253799438477, 3.066561460494995]
Train step Accs: [0.25835973248856037, 0.3642135642135642, 0.3766291469194313, 0.3346169167441243, 0.33383458646616543, 0.25702208890100897, 0.20237657723876026, 0.3804819637778776, 0.34832134292565947, 0.35335744613933007, 0.31115353149713665, 0.327866630523177, 0.33543758967001436, 0.2439480908410282, 0.2678117998506348, 0.28072169342236114, 0.3414318573893042, 0.26169426137276963, 0.30053117137265867, 0.34541134541134544, 0.3660240290583962, 0.25842847548690395, 0.33886381736129545, 0.37683991142373324, 0.2195540308747856, 0.31207226936764304, 0.3866984079750037, 0.34238212754903236, 0.3398818316100443, 0.35362453531598514, 0.3414836992681304, 0.3229216722729457, 0.3255265871262336, 0.2854203409758965, 0.23913850724099517, 0.34098627903817413, 0.3301898814833694, 0.2776534924185931, 0.2457274163435301, 0.3333333333333333, 0.44384004704498675, 0.3564991807755325, 0.44008293020041467, 0.3278781841468621, 0.3451368486160507, 0.35886566291477856, 0.37914550343591275, 0.3756065573770492, 0.2835885582201676, 0.30536431440045897, 0.3632163995957846, 0.34071294559099435, 0.33495293045854846, 0.2268675455116133, 0.2536597677940434, 0.36395521381357077, 0.3445516891033782, 0.3300970873786408, 0.36649874055415615, 0.26943802925327176, 0.23667061611374407, 0.30782169890664424, 0.4221014492753623]
val step Accs: [0.4326415326046911, 0.3989250522544043, 0.36427548496289547, 0.5088808664259927, 0.5158899814735642, 0.5189736664415935, 0.4116768499660557, 0.5024494794856094, 0.40818683433850894, 0.37414458131143463, 0.507979376381046, 0.40647872052046624, 0.37182303106369624, 0.3992180126735877, 0.4029678904950748, 0.4002601908065915]
Preds: [17, 479, 398, 360, 360, 171, 360, 360, 171, 434, 252, 252, 252, 252, 143, 349, 349, 441, 441, 441, 441, 346, 346, 306, 306, 306, 413, 413, 467, 65, 65, 306, 319, 319, 319, 319, 319, 431, 431, 431, 431, 324, 219, 219, 398, 398, 360, 464, 464, 464, 464, 264, 264, 468, 468, 315, 169, 293, 84, 84, 84, 426, 426, 450, 413, 98, 98, 13, 13, 170, 170, 170, 414, 414, 170, 170, 170, 170, 28, 47, 2, 2, 2, 2, 2, 2, 2, 2, 73, 73, 73, 73, 73, 289, 289, 320, 320, 320, 66, 213, 213, 219, 371, 219, 219, 219, 278, 278, 444, 444, 360, 213, 360, 213, 213, 246, 246, 246, 19, 19, 454, 454, 414, 414, 414, 414, 414, 414, 249, 249, 249, 47, 249, 249, 73, 244, 66, 7, 7, 244, 73, 287, 287, 287, 320, 320, 320, 7, 479, 398, 360, 360, 360, 171, 171, 252, 378, 88, 324, 324, 324, 324, 324, 324, 422, 143, 77, 115, 342, 342, 232, 115, 115, 115, 115, 267, 444, 171, 171, 252, 252, 301, 196, 324, 324, 324, 324, 324, 324, 324, 25, 444, 213, 213, 213, 213, 213, 246, 246, 246, 246, 19, 454, 454, 414, 414, 197, 197, 197, 197, 80, 80, 7, 7, 66, 310, 186, 54, 172, 395, 395, 470, 403, 403, 403, 403, 403, 403, 171, 207, 358, 358, 358, 225, 225, 225, 392, 197, 197, 451, 451, 30, 30, 213, 360, 360, 360, 143, 143, 445, 196, 196, 398, 398, 360, 360, 360, 360, 464, 464, 315, 315, 315, 315, 315, 315, 315, 450, 450, 450, 450, 43, 431, 43, 43, 276, 276, 276, 153, 153, 497, 497, 497, 497, 497, 497, 413, 250, 250, 413, 426, 426, 319, 319, 413, 413, 413, 303, 250, 345, 250, 297, 431, 431, 431, 426, 426, 426, 426, 426, 413, 85, 85, 85, 426, 426, 85, 85, 299, 299, 299, 299, 94, 399, 217, 473, 398, 324, 324, 324, 324, 464, 464, 464, 264, 264, 406, 274, 43, 88, 25, 25, 25, 25, 25, 25, 25, 387, 346, 153, 153, 153, 153, 387, 387, 387, 467, 43, 497, 497, 88, 88, 88, 88, 387, 497, 431, 431, 431, 431, 85, 85, 428, 85, 85, 146, 146, 146, 464, 464, 464, 464, 171, 171, 171, 325, 325, 464, 464, 464, 120, 443, 120, 120, 263, 263, 170, 170, 170, 312, 312, 312, 312, 23, 23, 23, 23, 23, 408, 408, 408, 391, 391, 391, 391, 391, 391, 391, 391, 391, 244, 244, 244, 244, 73, 244, 320, 320, 321, 320, 320, 287, 284, 284, 284, 284, 284, 284, 284, 284, 284, 284, 450, 85, 85, 85, 85, 85, 85, 85, 85, 146, 146, 207, 207, 207, 324, 464, 464, 464, 464, 464, 486, 315, 315, 315, 315, 282, 450, 450, 43, 43, 276, 276, 153, 153, 153, 297, 297, 182, 182, 182, 182, 182, 182, 372, 372, 372, 372, 372, 59, 303, 303, 467, 467, 467, 467, 98, 98, 241, 431, 431, 431, 431, 431, 282, 85, 85, 85, 85, 85, 85, 85, 299, 468, 468, 303, 467, 467, 303, 48, 48, 303, 303, 48, 48, 414, 414, 414, 170, 170, 414, 170, 320, 188, 188, 188, 19, 19, 303, 303, 170, 170, 414, 330, 414, 303, 197, 170, 170, 170, 170, 170, 249, 249, 249, 249, 249, 249, 249, 249, 249, 249, 249, 249, 249, 249, 249, 249, 249, 249, 249, 249, 249, 249, 249, 249, 320, 441, 320, 320, 284, 206, 206, 206, 35, 35, 35, 47, 170, 170, 63, 28, 28, 40, 40, 2, 2, 201, 2]

ep96
Train step Loss: [3.710113286972046, 3.574410915374756, 3.460338592529297, 3.4895362854003906, 3.2566192150115967, 3.47160005569458, 3.5394413471221924, 3.252223253250122, 3.389172315597534, 3.4711380004882812, 3.3503313064575195, 3.4431965351104736, 3.2089266777038574, 2.884141206741333, 2.9789464473724365, 3.1392781734466553, 3.030092716217041, 3.285594940185547, 3.1946158409118652, 3.5795071125030518, 3.465742826461792, 3.294982671737671, 3.241062879562378, 3.253995656967163, 3.0900321006774902, 3.4563324451446533, 3.416879653930664, 3.5361239910125732, 3.4358184337615967, 2.892118453979492, 3.265977621078491, 3.3707473278045654, 3.2813000679016113, 3.1809160709381104, 2.6580417156219482, 3.0804941654205322, 3.3759546279907227, 3.438900947570801, 3.2725000381469727, 2.8663265705108643, 3.121722459793091, 3.146087884902954, 3.6178040504455566, 3.580781936645508, 3.5169034004211426, 3.568319797515869, 3.4090726375579834, 3.1395721435546875, 3.2552502155303955, 3.022034168243408, 3.9495155811309814, 3.161896228790283, 3.4374783039093018, 3.4898173809051514, 3.2439043521881104, 3.392869234085083, 3.244347333908081, 2.9980289936065674, 3.567326784133911, 3.0756571292877197, 3.1812572479248047, 3.2173779010772705, 4.016573905944824]
val step Loss: [2.5567593574523926, 2.6184241771698, 2.8023135662078857, 3.097177505493164, 2.632885694503784, 2.934793472290039, 2.802460193634033, 2.793663740158081, 2.5762012004852295, 2.8852524757385254, 2.7663211822509766, 2.5145885944366455, 2.898390054702759, 3.4652934074401855, 2.711494207382202, 2.784564256668091]
Train step Accs: [0.27576335877862596, 0.28721745908028057, 0.30707716913234706, 0.26478749817438296, 0.3650421743205248, 0.31659100893249376, 0.28604217472385596, 0.34173669467787116, 0.34585209003215434, 0.33262903712647146, 0.36300855727368264, 0.32892497053816944, 0.36725325172149964, 0.43352295277153063, 0.4100666173205033, 0.3812170047235343, 0.40770366724095497, 0.3509346431982535, 0.36749339040664736, 0.28146199640038766, 0.3027632561613144, 0.34511326860841424, 0.36508152173913044, 0.36459209419680405, 0.3838008800880088, 0.3061475409836066, 0.32756132756132755, 0.3230462916874067, 0.3333333333333333, 0.4059841179807147, 0.3723574865140691, 0.3549913262892288, 0.3475450419474625, 0.3797506840985102, 0.5046409379579873, 0.3925729442970822, 0.3136213578297689, 0.304986642920748, 0.3692367804115655, 0.42318798729425355, 0.39436619718309857, 0.39260901699926093, 0.3120696375211121, 0.3251808972503618, 0.27698229407236336, 0.31448763250883394, 0.31492448919159016, 0.381651376146789, 0.37719925618652556, 0.42610015174506827, 0.2351044441329034, 0.36995317048474874, 0.28044069251681214, 0.3124715866040309, 0.3655625186511489, 0.3542932195041865, 0.3396016158239309, 0.39835456475583864, 0.25338491295938104, 0.38121096931849036, 0.38118549880920877, 0.375513874614594, 0.20082449941107186]
val step Accs: [0.5294277929155313, 0.5179525222551928, 0.4905555555555556, 0.3885270541082164, 0.5313171630334664, 0.4464130119082196, 0.4669432201192637, 0.46502177068214806, 0.5283472359677648, 0.4655320191012612, 0.4850700792199878, 0.539417368493718, 0.45043182094635686, 0.3396086569819152, 0.4983081728266528, 0.45763786182125504]
Preds: [17, 17, 287, 287, 284, 284, 319, 450, 450, 450, 169, 169, 76, 76, 349, 25, 25, 25, 25, 25, 25, 25, 25, 106, 25, 106, 284, 428, 428, 330, 388, 94, 10, 10, 10, 479, 331, 398, 398, 324, 324, 422, 186, 232, 232, 232, 232, 172, 172, 115, 273, 267, 267, 267, 324, 324, 3, 3, 14, 14, 411, 188, 188, 171, 443, 443, 271, 438, 143, 31, 54, 232, 232, 115, 68, 323, 336, 336, 336, 145, 145, 145, 486, 486, 460, 468, 406, 406, 406, 406, 132, 32, 32, 32, 32, 239, 82, 310, 107, 107, 107, 395, 395, 286, 286, 264, 264, 264, 120, 120, 120, 120, 120, 207, 120, 180, 143, 263, 170, 170, 170, 170, 187, 187, 63, 63, 47, 63, 63, 187, 187, 187, 244, 2, 2, 2, 2, 73, 392, 73, 73, 392, 244, 73, 73, 73, 244, 287, 287, 287, 293, 293, 43, 43, 8, 129, 144, 208, 27, 346, 481, 426, 426, 319, 348, 348, 348, 199, 199, 250, 250, 98, 197, 129, 401, 7, 7, 217, 473, 109, 109, 313, 313, 406, 324, 337, 337, 337, 324, 339, 398, 398, 398, 331, 398, 339, 199, 398, 398, 398, 331, 331, 331, 138, 138, 138, 138, 138, 182, 497, 497, 43, 8, 32, 239, 208, 208, 27, 441, 346, 426, 426, 319, 348, 348, 94, 250, 250, 303, 98, 98, 98, 98, 414, 414, 414, 170, 170, 170, 170, 63, 28, 2, 2, 244, 2, 2, 2, 2, 2, 73, 244, 73, 73, 73, 73, 244, 320, 7, 70, 473, 106, 284, 206, 206, 206, 240, 240, 77, 35, 82, 68, 342, 224, 323, 25, 196, 106, 153, 153, 153, 153, 387, 169, 349, 25, 25, 25, 25, 25, 25, 25, 25, 100, 100, 100, 497, 497, 497, 98, 98, 98, 197, 244, 80, 80, 80, 80, 442, 287, 287, 287, 284, 284, 284, 450, 450, 85, 85, 85, 85, 85, 85, 85, 282, 282, 282, 388, 388, 94, 94, 195, 195, 195, 250, 250, 250, 250, 250, 109, 109, 109, 403, 403, 403, 207, 207, 207, 252, 239, 32, 32, 239, 75, 84, 180, 106, 153, 153, 387, 387, 349, 349, 25, 25, 25, 25, 25, 346, 346, 346, 346, 153, 182, 182, 182, 182, 406, 132, 274, 345, 467, 43, 132, 132, 98, 98, 98, 98, 170, 170, 170, 170, 170, 170, 170, 63, 187, 187, 187, 187, 187, 73, 73, 392, 392, 73, 73, 73, 244, 310, 310, 323, 323, 323, 323, 273, 106, 106, 153, 153, 153, 182, 182, 182, 182, 182, 182, 182, 182, 182, 182, 182, 345, 122, 122, 239, 129, 129, 82, 75, 310, 107, 323, 323, 273, 106, 106, 106, 100, 98, 98, 98, 98, 98, 17, 122, 171, 171, 264, 264, 264, 264, 264, 264, 264, 264, 264, 264, 264, 264, 264, 264, 264, 264, 264, 264, 264, 264, 264, 264, 264, 264, 264, 264, 264, 264, 264, 264, 264, 264, 264, 264, 264, 264, 264, 264, 264, 264, 264, 264, 264, 264, 264, 264, 264, 264, 264, 264, 264, 264, 264, 264, 264, 264, 264, 264, 264, 264, 264, 264, 264, 264, 264, 264, 264, 264, 264, 264, 264, 264, 264, 264, 264, 264, 264, 264, 264, 264, 264, 264, 264, 264, 264, 264, 264, 264, 264, 264, 264, 264, 264, 264, 264, 264, 264, 264, 264, 264, 264, 264, 264, 264, 264, 264, 264, 264, 264, 264, 264, 264, 264, 264, 264, 264, 264, 264, 264, 264, 264, 264, 264, 264, 264, 264, 264, 264, 264, 264, 264, 264, 264, 264, 264, 264, 264, 264, 264, 264, 264]

ep97
Train step Loss: [3.428675413131714, 3.5482802391052246, 3.2239363193511963, 3.485964775085449, 3.3183109760284424, 3.0320985317230225, 3.3712942600250244, 3.3545498847961426, 3.1831016540527344, 3.337796688079834, 3.36494779586792, 3.3352267742156982, 3.371434211730957, 3.1157426834106445, 3.2656331062316895, 3.450092315673828, 3.778033971786499, 3.134737491607666, 3.1257646083831787, 2.9671378135681152, 2.9476983547210693, 3.4042625427246094, 2.7348473072052, 3.3971452713012695, 3.385774612426758, 3.4663479328155518, 3.6316277980804443, 3.853701114654541, 3.2907958030700684, 3.800584077835083, 3.2408194541931152, 3.5048792362213135, 3.3013172149658203, 3.3131520748138428, 3.049818515777588, 2.959768772125244, 3.1105592250823975, 3.0500917434692383, 3.1085548400878906, 2.944347381591797, 3.188162326812744, 3.395111322402954, 3.0181422233581543, 3.4466240406036377, 3.6228480339050293, 3.5801076889038086, 3.6415696144104004, 3.4756739139556885, 3.5734310150146484, 3.361135721206665, 3.4640698432922363, 3.327763557434082, 3.5410068035125732, 3.838615655899048, 2.939002275466919, 2.976445198059082, 3.4131951332092285, 3.362386465072632, 2.474334955215454, 3.171386480331421, 3.093432903289795, 3.1454005241394043, 3.2021844387054443]
val step Loss: [2.730181932449341, 2.6975197792053223, 2.3841350078582764, 2.6720616817474365, 2.7605299949645996, 2.879646062850952, 3.084825038909912, 2.5146567821502686, 2.6213605403900146, 2.663147449493408, 2.391604423522949, 2.453099250793457, 2.7622463703155518, 2.8649473190307617, 2.5309832096099854, 2.527151346206665]
Train step Accs: [0.3232242617717478, 0.30065161388089107, 0.35622025832766824, 0.31675474044140506, 0.3256687706642621, 0.3917605307822867, 0.34968496849684966, 0.31739267676767674, 0.3562286689419795, 0.33149327671620665, 0.32553359683794464, 0.3224029028356404, 0.34069043576683644, 0.3946848899012908, 0.35376955903271695, 0.32759672891492736, 0.29260710906879306, 0.369692036358703, 0.3885312350977587, 0.3933110367892977, 0.4234995773457312, 0.3123252858958069, 0.46485536631522034, 0.32279377064653136, 0.33720078163165607, 0.34331651954602777, 0.2920850561134081, 0.22678281411486786, 0.3315957138719954, 0.2389618138424821, 0.3625974025974026, 0.3098707726147924, 0.33670228125902396, 0.33884753239591947, 0.4209598698481562, 0.40621922048684395, 0.3674089068825911, 0.40045420136260407, 0.41011772192173085, 0.4080745341614907, 0.3916813639035861, 0.3604887983706721, 0.42052313883299797, 0.3285815102328864, 0.3080235395435625, 0.29719651981770473, 0.27261146496815286, 0.27589691763516927, 0.2849574570557072, 0.34496892767420334, 0.32917124039517015, 0.34360036236573055, 0.27289972899729, 0.26102610261026105, 0.4380046887210211, 0.40816857440166493, 0.31280051981806367, 0.34091571886847477, 0.5458789439793947, 0.3714768151708014, 0.37166900420757365, 0.41796023091725465, 0.3466312056737589]
val step Accs: [0.48234842670759787, 0.46909667194928684, 0.5764331210191083, 0.49591749033089816, 0.48817518248175185, 0.47645317545748117, 0.41396314560083053, 0.5673955161915306, 0.5126170655567117, 0.5088440970793912, 0.5692114751528453, 0.5522388059701493, 0.49566118378448387, 0.4382905072560245, 0.5230352303523035, 0.5558695093758027]
Preds: [17, 287, 111, 111, 319, 319, 348, 331, 8, 43, 345, 276, 100, 497, 497, 497, 122, 345, 345, 313, 406, 467, 84, 486, 486, 284, 481, 426, 426, 481, 481, 16, 293, 293, 293, 348, 348, 250, 250, 250, 65, 65, 65, 426, 426, 426, 426, 206, 206, 169, 169, 77, 77, 342, 342, 342, 115, 267, 267, 464, 324, 464, 464, 464, 315, 315, 315, 319, 319, 319, 282, 330, 388, 299, 94, 250, 250, 250, 398, 331, 331, 331, 284, 486, 486, 486, 460, 169, 150, 150, 342, 342, 224, 494, 494, 494, 338, 338, 338, 338, 338, 400, 400, 400, 213, 213, 324, 246, 246, 422, 186, 338, 338, 338, 338, 338, 395, 395, 400, 400, 374, 374, 374, 374, 374, 374, 139, 497, 497, 497, 497, 122, 129, 259, 284, 213, 183, 420, 213, 213, 213, 252, 143, 143, 259, 109, 143, 213, 213, 213, 324, 324, 301, 301, 301, 324, 324, 264, 324, 213, 213, 213, 213, 246, 246, 19, 19, 19, 454, 454, 414, 414, 414, 414, 170, 187, 187, 408, 408, 408, 408, 408, 408, 408, 408, 73, 73, 73, 320, 320, 66, 66, 66, 66, 115, 115, 267, 267, 267, 267, 267, 267, 267, 213, 246, 246, 246, 246, 246, 246, 246, 246, 246, 301, 301, 354, 259, 354, 106, 106, 284, 284, 376, 206, 460, 169, 169, 150, 342, 342, 342, 224, 267, 224, 196, 494, 398, 331, 331, 84, 84, 153, 153, 497, 497, 497, 43, 43, 276, 276, 346, 346, 346, 284, 486, 376, 376, 376, 460, 460, 460, 263, 263, 263, 414, 414, 414, 414, 414, 170, 170, 244, 47, 47, 73, 244, 244, 244, 321, 321, 320, 7, 7, 479, 398, 290, 290, 290, 290, 434, 434, 378, 378, 250, 406, 406, 467, 337, 337, 301, 360, 434, 434, 422, 338, 338, 338, 338, 338, 338, 400, 400, 400, 324, 464, 464, 464, 464, 240, 240, 240, 180, 32, 354, 354, 100, 100, 100, 100, 497, 497, 122, 122, 239, 445, 445, 445, 464, 171, 171, 171, 171, 171, 252, 354, 324, 324, 464, 464, 443, 443, 240, 240, 203, 8, 354, 324, 324, 213, 213, 213, 213, 246, 246, 246, 246, 246, 19, 19, 19, 454, 229, 414, 414, 414, 408, 392, 408, 408, 73, 73, 73, 321, 321, 320, 320, 7, 276, 276, 346, 346, 346, 346, 387, 293, 293, 35, 35, 35, 180, 324, 324, 464, 180, 139, 139, 139, 139, 293, 122, 122, 323, 433, 323, 213, 168, 494, 398, 106, 114, 114, 144, 114, 486, 443, 443, 240, 240, 240, 34, 324, 324, 143, 34, 374, 107, 395, 180, 180, 324, 324, 324, 278, 338, 338, 338, 436, 436, 436, 436, 99, 199, 303, 303, 169, 186, 338, 338, 338, 338, 338, 338, 400, 400, 400, 400, 213, 213, 324, 324, 422, 186, 338, 338, 338, 338, 338, 400, 273, 273, 273, 330, 275, 467, 10, 398, 199, 331, 331, 486, 443, 120, 207, 299, 299, 251, 219, 219, 246, 19, 19, 246, 246, 246, 19, 19, 19, 19, 170, 414, 414, 414, 414, 414, 170, 170, 392, 28, 28, 73, 73, 244, 320, 321, 320, 7, 7, 374, 374, 132, 217, 217, 473, 473, 324, 246, 19, 19, 19, 19, 19, 170, 451, 171, 171, 264, 264, 264, 264, 264, 264, 264, 264, 264, 264, 264, 264, 264, 264, 264, 264, 264, 264, 264, 264, 264, 264, 264, 264, 264, 264, 264, 264, 264, 264, 264, 264, 264, 264, 264, 264, 264, 264, 264, 264, 264, 264, 264, 264, 264, 264, 264, 264, 264, 264, 264, 264, 264, 264, 264]

ep98
Train step Loss: [3.180115222930908, 3.3085999488830566, 2.8176021575927734, 3.034224271774292, 3.249117851257324, 3.170647382736206, 3.4723260402679443, 3.552854537963867, 3.069924831390381, 3.4504692554473877, 3.2967944145202637, 3.315302610397339, 3.1708295345306396, 3.3010311126708984, 3.1896278858184814, 3.4413111209869385, 3.046952247619629, 3.182936429977417, 3.3882150650024414, 2.907641887664795, 2.9612576961517334, 2.9024131298065186, 2.73669695854187, 2.862964153289795, 3.291733503341675, 3.16800594329834, 2.838343381881714, 3.261458396911621, 3.5185294151306152, 3.053717613220215, 3.3420610427856445, 3.357203722000122, 3.2030017375946045, 2.9257898330688477, 3.264092445373535, 2.553497076034546, 3.3221676349639893, 3.063047170639038, 3.5445752143859863, 3.159729242324829, 3.678299903869629, 2.7655797004699707, 3.1797618865966797, 2.438375473022461, 3.1076159477233887, 3.009625196456909, 3.2100939750671387, 2.9608097076416016, 2.317793130874634, 3.3180365562438965, 2.9117188453674316, 2.961179256439209, 2.8886094093322754, 3.144099235534668, 3.3488399982452393, 2.6476738452911377, 2.529932737350464, 2.8007798194885254, 3.5665369033813477, 2.9667389392852783, 2.9827558994293213, 3.6219818592071533, 3.54363751411438]
val step Loss: [2.2801969051361084, 2.703282356262207, 2.0707576274871826, 2.669992685317993, 2.5002667903900146, 2.656984329223633, 2.5353188514709473, 2.784670352935791, 2.676830291748047, 2.691110134124756, 2.7404911518096924, 2.5719785690307617, 2.6572813987731934, 2.465244770050049, 2.523224353790283, 3.3916547298431396]
Train step Accs: [0.3776946374487796, 0.34452572250869407, 0.4414790102863497, 0.395821325648415, 0.30949265881668847, 0.3707155742633794, 0.2895329206527856, 0.31641518061271146, 0.3838612368024133, 0.3096476884198008, 0.3464137214137214, 0.3128960943257185, 0.3621831797235023, 0.34489374262101535, 0.36786925686093125, 0.33919296843787455, 0.38626547653325655, 0.3841497747747748, 0.34490709344907095, 0.4175465057817999, 0.41853600944510033, 0.4397614852961106, 0.48410493827160495, 0.44132383966244726, 0.35906040268456374, 0.3282542446669569, 0.44487881157154024, 0.3239171374764595, 0.3054175251484669, 0.396674953387197, 0.335959407130458, 0.3468258590564939, 0.37338589098817454, 0.4347707423580786, 0.3538530332389328, 0.5374262815666112, 0.3144580085306663, 0.4020220832779034, 0.28561324091101997, 0.3699182029056281, 0.28447843530591777, 0.4642910840475116, 0.36180984021515583, 0.533721898417985, 0.38748938579111236, 0.409058334527734, 0.3781187044785371, 0.4010557854187473, 0.563112283345893, 0.341120254844704, 0.42944038929440387, 0.4102982638373646, 0.4152173913043478, 0.35063453586197063, 0.3461042311661507, 0.4587780355761794, 0.4937093275488069, 0.44571428571428573, 0.3123209169054441, 0.42747093023255817, 0.415016501650165, 0.2756272853360232, 0.2683673469387755]
val step Accs: [0.5871148459383754, 0.4937765205091938, 0.6515934539190353, 0.4954218904070996, 0.5640255351107774, 0.5103865369445175, 0.5512994044396319, 0.49982309234579547, 0.5013924050632912, 0.46779400461183707, 0.47723834410672533, 0.524314643890343, 0.4952, 0.5652538816617709, 0.5351195882531032, 0.3607980786994273]
Preds: [17, 17, 83, 145, 486, 460, 460, 169, 169, 349, 349, 349, 25, 25, 25, 25, 25, 106, 346, 387, 348, 348, 348, 398, 398, 398, 324, 360, 434, 434, 339, 76, 250, 473, 398, 398, 360, 360, 360, 360, 360, 360, 434, 434, 434, 246, 19, 19, 19, 454, 454, 414, 414, 414, 414, 414, 249, 80, 80, 80, 80, 321, 320, 188, 188, 188, 171, 171, 434, 434, 339, 339, 250, 345, 43, 153, 43, 43, 43, 129, 241, 34, 84, 84, 84, 139, 139, 139, 274, 293, 274, 122, 8, 75, 354, 354, 420, 213, 360, 360, 360, 360, 434, 434, 19, 19, 19, 454, 454, 414, 414, 414, 414, 414, 392, 414, 244, 47, 47, 20, 80, 80, 321, 320, 7, 7, 7, 309, 473, 473, 398, 398, 360, 360, 360, 360, 434, 434, 434, 246, 246, 246, 246, 19, 19, 454, 454, 197, 197, 197, 7, 7, 7, 219, 219, 219, 219, 219, 219, 286, 286, 286, 286, 139, 468, 406, 467, 84, 486, 486, 486, 315, 315, 315, 315, 282, 282, 388, 348, 348, 250, 250, 250, 250, 138, 138, 182, 497, 497, 497, 349, 349, 349, 25, 25, 25, 25, 25, 25, 25, 346, 346, 153, 153, 182, 98, 98, 98, 98, 98, 197, 197, 197, 244, 188, 188, 422, 107, 342, 224, 224, 31, 342, 342, 342, 224, 168, 273, 444, 444, 444, 171, 324, 324, 324, 252, 422, 77, 162, 342, 172, 115, 115, 273, 273, 486, 486, 460, 460, 460, 35, 35, 35, 35, 284, 100, 100, 100, 182, 182, 182, 182, 182, 182, 182, 182, 182, 98, 98, 98, 98, 98, 98, 170, 47, 7, 321, 287, 287, 287, 426, 426, 426, 426, 98, 98, 98, 98, 13, 17, 451, 171, 171, 171, 171, 171, 171, 171, 171, 264, 264, 264, 264, 264, 264, 264, 264, 264, 264, 264, 264, 264, 264, 264, 264, 264, 264, 264, 264, 264, 264, 264, 264, 264, 264, 264, 264, 264, 264, 264, 264, 264, 264, 264, 264, 264, 264, 264, 264, 264, 264, 264, 264, 264, 264, 264, 264, 264, 264, 264, 264, 264, 264, 264, 264, 264, 264, 264, 264, 264, 264, 264, 264, 264, 264, 264, 264, 264, 264, 264, 264, 264, 264, 264, 264, 264, 264, 264, 264, 264, 264, 264, 264, 264, 264, 264, 264, 264, 264, 264, 264, 264, 264, 264, 264, 264, 264, 264, 264, 264, 264, 264, 264, 264, 264, 264, 264, 264, 264, 264, 264, 264, 264, 264, 264, 264, 264, 264, 264, 264, 264, 264, 264, 264, 264, 264, 264, 264, 264, 264, 264, 264, 264, 264, 264, 264, 264, 264, 264, 264, 264, 264, 264, 264, 264, 264, 264, 264, 264, 264, 264, 264, 264, 264, 264, 264, 264, 264, 264, 264, 264, 264, 264, 264, 264, 264, 264, 264, 264, 264, 264, 264, 264, 264, 264, 264, 264, 264, 264, 264, 264, 264, 264, 264, 264, 264, 264, 264, 264, 264, 264, 264, 264, 264, 264, 264, 264, 264, 264, 264, 264, 264, 264, 264, 264, 264, 264, 264, 264, 264, 264, 264, 264, 264, 264, 264, 264, 264, 264, 264, 264, 264, 264, 264, 264, 264, 264, 264, 264, 264, 264, 264, 264, 264, 264, 264, 264, 264, 264, 264, 264, 264, 264, 264, 264, 264, 264, 264, 264, 264, 264, 264, 264, 264, 264, 264, 264, 264, 264, 264, 264, 264, 264, 264, 264, 264, 264, 264, 264, 264, 264, 264, 264, 264, 264, 264, 264, 264, 264, 264, 264, 264, 264, 264, 264, 264, 264, 264, 264, 264, 264, 264, 264, 264, 264, 264, 264, 264, 264, 264]

ep99
Train step Loss: [2.98372483253479, 3.2287917137145996, 3.257305860519409, 3.075753927230835, 3.2508137226104736, 2.9920146465301514, 3.255756378173828, 3.1151859760284424, 2.6805007457733154, 3.2953219413757324, 2.7052550315856934, 3.4425811767578125, 3.4159257411956787, 3.016603946685791, 3.101745843887329, 2.8370871543884277, 3.1294586658477783, 3.3572235107421875, 3.1091089248657227, 2.7431938648223877, 2.9769506454467773, 3.3236143589019775, 3.1953771114349365, 2.8867287635803223, 3.1132757663726807, 2.971780776977539, 3.0464987754821777, 3.4387614727020264, 2.863025426864624, 2.9820494651794434, 3.201112985610962, 3.0117557048797607, 2.8345139026641846, 3.261439800262451, 2.6037917137145996, 3.0163679122924805, 3.2983665466308594, 3.131206750869751, 3.200056552886963, 2.8363406658172607, 3.145380735397339, 2.8904995918273926, 2.7799766063690186, 2.7422597408294678, 3.1676993370056152, 2.5969977378845215, 2.910567283630371, 3.4343018531799316, 2.8727476596832275, 3.2159054279327393, 2.921875238418579, 2.8818044662475586, 3.0776872634887695, 3.010281801223755, 2.891489028930664, 3.379361867904663, 3.1384546756744385, 3.681642532348633, 3.1229360103607178, 3.4908854961395264, 2.6618480682373047, 3.016746759414673, 3.331841468811035]
val step Loss: [2.565305233001709, 2.4701478481292725, 2.6097936630249023, 2.6672606468200684, 2.4448883533477783, 2.4530200958251953, 2.4045329093933105, 2.720160722732544, 2.889686107635498, 2.4824907779693604, 2.6624486446380615, 2.405636787414551, 2.433490514755249, 2.648845911026001, 2.6288912296295166, 2.405643939971924]
Train step Accs: [0.3989485981308411, 0.33403508771929824, 0.3175771664729433, 0.4018922852983988, 0.35306494599523075, 0.426550598476605, 0.34842636579572445, 0.38043152532214564, 0.499290176036343, 0.3405656142450995, 0.4945878434637802, 0.3022588294022214, 0.34982650044981367, 0.36922464152947426, 0.36548377312708524, 0.4396467124631992, 0.3827436930885207, 0.33135135135135135, 0.3790152896619442, 0.4451050336900515, 0.4339457567804024, 0.3266344441617909, 0.38599402588781945, 0.4080195458465076, 0.3749395258829221, 0.41518864882296036, 0.39931528166822283, 0.31510644502770485, 0.41476327333232493, 0.4285285285285285, 0.3403484320557491, 0.3815575587409487, 0.4574712643678161, 0.31736526946107785, 0.47648514851485146, 0.42568306010928963, 0.350497068569972, 0.364715860899067, 0.31632334581772786, 0.41986035686578743, 0.35363515705648135, 0.41469507714915504, 0.47145557655954634, 0.45119521912350596, 0.3663898387884709, 0.49610757254069354, 0.4268592057761733, 0.3239454732510288, 0.42922606924643586, 0.33242465545963956, 0.43385238637802254, 0.43661758008197965, 0.3871899199369996, 0.4200280112044818, 0.42427007299270075, 0.31194209891435465, 0.39380712044741506, 0.29683896350563016, 0.337966349670812, 0.293986013986014, 0.48433290798241885, 0.4146752450980392, 0.35808383233532937]
val step Accs: [0.5189232409381663, 0.558858501783591, 0.5179856115107914, 0.5174657049922218, 0.5577631578947368, 0.5410749834107499, 0.5598979317754499, 0.4928236464402444, 0.45412960609911057, 0.5413568773234201, 0.49824881985686004, 0.5581039755351682, 0.549374730487279, 0.4748918316507146, 0.5172708409617967, 0.5765913757700205]
Preds: [17, 17, 287, 287, 319, 319, 319, 319, 348, 348, 348, 348, 250, 250, 250, 65, 138, 138, 138, 138, 182, 182, 182, 182, 182, 182, 182, 497, 497, 497, 98, 14, 14, 14, 287, 287, 284, 111, 111, 111, 111, 111, 438, 299, 94, 94, 94, 398, 398, 398, 324, 324, 301, 301, 378, 43, 88, 65, 138, 138, 153, 182, 297, 182, 297, 481, 426, 426, 284, 284, 284, 426, 426, 426, 426, 413, 413, 350, 182, 250, 497, 195, 242, 43, 43, 43, 276, 276, 346, 346, 346, 284, 111, 111, 111, 146, 438, 438, 240, 240, 251, 431, 431, 431, 431, 428, 428, 428, 146, 146, 146, 143, 186, 54, 54, 54, 54, 482, 482, 482, 25, 115, 273, 273, 171, 171, 403, 403, 290, 171, 171, 171, 434, 252, 252, 339, 239, 239, 354, 420, 324, 324, 301, 301, 301, 301, 250, 345, 242, 84, 84, 486, 426, 426, 426, 426, 319, 282, 282, 169, 169, 77, 77, 342, 342, 115, 115, 267, 267, 267, 267, 213, 324, 246, 246, 246, 246, 434, 434, 339, 339, 398, 398, 398, 324, 324, 324, 422, 422, 422, 232, 232, 342, 115, 115, 273, 273, 273, 315, 315, 315, 315, 85, 85, 282, 282, 169, 169, 77, 77, 342, 224, 224, 267, 464, 464, 464, 464, 464, 464, 315, 315, 169, 169, 486, 486, 486, 486, 85, 85, 146, 240, 240, 169, 169, 169, 106, 486, 486, 139, 139, 293, 293, 293, 122, 77, 342, 342, 115, 273, 273, 273, 284, 486, 486, 376, 376, 460, 460, 460, 263, 263, 229, 312, 170, 312, 312, 23, 23, 23, 23, 408, 408, 408, 408, 408, 23, 408, 408, 408, 408, 391, 391, 244, 320, 66, 66, 66, 66, 68, 267, 267, 267, 273, 273, 43, 43, 153, 153, 88, 426, 319, 319, 426, 319, 319, 293, 348, 219, 219, 219, 464, 464, 464, 315, 315, 315, 319, 319, 319, 319, 348, 348, 348, 250, 406, 406, 324, 467, 337, 337, 19, 324, 324, 3, 301, 301, 301, 8, 354, 354, 106, 106, 284, 284, 206, 206, 206, 282, 388, 169, 77, 77, 342, 224, 273, 470, 180, 431, 114, 324, 371, 213, 213, 213, 213, 213, 213, 246, 246, 246, 246, 246, 246, 246, 246, 246, 19, 454, 454, 454, 414, 414, 414, 414, 249, 249, 249, 80, 187, 187, 392, 47, 244, 73, 73, 244, 321, 320, 287, 287, 287, 284, 284, 460, 460, 460, 169, 169, 150, 224, 168, 168, 494, 77, 323, 115, 115, 115, 115, 323, 323, 224, 273, 273, 106, 106, 424, 424, 424, 424, 182, 182, 497, 497, 497, 122, 122, 122, 197, 197, 197, 197, 7, 7, 7, 309, 473, 473, 473, 398, 398, 360, 360, 360, 434, 434, 434, 434, 434, 246, 246, 246, 422, 338, 338, 338, 338, 338, 338, 338, 338, 400, 400, 400, 286, 286, 286, 374, 374, 374, 132, 250, 331, 180, 355, 275, 275, 275, 275, 275, 303, 303, 48, 48, 48, 170, 414, 414, 414, 414, 170, 170, 170, 187, 187, 392, 392, 392, 12, 392, 392, 73, 320, 321, 321, 320, 287, 287, 287, 287, 284, 284, 460, 460, 460, 460, 169, 35, 77, 342, 342, 342, 224, 267, 267, 267, 246, 213, 213, 246, 246, 246, 301, 301, 301, 378, 276, 345, 109, 346, 346, 284, 284, 428, 376, 428, 428, 146, 240, 240, 35, 169, 35, 371, 371, 371, 371, 485, 464, 301, 301, 32, 196, 196, 250, 250, 250, 250, 196, 398, 398, 398, 398, 398, 286, 286, 374, 374, 374, 374, 374, 132, 132, 132, 132, 132, 132, 132, 251]

ep100
Train step Loss: [3.3655104637145996, 3.0003039836883545, 3.274876356124878, 3.619288921356201, 3.1694302558898926, 2.9980437755584717, 2.9933149814605713, 2.718857526779175, 3.203531503677368, 2.996323347091675, 3.6712119579315186, 2.583982229232788, 3.0363004207611084, 2.9337432384490967, 2.520937442779541, 2.675835371017456, 3.367079734802246, 3.6451938152313232, 3.017995834350586, 2.747088670730591, 3.238523244857788, 2.7588043212890625, 2.9358811378479004, 2.8327746391296387, 2.628939390182495, 3.37571382522583, 2.9816763401031494, 3.0695998668670654, 2.7026689052581787, 2.8000407218933105, 3.2860894203186035, 3.4835364818573, 3.3153185844421387, 2.979727268218994, 3.0444350242614746, 2.8819398880004883, 3.428358554840088, 2.574101448059082, 3.086270809173584, 2.9832379817962646, 2.9786267280578613, 2.815448045730591, 2.710327386856079, 3.2493293285369873, 3.049989938735962, 3.041630268096924, 3.2259886264801025, 3.347193717956543, 2.814995765686035, 2.698643922805786, 2.758958101272583, 3.1671223640441895, 3.061129093170166, 3.0559744834899902, 3.393602132797241, 2.9967620372772217, 2.7252862453460693, 3.0442087650299072, 3.488464593887329, 3.020165205001831, 2.7116382122039795, 3.255415201187134, 3.363516330718994]
val step Loss: [2.5216410160064697, 2.143906831741333, 2.4290454387664795, 2.5612947940826416, 2.650662660598755, 2.6861374378204346, 2.967651844024658, 2.47003436088562, 2.30473256111145, 2.452383279800415, 2.3396148681640625, 2.292774200439453, 2.948660135269165, 2.530679702758789, 2.5251152515411377, 2.8485965728759766]
Train step Accs: [0.3298371947401378, 0.39574530088882415, 0.3424932975871314, 0.2991634577081397, 0.3466141067154723, 0.39602970579834335, 0.396288066919357, 0.4833508127949659, 0.3642541087231353, 0.3965324384787472, 0.24633511439923278, 0.46287015945330295, 0.4262545899632803, 0.42414816909373676, 0.5133863378224891, 0.4711943114206937, 0.32243578228848574, 0.2657676065931072, 0.3849098542850086, 0.44642857142857145, 0.36839191807362304, 0.4472620872230737, 0.39923793395427604, 0.41899781075164194, 0.4904281747771445, 0.33120856705762364, 0.3889207807118255, 0.3707065065624127, 0.4785577711007921, 0.4515187690675156, 0.31447963800904977, 0.30268681780016793, 0.3320516764072593, 0.3929542981501632, 0.3721918639951427, 0.43715005599104145, 0.30390738060781475, 0.5054097917230187, 0.38138418455794104, 0.3969100355482636, 0.38002184731156696, 0.47360594795539035, 0.4539135690540949, 0.35347077244258873, 0.36328759037922387, 0.37488421331216093, 0.33603072280894253, 0.359170466245036, 0.42901849217638693, 0.44703489281802533, 0.4458699726106386, 0.3706990715456035, 0.3610260894913278, 0.3661847894406034, 0.3280979635298815, 0.4115709580409566, 0.4769337016574586, 0.40327488769743514, 0.2945470158866466, 0.40332989158492516, 0.46321664129883305, 0.36093514328808446, 0.35776]
val step Accs: [0.5245457011120152, 0.6303536977491961, 0.5678788663129287, 0.5176520629519353, 0.4925860769037447, 0.49129437171008233, 0.41682656826568265, 0.5300751879699248, 0.6010996563573883, 0.5577015934331241, 0.5859278562611439, 0.5772667542706964, 0.43602921287530433, 0.5095730918499353, 0.5358465608465608, 0.4711457455770851]
Preds: [17, 7, 217, 217, 473, 473, 473, 476, 213, 360, 360, 252, 143, 107, 422, 75, 107, 107, 395, 395, 213, 171, 171, 171, 246, 3, 3, 3, 143, 197, 259, 354, 241, 109, 109, 264, 395, 313, 34, 337, 337, 337, 171, 360, 360, 434, 434, 339, 339, 398, 339, 199, 10, 10, 33, 250, 250, 250, 250, 250, 250, 250, 250, 43, 76, 129, 259, 441, 100, 100, 100, 497, 497, 497, 497, 43, 43, 441, 208, 441, 346, 346, 346, 306, 306, 372, 372, 467, 467, 467, 467, 467, 406, 406, 467, 303, 303, 303, 303, 303, 303, 303, 303, 48, 48, 48, 48, 414, 414, 414, 414, 170, 47, 170, 2, 244, 392, 392, 392, 244, 392, 392, 321, 321, 66, 66, 66, 66, 115, 115, 115, 115, 267, 267, 464, 286, 374, 468, 468, 139, 139, 274, 274, 399, 399, 398, 398, 398, 398, 324, 324, 324, 324, 3, 3, 3, 3, 145, 145, 145, 111, 111, 460, 240, 240, 114, 114, 171, 111, 111, 111, 438, 169, 224, 342, 224, 54, 168, 273, 443, 443, 443, 460, 240, 240, 240, 240, 35, 35, 251, 324, 324, 324, 41, 213, 213, 213, 246, 246, 246, 246, 246, 246, 246, 3, 197, 197, 259, 259, 354, 284, 284, 284, 284, 284, 376, 376, 376, 460, 460, 263, 263, 170, 170, 170, 170, 170, 170, 47, 28, 320, 320, 187, 244, 287, 287, 287, 473, 321, 153, 153, 321, 321, 320, 219, 219, 213, 213, 324, 301, 301, 143, 259, 259, 354, 437, 437, 284, 319, 319, 282, 17, 122, 171, 171, 171, 171, 171, 171, 171, 171, 171, 171, 171, 171, 171, 171, 171, 171, 171, 171, 171, 171, 171, 171, 171, 171, 171, 264, 264, 264, 264, 264, 264, 264, 264, 264, 264, 264, 264, 264, 264, 264, 264, 264, 264, 264, 264, 264, 264, 264, 264, 264, 264, 264, 264, 264, 264, 264, 264, 264, 264, 264, 264, 264, 264, 264, 264, 264, 264, 264, 264, 264, 264, 264, 264, 264, 264, 264, 264, 264, 264, 264, 264, 264, 264, 264, 264, 264, 264, 264, 264, 264, 264, 264, 264, 264, 264, 264, 264, 264, 264, 264, 264, 264, 264, 264, 264, 264, 264, 264, 264, 264, 264, 264, 264, 264, 264, 264, 264, 264, 264, 264, 264, 264, 264, 264, 264, 264, 264, 264, 264, 264, 264, 264, 264, 264, 264, 264, 264, 264, 264, 264, 264, 264, 264, 264, 264, 264, 264, 264, 264, 264, 264, 264, 264, 264, 264, 264, 264, 264, 264, 264, 264, 264, 264, 264, 264, 264, 264, 264, 264, 264, 264, 264, 264, 264, 264, 264, 264, 264, 264, 264, 264, 264, 264, 264, 264, 264, 264, 264, 264, 264, 264, 264, 264, 264, 264, 264, 264, 264, 264, 264, 264, 264, 264, 264, 264, 264, 264, 264, 264, 264, 264, 264, 264, 264, 264, 264, 264, 264, 264, 264, 264, 264, 264, 264, 264, 264, 264, 264, 264, 264, 264, 264, 264, 264, 264, 264, 264, 264, 264, 264, 264, 264, 264, 264, 264, 264, 264, 264, 264, 264, 264, 264, 264, 264, 264, 264, 264, 264, 264, 264, 264, 264, 264, 264, 264, 264, 264, 264, 264, 264, 264, 264, 264, 264, 264, 264, 264, 264, 264, 264, 264, 264, 264, 264, 264, 264, 264, 264, 264, 264, 264, 264, 264, 264, 264, 264, 264, 264, 264, 264, 264, 264, 264, 264, 264, 264, 264, 264, 264, 264, 264, 264, 264, 264, 264, 264, 264, 264, 264, 264, 264, 264, 264, 264, 264, 264, 264, 264, 264, 264, 264, 264, 264, 264, 264, 264, 264]

ep101
Train step Loss: [2.9192562103271484, 2.5303866863250732, 2.7453343868255615, 2.601552963256836, 3.3479409217834473, 2.7207887172698975, 3.0114598274230957, 2.931640386581421, 2.6886227130889893, 3.1361403465270996, 3.083110809326172, 2.8578474521636963, 2.9491078853607178, 3.019861936569214, 3.230095148086548, 3.5073535442352295, 2.669435977935791, 2.8845057487487793, 3.129185438156128, 3.106527805328369, 2.68731689453125, 3.115098476409912, 2.6318740844726562, 3.232478141784668, 3.0893471240997314, 3.2839231491088867, 2.859020233154297, 2.738584041595459, 3.397876262664795, 3.2672126293182373, 2.860652208328247, 2.963773012161255, 3.0521767139434814, 2.9832112789154053, 3.5337460041046143, 2.8613274097442627, 3.097330093383789, 2.922776937484741, 2.765408992767334, 3.159212827682495, 3.118265390396118, 2.8436758518218994, 2.8900420665740967, 3.1722893714904785, 3.2294559478759766, 3.207416534423828, 3.475131034851074, 2.7903079986572266, 3.093926429748535, 3.482635498046875, 2.7998480796813965, 3.3552870750427246, 2.959996223449707, 3.12764835357666, 2.957493305206299, 2.971992254257202, 3.4229371547698975, 3.1649081707000732, 3.3239622116088867, 2.6334452629089355, 3.0447487831115723, 2.8999717235565186, 2.7452759742736816]
val step Loss: [2.4833762645721436, 2.2043943405151367, 2.596755027770996, 2.7524759769439697, 3.0699548721313477, 2.687371015548706, 2.685204029083252, 2.2692949771881104, 2.519239902496338, 2.462214946746826, 2.4758412837982178, 2.3049888610839844, 2.660902500152588, 2.457656145095825, 2.470804452896118, 2.274979591369629]
Train step Accs: [0.4236672051696284, 0.4968553459119497, 0.47470449172576834, 0.4831357048748353, 0.28704327895375487, 0.44762622456669177, 0.40235180021820827, 0.39632129151779805, 0.45546056260341977, 0.3663964830333837, 0.3529570618417499, 0.4190463178029786, 0.4031505250875146, 0.3938618925831202, 0.33592184368737477, 0.31780552827276554, 0.47545582047685836, 0.42638472463310717, 0.37174964066379196, 0.3706186286831448, 0.4900558019745314, 0.37856801148142244, 0.49393723252496435, 0.35182389937106917, 0.39115929941618016, 0.32258539458186103, 0.40986574143913107, 0.49137931034482757, 0.3382141831754235, 0.37170426746398477, 0.42680973734785393, 0.3892497770984588, 0.44570655848546314, 0.37260196106295296, 0.29782082324455206, 0.4, 0.3850052168728574, 0.4058596761757903, 0.46531673279518404, 0.35675878454420407, 0.3665590135055784, 0.4302675082657048, 0.38912190501961846, 0.36562282533054974, 0.3526822558459422, 0.3346779440468445, 0.3201657458563536, 0.4547935011782215, 0.40238836967808933, 0.30555163158638227, 0.43785766691122524, 0.3215610828638175, 0.42897526501766786, 0.3715670436187399, 0.3938135471860232, 0.40689830724194986, 0.301219188974291, 0.33427462054359336, 0.33913947744702977, 0.4909872664130974, 0.40496247511104305, 0.39892001349983125, 0.45189156985403633]
val step Accs: [0.5319032654734254, 0.5892127485698719, 0.5172317175679462, 0.4833953621528772, 0.4170137776353733, 0.4923315041508372, 0.5064864864864865, 0.5701958635803315, 0.5336274903061907, 0.5254937395120692, 0.5604253484696077, 0.572858188918721, 0.5107903965470731, 0.5462731365682841, 0.556535070908394, 0.5600327265289425]
Preds: [17, 17, 287, 287, 284, 284, 111, 85, 85, 330, 388, 94, 242, 212, 324, 398, 324, 250, 250, 217, 217, 217, 473, 473, 398, 290, 171, 171, 246, 246, 246, 246, 246, 19, 77, 342, 342, 433, 433, 323, 323, 395, 219, 219, 213, 246, 246, 246, 246, 19, 19, 19, 454, 229, 229, 229, 170, 392, 392, 392, 392, 392, 392, 392, 392, 392, 244, 244, 320, 201, 320, 66, 66, 115, 323, 482, 106, 424, 274, 274, 122, 129, 129, 321, 75, 144, 445, 445, 443, 171, 403, 403, 290, 290, 290, 171, 434, 434, 434, 434, 434, 434, 246, 246, 19, 19, 143, 259, 401, 82, 75, 445, 445, 445, 180, 171, 171, 171, 416, 143, 458, 445, 445, 464, 464, 171, 171, 171, 301, 143, 259, 259, 75, 213, 213, 213, 213, 213, 213, 213, 246, 246, 246, 246, 246, 19, 48, 48, 197, 197, 197, 197, 197, 7, 188, 422, 31, 232, 232, 68, 68, 115, 115, 115, 115, 115, 267, 444, 286, 286, 286, 374, 374, 132, 132, 132, 345, 345, 345, 467, 467, 337, 337, 213, 213, 324, 246, 246, 143, 422, 422, 349, 349, 323, 219, 219, 219, 324, 464, 464, 464, 464, 180, 315, 315, 315, 315, 315, 450, 450, 450, 413, 303, 43, 43, 276, 276, 153, 182, 182, 182, 182, 182, 98, 98, 98, 98, 98, 17, 414, 170, 170, 392, 392, 392, 63, 63, 63, 63, 63, 63, 63, 63, 63, 63, 63, 63, 63, 63, 392, 73, 289, 320, 320, 320, 287, 287, 35, 35, 468, 35, 460, 460, 460, 460, 460, 169, 150, 150, 342, 224, 224, 494, 494, 494, 129, 422, 77, 68, 68, 115, 273, 273, 319, 319, 319, 388, 94, 348, 212, 212, 212, 212, 473, 473, 398, 324, 324, 464, 464, 464, 139, 319, 319, 282, 319, 413, 53, 53, 70, 70, 65, 46, 46, 46, 438, 438, 431, 431, 431, 324, 324, 324, 301, 301, 339, 10, 331, 398, 398, 464, 464, 464, 464, 486, 376, 376, 460, 460, 263, 263, 414, 170, 170, 170, 170, 392, 392, 392, 392, 63, 63, 63, 63, 63, 63, 63, 63, 63, 63, 63, 63, 63, 63, 63, 63, 63, 73, 73, 244, 289, 320, 321, 7, 309, 479, 473, 331, 290, 171, 171, 171, 171, 434, 434, 434, 3, 3, 14, 14, 14, 287, 287, 145, 111, 450, 450, 43, 43, 43, 182, 182, 43, 88, 109, 109, 207, 207, 324, 324, 324, 301, 8, 32, 239, 239, 75, 354, 371, 324, 213, 213, 246, 246, 19, 19, 454, 259, 401, 401, 401, 80, 80, 320, 321, 354, 486, 84, 486, 486, 403, 403, 403, 120, 120, 120, 282, 282, 330, 395, 34, 349, 323, 414, 310, 107, 107, 107, 107, 338, 338, 186, 323, 56, 56, 473, 171, 171, 171, 171, 171, 171, 171, 171, 264, 264, 264, 264, 264, 264, 264, 171, 171, 171, 171, 171, 171, 171, 171, 171, 171, 171, 171, 171, 171, 171, 171, 171, 171, 171, 171, 171, 171, 171, 171, 171, 171, 171, 171, 171, 171, 171, 171, 171, 171, 171, 171, 171, 171, 171, 171, 171, 171, 171, 171, 171, 171, 171, 171, 171, 171, 171, 171, 171, 264, 264, 264, 264, 264, 264, 264, 264, 264, 264, 264, 264, 264, 264, 264, 264, 264, 264, 171, 171, 171, 171, 171, 171, 171, 171, 171, 171, 171, 171, 171, 171, 171, 171, 171, 171, 171, 171, 171, 171, 171, 171, 171, 171, 171, 171, 171, 171, 171, 171, 171, 171, 171, 171, 171, 171, 171, 171, 171, 171, 171, 171, 171, 171, 171, 171]

ep102
Train step Loss: [2.6987924575805664, 2.9310569763183594, 3.1399290561676025, 3.2542760372161865, 3.0650360584259033, 3.2626302242279053, 3.0382981300354004, 3.360459327697754, 3.11479115486145, 2.8247978687286377, 2.831843852996826, 3.150303840637207, 3.128908157348633, 3.209582567214966, 2.8462653160095215, 2.739426851272583, 2.9163224697113037, 2.92612886428833, 3.0369739532470703, 3.3802928924560547, 3.1106622219085693, 2.6938138008117676, 2.7390477657318115, 2.5977611541748047, 3.5865025520324707, 3.280259847640991, 2.9566102027893066, 3.0043039321899414, 2.733112335205078, 3.2335782051086426, 2.9636621475219727, 2.487516403198242, 3.0910489559173584, 2.9931116104125977, 2.8978888988494873, 3.1912879943847656, 2.828096389770508, 2.843155860900879, 3.004258871078491, 2.860128879547119, 2.8015925884246826, 3.027097702026367, 3.2844228744506836, 3.041546106338501, 3.1543874740600586, 3.0903074741363525, 3.363403081893921, 3.0899250507354736, 2.9774792194366455, 3.0001325607299805, 3.3073277473449707, 3.189791440963745, 2.6088249683380127, 3.1771774291992188, 2.85707426071167, 3.0784389972686768, 3.0047876834869385, 3.1240973472595215, 3.2431318759918213, 2.3629508018493652, 3.065326690673828, 3.1481997966766357, 3.233813524246216]
val step Loss: [2.7630867958068848, 2.738835096359253, 2.258112668991089, 2.63986873626709, 2.6138882637023926, 2.7141847610473633, 2.463106393814087, 2.7121834754943848, 2.134765386581421, 2.0975863933563232, 2.373323678970337, 2.372967004776001, 2.4817256927490234, 2.899578332901001, 2.271699905395508, 2.4747509956359863]
Train step Accs: [0.4629861982434128, 0.3830573625073921, 0.3633058313522584, 0.34458490811937964, 0.4021586767591814, 0.3807494489346069, 0.4221942345368038, 0.3611316841949341, 0.37214225232853515, 0.42721768886549094, 0.433634349974442, 0.37802733053713977, 0.35175947148442765, 0.3225687168741526, 0.4143401983218917, 0.453635876362337, 0.41117388575015695, 0.39801230477993377, 0.36086230453924395, 0.2966101694915254, 0.36389316897791474, 0.4751958224543081, 0.4660371106693174, 0.5108870967741935, 0.25801063022019743, 0.33992941769599194, 0.3761335260875279, 0.40891445003594534, 0.4680216802168022, 0.3505348366579936, 0.39294747805386104, 0.5032198712051518, 0.3580659213010019, 0.3968330134357006, 0.40970285021224984, 0.3916417097740267, 0.40687406602363807, 0.4618468146027201, 0.4003831417624521, 0.4226148409893993, 0.42922935216456864, 0.3411066648268249, 0.3638006713142267, 0.3979175460813283, 0.3739427456083279, 0.3687697160883281, 0.34328358208955223, 0.39242363612111514, 0.4151526865094704, 0.3931225411627568, 0.33065902578796563, 0.38064516129032255, 0.4936454849498328, 0.3562149394744612, 0.4077081565870804, 0.37972579975072707, 0.405176132278936, 0.39168518760622306, 0.374939584340261, 0.5472697020117985, 0.3832809725447343, 0.37384276267450406, 0.3125160627088152]
val step Accs: [0.45929879898095355, 0.48884506347836804, 0.5998375524570191, 0.5041666666666667, 0.4968048946295037, 0.48599556295063784, 0.5388219544846051, 0.4820801124385102, 0.6178561273812909, 0.6249316566429743, 0.56047234307023, 0.5540560150921492, 0.5324347093513058, 0.45636363636363636, 0.5826848249027238, 0.5470941883767535]
Preds: [17, 309, 479, 479, 331, 278, 443, 443, 468, 169, 150, 232, 54, 54, 224, 224, 273, 273, 273, 494, 494, 116, 264, 468, 468, 468, 468, 468, 467, 337, 337, 337, 337, 339, 434, 339, 33, 10, 479, 331, 331, 331, 331, 84, 84, 84, 426, 426, 426, 16, 98, 98, 98, 375, 98, 98, 98, 13, 13, 13, 13, 414, 80, 80, 442, 187, 187, 187, 187, 187, 187, 392, 392, 392, 392, 392, 392, 392, 392, 392, 47, 73, 73, 73, 244, 63, 73, 63, 73, 63, 63, 63, 63, 73, 244, 73, 7, 7, 7, 7, 7, 7, 7, 7, 354, 420, 213, 213, 213, 213, 213, 213, 213, 213, 246, 246, 246, 246, 246, 246, 246, 246, 246, 3, 3, 3, 188, 188, 188, 143, 107, 301, 143, 143, 354, 259, 354, 354, 109, 109, 278, 278, 171, 171, 171, 171, 171, 171, 246, 246, 246, 246, 246, 246, 246, 246, 422, 186, 338, 338, 338, 338, 338, 338, 400, 400, 400, 400, 213, 324, 324, 464, 464, 434, 434, 339, 143, 77, 77, 232, 232, 54, 172, 395, 395, 400, 286, 286, 464, 464, 464, 264, 264, 443, 315, 315, 315, 282, 282, 282, 282, 282, 413, 413, 53, 43, 43, 43, 43, 43, 276, 182, 182, 182, 182, 182, 182, 182, 182, 182, 182, 497, 497, 76, 284, 284, 413, 413, 59, 59, 59, 406, 406, 406, 406, 406, 43, 43, 497, 497, 98, 98, 98, 98, 122, 129, 234, 422, 196, 196, 309, 479, 398, 398, 464, 464, 464, 84, 84, 88, 88, 43, 43, 43, 43, 43, 276, 153, 174, 174, 387, 426, 319, 413, 348, 348, 348, 212, 219, 398, 398, 464, 464, 464, 315, 120, 120, 282, 282, 282, 282, 263, 263, 414, 414, 414, 414, 414, 414, 187, 187, 187, 187, 187, 187, 187, 187, 392, 392, 392, 392, 392, 392, 73, 244, 73, 320, 75, 75, 310, 323, 323, 323, 374, 196, 106, 106, 106, 153, 153, 153, 424, 182, 182, 182, 182, 182, 182, 182, 182, 182, 182, 182, 497, 497, 497, 122, 122, 122, 422, 310, 310, 323, 323, 115, 273, 106, 106, 106, 481, 387, 387, 293, 293, 293, 293, 81, 35, 207, 324, 324, 324, 324, 301, 143, 143, 35, 259, 354, 354, 345, 109, 109, 109, 355, 355, 355, 355, 263, 376, 376, 376, 376, 376, 376, 376, 376, 460, 460, 460, 460, 460, 169, 35, 259, 75, 354, 114, 180, 486, 486, 486, 460, 460, 169, 150, 150, 224, 494, 494, 324, 470, 486, 486, 486, 460, 240, 240, 240, 240, 324, 324, 324, 324, 324, 324, 324, 324, 464, 464, 464, 43, 88, 88, 375, 375, 98, 98, 414, 414, 75, 259, 208, 441, 441, 441, 100, 100, 100, 182, 182, 98, 98, 98, 414, 414, 170, 170, 414, 170, 170, 170, 63, 63, 28, 28, 28, 63, 63, 63, 63, 392, 63, 63, 63, 63, 73, 73, 73, 73, 63, 63, 63, 63, 63, 63, 63, 63, 63, 63, 63, 63, 73, 73, 73, 73, 244, 321, 321, 287, 287, 287, 287, 287, 284, 284, 284, 284, 284, 450, 450, 450, 450, 450, 88, 88, 43, 276, 174, 319, 319, 387, 387, 387, 250, 250, 250, 250, 76, 32, 239, 354, 219, 398, 398, 464, 171, 171, 171, 171, 171, 171, 246, 252, 143, 310, 310, 338, 107, 107, 395, 400, 400, 400, 324, 374, 374, 374, 374, 374, 132, 132, 274, 186, 186, 54, 232, 482, 482, 482, 482, 482, 482, 482, 115, 273, 273, 106, 106, 424, 424, 293, 497, 497, 122, 122, 75, 310, 107, 445]

ep103
Train step Loss: [2.8764467239379883, 2.7542853355407715, 2.9005470275878906, 2.941098213195801, 2.7665934562683105, 2.7041423320770264, 2.7284293174743652, 3.0237889289855957, 2.9922678470611572, 3.2925474643707275, 3.300259590148926, 3.370225429534912, 2.608013868331909, 3.1860246658325195, 3.492319345474243, 2.83805513381958, 3.138648271560669, 2.9690353870391846, 2.652909755706787, 3.061866044998169, 2.940945863723755, 2.951916456222534, 2.9019505977630615, 3.098975419998169, 2.6012930870056152, 3.1472504138946533, 3.414813756942749, 3.068312644958496, 3.292855978012085, 2.916195869445801, 2.9806628227233887, 3.1843621730804443, 3.541597604751587, 3.5166432857513428, 2.7144036293029785, 3.2797911167144775, 2.8570098876953125, 2.7301387786865234, 3.1307485103607178, 3.3910043239593506, 2.952514171600342, 2.753671407699585, 2.7690258026123047, 2.615445852279663, 3.1469054222106934, 2.8063549995422363, 2.7517967224121094, 2.5649235248565674, 3.1229805946350098, 3.1275057792663574, 2.8800208568573, 3.2959442138671875, 3.0366687774658203, 3.0170435905456543, 2.6291067600250244, 3.0725741386413574, 3.140713691711426, 3.1828019618988037, 3.0473570823669434, 2.9093265533447266, 3.2201530933380127, 3.202420473098755, 3.15177583694458]
val step Loss: [2.5490739345550537, 2.6019036769866943, 2.6466197967529297, 2.468142509460449, 2.4746317863464355, 2.763397455215454, 2.4338552951812744, 2.041231632232666, 2.4706287384033203, 2.5279006958007812, 2.6265482902526855, 2.672121524810791, 2.4936087131500244, 2.2849886417388916, 2.41858172416687, 2.3714511394500732]
Train step Accs: [0.4006869772998805, 0.42290095214541856, 0.42352141400407883, 0.3941144853533996, 0.4160164875607243, 0.451411636250195, 0.43549382716049384, 0.3656355373112447, 0.40261153427638735, 0.33389878428046366, 0.3286143286143286, 0.3247216035634744, 0.48990435706695007, 0.37209302325581395, 0.29389312977099236, 0.43114543114543114, 0.37051734273956494, 0.4101457096600108, 0.44567503154353005, 0.353572848999072, 0.42550124492202857, 0.394169835234474, 0.43144337992775245, 0.36549111046342175, 0.4834656084656085, 0.3959188911704312, 0.33399602385685884, 0.40806859713241495, 0.3076923076923077, 0.44531359128369885, 0.39950576606260296, 0.35546010672914224, 0.29642585551330797, 0.29799968498976215, 0.46306032097399, 0.31324713344718225, 0.4268917696713898, 0.4577652405579063, 0.38902181562280086, 0.31790123456790126, 0.39691889442682377, 0.4380142992041009, 0.42044919114182505, 0.4670353041259039, 0.39773256716881505, 0.4193492557978539, 0.44086021505376344, 0.4936692506459948, 0.3663553760726906, 0.37756673511293637, 0.41716762197679297, 0.35492957746478876, 0.3829931053129647, 0.3897493663756688, 0.4892807745504841, 0.38431876606683807, 0.3776710077127323, 0.360676532769556, 0.37810397553516817, 0.41873686812507727, 0.3575372722252899, 0.3543949354760166, 0.3790849673202614]
val step Accs: [0.5288645690834474, 0.5087742799732083, 0.4906310278313585, 0.5269910812079487, 0.5259067357512953, 0.46313459676303775, 0.5582371458551941, 0.648565330803889, 0.5350389321468298, 0.5197522367515485, 0.4901639344262295, 0.5095656670113754, 0.5262077459969892, 0.5761746559088752, 0.5527051054102108, 0.5688598283612587]
Preds: [17, 287, 424, 387, 387, 98, 98, 35, 129, 129, 129, 401, 414, 458, 27, 27, 437, 426, 426, 426, 426, 426, 426, 426, 167, 263, 263, 414, 414, 414, 414, 414, 414, 47, 47, 244, 244, 7, 7, 7, 473, 109, 264, 286, 264, 264, 264, 264, 468, 468, 468, 406, 406, 467, 337, 337, 337, 171, 171, 171, 171, 3, 3, 3, 3, 3, 3, 197, 197, 197, 196, 196, 479, 398, 398, 360, 360, 339, 33, 33, 324, 398, 331, 331, 374, 374, 132, 153, 182, 182, 182, 182, 98, 98, 43, 8, 197, 287, 100, 100, 100, 497, 497, 43, 8, 129, 259, 144, 27, 27, 106, 106, 284, 426, 426, 426, 206, 206, 285, 285, 467, 467, 406, 406, 406, 467, 467, 134, 43, 497, 98, 98, 98, 98, 98, 48, 414, 13, 13, 13, 414, 414, 170, 201, 170, 47, 47, 47, 47, 80, 80, 80, 80, 289, 320, 320, 7, 309, 479, 331, 324, 324, 422, 143, 143, 458, 183, 144, 27, 486, 180, 486, 315, 319, 319, 282, 388, 348, 88, 76, 212, 76, 324, 354, 420, 464, 324, 464, 464, 464, 180, 355, 376, 460, 460, 263, 263, 170, 229, 312, 312, 312, 312, 187, 23, 23, 23, 23, 408, 408, 408, 391, 391, 391, 391, 391, 321, 391, 391, 391, 244, 244, 73, 73, 73, 244, 287, 287, 287, 111, 111, 460, 460, 438, 35, 35, 77, 68, 232, 68, 232, 115, 115, 267, 267, 267, 267, 324, 246, 246, 246, 19, 454, 197, 197, 197, 197, 197, 197, 7, 309, 473, 331, 443, 443, 443, 330, 330, 143, 76, 76, 422, 259, 310, 107, 395, 395, 106, 106, 88, 88, 88, 293, 206, 206, 206, 206, 206, 206, 206, 240, 240, 35, 35, 77, 77, 342, 342, 267, 267, 267, 267, 267, 444, 213, 324, 246, 3, 301, 197, 197, 197, 197, 197, 414, 82, 320, 287, 100, 100, 182, 182, 182, 182, 182, 182, 182, 182, 182, 387, 387, 206, 206, 35, 122, 32, 239, 401, 401, 259, 75, 371, 371, 106, 171, 171, 171, 171, 349, 239, 239, 32, 239, 354, 473, 264, 264, 264, 290, 264, 264, 264, 264, 264, 468, 468, 94, 199, 41, 19, 19, 19, 19, 454, 454, 414, 414, 414, 414, 414, 170, 170, 170, 187, 392, 408, 408, 408, 408, 408, 73, 73, 321, 320, 321, 320, 321, 320, 83, 287, 284, 284, 460, 240, 240, 35, 35, 35, 35, 77, 77, 68, 267, 342, 342, 224, 224, 267, 444, 324, 324, 324, 301, 3, 14, 14, 14, 14, 14, 411, 411, 100, 424, 424, 424, 43, 43, 43, 32, 32, 239, 208, 208, 100, 100, 98, 497, 497, 98, 98, 98, 170, 170, 414, 414, 414, 170, 392, 244, 80, 244, 320, 287, 100, 481, 481, 98, 98, 109, 129, 129, 401, 82, 27, 208, 441, 441, 346, 346, 206, 206, 206, 263, 263, 17, 451, 264, 264, 264, 264, 264, 264, 264, 264, 264, 264, 264, 264, 264, 264, 264, 264, 264, 264, 264, 264, 264, 264, 264, 264, 264, 264, 264, 264, 264, 264, 264, 264, 264, 264, 264, 264, 264, 264, 264, 264, 264, 264, 264, 264, 264, 264, 264, 264, 264, 264, 264, 264, 264, 264, 264, 264, 264, 264, 264, 264, 264, 264, 264, 264, 264, 264, 264, 264, 264, 264, 264, 264, 264, 264, 264, 264, 264, 264, 264, 264, 264, 264, 264, 264, 264, 264, 264, 264, 264, 264, 264, 264, 264, 264, 264, 264, 264, 264, 264, 264, 264, 264, 264, 264, 264, 264, 264, 264, 264, 264, 264, 264, 264, 264]

ep104
Train step Loss: [2.9045569896698, 2.7927613258361816, 3.810088634490967, 3.402583599090576, 2.6676464080810547, 3.1780803203582764, 3.012418031692505, 2.975324869155884, 3.3154563903808594, 3.0539896488189697, 2.819338321685791, 2.6859211921691895, 3.03446364402771, 3.163571357727051, 3.2075917720794678, 3.1325604915618896, 2.8343796730041504, 3.0341596603393555, 2.858354091644287, 2.787095546722412, 2.9617536067962646, 3.589686870574951, 3.072103500366211, 2.9379661083221436, 2.4294352531433105, 2.9661052227020264, 2.7497589588165283, 2.7689993381500244, 3.1885457038879395, 2.775656223297119, 2.8990085124969482, 2.9342572689056396, 2.9755160808563232, 2.7930541038513184, 2.982908010482788, 2.916285991668701, 3.170417070388794, 3.3451766967773438, 2.740131378173828, 3.438358783721924, 2.827742338180542, 3.227565050125122, 2.85300874710083, 2.868583917617798, 2.8786094188690186, 2.818058967590332, 2.8274033069610596, 3.303452968597412, 2.536496162414551, 2.9891934394836426, 3.007192373275757, 3.160834312438965, 2.743591070175171, 2.863801956176758, 3.1518282890319824, 3.157442569732666, 2.5607805252075195, 3.3582611083984375, 2.6451797485351562, 3.1920881271362305, 2.6900808811187744, 3.0860755443573, 3.123277425765991]
val step Loss: [2.599233388900757, 2.4229910373687744, 2.140054941177368, 2.438368558883667, 3.1169943809509277, 2.547407865524292, 2.1942484378814697, 2.5538628101348877, 2.2295660972595215, 2.60774564743042, 2.564019203186035, 2.2490060329437256, 2.610780954360962, 2.5348265171051025, 2.4487802982330322, 2.122528553009033]
Train step Accs: [0.4005051176392397, 0.4522389953063555, 0.23397823458282951, 0.2962159229621592, 0.46651532349602726, 0.35013725979535815, 0.38219636003466634, 0.40512445095168376, 0.3178817056396149, 0.40423892100192677, 0.4467753120665742, 0.4869716992893654, 0.3596673596673597, 0.3540435165388002, 0.349609375, 0.36704859739233503, 0.4118084473527662, 0.399900584068597, 0.4276754737123032, 0.4600079061799974, 0.38061433447098975, 0.2567060859532737, 0.38312994501810377, 0.4153368794326241, 0.5062614323906008, 0.39862542955326463, 0.4487036742484492, 0.45883092394720304, 0.3507509386733417, 0.4137519398352632, 0.41184594138407243, 0.41689683184402926, 0.39342585829072313, 0.42964352720450283, 0.373124239556577, 0.4321304544768232, 0.34326165353279015, 0.33907952512603673, 0.451531576957015, 0.300659884520209, 0.41087758703673993, 0.33161953727506427, 0.4488407258064516, 0.42044025157232706, 0.4413037207960773, 0.4479070381618909, 0.4426444833625219, 0.32026596481507136, 0.5051661103163249, 0.42046908315565035, 0.36429608127721336, 0.3452202577165118, 0.44698232744248084, 0.42848004094165815, 0.3682610993657505, 0.3660388377865382, 0.49129957673616553, 0.3169297431135871, 0.48695054945054944, 0.34984375, 0.4490061909416748, 0.3839205058717254, 0.373592941892303]
val step Accs: [0.5204183266932271, 0.5404088050314465, 0.6121066104502334, 0.5444162436548223, 0.3915446255871788, 0.5141502657664129, 0.6094262295081967, 0.5063338301043219, 0.5777627118644068, 0.5210105697344677, 0.49973024008632316, 0.5935944018301709, 0.48698090532781413, 0.5231596360628619, 0.5281433772052646, 0.6204686561185659]
Preds: [17, 17, 17, 486, 460, 460, 169, 438, 35, 35, 259, 208, 208, 441, 100, 153, 153, 497, 122, 129, 129, 129, 458, 208, 208, 437, 346, 346, 206, 206, 206, 98, 263, 263, 263, 80, 170, 170, 249, 249, 249, 249, 249, 249, 249, 249, 249, 201, 201, 170, 28, 249, 47, 201, 249, 244, 28, 40, 20, 40, 28, 28, 28, 249, 153, 153, 153, 153, 153, 153, 316, 391, 391, 73, 73, 320, 320, 320, 320, 287, 287, 287, 111, 111, 460, 169, 169, 338, 338, 338, 338, 338, 338, 338, 400, 400, 400, 444, 213, 213, 213, 246, 246, 246, 246, 246, 246, 422, 338, 338, 338, 338, 338, 338, 338, 400, 400, 400, 485, 286, 286, 286, 374, 374, 374, 132, 132, 132, 132, 132, 132, 132, 132, 132, 132, 132, 132, 132, 132, 132, 132, 132, 197, 197, 197, 197, 197, 197, 197, 414, 414, 414, 244, 7, 213, 213, 213, 213, 213, 246, 246, 434, 434, 374, 132, 132, 43, 43, 43, 250, 276, 276, 346, 319, 85, 85, 85, 85, 282, 282, 282, 282, 388, 303, 303, 217, 473, 473, 398, 324, 464, 301, 143, 259, 401, 197, 7, 7, 354, 276, 109, 85, 428, 428, 428, 146, 207, 207, 207, 3, 3, 3, 454, 197, 197, 197, 197, 197, 197, 7, 7, 241, 310, 310, 310, 310, 374, 374, 132, 345, 345, 467, 132, 132, 132, 132, 132, 132, 132, 217, 473, 479, 479, 331, 43, 153, 98, 109, 109, 197, 7, 217, 473, 473, 398, 213, 324, 324, 324, 246, 19, 19, 454, 454, 414, 414, 414, 187, 126, 126, 408, 408, 408, 408, 408, 408, 408, 23, 23, 23, 23, 23, 391, 391, 391, 73, 320, 321, 392, 392, 83, 287, 287, 7, 319, 319, 413, 348, 250, 250, 250, 276, 174, 109, 109, 403, 171, 324, 324, 324, 464, 301, 251, 251, 241, 241, 241, 431, 431, 486, 319, 319, 330, 388, 348, 250, 195, 250, 199, 199, 199, 290, 290, 290, 171, 324, 324, 3, 301, 301, 354, 259, 259, 259, 354, 354, 106, 284, 206, 206, 240, 240, 355, 35, 77, 68, 342, 224, 25, 437, 485, 301, 374, 374, 374, 153, 153, 153, 182, 43, 43, 43, 276, 346, 346, 346, 428, 428, 428, 330, 388, 94, 94, 199, 398, 398, 339, 199, 10, 398, 398, 199, 43, 153, 43, 43, 43, 276, 276, 276, 153, 387, 387, 387, 387, 240, 240, 240, 239, 355, 35, 224, 437, 284, 14, 284, 411, 287, 497, 497, 497, 293, 497, 122, 122, 422, 349, 213, 494, 494, 494, 8, 8, 144, 27, 180, 443, 330, 388, 94, 199, 199, 464, 464, 464, 120, 330, 169, 224, 224, 273, 371, 395, 494, 278, 338, 338, 436, 436, 436, 395, 106, 331, 426, 426, 413, 94, 212, 76, 76, 239, 310, 107, 395, 286, 485, 286, 464, 139, 139, 274, 274, 274, 274, 8, 129, 129, 144, 208, 441, 437, 153, 426, 426, 372, 467, 348, 199, 250, 413, 98, 98, 98, 98, 197, 414, 320, 7, 473, 473, 264, 286, 286, 468, 468, 406, 406, 337, 337, 19, 324, 19, 454, 414, 170, 229, 312, 187, 170, 392, 392, 63, 28, 28, 187, 392, 187, 187, 187, 392, 40, 40, 392, 73, 392, 73, 435, 435, 392, 73, 73, 73, 320, 320, 7, 360, 324, 339, 199, 94, 398, 331, 331, 331, 153, 153, 387, 387, 387, 497, 43, 8, 129, 458, 208, 208, 106, 106, 387, 372, 372, 406, 406, 406, 413, 413, 98, 98, 98, 98, 98, 414, 414, 414, 414, 414, 414, 392, 47, 47]

ep105
Train step Loss: [2.730861186981201, 3.0018258094787598, 2.7662885189056396, 2.8658833503723145, 3.022291421890259, 2.982194662094116, 3.138265371322632, 2.7677581310272217, 2.4946911334991455, 2.379727602005005, 2.847264528274536, 2.6775143146514893, 3.188300371170044, 3.1297764778137207, 2.625826597213745, 3.1907498836517334, 3.391267776489258, 3.0243186950683594, 3.4238100051879883, 2.7596261501312256, 3.020756244659424, 3.1640775203704834, 2.6869027614593506, 3.529414415359497, 3.195899248123169, 2.8139779567718506, 3.1034348011016846, 3.4448533058166504, 3.10874080657959, 3.207786798477173, 3.004725933074951, 3.5751702785491943, 3.1130659580230713, 2.988795518875122, 3.2971339225769043, 2.716989755630493, 2.7179014682769775, 2.837155342102051, 2.404723882675171, 3.0971527099609375, 3.1177139282226562, 3.4613301753997803, 2.9315240383148193, 3.1185050010681152, 2.9513723850250244, 2.9435417652130127, 2.5205588340759277, 3.442843437194824, 2.860372304916382, 2.94289231300354, 2.7958405017852783, 2.830742597579956, 2.8762757778167725, 2.672319173812866, 2.850752592086792, 2.927699089050293, 2.62959361076355, 2.9474990367889404, 2.7494938373565674, 3.2556893825531006, 3.07599139213562, 2.962002754211426, 3.1648383140563965]
val step Loss: [2.1432743072509766, 2.2038466930389404, 2.4088523387908936, 2.6763617992401123, 2.6681861877441406, 2.4591023921966553, 2.550084114074707, 2.456589460372925, 2.4858293533325195, 2.2227954864501953, 2.600022554397583, 2.6907501220703125, 2.1774826049804688, 2.385815143585205, 2.6031651496887207, 2.974949836730957]
Train step Accs: [0.42135761589403975, 0.3970966278542265, 0.43942537909018353, 0.4285101515584787, 0.4113394755492559, 0.3961441743503772, 0.366438833868043, 0.44498525073746314, 0.5040168576320295, 0.5356507679870655, 0.41052478557929933, 0.4790485580478186, 0.3769133548658896, 0.3665445321307779, 0.4889427878442003, 0.3562625394095729, 0.317573483427142, 0.4270172257479601, 0.2850201305011801, 0.44933978297816707, 0.4097374179431072, 0.356317257871662, 0.46638905413444376, 0.3167886834594863, 0.34798322972386875, 0.44018214433558717, 0.38229228049499114, 0.295351385193301, 0.3971316373570087, 0.35527027027027025, 0.3795737836751106, 0.2816066399881429, 0.35345653661875426, 0.3806282722513089, 0.3027834351663272, 0.4458698782563163, 0.4504973221117062, 0.4233375156838143, 0.5268817204301075, 0.3738233164373642, 0.3859474804826118, 0.2951200619674671, 0.4075063443301723, 0.3422936816982791, 0.3847343991748324, 0.3972874123742761, 0.5009242144177449, 0.29604601006470166, 0.40208629682313896, 0.41031976744186044, 0.44115713346482577, 0.4363537562831137, 0.4147425608099765, 0.4754291704887957, 0.38392291111956384, 0.40462601381796337, 0.45512914052239895, 0.4086493262300219, 0.4354184766869389, 0.33518946081760154, 0.3726668371260547, 0.3773841961852861, 0.3134291981476968]
val step Accs: [0.627214933044772, 0.591551347414421, 0.5501063264221159, 0.4926898693233277, 0.4934004626479793, 0.5383898868928809, 0.5082067801810094, 0.5218520121159671, 0.5130111524163569, 0.6059290498635574, 0.5129367831421713, 0.4746099290780142, 0.5998444991577038, 0.5571847507331378, 0.5088900862068966, 0.42576142131979694]
Preds: [17, 309, 479, 479, 398, 278, 17, 17, 324, 342, 342, 54, 25, 494, 25, 470, 351, 494, 116, 468, 468, 468, 468, 467, 337, 337, 337, 337, 434, 339, 339, 398, 331, 331, 331, 84, 84, 84, 426, 426, 16, 98, 375, 98, 98, 98, 98, 98, 13, 13, 414, 7, 170, 187, 187, 442, 442, 187, 12, 391, 2, 244, 244, 244, 244, 73, 73, 2, 73, 244, 63, 63, 63, 244, 73, 73, 73, 73, 320, 320, 320, 7, 7, 7, 7, 219, 213, 213, 213, 213, 213, 213, 213, 213, 246, 246, 246, 246, 246, 246, 246, 3, 3, 3, 464, 188, 143, 371, 301, 114, 259, 354, 109, 109, 109, 403, 171, 171, 171, 171, 171, 246, 246, 246, 246, 246, 324, 422, 186, 338, 338, 338, 338, 338, 338, 400, 400, 400, 324, 464, 171, 171, 252, 252, 143, 422, 310, 107, 54, 107, 395, 395, 286, 286, 286, 464, 315, 315, 315, 315, 315, 315, 282, 282, 282, 282, 282, 413, 413, 43, 43, 43, 276, 138, 138, 138, 182, 182, 182, 182, 182, 182, 182, 426, 282, 282, 282, 282, 303, 303, 76, 76, 331, 84, 497, 497, 274, 98, 98, 98, 172, 68, 242, 196, 196, 10, 398, 398, 464, 464, 264, 468, 406, 406, 88, 43, 43, 43, 276, 276, 174, 319, 387, 413, 348, 348, 195, 398, 398, 398, 398, 464, 464, 443, 355, 355, 282, 460, 263, 263, 263, 263, 414, 414, 414, 187, 187, 187, 187, 187, 47, 47, 244, 392, 392, 73, 73, 73, 244, 75, 75, 310, 310, 323, 374, 196, 106, 106, 374, 153, 153, 424, 182, 182, 182, 182, 182, 182, 182, 497, 497, 497, 497, 122, 122, 129, 422, 310, 323, 338, 324, 437, 106, 106, 481, 481, 293, 293, 285, 81, 299, 299, 146, 324, 324, 422, 301, 143, 259, 354, 345, 109, 109, 109, 355, 355, 355, 355, 355, 355, 355, 355, 355, 355, 263, 287, 460, 460, 169, 35, 35, 259, 354, 284, 376, 111, 428, 428, 438, 438, 169, 342, 168, 168, 470, 486, 486, 443, 443, 240, 240, 240, 240, 324, 324, 324, 324, 324, 324, 339, 464, 464, 132, 132, 132, 303, 324, 213, 213, 259, 441, 441, 100, 100, 100, 100, 100, 98, 98, 98, 98, 414, 170, 170, 170, 170, 170, 170, 170, 28, 28, 28, 28, 63, 63, 63, 63, 244, 73, 2, 2, 2, 2, 63, 63, 63, 63, 63, 63, 244, 73, 73, 73, 73, 244, 321, 460, 287, 287, 287, 287, 284, 284, 284, 284, 450, 450, 450, 450, 16, 43, 43, 276, 276, 319, 387, 497, 497, 43, 43, 43, 8, 239, 219, 219, 464, 464, 330, 171, 171, 171, 171, 252, 252, 143, 99, 338, 338, 338, 278, 219, 219, 464, 374, 374, 374, 374, 132, 132, 186, 186, 54, 232, 482, 482, 482, 482, 482, 115, 273, 273, 106, 106, 424, 497, 497, 122, 122, 259, 310, 445, 445, 445, 171, 213, 213, 213, 324, 324, 19, 19, 414, 414, 197, 259, 7, 7, 213, 398, 398, 464, 171, 171, 252, 143, 143, 8, 276, 345, 109, 109, 109, 284, 284, 376, 376, 206, 206, 206, 167, 167, 35, 411, 100, 100, 100, 98, 98, 98, 414, 170, 75, 259, 441, 441, 100, 100, 100, 481, 387, 98, 98, 98, 414, 414, 170, 414, 414, 170, 170, 170, 170, 28, 2, 2, 2, 244, 2, 244, 63, 63, 63, 244, 63, 63, 392, 63, 73, 244, 73, 73, 73, 321, 320, 320, 7, 7, 360, 374, 374, 374, 374, 374, 374, 132, 132, 274, 274, 88, 288]

ep106
Train step Loss: [2.8830924034118652, 3.210736036300659, 3.0131914615631104, 3.021986961364746, 2.749697685241699, 3.1101887226104736, 2.939666271209717, 3.0369415283203125, 3.1647610664367676, 3.075819253921509, 2.9822490215301514, 2.999433994293213, 2.7369728088378906, 2.911515474319458, 2.763361692428589, 2.8295862674713135, 3.133599042892456, 3.036254644393921, 3.318129539489746, 2.668613910675049, 2.8472273349761963, 2.9972009658813477, 2.904008150100708, 2.715604782104492, 2.7369627952575684, 2.917081117630005, 2.8574423789978027, 3.0836684703826904, 2.7512309551239014, 3.0853397846221924, 2.9011197090148926, 2.785740375518799, 3.2149593830108643, 2.635261058807373, 3.0677390098571777, 2.96120285987854, 3.1885571479797363, 2.9536383152008057, 2.840934991836548, 3.1464314460754395, 3.015202283859253, 3.1694397926330566, 3.0403103828430176, 2.883661985397339, 2.945746660232544, 2.871907949447632, 2.8664019107818604, 3.2871181964874268, 3.156287431716919, 2.859274387359619, 3.1630492210388184, 2.8307480812072754, 2.8991847038269043, 3.0359838008880615, 2.672964572906494, 2.854403257369995, 2.5839054584503174, 3.0525546073913574, 3.263397216796875, 3.651531934738159, 3.166963815689087, 2.924956798553467, 3.1659934520721436]
val step Loss: [2.233588457107544, 2.3682093620300293, 2.4782848358154297, 2.944242000579834, 2.089918851852417, 2.3091397285461426, 2.671412229537964, 2.384660482406616, 2.7814571857452393, 2.4508678913116455, 2.454052448272705, 2.4241180419921875, 2.5314412117004395, 2.5277276039123535, 2.3113346099853516, 2.704660415649414]
Train step Accs: [0.43520915656083936, 0.3538911495422177, 0.34410445792666844, 0.3837109262976771, 0.4617701907904174, 0.3541174618170367, 0.4032871502309155, 0.3936752136752137, 0.3341282087249264, 0.3556103218324152, 0.3909859866178513, 0.39988417547415667, 0.4463171036204744, 0.40483457453302407, 0.45000725584095197, 0.4075534657970575, 0.3680768160311717, 0.39108112072759277, 0.3486410496719775, 0.4622453056332401, 0.3981594261740425, 0.38381831085876505, 0.4358234785116816, 0.45890128046261874, 0.43853237830726505, 0.391304347826087, 0.42036806420368067, 0.38321377331420375, 0.44830480026854647, 0.3810644697266902, 0.4280020570840833, 0.4764757451782583, 0.35564447677943495, 0.47188365650969527, 0.38421129432365386, 0.42111058675475854, 0.32764871760440445, 0.3998063891577928, 0.43666495375128467, 0.33086527293844364, 0.38917222440172616, 0.35222206241909965, 0.3933662667607622, 0.40970384373030877, 0.372333288608614, 0.4275109170305677, 0.4266230223677032, 0.3424021234240212, 0.3469711385981605, 0.42785742470077603, 0.3687185929648241, 0.42758620689655175, 0.3960167412325011, 0.3918195718654434, 0.4703588143525741, 0.4135711412096017, 0.494475138121547, 0.38093740169864737, 0.35402798532808044, 0.28458333333333335, 0.39097744360902253, 0.3909686817188638, 0.3385749385749386]
val step Accs: [0.5926773455377574, 0.5493398666122227, 0.5292079207920792, 0.4298296274906151, 0.6259391063661526, 0.5574810459538914, 0.491208484510187, 0.5669626566111179, 0.4644357133179786, 0.5355348169418521, 0.5456394609712687, 0.5673175745118191, 0.5274104506355116, 0.5017672840378906, 0.5638766519823789, 0.46568627450980393]
Preds: [17, 17, 17, 287, 486, 486, 460, 460, 169, 150, 349, 25, 25, 25, 25, 25, 25, 25, 54, 399, 399, 53, 473, 473, 473, 398, 360, 360, 360, 360, 434, 434, 434, 339, 339, 331, 324, 398, 398, 324, 360, 360, 360, 360, 360, 360, 434, 434, 434, 434, 434, 19, 19, 454, 454, 414, 414, 414, 414, 414, 249, 249, 249, 244, 80, 80, 80, 320, 321, 188, 188, 188, 290, 171, 171, 171, 434, 339, 399, 53, 345, 345, 100, 497, 497, 497, 122, 129, 34, 34, 84, 84, 84, 431, 431, 139, 139, 139, 293, 293, 122, 180, 458, 109, 109, 180, 403, 403, 290, 290, 171, 434, 434, 434, 19, 19, 19, 19, 454, 454, 414, 414, 414, 414, 414, 414, 392, 392, 47, 47, 80, 345, 7, 321, 244, 321, 7, 7, 7, 309, 309, 309, 309, 398, 398, 360, 360, 360, 360, 360, 434, 434, 434, 434, 434, 434, 434, 434, 19, 19, 454, 454, 197, 197, 197, 197, 7, 321, 7, 219, 219, 219, 219, 464, 30, 30, 286, 286, 286, 468, 468, 468, 468, 467, 84, 180, 486, 315, 315, 315, 315, 315, 315, 315, 450, 450, 413, 413, 53, 250, 250, 250, 138, 138, 138, 387, 345, 387, 186, 186, 54, 323, 25, 25, 25, 25, 25, 25, 25, 25, 374, 374, 153, 153, 153, 182, 182, 98, 98, 98, 98, 197, 259, 259, 183, 183, 183, 31, 171, 171, 31, 422, 31, 31, 342, 342, 342, 342, 115, 273, 251, 251, 171, 171, 171, 171, 171, 171, 252, 422, 143, 186, 342, 342, 342, 115, 115, 273, 273, 486, 486, 486, 460, 460, 460, 169, 35, 35, 35, 441, 441, 100, 100, 424, 424, 182, 182, 182, 182, 182, 182, 182, 182, 182, 182, 98, 98, 98, 98, 98, 13, 170, 47, 321, 75, 437, 437, 437, 437, 206, 206, 206, 98, 98, 98, 98, 13, 170, 170, 451, 451, 171, 171, 171, 171, 171, 171, 171, 171, 171, 171, 171, 171, 171, 171, 171, 171, 171, 171, 171, 171, 171, 171, 171, 171, 171, 171, 171, 171, 171, 171, 171, 171, 171, 171, 171, 171, 171, 171, 171, 171, 171, 171, 171, 171, 171, 171, 171, 171, 171, 171, 171, 171, 171, 171, 171, 171, 171, 171, 171, 171, 171, 171, 171, 171, 171, 171, 171, 171, 171, 171, 171, 171, 171, 171, 171, 171, 171, 171, 171, 171, 171, 171, 171, 171, 171, 171, 171, 171, 171, 171, 171, 171, 171, 171, 171, 171, 171, 171, 171, 171, 171, 171, 171, 171, 171, 171, 171, 171, 171, 171, 171, 171, 171, 171, 171, 171, 171, 171, 171, 171, 171, 171, 171, 171, 171, 171, 171, 171, 171, 171, 171, 171, 171, 171, 171, 171, 171, 171, 171, 171, 171, 171, 171, 171, 171, 171, 171, 171, 171, 171, 171, 171, 171, 171, 171, 171, 171, 171, 171, 171, 171, 171, 171, 171, 171, 171, 171, 171, 171, 171, 171, 171, 171, 171, 171, 171, 171, 171, 171, 171, 171, 171, 171, 171, 171, 171, 171, 171, 171, 171, 171, 171, 171, 171, 171, 171, 171, 171, 171, 171, 171, 171, 171, 171, 171, 171, 171, 171, 171, 171, 171, 171, 171, 171, 171, 171, 171, 171, 171, 171, 171, 171, 171, 171, 171, 171, 171, 171, 171, 171, 171, 171, 171, 171, 171, 171, 171, 171, 171, 171, 171, 171, 171, 171, 171, 171, 171, 171, 171, 171, 171, 171, 171, 171, 171, 171, 171, 171, 171, 171, 171, 171, 171, 171, 171, 171, 171, 171, 171, 171, 171, 171, 171, 171, 171, 171, 171, 171, 171]

ep107
Train step Loss: [3.0450093746185303, 3.2696218490600586, 3.0968713760375977, 3.043063163757324, 2.775907516479492, 3.097376823425293, 3.102266788482666, 3.03210711479187, 2.590538263320923, 3.357611656188965, 3.0768826007843018, 2.8662352561950684, 3.0216684341430664, 3.0018601417541504, 2.966034412384033, 2.8343143463134766, 3.1308631896972656, 3.460212469100952, 3.0710091590881348, 3.1900434494018555, 2.5558128356933594, 2.7200372219085693, 2.9520962238311768, 2.741832733154297, 3.040937900543213, 2.9557106494903564, 2.9220988750457764, 2.900589942932129, 2.9788053035736084, 2.726966142654419, 3.498983144760132, 3.4365732669830322, 2.9924662113189697, 2.66461443901062, 2.7763173580169678, 2.8633780479431152, 2.8394052982330322, 2.8421027660369873, 2.670536518096924, 2.7435972690582275, 3.2467763423919678, 2.6335887908935547, 3.120457649230957, 2.673369884490967, 2.944526433944702, 2.246849536895752, 3.419245958328247, 2.806915521621704, 3.1029255390167236, 2.8300533294677734, 2.7071194648742676, 3.016165256500244, 3.073295831680298, 3.2378008365631104, 2.761859178543091, 3.0313031673431396, 2.8985726833343506, 2.8382785320281982, 3.030243396759033, 2.8858397006988525, 3.1155412197113037, 3.4074811935424805, 2.7178127765655518]
val step Loss: [2.1855599880218506, 2.322836399078369, 2.1771633625030518, 2.479297399520874, 2.3693978786468506, 2.705962657928467, 2.4769694805145264, 2.613986015319824, 2.6785998344421387, 2.6944198608398438, 2.2308731079101562, 2.6128530502319336, 2.5470809936523438, 2.4220399856567383, 2.3648622035980225, 2.4103851318359375]
Train step Accs: [0.3824091778202677, 0.33783257624918883, 0.3636613146699602, 0.3775176450335686, 0.44085147871303215, 0.3490448134261739, 0.37371001031991746, 0.3853458231746439, 0.47356120362255333, 0.3091250360958706, 0.3946295515253761, 0.42002600780234073, 0.4137085137085137, 0.36644736842105263, 0.4083311569600418, 0.4138627187079408, 0.3894848364455039, 0.3084199100635758, 0.3863698072223731, 0.3461338868707836, 0.49520026481297585, 0.4549864459980026, 0.3781761716544325, 0.42274293590627154, 0.3959652481225151, 0.43564493758668515, 0.37969061111962016, 0.38173302107728335, 0.4107367538095904, 0.4709991876523152, 0.2956410982168129, 0.30878293601003765, 0.40251420282847816, 0.4401616412806963, 0.42616196729754086, 0.40130624092888245, 0.4076123633418815, 0.404976717112922, 0.46770923834346945, 0.46844919786096256, 0.36086829836829837, 0.4579115610015983, 0.3617196056955093, 0.44906502930505166, 0.41019165057198037, 0.5653179190751445, 0.3110972568578554, 0.43154422027661465, 0.33079847908745247, 0.4294796937848709, 0.45768538222294974, 0.36128711641197664, 0.36624113475177306, 0.3409714599341383, 0.45964554379701644, 0.4196611909650924, 0.4216644204851752, 0.4520891364902507, 0.36848760748609005, 0.40921157419697374, 0.371848157384317, 0.31402690090584684, 0.46789258610624634]
val step Accs: [0.6084309671490926, 0.5846867749419954, 0.5946103423160961, 0.5357621216180016, 0.5643853389555628, 0.4647583040777748, 0.5217618611946151, 0.48329621380846327, 0.5032051282051282, 0.4926781188397634, 0.5995919408314205, 0.5064780539397145, 0.5097295931261057, 0.5607915717539863, 0.5512048192771084, 0.5419437888865051]
Preds: [17, 17, 287, 284, 319, 319, 319, 319, 450, 413, 250, 76, 76, 349, 349, 25, 25, 25, 25, 25, 25, 25, 106, 284, 499, 428, 85, 85, 85, 85, 299, 299, 94, 94, 242, 219, 324, 246, 324, 324, 324, 422, 31, 232, 232, 232, 232, 172, 172, 115, 267, 267, 267, 267, 213, 213, 252, 3, 3, 14, 411, 188, 188, 443, 443, 120, 271, 271, 271, 68, 342, 232, 232, 115, 433, 323, 336, 336, 145, 145, 486, 486, 486, 486, 468, 468, 468, 468, 203, 323, 303, 76, 186, 76, 183, 232, 310, 107, 107, 107, 395, 395, 470, 286, 264, 264, 264, 264, 264, 264, 264, 207, 207, 207, 207, 454, 454, 454, 414, 414, 170, 170, 170, 170, 170, 170, 28, 28, 2, 2, 2, 2, 2, 2, 392, 244, 392, 63, 63, 244, 73, 73, 244, 321, 320, 320, 287, 287, 481, 481, 293, 293, 293, 497, 35, 169, 144, 437, 437, 284, 284, 426, 426, 319, 348, 348, 348, 348, 348, 195, 250, 250, 76, 32, 217, 7, 354, 109, 109, 264, 395, 395, 468, 467, 337, 337, 290, 290, 434, 339, 434, 434, 324, 464, 464, 464, 339, 199, 94, 199, 331, 331, 331, 331, 138, 138, 182, 182, 182, 497, 497, 497, 497, 98, 287, 441, 437, 437, 284, 284, 426, 426, 319, 319, 348, 348, 53, 303, 303, 303, 303, 48, 17, 48, 48, 414, 414, 170, 170, 170, 170, 392, 63, 244, 392, 392, 392, 392, 392, 392, 73, 73, 73, 321, 320, 7, 7, 7, 345, 109, 109, 284, 284, 460, 460, 460, 460, 169, 150, 150, 342, 323, 323, 224, 494, 494, 106, 153, 153, 153, 387, 387, 349, 25, 25, 25, 25, 25, 25, 25, 25, 346, 100, 497, 153, 53, 274, 274, 497, 98, 98, 197, 197, 197, 321, 321, 320, 287, 287, 287, 284, 284, 284, 315, 450, 450, 85, 85, 85, 85, 282, 282, 282, 282, 282, 282, 282, 388, 388, 94, 195, 195, 195, 250, 250, 250, 250, 473, 109, 109, 290, 290, 290, 290, 207, 464, 434, 434, 252, 143, 458, 144, 109, 34, 274, 274, 132, 43, 129, 349, 349, 25, 25, 25, 25, 25, 346, 346, 346, 346, 153, 182, 182, 182, 182, 387, 406, 43, 43, 497, 497, 497, 497, 98, 98, 98, 98, 98, 98, 13, 13, 170, 170, 170, 170, 170, 28, 187, 187, 187, 187, 73, 73, 392, 73, 244, 75, 66, 66, 66, 349, 261, 261, 25, 106, 106, 106, 106, 153, 153, 182, 182, 182, 182, 182, 182, 182, 182, 182, 182, 182, 345, 345, 274, 122, 122, 122, 422, 310, 310, 310, 107, 395, 395, 84, 84, 84, 84, 84, 274, 274, 98, 98, 17, 17, 122, 171, 171, 171, 171, 171, 171, 171, 171, 171, 171, 171, 171, 171, 171, 171, 171, 171, 171, 171, 171, 171, 171, 171, 171, 171, 171, 171, 171, 171, 171, 171, 171, 171, 171, 171, 171, 171, 171, 171, 171, 171, 171, 171, 171, 171, 171, 171, 171, 171, 171, 171, 171, 171, 171, 171, 171, 171, 171, 171, 171, 171, 171, 171, 171, 171, 171, 171, 171, 171, 171, 171, 171, 171, 171, 171, 171, 171, 171, 171, 171, 171, 171, 171, 171, 171, 171, 171, 171, 171, 171, 171, 171, 171, 171, 171, 171, 171, 171, 171, 171, 171, 171, 171, 171, 171, 171, 171, 171, 171, 171, 171, 171, 171, 171, 171, 171, 171, 171, 171, 171, 171, 171, 171, 171, 171, 171, 171, 171, 171, 171, 171, 171, 171, 171, 171, 171, 171, 171, 171, 171, 171, 171, 171, 171]

ep108
Train step Loss: [3.2553670406341553, 2.7066891193389893, 2.7043724060058594, 2.764037847518921, 2.821904420852661, 2.678032636642456, 2.7661290168762207, 3.216796875, 2.8212742805480957, 2.993180513381958, 3.450840711593628, 2.9571726322174072, 2.892488956451416, 3.34066104888916, 3.13081955909729, 2.9254209995269775, 3.0371947288513184, 3.1070845127105713, 3.209507942199707, 2.8994672298431396, 3.1086161136627197, 2.9258148670196533, 2.864492893218994, 3.0761494636535645, 3.0452685356140137, 3.3125624656677246, 2.8258042335510254, 2.861985445022583, 2.929314136505127, 3.096482038497925, 2.9290051460266113, 2.90632963180542, 2.91670823097229, 2.9687933921813965, 2.9141945838928223, 2.907423734664917, 2.901623249053955, 2.950732946395874, 2.534999132156372, 3.134695053100586, 2.8277947902679443, 2.8044204711914062, 2.924309253692627, 2.8094072341918945, 3.176326036453247, 3.3482275009155273, 2.9974043369293213, 3.512115955352783, 3.114670515060425, 2.826915740966797, 2.9153151512145996, 2.762053966522217, 3.252384901046753, 2.945713758468628, 2.970048189163208, 2.8579158782958984, 2.680206537246704, 2.7057905197143555, 2.972907066345215, 2.737196445465088, 2.579874277114868, 2.5540246963500977, 2.977701425552368]
val step Loss: [2.201568365097046, 2.5634257793426514, 2.566298484802246, 2.558659076690674, 2.7124083042144775, 2.2827646732330322, 2.4988796710968018, 2.1113500595092773, 2.692476511001587, 2.3050918579101562, 2.377709150314331, 2.476238965988159, 2.343601942062378, 2.4139463901519775, 2.1926543712615967, 2.6590793132781982]
Train step Accs: [0.34260942525520904, 0.44917938381802475, 0.45435183870509727, 0.43509653115680424, 0.4213811420982736, 0.4874764731431881, 0.424707510378664, 0.34929620563035496, 0.43675675675675674, 0.39428950863213813, 0.27818674932196824, 0.39501231527093594, 0.41743255262377704, 0.31554054054054054, 0.36794644077059707, 0.38452317527970165, 0.39561969869603747, 0.34940291906236176, 0.32870584605892333, 0.44143120829192106, 0.37841296928327645, 0.4022921804729436, 0.41107454571469454, 0.3779326987531841, 0.3635982679145132, 0.32105263157894737, 0.47904662126767944, 0.4311336717428088, 0.40697028603165786, 0.36091624910522546, 0.40956197319331217, 0.40107018417122947, 0.41935987509758, 0.4046920821114369, 0.4177777777777778, 0.42461340206185566, 0.39843304843304844, 0.3906725712704124, 0.49577914670317136, 0.3755962455762425, 0.4351256575102279, 0.4487478159580664, 0.412753807106599, 0.4270833333333333, 0.34906278673482766, 0.305911587758305, 0.4038199181446112, 0.2878384723743935, 0.34939260077305356, 0.41047272727272727, 0.41690563976512357, 0.42753259779338015, 0.346943735569328, 0.3898730439917331, 0.39394865525672373, 0.4046783625730994, 0.4553850737375242, 0.4250036943992907, 0.3403223282741355, 0.4581989247311828, 0.480302369530455, 0.48713622943905527, 0.36847946725860153]
val step Accs: [0.5974581939799332, 0.5155090137857901, 0.4876295784381479, 0.523200889135871, 0.47892271662763464, 0.5813484562066793, 0.5113954418232707, 0.6165533786485405, 0.4839074679406588, 0.571592649310873, 0.5420784188715333, 0.5234865611655363, 0.5383986928104575, 0.5371641791044776, 0.5881430810887844, 0.518687110685194]
Preds: [17, 17, 17, 83, 284, 284, 284, 450, 450, 450, 43, 43, 43, 43, 276, 276, 153, 153, 138, 182, 182, 182, 182, 182, 182, 182, 98, 98, 98, 98, 98, 197, 80, 80, 80, 287, 287, 287, 111, 145, 111, 111, 299, 169, 199, 10, 10, 479, 398, 398, 398, 301, 399, 276, 276, 250, 138, 138, 138, 153, 387, 387, 109, 146, 146, 324, 324, 422, 338, 338, 338, 338, 338, 338, 338, 338, 395, 395, 395, 278, 278, 278, 374, 378, 8, 8, 259, 208, 100, 100, 100, 98, 122, 122, 122, 82, 82, 75, 75, 66, 68, 68, 68, 224, 25, 267, 444, 464, 324, 464, 464, 315, 315, 486, 319, 319, 319, 106, 413, 65, 276, 276, 276, 276, 276, 153, 153, 182, 182, 182, 182, 98, 98, 98, 98, 98, 426, 426, 282, 282, 303, 282, 282, 282, 413, 413, 413, 303, 303, 303, 303, 303, 303, 303, 309, 309, 479, 479, 331, 331, 106, 481, 481, 481, 481, 182, 387, 293, 98, 98, 263, 263, 263, 170, 170, 170, 170, 170, 170, 392, 392, 392, 392, 392, 392, 392, 392, 63, 63, 63, 63, 63, 63, 63, 63, 63, 63, 63, 392, 392, 392, 392, 244, 244, 289, 320, 321, 7, 7, 213, 324, 324, 324, 464, 464, 464, 486, 486, 486, 460, 460, 169, 349, 349, 25, 25, 25, 25, 25, 25, 25, 485, 324, 324, 324, 464, 464, 464, 139, 139, 426, 426, 426, 413, 348, 10, 10, 473, 398, 398, 339, 199, 10, 398, 199, 497, 88, 274, 122, 122, 129, 129, 75, 77, 68, 115, 273, 273, 450, 450, 150, 240, 240, 114, 35, 129, 259, 354, 354, 420, 286, 286, 286, 286, 374, 374, 374, 374, 374, 246, 246, 246, 339, 132, 132, 132, 98, 98, 98, 98, 98, 98, 170, 401, 82, 401, 321, 75, 208, 208, 441, 437, 437, 437, 481, 481, 98, 98, 98, 98, 98, 13, 170, 17, 17, 451, 171, 171, 171, 171, 171, 171, 171, 171, 171, 171, 171, 171, 171, 171, 171, 171, 171, 171, 171, 171, 171, 171, 171, 171, 171, 171, 171, 171, 171, 171, 171, 171, 171, 171, 171, 171, 171, 171, 171, 171, 171, 171, 171, 171, 171, 171, 171, 171, 171, 171, 171, 171, 171, 171, 171, 171, 171, 171, 171, 171, 171, 171, 171, 171, 171, 171, 171, 171, 171, 171, 171, 171, 171, 171, 171, 171, 171, 171, 171, 171, 171, 171, 171, 171, 171, 171, 171, 171, 171, 171, 171, 171, 171, 171, 171, 171, 171, 171, 171, 171, 171, 171, 171, 171, 171, 171, 171, 171, 171, 171, 171, 171, 171, 171, 171, 171, 171, 171, 171, 171, 171, 171, 171, 171, 171, 171, 171, 171, 171, 171, 171, 171, 171, 171, 171, 171, 171, 171, 171, 171, 171, 171, 171, 171, 171, 171, 171, 171, 171, 171, 171, 171, 171, 171, 171, 171, 171, 171, 171, 171, 171, 171, 171, 171, 171, 171, 171, 171, 171, 171, 171, 171, 171, 171, 171, 171, 171, 171, 171, 171, 171, 171, 171, 171, 171, 171, 171, 171, 171, 171, 171, 171, 171, 171, 171, 171, 171, 171, 171, 171, 171, 171, 171, 171, 171, 171, 171, 171, 171, 171, 171, 171, 171, 171, 171, 171, 171, 171, 171, 171, 171, 171, 171, 171, 171, 171, 171, 171, 171, 171, 171, 171, 171, 171, 171, 171, 171, 171, 171, 171, 171, 171, 171, 171, 171, 171, 171, 171, 171, 171, 171, 171, 171, 171, 171, 171, 171, 171, 171, 171, 171, 171, 171, 171, 171, 171, 171, 171, 171, 171, 171, 171, 171, 171]

ep109
Train step Loss: [2.7693872451782227, 2.9509506225585938, 2.773960828781128, 3.207893133163452, 3.2557380199432373, 3.386005401611328, 3.179098606109619, 3.093719720840454, 3.274454116821289, 3.0106005668640137, 2.775928497314453, 3.1224069595336914, 2.9772403240203857, 2.5476958751678467, 2.863172769546509, 2.9102132320404053, 3.0920393466949463, 3.13635516166687, 2.7401866912841797, 3.0725619792938232, 2.906996726989746, 2.6715002059936523, 2.567370653152466, 3.1768102645874023, 2.7524423599243164, 2.726355791091919, 2.7115979194641113, 3.0741782188415527, 2.68487811088562, 3.0289785861968994, 3.0385963916778564, 2.470013380050659, 3.133319854736328, 2.8592164516448975, 3.2014758586883545, 2.77323842048645, 2.81200909614563, 3.3921778202056885, 2.9881906509399414, 3.084394931793213, 2.7477455139160156, 3.0479297637939453, 2.7983222007751465, 3.2056305408477783, 3.2762715816497803, 3.365549087524414, 2.546980857849121, 2.738893508911133, 2.906960964202881, 3.1368420124053955, 2.9943642616271973, 2.7793796062469482, 2.997577667236328, 3.131829023361206, 2.8102834224700928, 2.5789387226104736, 2.756237030029297, 2.8254971504211426, 2.8260738849639893, 2.973749876022339, 2.8679120540618896, 3.021487236022949, 2.671786308288574]
val step Loss: [2.4299070835113525, 2.336796760559082, 2.2214722633361816, 2.485774040222168, 2.226903200149536, 2.457918167114258, 2.2732293605804443, 2.4245946407318115, 2.715700626373291, 2.4104106426239014, 2.5664422512054443, 2.18166184425354, 2.8409976959228516, 2.397235870361328, 2.244215250015259, 2.8481760025024414]
Train step Accs: [0.4313616844438288, 0.40091892693048764, 0.42892121561284746, 0.371915773155923, 0.3608643775686067, 0.305366142899496, 0.3344695355773328, 0.3845422869813114, 0.3194888178913738, 0.4094839609483961, 0.43353594080338265, 0.3546666666666667, 0.39452136370403457, 0.49932483120780197, 0.40671217292377704, 0.384825327510917, 0.3667789399042723, 0.3550617283950617, 0.47016250170695073, 0.38211829436038514, 0.41737257717157217, 0.45074751991057704, 0.46487904401049257, 0.34979642414586654, 0.45831587767071635, 0.44212523719165087, 0.4675208199871877, 0.37627217214306485, 0.45355457946966, 0.3697901695889623, 0.39699881532183756, 0.4987005881548352, 0.3689469638739431, 0.4008927325986888, 0.340234375, 0.4473573531473433, 0.40437735849056605, 0.2908946231669887, 0.37565973300217326, 0.34298138334012773, 0.43957871396895787, 0.3797647725662463, 0.43558201058201057, 0.3438481088354014, 0.3318108875447476, 0.31217466743782535, 0.4653997378768021, 0.44472163865546216, 0.39938130901986324, 0.3726792248272124, 0.394275161588181, 0.41802347595607725, 0.4158790170132325, 0.3677887973180612, 0.4390209984703101, 0.47093023255813954, 0.4437783106847855, 0.42777417261518497, 0.41562143671607754, 0.4081495427649274, 0.44027085728887183, 0.39459380049948584, 0.46602972399150744]
val step Accs: [0.5451688923802043, 0.5584362698520429, 0.605180828431986, 0.5303968477343091, 0.5860595540125517, 0.5275300778485492, 0.5780208055481462, 0.5296144163243673, 0.4627195836044242, 0.5281353438764251, 0.492174629324547, 0.5991577839189367, 0.4610128617363344, 0.5451682176091625, 0.5920365535248042, 0.42195065713626934]
Preds: [17, 188, 324, 324, 422, 143, 143, 14, 14, 287, 287, 145, 145, 111, 111, 146, 146, 146, 146, 438, 438, 14, 14, 14, 14, 287, 145, 145, 145, 486, 460, 428, 146, 146, 85, 207, 207, 207, 19, 19, 454, 454, 414, 414, 414, 392, 392, 170, 170, 187, 187, 187, 187, 187, 392, 1, 1, 1, 1, 408, 408, 73, 73, 73, 320, 320, 320, 321, 321, 287, 287, 287, 287, 284, 284, 284, 284, 284, 426, 284, 450, 450, 450, 450, 450, 293, 293, 98, 169, 349, 349, 25, 25, 25, 25, 25, 25, 25, 25, 106, 106, 426, 426, 413, 85, 85, 85, 299, 330, 330, 388, 94, 94, 398, 398, 398, 398, 398, 464, 464, 464, 330, 330, 139, 139, 315, 319, 319, 450, 450, 450, 450, 413, 413, 43, 43, 43, 276, 276, 174, 174, 319, 284, 284, 284, 355, 355, 355, 355, 426, 426, 450, 450, 293, 293, 43, 43, 43, 276, 276, 346, 346, 346, 428, 428, 85, 146, 285, 34, 34, 34, 34, 34, 337, 337, 324, 324, 422, 422, 31, 232, 232, 232, 172, 172, 115, 115, 267, 267, 267, 267, 213, 3, 3, 3, 14, 188, 188, 464, 120, 120, 120, 271, 271, 271, 271, 232, 232, 232, 232, 232, 172, 172, 115, 115, 273, 273, 273, 273, 84, 84, 84, 84, 355, 355, 355, 263, 263, 263, 263, 414, 48, 414, 414, 170, 170, 170, 170, 170, 392, 28, 2, 2, 2, 2, 2, 63, 63, 2, 63, 63, 63, 63, 63, 63, 63, 63, 63, 63, 244, 63, 244, 73, 320, 7, 320, 441, 441, 441, 441, 153, 153, 424, 497, 497, 497, 122, 122, 109, 109, 114, 371, 114, 486, 443, 443, 486, 486, 460, 240, 240, 240, 35, 34, 34, 34, 84, 84, 43, 43, 43, 88, 42, 42, 345, 467, 467, 84, 84, 288, 403, 403, 213, 213, 213, 246, 246, 246, 246, 246, 246, 246, 246, 19, 414, 414, 414, 414, 414, 414, 414, 392, 392, 392, 63, 63, 28, 28, 28, 28, 2, 2, 73, 2, 63, 244, 63, 63, 63, 63, 63, 63, 63, 63, 63, 63, 63, 73, 63, 63, 63, 73, 244, 63, 63, 73, 63, 73, 73, 244, 73, 321, 7, 7, 7, 7, 7, 7, 398, 398, 374, 374, 374, 374, 374, 43, 43, 43, 43, 43, 276, 276, 276, 346, 346, 346, 284, 284, 284, 206, 206, 206, 206, 206, 206, 206, 206, 206, 414, 35, 197, 197, 244, 321, 75, 287, 287, 284, 284, 284, 284, 284, 284, 284, 284, 284, 426, 426, 426, 426, 426, 426, 426, 450, 450, 282, 413, 94, 94, 398, 398, 199, 467, 337, 337, 337, 19, 207, 207, 464, 464, 464, 468, 467, 467, 467, 467, 313, 199, 98, 76, 76, 324, 349, 25, 25, 25, 25, 441, 441, 441, 441, 153, 153, 153, 182, 182, 182, 182, 182, 182, 132, 88, 88, 88, 182, 497, 497, 497, 43, 399, 70, 70, 70, 65, 65, 46, 167, 167, 167, 146, 146, 146, 464, 464, 464, 324, 324, 464, 464, 468, 468, 406, 406, 406, 324, 324, 464, 464, 464, 355, 355, 355, 355, 263, 170, 17, 451, 171, 264, 264, 264, 264, 264, 264, 264, 264, 264, 264, 264, 264, 264, 264, 264, 264, 264, 264, 264, 264, 264, 264, 264, 264, 264, 264, 264, 264, 264, 264, 264, 264, 264, 264, 264, 264, 264, 264, 264, 264, 264, 264, 264, 264, 264, 264, 264, 264, 264, 264, 264, 264, 264, 264, 264, 264, 264, 264, 264, 264, 264, 264, 264, 264, 264, 264, 264, 264, 264, 264, 264]

ep110
Train step Loss: [2.5631041526794434, 3.018446207046509, 2.8422584533691406, 2.9449915885925293, 2.906230926513672, 2.92873477935791, 2.9941024780273438, 2.8861591815948486, 2.9960525035858154, 3.0972046852111816, 2.7510361671447754, 3.05033540725708, 2.7067291736602783, 2.8903372287750244, 2.7197160720825195, 3.028353452682495, 3.0773682594299316, 3.2919533252716064, 3.0862302780151367, 3.1093273162841797, 3.2036831378936768, 3.0052685737609863, 3.217074155807495, 3.085155725479126, 3.175311326980591, 2.95393443107605, 3.091766834259033, 2.68228816986084, 2.5473856925964355, 3.0908801555633545, 2.708437204360962, 3.068018674850464, 2.4578216075897217, 3.026123046875, 3.096956253051758, 2.8979198932647705, 2.9130399227142334, 2.6900761127471924, 2.954390287399292, 3.247056722640991, 2.955935001373291, 2.583256483078003, 2.9741954803466797, 2.759956121444702, 2.720848798751831, 2.610295057296753, 3.2319302558898926, 2.871400833129883, 3.303882122039795, 3.1209826469421387, 2.9545059204101562, 2.905662775039673, 3.2519829273223877, 2.4841525554656982, 2.8709676265716553, 2.656654119491577, 2.651731491088867, 2.8949079513549805, 2.702571392059326, 2.726036310195923, 3.089470624923706, 2.8071413040161133, 2.9388861656188965]
val step Loss: [2.7002670764923096, 2.402031898498535, 2.547886610031128, 2.3551154136657715, 2.9560706615448, 2.6037232875823975, 2.6660149097442627, 2.469794750213623, 2.240821123123169, 2.2951409816741943, 2.3399550914764404, 2.1389846801757812, 2.1188299655914307, 2.3794641494750977, 2.309269905090332, 2.52655029296875]
Train step Accs: [0.5162899911945994, 0.40601405883884406, 0.4282194480946124, 0.4004034969737727, 0.4007712844853159, 0.3907029801796663, 0.38185501374620173, 0.39179049580697367, 0.37939769209119056, 0.3594094922737307, 0.43024457457802273, 0.3824904377390565, 0.4493503216853791, 0.4101145792177005, 0.46575555210436403, 0.4016594124047878, 0.36469849246231156, 0.3152975250131648, 0.3603308142021959, 0.37360650798433265, 0.3259305993690852, 0.3596563011456628, 0.34630157353487795, 0.33692827442827444, 0.34951456310679613, 0.3664302600472813, 0.35979572887650885, 0.46903434106251835, 0.4657588577472237, 0.38910505836575876, 0.43781966973549613, 0.3792701216463923, 0.5263317191283293, 0.37773666358310204, 0.36352471599631564, 0.40866710439921206, 0.3846284356973193, 0.4798890429958391, 0.405715743812197, 0.3238593866866118, 0.4043824701195219, 0.502258108662926, 0.39614427860696516, 0.4510465901417961, 0.4296864111498258, 0.4642046314514908, 0.33010353066100345, 0.4174405107370865, 0.3440522243713733, 0.384876179245283, 0.4280046077051069, 0.40468884251871856, 0.33278344331133775, 0.5074033452152454, 0.41273483436110714, 0.44416945698063764, 0.45784486911835554, 0.42086673006385, 0.4625585023400936, 0.4339192708333333, 0.37126436781609196, 0.41053289576496327, 0.42472420506164826]
val step Accs: [0.4654016264802397, 0.5541613316261204, 0.5068171822313444, 0.5522707797772065, 0.4018271257905833, 0.5103611604499704, 0.49423509561304835, 0.5257954113322347, 0.5885714285714285, 0.5664326573062922, 0.5638328951212387, 0.6304527885146328, 0.6042094455852156, 0.5521964461994077, 0.5668505384817442, 0.5127709808971882]
Preds: [17, 17, 17, 309, 309, 309, 473, 398, 324, 324, 434, 301, 339, 8, 354, 259, 354, 354, 420, 213, 213, 213, 324, 19, 19, 19, 454, 454, 414, 126, 392, 392, 392, 392, 63, 392, 201, 201, 201, 201, 201, 201, 201, 28, 392, 244, 244, 28, 63, 392, 63, 63, 63, 63, 63, 63, 63, 63, 63, 63, 63, 63, 63, 63, 63, 63, 63, 63, 63, 63, 63, 63, 63, 63, 63, 63, 63, 63, 63, 392, 244, 289, 289, 289, 287, 287, 287, 284, 284, 284, 284, 111, 85, 240, 240, 240, 35, 35, 35, 32, 32, 77, 197, 414, 47, 47, 47, 47, 392, 392, 244, 80, 73, 321, 320, 73, 73, 73, 320, 320, 479, 331, 331, 240, 293, 240, 240, 206, 35, 224, 35, 401, 7, 196, 479, 473, 65, 403, 360, 171, 171, 171, 171, 171, 246, 3, 454, 3, 3, 197, 80, 320, 188, 188, 188, 339, 250, 399, 70, 70, 70, 138, 65, 319, 319, 319, 240, 240, 251, 251, 431, 431, 443, 486, 486, 468, 468, 468, 468, 443, 443, 240, 240, 342, 342, 342, 35, 342, 68, 68, 224, 251, 251, 494, 213, 464, 324, 324, 324, 464, 464, 464, 464, 315, 77, 271, 129, 458, 68, 68, 68, 68, 68, 68, 25, 25, 25, 106, 499, 284, 284, 306, 467, 306, 85, 452, 452, 263, 170, 170, 414, 170, 47, 170, 392, 392, 392, 392, 392, 392, 392, 392, 392, 392, 73, 289, 320, 320, 345, 345, 345, 132, 32, 239, 32, 32, 239, 354, 75, 371, 180, 180, 319, 319, 319, 319, 240, 240, 94, 212, 212, 199, 374, 132, 132, 132, 132, 132, 132, 324, 34, 213, 324, 324, 324, 246, 246, 246, 246, 246, 246, 3, 3, 14, 14, 145, 284, 287, 284, 284, 85, 35, 85, 85, 342, 414, 414, 414, 414, 406, 42, 42, 467, 467, 467, 337, 19, 324, 324, 324, 301, 301, 8, 32, 32, 354, 259, 354, 354, 284, 284, 85, 376, 460, 17, 171, 171, 264, 264, 264, 264, 264, 264, 264, 264, 264, 264, 264, 264, 264, 264, 264, 264, 264, 264, 264, 264, 264, 264, 264, 264, 264, 264, 264, 264, 264, 264, 264, 264, 403, 403, 403, 403, 403, 403, 403, 403, 403, 403, 403, 403, 403, 403, 403, 403, 403, 403, 403, 403, 403, 403, 403, 403, 403, 403, 403, 171, 171, 171, 171, 171, 171, 171, 171, 171, 171, 171, 171, 171, 171, 171, 171, 171, 171, 171, 171, 171, 171, 171, 171, 171, 171, 171, 171, 171, 171, 171, 171, 171, 171, 171, 171, 171, 171, 171, 171, 171, 171, 171, 171, 171, 171, 171, 171, 171, 171, 171, 171, 171, 171, 171, 171, 171, 171, 171, 171, 171, 171, 171, 171, 171, 171, 171, 171, 171, 171, 171, 171, 171, 171, 171, 171, 171, 171, 171, 171, 171, 264, 264, 264, 264, 264, 264, 264, 264, 264, 264, 264, 264, 264, 264, 264, 264, 264, 264, 264, 264, 264, 264, 264, 264, 264, 264, 264, 264, 264, 264, 264, 264, 264, 264, 264, 264, 264, 264, 264, 264, 264, 264, 264, 264, 264, 264, 264, 264, 264, 264, 264, 264, 264, 264, 264, 264, 264, 264, 264, 264, 264, 264, 264, 264, 264, 264, 264, 264, 264, 264, 264, 264, 264, 264, 264, 264, 264, 264, 264, 264, 264, 264, 264, 264, 264, 264, 264, 264, 264, 264, 264, 264, 264, 264, 264, 264, 264, 264, 264, 264, 264, 264, 264, 264, 264, 264, 264, 264, 264, 264, 264, 264, 264, 264, 264, 264, 264, 264, 264, 264, 264, 264, 264]

ep111
Train step Loss: [2.6592469215393066, 3.1829378604888916, 3.101409673690796, 2.404754638671875, 3.0400092601776123, 3.0800724029541016, 3.2882587909698486, 2.556807041168213, 2.7742111682891846, 2.8992786407470703, 3.152318000793457, 3.3150386810302734, 3.0543272495269775, 2.9522452354431152, 3.176987886428833, 2.7872540950775146, 2.745164632797241, 2.569584369659424, 3.121795654296875, 3.09525465965271, 2.7547709941864014, 3.389597177505493, 2.90144681930542, 2.705043315887451, 2.488377332687378, 2.8818061351776123, 2.5394656658172607, 2.809011697769165, 2.849938154220581, 3.0589022636413574, 3.4400827884674072, 2.908649444580078, 2.7949013710021973, 2.8028273582458496, 2.702130079269409, 3.1216940879821777, 2.888190984725952, 2.8651721477508545, 2.8752667903900146, 3.0454623699188232, 3.0999574661254883, 2.774897813796997, 2.997941732406616, 2.923892021179199, 2.7012522220611572, 2.9147531986236572, 2.9732601642608643, 3.2970197200775146, 3.1798882484436035, 2.6610913276672363, 3.0091159343719482, 2.5446789264678955, 3.0282747745513916, 3.0874552726745605, 2.7337918281555176, 3.0110671520233154, 2.635425090789795, 3.167958974838257, 2.6669273376464844, 3.2564854621887207, 2.555166482925415, 2.945746898651123, 3.1219429969787598]
val step Loss: [2.3160550594329834, 2.4664204120635986, 2.588925838470459, 2.3168129920959473, 2.2866992950439453, 2.6881823539733887, 2.3154823780059814, 2.3673629760742188, 2.7744975090026855, 2.473410129547119, 2.430294990539551, 2.3867743015289307, 2.495957851409912, 2.003035306930542, 2.379925012588501, 2.1663174629211426]
Train step Accs: [0.46223689640940985, 0.37751796027609524, 0.3462965331968786, 0.5058642837196314, 0.3874072037393456, 0.3988439306358382, 0.3332791680207995, 0.4525790349417637, 0.4244428468727534, 0.4081660153618111, 0.3871199082042456, 0.3178960872354073, 0.3769512195121951, 0.38610544713078937, 0.34806795970530746, 0.4131982908688084, 0.44944787035709166, 0.46492537313432836, 0.35819715340010544, 0.4001805325710847, 0.4408679407960914, 0.30414324924846425, 0.397212543554007, 0.43521331396116764, 0.521596109839817, 0.3971271038885665, 0.5024547147452175, 0.4380021424745581, 0.4281976296752347, 0.35500345065562455, 0.31515304194482935, 0.41172451489478, 0.4399018806214227, 0.43993859536906743, 0.4296403255447624, 0.35763293310463123, 0.3970027247956403, 0.42676156583629893, 0.39724099099099097, 0.3850630455868089, 0.36586673816865534, 0.4538241827991114, 0.37312687312687315, 0.38690564360835433, 0.4538351140169032, 0.406108255216208, 0.393633875846176, 0.3155466899389104, 0.32567586496708223, 0.46224595757306036, 0.3510791366906475, 0.4993299383543286, 0.3869255819563382, 0.3638200431034483, 0.4585173501577287, 0.3911696359411309, 0.48950366151342556, 0.34361702127659577, 0.48204011817757736, 0.36670056661339534, 0.49036402569593146, 0.37172481434776516, 0.3311668214175178]
val step Accs: [0.5682704811443433, 0.532177033492823, 0.49665437662160317, 0.5649050795279631, 0.5731897222943161, 0.45827893175074186, 0.5444228759145886, 0.5673748951635449, 0.447927983858451, 0.5363317125877903, 0.5491480996068152, 0.5626981839146729, 0.4967591392273788, 0.6435562805872757, 0.5465102065762132, 0.6142098273572377]
Preds: [17, 17, 296, 217, 479, 331, 360, 360, 360, 360, 143, 143, 458, 458, 458, 109, 445, 171, 171, 171, 330, 330, 330, 330, 330, 434, 434, 434, 339, 219, 219, 219, 19, 19, 19, 19, 19, 19, 454, 454, 197, 197, 249, 249, 249, 249, 392, 244, 392, 249, 392, 392, 392, 63, 63, 63, 63, 63, 63, 63, 63, 63, 73, 244, 289, 320, 321, 7, 7, 309, 479, 479, 398, 324, 422, 143, 143, 129, 401, 196, 196, 70, 65, 46, 46, 46, 450, 85, 438, 34, 251, 251, 324, 374, 374, 132, 301, 32, 10, 251, 241, 241, 241, 431, 331, 106, 106, 153, 153, 153, 182, 182, 182, 182, 182, 497, 122, 143, 129, 259, 208, 345, 100, 100, 122, 122, 239, 107, 422, 371, 224, 374, 324, 395, 395, 310, 129, 401, 75, 374, 374, 374, 273, 106, 106, 206, 206, 206, 167, 215, 401, 401, 401, 321, 354, 7, 345, 109, 109, 109, 403, 403, 403, 403, 207, 207, 207, 207, 207, 207, 19, 454, 454, 454, 414, 392, 392, 392, 392, 392, 392, 392, 392, 392, 63, 63, 63, 63, 63, 63, 63, 392, 392, 244, 320, 320, 287, 287, 287, 287, 284, 284, 284, 450, 450, 319, 319, 88, 88, 153, 153, 153, 387, 387, 387, 109, 146, 207, 207, 207, 207, 246, 246, 19, 19, 422, 338, 338, 338, 338, 338, 338, 338, 338, 400, 400, 400, 324, 286, 464, 464, 464, 464, 271, 271, 338, 338, 338, 338, 338, 338, 338, 400, 400, 400, 464, 286, 464, 313, 116, 10, 10, 10, 479, 331, 331, 331, 106, 106, 284, 284, 284, 426, 426, 98, 98, 98, 98, 413, 413, 310, 303, 48, 32, 239, 162, 310, 310, 107, 395, 395, 180, 264, 264, 264, 468, 139, 139, 139, 293, 293, 98, 98, 98, 98, 98, 17, 17, 75, 27, 208, 287, 100, 481, 98, 98, 98, 98, 98, 13, 170, 170, 170, 170, 392, 63, 63, 63, 63, 63, 63, 63, 63, 63, 63, 63, 63, 63, 63, 63, 63, 63, 63, 63, 63, 63, 63, 63, 63, 63, 63, 73, 244, 289, 289, 321, 287, 287, 287, 284, 284, 284, 111, 111, 240, 240, 94, 348, 348, 251, 251, 88, 196, 309, 479, 443, 324, 324, 324, 324, 324, 246, 246, 246, 246, 246, 246, 246, 246, 422, 186, 338, 338, 338, 338, 338, 338, 400, 400, 219, 286, 374, 374, 374, 374, 374, 132, 88, 88, 497, 497, 387, 497, 497, 122, 129, 129, 401, 401, 401, 75, 354, 420, 213, 213, 213, 324, 422, 143, 129, 82, 401, 401, 261, 25, 213, 324, 324, 34, 41, 19, 19, 324, 19, 19, 32, 32, 32, 354, 75, 445, 445, 445, 180, 443, 171, 171, 416, 143, 458, 445, 445, 171, 464, 464, 443, 443, 240, 240, 310, 239, 401, 401, 75, 354, 420, 213, 213, 213, 246, 246, 303, 14, 303, 48, 48, 48, 170, 244, 170, 244, 392, 392, 392, 392, 392, 392, 392, 320, 320, 320, 320, 114, 213, 213, 213, 213, 246, 246, 246, 246, 19, 454, 414, 197, 197, 197, 32, 32, 32, 32, 82, 310, 107, 395, 395, 395, 264, 264, 443, 120, 120, 240, 240, 114, 114, 32, 401, 32, 32, 196, 217, 473, 473, 252, 324, 324, 324, 422, 310, 239, 107, 107, 107, 107, 107, 395, 400, 213, 19, 19, 454, 17, 17, 451, 171, 171, 171, 171, 171, 171, 171, 171, 171, 264, 264, 264, 264, 264, 264, 264, 264, 264, 264, 264, 264, 264, 264, 264, 264, 264, 264, 264, 264, 264, 264, 264, 264, 264, 264]

