ep207
Train step Loss: [0.6728189587593079, 0.9043267965316772, 0.7059533596038818, 0.9506374001502991, 0.9077363610267639, 0.5627540946006775, 0.809090256690979, 0.5907342433929443, 0.9863160848617554, 0.6127861142158508, 0.5121613144874573, 1.1355735063552856, 0.8579955101013184, 0.8673796653747559, 0.7334449887275696, 0.7329481840133667, 0.8119180202484131, 1.47122061252594, 0.6107536554336548, 0.5922995805740356, 0.8259994387626648, 0.9094603657722473, 0.7005234360694885, 0.5723879337310791, 0.6768006086349487, 0.7153145670890808, 1.0985558032989502, 0.9846187233924866, 0.9159967303276062, 1.135993242263794, 0.6327843070030212, 0.7894899845123291, 0.9674673080444336, 1.1049693822860718, 0.7910980582237244, 0.538038432598114, 0.9689441919326782, 0.7953541874885559, 0.7420214414596558, 0.27317050099372864, 0.44667601585388184, 0.5306059718132019, 0.6520519256591797, 0.3548639714717865, 0.6375412940979004, 1.2511627674102783, 0.6866239309310913, 0.7409921288490295, 0.7043006420135498, 0.858144998550415, 1.0641663074493408, 0.9954153299331665, 0.8698334693908691, 0.5449715256690979, 0.5076944828033447, 1.0446536540985107, 0.4116753935813904, 0.9876631498336792, 1.0792644023895264, 1.1057323217391968, 0.6447358727455139, 0.6271593570709229, 0.45572152733802795]
val step Loss: [0.26061663031578064, 0.658247709274292, 0.3213318884372711, 0.4454725682735443, 0.34355300664901733, 0.4252574145793915, 0.6312655210494995, 0.4984142482280731, 0.5492344498634338, 0.4920024573802948, 0.3017234206199646, 0.5220746397972107, 0.3418425917625427, 0.37897878885269165, 0.6810518503189087, 0.2561553418636322]
Train step Accs: [0.8496594226402855, 0.801358234295416, 0.8465158371040724, 0.7954033348355115, 0.8014206300185299, 0.8881107220276805, 0.8220195879770348, 0.8858612539969415, 0.7773777377737774, 0.8814285714285715, 0.9015384615384615, 0.7316502257147635, 0.8023360287511231, 0.7995172968624296, 0.849053201082056, 0.8355419165852979, 0.8253142609449502, 0.652962515114873, 0.8746076037670039, 0.871870170015456, 0.81262611703661, 0.7971166841868148, 0.8518384350661112, 0.8809395732472656, 0.8599228047603731, 0.8419886003799874, 0.7642019837691614, 0.7753938987596379, 0.7948717948717948, 0.740549542048293, 0.8672934648581998, 0.840948127791137, 0.7826929286406199, 0.75, 0.8247659714238791, 0.895176848874598, 0.7819537431527693, 0.8222820599124874, 0.8427573062261754, 0.9637616052710393, 0.9227333631085306, 0.8928766624157406, 0.8641425389755011, 0.9404440444044404, 0.8632302405498282, 0.7101326559412927, 0.8479322696190166, 0.8331382711921084, 0.842028040430388, 0.8053876705232257, 0.7721460483746726, 0.7692429773051896, 0.8235674975720297, 0.8930472103004292, 0.8997791275538377, 0.7545099218280217, 0.9263865546218487, 0.7717287488061128, 0.7545215869311552, 0.7418553285477637, 0.8630874436199621, 0.8636514247846255, 0.9165829145728643]
val step Accs: [0.9666850981476361, 0.8714432196872597, 0.9446283478784231, 0.9178321678321678, 0.9419046279364186, 0.9259568379635149, 0.8677685950413223, 0.9072382290934645, 0.8946398184912082, 0.9078672242550967, 0.9516704922213721, 0.9076964118980926, 0.9455993520518359, 0.9378523665923693, 0.8562253685593344, 0.9685662596110357]
Preds: [17, 287, 284, 111, 460, 240, 215, 35, 35, 35, 77, 323, 323, 142, 397, 397, 397, 153, 153, 350, 413, 348, 195, 250, 250, 10, 309, 250, 250, 250, 250, 132, 43, 345, 88, 109, 109, 315, 315, 315, 113, 460, 167, 215, 35, 197, 197, 414, 7, 7, 473, 109, 109, 264, 264, 264, 264, 264, 264, 264, 264, 264, 264, 264, 264, 264, 264, 264, 468, 468, 406, 406, 406, 467, 467, 337, 288, 264, 120, 330, 330, 116, 10, 10, 10, 309, 479, 331, 307, 307, 307, 426, 319, 348, 251, 251, 251, 241, 241, 431, 486, 486, 460, 240, 150, 77, 342, 342, 342, 115, 224, 494, 494, 324, 422, 99, 99, 338, 338, 338, 338, 338, 400, 400, 400, 213, 213, 324, 246, 246, 246, 246, 246, 246, 246, 99, 99, 338, 338, 338, 338, 400, 400, 400, 400, 324, 324, 301, 301, 301, 42, 42, 42, 147, 147, 147, 337, 337, 41, 324, 464, 464, 464, 301, 236, 129, 129, 259, 196, 196, 309, 473, 473, 398, 398, 360, 434, 434, 434, 339, 243, 76, 465, 77, 342, 342, 342, 115, 224, 267, 267, 301, 339, 33, 217, 217, 473, 398, 398, 398, 374, 139, 378, 43, 43, 43, 43, 70, 70, 70, 138, 138, 153, 387, 387, 413, 348, 10, 10, 10, 398, 398, 398, 398, 464, 464, 464, 355, 355, 355, 355, 355, 355, 355, 263, 263, 13, 229, 229, 82, 247, 312, 312, 126, 292, 23, 23, 23, 23, 23, 23, 23, 23, 23, 101, 101, 101, 101, 149, 391, 228, 82, 289, 320, 320, 7, 276, 276, 153, 153, 346, 387, 387, 387, 387, 240, 240, 240, 35, 35, 114, 183, 183, 183, 183, 139, 139, 139, 139, 293, 293, 122, 122, 35, 36, 108, 108, 183, 437, 106, 302, 497, 122, 416, 458, 27, 27, 180, 443, 169, 388, 94, 94, 199, 331, 290, 290, 290, 434, 434, 379, 368, 453, 453, 453, 168, 494, 278, 278, 99, 338, 338, 338, 436, 60, 395, 106, 106, 426, 426, 426, 413, 379, 379, 76, 76, 77, 478, 342, 68, 115, 115, 267, 267, 267, 267, 213, 213, 246, 246, 246, 19, 19, 454, 414, 414, 417, 417, 414, 414, 170, 201, 170, 170, 47, 20, 47, 47, 2, 289, 47, 289, 47, 80, 73, 73, 289, 7, 287, 287, 287, 284, 284, 206, 169, 215, 215, 35, 35, 401, 414, 441, 441, 441, 148, 148, 153, 153, 153, 387, 372, 372, 406, 406, 467, 467, 499, 426, 426, 426, 413, 399, 399, 70, 70, 65, 46, 46, 46, 438, 438, 251, 251, 81, 324, 324, 286, 286, 468, 285, 285, 337, 324, 464, 464, 464, 180, 486, 486, 486, 113, 460, 169, 450, 169, 349, 349, 234, 234, 234, 234, 234, 261, 25, 25, 106, 284, 284, 376, 376, 460, 169, 263, 263, 263, 414, 414, 170, 170, 170, 170, 82, 312, 312, 289, 287, 58, 58, 58, 58, 58, 58, 58, 197, 102, 163, 163, 391, 391, 244, 73, 321, 73, 73, 320, 320, 321, 287, 287, 287, 287, 284, 265, 265, 85, 85, 85, 146, 146, 207, 207, 207, 19, 19, 19, 454, 17, 301, 171, 171, 171, 171, 171, 171, 171, 438, 438, 438, 438, 438, 438, 438, 438, 438, 438, 438, 438, 438, 171, 171, 171, 171, 171, 171, 171, 171, 171, 171, 171, 171, 171, 171, 171, 171, 171, 171, 171, 171, 171, 171, 171, 171, 171, 171, 171, 171, 171, 171, 171, 171, 171, 171, 171, 171, 171, 171, 171, 171, 171, 171, 171, 171, 171, 171, 171, 171, 171, 171, 171, 171]

ep208
Train step Loss: [0.35978928208351135, 1.0978285074234009, 0.9412921667098999, 0.6482921242713928, 1.083618402481079, 0.5918434858322144, 0.6881280541419983, 0.9542750716209412, 1.0531787872314453, 0.8497649431228638, 0.8892031311988831, 0.864838182926178, 0.7734711170196533, 0.6697778701782227, 0.7410228848457336, 1.1895933151245117, 0.7596005201339722, 0.8577432632446289, 0.8556600213050842, 1.05181884765625, 0.9820811152458191, 0.5243534445762634, 1.25286066532135, 1.2648218870162964, 1.0415855646133423, 0.8599334359169006, 0.8810508251190186, 1.0038940906524658, 0.8731096982955933, 0.7139440774917603, 0.6555447578430176, 0.7775263786315918, 1.0814076662063599, 0.4383111000061035, 0.7420114874839783, 0.971074104309082, 0.6585628986358643, 0.7572981715202332, 0.7518836855888367, 0.784511387348175, 1.1488080024719238, 0.4439397156238556, 0.43029916286468506, 0.8619323372840881, 0.602319598197937, 1.259933590888977, 1.5133483409881592, 0.8224424123764038, 0.7751549482345581, 0.5493265390396118, 1.0694432258605957, 0.9390614628791809, 0.5119662284851074, 0.8356572985649109, 0.8413247466087341, 0.7938029170036316, 0.5786614418029785, 0.7668675780296326, 0.5956259965896606, 0.8402464389801025, 1.0518392324447632, 0.6870383024215698, 0.659605860710144]
val step Loss: [0.3939310610294342, 0.44774484634399414, 0.23653537034988403, 0.25353866815567017, 0.4203648865222931, 0.5951957106590271, 0.3636210858821869, 0.3888413906097412, 0.6196069121360779, 0.3977029621601105, 0.6171046495437622, 0.4897255003452301, 0.34357330203056335, 0.8579733371734619, 0.33440911769866943, 0.4678030014038086]
Train step Accs: [0.946455223880597, 0.7556053811659192, 0.7956022944550669, 0.8753185649872574, 0.7766990291262136, 0.8964876417022858, 0.8642087972257712, 0.8060617329862403, 0.7763472503218687, 0.8210626185958254, 0.8152274837511606, 0.8371985870066042, 0.8506046511627907, 0.8640885750962772, 0.8466176747691728, 0.7519484920365977, 0.8513982818497532, 0.8302626421011368, 0.8060931899641577, 0.7631932773109243, 0.7834280586299731, 0.9031430404105195, 0.7150475641395215, 0.7225404312668463, 0.7778335005015045, 0.8154311649016641, 0.8113371587549991, 0.7854654844838506, 0.8081555402615279, 0.8502904564315352, 0.8651972528350104, 0.8351610095735422, 0.7636188333601157, 0.9199908821518121, 0.8406254936029063, 0.7878530473561266, 0.8575033647375505, 0.8460313246615344, 0.8422037422037422, 0.8404003639672429, 0.7381692573402417, 0.9218679838347553, 0.9256916996047431, 0.8041822013292268, 0.8816020424445509, 0.7170849089034033, 0.6540299983517389, 0.8288262777856434, 0.845448251990308, 0.8924318869828456, 0.7546593339443936, 0.7845931805881292, 0.9013568813267284, 0.8178694158075601, 0.825564860167483, 0.8411519652236914, 0.8866043613707165, 0.8505357142857143, 0.8721839799749687, 0.8281739130434783, 0.7782805429864253, 0.8595419847328244, 0.866551724137931]
val step Accs: [0.9338959212376934, 0.9157681940700808, 0.9686092137770673, 0.9683061546554445, 0.9280830922955562, 0.8825537294563843, 0.9382604193631893, 0.9336574206462682, 0.8775670372792675, 0.9304695562435501, 0.8791990733079597, 0.9093927237515562, 0.9402562373567094, 0.8173702333885984, 0.9465273509526736, 0.9154701718907988]
Preds: [17, 17, 437, 284, 284, 284, 426, 426, 426, 426, 426, 319, 413, 413, 348, 250, 250, 250, 276, 276, 346, 346, 346, 346, 428, 146, 146, 422, 422, 31, 162, 232, 232, 232, 172, 172, 115, 115, 273, 273, 273, 151, 460, 460, 215, 35, 233, 375, 375, 375, 497, 186, 186, 323, 323, 323, 323, 323, 142, 397, 494, 494, 109, 395, 467, 313, 37, 385, 385, 183, 3, 3, 3, 464, 464, 110, 443, 443, 169, 169, 169, 150, 150, 150, 482, 482, 482, 482, 482, 115, 115, 267, 267, 267, 267, 213, 213, 246, 246, 246, 246, 246, 246, 3, 301, 143, 259, 259, 354, 106, 499, 284, 265, 306, 306, 85, 468, 406, 406, 467, 467, 467, 315, 315, 315, 450, 450, 203, 203, 53, 381, 168, 167, 225, 225, 197, 197, 320, 320, 127, 114, 114, 114, 403, 403, 403, 403, 207, 207, 301, 301, 378, 133, 8, 276, 346, 346, 346, 284, 284, 284, 426, 426, 450, 450, 413, 413, 348, 250, 364, 276, 276, 276, 138, 138, 138, 138, 182, 182, 426, 426, 426, 413, 413, 282, 282, 303, 303, 303, 303, 303, 303, 303, 303, 303, 303, 303, 479, 331, 331, 499, 106, 284, 284, 481, 481, 481, 481, 426, 426, 375, 98, 263, 263, 13, 13, 78, 170, 170, 170, 170, 28, 28, 28, 12, 12, 12, 12, 244, 12, 12, 12, 12, 12, 12, 12, 12, 260, 260, 260, 63, 63, 63, 63, 244, 63, 63, 244, 63, 63, 63, 73, 244, 73, 73, 244, 321, 320, 7, 7, 7, 479, 398, 398, 398, 360, 360, 360, 360, 434, 246, 246, 246, 246, 246, 246, 246, 246, 246, 324, 301, 301, 143, 259, 259, 354, 106, 284, 284, 284, 284, 426, 450, 450, 413, 175, 293, 497, 497, 497, 98, 197, 7, 32, 473, 473, 398, 398, 464, 464, 464, 464, 374, 374, 116, 116, 250, 250, 250, 153, 153, 153, 153, 153, 153, 182, 182, 387, 497, 497, 122, 122, 122, 143, 310, 310, 107, 107, 107, 395, 395, 395, 106, 106, 153, 424, 424, 182, 293, 293, 497, 497, 98, 35, 229, 229, 229, 170, 247, 312, 126, 126, 23, 23, 101, 155, 155, 320, 441, 148, 148, 153, 153, 182, 387, 387, 413, 122, 122, 250, 76, 465, 259, 208, 441, 441, 441, 346, 151, 169, 150, 150, 162, 54, 172, 172, 115, 273, 273, 494, 278, 278, 325, 286, 464, 464, 464, 264, 264, 264, 120, 120, 120, 282, 282, 271, 271, 271, 77, 77, 342, 433, 433, 115, 224, 267, 267, 267, 213, 213, 246, 246, 246, 246, 19, 197, 197, 226, 440, 440, 440, 440, 151, 446, 322, 76, 416, 32, 239, 259, 354, 354, 398, 464, 171, 403, 171, 171, 464, 464, 464, 464, 139, 139, 139, 293, 497, 497, 497, 122, 122, 310, 310, 107, 107, 395, 395, 395, 106, 153, 424, 424, 424, 424, 497, 497, 497, 497, 497, 122, 122, 42, 147, 380, 288, 288, 337, 337, 324, 19, 403, 403, 403, 403, 403, 403, 403, 403, 403, 403, 403, 403, 403, 403, 403, 403, 403, 403, 403, 403, 403, 403, 403, 403, 403, 403, 403, 403, 403, 403, 403, 403, 403, 403, 403, 403, 403, 403, 403, 403, 403, 403, 403, 403, 403, 403, 403, 403, 403, 403, 403, 403, 403, 403, 403, 403, 403, 403, 403, 403, 403, 403, 403, 403, 403, 403, 403, 403, 403, 403, 403, 403, 403, 403, 403, 403, 403, 403, 403, 403, 403, 403, 403, 403, 403, 403, 403, 403, 403, 403, 403, 403, 403, 403, 403, 403, 403, 403, 403, 403]

ep209
Train step Loss: [0.9554067850112915, 1.0877271890640259, 1.0681935548782349, 1.1485830545425415, 0.8279007077217102, 0.40390488505363464, 0.7662886381149292, 0.4292810559272766, 0.8728044629096985, 0.6369022130966187, 0.9601311087608337, 0.7434654831886292, 0.6742507815361023, 1.005711317062378, 0.972608208656311, 0.6202976703643799, 1.197697639465332, 0.887737512588501, 1.083348274230957, 0.4243955612182617, 0.6481401324272156, 0.8772333860397339, 0.7820912599563599, 0.9328818917274475, 0.6402842998504639, 0.8614014983177185, 0.6271101832389832, 0.608803391456604, 1.042367935180664, 0.8287566900253296, 0.8780776858329773, 0.7390831112861633, 0.7597398161888123, 0.6050791144371033, 1.0904291868209839, 0.6413159370422363, 1.223639726638794, 0.6135240793228149, 1.145123839378357, 0.9674281477928162, 0.8706847429275513, 0.5317867398262024, 0.9914847016334534, 0.7511482834815979, 0.9746091961860657, 1.305315613746643, 0.8062059283256531, 1.1470141410827637, 0.6267943382263184, 1.0636355876922607, 0.7399925589561462, 0.5223739147186279, 1.2521675825119019, 0.6964770555496216, 0.5457226634025574, 0.5882967710494995, 0.4772091209888458, 0.6026113629341125, 0.6849812269210815, 0.47557520866394043, 0.45694848895072937, 0.8334144353866577, 1.4962975978851318]
val step Loss: [0.7919462323188782, 0.18991592526435852, 0.5339837670326233, 0.2748645842075348, 0.654568612575531, 0.6027073264122009, 0.45907077193260193, 0.5305551886558533, 0.501745879650116, 0.37675735354423523, 0.35926127433776855, 0.5095822215080261, 0.358262300491333, 0.30424410104751587, 0.5358872413635254, 0.2418152540922165]
Train step Accs: [0.7871222076215506, 0.7651821862348178, 0.7650591768238827, 0.7387185669996555, 0.8244871377401498, 0.936234381732012, 0.8378790445536168, 0.9283037314648851, 0.8083918602557176, 0.8759942892106873, 0.7978172401035886, 0.837772397094431, 0.8604979692742363, 0.7755690440060699, 0.7892554194156456, 0.8640439158279963, 0.7105499103407054, 0.8107038375494752, 0.7518365884250134, 0.9237418363426815, 0.8615976900866218, 0.8135552913198573, 0.8332095096582467, 0.8136765888978278, 0.8722277391592188, 0.8064778645833334, 0.8677181913774974, 0.8841898643825838, 0.7773052820053715, 0.8181654999102496, 0.8115779345734445, 0.8497244949073302, 0.8441558441558441, 0.8767427763184482, 0.7501418573860412, 0.8666214152384185, 0.7247116657213084, 0.8715786123488224, 0.7458114740226772, 0.7886192754613808, 0.8171515561569689, 0.8899250879070478, 0.7762943666558124, 0.8496583143507973, 0.7851523098648376, 0.7004988818166179, 0.8293470007593015, 0.74760790984478, 0.8728971962616823, 0.7648486810163457, 0.8441285737360685, 0.9031531531531531, 0.7248803827751196, 0.8533916849015317, 0.8927460291468806, 0.8816205166325962, 0.9158780231335436, 0.8810529736756582, 0.8608096468561585, 0.9069526115530958, 0.9134487350199734, 0.805880062305296, 0.632295719844358]
val step Accs: [0.8306334972519526, 0.9820098383696416, 0.899775056235941, 0.9598472880463402, 0.8663844423865591, 0.8778430871454127, 0.9180112816476453, 0.8982645122681029, 0.9097818437719916, 0.9358990378608022, 0.9407380254154448, 0.9051135571966002, 0.939744182462629, 0.9532350205925335, 0.8890914615618353, 0.9719418651594671]
Preds: [17, 196, 217, 217, 217, 217, 217, 473, 473, 65, 264, 264, 264, 264, 264, 264, 264, 264, 264, 264, 468, 468, 468, 467, 337, 337, 337, 324, 328, 3, 454, 197, 197, 197, 259, 354, 345, 109, 109, 109, 285, 288, 285, 313, 313, 337, 337, 337, 360, 360, 360, 360, 434, 434, 434, 200, 200, 398, 398, 324, 434, 434, 339, 339, 33, 33, 250, 250, 250, 250, 345, 153, 100, 424, 424, 424, 424, 182, 497, 497, 497, 122, 43, 75, 208, 208, 106, 481, 481, 481, 481, 426, 426, 306, 306, 372, 396, 396, 396, 313, 313, 406, 406, 495, 380, 134, 84, 84, 84, 375, 375, 375, 375, 375, 375, 98, 98, 98, 48, 48, 48, 48, 414, 414, 170, 170, 170, 170, 170, 170, 187, 187, 187, 12, 12, 12, 12, 12, 12, 12, 408, 408, 408, 391, 391, 321, 75, 66, 66, 66, 232, 172, 172, 172, 115, 267, 267, 267, 444, 374, 374, 374, 374, 139, 139, 293, 293, 497, 349, 349, 349, 349, 234, 234, 234, 261, 261, 25, 25, 30, 324, 324, 324, 464, 464, 464, 464, 180, 486, 486, 486, 486, 315, 315, 315, 315, 282, 282, 282, 388, 203, 53, 466, 466, 465, 448, 448, 448, 448, 324, 464, 464, 464, 464, 464, 315, 315, 315, 315, 315, 480, 480, 480, 480, 480, 282, 282, 282, 85, 299, 313, 334, 382, 406, 406, 406, 406, 406, 406, 380, 467, 467, 499, 302, 100, 375, 98, 375, 98, 98, 98, 13, 13, 414, 414, 414, 414, 414, 414, 414, 170, 187, 187, 187, 187, 187, 187, 391, 391, 244, 244, 244, 320, 320, 320, 83, 177, 380, 374, 337, 337, 313, 313, 24, 24, 310, 310, 107, 107, 395, 395, 485, 286, 464, 139, 139, 139, 139, 496, 216, 216, 81, 81, 81, 139, 139, 139, 240, 240, 285, 99, 99, 395, 395, 395, 400, 400, 152, 422, 143, 458, 458, 144, 27, 27, 27, 27, 437, 437, 284, 284, 405, 206, 206, 206, 169, 169, 35, 35, 35, 35, 35, 441, 437, 100, 100, 426, 426, 375, 98, 98, 98, 98, 229, 229, 13, 170, 170, 414, 170, 170, 237, 201, 435, 244, 2, 2, 244, 2, 244, 12, 63, 63, 408, 408, 63, 391, 73, 73, 321, 321, 320, 287, 287, 287, 284, 486, 460, 460, 460, 169, 150, 342, 342, 342, 342, 342, 224, 494, 196, 116, 94, 331, 331, 464, 464, 443, 443, 31, 31, 342, 342, 232, 172, 115, 267, 273, 273, 151, 151, 460, 460, 240, 35, 35, 310, 107, 395, 395, 395, 395, 374, 494, 116, 285, 81, 302, 497, 497, 497, 497, 497, 497, 458, 208, 441, 441, 100, 153, 153, 387, 387, 387, 387, 372, 372, 406, 467, 467, 467, 467, 337, 41, 41, 41, 19, 19, 19, 19, 454, 229, 229, 414, 414, 414, 170, 102, 102, 47, 47, 392, 47, 392, 392, 392, 392, 392, 73, 321, 320, 320, 7, 7, 7, 217, 473, 473, 473, 473, 65, 65, 264, 264, 264, 264, 264, 264, 264, 264, 264, 264, 468, 468, 468, 468, 468, 467, 337, 337, 41, 19, 19, 19, 19, 19, 454, 454, 17, 301, 171, 171, 171, 171, 171, 171, 171, 171, 403, 403, 403, 403, 403, 403, 403, 403, 403, 403, 403, 403, 403, 403, 403, 403, 403, 403, 403, 403, 403, 403, 403, 403, 403, 403, 403, 403, 403, 403, 403, 403, 403, 403, 403, 403, 403, 403, 403, 403, 403, 403, 403, 403, 403, 403, 403, 403, 403, 403, 403, 403, 403, 403, 403, 403, 403, 403, 403, 403, 403, 403, 403]

ep210
Train step Loss: [1.040333867073059, 0.6744224429130554, 0.7972158193588257, 0.731280505657196, 1.275025486946106, 0.6882535219192505, 0.8494123220443726, 1.165265440940857, 1.12345552444458, 0.785347580909729, 0.4676239490509033, 0.8751540184020996, 0.7306366562843323, 0.9528421759605408, 0.558022141456604, 1.1239203214645386, 1.456041932106018, 0.838414192199707, 1.3368805646896362, 0.9052221775054932, 0.49887940287590027, 0.5059434175491333, 1.1816315650939941, 0.783553957939148, 0.8229153752326965, 0.41002437472343445, 1.0153651237487793, 0.7952958941459656, 0.6346660256385803, 0.9121618270874023, 0.894726037979126, 1.0932672023773193, 0.7127460241317749, 1.405919075012207, 0.4180428087711334, 0.7400112748146057, 0.7878508567810059, 0.45899882912635803, 0.44103050231933594, 1.0070744752883911, 1.0001360177993774, 0.8669297099113464, 1.2823398113250732, 0.6493009924888611, 0.7242851853370667, 0.3373977839946747, 0.8856486082077026, 0.8462270498275757, 0.7175049185752869, 1.1702739000320435, 0.6433067917823792, 0.8851630687713623, 0.9168091416358948, 1.2167834043502808, 1.0013022422790527, 0.6917173266410828, 0.6894676089286804, 0.7861576676368713, 1.2757930755615234, 0.8194801807403564, 1.0399656295776367, 0.8966013193130493, 1.0130637884140015]
val step Loss: [0.42210936546325684, 0.7032337188720703, 0.551083505153656, 0.26308703422546387, 0.5623404383659363, 0.759888768196106, 0.27651938796043396, 0.3550560176372528, 0.5272589325904846, 0.3130777180194855, 0.5604691505432129, 0.39705386757850647, 0.4358721077442169, 0.35212552547454834, 0.2932470440864563, 0.3386231064796448]
Train step Accs: [0.7659966808039831, 0.8563030698889614, 0.852359750667854, 0.8429888084265964, 0.7087066779374471, 0.8560151021108632, 0.8208841463414634, 0.7679671457905544, 0.7395744680851064, 0.8325485025428517, 0.9120167587126262, 0.830708008622119, 0.8564315352697095, 0.8138673847189498, 0.8851851851851852, 0.7494546064775969, 0.6587436332767402, 0.8163057695102456, 0.7032658785814466, 0.7996556581624668, 0.9057443365695793, 0.9038274723139693, 0.7473549799343305, 0.8219884045522868, 0.8201426335014785, 0.9236742844464166, 0.7792765174739423, 0.8277062831188493, 0.872446056902807, 0.799517878666131, 0.7997667185069984, 0.7639907776147559, 0.854336833916764, 0.6729583975346687, 0.9266814784891941, 0.8328412446059504, 0.8366180231683467, 0.9155597722960152, 0.9160771704180064, 0.800668998023415, 0.7924126927849672, 0.8146613832853026, 0.7015539305301646, 0.882034180908712, 0.848714069591528, 0.947866344605475, 0.797743487638958, 0.8149200710479574, 0.8501408450704225, 0.7656995960337862, 0.8646539330458, 0.8041719880800341, 0.8078961798574301, 0.721875, 0.788196466705494, 0.8561097719265715, 0.876761161093193, 0.8321907136179495, 0.7213465952563122, 0.8308702791461412, 0.7632743362831859, 0.8076788218793829, 0.7832295862321494]
val step Accs: [0.9241806161204107, 0.8510906569158996, 0.8931248384595503, 0.964192975263086, 0.8882404435366209, 0.8387472499029377, 0.9610278372591007, 0.9493212669683257, 0.9053915087410019, 0.9543568464730291, 0.8906369915579432, 0.9297654840649429, 0.9214099216710183, 0.9379968203497615, 0.9605616605616606, 0.949475065616798]
Preds: [17, 451, 360, 360, 360, 301, 143, 17, 321, 321, 320, 7, 196, 70, 473, 109, 278, 360, 360, 434, 434, 434, 19, 19, 454, 454, 454, 408, 149, 82, 82, 66, 66, 66, 68, 68, 68, 115, 115, 267, 267, 470, 139, 139, 139, 443, 443, 443, 443, 85, 146, 240, 240, 240, 216, 34, 34, 324, 324, 324, 301, 349, 349, 261, 25, 25, 183, 30, 186, 186, 99, 338, 338, 338, 338, 338, 400, 400, 267, 267, 290, 360, 246, 246, 434, 3, 3, 3, 14, 226, 321, 209, 145, 145, 145, 460, 460, 178, 215, 259, 29, 100, 100, 497, 497, 122, 368, 49, 453, 224, 168, 106, 106, 496, 496, 274, 274, 8, 82, 364, 345, 345, 81, 81, 81, 41, 324, 324, 324, 246, 434, 339, 339, 339, 217, 398, 398, 398, 398, 434, 434, 434, 199, 199, 331, 275, 282, 282, 452, 263, 263, 17, 17, 188, 403, 403, 403, 403, 403, 403, 403, 403, 403, 403, 403, 403, 403, 403, 403, 403, 403, 403, 403, 403, 403, 403, 403, 403, 403, 403, 403, 403, 403, 403, 403, 403, 403, 403, 403, 403, 403, 403, 403, 403, 403, 403, 403, 403, 403, 403, 403, 403, 403, 403, 403, 403, 403, 403, 403, 403, 403, 403, 403, 403, 403, 403, 403, 403, 403, 403, 403, 403, 403, 403, 403, 403, 403, 403, 403, 403, 403, 403, 403, 403, 403, 403, 403, 403, 403, 403, 403, 403, 403, 403, 403, 403, 403, 403, 403, 403, 403, 403, 403, 403, 403, 403, 403, 403, 403, 403, 403, 403, 403, 403, 403, 403, 403, 403, 403, 403, 403, 403, 403, 403, 403, 403, 403, 403, 403, 403, 403, 403, 403, 403, 403, 403, 403, 403, 403, 403, 403, 403, 403, 403, 403, 403, 403, 403, 403, 403, 403, 403, 403, 403, 403, 403, 403, 403, 403, 403, 403, 403, 403, 403, 403, 403, 403, 403, 403, 403, 403, 403, 403, 403, 403, 403, 403, 403, 403, 403, 403, 403, 403, 403, 403, 403, 403, 403, 403, 403, 403, 403, 403, 403, 403, 403, 403, 403, 403, 403, 403, 403, 403, 403, 403, 403, 403, 403, 403, 403, 403, 403, 403, 403, 403, 403, 403, 403, 403, 403, 403, 403, 403, 403, 403, 403, 403, 403, 403, 403, 403, 403, 403, 403, 403, 403, 403, 403, 403, 403, 403, 403, 403, 403, 403, 403, 403, 403, 403, 403, 403, 403, 403, 403, 403, 403, 403, 403, 403, 403, 403, 403, 403, 403, 403, 403, 403, 403, 403, 403, 403, 403, 403, 403, 403, 403, 403, 403, 403, 403, 403, 403, 403, 403, 403, 403, 403, 403, 403, 403, 403, 403, 403, 403, 403, 403, 403, 403, 403, 403, 403, 403, 403, 403, 403, 403, 403, 403, 403, 403, 403, 403, 403, 403, 403, 403, 403, 403, 403, 403, 403, 403, 403, 403, 403, 403, 403, 403, 403, 403, 403, 403, 403, 403, 403, 403, 403, 403, 403, 403, 403, 403, 403, 403, 403, 403, 403, 403, 403, 403, 403, 403, 403, 403, 403, 403, 403, 403, 403, 403, 403, 403, 403, 403, 403, 403, 403, 403, 403, 403, 403, 403, 403, 403, 403, 403, 403, 403, 403, 403, 403, 403, 403, 403, 403, 403, 403, 403, 403, 403, 403, 403, 403, 403, 403, 403, 403, 403, 403, 403, 403, 403, 403, 403, 403, 403, 403, 403, 403, 403, 403, 403, 403, 403, 403, 403, 403, 403, 403, 403, 403, 403, 403, 403, 403, 403, 403, 403, 403, 403, 403, 403, 403, 403, 403, 403, 403, 403, 403, 403, 403, 403, 403, 403, 403, 403, 403, 403, 403, 403]

ep211
Train step Loss: [0.8377396464347839, 0.774055004119873, 0.6951853036880493, 0.35340309143066406, 1.1351910829544067, 0.9061362147331238, 0.8619269728660583, 1.1571110486984253, 1.0940669775009155, 0.6078916788101196, 0.6804617643356323, 0.9914118647575378, 0.6828270554542542, 0.5249776840209961, 1.3081873655319214, 0.6504114270210266, 0.47261324524879456, 1.3214380741119385, 0.8741543292999268, 0.8799901604652405, 1.3432257175445557, 0.6728722453117371, 1.0287724733352661, 1.3728114366531372, 1.232904076576233, 1.8563874959945679, 1.5306845903396606, 0.9516905546188354, 1.6515125036239624, 1.519757628440857, 1.33442223072052, 1.342697024345398, 2.0135226249694824, 1.1869316101074219, 1.7987440824508667, 1.6951392889022827, 1.0298454761505127, 1.1089959144592285, 1.3574190139770508, 1.379859209060669, 1.6426903009414673, 1.2643539905548096, 1.0018160343170166, 0.7294164299964905, 0.8705218434333801, 0.9069017767906189, 1.4739305973052979, 0.4919224679470062, 0.6049463152885437, 1.4168992042541504, 0.4440758228302002, 0.8303346037864685, 0.8096463084220886, 0.9939883351325989, 1.5617527961730957, 1.09736967086792, 1.4592758417129517, 1.2830711603164673, 1.1296993494033813, 1.0661169290542603, 1.1386080980300903, 1.9346879720687866, 0.7827903032302856]
val step Loss: [1.9082996845245361, 0.9616361856460571, 1.062154769897461, 1.292949914932251, 1.3034366369247437, 1.1765589714050293, 1.6902720928192139, 1.5203951597213745, 1.331440806388855, 1.0611270666122437, 1.146626591682434, 1.0503636598587036, 1.9812390804290771, 1.5577799081802368, 1.528244972229004, 2.145052194595337]
Train step Accs: [0.8355586788475052, 0.8270740867190167, 0.8495235167537658, 0.9393150410574804, 0.7437374028217679, 0.8128286014721346, 0.822106771766392, 0.7180873180873181, 0.7504553734061931, 0.88076026537565, 0.8813172481252037, 0.8415068725606651, 0.8651911468812877, 0.9026713605301304, 0.7078211295207554, 0.8685004436557232, 0.9155639571518589, 0.7044686443860307, 0.8333681353100856, 0.8154265554842848, 0.72, 0.8680017226528854, 0.7996457041629761, 0.7199436443331246, 0.7615560640732265, 0.6177726038028716, 0.663552787663108, 0.8136693984846142, 0.6593954502960424, 0.66528, 0.6962676962676962, 0.7242188910962615, 0.5843688096524401, 0.7510066033177646, 0.6230231702831923, 0.6089850249584027, 0.7868852459016393, 0.7676130389064143, 0.7086438152011922, 0.6894125923320437, 0.6508233532934131, 0.7211480964719952, 0.7801056038153636, 0.8595260663507109, 0.8236263736263736, 0.8185531914893617, 0.7456492637215528, 0.9097184377838329, 0.8792447306791569, 0.7106809540269616, 0.9256505576208178, 0.8329177057356608, 0.8353909465020576, 0.7823263137177721, 0.6718009478672986, 0.764494704720876, 0.6963002873563219, 0.7484615384615385, 0.7545977011494253, 0.7659811006114509, 0.7898133612419327, 0.6045245077503142, 0.838671760211578]
val step Accs: [0.6609283738087919, 0.8295742524075013, 0.7827710176991151, 0.7384545728946574, 0.786029706945002, 0.7783076713448699, 0.6616838245663517, 0.6922110552763819, 0.7467625899280576, 0.8096028780960288, 0.7834453268173488, 0.8091226381032616, 0.5927612950880217, 0.6822389972938327, 0.7565020281555714, 0.5650986980260395]
Preds: [17, 17, 287, 287, 284, 319, 319, 319, 413, 293, 43, 43, 43, 153, 153, 153, 153, 138, 138, 297, 182, 182, 182, 182, 182, 293, 293, 497, 98, 98, 197, 197, 197, 197, 226, 209, 287, 287, 111, 111, 111, 111, 438, 388, 10, 10, 479, 479, 398, 398, 324, 301, 301, 378, 132, 53, 250, 70, 70, 138, 138, 138, 138, 138, 346, 426, 426, 426, 426, 426, 426, 426, 450, 450, 413, 203, 250, 250, 276, 440, 138, 138, 138, 138, 138, 182, 182, 98, 98, 335, 14, 14, 287, 287, 111, 111, 438, 438, 251, 251, 251, 241, 241, 431, 428, 428, 428, 428, 146, 146, 146, 252, 271, 186, 162, 54, 54, 482, 482, 482, 142, 397, 273, 487, 109, 290, 290, 290, 464, 464, 464, 464, 37, 314, 314, 32, 32, 239, 420, 420, 324, 340, 116, 116, 10, 10, 10, 250, 479, 331, 331, 284, 307, 307, 151, 499, 282, 240, 240, 388, 76, 36, 342, 342, 68, 172, 172, 267, 267, 267, 444, 213, 213, 246, 246, 246, 246, 339, 310, 354, 354, 354, 354, 420, 41, 324, 324, 143, 259, 401, 401, 401, 224, 68, 224, 267, 273, 486, 486, 486, 460, 460, 460, 460, 460, 460, 35, 458, 35, 244, 244, 224, 224, 68, 224, 224, 267, 464, 464, 464, 464, 464, 486, 486, 284, 265, 85, 85, 85, 85, 85, 146, 240, 239, 239, 401, 354, 74, 106, 106, 284, 387, 206, 167, 35, 35, 35, 224, 68, 224, 267, 273, 486, 284, 486, 376, 460, 460, 460, 263, 229, 170, 244, 170, 392, 392, 392, 392, 392, 435, 435, 435, 435, 2, 2, 2, 2, 2, 2, 2, 2, 2, 73, 73, 73, 73, 73, 244, 244, 320, 66, 115, 273, 273, 397, 7, 7, 153, 153, 153, 153, 153, 387, 387, 387, 387, 348, 348, 241, 81, 81, 324, 324, 324, 464, 464, 486, 315, 319, 319, 319, 319, 413, 348, 466, 466, 466, 250, 250, 250, 473, 337, 41, 324, 324, 324, 454, 301, 76, 401, 401, 354, 354, 284, 284, 284, 319, 319, 240, 35, 285, 239, 75, 342, 75, 354, 66, 115, 115, 115, 115, 115, 115, 267, 267, 371, 444, 213, 246, 246, 246, 246, 246, 246, 246, 246, 246, 246, 19, 229, 414, 414, 414, 414, 414, 244, 244, 201, 47, 47, 47, 80, 80, 47, 47, 20, 47, 47, 80, 80, 320, 320, 320, 320, 320, 287, 240, 111, 240, 77, 35, 77, 35, 342, 342, 224, 168, 464, 257, 31, 31, 342, 232, 9, 482, 115, 267, 267, 273, 284, 284, 153, 182, 182, 182, 182, 98, 98, 98, 98, 197, 197, 197, 287, 80, 80, 20, 20, 7, 7, 7, 7, 324, 374, 360, 213, 360, 246, 246, 246, 246, 3, 197, 197, 145, 188, 324, 324, 422, 338, 338, 338, 338, 338, 338, 338, 400, 213, 286, 286, 278, 278, 139, 250, 8, 354, 354, 354, 100, 100, 98, 98, 98, 98, 98, 414, 414, 414, 414, 414, 414, 244, 392, 392, 47, 435, 435, 47, 2, 73, 47, 47, 73, 2, 73, 2, 2, 73, 244, 320, 287, 287, 320, 287, 287, 240, 111, 111, 240, 35, 35, 35, 342, 68, 68, 224, 273, 267, 267, 213, 246, 246, 246, 246, 246, 246, 301, 301, 43, 43, 276, 276, 276, 276, 346, 346, 428, 146, 146, 146, 146, 146, 314, 385, 36, 35, 342, 75, 108, 371, 324, 324, 445, 445, 445, 473, 473, 473, 278, 197, 445, 445, 445, 196, 309, 473, 278, 278, 251, 251, 251, 241, 431, 374, 374, 132, 132, 132, 132, 132]

ep212
Train step Loss: [1.444591999053955, 0.8921181559562683, 1.6227210760116577, 1.4520279169082642, 1.3699768781661987, 1.2010384798049927, 1.08205246925354, 0.8259669542312622, 1.4456886053085327, 1.4826217889785767, 0.5493664741516113, 0.648880124092102, 1.7623181343078613, 0.9803069233894348, 0.2514536380767822, 1.131804347038269, 1.018005609512329, 1.3518164157867432, 0.5187422633171082, 1.056677222251892, 0.9786133766174316, 1.3543418645858765, 1.0779335498809814, 1.194077491760254, 1.1837486028671265, 0.3975830078125, 0.4259548783302307, 0.8583232760429382, 1.0190377235412598, 0.9071915149688721, 1.684362530708313, 0.8056511878967285, 0.6773332357406616, 1.7677764892578125, 1.194790244102478, 0.47887659072875977, 0.853435218334198, 0.9649519324302673, 0.4336642920970917, 0.33209744095802307, 1.431427240371704, 1.4014948606491089, 0.8979488611221313, 1.0564943552017212, 0.7974448800086975, 0.9797698855400085, 0.6463564038276672, 0.6836854815483093, 0.6880688071250916, 1.228090763092041, 0.8553905487060547, 1.0105311870574951, 1.138496994972229, 1.5077259540557861, 2.1381895542144775, 1.2270838022232056, 0.9283627867698669, 0.8351902365684509, 0.8753249645233154, 1.5327192544937134, 1.1584223508834839, 1.0733940601348877, 1.0452054738998413]
val step Loss: [1.1398311853408813, 1.1350758075714111, 1.6055333614349365, 0.9448380470275879, 1.5643973350524902, 0.5757108926773071, 1.1508238315582275, 2.060675859451294, 1.105843186378479, 1.0453733205795288, 1.468300700187683, 0.33832406997680664, 1.2603321075439453, 1.2193180322647095, 1.2186752557754517, 1.8948554992675781]
Train step Accs: [0.7213479302086897, 0.8153557271020238, 0.686940122583687, 0.7013609650479431, 0.7303206997084548, 0.7695834163842934, 0.7618511971717821, 0.840288035450517, 0.7474894719792678, 0.7621167161226509, 0.8987678987678988, 0.8763986916853159, 0.6789097235646627, 0.8132055378061768, 0.975033352391843, 0.7693444136657434, 0.8035166632590472, 0.7075547037214502, 0.9057430951337133, 0.7889121737473804, 0.8183673469387756, 0.7592264540891644, 0.7708333333333334, 0.7837467660934408, 0.7879825061798821, 0.9446972348617431, 0.9309833024118739, 0.8420626349892009, 0.7951395862623016, 0.7936973250274826, 0.6744613328879239, 0.8483930674743395, 0.872436295835923, 0.6688193409504885, 0.749430894308943, 0.9176314291136838, 0.8395892351274787, 0.8132160392798691, 0.9305975794251135, 0.9539916348426987, 0.732726825670027, 0.700223297357648, 0.8230043785786461, 0.771255060728745, 0.8413902611150318, 0.8202174265779653, 0.8865467009425878, 0.8766859344894027, 0.8675985245583382, 0.7299642674834099, 0.8449186562433975, 0.8058167885754093, 0.7472452958128496, 0.726327227569078, 0.578691184424013, 0.7851013328464488, 0.8186157517899761, 0.8286362776621903, 0.8304009819967266, 0.717687074829932, 0.7753737906772208, 0.7810369430791184, 0.8377767736104835]
val step Accs: [0.7805013927576602, 0.7765752409191994, 0.6896210407239819, 0.8249798981506299, 0.7068849818816266, 0.8926606735542735, 0.8239779972496563, 0.6018024879411018, 0.7713931376601901, 0.7939408228221149, 0.735958075786079, 0.9533633590004359, 0.7596956308296514, 0.7823864466189572, 0.7888606838883082, 0.6081049965461662]
Preds: [17, 309, 479, 199, 199, 360, 360, 360, 252, 143, 35, 35, 196, 70, 65, 65, 46, 46, 46, 460, 460, 178, 35, 77, 342, 342, 342, 115, 273, 273, 486, 486, 486, 460, 460, 178, 178, 35, 183, 192, 445, 451, 213, 213, 213, 213, 246, 19, 19, 19, 19, 454, 454, 454, 414, 414, 414, 414, 442, 102, 187, 187, 187, 187, 12, 12, 12, 12, 12, 12, 260, 260, 260, 391, 391, 391, 73, 73, 289, 321, 320, 287, 287, 287, 287, 287, 284, 284, 284, 111, 111, 111, 111, 438, 438, 438, 313, 313, 250, 250, 250, 134, 378, 378, 88, 88, 109, 106, 284, 284, 284, 284, 206, 206, 206, 169, 167, 35, 35, 259, 127, 127, 114, 114, 114, 264, 264, 264, 264, 264, 264, 264, 264, 264, 264, 264, 264, 264, 264, 264, 264, 264, 468, 468, 468, 406, 406, 467, 337, 288, 288, 290, 290, 290, 330, 330, 388, 116, 250, 250, 70, 65, 65, 426, 426, 426, 426, 319, 319, 299, 348, 348, 10, 479, 331, 331, 486, 486, 486, 460, 169, 150, 150, 150, 342, 342, 342, 224, 224, 257, 257, 257, 257, 31, 31, 31, 162, 482, 482, 482, 323, 483, 395, 273, 273, 106, 106, 106, 109, 106, 355, 355, 355, 169, 169, 169, 150, 150, 39, 86, 433, 238, 142, 397, 397, 397, 397, 494, 494, 236, 36, 36, 164, 108, 115, 115, 273, 470, 403, 403, 403, 171, 171, 252, 252, 34, 34, 470, 403, 403, 171, 171, 171, 171, 171, 246, 246, 358, 252, 143, 143, 196, 196, 196, 309, 473, 473, 429, 429, 429, 434, 434, 434, 246, 19, 19, 19, 454, 454, 454, 454, 229, 229, 414, 414, 126, 126, 126, 292, 292, 292, 292, 292, 21, 408, 408, 408, 408, 408, 408, 408, 391, 244, 289, 66, 66, 66, 66, 68, 172, 115, 267, 267, 267, 267, 464, 464, 464, 464, 443, 443, 443, 240, 240, 240, 240, 325, 34, 324, 324, 324, 324, 301, 301, 422, 349, 349, 261, 25, 25, 420, 420, 324, 324, 99, 99, 99, 338, 338, 338, 338, 338, 338, 400, 400, 400, 213, 213, 213, 213, 246, 246, 246, 246, 246, 246, 3, 3, 14, 440, 440, 145, 145, 486, 460, 460, 169, 215, 35, 35, 441, 100, 100, 153, 387, 387, 122, 99, 99, 99, 107, 395, 395, 395, 134, 139, 139, 496, 497, 497, 43, 8, 8, 354, 473, 473, 109, 288, 290, 290, 290, 171, 434, 434, 434, 339, 339, 339, 398, 398, 398, 246, 246, 246, 246, 246, 246, 286, 464, 464, 264, 282, 282, 282, 282, 282, 263, 263, 263, 13, 414, 414, 414, 414, 414, 312, 312, 187, 187, 187, 23, 23, 23, 23, 23, 23, 23, 149, 149, 149, 320, 320, 7, 7, 251, 251, 241, 241, 470, 403, 403, 403, 403, 290, 290, 290, 290, 360, 434, 434, 434, 360, 360, 434, 434, 434, 434, 434, 339, 339, 10, 10, 309, 309, 479, 331, 331, 331, 331, 284, 426, 426, 426, 426, 426, 426, 282, 282, 282, 355, 355, 355, 452, 263, 263, 13, 13, 414, 414, 414, 414, 170, 170, 244, 249, 249, 244, 2, 2, 2, 2, 244, 2, 2, 73, 73, 73, 73, 244, 321, 321, 287, 287, 287, 287, 284, 284, 284, 206, 206, 206, 169, 150, 150, 54, 54, 54, 54, 482, 482, 482, 238, 395, 273, 273, 106, 106, 153, 153, 424, 182, 182, 182, 182, 182, 182, 387, 387, 387, 387, 293, 293, 293, 122, 122, 36, 36, 108, 108, 108, 449, 371, 444, 444, 278, 301, 301, 301, 8, 364]

ep213
Train step Loss: [0.6382924914360046, 0.4488999545574188, 0.9663349986076355, 0.7735459804534912, 0.9882555603981018, 0.7861597537994385, 0.8022385835647583, 0.7830414175987244, 0.8868353366851807, 0.7628495693206787, 1.282550573348999, 1.4646246433258057, 1.1299957036972046, 1.5414983034133911, 1.177504301071167, 0.9410625100135803, 1.3166608810424805, 1.1275421380996704, 1.0176050662994385, 1.2382049560546875, 1.1471110582351685, 1.242268443107605, 1.5153608322143555, 1.5254569053649902, 0.9355988502502441, 1.1773357391357422, 1.4420067071914673, 1.2329018115997314, 0.7451183795928955, 0.6748630404472351, 1.0319104194641113, 1.1781175136566162, 1.0984618663787842, 0.27925318479537964, 0.8042711615562439, 0.8063911199569702, 1.324057936668396, 1.088564157485962, 1.1150164604187012, 0.7456894516944885, 0.8228136301040649, 0.9508843421936035, 0.8166319727897644, 0.9887790083885193, 1.1690218448638916, 0.48732614517211914, 1.1679500341415405, 0.6309531331062317, 1.0881239175796509, 1.1098830699920654, 0.8557639718055725, 0.584753155708313, 0.539516270160675, 1.0570443868637085, 1.028056025505066, 0.6845834255218506, 1.3206309080123901, 1.4590857028961182, 1.132598876953125, 1.6911566257476807, 0.9700331687927246, 1.1347736120224, 1.0718680620193481]
val step Loss: [0.5486225485801697, 1.0656636953353882, 1.3214573860168457, 1.1279041767120361, 1.4200786352157593, 0.758844792842865, 0.9672213196754456, 0.9168830513954163, 1.0866414308547974, 1.553864598274231, 1.0124024152755737, 1.2352471351623535, 0.9450833201408386, 2.062704563140869, 0.49955320358276367, 0.9664132595062256]
Train step Accs: [0.8727611940298508, 0.9209131675499389, 0.8124282982791587, 0.845716526171339, 0.8226781461806192, 0.8524437836833302, 0.8660339478006935, 0.868352547415396, 0.8455030347618172, 0.8781783681214421, 0.7959145775301765, 0.7597911227154047, 0.768, 0.7119704749679076, 0.7996985114000377, 0.8334462893934259, 0.714311825991592, 0.7638181105448844, 0.8112903225806452, 0.7366386554621849, 0.7701166616811247, 0.7338037203335471, 0.7030844623810897, 0.692722371967655, 0.8256435974590438, 0.7663712988977739, 0.688923665449487, 0.7504749841671944, 0.8697522367515486, 0.8760165975103734, 0.7821434275674812, 0.7648389904264578, 0.7943114253575446, 0.9633006610439936, 0.8363607644921813, 0.8398810787853047, 0.7659825033647375, 0.7985134058932838, 0.7742203742203743, 0.862238398544131, 0.8468048359240069, 0.8383475527615626, 0.8482213438735178, 0.7965634624736586, 0.7697462900909526, 0.9047782743210725, 0.7478160540629636, 0.9092453631601303, 0.8172377985462098, 0.7911200807265388, 0.8160708829819737, 0.888688435865055, 0.8940340297221624, 0.8087729937335759, 0.7979143624585242, 0.8652418040210107, 0.738006230529595, 0.7, 0.768773466833542, 0.6405217391304348, 0.7903469079939668, 0.7717557251908397, 0.7786206896551724]
val step Accs: [0.9018028385116993, 0.7942048517520216, 0.7538148524923703, 0.7661756970015782, 0.7152248225085459, 0.8709228824273072, 0.8062386746052291, 0.8491564197883901, 0.7828646173969915, 0.7204592363261094, 0.8035743835843124, 0.7877991423433394, 0.821577882670263, 0.5721209029460528, 0.911339889366933, 0.8242669362992923]
Preds: [17, 17, 437, 284, 284, 284, 426, 426, 426, 426, 426, 319, 413, 413, 348, 250, 250, 250, 276, 276, 346, 346, 346, 346, 428, 146, 146, 422, 422, 31, 162, 232, 232, 232, 172, 172, 115, 115, 273, 273, 273, 151, 460, 460, 215, 35, 233, 375, 375, 375, 497, 186, 186, 323, 323, 323, 323, 323, 142, 397, 494, 494, 109, 498, 467, 313, 37, 385, 385, 183, 3, 3, 3, 464, 464, 110, 443, 443, 169, 169, 169, 150, 150, 150, 482, 482, 482, 482, 482, 115, 115, 267, 267, 267, 267, 213, 213, 246, 246, 246, 246, 246, 246, 3, 301, 143, 259, 259, 354, 106, 499, 284, 265, 306, 306, 85, 468, 406, 406, 467, 467, 467, 315, 315, 315, 450, 450, 203, 203, 53, 381, 224, 167, 225, 225, 197, 197, 320, 320, 127, 114, 114, 114, 403, 403, 403, 403, 207, 207, 301, 301, 378, 133, 8, 276, 346, 346, 346, 284, 284, 284, 426, 426, 450, 450, 413, 413, 348, 250, 364, 276, 276, 276, 138, 138, 138, 138, 182, 182, 426, 426, 426, 413, 413, 282, 282, 303, 303, 303, 303, 303, 303, 303, 303, 303, 303, 303, 479, 331, 331, 499, 106, 284, 284, 481, 481, 481, 481, 426, 426, 375, 98, 263, 263, 13, 13, 78, 170, 170, 170, 170, 28, 28, 28, 12, 12, 12, 12, 244, 12, 12, 12, 12, 12, 12, 12, 12, 260, 260, 260, 63, 63, 63, 63, 244, 63, 63, 244, 63, 63, 63, 73, 244, 73, 73, 244, 321, 320, 7, 7, 7, 479, 398, 398, 398, 360, 360, 360, 360, 434, 246, 246, 246, 246, 246, 246, 246, 246, 246, 324, 301, 301, 143, 259, 259, 354, 106, 284, 284, 284, 284, 426, 450, 450, 413, 175, 293, 497, 497, 497, 98, 197, 7, 32, 473, 473, 398, 398, 464, 464, 464, 464, 374, 374, 116, 116, 250, 250, 250, 153, 153, 153, 153, 153, 153, 182, 182, 387, 497, 497, 122, 122, 122, 143, 310, 310, 107, 107, 107, 395, 395, 395, 106, 106, 153, 424, 424, 182, 293, 293, 497, 497, 98, 35, 229, 229, 229, 170, 247, 312, 126, 126, 23, 23, 101, 155, 155, 320, 441, 148, 148, 153, 153, 182, 387, 387, 413, 122, 122, 250, 76, 465, 259, 208, 441, 441, 441, 346, 151, 169, 150, 150, 162, 54, 172, 172, 115, 273, 273, 494, 278, 278, 325, 286, 464, 464, 464, 264, 264, 264, 120, 120, 120, 282, 282, 271, 271, 271, 77, 77, 342, 433, 433, 115, 224, 267, 267, 267, 213, 213, 246, 246, 246, 246, 19, 197, 197, 226, 440, 440, 440, 151, 151, 446, 322, 67, 416, 32, 239, 259, 354, 354, 398, 464, 171, 403, 171, 171, 464, 464, 464, 464, 139, 139, 139, 293, 497, 497, 497, 122, 122, 310, 310, 107, 107, 395, 395, 395, 106, 153, 424, 424, 424, 424, 497, 497, 497, 497, 497, 122, 122, 42, 147, 380, 288, 288, 337, 337, 324, 19, 403, 403, 403, 403, 403, 403, 403, 403, 403, 403, 403, 403, 403, 403, 403, 403, 403, 403, 403, 403, 403, 403, 403, 403, 403, 403, 403, 403, 403, 403, 403, 403, 403, 403, 403, 403, 403, 403, 403, 403, 403, 403, 403, 403, 403, 403, 403, 403, 403, 403, 403, 403, 403, 403, 403, 403, 403, 403, 403, 403, 403, 403, 403, 403, 403, 403, 403, 403, 403, 403, 403, 403, 403, 403, 403, 403, 403, 403, 403, 403, 403, 403, 403, 403, 403, 403, 403, 403, 403, 403, 403, 403, 403, 403, 403, 403, 403, 403, 403, 403]

ep214
Train step Loss: [0.9123639464378357, 0.6936033368110657, 1.0518630743026733, 1.163158655166626, 0.8271811008453369, 0.5867058038711548, 0.8732893466949463, 0.6142364740371704, 0.8177017569541931, 0.3640330731868744, 0.680940568447113, 1.2319326400756836, 1.1593562364578247, 0.5487476587295532, 0.6785367131233215, 0.870607316493988, 1.1727076768875122, 1.4061256647109985, 0.7138250470161438, 0.7408531904220581, 0.9695647358894348, 0.7827645540237427, 0.7932538986206055, 1.5566496849060059, 0.71480792760849, 1.4923434257507324, 0.4246387779712677, 1.470103144645691, 0.616813600063324, 0.8260608911514282, 1.4133930206298828, 0.194785475730896, 0.23426134884357452, 1.3626604080200195, 1.273208737373352, 0.9279834628105164, 0.678613007068634, 0.8213543891906738, 0.43828532099723816, 1.1712565422058105, 0.6362692713737488, 1.0563817024230957, 0.6759735345840454, 0.8259149193763733, 1.5955355167388916, 0.8124573230743408, 0.5266276597976685, 1.2112241983413696, 1.0241806507110596, 0.23993371427059174, 0.7214953899383545, 0.7764464616775513, 0.2598692774772644, 0.5832503437995911, 0.9518985152244568, 0.842573881149292, 0.8788496851921082, 0.9896150827407837, 0.7046674489974976, 0.9096953868865967, 0.6428000330924988, 0.8434502482414246, 1.0358633995056152]
val step Loss: [0.9296308159828186, 1.2226933240890503, 1.3714888095855713, 0.4723365604877472, 1.882411003112793, 1.425686240196228, 1.3619235754013062, 1.0043354034423828, 0.325602650642395, 0.8181889653205872, 0.6980876326560974, 0.860007643699646, 1.3207019567489624, 1.5240238904953003, 0.6340028643608093, 1.3252053260803223]
Train step Accs: [0.807161629434954, 0.8544067268763625, 0.8095742801625154, 0.7562866000688943, 0.839303158580267, 0.8901335631193451, 0.8234795866508555, 0.8759980446472218, 0.819737079056366, 0.9404446257393433, 0.8647798742138365, 0.7452039485937791, 0.7684972629348402, 0.9033383915022761, 0.8887841658812441, 0.8226898444647759, 0.7502988643156007, 0.7026329375322664, 0.8435764199964164, 0.8561275451402228, 0.8036573628488932, 0.8451843043995244, 0.8294947994056464, 0.7020112630732099, 0.8601456471367097, 0.69482421875, 0.9230283911671924, 0.6936117059243397, 0.878692927484333, 0.8391671154191348, 0.696119307248236, 0.9814660210385707, 0.9714285714285714, 0.7128712871287128, 0.7482504255721582, 0.8169014084507042, 0.8559273964832672, 0.8303628262253342, 0.9236757488576748, 0.7684552289815447, 0.8678958051420839, 0.7810732303929063, 0.8821230869423641, 0.8337129840546698, 0.650191648174299, 0.8240151384827111, 0.9121108580106302, 0.8050180735700616, 0.8261682242990654, 0.969250687813562, 0.8717493135196253, 0.8273273273273273, 0.9639308060360692, 0.9031728665207878, 0.7887669887014901, 0.8195502694666419, 0.825446898002103, 0.7959051023724407, 0.8666666666666667, 0.8280871670702179, 0.8653462050599201, 0.827297507788162, 0.7529182879377432]
val step Accs: [0.8209430141741394, 0.7543218552354182, 0.7281929517620594, 0.9211427066877304, 0.6261410239449663, 0.7151801686685407, 0.734750098386462, 0.7951825254338719, 0.95045742434905, 0.8521804323378733, 0.8680351906158358, 0.8353072314337467, 0.7398674680228078, 0.7127673707984589, 0.8685809784260103, 0.7735163504238999]
Preds: [17, 196, 217, 217, 217, 217, 217, 473, 473, 65, 264, 264, 264, 264, 264, 264, 264, 264, 264, 264, 468, 468, 468, 467, 337, 337, 337, 324, 328, 3, 454, 197, 197, 197, 259, 354, 345, 109, 109, 109, 285, 288, 285, 313, 313, 337, 337, 337, 360, 360, 360, 360, 434, 434, 434, 200, 200, 398, 398, 324, 434, 434, 339, 339, 33, 33, 250, 250, 250, 250, 345, 153, 100, 424, 424, 424, 424, 182, 497, 497, 497, 122, 43, 75, 208, 208, 106, 481, 481, 481, 481, 426, 426, 306, 306, 372, 396, 396, 396, 313, 313, 406, 406, 495, 380, 134, 84, 84, 84, 375, 375, 375, 375, 375, 375, 98, 98, 98, 48, 48, 48, 48, 414, 414, 170, 170, 170, 170, 170, 170, 187, 187, 187, 12, 12, 12, 12, 12, 12, 12, 408, 408, 408, 391, 391, 321, 75, 66, 66, 66, 232, 172, 172, 172, 115, 267, 267, 267, 444, 374, 374, 374, 374, 139, 139, 293, 293, 497, 349, 349, 349, 349, 234, 234, 234, 261, 261, 25, 25, 30, 324, 324, 324, 464, 464, 464, 464, 180, 486, 486, 486, 486, 315, 315, 315, 315, 282, 282, 282, 388, 203, 53, 466, 466, 251, 448, 448, 448, 448, 324, 464, 464, 464, 464, 464, 315, 315, 315, 315, 315, 480, 480, 480, 480, 480, 282, 282, 282, 85, 299, 313, 334, 382, 406, 406, 406, 406, 406, 406, 380, 467, 467, 499, 302, 100, 375, 98, 375, 98, 98, 98, 13, 13, 414, 414, 414, 414, 414, 414, 414, 170, 187, 187, 187, 187, 187, 187, 391, 391, 244, 244, 244, 320, 320, 320, 83, 81, 380, 374, 337, 337, 313, 313, 24, 24, 310, 310, 107, 107, 395, 395, 485, 286, 464, 139, 139, 139, 139, 496, 216, 216, 81, 81, 81, 139, 139, 139, 240, 240, 186, 99, 107, 107, 107, 400, 400, 152, 422, 143, 143, 458, 144, 144, 27, 27, 27, 437, 437, 284, 284, 405, 405, 405, 206, 460, 460, 215, 35, 35, 35, 35, 441, 437, 100, 100, 426, 426, 375, 375, 98, 98, 98, 263, 263, 13, 13, 13, 414, 170, 170, 237, 237, 28, 244, 2, 2, 12, 2, 12, 12, 63, 63, 408, 408, 63, 391, 73, 73, 244, 321, 321, 412, 287, 287, 287, 486, 486, 460, 460, 460, 150, 150, 342, 342, 342, 342, 224, 224, 196, 116, 94, 479, 199, 464, 464, 443, 443, 258, 31, 31, 342, 232, 172, 172, 115, 273, 273, 151, 151, 486, 460, 240, 240, 35, 310, 310, 107, 395, 395, 395, 487, 494, 116, 285, 81, 302, 302, 302, 497, 497, 497, 497, 458, 208, 208, 441, 100, 153, 153, 387, 387, 387, 387, 372, 372, 406, 467, 467, 467, 467, 337, 41, 41, 41, 19, 19, 19, 19, 454, 454, 454, 454, 414, 414, 414, 102, 102, 47, 47, 170, 47, 392, 392, 392, 392, 392, 73, 244, 320, 320, 7, 7, 7, 217, 217, 217, 217, 473, 65, 65, 264, 264, 264, 264, 264, 264, 264, 264, 264, 264, 468, 468, 468, 468, 468, 467, 337, 337, 41, 41, 41, 19, 19, 19, 19, 454, 17, 403, 403, 403, 403, 403, 403, 403, 403, 403, 403, 403, 403, 403, 403, 403, 403, 403, 403, 403, 403, 403, 403, 403, 403, 403, 403, 403, 403, 403, 403, 403, 403, 403, 403, 403, 403, 403, 403, 403, 403, 403, 403, 403, 403, 403, 403, 403, 403, 403, 403, 403, 403, 403, 403, 403, 403, 403, 403, 403, 403, 403, 403, 403, 403, 403, 403, 403, 403, 403, 403, 403, 403, 403]

ep215
Train step Loss: [1.068149447441101, 0.7759719491004944, 0.8028252720832825, 1.1282308101654053, 0.4439733028411865, 0.56371009349823, 0.7385627627372742, 1.035036563873291, 0.9358435273170471, 0.7230435609817505, 1.1164216995239258, 1.7479935884475708, 1.2425637245178223, 1.1647535562515259, 1.3700827360153198, 0.9789300560951233, 1.772003173828125, 0.9502448439598083, 0.7345188856124878, 0.3774905204772949, 0.8758770227432251, 0.7321871519088745, 0.8639808893203735, 1.3786916732788086, 0.48222509026527405, 0.9254224300384521, 0.8500388860702515, 0.9150784015655518, 0.13895070552825928, 0.8290872573852539, 0.8665722012519836, 0.72660231590271, 0.7610596418380737, 0.8380945324897766, 0.40374642610549927, 0.5221703052520752, 0.3684023916721344, 0.3817804753780365, 0.630031168460846, 0.8021494150161743, 1.049251914024353, 1.2330466508865356, 1.578198790550232, 0.5474358797073364, 0.5078749656677246, 0.6884143352508545, 0.9402531385421753, 0.5707476735115051, 0.6007704734802246, 1.034104824066162, 1.0668909549713135, 0.5715010166168213, 0.7248892784118652, 0.6193560361862183, 0.7977914810180664, 1.2311773300170898, 0.6296402215957642, 0.6261243224143982, 0.7519389390945435, 0.5626993179321289, 0.9516209363937378, 0.605298638343811, 1.0913145542144775]
val step Loss: [1.3628871440887451, 1.543919324874878, 1.0125656127929688, 1.0501610040664673, 0.6141782402992249, 0.8577349781990051, 0.6348013281822205, 0.5683467984199524, 1.0187325477600098, 0.7599320411682129, 1.3647074699401855, 0.8454928994178772, 1.3246591091156006, 1.2013404369354248, 1.1086289882659912, 1.42848539352417]
Train step Accs: [0.7905218513737784, 0.8541258436751579, 0.8276046304541407, 0.7452271231073074, 0.925105663567202, 0.8934271494765745, 0.8588033536585366, 0.7782340862422998, 0.8059574468085107, 0.8472405349406668, 0.7617596648257475, 0.7182888409882275, 0.7359336099585062, 0.7687647256815887, 0.7380471380471381, 0.8063433461990267, 0.6544991511035654, 0.8088940560964976, 0.8531356441594871, 0.9395836594146189, 0.8323894282632147, 0.8560326403730328, 0.8186793141189347, 0.6768305776250805, 0.9093755435727953, 0.8016418903927224, 0.818107500510934, 0.8127176381529144, 0.9921710903188848, 0.829851345922057, 0.822900466562986, 0.8641794173129324, 0.8471411901983664, 0.8283898305084746, 0.9216319935366593, 0.9037020213490802, 0.9360613810741688, 0.9343453510436432, 0.8737942122186495, 0.823931883837616, 0.7986172664421202, 0.7615273775216138, 0.6684948202315661, 0.893705710712797, 0.8999831904521768, 0.857487922705314, 0.7950887672142027, 0.8763765541740675, 0.8769953051643192, 0.7969151670951157, 0.7773670158143355, 0.9027955158223357, 0.8780844452568086, 0.8709821428571428, 0.8382838283828383, 0.781939551270165, 0.8611441181463249, 0.874571517606731, 0.8638102524866106, 0.8828183310941932, 0.7979918311776719, 0.873422159887798, 0.7597949469058953]
val step Accs: [0.7345618230412153, 0.6874290757785904, 0.8162315843887309, 0.7925379253792538, 0.8751094251531952, 0.8217937103662483, 0.9042112776588151, 0.8984917043740573, 0.8052005288673424, 0.8681090693538827, 0.7179585571757483, 0.8248947684906794, 0.7506527415143603, 0.7446162740280388, 0.7681318681318682, 0.7561242344706912]
Preds: [17, 451, 360, 360, 360, 301, 143, 17, 321, 321, 320, 7, 196, 70, 473, 109, 278, 360, 360, 434, 434, 434, 19, 19, 454, 454, 454, 408, 149, 82, 82, 66, 66, 66, 68, 68, 68, 115, 115, 267, 267, 470, 139, 139, 139, 443, 443, 443, 443, 85, 146, 240, 240, 240, 216, 34, 34, 324, 324, 324, 301, 349, 349, 261, 25, 25, 183, 30, 186, 186, 99, 338, 338, 338, 338, 338, 400, 400, 267, 267, 290, 360, 246, 246, 434, 3, 3, 3, 14, 226, 321, 209, 145, 145, 145, 460, 460, 178, 215, 259, 29, 100, 100, 497, 497, 122, 368, 49, 453, 224, 168, 106, 106, 496, 496, 274, 274, 8, 82, 364, 345, 345, 81, 81, 81, 41, 324, 324, 324, 246, 434, 339, 339, 339, 217, 398, 398, 398, 398, 434, 434, 434, 199, 199, 331, 275, 282, 282, 452, 263, 263, 193, 17, 188, 403, 403, 403, 403, 403, 403, 403, 403, 403, 403, 403, 403, 403, 403, 403, 403, 403, 403, 403, 403, 403, 403, 403, 403, 403, 403, 403, 403, 403, 403, 403, 403, 403, 403, 403, 403, 403, 403, 403, 403, 403, 403, 403, 403, 403, 403, 403, 403, 403, 403, 403, 403, 403, 403, 403, 403, 403, 403, 403, 403, 403, 403, 403, 403, 403, 403, 403, 403, 403, 403, 403, 403, 403, 403, 403, 403, 403, 403, 403, 403, 403, 403, 403, 403, 403, 403, 403, 403, 403, 403, 403, 403, 403, 403, 403, 403, 403, 403, 403, 403, 403, 403, 403, 403, 403, 403, 403, 403, 403, 403, 403, 403, 403, 403, 403, 403, 403, 403, 403, 403, 403, 403, 403, 403, 403, 403, 403, 403, 403, 403, 403, 403, 403, 403, 403, 403, 403, 403, 403, 403, 403, 403, 403, 403, 403, 403, 403, 403, 403, 403, 403, 403, 403, 403, 403, 403, 403, 403, 403, 403, 403, 403, 403, 403, 403, 403, 403, 403, 403, 403, 403, 403, 403, 403, 403, 403, 403, 403, 403, 403, 403, 403, 403, 403, 403, 403, 403, 403, 403, 403, 403, 403, 403, 403, 403, 403, 403, 403, 403, 403, 403, 403, 403, 403, 403, 403, 403, 403, 403, 403, 403, 403, 403, 403, 403, 403, 403, 403, 403, 403, 403, 403, 403, 403, 403, 403, 403, 403, 403, 403, 403, 403, 403, 403, 403, 403, 403, 403, 403, 403, 403, 403, 403, 403, 403, 403, 403, 403, 403, 403, 403, 403, 403, 403, 403, 403, 403, 403, 403, 403, 403, 403, 403, 403, 403, 403, 403, 403, 403, 403, 403, 403, 403, 403, 403, 403, 403, 403, 403, 403, 403, 403, 403, 403, 403, 403, 403, 403, 403, 403, 403, 403, 403, 403, 403, 403, 403, 403, 403, 403, 403, 403, 403, 403, 403, 403, 403, 403, 403, 403, 403, 403, 403, 403, 403, 403, 403, 403, 403, 403, 403, 403, 403, 403, 403, 403, 403, 403, 403, 403, 403, 403, 403, 403, 403, 403, 403, 403, 403, 403, 403, 403, 403, 403, 403, 403, 403, 403, 403, 403, 403, 403, 403, 403, 403, 403, 403, 403, 403, 403, 403, 403, 403, 403, 403, 403, 403, 403, 403, 403, 403, 403, 403, 403, 403, 403, 403, 403, 403, 403, 403, 403, 403, 403, 403, 403, 403, 403, 403, 403, 403, 403, 403, 403, 403, 403, 403, 403, 403, 403, 403, 403, 403, 403, 403, 403, 403, 403, 403, 403, 403, 403, 403, 403, 403, 403, 403, 403, 403, 403, 403, 403, 403, 403, 403, 403, 403, 403, 403, 403, 403, 403, 403, 403, 403, 403, 403, 403, 403, 403, 403, 403, 403, 403, 403, 403]

ep216
Train step Loss: [0.7901577949523926, 0.7070986032485962, 0.5067048668861389, 0.6760543584823608, 1.1808050870895386, 1.3826404809951782, 1.3005934953689575, 0.7164254784584045, 0.44965317845344543, 0.9155648350715637, 1.3649429082870483, 1.0948857069015503, 0.6051509976387024, 0.5753110647201538, 0.7598587870597839, 0.8548879027366638, 0.38187867403030396, 0.7518103122711182, 1.0708357095718384, 0.5348592400550842, 1.7136919498443604, 0.51131671667099, 0.5952459573745728, 0.7017770409584045, 1.1915009021759033, 1.271074891090393, 0.6420412063598633, 0.7679953575134277, 0.6756017208099365, 0.9943222403526306, 0.7426939606666565, 0.9426079392433167, 1.3934003114700317, 0.9084887504577637, 1.4309654235839844, 1.1208984851837158, 0.6419988870620728, 0.5259339809417725, 1.1211647987365723, 0.7571135759353638, 1.2949389219284058, 0.9358615279197693, 0.34456485509872437, 0.45776140689849854, 0.4534660279750824, 0.4664488136768341, 1.1975407600402832, 0.6643419861793518, 0.4456025958061218, 1.0543919801712036, 0.3972732722759247, 0.4008394479751587, 0.3632916808128357, 0.7983371019363403, 0.9662176966667175, 0.8802419900894165, 1.1017789840698242, 0.550688624382019, 0.6375949382781982, 0.8376342058181763, 0.9289019107818604, 1.3650314807891846, 0.6366365551948547]
val step Loss: [1.4427067041397095, 0.706811785697937, 0.8485172390937805, 1.1148388385772705, 1.0644867420196533, 0.7063935399055481, 1.2164556980133057, 1.2737914323806763, 0.979313850402832, 0.7103851437568665, 0.9223470091819763, 0.7497081756591797, 1.6469365358352661, 0.8350811004638672, 1.2054002285003662, 1.8079460859298706]
Train step Accs: [0.8413562895291637, 0.8523386821440765, 0.8993237011988934, 0.8567995193270579, 0.7399942412899511, 0.764633718892394, 0.7298459333572196, 0.8513513513513513, 0.9140862173649059, 0.8084991931145777, 0.7164982067166612, 0.8175801798744273, 0.8779342723004695, 0.8906605922551253, 0.8305718866916088, 0.8356699201419698, 0.9311594202898551, 0.839466766804356, 0.8091459594904991, 0.8933611289288005, 0.635438596491228, 0.9056847545219638, 0.8765279007971656, 0.8530056355666875, 0.7664378337147216, 0.7188591385331781, 0.8684756820877817, 0.8263491572599351, 0.8605484574633843, 0.77808, 0.8310351167494024, 0.8018782734332671, 0.7190707725553754, 0.8089869544210018, 0.7179109966899595, 0.7427620632279535, 0.8746956662879403, 0.8919032597266036, 0.794150521609538, 0.8464650017587055, 0.7410179640718563, 0.817420769384094, 0.9407256004087889, 0.9156398104265403, 0.9097069597069597, 0.9242553191489362, 0.7741441958309428, 0.852316076294278, 0.9227166276346604, 0.7891462150017283, 0.9268897149938042, 0.9301745635910225, 0.9398719707361682, 0.8262153119464672, 0.7839652448657188, 0.8174474959612278, 0.7645474137931034, 0.8963461538461538, 0.8770114942528736, 0.8163794700759681, 0.819117390545962, 0.7178466694595727, 0.8662944460769909]
val step Accs: [0.7207193359975407, 0.8620121642169285, 0.8241150442477876, 0.7677331723513432, 0.8121236451224408, 0.8719171549257392, 0.7592723170215766, 0.7314349525404802, 0.8020928711576194, 0.868548498685485, 0.8223885155772755, 0.8686965940546395, 0.6552997660962698, 0.8313630536960547, 0.7955141970890003, 0.622847543049139]
Preds: [17, 17, 287, 287, 284, 319, 319, 319, 413, 293, 43, 43, 43, 153, 153, 153, 153, 138, 138, 297, 182, 182, 182, 182, 182, 293, 293, 497, 98, 98, 197, 197, 197, 197, 226, 209, 287, 287, 111, 111, 111, 111, 438, 388, 10, 10, 479, 479, 398, 398, 324, 301, 301, 378, 132, 53, 250, 70, 70, 138, 138, 138, 138, 138, 346, 426, 426, 426, 426, 426, 426, 426, 450, 450, 413, 203, 250, 250, 276, 440, 138, 138, 138, 138, 138, 182, 182, 98, 98, 335, 14, 14, 287, 287, 111, 111, 438, 438, 251, 251, 251, 241, 241, 431, 428, 428, 428, 428, 146, 146, 146, 252, 271, 186, 162, 54, 54, 482, 482, 482, 142, 397, 273, 487, 109, 290, 290, 290, 464, 464, 464, 464, 37, 314, 314, 32, 32, 239, 420, 420, 324, 340, 116, 116, 10, 10, 10, 250, 479, 331, 331, 284, 307, 307, 151, 499, 282, 240, 388, 76, 36, 77, 342, 68, 172, 172, 115, 267, 267, 444, 213, 213, 246, 246, 246, 246, 339, 24, 8, 32, 32, 354, 420, 41, 324, 324, 143, 143, 129, 401, 401, 270, 68, 68, 115, 273, 273, 273, 486, 376, 376, 376, 460, 460, 460, 178, 458, 401, 401, 354, 224, 68, 68, 224, 224, 267, 464, 464, 464, 464, 486, 486, 486, 284, 265, 265, 265, 85, 85, 85, 146, 314, 239, 239, 401, 354, 74, 431, 106, 106, 387, 206, 167, 35, 35, 35, 224, 68, 68, 267, 273, 486, 284, 486, 376, 376, 460, 240, 263, 263, 170, 170, 170, 392, 392, 392, 392, 392, 28, 28, 28, 28, 2, 2, 2, 2, 2, 2, 2, 2, 2, 73, 73, 73, 73, 73, 244, 244, 320, 66, 115, 273, 273, 397, 7, 251, 153, 153, 182, 182, 182, 387, 387, 387, 387, 348, 348, 175, 359, 81, 324, 324, 324, 464, 464, 486, 315, 319, 319, 319, 319, 413, 348, 466, 466, 466, 250, 250, 250, 473, 337, 41, 324, 324, 324, 454, 301, 76, 401, 401, 354, 354, 284, 284, 284, 319, 319, 240, 240, 239, 259, 273, 75, 66, 115, 115, 115, 115, 115, 115, 115, 267, 371, 444, 213, 213, 246, 246, 246, 246, 246, 246, 246, 246, 246, 19, 454, 414, 414, 414, 414, 414, 414, 414, 201, 47, 47, 47, 20, 20, 80, 47, 20, 80, 47, 80, 80, 320, 320, 320, 287, 320, 287, 287, 111, 240, 35, 35, 35, 35, 342, 342, 224, 168, 464, 464, 281, 31, 31, 162, 9, 482, 68, 267, 267, 273, 284, 284, 153, 424, 182, 182, 182, 98, 98, 98, 98, 197, 197, 197, 287, 80, 80, 20, 20, 7, 7, 7, 7, 324, 374, 360, 213, 360, 246, 246, 246, 246, 3, 197, 197, 284, 188, 301, 301, 422, 338, 338, 338, 338, 338, 338, 338, 400, 400, 286, 286, 278, 278, 139, 203, 8, 354, 354, 354, 100, 100, 98, 98, 98, 98, 98, 170, 170, 170, 170, 414, 244, 170, 392, 392, 47, 435, 28, 47, 2, 20, 47, 47, 20, 2, 20, 2, 2, 73, 73, 287, 287, 287, 287, 287, 287, 287, 111, 111, 240, 35, 35, 35, 342, 68, 68, 342, 115, 267, 267, 267, 213, 246, 246, 246, 246, 246, 301, 32, 43, 43, 276, 364, 276, 276, 346, 346, 428, 146, 146, 146, 146, 146, 314, 385, 36, 35, 342, 75, 108, 371, 324, 324, 445, 445, 445, 7, 473, 473, 278, 197, 445, 445, 445, 196, 309, 65, 278, 278, 301, 301, 251, 251, 431, 374, 374, 132, 132, 132, 132, 132, 132, 374, 374]

ep217
Train step Loss: [1.1868422031402588, 0.359435498714447, 1.126745343208313, 0.9813001155853271, 0.847277045249939, 0.9066821336746216, 0.5398598313331604, 0.5149361491203308, 1.2354815006256104, 1.2289700508117676, 0.2892695963382721, 0.5047510862350464, 1.2615898847579956, 0.7263045907020569, 0.15671569108963013, 0.8969556093215942, 0.8911553025245667, 0.9803860187530518, 0.4561731219291687, 0.9039770364761353, 0.7387139797210693, 1.1814508438110352, 0.9753392934799194, 0.7638923525810242, 0.7930671572685242, 0.25341230630874634, 0.24604877829551697, 0.6666023135185242, 0.8142404556274414, 0.7606907486915588, 1.2165862321853638, 0.6636732816696167, 0.4952610433101654, 1.5421160459518433, 1.129726529121399, 0.42022454738616943, 0.7659207582473755, 0.7793465256690979, 0.26528987288475037, 0.26367461681365967, 1.2200313806533813, 1.3245549201965332, 0.8267054557800293, 0.9699797630310059, 0.7217450141906738, 0.9090187549591064, 0.6366013288497925, 0.6004223823547363, 0.6208909153938293, 1.173944354057312, 0.8905171751976013, 0.8881873488426208, 0.9178720116615295, 1.3074440956115723, 1.8372691869735718, 0.9017000794410706, 0.7777726054191589, 0.649310827255249, 0.7506367564201355, 1.2524070739746094, 1.0245908498764038, 0.8683077692985535, 0.922724723815918]
val step Loss: [0.9159258604049683, 0.8094297051429749, 1.4055391550064087, 0.8293170928955078, 1.4320894479751587, 0.4634179472923279, 1.0234060287475586, 1.7892677783966064, 0.9368650317192078, 0.9691296815872192, 1.370674967765808, 0.29124748706817627, 1.1437082290649414, 1.0453017950057983, 1.1354200839996338, 1.731335163116455]
Train step Accs: [0.7471775573041396, 0.9374087210515335, 0.7702341662737703, 0.7862666254253016, 0.8219491878384007, 0.810245166434124, 0.8871926723445284, 0.8999261447562777, 0.764172335600907, 0.7898120672601385, 0.9537129537129537, 0.8970562919607505, 0.7655132418325923, 0.8592119275825346, 0.985134362492853, 0.8153277931671283, 0.8063790635861787, 0.7696853537773518, 0.9090311266988164, 0.8127262335682988, 0.8532312925170068, 0.770593445527015, 0.7852067183462532, 0.8367067417440268, 0.8533941814033086, 0.9662233111655583, 0.964935064935065, 0.8701403887688985, 0.8274753966659972, 0.8248442652986442, 0.7486220143644563, 0.8748107016658253, 0.9112802983219391, 0.6883589998344096, 0.7567479674796748, 0.9208578477889543, 0.8468484419263456, 0.8381751227495908, 0.9549924357034796, 0.961083833424259, 0.7654290631915417, 0.7024562709341273, 0.8272145503536544, 0.7791835357624831, 0.8510938602681722, 0.8288171345124128, 0.8709511568123394, 0.8809248554913295, 0.8722578140166958, 0.7377913901650502, 0.8237904077751954, 0.8056426332288401, 0.7913205628072555, 0.7513194660043465, 0.6174508743464936, 0.8146795691071754, 0.8316504497888746, 0.8577643275959902, 0.8420621931260229, 0.742749731471536, 0.7920844327176781, 0.8122720786427778, 0.8463624039765025]
val step Accs: [0.8225626740947075, 0.8415122312824315, 0.7121040723981901, 0.8367729831144465, 0.7197691585022145, 0.913457668053133, 0.8311038879859982, 0.6358212744351358, 0.802397684993799, 0.8016032064128257, 0.7432141897339425, 0.9561237832340549, 0.7693912616593029, 0.8000584197458741, 0.7948335075406898, 0.6258346764909049]
Preds: [17, 309, 479, 199, 199, 360, 360, 360, 252, 143, 35, 35, 196, 70, 65, 65, 46, 46, 46, 460, 460, 178, 35, 77, 342, 342, 342, 115, 273, 273, 486, 486, 486, 460, 460, 178, 178, 35, 183, 192, 445, 451, 213, 213, 213, 213, 246, 19, 19, 19, 19, 454, 454, 454, 414, 414, 414, 414, 442, 102, 187, 187, 187, 187, 12, 12, 12, 12, 12, 12, 260, 260, 260, 391, 391, 391, 73, 73, 289, 321, 320, 287, 287, 287, 287, 287, 284, 284, 284, 111, 111, 111, 111, 438, 438, 438, 313, 313, 250, 250, 250, 134, 378, 378, 88, 88, 109, 106, 284, 284, 284, 284, 206, 206, 206, 169, 167, 35, 35, 259, 127, 127, 114, 114, 114, 264, 264, 264, 264, 264, 264, 264, 264, 264, 264, 264, 264, 264, 264, 264, 264, 264, 468, 468, 468, 406, 406, 467, 337, 288, 288, 290, 290, 290, 330, 330, 388, 67, 250, 250, 70, 65, 65, 426, 426, 426, 426, 319, 319, 299, 348, 348, 10, 479, 331, 331, 486, 486, 486, 460, 169, 150, 150, 150, 342, 342, 342, 224, 224, 257, 257, 257, 257, 31, 31, 31, 162, 482, 482, 482, 323, 483, 272, 273, 273, 106, 106, 106, 109, 106, 355, 355, 355, 169, 169, 169, 150, 150, 39, 86, 433, 238, 142, 397, 397, 397, 397, 494, 494, 236, 36, 36, 164, 108, 115, 115, 273, 470, 403, 403, 403, 171, 171, 252, 252, 34, 34, 470, 403, 403, 171, 171, 171, 171, 171, 246, 246, 358, 252, 143, 143, 196, 196, 196, 309, 473, 473, 429, 429, 429, 434, 434, 434, 246, 19, 19, 19, 454, 454, 454, 454, 229, 229, 414, 414, 126, 126, 126, 292, 292, 292, 292, 292, 292, 408, 408, 408, 408, 408, 408, 408, 391, 244, 289, 66, 66, 66, 66, 68, 172, 115, 267, 267, 267, 267, 464, 464, 464, 464, 443, 443, 443, 240, 240, 240, 240, 325, 34, 324, 324, 324, 324, 301, 301, 422, 349, 349, 261, 25, 25, 420, 420, 324, 324, 99, 99, 99, 338, 338, 338, 338, 338, 338, 400, 400, 400, 213, 213, 213, 213, 246, 246, 246, 246, 246, 246, 3, 3, 14, 440, 440, 145, 145, 486, 460, 460, 169, 215, 35, 35, 441, 100, 100, 153, 387, 387, 122, 99, 99, 99, 107, 395, 395, 395, 134, 139, 139, 496, 497, 497, 43, 8, 8, 354, 473, 473, 109, 288, 290, 290, 290, 171, 434, 434, 434, 339, 339, 339, 398, 398, 398, 246, 246, 246, 246, 246, 246, 286, 464, 464, 264, 282, 282, 282, 282, 282, 263, 263, 263, 13, 414, 414, 414, 414, 414, 312, 312, 187, 187, 187, 23, 23, 23, 23, 23, 23, 23, 149, 149, 149, 320, 320, 7, 7, 251, 251, 241, 241, 470, 403, 403, 403, 403, 290, 290, 290, 290, 360, 434, 434, 434, 360, 360, 434, 434, 434, 434, 434, 339, 339, 10, 10, 309, 309, 479, 331, 331, 331, 331, 284, 426, 426, 426, 426, 426, 426, 282, 282, 282, 355, 355, 355, 452, 263, 263, 13, 13, 414, 414, 414, 414, 170, 170, 244, 249, 249, 244, 2, 2, 2, 2, 244, 2, 2, 73, 73, 73, 73, 244, 321, 321, 287, 287, 287, 287, 284, 284, 284, 206, 206, 206, 169, 150, 150, 54, 54, 54, 54, 482, 482, 482, 238, 272, 273, 273, 106, 106, 153, 153, 424, 182, 182, 182, 182, 182, 182, 387, 387, 387, 387, 293, 293, 293, 122, 122, 36, 36, 108, 108, 108, 449, 371, 444, 444, 278, 301, 301, 301, 8, 364]

ep218
Train step Loss: [0.8113026022911072, 0.8571208119392395, 0.6422330141067505, 1.3396844863891602, 0.4088773727416992, 1.212594985961914, 0.48715734481811523, 0.563117504119873, 1.124761939048767, 0.5202591419219971, 1.6030797958374023, 0.7235211133956909, 0.36563119292259216, 1.8373887538909912, 0.6164141297340393, 0.4767549932003021, 0.7482574582099915, 0.9476879239082336, 1.117152214050293, 1.2584254741668701, 0.6667072772979736, 0.8087427616119385, 0.7276687622070312, 0.9138663411140442, 1.0315455198287964, 1.3217053413391113, 0.8023734092712402, 1.246326208114624, 0.39101532101631165, 0.5850202441215515, 0.7023331522941589, 0.4435066878795624, 0.8576961755752563, 0.5207369923591614, 0.7420879006385803, 0.9606478810310364, 1.1561055183410645, 0.7850832939147949, 0.7987889051437378, 0.18734464049339294, 1.206566333770752, 0.502269446849823, 0.24847419559955597, 1.5545326471328735, 1.1132562160491943, 1.0710233449935913, 1.078285574913025, 0.6464912295341492, 0.955542266368866, 1.4582648277282715, 0.7568928599357605, 1.0470672845840454, 0.6930252909660339, 0.7226181626319885, 1.0518943071365356, 0.48390084505081177, 0.36919477581977844, 0.4303460121154785, 0.4796690046787262, 0.4213263988494873, 0.9078701734542847, 1.1947479248046875, 0.9413830637931824]
val step Loss: [0.9166423678398132, 1.0243486166000366, 1.7761399745941162, 0.44785842299461365, 0.9163180589675903, 1.2153751850128174, 0.713376522064209, 0.8830786347389221, 1.1703810691833496, 1.1473264694213867, 1.9340637922286987, 0.9371625185012817, 1.0676648616790771, 0.6402406692504883, 1.1713391542434692, 0.178583562374115]
Train step Accs: [0.8239423259343578, 0.8175467433737416, 0.8761215173933574, 0.7188282906147619, 0.9162313432835821, 0.7842010771992819, 0.9059749016669788, 0.8898388687931601, 0.7345164795363999, 0.8897266729500471, 0.6725699335882471, 0.8447735191637631, 0.9355077835433655, 0.5908930462407342, 0.8608758334835105, 0.9034668260609683, 0.8669394435351883, 0.8123794832240648, 0.7812122258677258, 0.7262569832402235, 0.8710551482307938, 0.8447072508724311, 0.8489351163942546, 0.8000935599563387, 0.7767008046817849, 0.7371177563777666, 0.8325281803542673, 0.7192534381139489, 0.9323151683443249, 0.8732683427398666, 0.862869924294563, 0.9091847265221878, 0.8342313218390804, 0.8910720441227163, 0.8504091653027823, 0.7984569062852842, 0.7702629193109701, 0.8411232929409502, 0.8492984583405508, 0.9834494773519163, 0.7344398340248963, 0.888586387434555, 0.963661533137221, 0.6473838715247798, 0.7759433962264151, 0.7719258589511754, 0.7873910127431254, 0.8761582323592302, 0.7942167819762285, 0.7166006481814908, 0.845224171539961, 0.7965200579990334, 0.8512330946698489, 0.8417794414051253, 0.7721694836767771, 0.917681071211199, 0.9265567765567766, 0.9242700729927007, 0.8992852501624431, 0.9254130605822187, 0.8357209302325581, 0.7211835473906681, 0.799039780521262]
val step Accs: [0.8286872160137542, 0.797252911316811, 0.6436661892982685, 0.9247653429602888, 0.8329770557218185, 0.7706954760297097, 0.8522742701968771, 0.8230251071647275, 0.771333247786475, 0.7826303347020033, 0.6249693100908421, 0.813228517213337, 0.7659240665202385, 0.8817581232304166, 0.7591147499040553, 0.981786643538595]
Preds: [17, 479, 398, 360, 360, 171, 360, 360, 171, 434, 252, 252, 252, 252, 143, 205, 205, 441, 441, 148, 148, 346, 346, 306, 306, 306, 203, 203, 467, 65, 65, 84, 319, 319, 319, 175, 175, 251, 251, 251, 81, 81, 219, 219, 398, 398, 360, 464, 464, 464, 464, 264, 264, 468, 468, 58, 58, 156, 84, 84, 84, 426, 426, 450, 413, 98, 98, 263, 263, 13, 417, 417, 414, 414, 170, 170, 170, 170, 28, 82, 2, 2, 2, 2, 2, 2, 2, 2, 163, 316, 316, 73, 73, 289, 289, 320, 320, 320, 373, 4, 4, 219, 4, 219, 219, 219, 453, 280, 444, 444, 360, 213, 360, 213, 213, 246, 246, 246, 19, 19, 454, 454, 454, 414, 414, 414, 414, 414, 249, 249, 249, 47, 249, 249, 2, 244, 373, 23, 23, 244, 73, 73, 244, 244, 320, 320, 320, 7, 479, 398, 360, 360, 360, 171, 171, 252, 378, 173, 280, 34, 324, 324, 324, 324, 422, 143, 77, 478, 342, 342, 232, 172, 172, 115, 115, 267, 444, 171, 171, 252, 252, 301, 173, 4, 4, 4, 4, 4, 280, 280, 25, 444, 213, 213, 213, 213, 213, 246, 246, 246, 246, 19, 454, 454, 454, 454, 197, 197, 197, 197, 80, 80, 7, 7, 478, 310, 9, 9, 172, 395, 395, 470, 470, 403, 403, 403, 403, 403, 171, 207, 358, 358, 358, 225, 225, 225, 414, 197, 197, 451, 451, 451, 30, 213, 360, 360, 360, 422, 457, 457, 196, 196, 398, 398, 360, 360, 360, 360, 464, 464, 315, 315, 315, 315, 315, 315, 315, 450, 450, 450, 450, 175, 175, 43, 43, 43, 276, 276, 153, 153, 424, 497, 497, 497, 497, 175, 413, 250, 250, 413, 426, 426, 319, 319, 413, 413, 413, 381, 250, 42, 250, 88, 241, 431, 431, 426, 426, 426, 426, 426, 480, 480, 480, 480, 426, 426, 85, 85, 299, 299, 299, 299, 116, 399, 217, 473, 398, 324, 324, 324, 324, 464, 464, 464, 264, 264, 222, 222, 245, 173, 349, 349, 349, 234, 155, 155, 25, 148, 148, 153, 153, 153, 153, 387, 387, 387, 285, 134, 134, 134, 88, 88, 88, 88, 387, 497, 175, 175, 431, 431, 265, 265, 428, 85, 85, 146, 146, 146, 464, 464, 464, 464, 171, 171, 171, 325, 325, 464, 464, 464, 120, 443, 120, 120, 263, 263, 263, 263, 229, 229, 229, 312, 312, 312, 312, 292, 292, 292, 292, 23, 23, 23, 23, 23, 23, 23, 23, 260, 260, 260, 391, 391, 391, 73, 73, 244, 73, 320, 321, 320, 320, 287, 284, 284, 284, 284, 284, 284, 284, 284, 284, 284, 480, 85, 480, 85, 85, 85, 85, 85, 85, 146, 146, 207, 207, 207, 324, 464, 464, 464, 464, 464, 486, 315, 315, 315, 315, 282, 450, 450, 175, 43, 43, 276, 153, 153, 153, 297, 297, 182, 182, 182, 182, 182, 182, 372, 372, 372, 372, 372, 59, 59, 59, 467, 467, 467, 467, 134, 134, 175, 431, 431, 431, 431, 431, 480, 480, 480, 85, 85, 85, 85, 85, 299, 468, 468, 59, 467, 467, 275, 275, 275, 303, 303, 303, 303, 98, 98, 98, 233, 233, 414, 170, 209, 188, 188, 188, 19, 19, 303, 303, 282, 282, 282, 37, 303, 303, 102, 48, 48, 170, 170, 170, 249, 249, 249, 249, 249, 249, 249, 249, 201, 249, 249, 249, 249, 249, 249, 249, 249, 249, 249, 249, 249, 249, 249, 249, 441, 441, 346, 346, 284, 206, 206, 206, 167, 167, 167, 233, 170, 170, 170, 352, 352, 40, 40, 305, 237, 237, 102]

ep219
Train step Loss: [1.2408899068832397, 1.277667760848999, 0.9392409324645996, 0.9490325450897217, 0.2887112498283386, 1.4386465549468994, 0.7944902181625366, 0.6829866170883179, 1.1872519254684448, 0.8743035793304443, 1.365875244140625, 0.33669883012771606, 0.8834612369537354, 0.7511414885520935, 0.36233437061309814, 0.8271859884262085, 0.5767160058021545, 1.1541393995285034, 0.5647265315055847, 0.6220425963401794, 0.9632641673088074, 0.7239958643913269, 1.3559709787368774, 0.9505882263183594, 1.3010752201080322, 0.3888441324234009, 0.6796931028366089, 1.226534128189087, 0.7434521913528442, 0.9273549318313599, 0.817813515663147, 0.4586452543735504, 0.30456897616386414, 1.5322028398513794, 0.8288481831550598, 0.6008378267288208, 0.9105827808380127, 0.2753099799156189, 0.5947380065917969, 0.7938128113746643, 1.3247437477111816, 0.40338459610939026, 0.9697247743606567, 0.460995078086853, 0.7247492074966431, 0.8737305998802185, 1.2702769041061401, 0.4222971200942993, 0.7735291719436646, 0.7892324328422546, 0.9462480545043945, 1.1416023969650269, 0.6823009848594666, 0.6880925297737122, 0.23914369940757751, 0.5220630764961243, 1.0919793844223022, 0.5174129605293274, 0.5858906507492065, 0.3668145537376404, 0.19452306628227234, 1.269240140914917, 0.348858505487442]
val step Loss: [1.196092128753662, 1.1636853218078613, 0.9155834913253784, 1.010663628578186, 0.6120175123214722, 0.6575227975845337, 0.8521047234535217, 1.0792951583862305, 1.0161575078964233, 0.5384991765022278, 1.2213538885116577, 1.1697871685028076, 1.3811553716659546, 1.5318970680236816, 0.6953595280647278, 0.8941561579704285]
Train step Accs: [0.7621324408319388, 0.7088467905094721, 0.8052066266156926, 0.8048665620094192, 0.9533378746594006, 0.6943491604982849, 0.8234126984126984, 0.8556477093206951, 0.7409000661813369, 0.808155885897951, 0.6861595174262735, 0.9374204497242257, 0.8204488778054863, 0.843251329787234, 0.9328221978824388, 0.8147019615311369, 0.8841118474220139, 0.7595065066756802, 0.8743677598303149, 0.8746821649110061, 0.792194961304133, 0.845574733749541, 0.7181512605042016, 0.7866161616161617, 0.7372201804209823, 0.9227763304800893, 0.8676470588235294, 0.730098559514784, 0.8283248574510711, 0.8340957609027142, 0.8312696359268158, 0.9085867921357755, 0.9511164755582378, 0.7003530450132391, 0.820555671610612, 0.8765973679191302, 0.8196189704094041, 0.9537151702786377, 0.8844635809113742, 0.8249572117628754, 0.7752016129032258, 0.9202898550724637, 0.7848695652173913, 0.9119667389732465, 0.8743275231332042, 0.7999659806089471, 0.7424015009380863, 0.9187787164665777, 0.8283433133732535, 0.8255659121171771, 0.7916739855963464, 0.763458401305057, 0.8550401427297056, 0.8625, 0.9623693379790941, 0.9127643504531722, 0.7809489832322511, 0.8974666210201986, 0.8782104391052196, 0.9381977026371138, 0.9776148969889065, 0.7430771751597575, 0.9387678437265214]
val step Accs: [0.7569482288828338, 0.7716617210682493, 0.8152777777777778, 0.8028557114228457, 0.8925391464537918, 0.8756898054022655, 0.8382162302307493, 0.7870827285921626, 0.816343842782412, 0.9071874617362556, 0.7472273004265692, 0.765014496755488, 0.7343388882131128, 0.6921138452416247, 0.8705101509630401, 0.8237904077751954]
Preds: [17, 17, 287, 287, 284, 284, 319, 450, 450, 450, 169, 169, 76, 76, 349, 234, 234, 234, 234, 234, 234, 261, 25, 106, 25, 106, 284, 428, 428, 330, 388, 388, 10, 10, 10, 309, 479, 398, 398, 324, 324, 422, 186, 162, 162, 232, 232, 172, 172, 115, 273, 267, 267, 267, 324, 324, 3, 3, 14, 14, 411, 188, 188, 171, 443, 443, 271, 178, 143, 96, 54, 232, 232, 86, 238, 6, 336, 336, 440, 145, 145, 145, 486, 486, 460, 468, 406, 406, 406, 42, 132, 32, 32, 32, 32, 239, 82, 310, 107, 107, 107, 395, 395, 286, 286, 264, 264, 264, 120, 120, 120, 120, 120, 207, 178, 178, 143, 233, 233, 170, 170, 170, 312, 312, 170, 170, 82, 170, 170, 187, 187, 187, 244, 2, 2, 2, 2, 244, 392, 63, 316, 392, 244, 73, 73, 73, 244, 287, 287, 100, 293, 293, 43, 43, 8, 129, 144, 208, 27, 346, 106, 174, 426, 319, 348, 348, 348, 199, 199, 250, 250, 98, 197, 129, 401, 401, 7, 7, 217, 473, 109, 109, 313, 313, 406, 285, 337, 337, 337, 324, 340, 116, 94, 94, 199, 398, 340, 340, 116, 94, 94, 331, 331, 331, 138, 138, 138, 138, 138, 182, 497, 497, 43, 416, 32, 239, 208, 208, 27, 441, 346, 426, 426, 319, 348, 348, 94, 250, 250, 303, 98, 98, 98, 98, 13, 414, 414, 170, 170, 170, 170, 244, 28, 2, 2, 244, 2, 2, 2, 2, 2, 244, 244, 73, 73, 73, 73, 244, 320, 7, 70, 65, 106, 284, 405, 206, 206, 240, 385, 35, 82, 77, 224, 323, 323, 142, 397, 106, 153, 153, 153, 153, 387, 169, 349, 234, 234, 234, 234, 234, 261, 25, 25, 100, 100, 100, 182, 497, 497, 98, 98, 98, 197, 226, 226, 226, 226, 226, 442, 209, 287, 287, 284, 284, 284, 480, 480, 480, 480, 480, 480, 480, 480, 480, 282, 282, 282, 388, 388, 388, 388, 195, 195, 195, 250, 250, 250, 250, 250, 109, 109, 109, 403, 403, 403, 207, 207, 207, 252, 416, 32, 32, 239, 75, 180, 180, 106, 153, 153, 387, 349, 349, 234, 234, 234, 261, 261, 25, 148, 148, 148, 148, 153, 182, 182, 182, 182, 406, 132, 42, 42, 495, 134, 132, 132, 98, 98, 98, 13, 13, 170, 170, 170, 170, 170, 170, 170, 312, 187, 187, 187, 187, 391, 391, 392, 392, 73, 73, 73, 244, 310, 107, 323, 323, 323, 323, 273, 106, 106, 153, 153, 153, 182, 182, 182, 182, 182, 182, 182, 182, 182, 182, 182, 345, 122, 122, 239, 129, 129, 82, 75, 107, 107, 323, 323, 273, 106, 106, 106, 100, 375, 98, 98, 98, 13, 17, 83, 403, 403, 171, 403, 403, 403, 171, 171, 171, 171, 171, 171, 171, 171, 171, 171, 171, 171, 171, 171, 171, 171, 171, 171, 403, 403, 403, 403, 403, 403, 403, 403, 403, 403, 403, 403, 403, 403, 403, 403, 403, 403, 403, 403, 403, 403, 403, 403, 403, 403, 403, 403, 403, 403, 403, 403, 403, 403, 403, 403, 403, 403, 403, 403, 403, 403, 403, 403, 403, 403, 403, 403, 403, 403, 403, 403, 403, 403, 403, 403, 403, 403, 403, 403, 403, 403, 403, 403, 403, 403, 403, 403, 403, 403, 403, 403, 403, 403, 403, 403, 403, 403, 403, 403, 403, 403, 403, 403, 403, 403, 403, 403, 403, 403, 403, 403, 403, 403, 403, 403, 403, 403, 403, 403, 403, 403, 403, 403, 403, 403, 403, 403, 403, 403, 403, 403, 403, 403, 403, 403, 403, 403, 403]

ep220
Train step Loss: [0.918370246887207, 0.6608386635780334, 0.5280340313911438, 0.36621636152267456, 0.3194955289363861, 0.6794371008872986, 0.22797007858753204, 0.5389829874038696, 0.9186959862709045, 1.2150810956954956, 0.6030955910682678, 1.2341264486312866, 1.0746742486953735, 0.7305909991264343, 0.3914877474308014, 1.1700226068496704, 0.6546275019645691, 0.7549283504486084, 1.0279040336608887, 0.5310538411140442, 0.6907880306243896, 1.8155418634414673, 0.7088381052017212, 0.26189789175987244, 0.8344731330871582, 0.43060049414634705, 0.7806528806686401, 0.5796886682510376, 0.5775407552719116, 1.0041323900222778, 0.836957573890686, 0.9659820199012756, 0.708922803401947, 0.5534083843231201, 0.841856837272644, 0.6588506698608398, 1.555693507194519, 0.39848843216896057, 0.3867433965206146, 0.5674365162849426, 0.21034425497055054, 0.7560036182403564, 0.6380529403686523, 0.5036782026290894, 0.2535459101200104, 1.3038225173950195, 0.8117701411247253, 0.5111837983131409, 1.0251909494400024, 0.7000182867050171, 1.8479851484298706, 0.8423863053321838, 0.8566834926605225, 0.5155927538871765, 0.4752587676048279, 1.1713157892227173, 0.4984372556209564, 1.37326979637146, 0.6024041175842285, 0.42115893959999084, 0.5159429311752319, 0.9427931308746338, 0.4502519965171814]
val step Loss: [0.714058518409729, 0.9080174565315247, 1.06436288356781, 1.2623217105865479, 0.8983544111251831, 0.8614840507507324, 0.5989418029785156, 1.2524293661117554, 0.789446234703064, 0.7059088945388794, 0.4778699576854706, 1.1703195571899414, 1.2331793308258057, 1.1866446733474731, 0.8454926013946533, 0.9059911370277405]
Train step Accs: [0.7922778257118205, 0.8556584167768752, 0.8876833740831296, 0.9364990689013035, 0.9414933135215453, 0.8572361262241567, 0.9657680028378858, 0.8857364341085271, 0.8019192467861669, 0.782393056416615, 0.8777385159010601, 0.735929993136582, 0.7680053103219383, 0.8545584811033494, 0.923312361843224, 0.7765630338230269, 0.8577568563241915, 0.8644007788989202, 0.7996581196581196, 0.8937182741116751, 0.8471304347826087, 0.6054551221059309, 0.859391771019678, 0.9602495543672014, 0.8378878159030203, 0.9179143004646361, 0.8273429627141418, 0.8787449392712551, 0.878808864265928, 0.7863733144073811, 0.805050505050505, 0.7955944282474895, 0.8571966842501884, 0.8902072456889732, 0.8043078055964654, 0.8565737051792829, 0.6748609366588911, 0.9249843063402385, 0.9282092881768405, 0.8918305597579426, 0.9679285832368987, 0.8399056285810583, 0.8695427982124442, 0.8965157521385354, 0.9573405945087361, 0.7101399795151929, 0.8083144894764307, 0.9003469545104086, 0.8038461538461539, 0.8514304835201606, 0.5938697318007663, 0.8096563011456629, 0.8244503664223851, 0.8955486998677832, 0.9007232084155161, 0.7806865464632455, 0.9002746672300866, 0.7033401931296501, 0.8759211653813196, 0.9455337690631809, 0.8925739005046863, 0.7923580453645913, 0.9134586690540137]
val step Accs: [0.8590432335635713, 0.8045430533544639, 0.8053503184713375, 0.7632144391920929, 0.8157664233576642, 0.8304628632938643, 0.8817804308331171, 0.7665375034597287, 0.836108220603538, 0.8561634443987385, 0.9117416522965982, 0.7687810945273632, 0.75482450459785, 0.7642124883504194, 0.8279132791327913, 0.8268687387618803]
Preds: [17, 287, 111, 111, 319, 319, 348, 216, 8, 43, 345, 276, 100, 497, 497, 497, 122, 42, 42, 495, 406, 380, 380, 499, 499, 284, 481, 426, 426, 481, 481, 16, 293, 293, 293, 348, 348, 250, 250, 250, 65, 65, 65, 426, 426, 426, 426, 206, 206, 169, 169, 77, 77, 342, 342, 342, 115, 267, 267, 448, 324, 464, 464, 464, 180, 315, 315, 319, 319, 319, 282, 330, 388, 299, 116, 250, 250, 250, 10, 479, 479, 331, 180, 486, 486, 486, 460, 169, 150, 150, 342, 342, 224, 494, 494, 422, 99, 99, 338, 338, 338, 400, 400, 400, 213, 213, 324, 246, 246, 422, 186, 99, 338, 338, 338, 338, 395, 395, 400, 400, 374, 374, 374, 374, 374, 374, 139, 302, 497, 497, 497, 122, 129, 259, 74, 74, 183, 420, 213, 213, 213, 252, 143, 143, 259, 192, 192, 420, 420, 213, 324, 324, 301, 301, 173, 465, 280, 280, 420, 213, 213, 213, 213, 246, 246, 19, 19, 19, 454, 454, 414, 414, 414, 414, 170, 312, 187, 126, 126, 292, 292, 408, 408, 408, 408, 391, 391, 391, 228, 289, 373, 66, 66, 66, 68, 172, 172, 115, 115, 267, 267, 267, 267, 213, 246, 246, 246, 246, 246, 246, 246, 246, 246, 301, 301, 8, 259, 354, 106, 106, 284, 284, 376, 206, 460, 169, 169, 150, 77, 342, 342, 172, 172, 224, 196, 485, 309, 479, 331, 84, 84, 153, 153, 497, 497, 497, 43, 43, 276, 276, 346, 346, 346, 284, 486, 376, 376, 376, 460, 460, 460, 263, 263, 263, 414, 414, 414, 414, 414, 170, 170, 244, 47, 47, 73, 244, 244, 244, 321, 321, 320, 7, 7, 479, 398, 290, 290, 290, 290, 434, 434, 378, 378, 250, 406, 406, 467, 337, 337, 476, 360, 434, 434, 422, 99, 99, 99, 338, 338, 338, 400, 400, 400, 30, 464, 464, 464, 464, 240, 240, 416, 8, 259, 100, 100, 100, 100, 497, 497, 122, 122, 239, 445, 445, 445, 464, 171, 171, 171, 171, 171, 252, 416, 183, 192, 464, 464, 443, 443, 240, 203, 8, 8, 183, 183, 420, 213, 213, 213, 246, 246, 246, 246, 246, 19, 19, 19, 454, 229, 414, 414, 414, 126, 187, 408, 408, 391, 391, 73, 244, 321, 320, 320, 7, 276, 276, 346, 346, 346, 346, 387, 293, 293, 167, 35, 35, 164, 192, 192, 351, 180, 139, 139, 139, 139, 293, 122, 122, 49, 269, 9, 168, 168, 494, 116, 223, 216, 216, 144, 114, 145, 443, 443, 240, 240, 94, 199, 199, 34, 191, 368, 253, 216, 216, 22, 22, 81, 278, 99, 99, 99, 436, 60, 60, 60, 298, 199, 413, 413, 169, 186, 99, 99, 338, 338, 338, 338, 400, 400, 400, 400, 213, 213, 324, 324, 422, 186, 99, 99, 338, 338, 338, 115, 273, 273, 273, 432, 275, 446, 116, 94, 199, 331, 331, 486, 443, 120, 85, 299, 299, 251, 219, 219, 246, 41, 41, 246, 246, 246, 19, 19, 19, 19, 454, 454, 414, 414, 414, 414, 170, 170, 244, 126, 126, 73, 73, 244, 320, 321, 320, 7, 7, 374, 374, 132, 217, 217, 473, 473, 337, 41, 41, 41, 19, 19, 19, 17, 403, 403, 403, 403, 403, 403, 403, 403, 403, 403, 403, 403, 403, 403, 403, 403, 403, 403, 403, 403, 403, 403, 403, 403, 403, 403, 403, 403, 403, 403, 403, 403, 403, 403, 403, 403, 403, 403, 403, 403, 403, 403, 403, 403, 403, 403, 403, 403, 403, 403, 403, 403, 403, 403, 403, 403, 403, 403, 403, 403, 403, 403, 403]

ep221
Train step Loss: [0.6818036437034607, 0.6575658917427063, 0.7194867730140686, 1.3352220058441162, 0.8337658643722534, 0.7385733127593994, 0.31759220361709595, 1.2351561784744263, 1.016425371170044, 0.8530755639076233, 0.5975775718688965, 0.5558480620384216, 1.0838018655776978, 0.4510665237903595, 1.1220616102218628, 0.7219436168670654, 0.19086703658103943, 0.5980636477470398, 0.5222827196121216, 0.29492875933647156, 1.1254043579101562, 0.31515106558799744, 0.3949628174304962, 0.5734332799911499, 0.688557505607605, 0.5225354433059692, 0.3548108637332916, 0.6917605996131897, 0.32051795721054077, 1.1950734853744507, 0.6500287652015686, 0.7219228744506836, 0.5442686080932617, 0.7682632207870483, 0.23846565186977386, 0.4365975856781006, 0.8667256832122803, 0.5910244584083557, 0.4156258702278137, 0.8140677809715271, 0.8047674894332886, 0.5704687833786011, 0.8783620595932007, 0.6680039167404175, 0.4652264714241028, 0.9272510409355164, 0.8513979911804199, 0.6679419875144958, 0.3988589942455292, 0.5053644776344299, 0.4087219834327698, 0.6737131476402283, 0.9912745356559753, 0.4041436016559601, 0.8864216208457947, 0.5978733897209167, 0.1972297728061676, 0.9534303545951843, 0.7782401442527771, 0.8214899301528931, 0.371155321598053, 0.958749532699585, 0.20593911409378052]
val step Loss: [1.0010637044906616, 1.086836338043213, 1.0395824909210205, 0.5769420862197876, 1.094387173652649, 1.2135204076766968, 1.3969768285751343, 1.1044193506240845, 0.9707933068275452, 0.16478802263736725, 1.2536684274673462, 1.0921599864959717, 0.7779754400253296, 0.8721001744270325, 0.5923341512680054, 0.729383111000061]
Train step Accs: [0.8662889518413598, 0.8657669159219405, 0.8462350457424349, 0.680572963294539, 0.8332257022925411, 0.8355866355866356, 0.940512978986403, 0.7062888735314443, 0.7765738838034747, 0.8193430656934306, 0.8764761012183693, 0.8824291797815219, 0.7637953014022947, 0.9055951169888098, 0.797032640949555, 0.8459190231362468, 0.9743143230300392, 0.876736416388254, 0.8948336091193234, 0.9579945799457995, 0.8056709409427488, 0.9382879893828799, 0.918015102481122, 0.8723210214318285, 0.8600733822548365, 0.893348623853211, 0.9475494411006019, 0.8487597186227324, 0.9412987012987013, 0.7148502495840267, 0.8548730866111218, 0.8398050092452513, 0.8890449438202247, 0.8261984928651596, 0.9617498351285997, 0.9200516986706057, 0.8211057389110784, 0.883673845021167, 0.9236070092537901, 0.8380667663178873, 0.8264450205886839, 0.8781114184116949, 0.8021469859620148, 0.848342202210397, 0.8983675618746709, 0.8044458262086118, 0.836063016690064, 0.8973654436722159, 0.9151358736906027, 0.8944547515976088, 0.9144012581442372, 0.8465043205027494, 0.7786301369863013, 0.9183539094650206, 0.8209674642795662, 0.8683140444166406, 0.9720434879076991, 0.7871287128712872, 0.8388240508199143, 0.8186173853524983, 0.936706462004927, 0.7925151348376445, 0.9668174962292609]
val step Accs: [0.8196078431372549, 0.7957567185289958, 0.7985931668102211, 0.8873080715593745, 0.7915884340968832, 0.7596634236129371, 0.7314564158094207, 0.7730864488736879, 0.8040506329113924, 0.9824750192159877, 0.7711456470911842, 0.8058961289433806, 0.8593333333333333, 0.8416561756889075, 0.8991825613079019, 0.8571956401256235]
Preds: [17, 17, 145, 145, 486, 460, 460, 169, 169, 349, 205, 205, 234, 234, 155, 25, 25, 148, 148, 387, 348, 348, 348, 398, 398, 398, 324, 360, 434, 434, 339, 200, 248, 473, 398, 398, 360, 360, 360, 360, 360, 360, 434, 434, 434, 246, 19, 19, 19, 454, 454, 454, 414, 414, 414, 414, 249, 80, 80, 80, 80, 321, 320, 188, 188, 188, 171, 171, 434, 434, 339, 339, 250, 345, 43, 153, 43, 43, 43, 285, 285, 285, 285, 285, 84, 139, 139, 496, 496, 293, 274, 122, 8, 75, 354, 354, 420, 420, 360, 360, 360, 360, 434, 434, 19, 19, 19, 454, 454, 48, 414, 414, 414, 414, 102, 414, 82, 82, 47, 20, 184, 184, 321, 320, 7, 7, 7, 309, 473, 473, 398, 398, 360, 360, 360, 360, 434, 434, 434, 246, 246, 246, 246, 19, 19, 454, 454, 197, 197, 197, 7, 7, 7, 219, 219, 219, 219, 219, 219, 485, 286, 286, 286, 378, 468, 406, 467, 380, 499, 180, 486, 315, 315, 315, 315, 282, 282, 388, 348, 348, 250, 250, 250, 250, 138, 138, 153, 497, 497, 349, 349, 349, 349, 234, 234, 234, 261, 261, 25, 25, 148, 148, 153, 153, 182, 98, 98, 98, 98, 98, 197, 197, 197, 440, 188, 188, 368, 368, 257, 368, 368, 31, 342, 342, 342, 168, 168, 273, 444, 444, 444, 171, 324, 324, 324, 252, 422, 77, 478, 342, 172, 115, 115, 273, 273, 486, 486, 460, 460, 460, 178, 35, 35, 35, 411, 100, 100, 100, 182, 182, 182, 182, 182, 182, 182, 182, 182, 375, 375, 375, 98, 98, 98, 13, 226, 259, 321, 209, 287, 287, 426, 426, 426, 426, 98, 98, 98, 98, 13, 17, 83, 403, 403, 403, 403, 403, 403, 403, 403, 403, 403, 403, 403, 403, 403, 403, 403, 403, 403, 403, 403, 403, 403, 403, 403, 403, 403, 403, 403, 403, 403, 403, 403, 403, 403, 403, 403, 403, 403, 403, 403, 403, 403, 403, 403, 403, 403, 403, 403, 403, 403, 403, 403, 403, 403, 403, 403, 403, 403, 403, 403, 403, 403, 403, 403, 403, 403, 403, 403, 403, 403, 403, 403, 403, 403, 403, 403, 403, 403, 403, 403, 403, 403, 403, 403, 403, 403, 403, 403, 403, 403, 403, 403, 403, 403, 403, 403, 403, 403, 403, 403, 403, 403, 403, 403, 403, 403, 403, 403, 403, 403, 403, 403, 403, 403, 403, 403, 403, 403, 403, 403, 403, 403, 403, 403, 403, 403, 403, 403, 403, 403, 403, 403, 403, 403, 403, 403, 403, 403, 403, 403, 403, 403, 403, 403, 403, 403, 403, 403, 403, 403, 403, 403, 403, 403, 403, 403, 403, 403, 403, 403, 403, 403, 403, 403, 403, 403, 403, 403, 403, 403, 403, 403, 403, 403, 403, 403, 403, 403, 403, 403, 403, 403, 403, 403, 403, 403, 403, 403, 403, 403, 403, 403, 403, 403, 403, 403, 403, 403, 403, 403, 403, 403, 403, 403, 403, 403, 403, 403, 403, 403, 403, 403, 403, 403, 403, 403, 403, 403, 403, 403, 403, 403, 403, 403, 403, 403, 403, 403, 403, 403, 403, 403, 403, 403, 403, 403, 403, 403, 403, 403, 403, 403, 403, 403, 403, 403, 403, 403, 403, 403, 403, 403, 403, 403, 403, 403, 403, 403, 403, 403, 403, 403, 403, 403, 403, 403, 403, 403, 403, 403, 403, 403, 403, 403, 403, 403, 403, 403, 403, 403, 403, 403, 403, 403, 403, 403, 403, 403, 403, 403, 403, 403, 403, 403, 403, 403, 403, 403, 403, 403, 403, 403, 403, 403, 403, 403, 403, 403, 403]

ep222
Train step Loss: [1.6469237804412842, 0.29565608501434326, 0.5456182956695557, 0.33782467246055603, 0.9908814430236816, 0.5456558465957642, 0.9003720879554749, 0.4834044873714447, 1.2846784591674805, 0.4133102595806122, 0.4601161777973175, 0.7358986735343933, 0.4089042842388153, 0.5659514665603638, 0.47444868087768555, 0.14397552609443665, 0.8543797135353088, 0.69459468126297, 0.4960687756538391, 0.5403279066085815, 0.31453317403793335, 0.4308747351169586, 0.27234017848968506, 0.8775792121887207, 0.357753723859787, 0.33837273716926575, 0.5416675806045532, 0.6572384834289551, 1.0946581363677979, 0.6393231153488159, 0.6659517884254456, 1.0609893798828125, 1.3689743280410767, 0.8872300982475281, 0.811016321182251, 0.32646605372428894, 0.6931565999984741, 0.9411236047744751, 0.7530044317245483, 0.4954610764980316, 1.042449712753296, 0.9728284478187561, 0.2316417396068573, 0.6358721256256104, 0.6018839478492737, 0.43637797236442566, 1.1633793115615845, 1.0128720998764038, 0.45439425110816956, 0.7457345724105835, 0.6142829060554504, 0.5128536820411682, 0.2858833372592926, 0.9517135620117188, 0.23541928827762604, 0.7694340348243713, 0.6256359219551086, 0.8988749980926514, 0.38795772194862366, 0.7800111174583435, 0.8504688739776611, 0.6100104451179504, 0.8973448872566223]
val step Loss: [1.3545904159545898, 0.5302369594573975, 0.6351400017738342, 1.7447079420089722, 1.003575086593628, 0.684975802898407, 0.7689946889877319, 0.42653459310531616, 0.9027678370475769, 1.1589113473892212, 1.7000818252563477, 0.7407415509223938, 0.9958099126815796, 0.9308925271034241, 0.9037743806838989, 0.48167160153388977]
Train step Accs: [0.6224021001968935, 0.9464485771902308, 0.8885885306043638, 0.9392874261064068, 0.7861040378319389, 0.8808086904043452, 0.7804956549726424, 0.8954292460785968, 0.7391843696697162, 0.9374868890287392, 0.9060482907004542, 0.8458646616541353, 0.9197530864197531, 0.8752575388649559, 0.9053047575619395, 0.9869631901840491, 0.8140011716461628, 0.8504989308624377, 0.9081567116249197, 0.899852452969384, 0.94067237969677, 0.9077064220183486, 0.946831869510665, 0.8327832783278328, 0.9217312894499549, 0.9370831079862989, 0.8928902627511592, 0.8568168853394181, 0.7884615384615384, 0.8699725407850105, 0.8639528655597215, 0.7627989721288793, 0.708554376657825, 0.8109649817778481, 0.8292487586096428, 0.942088230284449, 0.8420720151610865, 0.7980702963473466, 0.8576057948913458, 0.8901864757958184, 0.7866089728991118, 0.7948407202216067, 0.9669421487603306, 0.8900411228321116, 0.8698201720093823, 0.9122108166079362, 0.741475630899634, 0.7680465275401984, 0.9067501739735561, 0.8513912637960516, 0.8734716561689515, 0.8919699595609474, 0.9492918342367547, 0.8327470981357721, 0.9637656033287101, 0.8259472259810555, 0.8600573259146855, 0.8083098824697897, 0.920308934526944, 0.8283879539415412, 0.8072616219884629, 0.8708703374777975, 0.811443433029909]
val step Accs: [0.7296108742004265, 0.8983353151010701, 0.8876473289453544, 0.6361193607693395, 0.8005263157894736, 0.872063702720637, 0.8608648939027665, 0.9296575245132869, 0.8339263024142313, 0.7656830855018587, 0.6581391807522461, 0.8486238532110092, 0.8098318240620958, 0.8239150386783795, 0.8207005980715245, 0.9108829568788501]
Preds: [17, 17, 287, 287, 319, 319, 319, 319, 348, 348, 348, 348, 250, 250, 250, 331, 138, 138, 138, 138, 182, 182, 182, 182, 182, 182, 182, 497, 497, 497, 98, 14, 14, 14, 287, 287, 287, 111, 111, 111, 111, 111, 438, 299, 388, 94, 94, 398, 398, 398, 324, 324, 301, 301, 378, 43, 88, 65, 138, 138, 153, 182, 297, 182, 297, 481, 426, 426, 284, 284, 284, 426, 426, 426, 426, 413, 413, 350, 182, 242, 497, 275, 116, 43, 43, 43, 364, 276, 346, 346, 346, 265, 111, 111, 111, 85, 438, 438, 240, 175, 175, 241, 431, 431, 428, 428, 428, 146, 146, 146, 438, 186, 186, 186, 162, 54, 482, 482, 482, 142, 115, 273, 273, 470, 288, 403, 403, 290, 171, 171, 171, 434, 252, 252, 339, 314, 212, 354, 420, 420, 324, 301, 301, 301, 301, 250, 42, 147, 380, 380, 499, 426, 426, 426, 426, 319, 282, 282, 169, 169, 77, 77, 342, 342, 115, 115, 267, 267, 267, 267, 213, 324, 246, 246, 246, 246, 434, 434, 339, 339, 398, 398, 398, 324, 324, 324, 422, 422, 422, 478, 478, 342, 115, 115, 273, 273, 273, 265, 265, 265, 265, 85, 85, 282, 282, 169, 169, 77, 77, 342, 224, 224, 267, 448, 448, 464, 464, 464, 464, 180, 58, 58, 58, 486, 486, 486, 486, 85, 85, 146, 240, 58, 58, 58, 72, 110, 110, 139, 139, 293, 293, 293, 122, 77, 342, 342, 115, 273, 273, 273, 284, 486, 486, 376, 376, 460, 460, 460, 263, 263, 229, 229, 414, 312, 312, 312, 312, 292, 292, 292, 292, 292, 23, 23, 23, 1, 1, 260, 408, 391, 391, 391, 228, 66, 66, 66, 66, 68, 172, 115, 115, 273, 273, 378, 378, 153, 153, 88, 174, 174, 174, 426, 319, 319, 293, 348, 219, 219, 219, 464, 464, 464, 180, 315, 315, 319, 319, 319, 319, 348, 348, 348, 250, 495, 495, 81, 467, 337, 337, 41, 324, 324, 3, 301, 301, 301, 8, 354, 354, 106, 106, 284, 284, 405, 206, 206, 282, 388, 169, 77, 77, 77, 453, 198, 198, 198, 198, 127, 384, 371, 267, 267, 267, 213, 213, 213, 246, 246, 246, 246, 246, 246, 246, 246, 246, 19, 454, 454, 454, 414, 414, 414, 414, 249, 249, 249, 47, 187, 187, 2, 47, 244, 73, 73, 244, 321, 320, 287, 287, 287, 284, 284, 460, 460, 460, 169, 169, 150, 453, 168, 168, 494, 323, 323, 31, 31, 31, 162, 323, 323, 224, 273, 273, 106, 106, 424, 424, 424, 424, 182, 182, 497, 497, 497, 122, 122, 122, 197, 197, 197, 197, 7, 7, 7, 309, 473, 473, 473, 398, 398, 360, 360, 360, 434, 434, 434, 434, 434, 246, 246, 246, 422, 99, 99, 338, 338, 338, 338, 338, 338, 400, 400, 400, 286, 286, 286, 374, 374, 374, 203, 203, 216, 216, 81, 275, 275, 275, 275, 275, 303, 303, 48, 48, 48, 13, 414, 414, 414, 414, 170, 170, 170, 187, 187, 12, 12, 12, 12, 408, 408, 391, 228, 244, 321, 320, 287, 287, 287, 287, 284, 284, 460, 460, 460, 460, 169, 35, 77, 77, 342, 342, 168, 267, 267, 267, 267, 213, 213, 246, 246, 246, 301, 301, 301, 378, 364, 345, 109, 346, 346, 284, 284, 428, 376, 428, 428, 146, 240, 167, 169, 35, 449, 449, 449, 449, 485, 30, 301, 301, 314, 196, 196, 250, 250, 250, 196, 196, 309, 398, 398, 398, 398, 286, 286, 374, 374, 374, 374, 374, 132, 132, 132, 132, 132, 132, 285, 285, 288, 288, 288]

ep223
Train step Loss: [0.7375972867012024, 0.9650048017501831, 0.2557215988636017, 1.1438517570495605, 0.21067316830158234, 0.6584700345993042, 1.1457650661468506, 0.6799454689025879, 0.47005948424339294, 0.219986230134964, 1.1124861240386963, 0.4324437379837036, 0.7940527200698853, 0.2513364553451538, 0.3586314618587494, 0.7572404146194458, 0.7530808448791504, 0.7370827198028564, 0.3644646406173706, 0.8427254557609558, 0.547713577747345, 0.4148140549659729, 0.9870777130126953, 0.46568238735198975, 0.1758931279182434, 0.8180098533630371, 0.8732209801673889, 1.097344994544983, 0.47450003027915955, 0.2117692232131958, 0.391622930765152, 0.17702098190784454, 0.5893135666847229, 0.4746154546737671, 1.2919765710830688, 0.43388909101486206, 0.11681874096393585, 0.4192031919956207, 0.378650426864624, 0.5245514512062073, 0.5385744571685791, 0.5867389440536499, 1.5735526084899902, 0.4818258583545685, 1.0673078298568726, 1.0964685678482056, 0.6030340194702148, 0.34646764397621155, 1.1177643537521362, 0.975720226764679, 0.6070959568023682, 0.1191195622086525, 0.4951523244380951, 0.17577363550662994, 0.47715720534324646, 0.5698235630989075, 0.36896371841430664, 0.477721631526947, 1.3592711687088013, 0.7828153967857361, 0.3209642767906189, 0.8007789254188538, 0.40728476643562317]
val step Loss: [1.1401594877243042, 1.328944206237793, 0.501959502696991, 0.5574679374694824, 0.928108274936676, 0.9557956457138062, 1.1590948104858398, 0.1293434053659439, 0.8906618356704712, 0.8126537799835205, 0.9190984964370728, 1.1960605382919312, 0.6517090201377869, 0.870875895023346, 0.8705507516860962, 1.3247407674789429]
Train step Accs: [0.8215263518138262, 0.788064403220161, 0.957502329916123, 0.7528875379939209, 0.9682700421940929, 0.8804301683882836, 0.7545308095046315, 0.8579622641509433, 0.9162891828229752, 0.9668690372940156, 0.7555327568518247, 0.9142006327935976, 0.820693953874922, 0.9566922699787547, 0.9257390050468637, 0.8177083333333334, 0.8498331479421579, 0.8329550612800726, 0.9212779973649539, 0.8141630901287553, 0.8838482596793117, 0.9125639386189258, 0.7917852062588905, 0.9084556254367575, 0.9750231267345051, 0.8316795958867039, 0.8009213557091148, 0.7463172584896883, 0.9075989208633094, 0.9659385978310676, 0.9312456263121064, 0.9782848151062156, 0.8786227936369579, 0.8993299832495812, 0.7158156435264869, 0.9043960734101579, 0.9918191603875135, 0.9164410756181195, 0.923848772621394, 0.8882648536801655, 0.8825812712275595, 0.8756745537567455, 0.6938872970391595, 0.9010253191044152, 0.7920962199312714, 0.7458379578246392, 0.8798015070759052, 0.9382239382239382, 0.7541241162608012, 0.782184655396619, 0.8722608230892571, 0.991922189251566, 0.8994403934203833, 0.9804045512010113, 0.9026246311539059, 0.8845866068088291, 0.9272727272727272, 0.894542772861357, 0.6818420591840308, 0.8705902899056933, 0.9399886771088884, 0.8178716490658001, 0.934640522875817]
val step Accs: [0.7773257390832655, 0.7356913183279743, 0.9046201630645787, 0.8882744931234936, 0.8233224428248304, 0.7957889053853422, 0.7774169741697416, 0.9876476906552094, 0.8171821305841924, 0.8557862546273942, 0.8130571938005761, 0.7411300919842313, 0.8674601027860427, 0.8346701164294955, 0.8253968253968254, 0.7274641954507161]
Preds: [17, 7, 217, 217, 473, 473, 473, 476, 213, 360, 360, 252, 143, 36, 36, 75, 107, 107, 395, 395, 213, 171, 171, 171, 246, 3, 3, 3, 143, 197, 259, 354, 29, 109, 109, 288, 277, 313, 285, 337, 337, 337, 171, 360, 360, 434, 434, 200, 199, 398, 340, 340, 116, 116, 33, 466, 250, 250, 250, 250, 250, 250, 250, 43, 76, 129, 259, 441, 100, 100, 100, 497, 497, 497, 497, 43, 43, 208, 208, 106, 346, 346, 346, 306, 306, 372, 372, 396, 396, 396, 396, 396, 406, 406, 467, 303, 275, 275, 303, 303, 303, 303, 303, 48, 48, 48, 48, 417, 414, 414, 414, 170, 47, 170, 2, 244, 392, 392, 392, 244, 392, 392, 321, 321, 66, 66, 66, 66, 172, 172, 115, 115, 267, 267, 286, 286, 374, 468, 468, 139, 139, 274, 274, 399, 399, 10, 398, 398, 398, 324, 324, 324, 324, 3, 3, 3, 3, 440, 440, 145, 111, 111, 253, 240, 216, 280, 65, 111, 111, 111, 438, 253, 368, 281, 453, 9, 168, 273, 443, 443, 443, 460, 240, 240, 35, 26, 183, 183, 183, 41, 213, 213, 213, 246, 246, 246, 246, 246, 246, 246, 3, 197, 197, 259, 259, 354, 287, 287, 284, 284, 284, 376, 376, 376, 460, 460, 263, 263, 263, 13, 78, 78, 170, 170, 28, 28, 289, 289, 187, 244, 289, 296, 293, 399, 244, 73, 73, 321, 321, 320, 219, 219, 213, 213, 324, 301, 301, 143, 259, 259, 354, 437, 437, 284, 319, 319, 282, 17, 403, 403, 403, 403, 403, 403, 403, 403, 403, 403, 403, 403, 403, 403, 403, 403, 403, 403, 403, 403, 403, 403, 403, 403, 403, 403, 403, 403, 403, 403, 403, 403, 403, 403, 403, 403, 403, 403, 403, 403, 403, 403, 403, 403, 403, 403, 403, 403, 403, 403, 403, 403, 403, 403, 403, 403, 403, 403, 403, 403, 403, 403, 403, 403, 403, 403, 403, 403, 403, 403, 403, 403, 403, 403, 403, 403, 403, 403, 403, 403, 403, 403, 403, 403, 403, 403, 403, 403, 403, 403, 403, 403, 403, 403, 403, 403, 403, 403, 403, 403, 403, 403, 403, 403, 403, 403, 403, 403, 403, 403, 403, 403, 403, 403, 403, 403, 403, 403, 403, 403, 403, 403, 403, 403, 403, 403, 403, 403, 403, 403, 403, 403, 403, 403, 403, 403, 403, 403, 403, 403, 403, 403, 403, 403, 403, 403, 403, 403, 403, 403, 403, 403, 403, 403, 403, 403, 403, 403, 403, 403, 403, 403, 403, 403, 403, 403, 403, 403, 403, 403, 403, 403, 403, 403, 403, 403, 403, 403, 403, 403, 403, 403, 403, 403, 403, 403, 403, 403, 403, 403, 403, 403, 403, 403, 403, 403, 403, 403, 403, 403, 403, 403, 403, 403, 403, 403, 403, 403, 403, 403, 403, 403, 403, 403, 403, 403, 403, 403, 403, 403, 403, 403, 403, 403, 403, 403, 403, 403, 403, 403, 403, 403, 403, 403, 403, 403, 403, 403, 403, 403, 403, 403, 403, 403, 403, 403, 403, 403, 403, 403, 403, 403, 403, 403, 403, 403, 403, 403, 403, 403, 403, 403, 403, 403, 403, 403, 403, 403, 403, 403, 403, 403, 403, 403, 403, 403, 403, 403, 403, 403, 403, 403, 403, 403, 403, 403, 403, 403, 403, 403, 403, 403, 403, 403, 403, 403, 403, 403, 403, 403, 403, 403, 403, 403, 403, 403, 403, 403, 403, 403, 403, 403, 403, 403, 403, 403, 403, 403, 403, 403, 403, 403, 403, 403, 403, 403, 403, 403, 403, 403, 403, 403, 403, 403, 403, 403, 403, 403, 403, 403, 403, 403]

ep224
Train step Loss: [0.6920678019523621, 0.3197447955608368, 0.7956509590148926, 0.5365902781486511, 0.8628287315368652, 0.95430588722229, 0.7556284070014954, 0.7122763991355896, 0.6827681064605713, 1.0434945821762085, 0.5119625926017761, 0.9437737464904785, 0.916435956954956, 0.9629485011100769, 1.164770483970642, 0.2983040511608124, 0.3224561810493469, 0.14205336570739746, 0.554757297039032, 0.28143545985221863, 0.16991019248962402, 0.5073260068893433, 0.3366793990135193, 0.5151569247245789, 0.4201849699020386, 0.7805898785591125, 0.5967579483985901, 0.4801557660102844, 0.8040962219238281, 0.6419621706008911, 0.5544717907905579, 0.3592090904712677, 0.5688718557357788, 0.6436426043510437, 0.4190855026245117, 0.0947539210319519, 0.49280846118927, 0.3080337643623352, 1.1518982648849487, 0.16436289250850677, 0.36571842432022095, 0.20407038927078247, 0.32740622758865356, 0.867607593536377, 1.0426452159881592, 0.2955687642097473, 0.6470665335655212, 0.8819057941436768, 0.6862372756004333, 0.16002924740314484, 0.09874289482831955, 0.5388368964195251, 0.3442806303501129, 0.5938860177993774, 0.18569940328598022, 0.7880460023880005, 0.22157157957553864, 0.4714536964893341, 0.3882632851600647, 0.456557035446167, 0.5169591307640076, 1.205270528793335, 0.19260269403457642]
val step Loss: [1.4228734970092773, 0.5868869423866272, 0.9492007493972778, 0.6631429195404053, 0.9764291048049927, 0.5942376852035522, 0.8179477453231812, 0.49229949712753296, 0.38024598360061646, 0.755467414855957, 1.09221351146698, 1.0224218368530273, 0.9773577451705933, 0.8328433036804199, 0.1138087809085846, 1.400990605354309]
Train step Accs: [0.8399075755075095, 0.9390651085141903, 0.820631970260223, 0.8814510097232611, 0.8035414725069897, 0.808387994434506, 0.8338690237042989, 0.8499367488931057, 0.8540289440771842, 0.7574407130351742, 0.8964497041420119, 0.7990044627531754, 0.8075225887791553, 0.7912447421716778, 0.7310492505353319, 0.945264986967854, 0.9371872303710095, 0.9850340136054422, 0.8706519839188953, 0.948220536756126, 0.9748867846850556, 0.8914, 0.935638616829902, 0.8918294849023091, 0.921306209850107, 0.8201914708442124, 0.8744944917026914, 0.9015867019267095, 0.8111901557392809, 0.8771358828315704, 0.8848368522072937, 0.9305459571527298, 0.870737913486005, 0.8846643623794798, 0.9174520069808028, 0.9938650306748467, 0.8893675684990522, 0.9445769866030465, 0.7381818181818182, 0.9800249687890137, 0.9217221135029354, 0.9726343554236729, 0.9328949912976213, 0.8106788710907704, 0.7811099087957953, 0.9401265617394127, 0.8468515611372754, 0.7878734622144112, 0.8348072161301733, 0.9804368471035138, 0.9950054288816503, 0.8823529411764706, 0.935448336638026, 0.8861640430820216, 0.9735924265072247, 0.8230297310051912, 0.9601558349566142, 0.8972355769230769, 0.914610331972306, 0.895330112721417, 0.8889046538024972, 0.7280850408257588, 0.9697953881130237]
val step Accs: [0.7052876075966662, 0.8945791337510215, 0.7996637713645279, 0.874749498997996, 0.7975008010253124, 0.8847615027437737, 0.8313513513513513, 0.9031639501438159, 0.9360877122609974, 0.8500064541112688, 0.7725247880442593, 0.7893580668782035, 0.7909360669004586, 0.8334167083541771, 0.9906733103360164, 0.7285743505829413]
Preds: [17, 17, 287, 287, 284, 284, 111, 85, 85, 330, 388, 67, 67, 212, 34, 242, 359, 250, 250, 217, 217, 217, 473, 473, 398, 290, 171, 171, 246, 246, 246, 246, 246, 318, 471, 471, 49, 49, 269, 323, 9, 395, 219, 219, 213, 246, 246, 246, 246, 19, 19, 19, 454, 229, 229, 417, 170, 392, 392, 392, 392, 392, 392, 392, 392, 392, 244, 435, 289, 201, 289, 66, 66, 323, 323, 397, 106, 302, 274, 274, 122, 129, 129, 321, 75, 144, 445, 445, 351, 351, 403, 403, 290, 290, 290, 171, 434, 434, 434, 434, 434, 434, 246, 246, 19, 19, 143, 129, 401, 401, 82, 75, 445, 445, 445, 443, 171, 171, 171, 416, 143, 458, 445, 445, 464, 464, 171, 171, 171, 301, 143, 129, 259, 75, 74, 74, 420, 213, 213, 213, 213, 246, 246, 246, 246, 246, 19, 117, 48, 197, 197, 197, 197, 197, 7, 188, 422, 31, 162, 162, 68, 68, 68, 68, 68, 115, 267, 267, 444, 286, 286, 286, 374, 374, 132, 42, 42, 42, 42, 42, 147, 147, 324, 324, 213, 213, 324, 246, 246, 143, 36, 36, 323, 323, 323, 219, 219, 219, 324, 464, 464, 464, 464, 180, 315, 315, 450, 450, 450, 450, 450, 450, 413, 303, 43, 276, 276, 276, 153, 182, 182, 182, 182, 182, 98, 98, 98, 98, 98, 233, 414, 170, 170, 392, 392, 392, 63, 63, 63, 63, 63, 63, 63, 63, 63, 63, 63, 63, 63, 63, 392, 73, 289, 320, 320, 7, 287, 287, 35, 35, 467, 499, 376, 460, 460, 460, 460, 169, 342, 342, 342, 224, 224, 494, 494, 236, 401, 36, 68, 68, 68, 267, 273, 273, 319, 319, 319, 388, 388, 348, 64, 64, 64, 64, 473, 473, 398, 324, 324, 464, 464, 464, 139, 319, 319, 282, 319, 203, 53, 53, 70, 65, 65, 46, 46, 46, 438, 438, 251, 175, 81, 324, 324, 324, 301, 301, 339, 10, 479, 398, 398, 464, 464, 464, 464, 486, 376, 376, 460, 460, 263, 263, 78, 170, 170, 170, 392, 392, 392, 392, 392, 63, 63, 63, 63, 63, 63, 63, 63, 63, 63, 63, 63, 63, 63, 63, 63, 63, 73, 73, 244, 289, 287, 321, 7, 309, 479, 473, 331, 290, 171, 171, 171, 171, 434, 434, 434, 3, 3, 335, 14, 411, 287, 287, 145, 111, 450, 450, 43, 276, 276, 182, 182, 43, 88, 109, 109, 207, 207, 324, 324, 324, 301, 8, 32, 354, 239, 75, 180, 371, 420, 213, 213, 246, 246, 19, 19, 454, 401, 401, 354, 354, 354, 354, 354, 80, 80, 320, 354, 354, 486, 499, 499, 499, 240, 288, 288, 120, 120, 120, 282, 282, 37, 37, 37, 243, 243, 233, 310, 107, 395, 395, 395, 338, 338, 447, 447, 17, 17, 403, 264, 264, 264, 264, 264, 264, 264, 264, 264, 264, 264, 264, 264, 264, 264, 264, 264, 264, 264, 264, 264, 264, 264, 264, 264, 264, 264, 264, 264, 264, 264, 264, 264, 264, 264, 264, 264, 264, 264, 264, 264, 264, 264, 264, 264, 264, 264, 264, 264, 264, 264, 264, 264, 264, 264, 264, 264, 264, 264, 264, 264, 264, 264, 264, 264, 264, 264, 264, 264, 264, 264, 264, 264, 264, 264, 264, 264, 264, 264, 264, 264, 264, 264, 264, 264, 264, 264, 264, 264, 264, 264, 264, 264, 264, 264, 264, 264, 264, 264, 264, 264, 264, 264, 264, 264, 264, 264, 264, 264, 264, 264, 264, 264, 264, 264, 264, 264, 264, 264, 264, 264, 264, 264, 264, 264, 264, 264, 264, 264, 264]

ep225
Train step Loss: [0.2703211009502411, 0.33521005511283875, 0.5332071185112, 0.5309140682220459, 0.5147231817245483, 0.3668888509273529, 0.7086518406867981, 1.148288607597351, 0.21479767560958862, 0.44687986373901367, 0.8278032541275024, 0.6310336589813232, 0.35161733627319336, 0.17132101953029633, 0.5811513066291809, 0.17283029854297638, 0.2103092521429062, 0.4137229323387146, 0.33759263157844543, 0.2742268145084381, 0.32290855050086975, 0.27095431089401245, 0.1829027533531189, 0.09032884240150452, 0.36445191502571106, 0.08680421113967896, 0.11095276474952698, 0.14724808931350708, 0.25268253684043884, 0.09800992906093597, 0.07259576767683029, 0.8306530714035034, 0.12011418491601944, 0.23711112141609192, 0.38216540217399597, 0.3304852247238159, 0.2704358696937561, 0.33000537753105164, 0.6664438247680664, 0.3430575132369995, 0.22731047868728638, 0.12712666392326355, 0.6037981510162354, 0.23261000216007233, 0.4194258153438568, 0.21378177404403687, 0.33512863516807556, 0.46719807386398315, 0.47688722610473633, 1.0176587104797363, 0.6817609667778015, 0.45905572175979614, 0.14845122396945953, 0.24518327414989471, 0.17129552364349365, 0.1674373596906662, 0.265904039144516, 0.46195337176322937, 0.5224798321723938, 0.5049577951431274, 0.7918066382408142, 0.3313522934913635, 1.2643210887908936]
val step Loss: [0.5767979025840759, 0.6033734083175659, 0.9322284460067749, 0.6097727417945862, 0.6794202923774719, 0.6442837119102478, 0.8272569179534912, 0.6147002577781677, 0.8274610042572021, 0.09460433572530746, 0.7157921195030212, 0.6156742572784424, 0.7871321439743042, 0.746963620185852, 0.7884443998336792, 0.636634111404419]
Train step Accs: [0.944184231069477, 0.9293266555370061, 0.8833723653395784, 0.8739008792965628, 0.8838040757954951, 0.9249913584514345, 0.8606081311923471, 0.7707206421217938, 0.966984422227389, 0.9022706630336058, 0.8340131228941302, 0.8573183842727692, 0.929364471669219, 0.9710298533827946, 0.9039381670960618, 0.9826853455060601, 0.9718234027279253, 0.9184763874526025, 0.9325622775800712, 0.9488545551411828, 0.9402909336941814, 0.9469671859463042, 0.9699157641395909, 0.9956726246472248, 0.9195701725822207, 0.994862738802376, 0.9939630681818182, 0.9828313691255638, 0.9606645025778118, 0.9933647634014318, 0.9960902790119068, 0.8626936829558999, 0.9878345498783455, 0.9625304984315093, 0.9268712809270279, 0.9286923800564441, 0.9497449461552995, 0.9353882631890931, 0.852214377406932, 0.9273425755804242, 0.9572636889746253, 0.9824395770392749, 0.8751298566382714, 0.9550561797752809, 0.9143359437430079, 0.9631344942571323, 0.9295126542564317, 0.8966418660768148, 0.9056673435480893, 0.7487419122933142, 0.84106988783434, 0.8981673306772908, 0.978177374301676, 0.9498034472331418, 0.9699390372083245, 0.9715387440323173, 0.9491551697411255, 0.905224564619615, 0.8866718326230143, 0.8849025678382808, 0.8294520547945206, 0.9342609397055858, 0.7072813757775338]
val step Accs: [0.8817178211816087, 0.8835202761000863, 0.799241911466089, 0.8727777777777778, 0.8573759347382733, 0.8698003327787022, 0.8172690763052208, 0.8699929725931131, 0.8266988911003696, 0.9933023510114817, 0.8575512740832816, 0.8708460310549992, 0.834316203313676, 0.8457342657342657, 0.8400500277932185, 0.8659541304831886]
Preds: [17, 309, 479, 479, 331, 278, 443, 443, 271, 169, 150, 478, 54, 54, 224, 224, 273, 273, 273, 494, 494, 498, 264, 468, 468, 468, 468, 468, 467, 337, 337, 337, 337, 328, 434, 339, 33, 10, 309, 479, 331, 331, 331, 84, 84, 84, 426, 426, 426, 16, 375, 375, 375, 375, 98, 98, 98, 263, 13, 13, 13, 414, 102, 102, 442, 187, 187, 187, 187, 187, 187, 244, 244, 244, 244, 244, 244, 244, 244, 244, 163, 163, 163, 163, 244, 63, 435, 63, 163, 63, 63, 63, 63, 73, 244, 73, 7, 7, 7, 7, 7, 7, 7, 7, 354, 420, 420, 213, 213, 213, 213, 213, 213, 213, 246, 246, 246, 246, 246, 246, 246, 246, 246, 3, 3, 3, 188, 188, 188, 177, 177, 301, 143, 143, 8, 259, 354, 354, 109, 109, 278, 278, 171, 171, 171, 171, 171, 171, 246, 246, 246, 246, 246, 246, 246, 246, 422, 186, 338, 338, 338, 338, 338, 338, 400, 400, 400, 400, 267, 324, 324, 464, 464, 434, 434, 339, 143, 77, 77, 478, 108, 54, 172, 395, 395, 400, 286, 286, 464, 464, 464, 264, 264, 443, 315, 315, 315, 282, 282, 282, 282, 282, 203, 203, 203, 43, 43, 43, 43, 43, 276, 182, 182, 182, 182, 182, 182, 182, 182, 182, 182, 497, 497, 81, 89, 89, 275, 275, 59, 59, 59, 406, 406, 406, 406, 495, 134, 134, 302, 302, 375, 375, 375, 375, 122, 130, 130, 130, 196, 196, 309, 479, 398, 398, 464, 464, 464, 84, 84, 88, 88, 43, 43, 43, 43, 43, 276, 153, 174, 174, 387, 426, 319, 413, 348, 348, 348, 64, 219, 398, 398, 464, 464, 464, 365, 120, 120, 282, 282, 282, 282, 263, 263, 263, 263, 414, 414, 414, 414, 187, 187, 187, 187, 187, 187, 2, 2, 392, 392, 392, 392, 392, 392, 73, 244, 73, 73, 75, 75, 310, 323, 323, 323, 377, 397, 106, 106, 106, 153, 153, 153, 424, 182, 182, 182, 182, 182, 182, 182, 182, 182, 182, 182, 497, 497, 497, 122, 122, 122, 36, 310, 310, 323, 323, 115, 273, 106, 106, 106, 481, 387, 387, 293, 293, 293, 175, 81, 35, 207, 188, 324, 324, 324, 301, 143, 143, 35, 259, 354, 354, 345, 109, 109, 109, 355, 355, 355, 355, 376, 376, 376, 376, 376, 376, 376, 376, 376, 486, 460, 460, 460, 460, 169, 35, 259, 75, 354, 114, 180, 486, 486, 486, 460, 460, 169, 150, 150, 449, 449, 449, 119, 351, 486, 486, 486, 460, 240, 240, 368, 449, 449, 449, 371, 324, 324, 324, 464, 464, 464, 378, 88, 88, 375, 375, 98, 98, 263, 417, 129, 259, 208, 441, 441, 441, 100, 100, 100, 182, 182, 375, 98, 98, 98, 48, 13, 13, 414, 170, 170, 170, 170, 170, 28, 28, 28, 63, 63, 63, 63, 392, 63, 63, 63, 2, 2, 2, 2, 2, 63, 63, 63, 63, 63, 63, 63, 63, 63, 63, 63, 63, 73, 73, 73, 73, 244, 321, 321, 287, 287, 287, 287, 287, 284, 284, 284, 284, 284, 450, 450, 450, 450, 450, 88, 88, 43, 276, 174, 174, 174, 387, 387, 387, 250, 250, 248, 248, 394, 32, 239, 354, 219, 398, 398, 464, 171, 171, 171, 171, 171, 171, 246, 252, 143, 310, 310, 99, 107, 107, 447, 400, 400, 400, 30, 477, 477, 374, 374, 374, 132, 132, 274, 186, 186, 186, 162, 482, 482, 482, 482, 482, 482, 482, 115, 273, 273, 106, 106, 424, 424, 293, 497, 497, 122, 122, 75, 310, 310, 445, 107, 107]

ep226
Train step Loss: [0.4085681736469269, 0.42616239190101624, 0.6111660599708557, 0.43265944719314575, 0.252450555562973, 0.0961185023188591, 0.460342139005661, 0.33628833293914795, 0.18216295540332794, 0.41213056445121765, 0.07249889522790909, 0.20636840164661407, 0.5519137978553772, 0.9666139483451843, 0.2528354823589325, 0.0625791922211647, 0.5650967359542847, 0.7766410708427429, 0.7762132883071899, 0.5204092264175415, 0.32379138469696045, 0.8344801664352417, 0.5434104204177856, 0.25283652544021606, 0.4300602972507477, 0.3194957375526428, 0.4942638874053955, 0.36840516328811646, 0.3108524680137634, 0.3230053782463074, 0.28235599398612976, 0.22318018972873688, 0.5881006717681885, 0.2857353389263153, 0.31582072377204895, 0.39857217669487, 0.563325822353363, 0.3254125416278839, 0.48944079875946045, 0.31385934352874756, 0.4421512484550476, 0.09005603939294815, 0.6666095852851868, 0.3172638714313507, 0.1687215268611908, 0.30447661876678467, 0.074061319231987, 0.2562549114227295, 0.19267705082893372, 0.3253380060195923, 0.10098249465227127, 0.3827471137046814, 0.38763684034347534, 0.7117478847503662, 0.8622710704803467, 0.6093693971633911, 0.23377712070941925, 0.4760077893733978, 0.3878649175167084, 0.6353620886802673, 0.37286633253097534, 0.5407940745353699, 0.47591838240623474]
val step Loss: [0.6349090933799744, 0.68232661485672, 0.6881539225578308, 0.6583060622215271, 1.3879716396331787, 0.45273885130882263, 0.5016903281211853, 0.6610330939292908, 0.5608165264129639, 0.9369621276855469, 0.5328444242477417, 0.47722458839416504, 0.2620662748813629, 0.2954849898815155, 0.7482901215553284, 1.0776453018188477]
Train step Accs: [0.9209173586397785, 0.9012898131087128, 0.8622085180188861, 0.9101550142360013, 0.9515310586176728, 0.9923371647509579, 0.891077441077441, 0.9258934828311143, 0.97116392869626, 0.907977547201905, 0.9971361185983828, 0.9618167202572347, 0.8765304004980287, 0.754284649776453, 0.9491076161866054, 0.9970479704797048, 0.8633638928067701, 0.8175420528664606, 0.8062234794908062, 0.8780275309287332, 0.9279193609737543, 0.8169522091974752, 0.885956644674835, 0.9536707056307911, 0.9061873388713836, 0.9358320251177394, 0.8787432498772705, 0.9197274389230513, 0.9330846862659061, 0.932933683027351, 0.9474903474903474, 0.9589949398010819, 0.8586626139817629, 0.9411167512690355, 0.9358953914846116, 0.9041645760160562, 0.8617938766709788, 0.9267565872020075, 0.8885480572597138, 0.9359364435429344, 0.9000368188512519, 0.9956386292834891, 0.8508019395747856, 0.9328022875816994, 0.969738889849559, 0.9351092896174863, 0.9961685823754789, 0.947427652733119, 0.9643439282803586, 0.9483753917202705, 0.9906457996042454, 0.9211746522411128, 0.9077075752563678, 0.8320678085820237, 0.8015182373634512, 0.8516233766233766, 0.9547108039287013, 0.8924905456509995, 0.9266205389657683, 0.8515842134519177, 0.924624954262715, 0.8719767230405528, 0.8884244372990354]
val step Accs: [0.8618331053351573, 0.8533154722036169, 0.8568476164232571, 0.8594899076826787, 0.6887305699481865, 0.9140960022133076, 0.901495278069255, 0.863647142518378, 0.8761123470522804, 0.8024776324845148, 0.8862021857923498, 0.9039555325749742, 0.9504584644861092, 0.9446290143964563, 0.8448056896113793, 0.7658357172047405]
Preds: [17, 287, 100, 387, 387, 98, 98, 35, 129, 129, 129, 401, 401, 414, 458, 144, 27, 437, 426, 426, 426, 426, 426, 426, 426, 167, 263, 263, 414, 170, 170, 170, 170, 170, 170, 225, 225, 225, 7, 7, 7, 473, 109, 286, 468, 468, 468, 264, 468, 468, 406, 406, 406, 406, 467, 337, 324, 324, 171, 171, 171, 171, 3, 3, 3, 3, 3, 3, 197, 197, 197, 70, 196, 479, 398, 398, 360, 360, 10, 33, 33, 465, 309, 479, 331, 374, 374, 132, 153, 182, 182, 182, 182, 98, 98, 43, 8, 197, 440, 100, 497, 497, 497, 497, 43, 8, 259, 354, 144, 27, 27, 106, 387, 284, 426, 426, 426, 206, 206, 285, 285, 382, 382, 406, 467, 467, 467, 467, 134, 134, 375, 98, 98, 98, 98, 13, 48, 170, 170, 170, 170, 170, 170, 237, 237, 170, 47, 47, 47, 47, 80, 80, 80, 80, 289, 320, 320, 7, 309, 479, 331, 324, 324, 143, 143, 143, 458, 108, 144, 27, 351, 486, 486, 315, 319, 319, 282, 388, 348, 466, 64, 212, 76, 465, 354, 420, 324, 324, 464, 464, 464, 315, 355, 376, 460, 169, 263, 263, 170, 229, 312, 312, 82, 312, 23, 23, 292, 292, 292, 408, 408, 23, 23, 23, 23, 23, 260, 149, 391, 391, 391, 391, 244, 73, 320, 320, 244, 209, 287, 287, 111, 111, 460, 460, 178, 35, 35, 77, 232, 232, 68, 232, 172, 115, 267, 267, 267, 267, 324, 246, 246, 246, 19, 454, 197, 197, 197, 197, 197, 197, 7, 196, 473, 331, 443, 443, 443, 330, 330, 143, 76, 76, 36, 259, 310, 107, 395, 395, 106, 106, 88, 88, 88, 405, 405, 405, 405, 206, 206, 206, 206, 240, 35, 35, 36, 342, 342, 342, 172, 115, 267, 267, 267, 444, 213, 324, 246, 3, 301, 197, 197, 197, 197, 197, 414, 82, 209, 287, 100, 182, 182, 182, 182, 182, 182, 182, 182, 182, 182, 387, 387, 206, 206, 36, 36, 239, 239, 401, 401, 354, 75, 384, 371, 287, 171, 171, 171, 171, 385, 239, 239, 32, 239, 354, 473, 470, 264, 264, 290, 264, 264, 264, 264, 264, 468, 406, 94, 199, 41, 41, 19, 19, 19, 454, 454, 454, 414, 414, 170, 170, 170, 170, 170, 312, 126, 326, 292, 408, 408, 408, 408, 408, 149, 73, 244, 320, 244, 209, 83, 287, 284, 284, 460, 240, 35, 35, 35, 35, 342, 342, 342, 342, 224, 224, 267, 444, 324, 324, 324, 301, 3, 14, 14, 14, 14, 226, 411, 411, 153, 424, 424, 424, 43, 43, 43, 32, 32, 354, 208, 208, 100, 100, 100, 497, 497, 98, 98, 98, 48, 13, 414, 170, 170, 170, 170, 244, 80, 244, 209, 287, 100, 481, 481, 375, 98, 178, 129, 129, 401, 354, 354, 144, 208, 441, 441, 346, 346, 405, 206, 240, 452, 263, 17, 403, 264, 264, 264, 403, 403, 403, 403, 403, 403, 403, 403, 403, 403, 403, 403, 403, 403, 403, 403, 403, 403, 403, 403, 403, 403, 403, 403, 403, 264, 264, 264, 264, 264, 264, 264, 264, 264, 264, 264, 264, 264, 264, 264, 264, 264, 264, 264, 264, 264, 264, 264, 264, 264, 264, 264, 264, 264, 264, 264, 264, 264, 264, 264, 264, 264, 264, 264, 264, 264, 264, 264, 264, 264, 264, 264, 264, 264, 264, 264, 264, 264, 264, 264, 264, 264, 264, 264, 264, 264, 264, 264, 403, 403, 403, 403, 403, 403, 403, 403, 403, 403, 403, 403, 403, 403, 403, 403, 403, 403, 403, 403, 403, 403, 403, 403, 403]

ep227
Train step Loss: [0.3166579008102417, 0.5514155626296997, 0.42921048402786255, 0.24650974571704865, 0.32983896136283875, 0.5035189390182495, 0.46537914872169495, 0.40522024035453796, 0.5762962698936462, 0.26927894353866577, 0.06981368362903595, 0.14484480023384094, 0.2650311291217804, 0.5170261263847351, 0.779697060585022, 0.6546362042427063, 0.3702485263347626, 0.6960551738739014, 0.6061967015266418, 0.5277469158172607, 0.4123327136039734, 0.31456562876701355, 0.2374926209449768, 0.5422505140304565, 0.3061530590057373, 0.3812180161476135, 0.25440946221351624, 0.2415255606174469, 0.8554020524024963, 0.7676302194595337, 0.7801640033721924, 0.33281153440475464, 0.45138293504714966, 0.14150455594062805, 0.7121918797492981, 0.8235559463500977, 0.3669685423374176, 0.2921302318572998, 0.3944205939769745, 0.1766251027584076, 0.21506910026073456, 0.07204998284578323, 0.15970376133918762, 0.288723349571228, 0.8266951441764832, 0.5776410698890686, 0.06062053143978119, 0.3270508944988251, 0.3195432126522064, 0.06561324745416641, 0.7745885848999023, 0.5614157915115356, 0.143101766705513, 0.18826454877853394, 0.25434431433677673, 0.5252660512924194, 0.2936786711215973, 0.18981415033340454, 0.4711059033870697, 0.27945777773857117, 0.6218883991241455, 0.6883541345596313, 0.3406522870063782]
val step Loss: [0.9173650741577148, 0.27451246976852417, 0.35754919052124023, 0.6394979953765869, 0.5425164103507996, 0.9755997061729431, 1.107180118560791, 0.9409820437431335, 0.9743422269821167, 0.7786425948143005, 0.7007418274879456, 0.6188884973526001, 0.5912100672721863, 0.3623405992984772, 0.508047878742218, 0.7394523620605469]
Train step Accs: [0.9291723733124633, 0.8697546804389928, 0.8987068965517241, 0.9517374517374517, 0.9268543956043956, 0.8954975909619538, 0.8937171826905668, 0.911004102015338, 0.8598176489742755, 0.9434163701067616, 0.9973812849162011, 0.9776995305164319, 0.9447679254699717, 0.8773205741626794, 0.8128040169464931, 0.8432211631978215, 0.9237651444547996, 0.8351840101522843, 0.8499646142958245, 0.8763168984407922, 0.9075642740377471, 0.934533826994278, 0.9504440497335701, 0.8823907455012854, 0.9383921863260706, 0.9123060267051606, 0.9452054794520548, 0.950257594599396, 0.7980449657869013, 0.822911455727864, 0.8119473019310594, 0.9217510677242221, 0.9093062605752961, 0.9753455360478147, 0.8422897196261683, 0.8051089674883887, 0.9146079484425349, 0.9414893617021277, 0.9235947492426793, 0.9708015622094105, 0.9571016582552271, 0.9971212666426772, 0.97165991902834, 0.9346473029045643, 0.8067788794097303, 0.8591481895039081, 0.9974564664449227, 0.9288205453392517, 0.9319886647774629, 0.9967565376038922, 0.8156691604322527, 0.8598440545808966, 0.9727117680500285, 0.9726607624181748, 0.9432815665091154, 0.8737776168055053, 0.9364360456036233, 0.9647465019080501, 0.8916050786431685, 0.9419404125286478, 0.8538283062645011, 0.8411817367949865, 0.9262536873156342]
val step Accs: [0.7986802788844621, 0.9501572327044026, 0.9278723083872911, 0.874238578680203, 0.8903011881735285, 0.7825025140066082, 0.7610655737704918, 0.7897416790859414, 0.7869830508474577, 0.8276617684970353, 0.8447531696789857, 0.8725608935540304, 0.8732808118573908, 0.9277639922801213, 0.8924670960515262, 0.8395754055677949]
Preds: [17, 17, 486, 486, 460, 460, 169, 178, 35, 35, 259, 208, 208, 441, 100, 153, 153, 497, 122, 129, 129, 129, 458, 208, 208, 437, 346, 346, 405, 405, 206, 98, 263, 263, 263, 263, 417, 414, 249, 249, 249, 249, 249, 249, 305, 237, 237, 237, 237, 170, 28, 249, 82, 305, 249, 82, 28, 40, 289, 40, 435, 435, 435, 211, 211, 211, 211, 211, 211, 21, 260, 260, 260, 391, 391, 228, 289, 82, 320, 287, 287, 287, 111, 111, 460, 169, 169, 99, 338, 338, 338, 338, 338, 338, 400, 400, 400, 444, 213, 213, 213, 246, 246, 246, 246, 246, 246, 422, 99, 99, 338, 338, 338, 338, 338, 400, 400, 400, 485, 286, 286, 286, 374, 374, 374, 132, 132, 134, 132, 132, 132, 132, 132, 132, 132, 132, 132, 132, 132, 132, 132, 132, 197, 197, 197, 197, 197, 197, 197, 414, 414, 414, 82, 354, 420, 213, 213, 213, 213, 246, 246, 434, 434, 374, 132, 132, 43, 43, 43, 250, 364, 276, 346, 174, 480, 480, 480, 480, 282, 282, 282, 282, 388, 303, 303, 217, 473, 473, 398, 324, 464, 301, 457, 129, 401, 401, 197, 7, 7, 354, 276, 109, 265, 428, 146, 146, 146, 207, 207, 207, 3, 3, 3, 454, 197, 197, 197, 197, 197, 197, 7, 79, 147, 456, 456, 456, 456, 374, 374, 42, 42, 42, 147, 132, 132, 132, 132, 132, 132, 132, 399, 217, 479, 479, 331, 134, 153, 98, 457, 457, 197, 7, 217, 473, 65, 398, 213, 324, 324, 324, 246, 19, 454, 454, 454, 454, 454, 244, 244, 82, 126, 126, 326, 326, 326, 408, 408, 23, 23, 23, 23, 23, 23, 260, 391, 391, 391, 228, 392, 244, 244, 287, 287, 287, 319, 319, 240, 203, 348, 250, 250, 250, 276, 174, 109, 403, 403, 171, 324, 324, 324, 464, 301, 251, 251, 241, 241, 431, 431, 431, 486, 319, 319, 330, 388, 348, 466, 466, 250, 199, 199, 81, 290, 290, 290, 171, 324, 324, 3, 301, 301, 8, 259, 354, 354, 354, 106, 106, 284, 405, 240, 240, 385, 36, 77, 68, 342, 323, 142, 142, 485, 152, 477, 374, 374, 153, 153, 182, 182, 43, 43, 43, 276, 346, 346, 346, 428, 146, 146, 330, 388, 388, 94, 199, 398, 398, 116, 116, 116, 94, 398, 331, 134, 153, 43, 43, 43, 276, 276, 276, 153, 387, 387, 387, 387, 240, 314, 36, 36, 36, 483, 188, 14, 145, 145, 287, 387, 497, 497, 293, 497, 122, 122, 36, 224, 449, 494, 494, 494, 416, 416, 144, 27, 180, 443, 330, 388, 94, 199, 199, 464, 464, 464, 120, 330, 253, 368, 453, 453, 168, 168, 494, 278, 99, 99, 436, 436, 60, 395, 106, 125, 426, 426, 413, 388, 64, 394, 76, 239, 310, 107, 395, 485, 485, 286, 464, 139, 496, 496, 496, 496, 274, 416, 129, 129, 144, 208, 441, 437, 153, 426, 426, 372, 396, 348, 199, 250, 413, 98, 98, 98, 98, 197, 414, 320, 7, 473, 473, 286, 286, 286, 468, 406, 406, 406, 337, 324, 41, 324, 19, 454, 229, 170, 229, 229, 170, 170, 392, 392, 392, 82, 28, 187, 244, 187, 187, 187, 12, 40, 40, 12, 391, 392, 435, 435, 435, 392, 73, 73, 73, 320, 320, 7, 188, 324, 340, 340, 116, 94, 331, 331, 331, 153, 153, 387, 387, 387, 497, 43, 32, 401, 208, 208, 208, 106, 387, 387, 372, 372, 406, 406, 406, 413, 413, 98, 98, 98, 98, 98, 414, 414, 414, 414, 414, 414, 170, 47, 47, 47, 244]

ep228
Train step Loss: [0.48548874258995056, 0.2729276418685913, 0.3961624205112457, 0.7231377959251404, 0.5164753198623657, 0.8155253529548645, 0.9973070025444031, 0.4579427242279053, 0.638383150100708, 0.3878621459007263, 0.19698283076286316, 0.3166511654853821, 0.17275217175483704, 0.6125599145889282, 0.37411513924598694, 0.07398679107427597, 0.3367564380168915, 0.0733141154050827, 0.2297663688659668, 0.5590596199035645, 0.4940550625324249, 0.7656698822975159, 0.15135368704795837, 0.24607393145561218, 0.4479290843009949, 0.11691995710134506, 0.28240665793418884, 0.21914876997470856, 0.39070966839790344, 0.4289349317550659, 0.09594367444515228, 0.22283056378364563, 0.5196403861045837, 0.3421168029308319, 0.28587689995765686, 0.558330774307251, 0.37234148383140564, 0.6202399134635925, 0.28469347953796387, 0.15883609652519226, 0.519743800163269, 0.551353931427002, 0.2043195515871048, 0.2325189858675003, 0.3132912516593933, 0.16064533591270447, 0.5557290315628052, 0.37257900834083557, 0.5974410176277161, 0.6461989283561707, 0.6067168116569519, 0.2412533313035965, 0.3982699513435364, 0.24610984325408936, 0.534090518951416, 0.3529435992240906, 0.5115126967430115, 0.5163261294364929, 0.36647576093673706, 0.23062865436077118, 0.7872325778007507, 0.3985365331172943, 0.514016330242157]
val step Loss: [0.8120435476303101, 0.19826741516590118, 0.9265041351318359, 0.969305694103241, 1.0150742530822754, 0.6802715063095093, 0.5160287022590637, 0.5059257745742798, 1.401285171508789, 0.6405678391456604, 0.5021066665649414, 0.48274901509284973, 0.6358669996261597, 0.3297358453273773, 0.796674907207489, 0.9076715707778931]
Train step Accs: [0.880129091747349, 0.9427137417791623, 0.9049301429259675, 0.834171826625387, 0.881271938880859, 0.8244721836954847, 0.7514579759862778, 0.8961868272213099, 0.8364153627311522, 0.9138845553822152, 0.9628665625542252, 0.9335968379446641, 0.967706013363029, 0.8431768467104156, 0.9125487646293888, 0.9942825525636296, 0.9268777980434422, 0.995420346745175, 0.9568717653824037, 0.8646543330087634, 0.8822138126773889, 0.8268336314847943, 0.974559686888454, 0.9466738006063848, 0.8978627671541057, 0.9827467218771566, 0.935010060362173, 0.9582661940058008, 0.9036425902864259, 0.9023994811932555, 0.9908613649620844, 0.9517348323318473, 0.8760924451349776, 0.9310229365477984, 0.93831104012777, 0.8743414634146341, 0.9134724857685009, 0.8668155800642189, 0.9419989642672191, 0.9728124286040667, 0.8708688245315162, 0.8699533373909515, 0.9601270289343684, 0.9555816292323165, 0.9270950770387073, 0.9694230769230769, 0.8685185185185185, 0.9136752136752136, 0.8617674418604652, 0.8490245971162002, 0.853882099209202, 0.9512987012987013, 0.907539774037353, 0.9516802906448683, 0.8700537371763556, 0.9167536923765478, 0.8768971332209107, 0.8797338792221086, 0.9165354330708662, 0.9513101290574892, 0.8042499549792905, 0.9075848303393214, 0.8825301204819277]
val step Accs: [0.8183416745570133, 0.9659140568099053, 0.7997076023391813, 0.7922111528011385, 0.7813307933052116, 0.8521623419827012, 0.8890934192360792, 0.8939852877542189, 0.6999468932554435, 0.8624410816174647, 0.8947719391837824, 0.8954609929078015, 0.8692497084359206, 0.9336177019461477, 0.8263739224137931, 0.7975888324873096]
Preds: [17, 309, 479, 479, 398, 278, 17, 17, 465, 77, 77, 54, 142, 108, 119, 351, 351, 494, 498, 468, 468, 468, 468, 467, 337, 337, 337, 337, 434, 339, 339, 94, 479, 331, 331, 84, 84, 84, 426, 426, 16, 375, 375, 375, 98, 98, 98, 98, 13, 13, 414, 259, 170, 187, 187, 442, 442, 187, 12, 2, 2, 244, 12, 12, 12, 2, 163, 2, 163, 244, 63, 63, 63, 244, 73, 73, 73, 73, 320, 320, 320, 7, 7, 7, 7, 219, 420, 420, 213, 213, 213, 213, 213, 213, 246, 246, 246, 246, 246, 246, 246, 3, 3, 3, 464, 188, 177, 177, 301, 216, 259, 354, 109, 109, 109, 403, 171, 171, 171, 171, 171, 246, 246, 246, 246, 246, 324, 422, 186, 99, 338, 338, 338, 338, 338, 400, 400, 400, 30, 464, 171, 171, 252, 252, 143, 36, 310, 310, 54, 107, 395, 395, 485, 286, 286, 464, 365, 365, 315, 315, 315, 315, 282, 282, 282, 282, 282, 413, 413, 43, 43, 43, 276, 138, 138, 138, 182, 182, 182, 182, 182, 182, 182, 426, 282, 282, 282, 282, 303, 303, 94, 199, 331, 84, 302, 302, 496, 375, 375, 130, 130, 130, 402, 196, 196, 309, 398, 398, 464, 464, 264, 468, 406, 406, 88, 43, 43, 43, 276, 276, 174, 174, 387, 413, 348, 348, 33, 398, 398, 398, 398, 464, 464, 443, 355, 355, 282, 460, 263, 263, 263, 263, 414, 414, 414, 187, 187, 187, 187, 187, 47, 47, 244, 392, 392, 73, 73, 73, 244, 75, 75, 310, 310, 323, 377, 397, 106, 106, 374, 153, 153, 424, 182, 182, 182, 182, 182, 182, 182, 497, 497, 497, 497, 122, 122, 129, 36, 310, 323, 108, 119, 437, 106, 106, 481, 481, 139, 293, 81, 81, 299, 299, 146, 324, 324, 422, 301, 143, 259, 354, 345, 109, 109, 109, 355, 355, 355, 355, 355, 355, 355, 355, 355, 355, 287, 287, 460, 460, 169, 215, 35, 259, 354, 431, 265, 111, 428, 428, 438, 438, 368, 31, 449, 449, 351, 486, 486, 443, 443, 240, 240, 449, 449, 449, 324, 324, 324, 477, 464, 464, 132, 132, 132, 381, 465, 465, 465, 259, 441, 441, 100, 100, 100, 100, 100, 375, 98, 98, 98, 48, 13, 13, 414, 170, 170, 170, 170, 28, 28, 28, 28, 63, 63, 63, 63, 244, 2, 2, 2, 2, 2, 63, 63, 63, 63, 63, 63, 244, 73, 73, 73, 73, 244, 321, 412, 287, 287, 287, 287, 284, 284, 284, 284, 450, 450, 450, 450, 16, 43, 43, 276, 276, 174, 387, 497, 497, 43, 43, 43, 8, 239, 219, 219, 464, 464, 476, 171, 171, 171, 171, 252, 252, 143, 99, 99, 338, 338, 445, 219, 219, 30, 477, 477, 374, 374, 132, 132, 186, 186, 186, 162, 482, 482, 482, 482, 482, 115, 273, 273, 106, 106, 424, 497, 497, 122, 122, 259, 310, 445, 445, 445, 351, 213, 213, 213, 324, 324, 19, 19, 19, 454, 197, 259, 7, 7, 188, 398, 398, 464, 171, 171, 252, 457, 457, 8, 364, 345, 109, 109, 109, 284, 284, 376, 376, 206, 206, 206, 167, 167, 35, 411, 100, 100, 100, 375, 98, 98, 98, 233, 259, 259, 441, 441, 100, 100, 100, 481, 387, 375, 98, 98, 98, 98, 13, 414, 414, 170, 170, 170, 170, 28, 2, 2, 2, 244, 2, 244, 63, 63, 63, 244, 63, 63, 392, 63, 73, 244, 73, 73, 73, 321, 320, 320, 7, 7, 487, 374, 374, 374, 374, 374, 374, 132, 132, 274, 274, 88, 288, 337, 337]

ep229
Train step Loss: [0.4211662709712982, 0.22964923083782196, 0.43058061599731445, 0.2646598219871521, 0.602788507938385, 0.3000178337097168, 0.739546537399292, 0.1388503909111023, 0.2851994037628174, 0.29157596826553345, 0.6490380167961121, 0.928322434425354, 0.247325137257576, 0.32557061314582825, 0.7170448899269104, 0.5696789622306824, 0.5370717644691467, 0.6698080897331238, 0.47855475544929504, 0.15792270004749298, 0.566864013671875, 0.1896536499261856, 0.29401811957359314, 0.2658001184463501, 0.28042349219322205, 0.4660378396511078, 0.27419623732566833, 0.548782229423523, 0.3686322867870331, 0.5886766910552979, 0.11995276808738708, 0.35040703415870667, 0.3527761995792389, 0.049655720591545105, 0.5361496806144714, 0.7030476927757263, 0.275147020816803, 0.8617050051689148, 0.6380826234817505, 0.5392206907272339, 0.4592231214046478, 0.10256877541542053, 0.7260521650314331, 0.5871654152870178, 0.499310702085495, 0.4488697052001953, 0.47417113184928894, 0.6335328817367554, 0.4128616750240326, 0.3410298228263855, 0.19753995537757874, 0.4391650855541229, 0.4615095555782318, 0.37053290009498596, 0.44548484683036804, 0.07024858891963959, 0.3140074610710144, 0.3099786341190338, 0.5597599148750305, 0.4762742817401886, 0.4093319773674011, 0.44795769453048706, 0.43151843547821045]
val step Loss: [0.7014757990837097, 0.8557635545730591, 1.109933614730835, 0.4552931487560272, 0.9227310419082642, 0.47354739904403687, 0.7695550918579102, 1.188794732093811, 0.8216454982757568, 0.26213428378105164, 0.8061450123786926, 0.5341255068778992, 0.7735955715179443, 0.4013432264328003, 0.522916316986084, 0.08072692155838013]
Train step Accs: [0.9054900515843773, 0.9523409968115456, 0.9125789218067023, 0.9408541498791297, 0.8538598478718239, 0.9349470499243571, 0.8304543747653023, 0.976029181865555, 0.9372146118721462, 0.9367770559340833, 0.8519870235198702, 0.7759684607473432, 0.9453732503888025, 0.9261122465021223, 0.8240350877192982, 0.8634839533769759, 0.8820455393803658, 0.8378915962207857, 0.8941317776252574, 0.9717171717171718, 0.8854625550660793, 0.9626286333273154, 0.9475144015361638, 0.939653664509358, 0.937205906214506, 0.8857419980601358, 0.943921568627451, 0.8663586866853654, 0.9157009345794392, 0.8566221142162819, 0.9818609338259994, 0.9212523719165086, 0.9205822738161047, 0.9977174161150423, 0.8978050171037628, 0.8248086290883786, 0.9430171277997365, 0.7837790596049642, 0.8581170991350632, 0.8690176322418136, 0.9013306038894575, 0.985903639806438, 0.839058742700103, 0.8627918868246123, 0.8807678110003692, 0.8928714457348819, 0.8841157110687684, 0.8458108861229797, 0.9075997813012575, 0.9365447862255756, 0.9617654000472032, 0.8989140849568827, 0.8879101899827289, 0.9148320745621084, 0.8978365384615384, 0.9945030782761654, 0.9331220813875917, 0.9272104474416614, 0.8819776714513556, 0.8924546023794615, 0.9042553191489362, 0.8918918918918919, 0.8979030594706084]
val step Accs: [0.8549199084668192, 0.8123043419082618, 0.7521039603960396, 0.9028299162575801, 0.7996573085541057, 0.9060807674454587, 0.8315657270443763, 0.7434618659530471, 0.8259043490042, 0.9541995692749462, 0.8310450038138826, 0.8850205549845838, 0.8277057388624984, 0.9140393043970026, 0.8888730993321018, 0.9945098039215686]
Preds: [17, 17, 17, 284, 486, 486, 460, 460, 169, 150, 349, 234, 234, 234, 261, 25, 25, 25, 467, 399, 399, 53, 473, 473, 473, 398, 360, 360, 360, 360, 434, 434, 434, 339, 339, 216, 81, 398, 398, 324, 360, 360, 360, 360, 360, 360, 434, 434, 434, 434, 434, 19, 19, 454, 454, 454, 417, 414, 414, 414, 249, 249, 249, 82, 80, 80, 80, 320, 321, 188, 188, 188, 290, 171, 171, 171, 434, 339, 399, 53, 345, 345, 100, 497, 497, 497, 122, 285, 285, 285, 285, 285, 241, 431, 431, 139, 139, 139, 293, 175, 122, 216, 458, 192, 192, 180, 470, 403, 290, 290, 171, 434, 434, 434, 19, 19, 19, 19, 454, 454, 414, 414, 414, 414, 414, 414, 102, 414, 47, 47, 20, 380, 73, 244, 244, 321, 7, 7, 7, 309, 309, 309, 309, 398, 398, 360, 360, 360, 360, 360, 434, 434, 434, 434, 434, 434, 434, 434, 19, 19, 454, 454, 197, 197, 197, 197, 7, 321, 7, 219, 219, 219, 219, 451, 30, 30, 286, 286, 286, 468, 468, 468, 468, 467, 380, 180, 486, 315, 315, 315, 315, 315, 315, 315, 450, 450, 203, 203, 53, 250, 250, 250, 138, 138, 138, 345, 345, 387, 186, 186, 186, 349, 349, 234, 234, 234, 234, 261, 25, 25, 374, 374, 153, 153, 153, 182, 182, 98, 98, 98, 98, 197, 259, 259, 183, 183, 183, 257, 171, 171, 257, 422, 31, 31, 342, 342, 342, 342, 115, 273, 26, 359, 171, 171, 171, 171, 171, 171, 252, 422, 143, 478, 342, 342, 342, 115, 115, 273, 273, 486, 486, 486, 460, 460, 460, 169, 35, 35, 35, 441, 441, 100, 100, 424, 424, 182, 182, 182, 182, 182, 182, 182, 182, 182, 182, 375, 375, 98, 98, 98, 13, 13, 226, 321, 75, 437, 437, 437, 405, 405, 405, 206, 98, 98, 98, 98, 13, 13, 17, 83, 403, 403, 403, 403, 403, 403, 403, 403, 403, 403, 403, 403, 403, 403, 403, 403, 403, 403, 403, 403, 403, 403, 403, 403, 403, 403, 403, 403, 403, 403, 403, 403, 403, 403, 403, 403, 403, 403, 403, 403, 403, 403, 403, 403, 403, 403, 403, 403, 403, 403, 403, 403, 403, 403, 403, 403, 403, 403, 403, 403, 403, 403, 403, 403, 403, 403, 403, 403, 403, 403, 403, 403, 403, 403, 403, 403, 403, 403, 403, 403, 403, 403, 403, 403, 403, 403, 403, 403, 403, 403, 403, 403, 403, 403, 403, 403, 403, 403, 403, 403, 403, 403, 403, 403, 403, 403, 403, 403, 403, 403, 403, 403, 403, 403, 403, 403, 403, 403, 403, 403, 403, 403, 403, 403, 403, 403, 403, 403, 403, 403, 403, 403, 403, 403, 403, 403, 403, 403, 403, 403, 403, 403, 403, 403, 403, 403, 403, 403, 403, 403, 403, 403, 403, 403, 403, 403, 403, 403, 403, 403, 403, 403, 403, 403, 403, 403, 403, 403, 403, 403, 403, 403, 403, 403, 403, 403, 403, 403, 403, 403, 403, 403, 403, 403, 403, 403, 403, 403, 403, 403, 403, 403, 403, 403, 403, 403, 403, 403, 403, 403, 403, 403, 403, 403, 403, 403, 403, 403, 403, 403, 403, 403, 403, 403, 403, 403, 403, 403, 403, 403, 403, 403, 403, 403, 403, 403, 403, 403, 403, 403, 403, 403, 403, 403, 403, 403, 403, 403, 403, 403, 403, 403, 403, 403, 403, 403, 403, 403, 403, 403, 403, 403, 403, 403, 403, 403, 403, 403, 403, 403, 403, 403, 403, 403, 403, 403, 403, 403, 403, 403, 403, 403, 403, 403, 403, 403, 403, 403, 403, 403]

ep230
Train step Loss: [0.6630550026893616, 0.1299065351486206, 0.607446551322937, 0.1136394515633583, 0.09060302376747131, 0.2749646306037903, 0.32890909910202026, 0.6625877618789673, 0.3719703257083893, 0.362361878156662, 0.4805753231048584, 0.7326840758323669, 0.3899133503437042, 0.5173501372337341, 0.5971817970275879, 0.8784661293029785, 0.060247670859098434, 0.49658870697021484, 0.3001370131969452, 0.8370517492294312, 0.102279894053936, 0.15382975339889526, 0.9404594302177429, 0.3170342445373535, 0.42782503366470337, 0.18003764748573303, 0.5609580874443054, 0.5537297129631042, 0.4729400873184204, 0.38654106855392456, 0.19012406468391418, 0.3760567903518677, 0.5988030433654785, 0.30968624353408813, 0.35843148827552795, 0.3605971336364746, 0.322296679019928, 0.35095879435539246, 0.08065687865018845, 0.8746194243431091, 0.3678360879421234, 0.2712457776069641, 0.3805558383464813, 0.3490198850631714, 0.25377821922302246, 0.5489221811294556, 0.17935492098331451, 0.2980111539363861, 0.6970086097717285, 0.35147279500961304, 0.08856002241373062, 0.4952942132949829, 0.5713943243026733, 0.40242546796798706, 0.7516552209854126, 0.5887490510940552, 0.264764666557312, 0.27329933643341064, 0.5639328956604004, 0.17291124165058136, 0.4262221157550812, 0.19010038673877716, 0.059607021510601044]
val step Loss: [0.9193992018699646, 0.5801097750663757, 0.16372840106487274, 0.669148325920105, 0.8825642466545105, 0.3208032250404358, 0.6687946319580078, 0.6778878569602966, 0.9184695482254028, 0.8475545644760132, 0.6852173805236816, 1.299863576889038, 0.5638279914855957, 0.10839527100324631, 0.5835722088813782, 0.5977649092674255]
Train step Accs: [0.8438946244215023, 0.9776728209531989, 0.8407920792079208, 0.9820596860445058, 0.9880080984270363, 0.939156626506024, 0.922927346650168, 0.8408977556109726, 0.9212465782269952, 0.9191011235955057, 0.883423180592992, 0.8190573471472348, 0.9131914893617021, 0.8741772539415277, 0.8557754704737184, 0.7753764393268379, 0.9964308209111904, 0.8829827915869981, 0.9364742228229388, 0.7921229586935639, 0.9854597583452795, 0.9694827586206897, 0.7803143093465674, 0.9333869993962568, 0.9066433566433566, 0.9606563490583628, 0.8727360153870812, 0.8751872939766258, 0.8836784409257004, 0.9136586250680211, 0.9619840104421602, 0.9170037210807312, 0.8607753884790457, 0.9327680193821926, 0.9182516459400146, 0.9155246471671098, 0.9261909244963283, 0.9263803680981595, 0.9892571012381646, 0.7862433862433862, 0.9212492814715463, 0.9406421630756232, 0.9133321370895389, 0.9190311418685121, 0.9423663509391556, 0.8640757927300851, 0.964811963932263, 0.9324159554084654, 0.8260185002952175, 0.9181214654536514, 0.988931460195828, 0.9043071161048689, 0.8668758404303003, 0.8995508982035928, 0.8225469728601252, 0.8591686361740581, 0.9434498437055981, 0.9432048681541582, 0.8597773716564213, 0.9696504688832055, 0.9015412511332729, 0.959295564047184, 0.9965116279069768]
val step Accs: [0.7969216632207673, 0.8774168600154679, 0.970721048798252, 0.8553442271631395, 0.8074927019137204, 0.9337024034566568, 0.8536139066788655, 0.8501855976243504, 0.7950111482720178, 0.8093494790199943, 0.8536087732721245, 0.7106028556319408, 0.8780641900429619, 0.9891799544419134, 0.8763691128148959, 0.868483158120575]
Preds: [17, 17, 287, 284, 319, 319, 319, 319, 450, 413, 203, 76, 76, 349, 349, 234, 234, 234, 234, 261, 25, 25, 106, 499, 499, 265, 265, 480, 85, 85, 299, 299, 388, 388, 67, 219, 324, 246, 324, 324, 324, 422, 31, 162, 162, 232, 232, 172, 172, 115, 267, 267, 267, 267, 213, 213, 252, 3, 3, 14, 411, 188, 188, 443, 443, 120, 271, 271, 31, 31, 342, 232, 232, 86, 86, 238, 336, 336, 110, 110, 486, 486, 486, 486, 468, 468, 468, 468, 203, 379, 303, 394, 243, 76, 465, 478, 310, 107, 107, 107, 395, 395, 470, 286, 264, 264, 264, 264, 264, 264, 264, 207, 207, 207, 207, 454, 454, 454, 454, 414, 170, 170, 170, 170, 170, 170, 82, 28, 2, 2, 2, 2, 2, 2, 392, 244, 392, 63, 63, 244, 73, 73, 244, 321, 320, 320, 287, 287, 106, 481, 293, 293, 293, 497, 58, 58, 72, 437, 437, 284, 284, 426, 426, 319, 348, 348, 348, 348, 348, 195, 250, 250, 76, 32, 320, 7, 354, 109, 109, 277, 277, 277, 468, 467, 337, 337, 290, 290, 360, 328, 434, 434, 324, 464, 464, 464, 340, 340, 116, 94, 479, 331, 331, 331, 138, 138, 182, 182, 182, 497, 497, 497, 497, 98, 58, 441, 437, 437, 284, 284, 426, 426, 319, 319, 348, 348, 53, 381, 381, 334, 275, 452, 452, 98, 48, 414, 414, 170, 170, 170, 170, 392, 2, 244, 392, 392, 392, 392, 392, 392, 73, 73, 73, 321, 320, 7, 7, 7, 345, 109, 109, 346, 284, 376, 376, 460, 460, 169, 271, 150, 150, 323, 323, 224, 168, 494, 106, 153, 153, 153, 387, 349, 349, 349, 349, 349, 349, 234, 261, 25, 25, 148, 100, 302, 153, 53, 274, 274, 497, 98, 98, 197, 197, 197, 321, 321, 209, 287, 287, 287, 284, 284, 284, 315, 480, 480, 480, 480, 480, 480, 282, 282, 282, 282, 282, 282, 282, 388, 388, 94, 195, 195, 195, 250, 250, 250, 250, 473, 109, 109, 290, 290, 290, 290, 207, 464, 434, 434, 252, 143, 458, 131, 192, 34, 222, 222, 134, 134, 255, 349, 349, 349, 349, 155, 261, 25, 148, 148, 148, 148, 153, 182, 182, 182, 182, 387, 406, 134, 134, 134, 134, 302, 302, 375, 132, 98, 98, 98, 98, 13, 13, 78, 170, 170, 170, 170, 28, 187, 187, 187, 187, 163, 163, 392, 73, 244, 75, 373, 373, 205, 205, 261, 261, 25, 106, 106, 106, 106, 153, 153, 182, 182, 182, 182, 182, 182, 182, 182, 182, 182, 182, 345, 345, 274, 122, 122, 122, 36, 310, 310, 310, 107, 395, 395, 84, 84, 84, 84, 84, 274, 274, 98, 98, 193, 17, 83, 403, 403, 403, 403, 403, 403, 403, 403, 403, 403, 403, 403, 403, 403, 403, 403, 403, 403, 403, 403, 403, 403, 403, 403, 403, 403, 403, 403, 403, 403, 403, 403, 403, 403, 403, 403, 403, 403, 403, 403, 403, 403, 403, 403, 403, 403, 403, 403, 403, 403, 403, 403, 403, 403, 403, 403, 403, 403, 403, 403, 403, 403, 403, 403, 403, 403, 403, 403, 403, 403, 403, 403, 403, 403, 403, 403, 403, 403, 403, 403, 403, 403, 403, 403, 403, 403, 403, 403, 403, 403, 403, 403, 403, 403, 403, 403, 403, 403, 403, 403, 403, 403, 403, 403, 403, 403, 403, 403, 403, 403, 403, 403, 403, 403, 403, 403, 403, 403, 403, 403, 403, 403, 403, 403, 403, 403, 403, 403, 403, 403, 403, 403, 403, 403, 403, 403, 403, 403, 403, 403, 403, 403, 403, 403]

ep231
Train step Loss: [0.10595180094242096, 0.67857825756073, 0.43297654390335083, 0.3930147588253021, 0.2786097228527069, 0.5746912360191345, 0.26794764399528503, 0.2827003598213196, 0.5659494996070862, 0.23961883783340454, 0.42694345116615295, 0.6002840399742126, 0.29705074429512024, 0.11842730641365051, 0.42117688059806824, 0.13382385671138763, 0.10848332941532135, 0.42712482810020447, 0.37416812777519226, 0.5271223783493042, 0.495967298746109, 0.19118307530879974, 0.7861275672912598, 0.2710213363170624, 0.8153132796287537, 0.8005663156509399, 0.6140295267105103, 0.5273199677467346, 0.30858704447746277, 0.10387557744979858, 0.47414591908454895, 0.5671027302742004, 0.23947785794734955, 0.3859964609146118, 0.5044648051261902, 0.5428255200386047, 0.6090943217277527, 0.36065801978111267, 0.6831309795379639, 0.22909782826900482, 0.3355923593044281, 0.29055994749069214, 0.4715300500392914, 0.5066913962364197, 0.3854302763938904, 0.3545041084289551, 0.2803899049758911, 0.35380804538726807, 0.14705148339271545, 0.1761585921049118, 0.4348459243774414, 0.752435564994812, 0.2478654831647873, 0.6037459969520569, 0.2534131109714508, 0.30569958686828613, 0.32795271277427673, 0.7900457382202148, 0.7941246628761292, 0.4186020791530609, 0.3088165819644928, 0.2981014847755432, 1.2692015171051025]
val step Loss: [0.6735448837280273, 0.5205193161964417, 0.6681568026542664, 0.653694748878479, 0.5808565616607666, 0.7053642272949219, 0.35661831498146057, 0.5706305503845215, 1.1622302532196045, 0.9166877865791321, 0.608656644821167, 1.2613520622253418, 0.6740859746932983, 0.5572291016578674, 0.4466785788536072, 0.7108168601989746]
Train step Accs: [0.9825462012320328, 0.8345878136200717, 0.8935118434603502, 0.9156056154097291, 0.9416635302973279, 0.8568190404231205, 0.9454949944382648, 0.9344549596915528, 0.8548992830317514, 0.9438387842748596, 0.8942753996905621, 0.8497964431112064, 0.930211616389014, 0.9777036882683893, 0.9015586546349467, 0.9761720263463773, 0.9823269513991163, 0.9014333746239603, 0.9112030553787397, 0.874766355140187, 0.8873285973897241, 0.9604764482945317, 0.8067194439080904, 0.9369369369369369, 0.8095579022731341, 0.8223684210526315, 0.8515361392292665, 0.8809484330956724, 0.926663174436878, 0.9814251941911516, 0.889613034623218, 0.8540268456375839, 0.9506595017098193, 0.9263628239499553, 0.8900852400179453, 0.8796463075159653, 0.8519216277317258, 0.9193445413917855, 0.8395970554048818, 0.9540826927072512, 0.9223833097595474, 0.9371312995112085, 0.8867758408170453, 0.876925740003462, 0.9109190001879346, 0.9173553719008265, 0.9474153297682709, 0.9135115736587116, 0.972288337300238, 0.9644866385372715, 0.903276955602537, 0.8143855462757797, 0.94447391688771, 0.8556927761800034, 0.9455035624879645, 0.9306142346441338, 0.9321877876649279, 0.8039538714991763, 0.8218957176133309, 0.8988644965934898, 0.9310154525386314, 0.9263716814159292, 0.7075630252100841]
val step Accs: [0.8535117056856187, 0.8966065747613998, 0.8657912923289565, 0.8605168102250625, 0.8769190736403851, 0.8528040327662256, 0.9313607890177262, 0.882047181127549, 0.7425194870505406, 0.7974732006125574, 0.8680267771756455, 0.7214267771916604, 0.8481753812636166, 0.8768656716417911, 0.9072253099615221, 0.8334930522280786]
Preds: [17, 17, 17, 145, 284, 284, 284, 450, 450, 450, 43, 43, 43, 43, 276, 276, 153, 153, 138, 182, 182, 182, 182, 182, 182, 182, 98, 98, 98, 98, 98, 197, 226, 226, 226, 209, 287, 287, 110, 145, 111, 111, 322, 322, 67, 10, 10, 479, 398, 398, 398, 301, 399, 43, 43, 250, 138, 138, 138, 153, 387, 387, 109, 146, 146, 324, 324, 422, 99, 99, 338, 338, 338, 338, 338, 338, 395, 395, 395, 278, 278, 278, 374, 378, 416, 8, 259, 208, 100, 100, 100, 375, 122, 122, 122, 233, 82, 75, 75, 66, 68, 68, 68, 224, 25, 267, 444, 448, 324, 464, 464, 58, 315, 486, 319, 319, 72, 72, 203, 7, 364, 276, 276, 276, 276, 153, 153, 182, 182, 182, 182, 375, 98, 98, 98, 98, 426, 426, 282, 282, 59, 282, 282, 282, 413, 413, 413, 303, 413, 303, 303, 303, 303, 303, 309, 309, 479, 479, 331, 331, 106, 481, 481, 481, 481, 182, 387, 293, 375, 98, 263, 263, 263, 78, 170, 170, 170, 170, 170, 392, 392, 392, 392, 392, 392, 392, 392, 63, 63, 63, 63, 63, 63, 63, 63, 63, 63, 63, 392, 392, 392, 392, 244, 244, 289, 289, 321, 7, 7, 420, 324, 324, 324, 464, 464, 464, 110, 486, 486, 460, 460, 169, 349, 349, 234, 234, 234, 234, 261, 25, 25, 485, 324, 324, 324, 464, 464, 464, 139, 139, 426, 426, 426, 413, 348, 10, 10, 473, 398, 398, 340, 340, 116, 94, 199, 302, 88, 274, 122, 122, 129, 129, 75, 342, 68, 115, 273, 273, 151, 151, 151, 240, 215, 35, 129, 259, 354, 354, 420, 286, 286, 286, 286, 374, 374, 374, 374, 374, 246, 246, 246, 477, 132, 132, 132, 375, 375, 375, 98, 98, 98, 13, 401, 82, 401, 321, 75, 208, 208, 441, 437, 437, 437, 481, 481, 375, 375, 98, 98, 98, 263, 13, 193, 17, 83, 403, 403, 403, 403, 403, 403, 403, 403, 403, 403, 403, 403, 403, 403, 403, 403, 403, 403, 403, 403, 403, 403, 403, 403, 403, 403, 403, 403, 403, 403, 403, 403, 403, 403, 403, 403, 403, 403, 403, 403, 403, 403, 403, 403, 403, 403, 403, 403, 403, 403, 403, 403, 403, 403, 403, 403, 403, 403, 403, 403, 403, 403, 403, 403, 403, 403, 403, 403, 403, 403, 403, 403, 403, 403, 403, 403, 403, 403, 403, 403, 403, 403, 403, 403, 403, 403, 403, 403, 403, 403, 403, 403, 403, 403, 403, 403, 403, 403, 403, 403, 403, 403, 403, 403, 403, 403, 403, 403, 403, 403, 403, 403, 403, 403, 403, 403, 403, 403, 403, 403, 403, 403, 403, 403, 403, 403, 403, 403, 403, 403, 403, 403, 403, 403, 403, 403, 403, 403, 403, 403, 403, 403, 403, 403, 403, 403, 403, 403, 403, 403, 403, 403, 403, 403, 403, 403, 403, 403, 403, 403, 403, 403, 403, 403, 403, 403, 403, 403, 403, 403, 403, 403, 403, 403, 403, 403, 403, 403, 403, 403, 403, 403, 403, 403, 403, 403, 403, 403, 403, 403, 403, 403, 403, 403, 403, 403, 403, 403, 403, 403, 403, 403, 403, 403, 403, 403, 403, 403, 403, 403, 403, 403, 403, 403, 403, 403, 403, 403, 403, 403, 403, 403, 403, 403, 403, 403, 403, 403, 403, 403, 403, 403, 403, 403, 403, 403, 403, 403, 403, 403, 403, 403, 403, 403, 403, 403, 403, 403, 403, 403, 403, 403, 403, 403, 403, 403, 403, 403, 403, 403, 403, 403, 403, 403, 403, 403, 403, 403, 403, 403, 403, 403, 403, 403, 403]

ep232
Train step Loss: [0.12834933400154114, 0.2131659835577011, 0.48480042815208435, 0.3278152048587799, 0.26243123412132263, 1.1392312049865723, 0.5890085101127625, 0.3772352635860443, 0.4419666528701782, 0.6106566786766052, 0.22814176976680756, 0.19141288101673126, 0.2626119554042816, 0.25042790174484253, 0.9477338790893555, 0.6543092727661133, 0.39028534293174744, 0.3416215181350708, 0.36947712302207947, 0.20869971811771393, 0.2656034231185913, 0.33021530508995056, 0.8409389853477478, 0.5366573333740234, 0.3893328309059143, 0.35316938161849976, 0.15050792694091797, 0.5717581510543823, 0.2525636553764343, 0.43498414754867554, 0.04528413340449333, 0.1882234662771225, 0.6125580668449402, 0.4372148811817169, 0.9119383096694946, 0.04706770181655884, 0.3372195363044739, 0.28949013352394104, 0.16624611616134644, 0.3534914255142212, 0.04467015713453293, 0.19682487845420837, 0.3732490837574005, 0.7639684081077576, 0.1588687300682068, 0.3524259030818939, 0.1511373519897461, 0.3751080334186554, 0.3556550145149231, 0.6751262545585632, 0.4667728841304779, 0.6151406764984131, 0.3986024856567383, 0.5029100775718689, 0.6916205883026123, 0.32295751571655273, 0.30860212445259094, 0.7749941349029541, 0.5407381057739258, 0.7864197492599487, 0.5125514268875122, 0.410127192735672, 0.17963100969791412]
val step Loss: [0.47922617197036743, 0.3864698112010956, 0.6115225553512573, 0.470550537109375, 0.3893640339374542, 0.8868942260742188, 0.5555291771888733, 0.8300100564956665, 1.0072596073150635, 0.7709186673164368, 0.9285940527915955, 1.2500869035720825, 1.0452637672424316, 0.509846568107605, 0.49505406618118286, 0.7032415866851807]
Train step Accs: [0.9767969295184926, 0.9553940194944656, 0.8856887298747764, 0.9221795418978518, 0.9404615113616347, 0.7287811104020421, 0.8533377178559685, 0.9110780984719864, 0.9007169237453835, 0.847841857091041, 0.9516530394596516, 0.9573643410852714, 0.939624770771618, 0.9476833384473765, 0.7636909227306826, 0.8371253726659345, 0.9162623539982031, 0.9245863793766833, 0.9179664933564413, 0.9542086262587878, 0.9389013452914798, 0.9198369565217391, 0.8127905112998878, 0.8722814498933902, 0.9098113805674434, 0.9176947155220033, 0.9704520044721291, 0.8605498509440211, 0.9438660027161612, 0.8975716633193354, 0.9992999649982499, 0.9589962276529441, 0.840810900631439, 0.9063207382900923, 0.762718023255814, 0.99788508988368, 0.9209082308420057, 0.9349618320610688, 0.9597354600272321, 0.9246777449914583, 0.9995008319467554, 0.9577327619789637, 0.9145627146031104, 0.8048910154173312, 0.9660163624921334, 0.9167361922242616, 0.97145822522055, 0.9148064714314971, 0.9119638826185101, 0.8275552898983861, 0.899277108433735, 0.8585399135774392, 0.9002165583874729, 0.8790273556231003, 0.8364727799627406, 0.9299334811529933, 0.9266842800528402, 0.8185993111366245, 0.8696614295198053, 0.8151020408163265, 0.8858188472095151, 0.8951854066985646, 0.9636998254799302]
val step Accs: [0.9001047394605918, 0.9231708972444685, 0.8702290076335878, 0.8986771742189699, 0.9190813192682601, 0.8117480537862704, 0.8750333422245933, 0.8182059096329667, 0.7640858815875081, 0.8370724531077602, 0.8020318506315212, 0.7290432951704171, 0.7597802786709539, 0.8984967788117394, 0.8909921671018277, 0.8418261471062947]
Preds: [17, 188, 324, 324, 422, 143, 143, 14, 14, 209, 287, 145, 145, 111, 111, 85, 85, 146, 146, 438, 438, 335, 14, 14, 14, 287, 145, 145, 145, 486, 265, 428, 85, 85, 85, 207, 207, 207, 19, 19, 454, 454, 454, 454, 414, 56, 56, 170, 170, 312, 187, 187, 187, 187, 1, 1, 1, 1, 1, 408, 408, 391, 391, 391, 228, 73, 73, 321, 321, 287, 287, 287, 287, 284, 284, 284, 284, 284, 426, 284, 450, 450, 450, 450, 450, 293, 293, 98, 169, 349, 349, 349, 234, 234, 234, 234, 261, 25, 25, 106, 346, 426, 426, 480, 85, 85, 85, 299, 330, 330, 388, 388, 116, 309, 398, 398, 398, 398, 464, 464, 464, 330, 330, 139, 139, 315, 319, 319, 450, 450, 450, 450, 413, 413, 43, 43, 43, 276, 276, 174, 174, 174, 284, 284, 284, 355, 355, 355, 355, 426, 426, 450, 450, 293, 293, 43, 43, 43, 276, 276, 346, 346, 346, 428, 428, 85, 146, 285, 285, 285, 285, 285, 285, 337, 337, 324, 324, 422, 422, 31, 162, 232, 232, 172, 172, 115, 115, 267, 267, 267, 267, 213, 3, 3, 3, 14, 188, 188, 464, 120, 120, 120, 271, 271, 271, 31, 162, 232, 232, 232, 232, 172, 172, 115, 115, 273, 273, 273, 273, 84, 84, 84, 84, 355, 355, 355, 452, 452, 452, 263, 48, 48, 414, 414, 170, 170, 170, 170, 170, 244, 28, 2, 2, 2, 2, 2, 63, 63, 2, 63, 63, 63, 63, 63, 63, 63, 63, 63, 63, 244, 63, 244, 73, 320, 249, 441, 441, 441, 441, 441, 153, 153, 424, 497, 497, 497, 122, 122, 216, 198, 127, 371, 114, 180, 443, 443, 486, 486, 460, 240, 240, 285, 285, 285, 285, 300, 134, 134, 134, 88, 42, 42, 42, 147, 147, 380, 380, 288, 288, 288, 213, 213, 213, 246, 246, 246, 246, 246, 246, 246, 246, 19, 19, 19, 454, 454, 454, 414, 414, 170, 170, 170, 170, 170, 28, 28, 28, 28, 2, 2, 244, 2, 63, 244, 63, 63, 63, 63, 63, 63, 63, 63, 63, 63, 63, 435, 63, 63, 63, 163, 244, 63, 63, 63, 63, 73, 73, 244, 73, 321, 7, 7, 7, 7, 7, 7, 398, 398, 374, 374, 374, 374, 374, 378, 378, 378, 43, 43, 276, 276, 276, 346, 346, 346, 284, 284, 284, 405, 405, 405, 206, 206, 206, 206, 206, 206, 98, 167, 197, 197, 226, 321, 75, 287, 287, 287, 287, 284, 284, 284, 284, 284, 284, 284, 426, 426, 426, 426, 426, 426, 426, 450, 450, 282, 413, 388, 94, 94, 94, 199, 467, 337, 337, 337, 207, 207, 207, 464, 464, 464, 468, 467, 467, 467, 467, 313, 200, 375, 76, 76, 465, 349, 393, 155, 155, 155, 441, 441, 148, 148, 153, 153, 153, 182, 182, 182, 182, 182, 182, 132, 88, 88, 88, 182, 497, 497, 497, 43, 399, 70, 70, 70, 65, 65, 46, 46, 46, 46, 146, 146, 146, 464, 464, 464, 324, 324, 464, 464, 286, 468, 406, 406, 406, 359, 324, 464, 464, 464, 355, 355, 355, 355, 263, 263, 17, 83, 403, 403, 403, 403, 403, 403, 403, 403, 403, 403, 403, 403, 403, 403, 403, 403, 403, 403, 403, 403, 403, 403, 403, 403, 403, 403, 403, 403, 403, 403, 403, 403, 403, 403, 403, 403, 403, 403, 403, 403, 403, 403, 403, 403, 403, 403, 403, 403, 403, 403, 403, 403, 403, 403, 403, 403, 403, 403, 403, 403, 403, 403, 403, 403, 403, 403, 403, 403, 403, 403, 403, 403, 403, 403]

ep233
Train step Loss: [0.13685642182826996, 0.08842191100120544, 0.03928099572658539, 0.18617793917655945, 0.43789443373680115, 0.3873089849948883, 0.5519047975540161, 0.3686642050743103, 0.5944375991821289, 0.7919348478317261, 0.04224570840597153, 0.7968544363975525, 0.4546692371368408, 0.29614973068237305, 0.040136389434337616, 0.7727848887443542, 0.775982677936554, 0.2046540528535843, 0.08645042032003403, 0.48109540343284607, 0.35532230138778687, 0.5320616364479065, 0.47636541724205017, 0.17183344066143036, 0.644447922706604, 0.6232615113258362, 0.14616383612155914, 0.42593392729759216, 0.3166238069534302, 0.3148006796836853, 0.11945416033267975, 0.5113013386726379, 0.27330368757247925, 0.4440828561782837, 0.4191315174102783, 0.6646676659584045, 0.6796481609344482, 0.7971674799919128, 0.4006316661834717, 0.3703438639640808, 0.42797571420669556, 0.3746524751186371, 0.5843835473060608, 0.4036674201488495, 0.2043708711862564, 0.5868736505508423, 0.4916940927505493, 0.08593535423278809, 0.619318962097168, 0.3836425840854645, 0.10235831141471863, 0.25958964228630066, 0.3648243248462677, 0.38227614760398865, 0.5550615191459656, 1.0563249588012695, 0.3182166516780853, 0.37736812233924866, 0.47152450680732727, 0.625134289264679, 0.34556204080581665, 0.5426823496818542, 0.7107428908348083]
val step Loss: [1.045985460281372, 0.4142802059650421, 0.8188818693161011, 0.5112331509590149, 0.831627607345581, 0.5716241598129272, 0.3631425201892853, 0.7094270586967468, 0.37142661213874817, 0.9730393290519714, 0.3605056703090668, 0.8426456451416016, 0.7199196219444275, 0.7156824469566345, 0.6652030944824219, 0.9620426297187805]
Train step Accs: [0.9752128666035951, 0.9880786499458121, 0.9990893914099256, 0.9573515092502435, 0.8907724292339677, 0.9053524804177546, 0.8632092518973618, 0.9087591240875912, 0.863130881094953, 0.81824, 0.9983850129198967, 0.8182537171781082, 0.8970617235259317, 0.932055985867645, 0.9989581524570238, 0.8216417910447761, 0.8030563186813187, 0.950762695501062, 0.9889339727037993, 0.8762306610407876, 0.9216646266829865, 0.8685800604229608, 0.8890177880897139, 0.9631690947781961, 0.8394339622641509, 0.8526352899700335, 0.9714543812104788, 0.8973963686193902, 0.9323970483218281, 0.9367666232073012, 0.9759965709387055, 0.8725611644471972, 0.943758850900263, 0.8930715560603603, 0.8989519477951354, 0.8292597151397925, 0.8421325947723732, 0.797994044820561, 0.9121936084393423, 0.914967562557924, 0.8910858461031471, 0.904396482813749, 0.8614479970599045, 0.9084861560589715, 0.9553843397240638, 0.8521884272997032, 0.8766903914590747, 0.9882928533985672, 0.8511806699615596, 0.911487758945386, 0.9833683808067292, 0.9370184254606365, 0.9144486692015209, 0.9098039215686274, 0.8645490454246214, 0.752524252623243, 0.9247494217424826, 0.9086062452399086, 0.8847438752783965, 0.8668693009118541, 0.921919411469654, 0.8750413770274743, 0.8254172015404364]
val step Accs: [0.758025395919532, 0.9197183098591549, 0.8123442310511655, 0.8896029705798343, 0.810400562192551, 0.8685612788632326, 0.9243532058492688, 0.847762707567499, 0.9212698412698412, 0.7858814352574103, 0.9333917616126205, 0.8118442849254556, 0.839194045174538, 0.8522951628825272, 0.859338061465721, 0.7868641339343206]
Preds: [17, 17, 17, 309, 309, 309, 473, 398, 324, 324, 434, 301, 339, 8, 8, 259, 354, 354, 420, 213, 213, 213, 324, 19, 19, 19, 454, 454, 454, 439, 78, 170, 170, 170, 170, 392, 237, 237, 237, 237, 237, 237, 237, 28, 244, 244, 244, 28, 63, 392, 63, 63, 63, 63, 63, 63, 63, 63, 63, 63, 63, 63, 63, 63, 63, 63, 63, 63, 63, 63, 63, 63, 63, 63, 63, 63, 63, 63, 63, 392, 244, 289, 289, 289, 287, 287, 287, 284, 284, 284, 284, 111, 85, 240, 240, 240, 314, 314, 243, 197, 414, 414, 414, 414, 47, 392, 392, 244, 80, 102, 321, 102, 102, 102, 102, 320, 320, 479, 331, 331, 307, 307, 61, 61, 167, 167, 457, 35, 401, 7, 196, 479, 473, 65, 429, 360, 171, 171, 171, 171, 171, 246, 3, 19, 3, 3, 197, 226, 320, 188, 188, 188, 340, 203, 399, 70, 70, 70, 138, 65, 174, 319, 319, 240, 251, 251, 241, 431, 443, 486, 486, 264, 264, 468, 468, 443, 443, 240, 271, 150, 150, 35, 342, 68, 68, 224, 26, 26, 494, 444, 448, 324, 324, 324, 464, 464, 464, 464, 459, 50, 271, 143, 458, 96, 96, 66, 68, 68, 68, 261, 25, 25, 106, 499, 284, 284, 306, 306, 306, 85, 59, 59, 452, 452, 48, 414, 170, 82, 170, 392, 392, 392, 392, 392, 392, 392, 392, 392, 392, 73, 289, 320, 320, 345, 345, 345, 132, 122, 236, 32, 32, 239, 259, 75, 371, 180, 180, 319, 319, 319, 319, 240, 388, 64, 64, 199, 374, 132, 132, 132, 132, 132, 359, 325, 34, 444, 324, 324, 324, 246, 246, 246, 246, 246, 246, 3, 3, 14, 14, 440, 440, 287, 284, 284, 265, 306, 85, 85, 59, 59, 59, 59, 59, 406, 42, 42, 147, 147, 147, 337, 41, 324, 324, 324, 301, 301, 8, 32, 32, 259, 259, 354, 354, 284, 284, 265, 376, 460, 17, 403, 403, 403, 403, 403, 403, 403, 403, 403, 403, 403, 403, 403, 403, 403, 403, 403, 403, 403, 403, 403, 403, 403, 403, 403, 403, 403, 403, 403, 403, 403, 403, 403, 403, 403, 403, 403, 403, 403, 403, 403, 403, 403, 403, 403, 403, 403, 403, 403, 403, 403, 403, 403, 403, 403, 403, 403, 403, 403, 403, 403, 403, 403, 403, 403, 403, 403, 403, 403, 403, 403, 403, 403, 403, 403, 403, 403, 403, 403, 403, 403, 403, 403, 403, 403, 403, 403, 403, 403, 403, 403, 403, 403, 403, 403, 403, 403, 403, 403, 403, 403, 403, 403, 403, 403, 403, 403, 403, 403, 403, 403, 403, 403, 403, 403, 403, 403, 403, 403, 403, 403, 403, 403, 403, 403, 403, 403, 403, 403, 403, 403, 403, 403, 403, 403, 403, 403, 403, 403, 403, 403, 403, 403, 403, 403, 403, 403, 403, 403, 403, 403, 403, 403, 403, 403, 403, 403, 403, 403, 403, 403, 403, 403, 403, 403, 403, 403, 403, 403, 403, 403, 403, 403, 403, 403, 403, 403, 403, 403, 403, 403, 403, 403, 403, 403, 403, 403, 403, 403, 403, 403, 403, 403, 403, 403, 403, 403, 403, 403, 403, 403, 403, 403, 403, 403, 403, 403, 403, 403, 403, 403, 403, 403, 403, 403, 403, 403, 403, 403, 403, 403, 403, 403, 403, 403, 403, 403, 403, 403, 403, 403, 403, 403, 403, 403, 403, 403, 403, 403, 403, 403, 403, 403, 403, 403, 403, 403, 403, 403, 403, 403, 403, 403, 403, 403, 403, 403, 403, 403, 403, 403, 403, 403, 403, 403, 403, 403, 403, 403, 403, 403]

ep234
Train step Loss: [0.5088242292404175, 0.08840811252593994, 0.8091054558753967, 0.46183961629867554, 0.12712712585926056, 0.6453621983528137, 0.5845277309417725, 0.46853286027908325, 0.6200994253158569, 0.3236151933670044, 0.5608633160591125, 0.36876216530799866, 0.3840303421020508, 0.48740923404693604, 0.29745033383369446, 0.2806195616722107, 0.4784092903137207, 0.3876502811908722, 0.4063206911087036, 0.5600867867469788, 0.2358022928237915, 0.14357461035251617, 0.4210081100463867, 0.208710715174675, 0.33312171697616577, 0.37615981698036194, 0.4960983097553253, 0.07837732881307602, 0.3279811441898346, 0.471285879611969, 0.41561928391456604, 0.5295613408088684, 0.4176606833934784, 0.16881699860095978, 0.5592899322509766, 0.3218801021575928, 0.19810126721858978, 0.635750412940979, 0.6772992610931396, 0.33958038687705994, 0.418840229511261, 0.5671179890632629, 0.9785816669464111, 0.2589406371116638, 0.6933948993682861, 0.49840015172958374, 0.2876647710800171, 0.35046350955963135, 0.4292720854282379, 0.535560667514801, 0.3296352028846741, 0.21255190670490265, 0.4943554997444153, 0.37275537848472595, 0.2409498244524002, 0.2453523427248001, 0.14451582729816437, 0.19243918359279633, 0.8399297595024109, 0.4150860905647278, 0.2546297013759613, 0.46860283613204956, 0.20820577442646027]
val step Loss: [0.8640106916427612, 0.7364898920059204, 0.7266837954521179, 0.6263812184333801, 0.4907403588294983, 0.8547577261924744, 0.8975033164024353, 0.4004558026790619, 0.9651118516921997, 0.8679932355880737, 0.39035266637802124, 0.693595290184021, 1.2318843603134155, 0.33070698380470276, 0.9699568152427673, 0.14942768216133118]
Train step Accs: [0.8860819080495842, 0.9869339272457313, 0.7927525883612996, 0.8946329204810627, 0.9750889679715302, 0.8418267049750492, 0.8571662036280437, 0.8830921553693831, 0.841852487135506, 0.919674039580908, 0.8592467915001052, 0.9167374681393373, 0.9023574653068048, 0.8892377463806035, 0.9371045775958318, 0.9328762179718513, 0.8864523322802453, 0.9142394822006472, 0.907889839970227, 0.8641265276779295, 0.9475735033652143, 0.9721383014434374, 0.8958886978271065, 0.9514423076923076, 0.9212995135510771, 0.9234142521534847, 0.8863775198533903, 0.988466173179549, 0.9245665805975655, 0.8802897445672894, 0.8981094194411913, 0.8693513679680295, 0.9009622501850482, 0.9674670797831139, 0.8629812438302074, 0.9219066937119675, 0.9579044117647059, 0.8349056603773585, 0.8292223686688006, 0.9212283044058746, 0.8981788079470199, 0.859718309859155, 0.7844593370766165, 0.9408602150537635, 0.8430013858641853, 0.8869523504956828, 0.9389729159338727, 0.9240976645435244, 0.9176209826376062, 0.8690120936076645, 0.921012400203839, 0.9531883523774419, 0.8778889272162814, 0.9125672916279933, 0.9500976735926123, 0.9405646359583952, 0.9729259330883775, 0.9549121974371144, 0.774865474743968, 0.8978126565369845, 0.9389970704807858, 0.9065373683330546, 0.9488683989941324]
val step Accs: [0.8157780667533593, 0.8470095693779904, 0.8388638536119077, 0.8646741918932787, 0.8919024137036076, 0.806646884272997, 0.7915484545318799, 0.9144534526139223, 0.7743287288530187, 0.8010534846029174, 0.9188728702490171, 0.8413087345056213, 0.7173969406274306, 0.931973898858075, 0.8023469013568023, 0.9738822487826472]
Preds: [17, 17, 296, 217, 479, 331, 360, 360, 360, 360, 143, 465, 458, 458, 458, 192, 445, 351, 351, 351, 432, 432, 330, 330, 330, 434, 434, 434, 200, 219, 219, 219, 19, 19, 19, 19, 19, 19, 454, 454, 102, 102, 102, 102, 102, 102, 170, 82, 170, 102, 392, 392, 392, 63, 63, 63, 63, 63, 63, 63, 63, 63, 73, 244, 289, 320, 321, 7, 7, 309, 479, 479, 398, 324, 177, 143, 143, 129, 401, 401, 196, 196, 70, 65, 46, 46, 46, 167, 146, 438, 285, 251, 324, 324, 191, 191, 191, 251, 32, 10, 251, 241, 241, 241, 431, 106, 106, 387, 153, 153, 182, 182, 182, 182, 182, 182, 497, 122, 129, 401, 354, 208, 109, 100, 375, 122, 122, 401, 36, 342, 449, 494, 377, 324, 324, 236, 36, 401, 401, 244, 75, 108, 494, 377, 106, 387, 387, 206, 206, 215, 167, 401, 401, 401, 244, 354, 354, 420, 219, 109, 403, 403, 403, 207, 207, 207, 207, 207, 207, 207, 207, 207, 207, 454, 229, 229, 229, 170, 170, 170, 392, 392, 392, 392, 392, 392, 392, 63, 63, 63, 63, 63, 63, 63, 73, 392, 244, 320, 7, 287, 287, 460, 460, 460, 460, 460, 43, 43, 215, 251, 88, 109, 153, 153, 182, 387, 387, 122, 403, 146, 207, 207, 207, 207, 246, 246, 454, 17, 32, 338, 338, 338, 338, 338, 338, 338, 338, 400, 400, 213, 324, 286, 464, 355, 355, 355, 31, 31, 338, 338, 338, 338, 338, 338, 338, 400, 213, 213, 485, 286, 464, 313, 10, 398, 398, 398, 398, 398, 398, 331, 481, 426, 206, 206, 206, 450, 450, 98, 98, 98, 98, 413, 413, 37, 303, 243, 32, 310, 478, 107, 107, 395, 395, 278, 180, 264, 264, 264, 406, 43, 43, 355, 43, 43, 98, 98, 98, 98, 98, 233, 233, 75, 188, 441, 460, 98, 481, 98, 98, 98, 98, 229, 170, 170, 392, 392, 392, 392, 63, 63, 63, 63, 63, 63, 63, 63, 63, 63, 63, 63, 63, 63, 63, 63, 63, 63, 63, 63, 63, 63, 63, 63, 63, 63, 73, 7, 287, 287, 7, 287, 460, 460, 460, 460, 460, 111, 111, 314, 94, 10, 10, 251, 241, 331, 398, 398, 398, 443, 324, 301, 301, 464, 464, 246, 246, 246, 246, 246, 246, 246, 246, 422, 186, 338, 338, 338, 338, 338, 338, 400, 213, 219, 464, 477, 374, 132, 132, 132, 132, 88, 88, 387, 387, 387, 497, 122, 122, 401, 401, 354, 354, 354, 354, 354, 100, 213, 213, 213, 213, 301, 143, 458, 401, 208, 244, 100, 354, 106, 106, 213, 325, 325, 34, 41, 19, 324, 324, 19, 17, 32, 32, 32, 354, 75, 445, 213, 213, 180, 443, 171, 252, 32, 458, 458, 445, 445, 324, 464, 464, 240, 240, 240, 36, 239, 401, 354, 354, 75, 106, 213, 213, 213, 213, 246, 246, 48, 442, 303, 48, 48, 170, 244, 82, 392, 392, 392, 392, 392, 392, 392, 73, 73, 289, 7, 320, 320, 127, 213, 213, 213, 213, 246, 246, 246, 246, 17, 229, 229, 244, 244, 244, 32, 32, 354, 354, 354, 107, 395, 395, 278, 278, 264, 264, 443, 120, 120, 240, 35, 35, 239, 401, 32, 354, 196, 473, 473, 171, 171, 324, 324, 324, 239, 239, 310, 107, 107, 395, 395, 395, 395, 213, 213, 19, 17, 229, 17, 17, 219, 264, 403, 403, 403, 403, 403, 403, 403, 403, 403, 403, 403, 403, 403, 403, 403, 403, 403, 403, 403, 403, 403, 403, 403, 403, 403, 403, 403, 403, 403, 403, 403]

ep235
Train step Loss: [0.21889130771160126, 0.4385068118572235, 0.2504758834838867, 0.9777354598045349, 0.29569071531295776, 0.5027227997779846, 0.21534380316734314, 0.4650650918483734, 0.25665903091430664, 0.35716697573661804, 0.5184195637702942, 0.668715238571167, 0.49991509318351746, 0.15528255701065063, 0.28948965668678284, 0.6770251989364624, 0.4582061767578125, 0.1830732226371765, 0.3845638930797577, 0.11068712174892426, 0.1626291424036026, 0.15633442997932434, 0.06155700236558914, 0.8232421278953552, 0.18750497698783875, 0.44505587220191956, 0.5950272679328918, 0.2632402181625366, 0.6568480730056763, 0.3617168962955475, 0.6375462412834167, 0.14372575283050537, 0.6195523738861084, 0.37760716676712036, 0.4952228367328644, 0.22753728926181793, 0.5315620303153992, 0.40931829810142517, 0.9362486600875854, 0.12009827047586441, 0.741142988204956, 0.1635364145040512, 0.29402875900268555, 0.5007294416427612, 0.17509353160858154, 0.5422325730323792, 0.10301252454519272, 0.42643317580223083, 0.14124520123004913, 0.08313864469528198, 0.6797982454299927, 0.33694395422935486, 0.41313794255256653, 0.5862354636192322, 0.6123953461647034, 0.17046935856342316, 0.18477754294872284, 0.48740115761756897, 0.44848501682281494, 0.3330098092556, 0.11929551512002945, 0.5832130312919617, 0.035983823239803314]
val step Loss: [0.38093918561935425, 1.1838234663009644, 0.8999558091163635, 0.8583815097808838, 0.6119653582572937, 0.4760226011276245, 0.653837263584137, 1.0089147090911865, 0.43467387557029724, 0.6896308064460754, 0.43929654359817505, 1.0210723876953125, 0.36809828877449036, 0.7862852811813354, 0.7158331274986267, 0.4068600833415985]
Train step Accs: [0.9537286612758311, 0.8932206644901095, 0.9386395511921458, 0.7527216174183515, 0.9368678060690617, 0.8766090474439132, 0.9543313536760188, 0.8753788554109467, 0.9353593015446608, 0.9157392686804452, 0.8738756745952428, 0.8253308128544423, 0.8687472002389129, 0.9704095935212583, 0.9291625289639193, 0.8471197614189295, 0.8949354518371401, 0.9622842910514143, 0.9056711857933931, 0.979975832901778, 0.9637874274964728, 0.9688869412795793, 0.9929316133592507, 0.7917518745739605, 0.9597627031209698, 0.8920134983127109, 0.8555740895190437, 0.9415859564164649, 0.8429271835845288, 0.9125, 0.8350239234449761, 0.9704697986577181, 0.8530215090474564, 0.9123549702100973, 0.8986418001216299, 0.9517277305087689, 0.8673803151947665, 0.90523287178565, 0.7800632911392406, 0.9771560999834464, 0.8150310105800803, 0.9659383033419023, 0.9386571909481952, 0.8784139519578809, 0.9609017814914078, 0.8706080048884816, 0.9802085174059021, 0.8957771787960467, 0.9718518518518519, 0.9870979465745957, 0.8238873435326843, 0.9202234636871508, 0.9006403179509825, 0.8646854252292128, 0.8558788497532754, 0.9621885345879073, 0.9554465998720955, 0.8879355629486955, 0.8879878357830715, 0.9204790889456116, 0.9749227693985099, 0.8592312746386334, 0.9987980769230769]
val step Accs: [0.9256988020536223, 0.7336767546683838, 0.7911487501707417, 0.815456081081081, 0.8658162639519196, 0.8939228031754722, 0.8489329524449672, 0.7844932844932845, 0.9060264171711613, 0.8480766560199973, 0.9032089063523249, 0.7653954802259887, 0.9261469600895188, 0.8280183818409692, 0.8373322488816592, 0.9116347569955817]
Preds: [17, 17, 30, 324, 422, 143, 164, 164, 164, 14, 287, 287, 145, 111, 111, 111, 330, 438, 438, 335, 14, 14, 14, 411, 287, 145, 145, 486, 486, 428, 85, 85, 299, 207, 207, 19, 19, 454, 454, 454, 56, 56, 56, 170, 312, 312, 187, 187, 187, 1, 1, 1, 1, 408, 408, 391, 391, 228, 228, 321, 321, 320, 287, 287, 287, 287, 284, 284, 284, 284, 284, 284, 426, 426, 426, 450, 293, 293, 293, 122, 349, 349, 349, 234, 234, 234, 261, 25, 25, 106, 346, 346, 426, 480, 480, 85, 85, 299, 388, 388, 116, 10, 398, 398, 398, 398, 464, 464, 464, 139, 315, 315, 315, 315, 426, 450, 450, 450, 450, 413, 413, 250, 250, 43, 276, 346, 346, 284, 284, 284, 284, 426, 426, 426, 426, 426, 426, 413, 413, 413, 43, 43, 276, 276, 346, 346, 499, 428, 428, 146, 240, 240, 285, 285, 406, 337, 337, 324, 324, 422, 368, 31, 162, 232, 232, 172, 115, 115, 267, 267, 267, 267, 324, 3, 3, 3, 188, 188, 464, 464, 120, 120, 271, 271, 31, 162, 232, 232, 232, 232, 172, 172, 115, 273, 273, 273, 273, 151, 84, 84, 84, 355, 355, 355, 452, 452, 452, 263, 263, 414, 414, 170, 170, 170, 170, 28, 28, 244, 2, 2, 2, 2, 2, 2, 2, 63, 63, 63, 63, 63, 63, 63, 63, 63, 244, 321, 249, 249, 249, 249, 320, 7, 7, 345, 153, 497, 497, 497, 122, 122, 216, 58, 58, 110, 110, 110, 443, 443, 486, 460, 240, 240, 285, 285, 285, 300, 134, 134, 88, 88, 88, 42, 42, 42, 147, 380, 288, 288, 213, 213, 213, 246, 246, 246, 246, 246, 246, 246, 19, 19, 19, 454, 454, 454, 454, 414, 170, 170, 170, 170, 28, 40, 40, 40, 40, 2, 40, 40, 63, 63, 63, 63, 2, 63, 63, 2, 63, 244, 63, 63, 63, 63, 63, 63, 63, 63, 63, 63, 244, 73, 73, 321, 102, 102, 320, 7, 7, 7, 152, 152, 152, 152, 374, 374, 378, 378, 43, 43, 43, 276, 276, 346, 346, 346, 284, 284, 284, 284, 284, 405, 405, 206, 206, 206, 206, 206, 167, 35, 35, 259, 259, 74, 437, 437, 437, 284, 284, 284, 284, 284, 284, 426, 426, 426, 426, 426, 426, 426, 206, 282, 282, 388, 388, 348, 94, 199, 467, 337, 337, 264, 207, 207, 464, 464, 468, 468, 467, 467, 467, 467, 245, 245, 497, 349, 349, 349, 155, 155, 155, 155, 441, 148, 148, 148, 153, 153, 182, 182, 182, 182, 182, 182, 182, 182, 182, 497, 497, 497, 43, 43, 276, 70, 70, 65, 46, 46, 46, 428, 146, 146, 146, 146, 219, 219, 464, 464, 286, 374, 374, 374, 132, 337, 324, 324, 464, 464, 355, 355, 355, 355, 263, 263, 17, 188, 403, 403, 403, 403, 403, 403, 403, 403, 403, 403, 403, 403, 403, 403, 403, 403, 403, 403, 403, 403, 403, 403, 403, 403, 403, 403, 403, 403, 403, 403, 403, 403, 403, 403, 403, 403, 403, 403, 403, 403, 403, 403, 403, 403, 403, 403, 403, 403, 403, 403, 403, 403, 403, 403, 403, 403, 403, 403, 403, 403, 403, 403, 403, 403, 403, 403, 403, 403, 403, 403, 403, 403, 403, 403, 403, 403, 403, 403, 403, 403, 403, 403, 403, 403, 403, 403, 403, 403, 403, 403, 403, 403, 403, 403, 403, 403, 403, 403, 403, 403, 403, 403, 403, 403, 403, 403, 403, 403, 403, 403, 403, 403, 403, 403, 403, 403, 403, 403, 403, 403, 403, 403, 403, 403, 403, 403]

ep236
Train step Loss: [0.12032456696033478, 0.416838675737381, 0.14676699042320251, 0.5825687646865845, 0.24765360355377197, 0.6619682908058167, 0.26043701171875, 0.43967217206954956, 0.3232499063014984, 0.7794777750968933, 0.5857027173042297, 0.156197190284729, 0.18389540910720825, 0.3986876308917999, 0.10752316564321518, 0.6311578154563904, 0.6496573686599731, 0.3247917890548706, 0.34464117884635925, 0.06733736395835876, 0.35089635848999023, 0.3951718211174011, 0.5170487761497498, 0.4243372976779938, 0.2523326575756073, 0.18350981175899506, 0.14361189305782318, 0.1496444046497345, 0.3414319157600403, 0.5073782801628113, 0.5201324224472046, 0.3507189452648163, 0.19173672795295715, 0.23536686599254608, 0.6261938214302063, 0.3766026496887207, 0.28739896416664124, 0.1438031941652298, 0.5535306930541992, 0.8090448379516602, 0.13521450757980347, 0.3775678277015686, 0.3558579087257385, 0.03913264721632004, 0.7034659385681152, 0.4923033118247986, 0.31990286707878113, 0.6533799767494202, 0.48015156388282776, 0.3264075815677643, 0.36162909865379333, 0.5787261724472046, 0.19023209810256958, 0.38643941283226013, 0.4965274930000305, 0.362666517496109, 0.22821828722953796, 0.09657815843820572, 0.4553675353527069, 0.730209469795227, 0.6777660846710205, 0.22614581882953644, 0.7844220399856567]
val step Loss: [0.6095853447914124, 0.29432210326194763, 0.8017334938049316, 0.8684993982315063, 0.8827682137489319, 0.9037991166114807, 0.986565887928009, 0.6780131459236145, 0.385760098695755, 0.26217779517173767, 0.4721902310848236, 0.1661461740732193, 0.7875849604606628, 0.7987585067749023, 1.2257803678512573, 0.6588314771652222]
Train step Accs: [0.9765580331618068, 0.9043585671431092, 0.9707669568073576, 0.8638482023968043, 0.9454836985569214, 0.8432902362906821, 0.9368597114781518, 0.8886124401913875, 0.9222664015904573, 0.8216496904333932, 0.8668619791666666, 0.9661856558259746, 0.9593227338426595, 0.9053407732164209, 0.9787922939938482, 0.8436987050884552, 0.8462177888611804, 0.9217703739996733, 0.9151748368746863, 0.9904761904761905, 0.914572864321608, 0.9071218159764339, 0.8607095926412615, 0.8967470760233918, 0.9349962207105065, 0.9619305179945912, 0.9720007417022065, 0.9683584966270479, 0.9151213917033072, 0.8699571449682282, 0.8680163214061519, 0.9118612283169245, 0.9584745762711865, 0.9421250941974378, 0.844995996797438, 0.9093997734994338, 0.9326205366148881, 0.9726716222125055, 0.8644778204680406, 0.7976409878363435, 0.9721003134796238, 0.931909212283044, 0.9131863882443929, 0.9981371087928465, 0.8331021729079982, 0.8817188201826621, 0.9305027460920997, 0.8316743690010665, 0.8751273171725402, 0.9161563137941091, 0.9091394025604552, 0.8500752131037941, 0.9600231749710313, 0.9072530220925386, 0.8844939338540801, 0.9225352112676056, 0.9485055230669266, 0.9814814814814815, 0.88634421466416, 0.8183201460742544, 0.8309161006058381, 0.9489614243323442, 0.8093003412969283]
val step Accs: [0.8639455782312925, 0.9399610136452242, 0.8162478583666476, 0.8058361391694725, 0.8045873910814967, 0.7928084480684401, 0.7866371354743448, 0.8443011318768097, 0.9189386207902026, 0.9476236663433559, 0.8999174008810573, 0.9686496406178314, 0.823274108232741, 0.8289085545722714, 0.7353869460926651, 0.8478435574604876]
Preds: [17, 17, 287, 287, 284, 284, 319, 450, 450, 450, 169, 169, 76, 76, 349, 234, 234, 234, 234, 234, 234, 261, 25, 106, 25, 106, 284, 428, 428, 330, 388, 388, 10, 10, 10, 309, 479, 398, 398, 324, 324, 422, 186, 162, 162, 232, 232, 172, 172, 115, 273, 267, 267, 267, 324, 324, 3, 3, 14, 14, 411, 188, 188, 171, 443, 443, 271, 178, 143, 96, 54, 232, 232, 86, 238, 6, 336, 336, 440, 145, 145, 145, 486, 486, 460, 468, 406, 406, 406, 42, 132, 32, 32, 32, 32, 239, 82, 310, 107, 107, 107, 395, 395, 286, 286, 264, 264, 264, 120, 120, 120, 120, 120, 207, 178, 178, 143, 233, 233, 170, 170, 170, 312, 312, 170, 170, 82, 170, 170, 187, 187, 187, 244, 2, 2, 2, 2, 244, 392, 316, 316, 392, 244, 73, 73, 73, 244, 287, 287, 100, 293, 293, 43, 43, 8, 129, 144, 208, 27, 346, 106, 174, 426, 319, 348, 348, 348, 199, 199, 250, 250, 98, 197, 129, 401, 401, 7, 7, 217, 473, 109, 443, 313, 313, 406, 285, 337, 324, 324, 324, 340, 116, 94, 398, 331, 324, 116, 116, 116, 398, 398, 331, 331, 331, 138, 138, 138, 138, 138, 182, 497, 497, 43, 32, 32, 354, 208, 441, 437, 441, 346, 426, 426, 319, 348, 348, 94, 250, 250, 303, 375, 98, 98, 98, 229, 170, 170, 170, 244, 244, 392, 392, 28, 2, 2, 244, 2, 2, 2, 2, 2, 244, 244, 73, 73, 244, 244, 7, 7, 7, 70, 65, 481, 284, 405, 206, 240, 240, 35, 36, 108, 68, 68, 323, 323, 142, 397, 106, 153, 387, 387, 387, 387, 169, 349, 234, 234, 234, 234, 234, 25, 25, 25, 153, 387, 182, 293, 497, 497, 98, 98, 13, 197, 226, 226, 209, 209, 209, 442, 287, 287, 287, 284, 450, 450, 480, 480, 480, 480, 480, 480, 480, 480, 480, 282, 282, 282, 388, 388, 388, 10, 195, 195, 195, 250, 250, 250, 250, 250, 109, 403, 403, 403, 207, 207, 207, 207, 207, 252, 32, 32, 32, 354, 75, 180, 180, 106, 153, 153, 387, 349, 349, 234, 234, 234, 261, 25, 25, 148, 148, 148, 148, 153, 182, 182, 182, 182, 406, 132, 42, 42, 495, 134, 132, 132, 98, 13, 13, 13, 170, 170, 170, 170, 170, 392, 392, 392, 312, 187, 187, 187, 187, 391, 391, 392, 392, 73, 244, 244, 7, 107, 107, 323, 323, 323, 323, 273, 106, 387, 153, 387, 387, 182, 182, 182, 182, 182, 182, 182, 182, 182, 182, 182, 345, 122, 122, 239, 401, 401, 208, 75, 107, 107, 323, 323, 273, 106, 106, 387, 387, 98, 98, 98, 13, 13, 17, 219, 264, 264, 264, 171, 171, 171, 171, 403, 403, 403, 403, 403, 403, 403, 403, 403, 403, 403, 403, 403, 403, 403, 403, 403, 403, 403, 403, 403, 403, 403, 403, 403, 403, 403, 403, 403, 403, 403, 403, 403, 403, 403, 403, 403, 403, 403, 403, 403, 403, 403, 403, 403, 403, 403, 403, 403, 403, 403, 403, 403, 403, 403, 403, 403, 403, 403, 403, 403, 403, 403, 403, 403, 403, 403, 403, 403, 403, 403, 403, 403, 403, 403, 403, 403, 403, 403, 403, 403, 403, 403, 403, 403, 403, 403, 403, 403, 403, 403, 403, 403, 403, 403, 403, 403, 403, 403, 403, 403, 403, 403, 403, 403, 403, 403, 403, 403, 403, 403, 403, 403, 403, 403, 403, 403, 403, 403, 403, 403, 403, 403, 403, 403, 403, 403, 403, 403, 403, 403, 403, 403, 403, 403, 403]

ep237
Train step Loss: [0.040883563458919525, 0.26943445205688477, 0.26238641142845154, 0.5337757468223572, 0.4356839954853058, 0.03320183977484703, 0.43358975648880005, 0.551031768321991, 0.5667629241943359, 0.577723503112793, 0.2804352641105652, 0.4330334961414337, 0.6369261145591736, 0.22953835129737854, 0.4401743710041046, 0.15140481293201447, 0.47821587324142456, 0.27419376373291016, 0.2282186597585678, 0.6037348508834839, 0.20228929817676544, 0.35958629846572876, 0.2702782452106476, 0.7022207975387573, 0.20031805336475372, 0.342225044965744, 0.14535780251026154, 0.4758048355579376, 1.1557364463806152, 0.2558799982070923, 0.328081876039505, 0.3904983699321747, 0.7066217660903931, 0.030382487922906876, 0.3680891990661621, 0.44907230138778687, 0.23511067032814026, 0.7532393336296082, 0.39084216952323914, 0.44070082902908325, 0.19160562753677368, 0.08746369928121567, 0.5721954703330994, 0.272989422082901, 0.5374963283538818, 0.347101092338562, 0.27975526452064514, 0.08906111866235733, 0.3647751808166504, 0.03324650600552559, 0.644841730594635, 0.3830653727054596, 0.23163241147994995, 0.41548416018486023, 0.5160823464393616, 0.49306127429008484, 0.6295167803764343, 0.8113929033279419, 0.08193559944629669, 0.08757063001394272, 0.23248031735420227, 0.16846859455108643, 0.4374712109565735]
val step Loss: [0.6586710810661316, 0.591090738773346, 0.40735241770744324, 0.7530731558799744, 1.1672197580337524, 0.7112281322479248, 0.6080620288848877, 0.6390241384506226, 1.18170964717865, 0.7362264394760132, 0.5316621661186218, 0.43348202109336853, 0.6852202415466309, 0.46106672286987305, 0.3510105013847351, 0.584757387638092]
Train step Accs: [0.9981020666385492, 0.934328968903437, 0.9418254764292878, 0.883680981595092, 0.8927526811829705, 0.9998476770753999, 0.886829913964262, 0.8541879991808314, 0.867416496250852, 0.8510596546310832, 0.9349850641363556, 0.8922707987456189, 0.8410582852595981, 0.9466367713004484, 0.8917887974302349, 0.9669215425531915, 0.879307977481807, 0.9389497123770644, 0.9436700400992935, 0.8515711353229117, 0.952883390940513, 0.9199242293783365, 0.9389799635701275, 0.8319907940161104, 0.9549370444002651, 0.915414878397711, 0.9709251101321585, 0.878252957233849, 0.7187153931339978, 0.9389519178822259, 0.9208511941212493, 0.8993862748744653, 0.8183380193689472, 0.9992634873872215, 0.91729908542518, 0.902731013842125, 0.9463776383342841, 0.8181330472103004, 0.9047530634979577, 0.8897810218978102, 0.9553734061930783, 0.9828172205438066, 0.8532969841540297, 0.9370956146657081, 0.8598373421007095, 0.912407611259632, 0.9326033603926751, 0.9849882720875685, 0.9090301003344482, 0.9992540096978739, 0.8324097397145256, 0.9163430420711974, 0.9519157088122605, 0.9023792862141358, 0.8679245283018868, 0.8763003901170351, 0.8473924977127173, 0.7918333333333333, 0.9857142857142858, 0.9845925375904956, 0.94377990430622, 0.9690252912759306, 0.9064503960769521]
val step Accs: [0.8564696378079979, 0.8734158342030715, 0.9085990888382688, 0.8314161047203491, 0.7385545267489712, 0.8383812346951927, 0.8716152498989627, 0.8635022450288646, 0.737300629942367, 0.8393827160493827, 0.8892248488180319, 0.9056603773584906, 0.8514056224899599, 0.8932786044125193, 0.9226883681773538, 0.8822283414530819]
Preds: [17, 17, 17, 251, 251, 241, 331, 443, 443, 432, 330, 330, 330, 360, 200, 434, 434, 324, 324, 324, 324, 324, 301, 301, 303, 303, 303, 309, 479, 479, 331, 331, 106, 284, 284, 284, 284, 426, 426, 426, 375, 98, 98, 98, 263, 13, 13, 82, 82, 170, 170, 392, 392, 392, 63, 63, 63, 63, 63, 63, 63, 63, 63, 63, 63, 63, 63, 63, 73, 244, 289, 289, 20, 320, 241, 431, 486, 486, 460, 460, 169, 150, 35, 77, 164, 224, 494, 494, 422, 186, 99, 99, 338, 338, 338, 338, 400, 400, 400, 444, 213, 324, 246, 246, 246, 246, 422, 99, 99, 338, 338, 338, 400, 400, 400, 485, 374, 374, 374, 132, 132, 345, 132, 132, 497, 122, 122, 129, 401, 401, 401, 401, 354, 354, 354, 74, 420, 420, 324, 422, 301, 251, 239, 196, 309, 473, 473, 398, 374, 324, 324, 143, 239, 143, 36, 108, 107, 107, 395, 395, 395, 41, 41, 19, 454, 229, 229, 229, 417, 170, 237, 237, 237, 237, 237, 237, 392, 20, 20, 392, 392, 392, 392, 392, 392, 392, 392, 392, 392, 392, 73, 244, 289, 7, 287, 287, 287, 145, 460, 460, 240, 167, 215, 35, 401, 320, 196, 473, 473, 252, 324, 324, 301, 143, 458, 401, 401, 354, 354, 354, 445, 445, 445, 213, 485, 464, 374, 132, 132, 132, 132, 122, 196, 479, 64, 398, 324, 301, 251, 251, 129, 401, 354, 196, 70, 65, 65, 46, 46, 46, 85, 146, 146, 146, 324, 301, 143, 338, 338, 338, 338, 395, 400, 400, 324, 485, 374, 132, 132, 132, 88, 182, 182, 182, 182, 497, 497, 43, 122, 36, 197, 259, 188, 188, 301, 251, 251, 8, 473, 65, 65, 346, 138, 174, 174, 348, 348, 94, 251, 241, 431, 486, 460, 460, 460, 85, 468, 406, 406, 406, 467, 467, 499, 460, 240, 35, 35, 35, 342, 342, 68, 115, 115, 115, 115, 336, 267, 267, 213, 246, 246, 246, 246, 246, 3, 14, 188, 301, 246, 171, 171, 171, 37, 36, 82, 108, 68, 433, 68, 68, 115, 97, 336, 321, 188, 460, 460, 460, 460, 460, 306, 306, 59, 59, 59, 452, 452, 263, 229, 17, 17, 219, 403, 403, 403, 403, 403, 403, 403, 403, 403, 403, 403, 403, 403, 403, 403, 403, 403, 403, 403, 403, 403, 403, 403, 403, 403, 403, 403, 403, 403, 403, 403, 403, 403, 403, 403, 403, 403, 403, 403, 403, 403, 403, 403, 403, 403, 403, 403, 403, 403, 403, 403, 403, 403, 403, 403, 403, 403, 403, 403, 403, 403, 403, 403, 403, 403, 403, 403, 403, 403, 403, 403, 403, 403, 403, 403, 403, 403, 403, 403, 403, 403, 403, 403, 403, 403, 403, 403, 403, 403, 403, 403, 403, 403, 403, 403, 403, 403, 403, 403, 403, 403, 403, 403, 403, 403, 403, 403, 403, 403, 403, 403, 403, 403, 403, 403, 403, 403, 403, 403, 403, 403, 403, 403, 403, 403, 403, 403, 403, 403, 403, 403, 403, 403, 403, 403, 403, 403, 403, 403, 403, 403, 403, 403, 403, 403, 403, 403, 403, 403, 403, 403, 403, 403, 403, 403, 403, 403, 403, 403, 403, 403, 403, 403, 403, 403, 403, 403, 403, 403, 403, 403, 403, 403, 403, 403, 403, 403, 403, 403, 403, 403, 403, 403, 403, 403, 403, 403, 403, 403, 403, 403, 403, 403, 403, 403, 403, 403, 403, 403, 403, 403, 403, 403, 403, 403, 403, 403, 403, 403, 403, 403, 403, 403, 403, 403, 403, 403, 403, 403, 403, 403, 403, 403, 403, 403, 403, 403, 403]

ep238
Train step Loss: [0.25896722078323364, 0.25705549120903015, 0.3487829864025116, 0.2647762596607208, 0.5031886100769043, 0.2178281843662262, 0.30226027965545654, 0.4031926095485687, 0.28911060094833374, 0.5509141087532043, 0.28272777795791626, 0.34975600242614746, 0.104609914124012, 0.6337366104125977, 0.2397434264421463, 0.4547681212425232, 0.547672688961029, 0.1964692324399948, 0.34425434470176697, 0.602607250213623, 0.12735337018966675, 0.5964002013206482, 0.242661252617836, 0.4589923620223999, 0.23413005471229553, 0.48497816920280457, 0.44588515162467957, 0.6371491551399231, 0.45825621485710144, 0.5228642225265503, 0.4460126459598541, 0.22889941930770874, 0.6220721006393433, 0.7930945754051208, 0.7477935552597046, 0.5437685251235962, 0.13304154574871063, 0.158739373087883, 0.292914479970932, 0.47885918617248535, 0.23283040523529053, 0.20917443931102753, 0.5967832803726196, 0.6128435134887695, 0.46198391914367676, 0.1915324479341507, 0.5147072076797485, 0.3272102475166321, 0.06382985413074493, 0.3386579751968384, 0.2803207039833069, 0.234273761510849, 0.5043624043464661, 0.057858388870954514, 0.11701583117246628, 0.30406007170677185, 0.5405636429786682, 0.34149855375289917, 0.17714060842990875, 0.6327811479568481, 0.26618489623069763, 0.4064478278160095, 0.31591901183128357]
val step Loss: [0.5974089503288269, 0.8095452189445496, 0.604448139667511, 0.2817082405090332, 0.44559577107429504, 0.4690625071525574, 0.8586981892585754, 0.38216209411621094, 1.2353830337524414, 0.4196712374687195, 1.0982983112335205, 0.6272012591362, 0.31028738617897034, 0.6794657707214355, 0.5338758826255798, 0.6609461307525635]
Train step Accs: [0.940022632968691, 0.9384052670080468, 0.9117435676297254, 0.9357915978719501, 0.8784910379324719, 0.9503418495861821, 0.9294997329535339, 0.9040355280942267, 0.9326275264677575, 0.8703233451836804, 0.9319008837289898, 0.9107450980392157, 0.98094688221709, 0.8492590700051099, 0.942626624831914, 0.8847047884704788, 0.8697713801862829, 0.9520302171860245, 0.9117982099267697, 0.850541215653622, 0.9716692189892803, 0.8551242488224785, 0.9396853146853147, 0.8863824503311258, 0.9463430741291068, 0.8763527054108217, 0.895239691585652, 0.8565324568611339, 0.890556716701501, 0.8774635818337618, 0.9106214924132197, 0.9466567882941286, 0.8478946392135039, 0.8066460335559538, 0.8168989547038328, 0.8654790038174878, 0.9712182061579652, 0.9636222910216719, 0.9236346060898984, 0.8854327666151468, 0.9464690496948561, 0.9522935779816514, 0.8486700809515942, 0.8560665515617643, 0.8821588041157057, 0.9579177057356608, 0.871916187901318, 0.9184249875394583, 0.9918990203466466, 0.9184585905897381, 0.933251144769285, 0.9401291673939606, 0.8800420904945633, 0.9919146740065371, 0.9778456837280367, 0.9287393742087177, 0.8584957202695319, 0.9180035650623886, 0.9619603680113235, 0.8394812194711133, 0.9379322268326418, 0.9003870442045223, 0.928849902534113]
val step Accs: [0.869624760339633, 0.8221964722544097, 0.8631892311674864, 0.9411764705882353, 0.9037821855365282, 0.8948532664798702, 0.802611752887996, 0.9145051441820026, 0.713964807188319, 0.9095060190950602, 0.7491550882463387, 0.8646519621884847, 0.9338652754334816, 0.8577810871183916, 0.8880244866726182, 0.8519334312285854]
Preds: [17, 17, 309, 479, 473, 398, 360, 340, 330, 17, 36, 259, 36, 108, 168, 168, 494, 382, 382, 406, 406, 467, 467, 337, 337, 301, 301, 203, 129, 129, 196, 196, 70, 473, 473, 429, 213, 324, 171, 246, 246, 246, 246, 246, 246, 19, 19, 19, 454, 225, 226, 414, 414, 82, 83, 287, 287, 284, 460, 215, 215, 35, 35, 35, 259, 441, 441, 276, 153, 153, 153, 497, 399, 399, 70, 70, 70, 70, 70, 138, 138, 138, 387, 387, 146, 146, 207, 324, 324, 324, 464, 464, 3, 457, 457, 129, 401, 401, 354, 354, 364, 276, 276, 345, 109, 109, 403, 213, 213, 324, 246, 246, 301, 8, 8, 354, 354, 354, 354, 159, 151, 403, 240, 240, 35, 36, 77, 68, 54, 54, 323, 224, 336, 494, 32, 374, 43, 153, 182, 182, 182, 497, 497, 43, 43, 43, 276, 276, 346, 346, 319, 428, 146, 330, 330, 388, 388, 94, 303, 303, 303, 303, 303, 199, 324, 324, 301, 464, 454, 233, 76, 401, 401, 244, 354, 354, 107, 68, 323, 395, 374, 387, 387, 387, 387, 182, 182, 182, 182, 182, 182, 182, 182, 182, 182, 182, 98, 122, 36, 36, 233, 244, 244, 354, 75, 107, 323, 323, 106, 106, 387, 387, 387, 122, 98, 13, 229, 229, 170, 170, 170, 392, 392, 392, 82, 312, 305, 305, 244, 12, 12, 12, 12, 12, 211, 408, 408, 408, 149, 228, 20, 20, 320, 7, 7, 188, 422, 422, 258, 31, 68, 68, 232, 172, 172, 172, 267, 267, 267, 464, 464, 374, 374, 374, 374, 406, 250, 43, 375, 387, 274, 122, 36, 401, 108, 478, 68, 68, 68, 115, 106, 106, 387, 206, 206, 206, 450, 450, 450, 450, 376, 376, 460, 460, 85, 85, 85, 85, 85, 85, 406, 406, 406, 467, 467, 467, 499, 206, 450, 240, 240, 35, 36, 36, 36, 36, 75, 106, 68, 68, 115, 115, 115, 267, 273, 267, 464, 464, 324, 43, 43, 129, 401, 401, 259, 354, 354, 354, 354, 354, 196, 196, 65, 171, 213, 213, 246, 246, 246, 246, 246, 246, 246, 19, 454, 17, 229, 229, 414, 170, 170, 82, 414, 82, 47, 47, 82, 80, 244, 7, 7, 7, 208, 441, 153, 387, 387, 345, 387, 132, 186, 338, 338, 338, 338, 338, 395, 400, 400, 213, 324, 324, 324, 324, 246, 246, 246, 246, 246, 246, 246, 252, 99, 338, 338, 338, 338, 338, 395, 6, 395, 400, 213, 19, 213, 324, 324, 324, 19, 17, 17, 17, 229, 17, 219, 403, 403, 403, 403, 403, 403, 403, 403, 403, 403, 403, 403, 403, 403, 403, 403, 403, 403, 403, 403, 403, 403, 403, 403, 403, 403, 403, 403, 403, 403, 403, 403, 403, 403, 403, 403, 403, 403, 403, 403, 403, 403, 403, 403, 403, 403, 403, 403, 403, 403, 403, 403, 403, 403, 403, 403, 403, 403, 403, 403, 403, 403, 403, 403, 403, 403, 403, 403, 403, 403, 403, 403, 403, 403, 403, 403, 403, 403, 403, 403, 403, 403, 403, 403, 403, 403, 403, 403, 403, 403, 403, 403, 403, 403, 403, 403, 403, 403, 403, 403, 403, 403, 403, 403, 403, 403, 403, 403, 403, 403, 403, 403, 403, 403, 403, 403, 403, 403, 403, 403, 403, 403, 403, 403, 403, 403, 403, 403, 403, 403, 403, 403, 403, 403, 403, 403, 403, 403, 403, 403, 403, 403, 403, 403, 403, 403, 403, 403, 403, 403, 403, 403, 403, 403, 403, 403, 403, 403, 403, 403, 403, 403, 403, 403, 403, 403, 403, 403, 403, 403, 403, 403, 403, 403, 403]

ep239
Train step Loss: [0.27231326699256897, 0.1832149475812912, 0.29683804512023926, 0.21000611782073975, 0.30279257893562317, 0.11866874992847443, 0.4887460172176361, 0.2381841391324997, 0.6005046367645264, 0.30028510093688965, 0.24813641607761383, 0.4416942298412323, 0.4006536602973938, 0.32494693994522095, 0.4316624402999878, 0.138200044631958, 0.394658625125885, 0.22670623660087585, 0.6874727010726929, 0.19712692499160767, 0.5390491485595703, 0.1526450365781784, 0.30516213178634644, 0.5662069916725159, 0.2346055507659912, 0.3588228225708008, 0.20047245919704437, 0.5866063833236694, 0.5567672252655029, 0.8646759390830994, 0.27179911732673645, 0.34874227643013, 0.3893586993217468, 0.02708732709288597, 0.19339260458946228, 0.2196211814880371, 0.20119011402130127, 0.22348198294639587, 0.6382983922958374, 0.29880937933921814, 0.6173745393753052, 0.6511906385421753, 0.5295626521110535, 0.1452626883983612, 0.8515262603759766, 0.35983219742774963, 0.5134485960006714, 0.13310737907886505, 0.41731688380241394, 0.1864081770181656, 0.3960421681404114, 0.5040878653526306, 0.14352180063724518, 0.3647351562976837, 0.30087435245513916, 0.2891378700733185, 0.3881840109825134, 0.24413681030273438, 0.04816243052482605, 0.2810295820236206, 0.4223387539386749, 0.46717169880867004, 0.30710020661354065]
val step Loss: [0.6991305947303772, 0.7794238328933716, 1.1857192516326904, 0.6833628416061401, 0.38334593176841736, 0.6464699506759644, 0.43383482098579407, 0.774351954460144, 0.7662195563316345, 0.6289616823196411, 0.37575235962867737, 0.7598199248313904, 0.1812402755022049, 0.6607187390327454, 0.5395205020904541, 0.6035374999046326]
Train step Accs: [0.9335249730506647, 0.9577595831782657, 0.9232271928110959, 0.9512401950392199, 0.9253879824910466, 0.9766229095486423, 0.8737060041407867, 0.9431975138121547, 0.8509563334536269, 0.9295683916684561, 0.9425922624353718, 0.8881493806618599, 0.9000372995151062, 0.9144452449567724, 0.8912917271407838, 0.9691756272401434, 0.9024094297105217, 0.9462258514240192, 0.8339876612450925, 0.9521465143757385, 0.8664513677811551, 0.9678899082568807, 0.9238869634764063, 0.8558960828090115, 0.9462293990344598, 0.9130956462118615, 0.9562359453381768, 0.8582979583586011, 0.8570806100217865, 0.7764127764127764, 0.9360226914591869, 0.9299273021001615, 0.914233907524932, 1.0, 0.9545286506469501, 0.9483134754153382, 0.9494025667502581, 0.946320515323053, 0.8345694937117059, 0.923621227887617, 0.8698140200286123, 0.8478843063738618, 0.871968962172648, 0.9675238795003673, 0.7905759162303665, 0.9197654941373534, 0.8681244743481917, 0.9775004394445421, 0.8968389577103801, 0.9605776736924277, 0.8998740554156172, 0.8721777777777778, 0.9678483099752679, 0.9068400427502672, 0.9280179094196659, 0.9301639344262295, 0.8956675508399646, 0.9402173913043478, 0.9945879078398021, 0.9301855594341356, 0.8937459070072037, 0.8918705603788477, 0.9209341586944289]
val step Accs: [0.8489049944855838, 0.8175767287070135, 0.7369583218327354, 0.8542395693135936, 0.9142980810849806, 0.8629322096914116, 0.905382348379091, 0.8342692960689565, 0.8238652583499857, 0.8568170299036999, 0.9167222741225144, 0.8272702407002188, 0.9649605806532349, 0.854071930549814, 0.8767295597484277, 0.8640368442130557]
Preds: [17, 196, 217, 217, 217, 217, 217, 473, 473, 65, 264, 264, 264, 264, 264, 264, 264, 264, 264, 264, 468, 468, 468, 467, 337, 337, 337, 324, 328, 3, 454, 197, 197, 197, 259, 354, 345, 109, 109, 109, 285, 288, 285, 313, 313, 337, 337, 337, 360, 360, 360, 360, 434, 434, 434, 200, 200, 398, 398, 324, 434, 434, 339, 339, 33, 33, 250, 250, 250, 250, 345, 153, 100, 424, 424, 424, 424, 182, 497, 497, 497, 122, 43, 75, 208, 208, 106, 481, 481, 481, 481, 426, 426, 306, 306, 372, 396, 396, 396, 313, 313, 406, 406, 495, 380, 134, 84, 84, 84, 375, 375, 375, 375, 375, 375, 98, 98, 98, 48, 48, 48, 48, 414, 414, 170, 170, 170, 170, 170, 170, 187, 187, 187, 12, 12, 12, 12, 12, 12, 12, 408, 408, 408, 391, 391, 321, 75, 478, 66, 66, 232, 172, 172, 172, 115, 267, 267, 267, 444, 374, 374, 374, 374, 139, 139, 293, 293, 497, 349, 349, 349, 349, 234, 234, 234, 261, 261, 25, 25, 30, 324, 324, 324, 464, 464, 464, 464, 180, 486, 486, 486, 486, 315, 315, 315, 315, 282, 282, 282, 388, 203, 53, 466, 466, 22, 448, 448, 448, 448, 324, 464, 464, 464, 464, 464, 315, 315, 315, 315, 315, 480, 480, 480, 480, 480, 282, 282, 282, 85, 299, 313, 334, 382, 406, 406, 406, 406, 406, 406, 380, 467, 467, 499, 302, 100, 375, 98, 375, 98, 98, 98, 13, 13, 414, 414, 414, 414, 414, 414, 414, 170, 187, 187, 187, 187, 187, 187, 391, 391, 244, 244, 244, 320, 320, 320, 83, 300, 222, 374, 337, 337, 313, 313, 24, 24, 310, 310, 107, 107, 395, 395, 485, 286, 464, 139, 139, 139, 139, 496, 216, 216, 81, 81, 81, 139, 139, 139, 240, 240, 186, 99, 107, 107, 107, 400, 400, 152, 422, 143, 143, 458, 144, 144, 27, 27, 27, 437, 437, 284, 284, 405, 405, 405, 206, 460, 460, 215, 35, 35, 35, 35, 441, 437, 100, 100, 426, 426, 375, 375, 98, 98, 98, 263, 263, 13, 13, 13, 414, 170, 170, 237, 237, 28, 244, 2, 2, 12, 2, 12, 12, 63, 63, 408, 408, 63, 391, 73, 73, 244, 321, 321, 412, 287, 287, 287, 486, 486, 460, 460, 460, 150, 150, 342, 342, 342, 342, 224, 224, 196, 116, 94, 479, 199, 464, 464, 443, 443, 258, 31, 31, 342, 232, 172, 172, 115, 273, 273, 151, 151, 486, 460, 240, 240, 35, 310, 310, 107, 161, 395, 395, 487, 494, 116, 285, 81, 302, 302, 302, 497, 497, 497, 497, 458, 208, 208, 441, 100, 153, 153, 387, 387, 387, 387, 372, 372, 406, 467, 467, 467, 467, 337, 41, 41, 41, 19, 19, 19, 19, 454, 454, 454, 454, 414, 414, 414, 102, 102, 47, 47, 170, 47, 392, 392, 392, 392, 392, 73, 244, 320, 320, 7, 7, 7, 217, 217, 217, 217, 473, 65, 65, 264, 264, 264, 264, 264, 264, 264, 264, 264, 264, 468, 468, 468, 468, 468, 467, 337, 337, 41, 41, 41, 19, 19, 19, 19, 454, 17, 188, 403, 403, 403, 403, 403, 403, 403, 403, 403, 403, 403, 403, 403, 403, 403, 403, 403, 403, 403, 403, 403, 403, 403, 403, 403, 403, 403, 403, 403, 403, 403, 403, 403, 403, 403, 403, 403, 403, 403, 403, 403, 403, 403, 403, 403, 403, 403, 403, 403, 403, 403, 403, 403, 403, 403, 403, 403, 403, 403, 403, 403, 403, 403, 403, 403, 403, 403, 403, 403, 403, 403, 403]

ep240
Train step Loss: [0.3651023805141449, 0.316671222448349, 0.6611127853393555, 0.4217589795589447, 0.541815996170044, 0.2708264887332916, 0.2979947030544281, 0.4626483917236328, 0.9249120950698853, 0.7119734883308411, 0.40832847356796265, 0.3663092851638794, 0.14122438430786133, 0.3441551923751831, 0.36451953649520874, 0.34666919708251953, 0.030100291594862938, 0.6528512239456177, 0.4467390775680542, 0.7454662919044495, 0.17628873884677887, 0.11333893239498138, 0.3258489668369293, 0.04895690456032753, 0.11445151269435883, 0.02808297425508499, 0.1350548267364502, 0.4286409020423889, 0.33450478315353394, 0.5258579850196838, 0.28865721821784973, 0.275216668844223, 0.5091235637664795, 0.11220695078372955, 0.5124426484107971, 0.13341869413852692, 0.3714405298233032, 0.16138413548469543, 0.7667054533958435, 0.2481440007686615, 0.15078045427799225, 0.4178084135055542, 0.3600209355354309, 0.33295220136642456, 0.2607395350933075, 0.43360376358032227, 0.4378148317337036, 0.2827300429344177, 0.3321780860424042, 0.3408207595348358, 0.5070697665214539, 0.2574407458305359, 0.31768983602523804, 0.3190479576587677, 0.10165808349847794, 0.13060332834720612, 0.04553186893463135, 0.4647753834724426, 0.9428468346595764, 0.3654235303401947, 0.06306743621826172, 0.17154772579669952, 0.5144534707069397]
val step Loss: [0.7838826775550842, 0.8082613348960876, 0.21830543875694275, 0.5228763222694397, 0.4160500466823578, 0.5853323340415955, 0.473262220621109, 0.8482381105422974, 0.444502055644989, 0.36954712867736816, 0.24690407514572144, 0.9016993641853333, 1.0285797119140625, 0.5330992341041565, 0.9146705269813538, 0.23764599859714508]
Train step Accs: [0.9074793179132197, 0.9261691542288557, 0.8634510869565217, 0.8946417820590006, 0.867609059127527, 0.9321882268742172, 0.9279772329246935, 0.8927802778321268, 0.7612485472355969, 0.822360248447205, 0.8943311385900112, 0.9079539769884942, 0.9713778128701145, 0.9137598597721297, 0.9089724497393894, 0.9155124653739612, 0.9994169096209913, 0.8313357400722021, 0.8873924429479985, 0.8205892669238863, 0.9620493358633776, 0.9762013729977117, 0.9218716917213635, 0.9950854700854701, 0.9764824458256341, 0.9995932479153956, 0.9699513177774047, 0.8865685809207404, 0.9184656260378612, 0.8774153334718471, 0.930996015936255, 0.9299073020003252, 0.8795223041798385, 0.9780239099859352, 0.8650646950092421, 0.9697560975609756, 0.9136105860113422, 0.9606986899563319, 0.8031625761818482, 0.9446482692614452, 0.9663470577176161, 0.8963368580060423, 0.9065309584393554, 0.9166816627676804, 0.9337109293056429, 0.895266551344551, 0.886339937434828, 0.9297385620915033, 0.9160318559556787, 0.9126861042183623, 0.8724807621839502, 0.9424126086077995, 0.9222183467038716, 0.9342363215113171, 0.978554133517814, 0.9710825132475397, 0.997228637413395, 0.8904326415758003, 0.7630425561996325, 0.9141872278664731, 0.9925159586176535, 0.9632772972090746, 0.8707553707553708]
val step Accs: [0.8148444647758463, 0.813805176941353, 0.9538483588935073, 0.8894894894894895, 0.9095836087243886, 0.8663316582914573, 0.9011145671332297, 0.8054272517321016, 0.9049024640657084, 0.9197400241837969, 0.9483959044368601, 0.7885588273446621, 0.7737003058103975, 0.8812733008316604, 0.7956413937100353, 0.9467526265520535]
Preds: [17, 251, 251, 251, 241, 241, 431, 431, 486, 284, 284, 284, 284, 284, 284, 16, 284, 315, 315, 284, 284, 284, 284, 284, 284, 480, 480, 480, 480, 480, 85, 85, 85, 85, 146, 146, 264, 468, 468, 406, 467, 337, 337, 337, 324, 324, 464, 464, 464, 464, 120, 282, 282, 282, 282, 282, 413, 359, 345, 345, 132, 275, 303, 303, 303, 117, 219, 219, 324, 324, 464, 464, 318, 31, 162, 54, 54, 494, 482, 172, 172, 115, 273, 273, 273, 486, 460, 169, 215, 215, 401, 401, 320, 321, 345, 345, 141, 141, 186, 186, 323, 323, 323, 323, 323, 397, 397, 397, 7, 153, 153, 153, 88, 88, 346, 346, 284, 426, 426, 426, 426, 426, 282, 413, 413, 303, 303, 48, 48, 364, 345, 345, 345, 132, 324, 132, 132, 236, 32, 32, 75, 310, 310, 161, 107, 107, 395, 397, 397, 106, 106, 153, 153, 153, 182, 182, 182, 182, 497, 483, 483, 14, 226, 321, 209, 440, 188, 89, 191, 455, 236, 236, 239, 401, 239, 354, 354, 371, 286, 286, 264, 365, 330, 330, 303, 303, 303, 303, 42, 42, 42, 364, 364, 364, 217, 217, 473, 398, 213, 213, 213, 422, 143, 36, 75, 310, 107, 107, 395, 400, 213, 213, 213, 19, 19, 454, 454, 229, 170, 170, 170, 392, 244, 312, 312, 292, 292, 292, 292, 292, 292, 292, 292, 21, 1, 408, 408, 408, 391, 228, 56, 228, 228, 149, 228, 289, 209, 287, 287, 460, 460, 460, 178, 35, 77, 66, 68, 172, 224, 219, 152, 152, 152, 139, 139, 139, 139, 496, 274, 43, 43, 458, 208, 208, 208, 441, 106, 153, 153, 153, 387, 387, 387, 387, 413, 396, 467, 59, 303, 303, 303, 98, 98, 98, 48, 48, 48, 48, 170, 82, 225, 226, 287, 287, 287, 111, 438, 178, 178, 233, 36, 77, 77, 68, 68, 224, 97, 7, 196, 309, 309, 309, 479, 331, 443, 443, 240, 143, 143, 36, 77, 68, 119, 351, 428, 428, 428, 428, 146, 146, 146, 252, 34, 34, 324, 301, 301, 251, 251, 241, 241, 431, 431, 486, 376, 376, 376, 376, 376, 376, 376, 460, 460, 460, 282, 282, 385, 76, 239, 75, 131, 131, 397, 106, 106, 387, 255, 167, 143, 36, 77, 342, 224, 224, 273, 437, 151, 167, 167, 215, 35, 320, 7, 7, 127, 448, 448, 464, 464, 301, 301, 399, 42, 42, 147, 147, 106, 106, 284, 284, 284, 284, 426, 450, 450, 450, 413, 43, 43, 276, 276, 276, 346, 346, 426, 426, 426, 426, 206, 167, 215, 197, 401, 321, 354, 287, 287, 111, 111, 438, 438, 236, 36, 36, 108, 119, 351, 351, 443, 443, 443, 240, 236, 143, 75, 384, 371, 448, 324, 324, 324, 246, 246, 246, 246, 246, 246, 301, 243, 129, 401, 401, 354, 354, 287, 284, 319, 240, 167, 167, 401, 75, 68, 224, 86, 86, 238, 142, 26, 251, 251, 398, 331, 331, 374, 153, 153, 182, 182, 182, 497, 43, 276, 276, 364, 276, 346, 346, 284, 206, 376, 376, 460, 263, 263, 233, 233, 170, 392, 392, 392, 392, 392, 392, 392, 63, 63, 73, 73, 211, 435, 63, 63, 73, 63, 63, 63, 63, 63, 73, 73, 289, 320, 7, 320, 441, 153, 153, 387, 387, 122, 122, 122, 10, 303, 243, 32, 32, 32, 217, 70, 65, 284, 284, 426, 98, 98, 13, 48, 170, 417, 82, 392, 392, 392, 392, 63, 63, 63, 63, 63, 63, 63, 63, 63, 63, 63, 73, 73, 73, 289, 320, 7, 287, 287, 153, 424, 182, 182, 98]

ep241
Train step Loss: [0.504892110824585, 0.13887766003608704, 0.28390777111053467, 0.1986694186925888, 0.14378942549228668, 0.42062926292419434, 0.3401527404785156, 0.23961521685123444, 0.5369375944137573, 0.3439432382583618, 0.40787628293037415, 0.4821584224700928, 0.11943116784095764, 0.3943474590778351, 0.28485721349716187, 0.4181877672672272, 0.38810989260673523, 0.23284420371055603, 0.42837464809417725, 0.14317353069782257, 0.18034116923809052, 0.2123919129371643, 0.6749306321144104, 0.372154176235199, 0.5348257422447205, 0.32889223098754883, 0.5028132796287537, 0.4242686331272125, 0.11997111886739731, 0.5218440890312195, 0.16546085476875305, 0.1747310608625412, 0.09816666692495346, 0.10643094778060913, 0.23435337841510773, 0.2847225069999695, 0.1313571333885193, 0.28738221526145935, 0.13614334166049957, 0.07114435732364655, 0.39435768127441406, 0.28390660881996155, 0.19233158230781555, 0.6604537963867188, 0.5113770961761475, 0.28817060589790344, 0.4131661355495453, 0.32295891642570496, 0.46410366892814636, 0.1174304336309433, 0.25030389428138733, 0.193084716796875, 0.8180397152900696, 0.6284295320510864, 0.23768268525600433, 0.9560412168502808, 0.4366529881954193, 0.31609922647476196, 0.4649737775325775, 0.3138233721256256, 0.17143796384334564, 0.5288206338882446, 0.12822024524211884]
val step Loss: [0.7211021184921265, 0.44896164536476135, 0.7487216591835022, 0.46002066135406494, 0.5167434215545654, 0.8472132682800293, 0.5486910939216614, 0.3062344193458557, 0.5677412152290344, 0.49380457401275635, 0.8708083629608154, 1.119301199913025, 0.21358416974544525, 0.4470561146736145, 0.5085650682449341, 0.6520619988441467]
Train step Accs: [0.8727134146341463, 0.9643224699828473, 0.9303025238174829, 0.9481971343095575, 0.9682670174284774, 0.8925753228120517, 0.9222428748451054, 0.942479674796748, 0.8615506329113924, 0.9165843051986559, 0.8969390002202158, 0.8763952724885096, 0.9744038155802862, 0.8977871443624869, 0.9315582558970693, 0.8929145361577794, 0.9003129890453834, 0.9436619718309859, 0.8889454915944982, 0.966626936829559, 0.9585761865112407, 0.9463162985652104, 0.8267004915173617, 0.9111753769882256, 0.8711644749380598, 0.9192385880613565, 0.8696818019306399, 0.8909691629955947, 0.9761361642393402, 0.8776430348258707, 0.9576663109213803, 0.9586092715231788, 0.981694560669456, 0.9783605617655489, 0.9464285714285714, 0.9266457680250784, 0.9681777777777778, 0.9333195706028076, 0.9722484425146309, 0.9869696969696969, 0.9070439991737245, 0.9309546769527484, 0.9545646661031276, 0.8349893541518808, 0.8713592233009708, 0.940158259149357, 0.9048715677590788, 0.9152877697841727, 0.8782516368784286, 0.976644245142003, 0.9402467232074017, 0.9559770937723694, 0.8157844080846969, 0.8495737924118335, 0.9444328824141519, 0.7903328050713154, 0.8897927561495255, 0.9219474497681608, 0.8835668307459296, 0.9202522255192879, 0.95922598479613, 0.8617703656189866, 0.9736256752462663]
val step Accs: [0.8455013210958142, 0.9000389458652474, 0.8333119301399768, 0.9003690036900369, 0.8843683083511777, 0.8102872411489646, 0.8811766410665121, 0.9354926141753626, 0.8702300986136916, 0.895412342981977, 0.7946257197696737, 0.7462421426619295, 0.9542554635536854, 0.8985507246376812, 0.8887666544432221, 0.8509057971014493]
Preds: [17, 196, 217, 217, 217, 217, 217, 473, 473, 65, 264, 264, 264, 264, 264, 264, 264, 264, 264, 264, 468, 468, 468, 467, 337, 337, 337, 324, 328, 3, 454, 197, 197, 197, 259, 354, 345, 109, 109, 109, 285, 288, 285, 313, 313, 337, 337, 337, 360, 360, 360, 360, 434, 434, 434, 200, 200, 398, 398, 324, 434, 434, 339, 339, 33, 33, 250, 250, 250, 250, 345, 153, 100, 424, 424, 424, 424, 182, 497, 497, 497, 122, 43, 75, 208, 208, 106, 481, 481, 481, 481, 426, 426, 306, 306, 372, 396, 396, 396, 313, 313, 406, 406, 495, 380, 134, 84, 84, 84, 375, 375, 375, 375, 375, 375, 98, 98, 98, 48, 48, 48, 48, 414, 414, 170, 170, 170, 170, 170, 170, 187, 187, 187, 12, 12, 12, 12, 12, 12, 12, 408, 408, 408, 391, 391, 321, 75, 478, 66, 66, 232, 172, 172, 172, 115, 267, 267, 267, 444, 374, 374, 374, 374, 139, 139, 293, 293, 497, 349, 349, 349, 349, 234, 234, 234, 261, 261, 25, 25, 30, 324, 324, 324, 464, 464, 464, 464, 180, 486, 486, 486, 486, 315, 315, 315, 315, 282, 282, 282, 388, 203, 53, 466, 466, 22, 448, 448, 448, 448, 324, 464, 464, 464, 464, 464, 315, 315, 315, 315, 315, 480, 480, 480, 480, 480, 282, 282, 282, 85, 299, 313, 334, 382, 406, 406, 406, 406, 406, 406, 380, 467, 467, 499, 302, 100, 375, 98, 375, 98, 98, 98, 13, 13, 414, 414, 414, 414, 414, 414, 414, 170, 187, 187, 187, 187, 187, 187, 391, 391, 244, 244, 244, 320, 320, 320, 83, 300, 222, 374, 337, 337, 313, 313, 24, 24, 310, 310, 107, 107, 395, 395, 485, 286, 464, 139, 139, 139, 139, 496, 216, 216, 81, 81, 81, 139, 139, 139, 240, 240, 186, 99, 107, 107, 107, 400, 400, 152, 422, 143, 143, 458, 144, 144, 27, 27, 27, 437, 437, 284, 284, 405, 405, 405, 206, 460, 460, 215, 35, 35, 35, 35, 441, 437, 100, 100, 426, 426, 375, 375, 98, 98, 98, 263, 263, 13, 13, 13, 414, 170, 170, 237, 237, 28, 244, 2, 2, 12, 2, 12, 12, 63, 63, 408, 408, 63, 391, 73, 73, 244, 321, 321, 412, 287, 287, 287, 486, 486, 460, 460, 460, 150, 150, 342, 342, 342, 342, 224, 224, 196, 116, 94, 479, 199, 464, 464, 443, 443, 258, 31, 31, 342, 232, 172, 172, 115, 273, 273, 151, 151, 486, 460, 240, 240, 35, 310, 310, 107, 161, 395, 395, 487, 494, 116, 285, 81, 302, 302, 302, 497, 497, 497, 497, 458, 208, 208, 441, 100, 153, 153, 387, 387, 387, 387, 372, 372, 406, 467, 467, 467, 467, 337, 41, 41, 41, 19, 19, 19, 19, 454, 454, 454, 454, 414, 414, 414, 102, 102, 47, 47, 170, 47, 392, 392, 392, 392, 392, 73, 244, 320, 320, 7, 7, 7, 217, 217, 217, 217, 473, 65, 65, 264, 264, 264, 264, 264, 264, 264, 264, 264, 264, 468, 468, 468, 468, 468, 467, 337, 337, 41, 41, 41, 19, 19, 19, 19, 454, 17, 188, 403, 403, 403, 403, 403, 403, 403, 403, 403, 403, 403, 403, 403, 403, 403, 403, 403, 403, 403, 403, 403, 403, 403, 403, 403, 403, 403, 403, 403, 403, 403, 403, 403, 403, 403, 403, 403, 403, 403, 403, 403, 403, 403, 403, 403, 403, 403, 403, 403, 403, 403, 403, 403, 403, 403, 403, 403, 403, 403, 403, 403, 403, 403, 403, 403, 403, 403, 403, 403, 403, 403, 403]

ep242
Train step Loss: [0.30271247029304504, 0.5642465353012085, 0.44242310523986816, 0.20031383633613586, 0.1977427899837494, 0.19179095327854156, 0.39148640632629395, 0.03287331014871597, 0.30044758319854736, 0.1997256726026535, 0.1998608112335205, 0.737638533115387, 0.4064624309539795, 0.11836343258619308, 0.5836490392684937, 0.5198436975479126, 0.2525682747364044, 0.2235543578863144, 0.16084925830364227, 0.2631937861442566, 0.05801453813910484, 0.274417906999588, 0.4351423978805542, 0.4182780086994171, 0.35354670882225037, 0.23411694169044495, 0.31477251648902893, 0.2804906666278839, 0.20462043583393097, 0.3297683298587799, 0.06880737841129303, 0.20319277048110962, 0.16450193524360657, 0.10340681672096252, 0.4326028823852539, 0.5248025059700012, 0.3767088055610657, 0.47390714287757874, 0.3536550998687744, 0.22992084920406342, 0.5261114835739136, 0.2643930912017822, 0.6020440459251404, 0.542235255241394, 0.5405435562133789, 0.7872461676597595, 0.04140392690896988, 0.4955573081970215, 0.17104938626289368, 0.19147509336471558, 0.11071252822875977, 0.4308437407016754, 0.44337382912635803, 0.5658608078956604, 0.49295276403427124, 0.5097552537918091, 0.21313028037548065, 0.32559892535209656, 0.40636566281318665, 0.26477760076522827, 0.14060230553150177, 0.40728774666786194, 0.20916564762592316]
val step Loss: [1.0697815418243408, 0.7566646337509155, 0.5099281072616577, 0.23932954668998718, 1.0218961238861084, 0.528660237789154, 0.25152403116226196, 0.7664761543273926, 0.4587343633174896, 0.23792749643325806, 0.47161734104156494, 1.015287160873413, 0.6151818037033081, 0.6197733283042908, 0.4626277685165405, 0.4050731956958771]
Train step Accs: [0.9258010118043845, 0.8605407002511449, 0.8850748780077402, 0.9491725768321513, 0.9556509298998569, 0.9554673721340388, 0.9018992568125516, 0.9989509022240873, 0.9270350761085374, 0.953468839240719, 0.9567730004623208, 0.809151009046625, 0.8981237656352864, 0.9846771794108896, 0.8451954524217412, 0.8717105263157895, 0.9439969313387034, 0.9497001354227124, 0.963971340839304, 0.934294609208586, 0.9921229586935639, 0.933569530558016, 0.892919836161498, 0.9079720793534166, 0.9101223187378125, 0.945231550010573, 0.9276749294006903, 0.9304890738813736, 0.9533081285444235, 0.9226022566995769, 0.9887063655030801, 0.9513446930815028, 0.9628717226816822, 0.9807484706729039, 0.891734396564944, 0.8759969616407141, 0.9124785018154022, 0.8795896328293736, 0.90625, 0.9472290138549307, 0.8624347826086957, 0.9384272997032641, 0.8465871438038436, 0.8656635242929659, 0.8677464788732394, 0.7897331293557709, 0.9969412724306689, 0.8698693171360207, 0.9603429796355841, 0.9558529457006615, 0.9771129933321319, 0.8932458386683739, 0.8944983818770227, 0.8680490103675778, 0.8738387216648086, 0.864543018755582, 0.9480375019863341, 0.9189719792968053, 0.9009797060881736, 0.933180938983647, 0.9689998050302203, 0.9181078331637843, 0.9552355001946282]
val step Accs: [0.7467724373930626, 0.8250243021802527, 0.8851192035630076, 0.9495811355879615, 0.7693099897013388, 0.8859913510680121, 0.945919644098429, 0.8187584345479082, 0.8955022892539726, 0.9499257659603185, 0.8932228181374939, 0.7732219691217413, 0.8678875996085559, 0.8588579795021962, 0.9001808318264014, 0.9140394647312315]
Preds: [17, 17, 7, 217, 217, 217, 217, 217, 473, 473, 331, 443, 443, 443, 330, 330, 330, 330, 388, 64, 76, 76, 310, 99, 338, 338, 107, 395, 395, 106, 106, 153, 153, 481, 387, 387, 206, 167, 167, 35, 35, 35, 401, 7, 196, 217, 473, 65, 65, 222, 313, 313, 313, 285, 285, 337, 337, 290, 290, 290, 434, 434, 434, 339, 339, 199, 398, 464, 464, 464, 340, 340, 340, 116, 94, 199, 199, 84, 84, 84, 153, 43, 182, 182, 182, 182, 182, 497, 497, 497, 497, 497, 497, 43, 43, 259, 208, 208, 441, 106, 346, 346, 346, 265, 265, 265, 265, 85, 85, 85, 146, 468, 468, 468, 406, 406, 467, 467, 467, 467, 134, 375, 375, 375, 375, 98, 98, 48, 48, 48, 13, 13, 170, 82, 321, 187, 187, 170, 187, 2, 12, 12, 12, 260, 260, 260, 391, 391, 321, 320, 320, 320, 7, 7, 479, 479, 398, 290, 290, 290, 360, 360, 434, 252, 143, 465, 310, 161, 161, 395, 395, 395, 444, 213, 213, 360, 360, 360, 434, 434, 434, 434, 434, 398, 331, 331, 331, 180, 443, 486, 376, 376, 376, 376, 376, 282, 282, 460, 263, 263, 263, 414, 414, 414, 247, 312, 312, 126, 292, 292, 292, 23, 23, 23, 23, 23, 260, 391, 391, 391, 391, 391, 73, 244, 244, 320, 320, 320, 320, 7, 473, 473, 473, 290, 290, 290, 171, 171, 171, 434, 434, 252, 143, 36, 310, 310, 107, 107, 107, 107, 400, 400, 213, 213, 213, 213, 246, 246, 246, 246, 19, 19, 19, 454, 197, 197, 197, 414, 414, 414, 80, 225, 66, 66, 66, 68, 68, 115, 115, 273, 273, 486, 486, 486, 460, 460, 240, 240, 35, 183, 183, 183, 30, 30, 324, 324, 286, 464, 464, 464, 464, 139, 330, 330, 116, 116, 33, 250, 250, 147, 473, 398, 324, 324, 324, 324, 318, 318, 368, 368, 478, 453, 342, 342, 115, 168, 273, 273, 273, 265, 265, 376, 376, 460, 460, 460, 178, 178, 35, 35, 440, 287, 287, 111, 111, 111, 438, 438, 169, 150, 162, 232, 232, 172, 172, 115, 267, 267, 444, 286, 278, 139, 139, 139, 302, 497, 497, 497, 98, 14, 259, 440, 437, 287, 287, 125, 125, 125, 413, 348, 348, 216, 212, 219, 448, 448, 324, 464, 464, 374, 374, 374, 313, 251, 94, 199, 331, 134, 134, 153, 497, 497, 43, 43, 43, 364, 364, 100, 100, 153, 100, 182, 182, 182, 182, 98, 98, 98, 13, 13, 414, 414, 237, 237, 237, 237, 237, 237, 237, 237, 47, 47, 80, 80, 73, 73, 244, 321, 321, 320, 287, 287, 481, 297, 297, 293, 497, 497, 122, 122, 8, 8, 280, 354, 100, 100, 100, 346, 346, 426, 426, 426, 98, 98, 98, 98, 263, 193, 17, 83, 403, 403, 403, 403, 403, 403, 403, 403, 403, 403, 403, 403, 403, 403, 403, 403, 403, 403, 403, 403, 403, 403, 403, 403, 403, 403, 403, 403, 403, 403, 403, 403, 403, 403, 403, 403, 403, 403, 403, 403, 403, 403, 403, 403, 403, 403, 403, 403, 403, 403, 403, 403, 403, 403, 403, 403, 403, 403, 403, 403, 403, 403, 403, 403, 403, 403, 403, 403, 403, 403, 403, 403, 403, 403, 403, 403, 403, 403, 403, 403, 403, 403, 403, 403, 403, 403, 403, 403, 403, 403, 403, 403, 403, 403, 403, 403, 403, 403, 403, 403, 403, 403, 403, 403, 403, 403, 403, 403, 403, 403, 403, 403, 403, 403, 403, 403, 403, 403, 403, 403, 403, 403, 403, 403, 403, 403, 403, 403, 403, 403]

ep243
Train step Loss: [0.1324111372232437, 0.24013400077819824, 0.703635036945343, 0.26316991448402405, 0.3847388029098511, 0.2023516595363617, 0.16945450007915497, 0.30773717164993286, 0.07731284946203232, 0.0615738146007061, 0.4817170798778534, 0.3623569905757904, 0.44934046268463135, 0.11476469784975052, 0.40328449010849, 0.40721678733825684, 0.42440855503082275, 0.07859764248132706, 0.21184608340263367, 0.49013590812683105, 0.44271934032440186, 0.29997217655181885, 0.1993984878063202, 0.02793993428349495, 0.27490663528442383, 0.2961418628692627, 0.7423973679542542, 0.5751538276672363, 0.2969299852848053, 0.3524051904678345, 0.34825029969215393, 0.027968566864728928, 0.21875038743019104, 0.28819698095321655, 0.04248656705021858, 0.11156506091356277, 0.23685145378112793, 0.11850649863481522, 0.7766623497009277, 0.34269851446151733, 0.5621749758720398, 0.7661240696907043, 0.6502570509910583, 0.23747135698795319, 0.22976695001125336, 0.18151387572288513, 0.6103761196136475, 0.43537962436676025, 0.21795491874217987, 0.26536262035369873, 0.2564469575881958, 0.3590419590473175, 0.33179032802581787, 0.6278948783874512, 0.45507925748825073, 0.15808364748954773, 0.264909029006958, 0.44502493739128113, 0.2015334963798523, 0.40137821435928345, 0.44477084279060364, 0.351222425699234, 0.15150147676467896]
val step Loss: [0.5777097344398499, 1.0275522470474243, 0.8572197556495667, 0.5649699568748474, 0.38830405473709106, 0.5216248631477356, 0.38316693902015686, 0.44756534695625305, 0.5025559663772583, 0.9015492796897888, 0.38319647312164307, 0.8147684335708618, 0.5705873370170593, 0.7750427722930908, 0.3121018707752228, 0.6550607681274414]
Train step Accs: [0.9720726112108518, 0.9408786542544504, 0.8288693151177422, 0.9377406931964056, 0.8984438984438985, 0.9545896066051481, 0.9615653389238294, 0.9230137548757955, 0.9861995753715499, 0.9884096522895687, 0.8726147498710676, 0.9094781682641108, 0.8840606855216333, 0.9735644257703081, 0.8976625417403261, 0.8945808636748518, 0.8876465284039675, 0.9845031905195989, 0.9501205266085666, 0.8806114239742558, 0.8878040973111395, 0.927085124677558, 0.951307780885014, 0.9995866060355518, 0.9331781914893617, 0.9260398122673572, 0.8152548209366391, 0.8581844695588772, 0.9258891317305782, 0.9076603325415677, 0.9149659863945578, 0.9987749387469373, 0.947986577181208, 0.9273642574613449, 0.9949026033133078, 0.9756351520199916, 0.9417691256830601, 0.9750320102432779, 0.8072916666666666, 0.9109028960817718, 0.8564739413680782, 0.8486425339366516, 0.8371153248368045, 0.9511147473921048, 0.9460379192999514, 0.9590583418628454, 0.8462250185048112, 0.8882813654499778, 0.9452568428946382, 0.9447360746573344, 0.9397689768976898, 0.9031781226903178, 0.9212649241690868, 0.8376082894513335, 0.8825182686902754, 0.9646697388632872, 0.9340195747553156, 0.8856257138195465, 0.955407483341876, 0.8979489744872436, 0.8947131608548932, 0.9144727867957987, 0.9645056139080044]
val step Accs: [0.8696716589861752, 0.761680458306811, 0.8054194292303257, 0.8747170816136334, 0.9172712380060847, 0.8861500749012665, 0.9128636833554866, 0.8994384890250128, 0.8899560922063666, 0.788131355225871, 0.9153762564520511, 0.8186274509803921, 0.8703729571169158, 0.8351395285830399, 0.9325077399380804, 0.8573924437650142]
Preds: [17, 296, 481, 481, 293, 98, 98, 129, 129, 129, 401, 401, 401, 401, 354, 441, 441, 441, 346, 426, 426, 426, 206, 240, 98, 13, 13, 233, 170, 170, 170, 80, 80, 80, 80, 80, 80, 7, 7, 7, 251, 65, 109, 286, 264, 468, 468, 468, 468, 468, 406, 406, 406, 406, 406, 337, 337, 324, 324, 171, 171, 324, 246, 246, 3, 3, 3, 197, 197, 197, 197, 7, 219, 65, 324, 374, 360, 360, 339, 217, 53, 250, 250, 70, 138, 138, 153, 153, 182, 182, 182, 182, 497, 98, 98, 117, 32, 197, 280, 100, 100, 100, 497, 497, 43, 32, 32, 401, 208, 208, 441, 106, 346, 284, 206, 426, 206, 215, 215, 396, 285, 382, 382, 313, 313, 94, 199, 134, 375, 375, 182, 182, 182, 98, 98, 13, 170, 170, 170, 170, 170, 170, 170, 47, 47, 47, 47, 47, 47, 47, 47, 80, 80, 80, 73, 20, 7, 7, 479, 398, 398, 301, 301, 143, 458, 401, 458, 465, 144, 180, 486, 486, 315, 315, 450, 450, 330, 388, 348, 64, 64, 212, 76, 465, 354, 420, 464, 324, 464, 464, 464, 464, 120, 178, 178, 178, 263, 229, 170, 170, 170, 170, 170, 392, 392, 392, 28, 28, 20, 28, 2, 2, 2, 2, 2, 2, 2, 2, 2, 2, 2, 316, 20, 20, 73, 73, 289, 20, 83, 287, 460, 460, 240, 178, 35, 35, 401, 77, 232, 232, 232, 172, 115, 267, 267, 267, 444, 213, 213, 246, 246, 246, 19, 454, 229, 197, 197, 197, 197, 197, 7, 479, 331, 331, 443, 240, 240, 330, 240, 314, 32, 32, 401, 239, 107, 395, 395, 278, 374, 106, 88, 88, 88, 426, 426, 265, 85, 85, 85, 85, 240, 314, 239, 401, 449, 478, 342, 172, 115, 267, 267, 267, 444, 213, 213, 324, 246, 3, 3, 197, 197, 129, 226, 209, 209, 209, 411, 148, 153, 182, 182, 182, 182, 182, 182, 182, 182, 182, 182, 426, 426, 413, 413, 122, 239, 32, 32, 32, 401, 75, 75, 371, 324, 371, 171, 171, 171, 314, 10, 32, 239, 384, 384, 180, 264, 286, 171, 171, 403, 171, 171, 252, 434, 434, 37, 303, 303, 41, 19, 19, 19, 454, 454, 229, 229, 414, 442, 442, 442, 392, 392, 392, 28, 28, 2, 2, 2, 20, 2, 2, 2, 73, 20, 73, 73, 73, 289, 320, 83, 287, 460, 284, 460, 240, 240, 314, 36, 36, 342, 342, 224, 224, 224, 267, 444, 444, 324, 324, 324, 301, 3, 14, 14, 14, 226, 226, 411, 145, 153, 424, 424, 497, 497, 122, 122, 76, 76, 32, 441, 441, 100, 100, 182, 497, 98, 98, 13, 48, 170, 414, 244, 244, 80, 80, 80, 80, 80, 80, 287, 441, 287, 481, 481, 169, 150, 349, 234, 402, 205, 205, 441, 441, 437, 153, 481, 481, 481, 206, 98, 98, 263, 17, 219, 403, 403, 403, 403, 403, 403, 403, 403, 403, 403, 403, 403, 403, 403, 403, 403, 403, 403, 403, 403, 403, 403, 403, 403, 403, 403, 403, 403, 403, 403, 403, 403, 403, 403, 403, 403, 403, 403, 403, 403, 403, 403, 403, 403, 403, 403, 403, 403, 403, 403, 403, 403, 403, 403, 403, 403, 403, 403, 403, 403, 403, 403, 403, 403, 403, 403, 403, 403, 403, 403, 403, 403, 403, 403, 403, 403, 403, 403, 403, 403, 403, 403, 403, 403, 403, 403, 403, 403, 403, 403, 403, 403, 403, 403, 403, 403, 403, 403, 403, 403, 403, 403, 403, 403, 403, 403, 403, 403, 403, 403, 403, 403, 403, 403, 403, 403, 403]

ep244
Train step Loss: [0.5030322670936584, 0.2572343051433563, 0.48077520728111267, 0.2719559073448181, 0.1742975413799286, 0.21663665771484375, 0.2831568419933319, 1.328560471534729, 0.4781936705112457, 0.20976291596889496, 0.3049173951148987, 0.027094082906842232, 0.4341906011104584, 0.09318302571773529, 0.3400617241859436, 0.24967904388904572, 0.7711885571479797, 0.773285984992981, 0.306534081697464, 0.45775073766708374, 0.5867136716842651, 0.37411463260650635, 0.14500539004802704, 0.27609190344810486, 0.4189590513706207, 0.5871894359588623, 0.4009915888309479, 0.10621948540210724, 0.38532695174217224, 0.497314989566803, 0.24956487119197845, 0.3562878966331482, 0.3094046413898468, 0.08866249769926071, 0.2401157170534134, 0.026623234152793884, 0.6800796985626221, 0.32570338249206543, 0.5706080198287964, 0.6868584156036377, 0.2045074701309204, 0.24930256605148315, 0.3306202292442322, 0.09135699272155762, 0.5381855368614197, 0.47318384051322937, 0.5565903186798096, 0.05712684616446495, 0.13417503237724304, 0.0761319249868393, 0.07016418129205704, 0.46940234303474426, 0.47937482595443726, 0.21861432492733002, 0.024798911064863205, 0.18241576850414276, 0.19584481418132782, 0.41622063517570496, 0.20775896310806274, 0.12449979037046432, 0.3110678493976593, 0.5083991289138794, 0.025345465168356895]
val step Loss: [0.15242430567741394, 0.9238093495368958, 0.40204277634620667, 1.0320624113082886, 0.6264891624450684, 0.7349019050598145, 0.28249284625053406, 0.5375964045524597, 0.6149648427963257, 0.7797259092330933, 0.46884700655937195, 0.3759861886501312, 0.49723273515701294, 0.8155423998832703, 0.6847366094589233, 0.6877883076667786]
Train step Accs: [0.8720739219712526, 0.9386731090875302, 0.876206322795341, 0.9326037866944589, 0.9602991944764097, 0.9483982351812775, 0.9304937076476283, 0.666610111978283, 0.8788126919140226, 0.9495622382946327, 0.925615763546798, 0.9995753715498938, 0.8869883934025656, 0.9817784256559767, 0.9120057859209257, 0.93883023294788, 0.7957684909949292, 0.8017676767676768, 0.9234710743801653, 0.8888688109866281, 0.8511119487372786, 0.906613492854769, 0.968827691719258, 0.9317180616740088, 0.8934041888090029, 0.8528655400440852, 0.9032383925087788, 0.9779959377115776, 0.9007272112294943, 0.8826062535105785, 0.9395673162882174, 0.911296323857717, 0.9329300836150152, 0.9802329685845393, 0.9419869470630892, 0.9996069182389937, 0.8229397021966681, 0.9180380252436492, 0.8563618290258449, 0.8364577753972505, 0.9513492219814851, 0.9388456667269767, 0.9150626336694164, 0.9815858699736941, 0.8843803056027165, 0.8815927348934683, 0.8552590753955942, 0.9912769116555308, 0.9711820003082139, 0.9867627345844504, 0.9872591176939003, 0.8775625352642468, 0.8794051741698921, 0.9446153846153846, 0.9993618379068283, 0.9555673570543459, 0.9509975498774939, 0.8928008407777194, 0.947565543071161, 0.970029004189494, 0.9276279069767441, 0.8835616438356164, 0.9989174560216508]
val step Accs: [0.9693597340656164, 0.7860434496379197, 0.9147603089028122, 0.7644119907763259, 0.8535040431266846, 0.825948450622647, 0.9415277432197064, 0.8844605475040258, 0.857089691105322, 0.8152004164497657, 0.8910741301059002, 0.9136118943860548, 0.886261980830671, 0.8271103896103896, 0.8506833567505429, 0.8505690252350322]
Preds: [17, 17, 287, 287, 284, 315, 450, 450, 450, 450, 43, 43, 43, 364, 276, 276, 276, 153, 153, 182, 182, 182, 182, 182, 182, 182, 387, 98, 98, 98, 98, 197, 197, 197, 197, 82, 226, 83, 83, 83, 55, 55, 322, 322, 67, 10, 10, 309, 398, 398, 398, 301, 378, 43, 153, 153, 153, 153, 153, 387, 387, 387, 109, 146, 146, 324, 324, 422, 186, 99, 99, 338, 338, 338, 338, 338, 400, 400, 400, 278, 171, 171, 171, 378, 173, 8, 8, 100, 100, 100, 100, 497, 379, 122, 471, 243, 76, 129, 36, 478, 232, 172, 172, 115, 115, 267, 267, 324, 324, 464, 464, 464, 315, 319, 319, 319, 450, 450, 413, 250, 364, 276, 276, 276, 153, 153, 182, 182, 182, 182, 182, 182, 182, 182, 182, 413, 426, 413, 413, 303, 303, 195, 199, 199, 413, 413, 413, 413, 348, 303, 10, 10, 10, 10, 309, 309, 479, 479, 331, 331, 106, 153, 153, 481, 481, 387, 387, 387, 355, 375, 452, 263, 263, 13, 13, 170, 170, 170, 170, 20, 170, 249, 20, 28, 2, 20, 249, 249, 20, 421, 20, 2, 2, 20, 20, 20, 20, 20, 163, 316, 73, 73, 73, 289, 20, 20, 320, 7, 7, 30, 324, 324, 3, 464, 464, 464, 486, 486, 486, 460, 460, 215, 215, 349, 205, 205, 205, 261, 261, 261, 25, 420, 420, 324, 324, 324, 464, 464, 331, 139, 426, 426, 319, 348, 348, 94, 219, 219, 398, 464, 464, 340, 116, 94, 199, 302, 302, 497, 122, 122, 129, 129, 36, 342, 172, 115, 273, 273, 151, 486, 460, 240, 215, 35, 35, 259, 354, 29, 420, 286, 286, 286, 278, 374, 374, 324, 219, 219, 219, 246, 246, 477, 477, 132, 132, 375, 375, 375, 98, 98, 98, 143, 129, 401, 401, 401, 354, 20, 441, 441, 441, 153, 153, 153, 153, 153, 182, 98, 98, 98, 13, 13, 17, 17, 17, 219, 301, 301, 301, 403, 403, 403, 403, 403, 403, 403, 403, 403, 403, 403, 403, 403, 403, 403, 403, 403, 403, 403, 403, 403, 403, 403, 403, 403, 403, 403, 403, 403, 403, 403, 403, 403, 403, 403, 403, 403, 403, 403, 403, 403, 403, 403, 403, 403, 403, 403, 403, 403, 403, 403, 403, 403, 403, 403, 403, 403, 403, 403, 403, 403, 403, 403, 403, 403, 403, 403, 403, 403, 403, 403, 403, 403, 403, 403, 403, 403, 403, 403, 403, 403, 403, 403, 403, 403, 403, 403, 403, 403, 403, 403, 403, 403, 403, 403, 403, 403, 403, 403, 403, 403, 403, 403, 403, 403, 403, 403, 403, 403, 403, 403, 403, 403, 403, 403, 403, 403, 403, 403, 403, 403, 403, 403, 403, 403, 403, 403, 403, 403, 403, 403, 403, 403, 403, 403, 403, 403, 403, 403, 403, 403, 403, 403, 403, 403, 403, 403, 403, 403, 403, 403, 403, 403, 403, 403, 403, 403, 403, 403, 403, 403, 403, 403, 403, 403, 403, 403, 403, 403, 403, 403, 403, 403, 403, 403, 403, 403, 403, 403, 403, 403, 403, 403, 403, 403, 403, 403, 403, 403, 403, 403, 403, 403, 403, 403, 403, 403, 403, 403, 403, 403, 403, 403, 403, 403, 403, 403, 403, 403, 403, 403, 403, 403, 403, 403, 403, 403, 403, 403, 403, 403, 403, 403, 403, 403, 403, 403, 403, 403, 403, 403, 403, 403, 403, 403, 403, 403, 403, 403, 403, 403, 403, 403, 403, 403, 403, 403, 403, 403, 403, 403, 403, 403, 403, 403, 403, 403, 403, 403, 403, 403, 403, 403, 403, 403, 403, 403, 403, 403, 403, 403]

ep245
Train step Loss: [0.36754682660102844, 0.022729912772774696, 0.11020852625370026, 0.5053610801696777, 0.7452158331871033, 0.31125468015670776, 0.12580052018165588, 0.11638767272233963, 0.269387423992157, 0.324979692697525, 0.22061613202095032, 0.701062798500061, 0.4330281913280487, 0.608348548412323, 0.28493377566337585, 0.1627827137708664, 0.11215317249298096, 0.27558860182762146, 0.027997253462672234, 0.31653982400894165, 0.42400750517845154, 0.5629381537437439, 0.16753414273262024, 0.1989871710538864, 0.5735849142074585, 0.6184723973274231, 0.39602920413017273, 0.26687100529670715, 0.16872535645961761, 0.28611627221107483, 0.2979951500892639, 0.6202387809753418, 0.46882468461990356, 0.11104726046323776, 0.407890260219574, 0.4458933174610138, 0.4498554468154907, 0.5324983596801758, 0.5388498902320862, 0.28987976908683777, 0.47447454929351807, 0.024677647277712822, 0.3949563801288605, 0.07909827679395676, 0.2787914276123047, 0.15159304440021515, 0.3978542685508728, 0.1714094579219818, 0.22509056329727173, 0.5541404485702515, 0.250725120306015, 0.2669394910335541, 0.7069239616394043, 0.4113379120826721, 0.4843924641609192, 0.23809993267059326, 0.5030999183654785, 0.03353254124522209, 0.45864376425743103, 0.20173978805541992, 0.1877465695142746, 0.32594096660614014, 0.023695901036262512]
val step Loss: [0.370595782995224, 0.6128746271133423, 0.2300252467393875, 0.7811465263366699, 0.9555299282073975, 0.6699979901313782, 0.044522348791360855, 0.4414061903953552, 0.4746277928352356, 0.6596372127532959, 0.4744332432746887, 0.9211743474006653, 0.9324678182601929, 0.1724640130996704, 0.6304338574409485, 1.095617413520813]
Train step Accs: [0.909043204477873, 0.9996327579875137, 0.9771005219733961, 0.8713930823619339, 0.8046550290939318, 0.9238318754000426, 0.972245032024963, 0.9708449720670391, 0.9270487920416864, 0.9163272861902999, 0.9450708762886598, 0.8134328358208955, 0.8979928100659077, 0.8668948852194925, 0.9339603762257355, 0.9600891861761427, 0.9766584766584766, 0.9281816581587748, 0.9987610984926698, 0.9182259182259183, 0.8905436928045936, 0.8615808823529412, 0.9621601763409258, 0.9533313325330132, 0.8514419329696025, 0.8391582799634035, 0.8980164670658682, 0.9423940636594416, 0.9641646489104116, 0.944396551724138, 0.9272024480592688, 0.8401749663526245, 0.8885180240320427, 0.975233377786245, 0.8941567893532959, 0.8808390360011901, 0.8891111746213204, 0.8613333333333333, 0.8608695652173913, 0.928027418126428, 0.8819477815152972, 0.9994987468671679, 0.8913539967373573, 0.983642529423499, 0.9316796300189195, 0.9670781893004116, 0.9013720742534301, 0.958292152599328, 0.947345890410959, 0.8594370860927152, 0.9436135812449474, 0.9373618275607959, 0.8114148872480543, 0.8920487521764364, 0.8829613500272183, 0.9401464501751035, 0.874977416440831, 0.9978569073524564, 0.8901310717039321, 0.949786918658514, 0.9539369185386884, 0.9311371673180718, 0.9988104678826328]
val step Accs: [0.9232893910860013, 0.8632941487253996, 0.952023362536504, 0.8343012479920919, 0.785295616717635, 0.8467238689547582, 0.9960468058191019, 0.8998208420424008, 0.8882878009196646, 0.8616094986807388, 0.8903206911700102, 0.7849737616792525, 0.7885943109638222, 0.9646113429145418, 0.8493201029033444, 0.7389162561576355]
Preds: [17, 17, 284, 486, 460, 460, 169, 215, 35, 35, 458, 208, 441, 441, 100, 153, 387, 497, 122, 129, 129, 129, 458, 208, 441, 441, 346, 481, 481, 405, 206, 98, 98, 263, 263, 13, 414, 414, 414, 170, 170, 170, 170, 28, 28, 28, 28, 28, 28, 28, 20, 28, 2, 28, 2, 40, 2, 2, 2, 2, 2, 435, 435, 2, 2, 435, 435, 435, 163, 16, 20, 316, 316, 316, 73, 20, 73, 73, 289, 320, 83, 287, 111, 111, 111, 240, 186, 99, 54, 54, 338, 338, 338, 338, 400, 400, 400, 444, 213, 213, 213, 246, 246, 246, 246, 246, 246, 422, 186, 99, 338, 338, 338, 338, 338, 400, 400, 400, 485, 485, 286, 374, 374, 374, 132, 132, 132, 132, 132, 132, 132, 132, 132, 132, 132, 132, 132, 132, 413, 381, 381, 117, 117, 117, 197, 197, 197, 197, 197, 401, 401, 401, 320, 354, 420, 213, 213, 213, 213, 246, 246, 246, 301, 378, 132, 43, 43, 43, 43, 276, 276, 174, 174, 174, 480, 480, 480, 480, 85, 282, 282, 282, 388, 303, 303, 309, 309, 479, 398, 324, 278, 301, 143, 143, 129, 196, 7, 7, 70, 65, 65, 265, 428, 428, 428, 146, 146, 207, 207, 3, 358, 358, 143, 129, 414, 197, 197, 226, 197, 197, 7, 79, 456, 374, 374, 374, 374, 374, 132, 132, 43, 132, 132, 132, 132, 132, 132, 132, 132, 399, 8, 53, 345, 65, 134, 223, 130, 129, 129, 196, 196, 196, 473, 473, 429, 213, 41, 324, 246, 246, 19, 19, 454, 454, 454, 78, 78, 78, 170, 170, 170, 47, 47, 47, 47, 20, 2, 2, 2, 2, 2, 2, 316, 316, 73, 73, 73, 73, 20, 320, 83, 287, 287, 284, 319, 319, 203, 53, 250, 250, 276, 276, 174, 109, 109, 409, 146, 324, 324, 324, 464, 301, 26, 251, 251, 251, 241, 241, 331, 443, 443, 319, 330, 388, 348, 33, 466, 466, 199, 81, 81, 290, 290, 290, 171, 434, 246, 434, 301, 301, 8, 129, 239, 32, 354, 354, 106, 284, 405, 206, 240, 215, 35, 36, 77, 342, 9, 142, 219, 485, 152, 374, 374, 153, 153, 153, 153, 182, 182, 43, 276, 276, 346, 346, 346, 319, 428, 85, 330, 388, 388, 94, 199, 398, 324, 340, 116, 116, 466, 466, 331, 250, 153, 153, 43, 43, 182, 182, 153, 182, 387, 387, 387, 387, 240, 240, 385, 35, 35, 483, 226, 226, 14, 155, 25, 106, 100, 387, 387, 122, 122, 122, 36, 269, 9, 397, 494, 494, 416, 8, 280, 114, 180, 443, 240, 240, 94, 199, 464, 464, 464, 464, 120, 330, 253, 368, 216, 280, 280, 283, 494, 313, 99, 99, 436, 395, 395, 395, 106, 125, 125, 125, 348, 348, 64, 394, 76, 239, 384, 107, 395, 485, 286, 286, 139, 139, 496, 496, 496, 274, 274, 43, 8, 129, 458, 208, 441, 437, 346, 426, 426, 426, 348, 348, 303, 303, 303, 303, 303, 48, 48, 401, 401, 7, 7, 219, 398, 286, 286, 286, 374, 468, 468, 337, 337, 41, 41, 19, 19, 454, 454, 229, 78, 78, 170, 170, 170, 170, 47, 47, 47, 47, 47, 2, 2, 2, 2, 2, 2, 20, 2, 2, 163, 316, 316, 73, 73, 73, 20, 289, 320, 188, 188, 324, 324, 301, 339, 33, 466, 250, 331, 65, 65, 153, 387, 293, 497, 122, 43, 129, 458, 208, 208, 106, 106, 284, 284, 319, 319, 319, 203, 381, 381, 303, 303, 117, 48, 48, 48, 48, 414, 414, 414, 47, 20, 80, 47, 80, 80, 80]

ep246
Train step Loss: [0.2710552513599396, 0.1775832623243332, 0.2918512523174286, 0.02565394714474678, 0.38772347569465637, 0.3162093758583069, 0.1819186806678772, 0.02338571660220623, 0.4033909738063812, 0.23343051970005035, 0.6095865964889526, 0.12391103059053421, 0.4695712924003601, 0.20490841567516327, 0.21315856277942657, 0.43595167994499207, 0.3063984215259552, 0.2685779631137848, 0.2587607502937317, 0.4674360752105713, 0.4976387023925781, 0.5008317232131958, 0.393635094165802, 0.3752242624759674, 0.7518912553787231, 0.16454875469207764, 0.6162068247795105, 0.49460509419441223, 0.4350946247577667, 0.19384628534317017, 0.35875004529953003, 0.21824991703033447, 0.4331458508968353, 0.8374688625335693, 0.47493571043014526, 0.1223306879401207, 0.6509605646133423, 0.6356655955314636, 0.1690385490655899, 0.3486260175704956, 0.3804565370082855, 0.13353091478347778, 0.356038898229599, 0.16789589822292328, 0.023781975731253624, 0.6105080246925354, 0.49426233768463135, 0.1947382688522339, 0.26340344548225403, 0.5126438736915588, 0.5561417937278748, 0.36731696128845215, 0.23554092645645142, 0.12880143523216248, 0.31477445363998413, 0.23281413316726685, 0.14245426654815674, 0.3250737190246582, 0.17765404284000397, 0.27047494053840637, 0.1921084225177765, 0.15290893614292145, 0.14824186265468597]
val step Loss: [0.7435886263847351, 0.821854829788208, 0.7314345240592957, 0.44534510374069214, 0.3709437847137451, 0.6503689289093018, 0.7306191921234131, 0.5546314716339111, 0.9892334342002869, 0.6554021835327148, 0.4673720598220825, 0.7467031478881836, 0.23252025246620178, 0.4009494185447693, 0.36222249269485474, 0.5411430597305298]
Train step Accs: [0.9308000697228517, 0.9528766086298259, 0.9246303642264695, 0.9978694557427852, 0.9013157894736842, 0.920864594498035, 0.9580135440180587, 0.9997786141244188, 0.8921052631578947, 0.9443310447207274, 0.8611454470539761, 0.9694323144104804, 0.8820204874602614, 0.9478927203065134, 0.9474301807087538, 0.8870001618908856, 0.9189004997728305, 0.93170019467878, 0.9371822803195352, 0.879847182425979, 0.8777375737954676, 0.8705024813895782, 0.9014009576165987, 0.907440141410895, 0.8135524447149524, 0.9626280892103677, 0.8435889175257731, 0.8976647047655212, 0.8904685622747297, 0.9528979455486888, 0.9226728304265602, 0.9457937912176291, 0.8887280913330118, 0.7797233409210296, 0.8796823494156428, 0.974152785755313, 0.8282357007084845, 0.8378995433789954, 0.9615728328865059, 0.910851226993865, 0.901060070671378, 0.9693856154330048, 0.9135680052883821, 0.957983193277311, 0.9990749306197965, 0.8569769692277918, 0.876941058607447, 0.9500260281103592, 0.9380603096984516, 0.8794569839712136, 0.8581235697940504, 0.906764168190128, 0.9446122860020141, 0.970247639408516, 0.9243980169971672, 0.9426415094339623, 0.970258922323303, 0.917018581081081, 0.9585323905981272, 0.9337153772683858, 0.9580439404677533, 0.9635863408318498, 0.9624277456647399]
val step Accs: [0.8322368421052632, 0.8150702106318957, 0.8358563371920451, 0.8974592833876222, 0.9131699846860644, 0.8463703703703703, 0.832778147901399, 0.8737876306839653, 0.7884322678843226, 0.8494662348566631, 0.8978501628664495, 0.8309029312122551, 0.9490659661412726, 0.9062829989440337, 0.9222768316379015, 0.8727047146401985]
Preds: [17, 17, 287, 287, 284, 284, 480, 480, 85, 85, 240, 240, 240, 314, 325, 34, 300, 242, 242, 196, 217, 217, 473, 473, 398, 398, 398, 171, 171, 171, 171, 246, 246, 246, 246, 246, 246, 246, 246, 318, 49, 49, 269, 323, 323, 219, 213, 213, 213, 213, 246, 360, 360, 360, 246, 246, 19, 19, 19, 19, 454, 454, 454, 454, 414, 414, 414, 170, 82, 47, 47, 47, 80, 80, 80, 75, 373, 66, 66, 323, 323, 323, 273, 273, 106, 106, 153, 497, 497, 274, 122, 35, 458, 445, 445, 445, 351, 351, 351, 403, 403, 403, 290, 290, 290, 290, 434, 434, 434, 434, 434, 434, 434, 434, 434, 434, 434, 246, 19, 248, 259, 465, 445, 445, 445, 445, 351, 171, 171, 171, 171, 171, 252, 143, 445, 445, 464, 464, 443, 403, 171, 171, 240, 252, 143, 143, 458, 183, 74, 25, 420, 420, 213, 213, 213, 213, 246, 246, 246, 246, 246, 246, 246, 246, 246, 246, 197, 7, 198, 22, 258, 258, 38, 31, 31, 162, 232, 232, 232, 172, 172, 115, 115, 267, 267, 267, 286, 286, 286, 286, 286, 468, 468, 42, 42, 42, 147, 42, 42, 42, 345, 88, 288, 288, 360, 360, 360, 434, 434, 434, 318, 368, 49, 453, 453, 219, 219, 219, 324, 324, 464, 464, 464, 464, 464, 180, 315, 315, 315, 315, 282, 282, 450, 450, 413, 413, 175, 43, 276, 276, 153, 153, 153, 182, 182, 182, 182, 182, 182, 182, 375, 375, 98, 98, 98, 98, 13, 229, 229, 414, 312, 312, 312, 187, 23, 23, 23, 23, 12, 12, 260, 260, 391, 391, 73, 244, 73, 244, 321, 321, 321, 287, 287, 353, 353, 306, 372, 467, 467, 499, 499, 486, 460, 460, 460, 150, 150, 150, 342, 342, 224, 168, 494, 494, 494, 494, 38, 478, 342, 342, 172, 115, 273, 273, 273, 319, 319, 319, 319, 388, 348, 348, 348, 250, 250, 398, 398, 398, 398, 464, 464, 464, 464, 443, 443, 139, 282, 282, 282, 282, 388, 203, 399, 70, 65, 431, 65, 443, 443, 443, 443, 146, 438, 438, 219, 219, 324, 324, 324, 324, 301, 301, 132, 58, 337, 337, 464, 464, 464, 264, 120, 120, 376, 376, 460, 460, 263, 263, 263, 263, 263, 13, 78, 170, 170, 170, 170, 244, 28, 28, 2, 2, 244, 12, 12, 12, 12, 12, 63, 63, 63, 163, 163, 163, 244, 316, 244, 73, 73, 321, 320, 7, 7, 7, 309, 479, 479, 331, 398, 290, 290, 360, 360, 360, 360, 434, 434, 434, 434, 434, 434, 3, 335, 14, 287, 145, 111, 111, 111, 450, 450, 450, 43, 182, 497, 43, 43, 345, 109, 109, 109, 290, 290, 324, 324, 324, 324, 301, 301, 143, 259, 192, 192, 79, 420, 420, 213, 213, 213, 246, 246, 246, 246, 19, 19, 454, 454, 197, 401, 401, 321, 320, 209, 156, 498, 498, 498, 498, 468, 468, 468, 468, 288, 120, 120, 120, 282, 282, 37, 37, 271, 243, 243, 310, 310, 310, 338, 338, 338, 338, 338, 338, 338, 447, 447, 193, 17, 188, 403, 403, 403, 403, 403, 403, 403, 403, 403, 403, 403, 403, 403, 403, 403, 403, 403, 403, 403, 403, 403, 403, 403, 403, 403, 403, 403, 403, 403, 403, 403, 403, 403, 403, 403, 403, 403, 403, 403, 403, 403, 403, 403, 403, 403, 403, 403, 403, 403, 403, 403, 403, 403, 403, 403, 403, 403, 403, 403, 403, 403, 403, 403, 403, 403, 403, 403, 403, 403, 403, 403, 403, 403, 403, 403, 403, 403, 403, 403, 403, 403, 403]

ep247
Train step Loss: [0.3014204204082489, 0.6028786301612854, 0.26424285769462585, 0.5661818385124207, 0.2459465116262436, 0.539609432220459, 0.07819250226020813, 0.6323774456977844, 0.3153267800807953, 0.025244545191526413, 0.17712324857711792, 0.02627822384238243, 0.21786713600158691, 0.36044010519981384, 0.340751975774765, 0.2448669821023941, 0.3366469442844391, 0.07095853239297867, 0.46745362877845764, 0.27733612060546875, 0.6511971354484558, 0.02958136610686779, 0.4604884684085846, 0.21125106513500214, 0.38272684812545776, 0.7519946694374084, 0.3386653661727905, 0.2240346223115921, 0.24212920665740967, 0.2450825572013855, 0.3507728576660156, 0.1713559776544571, 0.087114617228508, 0.43884485960006714, 0.11813902109861374, 0.17572247982025146, 0.5492371916770935, 0.33785873651504517, 0.379050076007843, 0.6067920327186584, 0.02530469186604023, 0.28861674666404724, 0.2933388948440552, 0.3061980903148651, 0.3219795525074005, 0.41445454955101013, 0.44302642345428467, 0.14214769005775452, 0.7393296957015991, 0.35707610845565796, 0.2660035192966461, 0.3473197817802429, 0.20709577202796936, 0.16393494606018066, 0.4521895945072174, 0.37690070271492004, 0.2807556092739105, 0.49474263191223145, 0.13877499103546143, 0.07297063618898392, 0.2538619339466095, 0.02245565876364708, 0.1375730186700821]
val step Loss: [0.5787320733070374, 0.21165671944618225, 0.3855034410953522, 1.0526326894760132, 0.546203076839447, 0.44762054085731506, 0.7166746258735657, 0.7923516631126404, 0.5001997351646423, 1.1272008419036865, 0.44472604990005493, 0.4910525381565094, 0.44940364360809326, 0.7356414794921875, 0.48477572202682495, 0.4594012200832367]
Train step Accs: [0.9279588336192109, 0.8461036843821323, 0.9365461847389558, 0.8570966175756595, 0.942809364548495, 0.8687668196928922, 0.9842832796818785, 0.8420616506463374, 0.9158454559674644, 0.9993947952390558, 0.9549736547980201, 0.9992741789148974, 0.9463812050018947, 0.9053073076302629, 0.9165255672197765, 0.935559805796675, 0.9116538272414358, 0.9865842894969109, 0.8762475049900199, 0.9268413247652002, 0.8304724538172307, 0.9975446428571428, 0.8836898395721925, 0.9480830670926518, 0.9007997539218702, 0.806615297876339, 0.9163743769614178, 0.9456605222734255, 0.9410699588477366, 0.9422676509558963, 0.9105019149365048, 0.9594434074325471, 0.9821882951653944, 0.8827300930713547, 0.9730230989715056, 0.9618497109826589, 0.8568041725936463, 0.9270744225834047, 0.9051611701136575, 0.8402669978267618, 0.9987593052109182, 0.9468717231737155, 0.9281322059953881, 0.9229174519411987, 0.921546425105144, 0.9057090239410681, 0.8834602368866328, 0.9644038124878428, 0.815403422982885, 0.9148157188186478, 0.9354719080289264, 0.918201624083977, 0.9454347826086956, 0.9615455381784729, 0.8939814814814815, 0.9007579763793407, 0.9272481667309919, 0.8685021573864804, 0.9690048939641109, 0.9855439103722443, 0.9361207897793263, 0.9986737400530504, 0.9649746192893401]
val step Accs: [0.8618107556160653, 0.9569989669421488, 0.9098101265822784, 0.7546607009694258, 0.8806024981631153, 0.8988678090575275, 0.8451691146745721, 0.8231128735306614, 0.8876167916831162, 0.7461300309597523, 0.9033163947579567, 0.8877504896790719, 0.9046554445028933, 0.8333095272103985, 0.8875984514751034, 0.8919514884233738]
Preds: [17, 287, 111, 111, 111, 111, 293, 43, 43, 43, 364, 276, 276, 153, 153, 387, 387, 387, 42, 406, 495, 406, 406, 380, 499, 499, 284, 284, 426, 426, 426, 426, 426, 426, 426, 426, 426, 413, 348, 348, 195, 10, 10, 309, 479, 331, 331, 307, 307, 426, 426, 61, 167, 167, 35, 35, 36, 77, 478, 342, 68, 68, 115, 115, 267, 267, 448, 464, 464, 464, 464, 180, 486, 284, 265, 85, 85, 85, 240, 285, 285, 285, 34, 134, 134, 132, 132, 251, 251, 251, 241, 431, 486, 486, 460, 240, 167, 35, 77, 342, 342, 224, 224, 494, 422, 99, 99, 99, 338, 338, 338, 338, 400, 400, 400, 324, 324, 246, 246, 246, 246, 422, 99, 99, 338, 338, 338, 338, 338, 400, 400, 400, 374, 374, 374, 374, 374, 374, 132, 132, 132, 100, 497, 497, 129, 129, 129, 401, 401, 401, 354, 74, 420, 213, 213, 213, 301, 129, 259, 259, 401, 354, 354, 354, 74, 213, 213, 213, 422, 143, 251, 173, 173, 4, 280, 286, 286, 286, 213, 213, 213, 246, 246, 246, 19, 454, 229, 229, 170, 170, 170, 170, 82, 392, 126, 392, 326, 408, 408, 17, 17, 17, 408, 408, 244, 244, 20, 391, 391, 244, 244, 244, 244, 289, 66, 66, 115, 115, 115, 115, 267, 267, 213, 213, 213, 246, 246, 246, 246, 246, 246, 246, 246, 246, 246, 246, 301, 8, 8, 32, 354, 354, 354, 180, 84, 284, 206, 376, 240, 35, 314, 36, 36, 342, 68, 224, 172, 115, 267, 444, 219, 152, 477, 132, 132, 43, 153, 182, 182, 182, 182, 182, 43, 43, 43, 276, 276, 346, 346, 346, 284, 206, 376, 206, 206, 206, 240, 263, 263, 263, 229, 170, 170, 170, 170, 170, 170, 392, 392, 392, 47, 2, 2, 2, 392, 392, 392, 392, 244, 244, 244, 7, 7, 7, 473, 65, 443, 171, 360, 116, 10, 398, 398, 195, 331, 331, 495, 88, 403, 403, 324, 41, 324, 324, 246, 246, 422, 99, 338, 338, 338, 338, 338, 338, 400, 400, 19, 464, 464, 355, 120, 35, 314, 239, 384, 133, 32, 384, 100, 100, 387, 250, 250, 250, 394, 394, 32, 32, 32, 354, 213, 213, 213, 180, 403, 171, 171, 416, 32, 458, 192, 192, 464, 443, 171, 171, 143, 8, 354, 32, 354, 180, 180, 420, 213, 213, 246, 246, 246, 246, 246, 246, 19, 454, 229, 229, 170, 170, 170, 126, 326, 326, 326, 408, 408, 391, 391, 244, 244, 244, 320, 244, 7, 7, 7, 251, 276, 182, 284, 284, 387, 387, 387, 251, 35, 36, 354, 164, 209, 209, 209, 188, 188, 387, 387, 387, 387, 122, 36, 36, 36, 77, 68, 68, 9, 494, 106, 387, 43, 122, 32, 32, 208, 27, 27, 486, 443, 203, 388, 94, 398, 324, 324, 403, 207, 207, 318, 368, 368, 453, 453, 168, 494, 143, 143, 338, 338, 436, 436, 60, 60, 397, 387, 426, 426, 413, 413, 299, 438, 99, 338, 338, 338, 338, 338, 400, 400, 400, 324, 213, 301, 301, 464, 3, 143, 99, 338, 338, 338, 338, 338, 338, 395, 470, 403, 151, 151, 271, 94, 398, 241, 241, 431, 486, 486, 460, 146, 146, 146, 219, 219, 219, 219, 219, 324, 301, 301, 246, 246, 246, 246, 246, 19, 454, 229, 229, 170, 170, 170, 170, 414, 82, 247, 421, 421, 421, 380, 421, 128, 387, 387, 17, 244, 244, 320, 320, 251, 219, 42, 42, 147, 147, 147, 337, 337, 324, 19, 19, 19, 454, 454, 229, 17, 219, 301, 403, 403, 403, 403, 403]

ep248
Train step Loss: [0.38593703508377075, 0.6137024164199829, 0.2020077258348465, 0.3473120927810669, 0.379166841506958, 0.3449515700340271, 0.2092134803533554, 0.2918931245803833, 0.3225223124027252, 0.3856424391269684, 0.4793623983860016, 0.2939318120479584, 0.08026732504367828, 0.5923877954483032, 0.47554248571395874, 0.5362149477005005, 0.046525225043296814, 0.31244978308677673, 0.26922380924224854, 0.30675381422042847, 0.31638815999031067, 0.17589029669761658, 0.29917940497398376, 0.18737033009529114, 0.4576372504234314, 0.2727336883544922, 0.43401286005973816, 0.23975783586502075, 0.4194740653038025, 0.335778146982193, 0.1965971440076828, 0.3609793782234192, 0.3133242130279541, 0.18294736742973328, 0.19825881719589233, 0.3067448139190674, 0.31481456756591797, 0.12583953142166138, 0.1847994178533554, 0.08629261702299118, 0.25284963846206665, 0.19705596566200256, 0.3336324393749237, 0.29971832036972046, 0.521101176738739, 0.16102935373783112, 0.5060992240905762, 0.021967411041259766, 0.36016565561294556, 0.5488492250442505, 0.2633984684944153, 0.02258511632680893, 0.41272255778312683, 0.506940484046936, 0.516656219959259, 0.4240567982196808, 0.20440596342086792, 0.381718248128891, 0.605748176574707, 0.058583538979291916, 0.3337857723236084, 0.13087482750415802, 0.01863628812134266]
val step Loss: [0.4409105181694031, 0.5195724964141846, 0.6264678239822388, 0.5311082005500793, 0.7508707046508789, 0.24179841578006744, 0.5640513300895691, 0.5618869066238403, 0.7052726149559021, 0.938462495803833, 0.5516762733459473, 0.46713539958000183, 0.7707896828651428, 0.7663193345069885, 0.4044155776500702, 0.3116054832935333]
Train step Accs: [0.9034772182254197, 0.874273537388609, 0.9506285714285714, 0.9133068004845128, 0.9070073266954725, 0.9140986747565064, 0.9515020616532496, 0.9289113622843546, 0.9176276771004942, 0.9027453795083438, 0.8881728582259287, 0.9259937717530683, 0.983089296762219, 0.8455488022881659, 0.87853385930309, 0.8611368265136086, 0.9922413793103448, 0.9189636163175303, 0.9349660764520933, 0.9177907400656216, 0.9195380890296144, 0.9606215410813111, 0.9245576511763562, 0.9482912864555376, 0.884395891081037, 0.927482057416268, 0.8931779898933183, 0.9435101336783096, 0.889763779527559, 0.914160525791675, 0.9511095700416089, 0.9112415510494486, 0.9206726375434107, 0.9689455388180764, 0.9480799373040752, 0.9217074651021647, 0.921832884097035, 0.9724427137936199, 0.9554343738247462, 0.9810456483967778, 0.9353922612708555, 0.9550058110576125, 0.9234889058913542, 0.9229249011857708, 0.8625821414766138, 0.9619753086419753, 0.8803918470532469, 0.9996665555185061, 0.9124021673690548, 0.8510484454085322, 0.9389140271493213, 0.9996253278381416, 0.897409629738036, 0.8701686577652846, 0.8664192949907236, 0.8863855189678413, 0.9452102599895307, 0.8986534372785259, 0.8566121842496285, 0.9880504174169259, 0.9134699597127343, 0.9698012232415902, 0.9996728819103696]
val step Accs: [0.9088895042924398, 0.8827961490163249, 0.859915719576044, 0.8806968641114983, 0.8329442661219726, 0.9458134785568414, 0.8646118392625666, 0.8709414481728026, 0.835022083658093, 0.783029264111669, 0.8692463328275164, 0.8997795928951121, 0.8248625452594878, 0.8257830353542143, 0.9076814658210007, 0.9281210592686002]
Preds: [17, 287, 319, 319, 61, 240, 215, 35, 35, 75, 77, 227, 238, 272, 397, 441, 441, 350, 350, 348, 348, 250, 250, 199, 250, 250, 250, 132, 88, 88, 81, 431, 284, 284, 315, 284, 284, 206, 206, 169, 215, 35, 259, 354, 114, 114, 114, 470, 264, 403, 403, 264, 264, 264, 264, 264, 264, 264, 264, 264, 264, 264, 468, 468, 468, 406, 467, 337, 337, 264, 264, 171, 330, 330, 116, 10, 479, 479, 331, 65, 307, 426, 426, 426, 413, 348, 94, 94, 199, 331, 145, 486, 460, 169, 169, 150, 150, 342, 342, 224, 224, 494, 324, 422, 99, 99, 99, 338, 338, 338, 338, 400, 400, 213, 213, 213, 246, 246, 246, 246, 246, 246, 99, 99, 99, 338, 338, 338, 400, 400, 400, 324, 360, 374, 374, 374, 42, 42, 42, 147, 456, 288, 337, 420, 324, 324, 324, 246, 301, 301, 301, 143, 259, 196, 196, 473, 398, 360, 360, 360, 434, 434, 434, 434, 318, 77, 77, 342, 342, 342, 115, 168, 267, 267, 339, 339, 33, 398, 398, 398, 398, 398, 464, 468, 245, 245, 42, 43, 43, 441, 153, 153, 153, 387, 387, 122, 122, 122, 81, 398, 398, 398, 398, 464, 464, 464, 315, 315, 282, 282, 282, 282, 282, 263, 263, 263, 229, 259, 247, 312, 312, 126, 23, 23, 23, 23, 23, 23, 23, 23, 260, 101, 101, 101, 101, 149, 149, 321, 320, 320, 7, 276, 276, 153, 346, 346, 346, 346, 206, 206, 206, 206, 167, 35, 192, 445, 445, 351, 139, 139, 139, 139, 293, 293, 122, 186, 162, 54, 224, 224, 273, 494, 497, 175, 175, 81, 81, 443, 443, 443, 330, 388, 94, 199, 199, 331, 290, 290, 290, 434, 368, 368, 453, 453, 168, 168, 278, 278, 99, 99, 338, 436, 436, 395, 395, 106, 139, 139, 293, 293, 413, 122, 77, 77, 478, 342, 68, 342, 115, 273, 267, 267, 267, 444, 213, 246, 246, 246, 246, 19, 454, 454, 454, 414, 170, 237, 237, 249, 249, 47, 20, 249, 47, 20, 47, 80, 73, 289, 321, 320, 287, 287, 287, 268, 268, 206, 206, 206, 169, 215, 35, 35, 259, 259, 441, 148, 148, 153, 153, 153, 387, 372, 372, 372, 467, 467, 467, 467, 245, 245, 245, 43, 43, 276, 473, 65, 65, 46, 46, 438, 146, 438, 219, 219, 464, 464, 286, 468, 468, 337, 337, 337, 464, 464, 464, 180, 315, 486, 315, 460, 460, 460, 169, 349, 349, 349, 234, 234, 261, 25, 25, 499, 499, 265, 265, 376, 376, 85, 460, 263, 263, 263, 263, 414, 414, 414, 414, 312, 312, 312, 15, 15, 292, 292, 23, 12, 12, 260, 163, 391, 244, 391, 244, 244, 73, 244, 320, 320, 287, 287, 287, 287, 287, 265, 265, 265, 85, 85, 85, 85, 85, 146, 207, 207, 207, 19, 19, 193, 353, 403, 403, 403, 403, 403, 403, 403, 403, 403, 403, 403, 403, 403, 403, 403, 403, 403, 403, 403, 403, 403, 403, 403, 403, 403, 403, 403, 403, 403, 403, 403, 403, 403, 403, 403, 403, 403, 403, 403, 403, 403, 403, 403, 403, 403, 403, 403, 403, 403, 403, 403, 403, 403, 403, 403, 403, 403, 403, 403, 403, 403, 403, 403, 403, 403, 403, 403, 403, 403, 403, 403, 403, 403, 403, 403, 403, 403, 403, 403, 403, 403, 403, 403, 403, 403, 403, 403, 403, 403, 403, 403, 403, 403, 403, 403, 403, 403, 403, 403, 403, 403, 403, 403, 403, 403, 403, 403, 403, 403, 403, 403, 403, 403, 403, 403, 403, 403, 403, 403, 403, 403]

ep249
Train step Loss: [0.5318160653114319, 0.4842808246612549, 0.17271418869495392, 0.4677892029285431, 0.04884893819689751, 0.22531278431415558, 0.2496815174818039, 0.6053858399391174, 0.5546165704727173, 0.15784291923046112, 0.0447956845164299, 0.07955863326787949, 0.49531206488609314, 0.4700906574726105, 0.025989394634962082, 0.39375168085098267, 0.9993299841880798, 0.2639302909374237, 0.20709142088890076, 0.3984221816062927, 0.15792322158813477, 0.05444367974996567, 0.29873302578926086, 0.2536771297454834, 0.27483895421028137, 0.41780707240104675, 0.37103331089019775, 0.3481443226337433, 0.27553442120552063, 0.5709289908409119, 0.439014732837677, 0.4402991831302643, 0.19018803536891937, 0.03075234591960907, 0.2283104658126831, 0.2799316346645355, 0.26651355624198914, 0.09061400592327118, 0.2816033661365509, 0.28344324231147766, 0.2812754213809967, 0.16002218425273895, 0.501101016998291, 0.49434182047843933, 0.20634660124778748, 0.3707498610019684, 0.24872246384620667, 0.025008371099829674, 0.020354479551315308, 0.32247692346572876, 0.23366829752922058, 0.6507086157798767, 0.7635599374771118, 0.3521368205547333, 0.22433622181415558, 0.20038312673568726, 0.49524080753326416, 0.29803305864334106, 0.33490434288978577, 0.2661220133304596, 0.1504100263118744, 0.31820300221443176, 0.01801435463130474]
val step Loss: [0.6575445532798767, 0.7608104944229126, 0.6579486727714539, 0.1590765118598938, 0.7258272767066956, 0.3937931954860687, 0.45621463656425476, 0.18707159161567688, 0.8309734463691711, 0.3458503186702728, 0.4441644847393036, 0.8552890419960022, 0.8281059265136719, 0.6647340059280396, 0.7976001501083374, 0.8547571301460266]
Train step Accs: [0.86359918200409, 0.873415919122882, 0.9577132753794018, 0.8889869396399577, 0.9906671275492568, 0.9477460901563938, 0.9361787799476545, 0.8354027861901878, 0.863679513954813, 0.9623800959232613, 0.9944493783303731, 0.9812130177514793, 0.8719597989949749, 0.876825100963032, 0.9981381493204246, 0.8986928104575164, 0.756523212470349, 0.931924882629108, 0.9509504412763069, 0.9011577674097114, 0.9634219468319009, 0.9906671961874504, 0.9268485567417952, 0.9358865848497673, 0.9306389950846532, 0.8946659936059229, 0.9142857142857143, 0.9112781954887218, 0.9269155901610334, 0.8510069506326858, 0.8983148219073152, 0.8902787705503932, 0.9521929824561404, 0.9973747980613893, 0.939853649830448, 0.9276351230023343, 0.9423191870890616, 0.9799346710219319, 0.9234550561797753, 0.9331750339213026, 0.9280796836091988, 0.9631675874769797, 0.8703433922996878, 0.8727166731441897, 0.9549258273107646, 0.9102424900470503, 0.9400577347597215, 0.9983316649983317, 0.9996036464526358, 0.9163669064748201, 0.9420991156349074, 0.8320459059810197, 0.8226262626262626, 0.9107490703028156, 0.9439672801635992, 0.9500398089171974, 0.8753357560436088, 0.9306913996627318, 0.9173835657075052, 0.9340062111801242, 0.9674290677475391, 0.9156666118691436, 1.0]
val step Accs: [0.8532951289398281, 0.8146626010871006, 0.8573405459806265, 0.9658444022770398, 0.8371217403430484, 0.9088931193908077, 0.8938915579958819, 0.9615664579997089, 0.8123205429391803, 0.9223813112283346, 0.9005630918863579, 0.800718132854578, 0.8090610636900853, 0.8470624805719614, 0.825626204238921, 0.8027972027972028]
Preds: [17, 17, 251, 251, 251, 251, 241, 431, 486, 486, 460, 169, 169, 35, 77, 342, 342, 224, 168, 494, 494, 422, 99, 99, 338, 338, 338, 338, 338, 400, 400, 400, 30, 324, 324, 464, 464, 464, 464, 355, 111, 111, 111, 438, 438, 219, 219, 219, 219, 464, 464, 464, 464, 222, 255, 43, 43, 43, 43, 276, 276, 345, 109, 109, 109, 41, 324, 246, 246, 246, 246, 3, 3, 197, 197, 197, 82, 197, 7, 7, 217, 473, 473, 398, 398, 360, 464, 464, 464, 464, 315, 315, 315, 319, 426, 426, 450, 450, 450, 450, 43, 43, 250, 276, 276, 276, 276, 346, 346, 346, 426, 426, 426, 426, 426, 284, 284, 284, 265, 265, 85, 85, 299, 299, 406, 406, 406, 406, 406, 42, 217, 473, 473, 236, 275, 275, 275, 275, 37, 37, 24, 8, 239, 354, 354, 106, 100, 255, 169, 349, 349, 349, 234, 234, 261, 261, 25, 148, 148, 148, 148, 148, 153, 153, 182, 182, 387, 372, 406, 406, 406, 406, 406, 406, 406, 134, 134, 302, 98, 98, 98, 98, 98, 13, 78, 82, 170, 170, 170, 82, 170, 28, 28, 28, 187, 187, 187, 12, 12, 23, 23, 23, 260, 260, 391, 249, 244, 244, 73, 249, 73, 73, 73, 73, 244, 320, 354, 420, 213, 213, 213, 213, 213, 252, 422, 143, 36, 36, 259, 310, 310, 310, 323, 323, 323, 395, 395, 374, 374, 374, 132, 132, 182, 182, 182, 98, 98, 98, 13, 13, 414, 170, 82, 170, 170, 170, 244, 2, 2, 2, 2, 2, 2, 102, 244, 244, 163, 316, 73, 73, 244, 289, 244, 287, 287, 287, 111, 111, 111, 240, 251, 251, 251, 81, 106, 302, 88, 274, 274, 122, 314, 32, 239, 401, 82, 384, 371, 180, 443, 151, 460, 240, 178, 35, 35, 401, 401, 270, 66, 172, 172, 273, 273, 273, 499, 284, 486, 460, 460, 169, 271, 271, 150, 150, 342, 232, 232, 232, 68, 68, 172, 115, 267, 267, 267, 267, 324, 324, 3, 3, 14, 440, 188, 188, 188, 120, 120, 271, 271, 143, 82, 270, 270, 433, 433, 172, 172, 97, 336, 483, 106, 287, 284, 284, 284, 306, 306, 306, 468, 59, 313, 59, 303, 303, 48, 263, 17, 83, 403, 403, 403, 403, 403, 403, 403, 403, 403, 403, 403, 403, 403, 403, 403, 403, 403, 403, 403, 403, 403, 403, 403, 403, 403, 403, 403, 403, 403, 403, 403, 403, 403, 403, 403, 403, 403, 403, 403, 403, 403, 403, 403, 403, 403, 403, 403, 403, 403, 403, 403, 403, 403, 403, 403, 403, 403, 403, 403, 403, 403, 403, 403, 403, 403, 403, 403, 403, 403, 403, 403, 403, 403, 403, 403, 403, 403, 403, 403, 403, 403, 403, 403, 403, 403, 403, 403, 403, 403, 403, 403, 403, 403, 403, 403, 403, 403, 403, 403, 403, 403, 403, 403, 403, 403, 403, 403, 403, 403, 403, 403, 403, 403, 403, 403, 403, 403, 403, 403, 403, 403, 403, 403, 403, 403, 403, 403, 403, 403, 403, 403, 403, 403, 403, 403, 403, 403, 403, 403, 403, 403, 403, 403, 403, 403, 403, 403, 403, 403, 403, 403, 403, 403, 403, 403, 403, 403, 403, 403, 403, 403, 403, 403, 403, 403, 403, 403, 403, 403, 403, 403, 403, 403, 403, 403, 403, 403, 403, 403, 403, 403, 403, 403, 403, 403, 403, 403, 403, 403, 403, 403, 403, 403, 403, 403, 403, 403, 403, 403, 403, 403, 403, 403, 403, 403, 403, 403, 403, 403, 403, 403, 403, 403, 403, 403, 403, 403, 403, 403, 403, 403, 403]

ep250
Train step Loss: [0.5965067148208618, 0.7264655828475952, 0.7724168300628662, 0.336762011051178, 0.15517358481884003, 0.3170984387397766, 0.17123480141162872, 0.08454699069261551, 0.1195845678448677, 0.36622560024261475, 0.1332363337278366, 0.2310831993818283, 0.27804335951805115, 0.04495527967810631, 0.32197222113609314, 0.33826860785484314, 0.29697278141975403, 0.5133142471313477, 0.6722912788391113, 0.3738856017589569, 0.020254218950867653, 0.21035611629486084, 0.3596287667751312, 0.01849539577960968, 0.35099270939826965, 0.4975108802318573, 0.46523016691207886, 0.610724151134491, 0.2050289511680603, 0.2704415023326874, 0.09922631829977036, 0.3791694939136505, 0.017839573323726654, 0.4934738576412201, 0.7237681150436401, 0.18946421146392822, 0.34336793422698975, 0.3960535228252411, 0.13577038049697876, 0.3800298571586609, 0.027518080547451973, 0.10652478784322739, 0.511011004447937, 0.47622981667518616, 0.01636365056037903, 0.44608062505722046, 0.380644291639328, 0.5752596855163574, 0.45767509937286377, 0.3436441719532013, 0.4113888740539551, 0.5696146488189697, 0.25065165758132935, 0.1913015991449356, 0.2864733338356018, 0.23118320107460022, 0.21201948821544647, 0.16489697992801666, 0.079686738550663, 0.08982501924037933, 0.3434144854545593, 0.17818836867809296, 0.2762172520160675]
val step Loss: [0.9880238175392151, 0.35644885897636414, 0.46817731857299805, 0.5519727468490601, 0.2018285095691681, 0.4721847176551819, 0.858549177646637, 0.6854144930839539, 0.4440966844558716, 0.5096939206123352, 0.8741856813430786, 0.3628752827644348, 0.3824346363544464, 0.7519091367721558, 0.4458138048648834, 0.8967280387878418]
Train step Accs: [0.8436498150431566, 0.8193327974276527, 0.8051400884769327, 0.9166666666666666, 0.9615082482325216, 0.9167312761668476, 0.9581223217763927, 0.9815555942230729, 0.9719609892023685, 0.90633608815427, 0.9689679218967922, 0.9421229586935639, 0.9325589459084604, 0.9921334172435494, 0.9179950698438784, 0.9109325881942019, 0.9253333333333333, 0.8694449247795262, 0.8281113250481358, 0.9114611624117328, 0.9994266055045872, 0.9436619718309859, 0.9194739686542965, 0.9997859589041096, 0.9035786841694015, 0.8939601921757035, 0.8735404710073223, 0.8341379847375798, 0.9582167832167832, 0.9371536891221931, 0.9783580754784476, 0.9015634047481181, 0.9995096436744034, 0.865654862282181, 0.8122743682310469, 0.9536174785100286, 0.9188861985472155, 0.9009467040673211, 0.9676172953081876, 0.8970521541950114, 0.997187324207763, 0.9745006374840629, 0.8722230288950196, 0.8803809523809524, 0.9998306806637318, 0.8875326939843069, 0.9044723420949392, 0.8450349107835532, 0.8836332476435305, 0.910948905109489, 0.8944292237442922, 0.8535494689770822, 0.9399885692512859, 0.9540800496431896, 0.9248867201115372, 0.9435510338037414, 0.9477636849132176, 0.9551771383832452, 0.9828823854224186, 0.9828154425612052, 0.911804409779511, 0.9575352635486266, 0.9298367488711358]
val step Accs: [0.7639301874595992, 0.9226698029991179, 0.8896915809947208, 0.877153024911032, 0.9583387410772226, 0.8911020645536493, 0.8065752070201458, 0.8541316436053278, 0.8962645128722867, 0.8810175054704595, 0.8001837993960877, 0.9220036277382447, 0.9083320685991805, 0.8252707581227436, 0.8983592880978866, 0.8066825775656324]
Preds: [17, 17, 196, 309, 479, 479, 398, 398, 360, 360, 360, 252, 252, 35, 259, 164, 127, 420, 41, 324, 213, 213, 360, 246, 246, 19, 19, 19, 454, 454, 454, 454, 78, 78, 82, 170, 170, 170, 170, 237, 237, 237, 237, 237, 237, 28, 237, 12, 12, 12, 12, 12, 12, 12, 12, 12, 244, 12, 12, 12, 63, 244, 163, 163, 63, 63, 63, 392, 63, 63, 63, 63, 63, 392, 244, 163, 73, 73, 289, 289, 321, 321, 320, 287, 287, 287, 284, 284, 284, 284, 284, 486, 443, 330, 330, 330, 388, 388, 379, 243, 243, 197, 414, 414, 414, 197, 197, 197, 197, 197, 7, 7, 7, 7, 309, 479, 331, 331, 331, 315, 315, 315, 315, 460, 450, 167, 167, 457, 457, 196, 473, 398, 398, 324, 324, 171, 171, 171, 171, 171, 171, 171, 171, 434, 434, 3, 3, 197, 259, 188, 188, 340, 121, 322, 399, 399, 250, 345, 65, 65, 174, 319, 319, 388, 94, 199, 331, 145, 145, 145, 264, 264, 264, 468, 468, 443, 443, 443, 169, 150, 150, 342, 342, 342, 342, 342, 115, 267, 267, 267, 267, 267, 324, 324, 464, 464, 464, 356, 50, 271, 271, 31, 31, 342, 232, 232, 86, 86, 68, 336, 273, 27, 437, 499, 499, 499, 306, 306, 85, 146, 146, 59, 59, 59, 452, 452, 263, 414, 414, 414, 414, 414, 47, 47, 47, 47, 80, 244, 321, 320, 320, 345, 100, 100, 100, 497, 132, 122, 122, 122, 216, 310, 384, 371, 180, 180, 443, 443, 486, 486, 443, 240, 240, 240, 285, 34, 134, 134, 88, 88, 134, 313, 285, 285, 34, 41, 324, 324, 324, 324, 246, 246, 246, 246, 324, 3, 3, 464, 14, 440, 145, 145, 145, 265, 265, 306, 85, 85, 85, 85, 299, 468, 468, 406, 406, 406, 467, 467, 337, 337, 337, 324, 324, 324, 324, 19, 301, 173, 259, 354, 354, 106, 355, 376, 376, 376, 376, 376, 193, 403, 403, 403, 403, 403, 403, 403, 403, 403, 403, 403, 403, 403, 403, 403, 403, 403, 403, 403, 403, 403, 403, 403, 403, 403, 403, 403, 403, 403, 403, 403, 403, 403, 403, 403, 403, 403, 403, 403, 403, 403, 403, 403, 403, 403, 403, 403, 403, 403, 403, 403, 403, 403, 403, 403, 403, 403, 403, 403, 403, 403, 403, 403, 403, 403, 403, 403, 403, 403, 403, 403, 403, 403, 403, 403, 403, 403, 403, 403, 403, 403, 403, 403, 403, 403, 403, 403, 403, 403, 403, 403, 403, 403, 403, 403, 403, 403, 403, 403, 403, 403, 403, 403, 403, 403, 403, 403, 403, 403, 403, 403, 403, 403, 403, 403, 403, 403, 403, 403, 403, 403, 403, 403, 403, 403, 403, 403, 403, 403, 403, 403, 403, 403, 403, 403, 403, 403, 403, 403, 403, 403, 403, 403, 403, 403, 403, 403, 403, 403, 403, 403, 403, 403, 403, 403, 403, 403, 403, 403, 403, 403, 403, 403, 403, 403, 403, 403, 403, 403, 403, 403, 403, 403, 403, 403, 403, 403, 403, 403, 403, 403, 403, 403, 403, 403, 403, 403, 403, 403, 403, 403, 403, 403, 403, 403, 403, 403, 403, 403, 403, 403, 403, 403, 403, 403, 403, 403, 403, 403, 403, 403, 403, 403, 403, 403, 403, 403, 403, 403, 403, 403, 403, 403, 403, 403, 403, 403, 403, 403, 403, 403, 403, 403, 403, 403, 403, 403, 403, 403, 403, 403, 403, 403, 403, 403, 403, 403, 403, 403, 403, 403, 403, 403, 403, 403, 403, 403, 403, 403, 403, 403, 403, 403, 403, 403, 403, 403, 403, 403, 403, 403]

ep251
Train step Loss: [0.3242594003677368, 0.24504266679286957, 0.18852804601192474, 0.06742863357067108, 0.5788673758506775, 0.2515145242214203, 0.25822997093200684, 0.284314900636673, 0.325569748878479, 0.23058953881263733, 0.5476837754249573, 0.7253737449645996, 0.12283983081579208, 0.47771942615509033, 0.22525668144226074, 0.1865762323141098, 0.26796412467956543, 0.2542339265346527, 0.01959424465894699, 0.34439340233802795, 0.23420082032680511, 0.19430449604988098, 0.5748308897018433, 0.6055501103401184, 0.3606337606906891, 0.442879319190979, 0.6136782169342041, 0.018559090793132782, 0.5988799929618835, 0.07860524952411652, 0.1772345006465912, 0.25550001859664917, 0.4801725745201111, 0.06295919418334961, 0.3436873257160187, 0.3805329501628876, 0.09568389505147934, 0.08890140801668167, 0.11153421550989151, 0.2682322859764099, 0.11730162799358368, 0.7011078596115112, 0.8142349720001221, 0.2200108766555786, 0.37940463423728943, 0.07740803062915802, 0.21813534200191498, 0.24641641974449158, 0.07210831344127655, 0.6577447652816772, 0.34118226170539856, 0.19036929309368134, 0.051421597599983215, 0.3939080536365509, 0.4314333498477936, 0.09378327429294586, 0.48067763447761536, 0.3517639935016632, 0.17787852883338928, 0.13351629674434662, 0.21088208258152008, 0.28087151050567627, 0.7700941562652588]
val step Loss: [0.8418374061584473, 1.0197421312332153, 0.41173604130744934, 0.4200863838195801, 0.5688309669494629, 0.5725564956665039, 0.4702207148075104, 0.9516452550888062, 0.4607882797718048, 0.5540674924850464, 0.3569808304309845, 0.2089405655860901, 0.7782847285270691, 0.5620156526565552, 0.44617483019828796, 0.7718615531921387]
Train step Accs: [0.9174346435960128, 0.9354889342332444, 0.9508279824264955, 0.9839743589743589, 0.8526441896286154, 0.9340318772136954, 0.9415441797600946, 0.9245703373647358, 0.9164159144098963, 0.9470870206489675, 0.8566128328240943, 0.813744285503613, 0.9726003791142512, 0.8726621567847195, 0.9428927237146415, 0.9534264803725881, 0.931357552581262, 0.9374782305816789, 0.9998133631952221, 0.9111355772255426, 0.9430319250621296, 0.9538695505238256, 0.8605420737472423, 0.8375834331678932, 0.9098767408356011, 0.8936134169066576, 0.8469000421762969, 0.9996487530734106, 0.8684668989547039, 0.9843160611475085, 0.957162440027416, 0.9345228612394456, 0.8728948767948945, 0.9866144975288303, 0.9135344979707076, 0.9002320185614849, 0.9788897576231431, 0.981271384837025, 0.9766513669926162, 0.9342018469656992, 0.97000599880024, 0.8264299802761341, 0.7857025741924906, 0.9457562220804084, 0.9051801398100018, 0.9845673945164998, 0.9438304040587063, 0.9354058078927774, 0.9848652639350314, 0.8274393630809109, 0.9164091722231257, 0.9587977034785545, 0.991177468612148, 0.8949050239659151, 0.8856685348278623, 0.9777207885879148, 0.8752370916754478, 0.9130013563262933, 0.9564155551380801, 0.9669939419260497, 0.9473996440577418, 0.935067681895093, 0.7977700884275278]
val step Accs: [0.801910244668324, 0.7769632031580431, 0.9058167980429465, 0.9068253968253969, 0.8636485760343902, 0.8633308439133682, 0.8984445109183368, 0.7848355510921416, 0.8966377918073705, 0.8742892459826946, 0.9231516160355112, 0.9516944865958523, 0.8287661507880165, 0.8714808736270673, 0.9010695187165776, 0.8113065326633165]
Preds: [17, 17, 7, 212, 384, 445, 180, 180, 443, 330, 330, 457, 457, 35, 127, 114, 114, 361, 443, 443, 330, 330, 330, 240, 35, 239, 29, 420, 420, 398, 360, 360, 360, 360, 360, 434, 318, 186, 186, 186, 162, 162, 482, 482, 482, 482, 115, 273, 273, 273, 273, 151, 432, 330, 330, 146, 299, 219, 219, 219, 324, 324, 477, 477, 477, 374, 132, 43, 43, 43, 364, 364, 276, 364, 276, 345, 345, 345, 132, 219, 477, 477, 152, 374, 301, 422, 143, 349, 205, 259, 25, 287, 287, 284, 284, 284, 284, 206, 206, 206, 413, 203, 8, 364, 276, 276, 346, 346, 499, 306, 306, 468, 468, 406, 406, 467, 467, 376, 376, 376, 376, 460, 460, 460, 263, 263, 263, 13, 414, 170, 82, 170, 170, 170, 28, 12, 12, 12, 20, 12, 12, 12, 12, 163, 12, 391, 391, 391, 289, 321, 321, 412, 287, 287, 287, 460, 253, 169, 150, 150, 150, 323, 224, 224, 494, 494, 494, 494, 186, 99, 99, 99, 338, 338, 338, 338, 400, 400, 400, 444, 213, 171, 246, 246, 246, 246, 246, 246, 99, 99, 99, 338, 338, 338, 400, 400, 400, 400, 290, 360, 434, 339, 434, 250, 250, 250, 497, 497, 497, 122, 259, 280, 192, 420, 420, 420, 213, 301, 301, 143, 458, 192, 354, 420, 420, 213, 213, 213, 246, 246, 374, 374, 301, 173, 280, 280, 41, 41, 41, 246, 246, 246, 19, 19, 19, 454, 454, 454, 414, 82, 320, 320, 7, 7, 309, 309, 398, 398, 398, 398, 360, 360, 360, 286, 286, 464, 464, 464, 464, 330, 330, 330, 203, 203, 399, 250, 250, 250, 250, 276, 276, 346, 174, 426, 426, 350, 413, 274, 219, 219, 464, 464, 340, 116, 116, 116, 43, 43, 276, 276, 276, 138, 153, 387, 387, 497, 175, 175, 175, 464, 464, 331, 180, 376, 376, 376, 376, 376, 460, 452, 263, 263, 13, 78, 78, 170, 170, 170, 467, 28, 2, 392, 244, 392, 392, 392, 392, 392, 244, 392, 73, 244, 73, 321, 320, 320, 7, 7, 241, 241, 431, 106, 153, 153, 182, 182, 182, 182, 182, 182, 497, 497, 122, 122, 122, 129, 197, 259, 259, 411, 437, 437, 437, 284, 481, 481, 405, 206, 206, 206, 167, 35, 35, 35, 77, 478, 66, 172, 172, 172, 115, 273, 267, 267, 485, 286, 374, 374, 374, 374, 132, 33, 368, 49, 49, 453, 323, 219, 107, 395, 395, 395, 286, 464, 264, 264, 264, 120, 120, 120, 240, 240, 385, 457, 457, 364, 364, 43, 248, 394, 394, 212, 212, 161, 161, 487, 487, 374, 374, 374, 116, 33, 132, 132, 98, 193, 17, 83, 403, 403, 403, 403, 403, 403, 403, 403, 403, 403, 403, 403, 403, 403, 403, 403, 403, 403, 403, 403, 403, 403, 403, 403, 403, 403, 403, 403, 403, 403, 403, 403, 403, 403, 403, 403, 403, 403, 403, 403, 403, 403, 403, 403, 403, 403, 403, 403, 403, 403, 403, 403, 403, 403, 403, 403, 403, 403, 403, 403, 403, 403, 403, 403, 403, 403, 403, 403, 403, 403, 403, 403, 403, 403, 403, 403, 403, 403, 403, 403, 403, 403, 403, 403, 403, 403, 403, 403, 403, 403, 403, 403, 403, 403, 403, 403, 403, 403, 403, 403, 403, 403, 403, 403, 403, 403, 403, 403, 403, 403, 403, 403, 403, 403, 403, 403, 403, 403, 403, 403, 403, 403, 403, 403, 403, 403, 403, 403, 403, 403, 403, 403, 403, 403, 403, 403, 403, 403, 403, 403, 403, 403, 403, 403, 403, 403, 403, 403, 403, 403, 403, 403]

ep252
Train step Loss: [0.4211121201515198, 0.3955874443054199, 0.4232545495033264, 0.3882267475128174, 0.4339201748371124, 0.064264215528965, 0.0845799446105957, 0.14466199278831482, 0.6874085664749146, 0.11734754592180252, 0.1914733499288559, 0.13171228766441345, 0.1577732115983963, 0.6105773448944092, 0.23630665242671967, 0.4385174512863159, 0.08859598636627197, 0.33898380398750305, 0.1282060593366623, 0.3960373103618622, 0.6517243981361389, 0.3836727738380432, 0.2912493050098419, 0.03034696727991104, 0.36787429451942444, 0.19967372715473175, 0.5209139585494995, 0.3485438823699951, 0.3126065135002136, 0.18390147387981415, 0.2899363934993744, 0.27311697602272034, 0.26782485842704773, 0.5936880707740784, 0.43305593729019165, 0.183634951710701, 0.363901287317276, 0.4557640552520752, 0.5371069312095642, 0.21687118709087372, 0.3185996413230896, 0.5249588489532471, 0.31069090962409973, 0.2401997148990631, 0.3692907989025116, 0.5252942442893982, 0.35585057735443115, 0.25526049733161926, 0.32333794236183167, 0.37042832374572754, 0.05871865153312683, 0.021459266543388367, 0.19924108684062958, 0.18535175919532776, 0.018793167546391487, 0.6271427273750305, 0.31645137071609497, 0.18524128198623657, 0.023551475256681442, 0.2887302041053772, 0.24479512870311737, 0.314094603061676, 0.825217068195343]
val step Loss: [0.3708658814430237, 0.3862675428390503, 1.0432205200195312, 0.6150689125061035, 0.8608935475349426, 0.3852820098400116, 0.834471583366394, 0.29657167196273804, 0.40295538306236267, 0.5921072959899902, 0.7505627870559692, 0.6591761112213135, 0.7365717887878418, 0.39507564902305603, 0.4474649429321289, 0.3425508141517639]
Train step Accs: [0.8926337033299697, 0.8920436316971447, 0.8878520529351883, 0.8985332182916307, 0.8877047562660352, 0.9868089233753637, 0.9844924060751399, 0.9668280437511206, 0.8232795242141037, 0.970360824742268, 0.9520333680917622, 0.9686866826303187, 0.9607907742998353, 0.8457802064359441, 0.9408602150537635, 0.8910107126222636, 0.9801267774541716, 0.9133561643835616, 0.9689465408805031, 0.888800949742778, 0.832538569424965, 0.9029406458596428, 0.9231124096570813, 0.9961383478844862, 0.9132850648257282, 0.9470684039087948, 0.8664283392915177, 0.9065626589791419, 0.9214758751182592, 0.956844234659474, 0.9196447015079529, 0.9299792531120332, 0.9281627463445645, 0.8603056426332288, 0.8969387755102041, 0.9537460852806553, 0.9076534903280067, 0.8805157072816415, 0.8581427108228065, 0.9450512518904386, 0.9187411095305832, 0.8764812211287407, 0.9236292428198434, 0.9358652812611967, 0.9020162716660771, 0.861521817526145, 0.9118307149727477, 0.9323818019625335, 0.9204421891989851, 0.90137956748695, 0.9881346041626142, 0.998968540484786, 0.9500171762281003, 0.9551027170311465, 0.9998178838098707, 0.836656056290836, 0.9289969409112864, 0.9540296210809771, 0.9986368062317429, 0.9279051383399209, 0.939225337042585, 0.9189668769716088, 0.7972429638139]
val step Accs: [0.9156451825490971, 0.9109163928441036, 0.7707606420097697, 0.8572317262830482, 0.8045992115637319, 0.9117465224111283, 0.8078017066233238, 0.9308672762538099, 0.9051133368476542, 0.8641614271092265, 0.8350862431636517, 0.8423167521130663, 0.8320430389712636, 0.9060991105463787, 0.9035548222588871, 0.9225582345729465]
Preds: [17, 17, 30, 324, 422, 143, 164, 164, 164, 14, 287, 287, 145, 111, 111, 111, 330, 438, 438, 335, 14, 14, 14, 411, 287, 145, 145, 486, 486, 428, 85, 85, 299, 207, 207, 19, 19, 454, 454, 454, 56, 56, 56, 170, 312, 312, 187, 187, 187, 1, 1, 1, 1, 408, 408, 391, 391, 228, 228, 321, 321, 320, 287, 287, 287, 287, 284, 284, 284, 284, 284, 284, 426, 426, 426, 450, 293, 293, 293, 122, 349, 349, 349, 234, 234, 234, 261, 25, 25, 106, 346, 346, 426, 480, 480, 85, 85, 299, 388, 388, 116, 10, 398, 398, 398, 398, 464, 464, 464, 139, 315, 315, 315, 315, 426, 450, 450, 450, 450, 413, 413, 250, 250, 43, 276, 346, 346, 284, 284, 284, 284, 426, 426, 426, 426, 426, 426, 413, 413, 413, 43, 43, 276, 276, 346, 346, 499, 428, 428, 146, 240, 240, 285, 285, 406, 337, 337, 324, 324, 422, 368, 31, 162, 232, 232, 172, 115, 115, 267, 267, 267, 267, 324, 3, 3, 3, 188, 188, 464, 464, 120, 120, 271, 271, 31, 162, 232, 232, 232, 232, 172, 172, 115, 273, 273, 273, 273, 151, 84, 84, 84, 355, 355, 355, 452, 452, 452, 263, 263, 414, 414, 170, 170, 170, 170, 28, 28, 244, 2, 2, 2, 2, 2, 2, 2, 63, 63, 63, 63, 63, 63, 63, 63, 63, 244, 321, 249, 249, 249, 249, 320, 7, 7, 345, 153, 497, 497, 497, 122, 122, 216, 58, 58, 110, 110, 110, 443, 443, 486, 460, 240, 240, 285, 285, 285, 300, 134, 134, 88, 88, 88, 42, 42, 42, 147, 380, 288, 288, 213, 213, 213, 246, 246, 246, 246, 246, 246, 246, 19, 19, 19, 454, 454, 454, 454, 414, 170, 170, 170, 170, 28, 40, 40, 40, 40, 2, 40, 40, 63, 63, 63, 63, 2, 63, 63, 2, 63, 244, 63, 63, 63, 63, 63, 63, 63, 63, 63, 63, 244, 73, 73, 321, 102, 102, 320, 7, 7, 7, 152, 152, 152, 152, 374, 374, 378, 378, 43, 43, 43, 276, 276, 346, 346, 346, 284, 284, 284, 284, 284, 405, 405, 206, 206, 206, 206, 206, 167, 35, 35, 259, 259, 74, 437, 437, 437, 284, 284, 284, 284, 284, 284, 426, 426, 426, 426, 426, 426, 426, 206, 282, 282, 388, 388, 348, 94, 199, 467, 337, 337, 264, 207, 207, 464, 464, 468, 468, 467, 467, 467, 467, 245, 245, 497, 349, 349, 349, 155, 155, 155, 155, 441, 148, 148, 148, 153, 153, 182, 182, 182, 182, 182, 182, 182, 182, 182, 497, 497, 497, 43, 43, 276, 70, 70, 65, 46, 46, 46, 428, 146, 146, 146, 146, 219, 219, 464, 464, 286, 374, 374, 374, 132, 337, 324, 324, 464, 464, 355, 355, 355, 355, 263, 263, 17, 83, 403, 403, 403, 403, 403, 403, 403, 403, 403, 403, 403, 403, 403, 403, 403, 403, 403, 403, 403, 403, 403, 403, 403, 403, 403, 403, 403, 403, 403, 403, 403, 403, 403, 403, 403, 403, 403, 403, 403, 403, 403, 403, 403, 403, 403, 403, 403, 403, 403, 403, 403, 403, 403, 403, 403, 403, 403, 403, 403, 403, 403, 403, 403, 403, 403, 403, 403, 403, 403, 403, 403, 403, 403, 403, 403, 403, 403, 403, 403, 403, 403, 403, 403, 403, 403, 403, 403, 403, 403, 403, 403, 403, 403, 403, 403, 403, 403, 403, 403, 403, 403, 403, 403, 403, 403, 403, 403, 403, 403, 403, 403, 403, 403, 403, 403, 403, 403, 403, 403, 403, 403, 403, 403, 403, 403, 403]

ep253
Train step Loss: [0.05147320777177811, 0.30781495571136475, 0.2883528470993042, 0.5964152812957764, 0.06926213949918747, 0.42545968294143677, 0.20434598624706268, 0.18128767609596252, 0.29585421085357666, 0.07951842993497849, 0.015666009858250618, 0.39544031023979187, 0.057011477649211884, 0.5519043207168579, 0.03628988564014435, 0.3397829234600067, 0.1284671425819397, 0.20791612565517426, 0.3762648105621338, 0.7096247673034668, 0.5414815545082092, 0.30583521723747253, 0.061386991292238235, 0.3854973614215851, 0.015448128804564476, 0.20729410648345947, 0.3843044936656952, 0.18084071576595306, 0.24262624979019165, 0.026796095073223114, 0.6611672043800354, 0.29511839151382446, 0.5981116890907288, 0.42213204503059387, 0.1419638842344284, 0.4794806241989136, 0.398881733417511, 0.23339545726776123, 0.29834696650505066, 0.06623058766126633, 0.2660641372203827, 0.7210873961448669, 0.30634376406669617, 0.24427251517772675, 0.3209882974624634, 0.2051398605108261, 0.0854189470410347, 0.5528029799461365, 0.2543748915195465, 0.5691100358963013, 0.2836957275867462, 0.2531295418739319, 0.38267409801483154, 0.3049238920211792, 0.0790550634264946, 0.17770861089229584, 0.3503682613372803, 0.07792770117521286, 0.2338668256998062, 0.47497838735580444, 0.6224683523178101, 0.516990065574646, 0.34295326471328735]
val step Loss: [0.5246379375457764, 0.2762851417064667, 0.5239592790603638, 0.9761537313461304, 1.028321623802185, 0.4530753195285797, 0.6217796206474304, 0.8655926585197449, 0.5508569478988647, 0.7120046019554138, 0.813775360584259, 0.7640990018844604, 0.1343521773815155, 0.7659449577331543, 0.22389942407608032, 0.24229401350021362]
Train step Accs: [0.9905294877313818, 0.9217057761732852, 0.9246780473195567, 0.8406381808178984, 0.9846429996011169, 0.8884952451985829, 0.9468684025334272, 0.9551135363492342, 0.9213554987212276, 0.9844608679173773, 0.9998269896193772, 0.9001610305958132, 0.9877468910021946, 0.8507462686567164, 0.9949398010818357, 0.9108508977361436, 0.9664509536784741, 0.9526283618581907, 0.9036474164133739, 0.825076015024146, 0.8592051630434783, 0.9289494787489976, 0.9858244736293517, 0.9019272614236866, 0.9994994994994995, 0.9484969939879759, 0.9010091302258529, 0.9513177159590044, 0.9426675740047635, 0.9975056689342403, 0.820518008903278, 0.9266461301501733, 0.847493563531728, 0.889744048684446, 0.9675041876046901, 0.8925842696629214, 0.9035053929121726, 0.9531146454605699, 0.9254725472547255, 0.9866085834140045, 0.9302129453932111, 0.8222084878450763, 0.917615084083574, 0.9399128268991283, 0.9145662847790508, 0.9511233064654433, 0.980441868888084, 0.8550987140010867, 0.935856992639327, 0.8506397637795275, 0.927933177933178, 0.9383848454636091, 0.8971264367816092, 0.923216719672876, 0.9840027229407761, 0.9534340165408126, 0.9105965117983292, 0.9813676527084134, 0.9399300155520995, 0.8744176625481062, 0.8355999311413325, 0.8692360633172747, 0.9128559102674719]
val step Accs: [0.87909648779214, 0.9398738818008505, 0.8768800745374684, 0.7771575135787568, 0.7585964912280702, 0.8958918091349835, 0.8592870544090057, 0.8091209517514871, 0.8784164553395323, 0.8315013578171473, 0.8073280159521435, 0.8247666459240821, 0.9700572435050638, 0.8301909743340227, 0.9525874962608436, 0.9452084228620542]
Preds: [17, 17, 217, 217, 217, 473, 473, 65, 264, 264, 264, 264, 264, 264, 468, 468, 468, 467, 337, 337, 337, 337, 301, 301, 457, 129, 401, 401, 7, 354, 354, 473, 443, 240, 240, 406, 406, 337, 337, 464, 171, 171, 434, 434, 339, 339, 33, 398, 398, 398, 301, 301, 301, 251, 32, 354, 276, 345, 345, 109, 346, 153, 182, 182, 182, 182, 481, 293, 293, 122, 401, 401, 208, 75, 208, 441, 437, 405, 481, 405, 405, 405, 426, 206, 396, 396, 285, 315, 426, 426, 480, 480, 480, 315, 282, 388, 303, 98, 98, 13, 48, 170, 170, 417, 170, 170, 170, 392, 392, 392, 63, 63, 63, 63, 63, 63, 63, 63, 63, 63, 63, 63, 63, 63, 63, 63, 73, 244, 73, 289, 7, 7, 7, 309, 398, 331, 290, 290, 360, 360, 434, 434, 434, 434, 434, 434, 434, 3, 3, 457, 188, 301, 301, 143, 239, 349, 234, 205, 261, 25, 25, 284, 284, 486, 240, 240, 150, 150, 342, 342, 68, 68, 115, 115, 273, 470, 443, 290, 171, 360, 434, 339, 200, 200, 200, 398, 374, 374, 374, 301, 464, 286, 286, 406, 303, 199, 41, 19, 19, 19, 464, 286, 286, 406, 406, 59, 19, 19, 19, 19, 19, 454, 454, 229, 229, 229, 170, 170, 170, 170, 392, 392, 392, 392, 392, 63, 63, 63, 63, 63, 63, 63, 63, 63, 63, 63, 63, 63, 63, 63, 63, 73, 73, 320, 7, 320, 83, 188, 171, 171, 171, 171, 171, 464, 464, 464, 464, 139, 139, 139, 171, 171, 314, 314, 239, 32, 239, 384, 371, 371, 106, 106, 153, 88, 274, 497, 43, 401, 401, 208, 208, 441, 441, 153, 153, 153, 153, 182, 182, 182, 182, 182, 98, 98, 98, 98, 98, 13, 13, 414, 414, 170, 392, 392, 392, 392, 392, 63, 63, 63, 63, 63, 392, 392, 392, 73, 289, 320, 7, 7, 219, 132, 132, 132, 374, 132, 132, 132, 132, 132, 132, 285, 324, 41, 213, 213, 246, 246, 246, 246, 246, 246, 246, 19, 229, 170, 414, 197, 197, 197, 249, 249, 80, 392, 244, 80, 320, 7, 127, 188, 188, 171, 278, 120, 37, 37, 37, 239, 32, 129, 401, 354, 354, 354, 354, 354, 354, 420, 420, 443, 171, 171, 171, 171, 252, 286, 286, 286, 286, 406, 406, 406, 406, 467, 324, 324, 19, 301, 301, 3, 14, 14, 14, 226, 287, 145, 145, 460, 460, 169, 35, 35, 401, 224, 68, 68, 68, 68, 115, 444, 196, 196, 213, 213, 246, 246, 246, 454, 454, 454, 170, 417, 170, 417, 392, 392, 392, 392, 392, 392, 392, 63, 63, 63, 63, 63, 63, 63, 63, 63, 63, 63, 73, 73, 289, 7, 320, 287, 188, 171, 171, 171, 171, 264, 264, 406, 406, 467, 337, 337, 464, 464, 301, 464, 43, 10, 241, 241, 431, 431, 431, 486, 376, 460, 460, 460, 460, 460, 460, 169, 169, 35, 150, 225, 352, 352, 352, 80, 80, 80, 209, 188, 145, 460, 297, 182, 98, 497, 98, 13, 401, 401, 14, 411, 145, 145, 297, 182, 481, 426, 426, 98, 98, 413, 206, 98, 229, 229, 247, 312, 17, 264, 264, 264, 403, 403, 403, 403, 403, 403, 403, 403, 403, 403, 403, 403, 403, 403, 403, 403, 403, 403, 403, 403, 403, 403, 403, 403, 403, 403, 403, 403, 403, 403, 403, 403, 403, 403, 403, 403, 403, 403, 403, 403, 403, 403, 403, 403, 403, 403, 403, 403, 403, 403, 403, 403, 403, 403, 403, 403, 403, 403, 403, 403, 403, 403, 403, 403, 403, 403]

ep254
Train step Loss: [0.350286602973938, 0.33670303225517273, 0.3813638687133789, 0.7601118683815002, 0.4121442437171936, 0.09017693251371384, 0.020106399431824684, 0.25199443101882935, 0.4145972728729248, 0.432027131319046, 0.6379944682121277, 0.7990797162055969, 0.5101565718650818, 0.19318395853042603, 0.21006758511066437, 0.2994379699230194, 0.41708865761756897, 0.3686685860157013, 0.20078125596046448, 0.11360713839530945, 0.3605939447879791, 0.17471322417259216, 0.12156310677528381, 0.1312919557094574, 0.31985577940940857, 0.18567891418933868, 0.05878722295165062, 0.026319468393921852, 0.2772214114665985, 0.1476699262857437, 0.020175131037831306, 0.10314592719078064, 0.018069034442305565, 0.018106527626514435, 0.01741843670606613, 0.017212368547916412, 0.018877023831009865, 0.016912613064050674, 0.17451398074626923, 0.01562290359288454, 0.3960742652416229, 0.032701943069696426, 0.251820832490921, 0.23423072695732117, 0.3339846730232239, 0.33903828263282776, 0.4223795533180237, 0.35083991289138794, 0.33252593874931335, 0.05157503858208656, 0.43956804275512695, 0.18604189157485962, 0.5391049981117249, 0.7525193691253662, 0.0175922978669405, 0.37953612208366394, 0.07619807869195938, 0.1660323441028595, 0.27363258600234985, 0.2117118239402771, 0.19966267049312592, 0.12708431482315063, 0.3258184790611267]
val step Loss: [0.4745310842990875, 0.585854172706604, 1.104059100151062, 0.6250572800636292, 0.525044322013855, 0.5957433581352234, 0.22479712963104248, 0.5976685881614685, 1.1045299768447876, 0.21527263522148132, 0.9056480526924133, 0.8159593939781189, 0.31914013624191284, 0.35526958107948303, 0.8431650996208191, 0.34845495223999023]
Train step Accs: [0.9064532266133066, 0.9145840465593975, 0.9058156547183613, 0.7980623100303952, 0.8965233152084363, 0.9802348336594912, 0.9991347984080291, 0.9332943241661791, 0.8949044585987261, 0.8864294227822237, 0.8447161572052402, 0.7830662520928008, 0.8738411197964007, 0.9570595511574483, 0.9501030927835051, 0.922498433256737, 0.8946900688735836, 0.9059287183002056, 0.9526315789473684, 0.9754990925589837, 0.9038889840671578, 0.9569986072423399, 0.9710545722713865, 0.9698653198653199, 0.9184549356223176, 0.9533660589060309, 0.9886968085106383, 0.9973024436686766, 0.9247624885075084, 0.9643570952698202, 0.9991555837027655, 0.9743359655419956, 0.9996572995202193, 0.9997060552616108, 1.0, 0.9996533795493934, 0.9992803166606693, 0.9993238674780257, 0.9784822286263208, 0.9996400287976962, 0.9470588235294117, 0.997311271975181, 0.9667405764966741, 0.9654494841984608, 0.9492425425581759, 0.9206133540372671, 0.8929998520053278, 0.9084223428471371, 0.914368932038835, 0.9927279507738206, 0.8968298630650909, 0.9542612701546561, 0.8539024026264737, 0.8224252491694353, 0.9994455738310848, 0.9067763415589503, 0.9834505585436492, 0.9582943706751449, 0.9261533064374671, 0.9476679841897233, 0.9426792614856161, 0.9695957233544938, 0.9128590078328982]
val step Accs: [0.8890176760359316, 0.8732033584744556, 0.7447045707915273, 0.8590250329380764, 0.884276371907876, 0.867160624503837, 0.9542966263526417, 0.8667208451848842, 0.7511943676137792, 0.9534598897734231, 0.798757387482952, 0.8062953995157385, 0.9353407716090872, 0.9141931302657161, 0.8056131787675412, 0.920538905691504]
Preds: [17, 17, 17, 7, 217, 217, 217, 217, 473, 473, 65, 443, 443, 443, 330, 330, 240, 314, 35, 76, 310, 310, 107, 107, 395, 395, 395, 106, 153, 153, 481, 387, 387, 206, 167, 167, 35, 35, 320, 7, 354, 473, 473, 65, 288, 382, 313, 313, 285, 285, 34, 337, 337, 171, 171, 434, 434, 3, 3, 464, 464, 464, 464, 464, 340, 116, 116, 466, 199, 199, 106, 153, 153, 424, 182, 182, 182, 182, 182, 497, 497, 497, 497, 122, 43, 259, 208, 441, 441, 441, 346, 346, 346, 265, 265, 265, 85, 85, 146, 468, 468, 468, 406, 406, 406, 406, 467, 467, 134, 375, 98, 98, 98, 98, 98, 48, 13, 13, 414, 414, 170, 187, 187, 187, 187, 82, 2, 2, 2, 260, 391, 244, 244, 321, 320, 7, 7, 7, 309, 309, 398, 398, 290, 360, 360, 360, 252, 252, 143, 465, 192, 445, 445, 395, 395, 444, 444, 213, 213, 360, 324, 434, 434, 434, 434, 464, 464, 331, 331, 443, 443, 376, 376, 376, 376, 460, 460, 263, 263, 263, 263, 414, 414, 414, 312, 312, 312, 312, 23, 23, 23, 23, 23, 23, 23, 260, 391, 391, 391, 391, 289, 20, 321, 320, 320, 7, 7, 309, 473, 473, 288, 290, 290, 360, 171, 434, 434, 252, 143, 310, 310, 310, 107, 107, 107, 400, 400, 213, 213, 213, 213, 246, 246, 246, 19, 19, 454, 454, 414, 414, 414, 414, 225, 225, 225, 66, 66, 66, 66, 115, 115, 273, 273, 273, 151, 460, 460, 240, 285, 53, 280, 34, 324, 324, 324, 324, 286, 171, 171, 464, 464, 464, 139, 139, 116, 116, 116, 399, 195, 195, 359, 324, 324, 324, 324, 257, 257, 368, 31, 453, 342, 342, 115, 273, 273, 273, 265, 284, 376, 460, 460, 460, 460, 178, 35, 35, 440, 287, 287, 111, 111, 460, 169, 169, 150, 162, 342, 172, 172, 115, 267, 267, 444, 286, 286, 374, 139, 132, 132, 497, 375, 98, 98, 98, 440, 287, 287, 125, 125, 125, 348, 348, 348, 212, 77, 310, 219, 107, 395, 395, 374, 374, 374, 116, 94, 199, 331, 134, 134, 153, 182, 182, 43, 43, 43, 364, 276, 100, 100, 100, 100, 182, 375, 98, 98, 98, 13, 13, 13, 414, 414, 237, 249, 249, 47, 47, 47, 47, 80, 80, 80, 73, 73, 321, 320, 320, 287, 100, 100, 481, 182, 182, 375, 497, 122, 122, 8, 458, 100, 100, 100, 346, 346, 346, 426, 206, 98, 98, 263, 263, 263, 17, 83, 83, 403, 403, 403, 403, 403, 403, 403, 403, 403, 403, 403, 403, 403, 403, 403, 403, 403, 403, 403, 403, 403, 403, 403, 403, 403, 403, 403, 403, 403, 403, 403, 403, 403, 403, 403, 403, 403, 403, 403, 403, 403, 403, 403, 403, 403, 403, 403, 403, 403, 403, 403, 403, 403, 403, 403, 403, 403, 403, 403, 403, 403, 403, 403, 403, 403, 403, 403, 403, 403, 403, 403, 403, 403, 403, 403, 403, 403, 403, 403, 403, 403, 403, 403, 403, 403, 403, 403, 403, 403, 403, 403, 403, 403, 403, 403, 403, 403, 403, 403, 403, 403, 403, 403, 403, 403, 403, 403, 403, 403, 403, 403, 403, 403, 403, 403, 403, 403, 403, 403, 403, 403, 403, 403, 403, 403, 403, 403, 403, 403, 403, 403, 403, 403, 403, 403, 403, 403, 403, 403, 403, 403, 403, 403, 403, 403, 403, 403, 403, 403, 403, 403, 403, 403, 403, 403, 403, 403, 403, 403, 403, 403, 403, 403, 403, 403, 403, 403, 403, 403, 403, 403, 403, 403, 403, 403, 403]

ep255
Train step Loss: [0.26845020055770874, 0.6875337958335876, 0.20998792350292206, 0.4031189978122711, 0.44556406140327454, 0.34330126643180847, 0.4879758656024933, 0.3773069977760315, 0.22963276505470276, 0.41571301221847534, 0.2760794162750244, 0.4712197184562683, 0.3259172737598419, 0.25761985778808594, 0.456173837184906, 0.02015647664666176, 0.4554116129875183, 0.654481053352356, 0.18592149019241333, 0.017479993402957916, 0.20877283811569214, 0.6135982275009155, 0.28943490982055664, 0.14887027442455292, 0.6132423281669617, 0.2530643343925476, 0.4530113637447357, 0.29916882514953613, 0.262001633644104, 0.3162660300731659, 0.3009749948978424, 0.269794762134552, 0.415132075548172, 0.252251535654068, 0.01787295751273632, 0.33762773871421814, 0.15796470642089844, 0.1395253688097, 0.1789952665567398, 0.2383718639612198, 0.3387444019317627, 0.319261372089386, 0.2826899290084839, 0.5734853744506836, 0.3410753309726715, 0.26213499903678894, 0.1699654459953308, 0.1672481745481491, 0.5344879627227783, 0.21820272505283356, 0.18489158153533936, 0.22381719946861267, 0.1324455738067627, 0.1871836632490158, 0.08549733459949493, 0.06334124505519867, 0.48784351348876953, 0.29590749740600586, 0.3556288480758667, 0.26369786262512207, 0.4137081503868103, 0.12751862406730652, 0.11140560358762741]
val step Loss: [0.31088027358055115, 0.8337916135787964, 0.31480956077575684, 0.40475350618362427, 0.4070865213871002, 1.0738781690597534, 0.4697384238243103, 0.40551120042800903, 0.8913068175315857, 0.6925405263900757, 0.5158982276916504, 0.919552743434906, 0.26806744933128357, 1.0645073652267456, 0.14573918282985687, 0.43304502964019775]
Train step Accs: [0.927115843583624, 0.8359769286229272, 0.9428341384863124, 0.8921648476950643, 0.9013605442176871, 0.910621312044429, 0.874313408723748, 0.9011615628299895, 0.9403327596098681, 0.9021355305195897, 0.9349593495934959, 0.8792394655704008, 0.9142708694146172, 0.9321065989847716, 0.8788841807909604, 0.9987656860728246, 0.878248487006052, 0.8309267965077233, 0.9532111723892546, 0.9985974754558204, 0.9462049775854073, 0.8318840579710145, 0.9263057929724596, 0.9645438898450946, 0.8501306457633445, 0.9407983761840325, 0.8812064965197216, 0.9166946590527376, 0.9321872015281757, 0.9189236721772776, 0.9244196194798394, 0.9348168915367093, 0.8949659348978047, 0.9331797235023042, 0.9996478873239436, 0.9089599161645271, 0.9614166996438465, 0.9653792275365219, 0.9574543520652367, 0.938572871087176, 0.9076454668470907, 0.9259748843357568, 0.9212584106201127, 0.8520109332292073, 0.9075009716284492, 0.9337268128161889, 0.9547839120659506, 0.9575098814229249, 0.8766282098995162, 0.9419317746262936, 0.9529855868222374, 0.9435305283138248, 0.9669888747036294, 0.9559726962457338, 0.9809335963182118, 0.9858130229174246, 0.8733788395904437, 0.9282051282051282, 0.9051269765213225, 0.9346462436177972, 0.888835725677831, 0.9686149220071415, 0.9733606557377049]
val step Accs: [0.9303203661327231, 0.8068276436303081, 0.9296139680807529, 0.9118403145319824, 0.9011852776044916, 0.7488505747126437, 0.8905035054174634, 0.9083008690440515, 0.7948780191770846, 0.8514704057575382, 0.8875485859804316, 0.7947360459839661, 0.9407259917292081, 0.7483944087646393, 0.9697474326949764, 0.90230179028133]
Preds: [17, 287, 486, 486, 460, 460, 215, 215, 35, 35, 259, 259, 208, 441, 100, 100, 153, 43, 98, 259, 208, 441, 437, 346, 481, 481, 481, 387, 387, 169, 263, 263, 263, 439, 439, 414, 414, 249, 249, 249, 237, 187, 187, 12, 12, 249, 82, 249, 249, 249, 249, 75, 201, 201, 201, 201, 201, 201, 201, 201, 201, 40, 40, 408, 391, 391, 228, 289, 321, 321, 72, 110, 110, 110, 486, 460, 460, 169, 150, 150, 338, 338, 338, 338, 338, 400, 400, 400, 213, 213, 213, 360, 360, 434, 434, 246, 246, 422, 99, 338, 338, 338, 338, 338, 400, 400, 400, 213, 213, 152, 374, 374, 374, 132, 132, 132, 132, 132, 132, 100, 100, 182, 182, 182, 497, 497, 497, 98, 197, 197, 197, 197, 197, 197, 249, 259, 183, 451, 451, 30, 213, 213, 213, 213, 246, 246, 246, 246, 301, 301, 43, 43, 43, 276, 276, 346, 174, 319, 480, 480, 480, 480, 282, 282, 282, 282, 388, 388, 94, 398, 398, 324, 324, 324, 301, 301, 301, 8, 8, 241, 431, 431, 265, 428, 428, 428, 428, 403, 207, 207, 207, 3, 3, 3, 3, 197, 197, 440, 79, 79, 380, 456, 288, 288, 374, 313, 374, 374, 374, 132, 132, 132, 132, 132, 132, 132, 132, 132, 374, 132, 132, 153, 134, 43, 43, 43, 196, 196, 473, 473, 109, 213, 213, 213, 246, 246, 246, 246, 19, 19, 454, 454, 454, 229, 414, 414, 126, 126, 126, 126, 292, 23, 23, 23, 23, 23, 149, 149, 149, 321, 321, 412, 287, 287, 287, 111, 319, 319, 319, 348, 413, 43, 43, 345, 345, 109, 109, 403, 171, 171, 171, 324, 464, 464, 324, 301, 464, 331, 180, 443, 486, 319, 282, 282, 388, 388, 94, 199, 199, 331, 403, 290, 290, 171, 171, 171, 246, 3, 301, 301, 143, 280, 29, 437, 106, 284, 405, 206, 206, 271, 368, 77, 269, 323, 224, 168, 494, 374, 374, 374, 374, 139, 88, 497, 497, 43, 88, 109, 346, 346, 428, 428, 428, 85, 85, 146, 146, 146, 219, 219, 219, 219, 152, 152, 382, 382, 245, 245, 43, 43, 43, 276, 276, 276, 346, 293, 293, 293, 293, 240, 216, 58, 192, 183, 183, 351, 139, 139, 139, 139, 293, 293, 122, 49, 269, 9, 168, 168, 494, 494, 241, 114, 331, 443, 443, 330, 330, 299, 299, 464, 464, 464, 464, 340, 330, 216, 216, 22, 22, 278, 99, 99, 99, 436, 60, 395, 395, 499, 319, 413, 413, 379, 471, 49, 49, 107, 107, 395, 400, 485, 464, 464, 378, 139, 139, 255, 348, 348, 43, 58, 441, 437, 437, 481, 426, 306, 372, 372, 396, 467, 467, 303, 303, 243, 243, 32, 259, 354, 473, 109, 286, 286, 286, 286, 468, 468, 468, 337, 337, 337, 41, 324, 19, 19, 454, 454, 454, 414, 414, 170, 170, 170, 47, 47, 244, 2, 2, 2, 2, 2, 244, 435, 435, 435, 435, 435, 320, 320, 320, 451, 451, 30, 30, 324, 464, 434, 301, 378, 378, 88, 88, 100, 100, 293, 497, 497, 497, 43, 98, 208, 106, 106, 306, 372, 372, 396, 396, 396, 406, 132, 375, 375, 98, 98, 98, 98, 414, 414, 414, 414, 414, 47, 47, 244, 80, 80, 321, 321, 320, 441, 441, 346, 346, 346, 346, 265, 85, 85, 282, 271, 271, 77, 77, 323, 323, 224, 273, 106, 106, 153, 182, 182, 182, 375, 375, 98, 98, 13, 13, 417, 414, 414, 249, 170, 249, 249, 28, 28, 28, 2, 244, 2, 244, 63, 63, 63, 63, 63, 63, 244]

ep256
Train step Loss: [0.17072956264019012, 0.10169380158185959, 0.7163875102996826, 0.4982907474040985, 0.22101524472236633, 0.2785687744617462, 0.594465434551239, 0.09021931141614914, 0.10788462311029434, 0.43816226720809937, 0.31800779700279236, 0.21671366691589355, 0.08932363986968994, 0.09333775192499161, 0.0955478698015213, 0.09530441462993622, 0.26330655813217163, 0.04354867711663246, 0.15620549023151398, 0.20722870528697968, 0.45300376415252686, 0.017259424552321434, 0.4213762879371643, 0.6274738907814026, 0.23698212206363678, 0.1653704196214676, 0.23937644064426422, 0.49133333563804626, 0.2800668478012085, 0.07222366333007812, 0.28898558020591736, 0.015782712027430534, 0.22108960151672363, 0.28904053568840027, 0.5038489103317261, 0.217149019241333, 0.7515785098075867, 0.313831090927124, 0.04199370741844177, 0.09067113697528839, 0.21204468607902527, 0.396328866481781, 0.10901764780282974, 0.589602530002594, 0.29135429859161377, 0.23512987792491913, 0.18321740627288818, 0.021913615986704826, 0.22758913040161133, 0.3144259750843048, 0.07197560369968414, 0.20638872683048248, 0.2544873058795929, 0.1332734376192093, 0.15473569929599762, 0.42660242319107056, 0.28490668535232544, 0.23921917378902435, 0.2300553321838379, 0.03235400840640068, 0.019651055335998535, 0.3755095601081848, 0.21991635859012604]
val step Loss: [0.4552638828754425, 0.5579321980476379, 0.39541178941726685, 0.3498842716217041, 0.43567219376564026, 0.7642568945884705, 0.30568113923072815, 0.9079129099845886, 0.6009323596954346, 0.3565182089805603, 0.5641382932662964, 0.11205445975065231, 0.5464203357696533, 0.6306667327880859, 0.3857729136943817, 0.24454765021800995]
Train step Accs: [0.952063914780293, 0.9753685027152832, 0.8218876239441792, 0.8689472814410841, 0.9447364229972925, 0.9279014162221814, 0.8486593843098312, 0.9770852428964253, 0.9744470689284948, 0.8847530422333572, 0.9122956041622425, 0.9456912028725314, 0.9802404083648938, 0.9799915457235452, 0.9782220635487326, 0.9780021637216012, 0.9281899109792285, 0.9922533606744133, 0.959409594095941, 0.9455245781364637, 0.8733572281959379, 0.9994874423372629, 0.8860759493670886, 0.8570773113099335, 0.9384040305542012, 0.9589653520676992, 0.9400755803491092, 0.8909811694747275, 0.9340592861464004, 0.9881090008257638, 0.9216211689834198, 0.9998090509833875, 0.9390581717451524, 0.9255079006772009, 0.8670835014118596, 0.9399262251888284, 0.8048573369565217, 0.9157581764122894, 0.9922671353251318, 0.9804674457429048, 0.9465815555182261, 0.8967957538824455, 0.9753292215369228, 0.8427505330490405, 0.9306859205776173, 0.9401949756280465, 0.9511624278358558, 0.9975859987929994, 0.9401664932362123, 0.9182379713914174, 0.9849723756906077, 0.9434503713706954, 0.9299698795180723, 0.9669271306560058, 0.9609776134729924, 0.8858548976027941, 0.9278759466282005, 0.9385629989586949, 0.9415891195418754, 0.9970377299657001, 0.9984579799537394, 0.9007711334206314, 0.9408219178082192]
val step Accs: [0.8967084254482928, 0.8671844660194175, 0.9174064067927441, 0.9171160067786166, 0.9058870116156283, 0.838022041763341, 0.9393858477970628, 0.7881873727087576, 0.8656240510173094, 0.9296818071411221, 0.8707407918333563, 0.9764982373678026, 0.876280535855004, 0.8573883161512027, 0.9130687599941852, 0.948918640576725]
Preds: [17, 17, 296, 109, 278, 278, 330, 385, 35, 35, 77, 54, 54, 323, 224, 273, 273, 494, 498, 498, 406, 406, 406, 406, 406, 467, 337, 337, 337, 328, 116, 200, 33, 10, 10, 309, 479, 331, 331, 106, 284, 284, 426, 426, 426, 426, 375, 98, 98, 98, 98, 13, 13, 82, 82, 170, 170, 392, 392, 392, 63, 63, 63, 63, 63, 63, 63, 63, 63, 63, 63, 63, 63, 63, 63, 63, 63, 63, 63, 63, 63, 63, 63, 63, 63, 392, 244, 289, 289, 321, 7, 7, 7, 32, 32, 354, 354, 420, 420, 213, 213, 213, 246, 246, 246, 246, 246, 246, 246, 246, 246, 3, 3, 3, 188, 188, 177, 177, 236, 143, 129, 401, 259, 354, 354, 109, 109, 278, 171, 171, 171, 171, 171, 171, 246, 246, 246, 246, 246, 246, 324, 422, 99, 99, 338, 338, 338, 338, 338, 400, 400, 400, 444, 360, 360, 434, 339, 339, 76, 129, 401, 321, 75, 108, 119, 119, 351, 286, 286, 464, 464, 464, 464, 180, 315, 315, 315, 315, 315, 315, 315, 450, 450, 450, 43, 43, 43, 364, 276, 276, 276, 276, 182, 182, 182, 182, 182, 182, 182, 182, 182, 182, 182, 303, 59, 59, 59, 59, 132, 132, 132, 132, 132, 132, 496, 375, 98, 98, 98, 197, 197, 80, 321, 321, 7, 7, 309, 479, 479, 398, 398, 464, 139, 139, 153, 182, 182, 182, 182, 182, 182, 182, 375, 375, 387, 413, 413, 348, 10, 10, 217, 473, 398, 398, 464, 464, 464, 315, 486, 460, 460, 460, 263, 263, 78, 78, 170, 170, 392, 392, 392, 392, 392, 392, 63, 63, 63, 63, 63, 63, 63, 63, 63, 392, 392, 73, 40, 289, 320, 373, 323, 323, 323, 323, 106, 106, 153, 153, 132, 132, 182, 182, 182, 182, 182, 182, 182, 182, 274, 122, 122, 129, 129, 129, 82, 75, 310, 323, 323, 323, 115, 273, 106, 106, 387, 387, 387, 319, 348, 94, 94, 199, 199, 277, 277, 385, 143, 129, 401, 401, 354, 354, 7, 109, 109, 65, 284, 319, 240, 285, 376, 376, 240, 169, 169, 35, 14, 287, 287, 287, 460, 460, 215, 401, 32, 354, 354, 354, 354, 106, 486, 460, 460, 240, 314, 35, 77, 449, 449, 119, 351, 486, 486, 460, 460, 240, 314, 36, 75, 371, 371, 324, 464, 286, 464, 374, 132, 303, 303, 381, 98, 48, 48, 170, 244, 244, 354, 75, 100, 441, 100, 98, 98, 98, 98, 98, 17, 17, 170, 392, 392, 392, 392, 392, 392, 63, 63, 63, 63, 63, 63, 63, 63, 63, 63, 63, 63, 63, 63, 63, 63, 63, 63, 63, 63, 63, 63, 63, 63, 63, 63, 63, 63, 63, 63, 73, 73, 244, 287, 7, 287, 287, 460, 460, 460, 284, 284, 284, 293, 293, 43, 43, 276, 276, 276, 346, 182, 182, 182, 182, 497, 122, 122, 276, 197, 129, 208, 208, 32, 354, 100, 443, 171, 171, 171, 171, 252, 143, 239, 239, 239, 458, 108, 445, 213, 324, 464, 464, 219, 213, 477, 374, 132, 132, 132, 132, 132, 122, 162, 162, 232, 323, 482, 482, 482, 482, 482, 323, 18, 106, 355, 387, 153, 497, 122, 8, 401, 401, 354, 354, 354, 100, 100, 213, 213, 213, 213, 171, 171, 171, 19, 454, 17, 401, 401, 401, 244, 354, 354, 354, 196, 196, 398, 398, 340, 116, 116, 401, 32, 401, 321, 354, 219, 219, 473, 65, 65, 284, 315, 284, 284, 206, 206, 240, 35, 35, 14, 411, 411, 287, 188, 145, 182, 182, 98, 98, 13, 401, 401, 401]

